snippet_id,event_type,species_common_name,species_scientific_name,audio_event_id,audio_path,score,quality_score,diel_bin,season,duration_s,recording_id,event_start_seconds,event_end_seconds,source_manifest,verdict,notes
chestnut_rumped_thornbill_top35_1_3216012,chestnut_rumped_thornbill,Chestnut-rumped Thornbill,Acanthiza uropygialis,3216012,resources/site_257_bowra-dry-a/layer_c_retrieval_top8_species_candidates_v1/final_retrieval_library_top35_human_v1/chestnut_rumped_thornbill/items/01_audioevent_3216012/bandpass_tightcrop_3500_9500hz.wav,0.999,0.999,dawn,unknown,1.733,214796,1479.0,1482.0,resources/site_257_bowra-dry-a/layer_c_retrieval_top8_species_candidates_v1/final_retrieval_library_top35_human_v1/layer_c_retrieval_top35_event_index.csv,Pass,"human-calibrated bandpass retrieval top35; bandpass=3500-9500Hz; prefilter=Pass; no hard overlapping annotation in bandpass crop; spectral_clutter_ok coverage=0.0139, components_per_s=7.50, col_gt25=0.0000"
chestnut_rumped_thornbill_top35_2_4542144,chestnut_rumped_thornbill,Chestnut-rumped Thornbill,Acanthiza uropygialis,4542144,resources/site_257_bowra-dry-a/layer_c_retrieval_top8_species_candidates_v1/final_retrieval_library_top35_human_v1/chestnut_rumped_thornbill/items/02_audioevent_4542144/bandpass_tightcrop_3500_9500hz.wav,0.999,0.999,dawn,unknown,1.402,1535669,6990.0,6993.0,resources/site_257_bowra-dry-a/layer_c_retrieval_top8_species_candidates_v1/final_retrieval_library_top35_human_v1/layer_c_retrieval_top35_event_index.csv,Pass,"human-calibrated bandpass retrieval top35; bandpass=3500-9500Hz; prefilter=Pass; 4542145:0.549:1.40s:nan; low_score_non_target_overlap_warning=4542145:0.549:1.40s:nan; spectral_clutter_ok coverage=0.0129, components_per_s=7.13, col_gt25=0.0000"
chestnut_rumped_thornbill_top35_3_11454389,chestnut_rumped_thornbill,Chestnut-rumped Thornbill,Acanthiza uropygialis,11454389,resources/site_257_bowra-dry-a/layer_c_retrieval_top8_species_candidates_v1/final_retrieval_library_top35_human_v1/chestnut_rumped_thornbill/items/03_audioevent_11454389/bandpass_tightcrop_3500_9500hz.wav,0.9988,0.9988,dawn,unknown,1.681,1680688,5574.0,5577.0,resources/site_257_bowra-dry-a/layer_c_retrieval_top8_species_candidates_v1/final_retrieval_library_top35_human_v1/layer_c_retrieval_top35_event_index.csv,Pass,human-calibrated bandpass retrieval top35; bandpass=3500-9500Hz; prefilter=Pass; spectrogram_warning:spectral_clutter_coverage=0.0268>0.0240; dense_vertical_overlap_fraction=0.0138>0.0080
chestnut_rumped_thornbill_top35_4_4326791,chestnut_rumped_thornbill,Chestnut-rumped Thornbill,Acanthiza uropygialis,4326791,resources/site_257_bowra-dry-a/layer_c_retrieval_top8_species_candidates_v1/final_retrieval_library_top35_human_v1/chestnut_rumped_thornbill/items/04_audioevent_4326791/bandpass_tightcrop_3500_9500hz.wav,0.9978,0.9978,dawn,unknown,1.333,1401013,834.0,837.0,resources/site_257_bowra-dry-a/layer_c_retrieval_top8_species_candidates_v1/final_retrieval_library_top35_human_v1/layer_c_retrieval_top35_event_index.csv,Pass,"human-calibrated bandpass retrieval top35; bandpass=3500-9500Hz; prefilter=Pass; 4326792:0.883:0.34s:nan; target_call_overlap_warning=4326792:0.883:0.34s:nan; spectral_clutter_ok coverage=0.0091, components_per_s=2.25, col_gt25=0.0000"
chestnut_rumped_thornbill_top35_5_13181274,chestnut_rumped_thornbill,Chestnut-rumped Thornbill,Acanthiza uropygialis,13181274,resources/site_257_bowra-dry-a/layer_c_retrieval_top8_species_candidates_v1/final_retrieval_library_top35_human_v1/chestnut_rumped_thornbill/items/05_audioevent_13181274/bandpass_tightcrop_3500_9500hz.wav,0.9971,0.9971,dawn,unknown,2.163,1535782,6972.0,6975.0,resources/site_257_bowra-dry-a/layer_c_retrieval_top8_species_candidates_v1/final_retrieval_library_top35_human_v1/layer_c_retrieval_top35_event_index.csv,Pass,"human-calibrated bandpass retrieval top35; bandpass=3500-9500Hz; prefilter=Pass; no hard overlapping annotation in bandpass crop; spectral_clutter_ok coverage=0.0155, components_per_s=3.70, col_gt25=0.0000"
chestnut_rumped_thornbill_top35_6_3841133,chestnut_rumped_thornbill,Chestnut-rumped Thornbill,Acanthiza uropygialis,3841133,resources/site_257_bowra-dry-a/layer_c_retrieval_top8_species_candidates_v1/final_retrieval_library_top35_human_v1/chestnut_rumped_thornbill/items/06_audioevent_3841133/bandpass_tightcrop_3500_9500hz.wav,0.9963,0.9963,dawn,unknown,2.79,1678493,4770.0,4773.0,resources/site_257_bowra-dry-a/layer_c_retrieval_top8_species_candidates_v1/final_retrieval_library_top35_human_v1/layer_c_retrieval_top35_event_index.csv,Pass,"human-calibrated bandpass retrieval top35; bandpass=3500-9500Hz; prefilter=Pass; 3841134:0.867:2.33s:nan; target_call_overlap_warning=3841134:0.867:2.33s:nan; spectral_clutter_ok coverage=0.0099, components_per_s=5.74, col_gt25=0.0000"
chestnut_rumped_thornbill_top35_7_22738647,chestnut_rumped_thornbill,Chestnut-rumped Thornbill,Acanthiza uropygialis,22738647,resources/site_257_bowra-dry-a/layer_c_retrieval_top8_species_candidates_v1/final_retrieval_library_top35_human_v1/chestnut_rumped_thornbill/items/07_audioevent_22738647/bandpass_tightcrop_3500_9500hz.wav,0.9963,0.9963,dawn,unknown,1.756,1679264,1941.0,1944.0,resources/site_257_bowra-dry-a/layer_c_retrieval_top8_species_candidates_v1/final_retrieval_library_top35_human_v1/layer_c_retrieval_top35_event_index.csv,Pass,human-calibrated bandpass retrieval top35; bandpass=3500-9500Hz; prefilter=Pass; spectrogram_warning:spectral_clutter_coverage=0.0421>0.0240; dense_vertical_overlap_fraction=0.0165>0.0080
chestnut_rumped_thornbill_top35_8_6994708,chestnut_rumped_thornbill,Chestnut-rumped Thornbill,Acanthiza uropygialis,6994708,resources/site_257_bowra-dry-a/layer_c_retrieval_top8_species_candidates_v1/final_retrieval_library_top35_human_v1/chestnut_rumped_thornbill/items/08_audioevent_6994708/bandpass_tightcrop_3500_9500hz.wav,0.9953,0.9953,dawn,unknown,1.919,1401086,1989.0,1992.0,resources/site_257_bowra-dry-a/layer_c_retrieval_top8_species_candidates_v1/final_retrieval_library_top35_human_v1/layer_c_retrieval_top35_event_index.csv,Pass,human-calibrated bandpass retrieval top35; bandpass=3500-9500Hz; prefilter=Pass; spectrogram_warning:too_many_bright_call_marks_per_s=15.63>12.00
chestnut_rumped_thornbill_top35_9_22299985,chestnut_rumped_thornbill,Chestnut-rumped Thornbill,Acanthiza uropygialis,22299985,resources/site_257_bowra-dry-a/layer_c_retrieval_top8_species_candidates_v1/final_retrieval_library_top35_human_v1/chestnut_rumped_thornbill/items/09_audioevent_22299985/bandpass_tightcrop_3500_9500hz.wav,0.9951,0.9951,dawn,unknown,5.0,1679910,5877.0,5880.0,resources/site_257_bowra-dry-a/layer_c_retrieval_top8_species_candidates_v1/final_retrieval_library_top35_human_v1/layer_c_retrieval_top35_event_index.csv,Pass,"human-calibrated bandpass retrieval top35; bandpass=3500-9500Hz; prefilter=Pass; no hard overlapping annotation in bandpass crop; spectral_clutter_ok coverage=0.0090, components_per_s=6.80, col_gt25=0.0000"
chestnut_rumped_thornbill_top35_10_16705555,chestnut_rumped_thornbill,Chestnut-rumped Thornbill,Acanthiza uropygialis,16705555,resources/site_257_bowra-dry-a/layer_c_retrieval_top8_species_candidates_v1/final_retrieval_library_top35_human_v1/chestnut_rumped_thornbill/items/10_audioevent_16705555/bandpass_tightcrop_3500_9500hz.wav,0.9943,0.9943,dawn,unknown,5.0,1535599,1863.0,1866.0,resources/site_257_bowra-dry-a/layer_c_retrieval_top8_species_candidates_v1/final_retrieval_library_top35_human_v1/layer_c_retrieval_top35_event_index.csv,Pass,"human-calibrated bandpass retrieval top35; bandpass=3500-9500Hz; prefilter=Pass; no hard overlapping annotation in bandpass crop; spectral_clutter_ok coverage=0.0115, components_per_s=8.00, col_gt25=0.0000"
chestnut_rumped_thornbill_top35_11_16989993,chestnut_rumped_thornbill,Chestnut-rumped Thornbill,Acanthiza uropygialis,16989993,resources/site_257_bowra-dry-a/layer_c_retrieval_top8_species_candidates_v1/final_retrieval_library_top35_human_v1/chestnut_rumped_thornbill/items/11_audioevent_16989993/bandpass_tightcrop_3500_9500hz.wav,0.9924,0.9924,dawn,unknown,1.2,1535479,2361.0,2364.0,resources/site_257_bowra-dry-a/layer_c_retrieval_top8_species_candidates_v1/final_retrieval_library_top35_human_v1/layer_c_retrieval_top35_event_index.csv,Pass,"human-calibrated bandpass retrieval top35; bandpass=3500-9500Hz; prefilter=Pass; no hard overlapping annotation in bandpass crop; spectral_clutter_ok coverage=0.0093, components_per_s=2.50, col_gt25=0.0000"
chestnut_rumped_thornbill_top35_12_6385870,chestnut_rumped_thornbill,Chestnut-rumped Thornbill,Acanthiza uropygialis,6385870,resources/site_257_bowra-dry-a/layer_c_retrieval_top8_species_candidates_v1/final_retrieval_library_top35_human_v1/chestnut_rumped_thornbill/items/12_audioevent_6385870/bandpass_tightcrop_3500_9500hz.wav,0.9923,0.9923,dawn,unknown,3.248,1539248,6204.0,6207.0,resources/site_257_bowra-dry-a/layer_c_retrieval_top8_species_candidates_v1/final_retrieval_library_top35_human_v1/layer_c_retrieval_top35_event_index.csv,Pass,"human-calibrated bandpass retrieval top35; bandpass=3500-9500Hz; prefilter=Pass; no hard overlapping annotation in bandpass crop; spectral_clutter_ok coverage=0.0176, components_per_s=11.08, col_gt25=0.0000"
chestnut_rumped_thornbill_top35_13_12478948,chestnut_rumped_thornbill,Chestnut-rumped Thornbill,Acanthiza uropygialis,12478948,resources/site_257_bowra-dry-a/layer_c_retrieval_top8_species_candidates_v1/final_retrieval_library_top35_human_v1/chestnut_rumped_thornbill/items/13_audioevent_12478948/bandpass_tightcrop_3500_9500hz.wav,0.9918,0.9918,dawn,unknown,1.431,214654,7005.0,7008.0,resources/site_257_bowra-dry-a/layer_c_retrieval_top8_species_candidates_v1/final_retrieval_library_top35_human_v1/layer_c_retrieval_top35_event_index.csv,Pass,"human-calibrated bandpass retrieval top35; bandpass=3500-9500Hz; prefilter=Pass; no hard overlapping annotation in bandpass crop; spectral_clutter_ok coverage=0.0211, components_per_s=7.68, col_gt25=0.0000"
chestnut_rumped_thornbill_top35_14_16658912,chestnut_rumped_thornbill,Chestnut-rumped Thornbill,Acanthiza uropygialis,16658912,resources/site_257_bowra-dry-a/layer_c_retrieval_top8_species_candidates_v1/final_retrieval_library_top35_human_v1/chestnut_rumped_thornbill/items/14_audioevent_16658912/bandpass_tightcrop_3500_9500hz.wav,0.9916,0.9916,dawn,unknown,5.0,1539751,6921.0,6924.0,resources/site_257_bowra-dry-a/layer_c_retrieval_top8_species_candidates_v1/final_retrieval_library_top35_human_v1/layer_c_retrieval_top35_event_index.csv,Pass,"human-calibrated bandpass retrieval top35; bandpass=3500-9500Hz; prefilter=Pass; no hard overlapping annotation in bandpass crop; spectral_clutter_ok coverage=0.0126, components_per_s=8.40, col_gt25=0.0000"
chestnut_rumped_thornbill_top35_15_18219588,chestnut_rumped_thornbill,Chestnut-rumped Thornbill,Acanthiza uropygialis,18219588,resources/site_257_bowra-dry-a/layer_c_retrieval_top8_species_candidates_v1/final_retrieval_library_top35_human_v1/chestnut_rumped_thornbill/items/15_audioevent_18219588/bandpass_tightcrop_3500_9500hz.wav,0.9908,0.9908,dawn,unknown,1.402,1679765,1071.0,1074.0,resources/site_257_bowra-dry-a/layer_c_retrieval_top8_species_candidates_v1/final_retrieval_library_top35_human_v1/layer_c_retrieval_top35_event_index.csv,Pass,human-calibrated bandpass retrieval top35; bandpass=3500-9500Hz; prefilter=Pass; spectrogram_warning:spectral_clutter_coverage=0.0272>0.0240
chestnut_rumped_thornbill_top35_16_16421839,chestnut_rumped_thornbill,Chestnut-rumped Thornbill,Acanthiza uropygialis,16421839,resources/site_257_bowra-dry-a/layer_c_retrieval_top8_species_candidates_v1/final_retrieval_library_top35_human_v1/chestnut_rumped_thornbill/items/16_audioevent_16421839/bandpass_tightcrop_3500_9500hz.wav,0.9897,0.9897,dawn,unknown,1.443,1400770,2415.0,2418.0,resources/site_257_bowra-dry-a/layer_c_retrieval_top8_species_candidates_v1/final_retrieval_library_top35_human_v1/layer_c_retrieval_top35_event_index.csv,Pass,"human-calibrated bandpass retrieval top35; bandpass=3500-9500Hz; prefilter=Pass; no hard overlapping annotation in bandpass crop; spectral_clutter_ok coverage=0.0178, components_per_s=2.77, col_gt25=0.0000"
chestnut_rumped_thornbill_top35_17_19855098,chestnut_rumped_thornbill,Chestnut-rumped Thornbill,Acanthiza uropygialis,19855098,resources/site_257_bowra-dry-a/layer_c_retrieval_top8_species_candidates_v1/final_retrieval_library_top35_human_v1/chestnut_rumped_thornbill/items/17_audioevent_19855098/bandpass_tightcrop_3500_9500hz.wav,0.9895,0.9895,dawn,unknown,4.258,216330,6153.0,6156.0,resources/site_257_bowra-dry-a/layer_c_retrieval_top8_species_candidates_v1/final_retrieval_library_top35_human_v1/layer_c_retrieval_top35_event_index.csv,Pass,"human-calibrated bandpass retrieval top35; bandpass=3500-9500Hz; prefilter=Pass; no hard overlapping annotation in bandpass crop; spectral_clutter_ok coverage=0.0118, components_per_s=7.04, col_gt25=0.0000"
chestnut_rumped_thornbill_top35_18_14613025,chestnut_rumped_thornbill,Chestnut-rumped Thornbill,Acanthiza uropygialis,14613025,resources/site_257_bowra-dry-a/layer_c_retrieval_top8_species_candidates_v1/final_retrieval_library_top35_human_v1/chestnut_rumped_thornbill/items/18_audioevent_14613025/bandpass_tightcrop_3500_9500hz.wav,0.9886,0.9886,dawn,unknown,1.495,1668620,6834.0,6837.0,resources/site_257_bowra-dry-a/layer_c_retrieval_top8_species_candidates_v1/final_retrieval_library_top35_human_v1/layer_c_retrieval_top35_event_index.csv,Pass,"human-calibrated bandpass retrieval top35; bandpass=3500-9500Hz; prefilter=Pass; no hard overlapping annotation in bandpass crop; spectral_clutter_ok coverage=0.0143, components_per_s=7.36, col_gt25=0.0000"
chestnut_rumped_thornbill_top35_19_592654,chestnut_rumped_thornbill,Chestnut-rumped Thornbill,Acanthiza uropygialis,592654,resources/site_257_bowra-dry-a/layer_c_retrieval_top8_species_candidates_v1/final_retrieval_library_top35_human_v1/chestnut_rumped_thornbill/items/19_audioevent_592654/bandpass_tightcrop_3500_9500hz.wav,0.9881,0.9881,dawn,unknown,5.0,1678301,486.0,489.0,resources/site_257_bowra-dry-a/layer_c_retrieval_top8_species_candidates_v1/final_retrieval_library_top35_human_v1/layer_c_retrieval_top35_event_index.csv,Pass,"human-calibrated bandpass retrieval top35; bandpass=3500-9500Hz; prefilter=Pass; no hard overlapping annotation in bandpass crop; spectral_clutter_ok coverage=0.0105, components_per_s=6.20, col_gt25=0.0046"
chestnut_rumped_thornbill_top35_20_17473843,chestnut_rumped_thornbill,Chestnut-rumped Thornbill,Acanthiza uropygialis,17473843,resources/site_257_bowra-dry-a/layer_c_retrieval_top8_species_candidates_v1/final_retrieval_library_top35_human_v1/chestnut_rumped_thornbill/items/20_audioevent_17473843/bandpass_tightcrop_3500_9500hz.wav,0.9875,0.9875,dawn,unknown,5.0,215068,6894.0,6897.0,resources/site_257_bowra-dry-a/layer_c_retrieval_top8_species_candidates_v1/final_retrieval_library_top35_human_v1/layer_c_retrieval_top35_event_index.csv,Pass,human-calibrated bandpass retrieval top35; bandpass=3500-9500Hz; prefilter=Pass; spectrogram_warning:too_many_bright_call_marks_per_s=23.60>12.00
chestnut_rumped_thornbill_top35_21_15431457,chestnut_rumped_thornbill,Chestnut-rumped Thornbill,Acanthiza uropygialis,15431457,resources/site_257_bowra-dry-a/layer_c_retrieval_top8_species_candidates_v1/final_retrieval_library_top35_human_v1/chestnut_rumped_thornbill/items/21_audioevent_15431457/bandpass_tightcrop_3500_9500hz.wav,0.9873,0.9873,dawn,unknown,2.987,1402246,6765.0,6768.0,resources/site_257_bowra-dry-a/layer_c_retrieval_top8_species_candidates_v1/final_retrieval_library_top35_human_v1/layer_c_retrieval_top35_event_index.csv,Pass,human-calibrated bandpass retrieval top35; bandpass=3500-9500Hz; prefilter=Pass; spectrogram_warning:too_many_bright_call_marks_per_s=15.73>12.00
chestnut_rumped_thornbill_top35_22_24016543,chestnut_rumped_thornbill,Chestnut-rumped Thornbill,Acanthiza uropygialis,24016543,resources/site_257_bowra-dry-a/layer_c_retrieval_top8_species_candidates_v1/final_retrieval_library_top35_human_v1/chestnut_rumped_thornbill/items/22_audioevent_24016543/bandpass_tightcrop_3500_9500hz.wav,0.9872,0.9872,dawn,unknown,5.0,214857,4437.0,4440.0,resources/site_257_bowra-dry-a/layer_c_retrieval_top8_species_candidates_v1/final_retrieval_library_top35_human_v1/layer_c_retrieval_top35_event_index.csv,Pass,"human-calibrated bandpass retrieval top35; bandpass=3500-9500Hz; prefilter=Pass; 24016542:0.955:0.76s:nan; target_call_overlap_warning=24016542:0.955:0.76s:nan; spectral_clutter_ok coverage=0.0107, components_per_s=11.00, col_gt25=0.0000"
chestnut_rumped_thornbill_top35_23_7914488,chestnut_rumped_thornbill,Chestnut-rumped Thornbill,Acanthiza uropygialis,7914488,resources/site_257_bowra-dry-a/layer_c_retrieval_top8_species_candidates_v1/final_retrieval_library_top35_human_v1/chestnut_rumped_thornbill/items/23_audioevent_7914488/bandpass_tightcrop_3500_9500hz.wav,0.9871,0.9871,dawn,unknown,5.0,215200,7029.0,7032.0,resources/site_257_bowra-dry-a/layer_c_retrieval_top8_species_candidates_v1/final_retrieval_library_top35_human_v1/layer_c_retrieval_top35_event_index.csv,Pass,"human-calibrated bandpass retrieval top35; bandpass=3500-9500Hz; prefilter=Pass; no hard overlapping annotation in bandpass crop; spectral_clutter_ok coverage=0.0066, components_per_s=9.00, col_gt25=0.0000"
chestnut_rumped_thornbill_top35_24_23939618,chestnut_rumped_thornbill,Chestnut-rumped Thornbill,Acanthiza uropygialis,23939618,resources/site_257_bowra-dry-a/layer_c_retrieval_top8_species_candidates_v1/final_retrieval_library_top35_human_v1/chestnut_rumped_thornbill/items/24_audioevent_23939618/bandpass_tightcrop_3500_9500hz.wav,0.9866,0.9866,dawn,unknown,5.0,5455,4602.0,4605.0,resources/site_257_bowra-dry-a/layer_c_retrieval_top8_species_candidates_v1/final_retrieval_library_top35_human_v1/layer_c_retrieval_top35_event_index.csv,Pass,"human-calibrated bandpass retrieval top35; bandpass=3500-9500Hz; prefilter=Pass; no hard overlapping annotation in bandpass crop; spectral_clutter_ok coverage=0.0123, components_per_s=7.60, col_gt25=0.0000"
chestnut_rumped_thornbill_top35_25_15171439,chestnut_rumped_thornbill,Chestnut-rumped Thornbill,Acanthiza uropygialis,15171439,resources/site_257_bowra-dry-a/layer_c_retrieval_top8_species_candidates_v1/final_retrieval_library_top35_human_v1/chestnut_rumped_thornbill/items/25_audioevent_15171439/bandpass_tightcrop_3500_9500hz.wav,0.9856,0.9856,dawn,unknown,5.0,1400650,4773.0,4776.0,resources/site_257_bowra-dry-a/layer_c_retrieval_top8_species_candidates_v1/final_retrieval_library_top35_human_v1/layer_c_retrieval_top35_event_index.csv,Pass,"human-calibrated bandpass retrieval top35; bandpass=3500-9500Hz; prefilter=Pass; no hard overlapping annotation in bandpass crop; spectral_clutter_ok coverage=0.0088, components_per_s=4.60, col_gt25=0.0012"
chestnut_rumped_thornbill_top35_26_15591724,chestnut_rumped_thornbill,Chestnut-rumped Thornbill,Acanthiza uropygialis,15591724,resources/site_257_bowra-dry-a/layer_c_retrieval_top8_species_candidates_v1/final_retrieval_library_top35_human_v1/chestnut_rumped_thornbill/items/26_audioevent_15591724/bandpass_tightcrop_3500_9500hz.wav,0.9855,0.9855,dawn,unknown,1.2,1401877,843.0,846.0,resources/site_257_bowra-dry-a/layer_c_retrieval_top8_species_candidates_v1/final_retrieval_library_top35_human_v1/layer_c_retrieval_top35_event_index.csv,Pass,"human-calibrated bandpass retrieval top35; bandpass=3500-9500Hz; prefilter=Pass; no hard overlapping annotation in bandpass crop; spectral_clutter_ok coverage=0.0089, components_per_s=0.83, col_gt25=0.0000"
chestnut_rumped_thornbill_top35_27_23534053,chestnut_rumped_thornbill,Chestnut-rumped Thornbill,Acanthiza uropygialis,23534053,resources/site_257_bowra-dry-a/layer_c_retrieval_top8_species_candidates_v1/final_retrieval_library_top35_human_v1/chestnut_rumped_thornbill/items/27_audioevent_23534053/bandpass_tightcrop_3500_9500hz.wav,0.9852,0.9852,dawn,unknown,5.0,1671719,4356.0,4359.0,resources/site_257_bowra-dry-a/layer_c_retrieval_top8_species_candidates_v1/final_retrieval_library_top35_human_v1/layer_c_retrieval_top35_event_index.csv,Pass,human-calibrated bandpass retrieval top35; bandpass=3500-9500Hz; prefilter=Pass; spectrogram_warning:spectral_clutter_coverage=0.0350>0.0240; too_many_bright_call_marks_per_s=35.60>12.00
chestnut_rumped_thornbill_top35_28_7603947,chestnut_rumped_thornbill,Chestnut-rumped Thornbill,Acanthiza uropygialis,7603947,resources/site_257_bowra-dry-a/layer_c_retrieval_top8_species_candidates_v1/final_retrieval_library_top35_human_v1/chestnut_rumped_thornbill/items/28_audioevent_7603947/bandpass_tightcrop_3500_9500hz.wav,0.9841,0.9841,dawn,unknown,5.0,1670662,6.0,9.0,resources/site_257_bowra-dry-a/layer_c_retrieval_top8_species_candidates_v1/final_retrieval_library_top35_human_v1/layer_c_retrieval_top35_event_index.csv,Pass,"human-calibrated bandpass retrieval top35; bandpass=3500-9500Hz; prefilter=Pass; no hard overlapping annotation in bandpass crop; spectral_clutter_ok coverage=0.0074, components_per_s=3.00, col_gt25=0.0000"
chestnut_rumped_thornbill_top35_29_10555623,chestnut_rumped_thornbill,Chestnut-rumped Thornbill,Acanthiza uropygialis,10555623,resources/site_257_bowra-dry-a/layer_c_retrieval_top8_species_candidates_v1/final_retrieval_library_top35_human_v1/chestnut_rumped_thornbill/items/29_audioevent_10555623/bandpass_tightcrop_3500_9500hz.wav,0.9841,0.9841,dawn,unknown,1.577,1678448,5211.0,5214.0,resources/site_257_bowra-dry-a/layer_c_retrieval_top8_species_candidates_v1/final_retrieval_library_top35_human_v1/layer_c_retrieval_top35_event_index.csv,Pass,human-calibrated bandpass retrieval top35; bandpass=3500-9500Hz; prefilter=Pass; spectrogram_warning:spectral_clutter_coverage=0.0254>0.0240
chestnut_rumped_thornbill_top35_30_10094483,chestnut_rumped_thornbill,Chestnut-rumped Thornbill,Acanthiza uropygialis,10094483,resources/site_257_bowra-dry-a/layer_c_retrieval_top8_species_candidates_v1/final_retrieval_library_top35_human_v1/chestnut_rumped_thornbill/items/30_audioevent_10094483/bandpass_tightcrop_3500_9500hz.wav,0.9831,0.9831,dawn,unknown,1.449,1678407,6774.0,6777.0,resources/site_257_bowra-dry-a/layer_c_retrieval_top8_species_candidates_v1/final_retrieval_library_top35_human_v1/layer_c_retrieval_top35_event_index.csv,Pass,human-calibrated bandpass retrieval top35; bandpass=3500-9500Hz; prefilter=Pass; spectrogram_warning:spectral_clutter_coverage=0.0259>0.0240
chestnut_rumped_thornbill_top35_31_20715889,chestnut_rumped_thornbill,Chestnut-rumped Thornbill,Acanthiza uropygialis,20715889,resources/site_257_bowra-dry-a/layer_c_retrieval_top8_species_candidates_v1/final_retrieval_library_top35_human_v1/chestnut_rumped_thornbill/items/31_audioevent_20715889/bandpass_tightcrop_3500_9500hz.wav,0.9826,0.9826,dawn,unknown,2.482,1677354,5601.0,5604.0,resources/site_257_bowra-dry-a/layer_c_retrieval_top8_species_candidates_v1/final_retrieval_library_top35_human_v1/layer_c_retrieval_top35_event_index.csv,Pass,human-calibrated bandpass retrieval top35; bandpass=3500-9500Hz; prefilter=Pass; spectrogram_warning:too_many_bright_call_marks_per_s=15.31>12.00
chestnut_rumped_thornbill_top35_32_14932974,chestnut_rumped_thornbill,Chestnut-rumped Thornbill,Acanthiza uropygialis,14932974,resources/site_257_bowra-dry-a/layer_c_retrieval_top8_species_candidates_v1/final_retrieval_library_top35_human_v1/chestnut_rumped_thornbill/items/32_audioevent_14932974/bandpass_tightcrop_3500_9500hz.wav,0.9819,0.9819,dawn,unknown,5.0,1676845,5343.0,5346.0,resources/site_257_bowra-dry-a/layer_c_retrieval_top8_species_candidates_v1/final_retrieval_library_top35_human_v1/layer_c_retrieval_top35_event_index.csv,Pass,human-calibrated bandpass retrieval top35; bandpass=3500-9500Hz; prefilter=Pass; spectrogram_warning:spectral_clutter_coverage=0.0329>0.0240; too_many_bright_call_marks_per_s=32.80>12.00
chestnut_rumped_thornbill_top35_33_3485932,chestnut_rumped_thornbill,Chestnut-rumped Thornbill,Acanthiza uropygialis,3485932,resources/site_257_bowra-dry-a/layer_c_retrieval_top8_species_candidates_v1/final_retrieval_library_top35_human_v1/chestnut_rumped_thornbill/items/33_audioevent_3485932/bandpass_tightcrop_3500_9500hz.wav,0.9817,0.9817,dawn,unknown,2.308,1676668,4722.0,4728.0,resources/site_257_bowra-dry-a/layer_c_retrieval_top8_species_candidates_v1/final_retrieval_library_top35_human_v1/layer_c_retrieval_top35_event_index.csv,Pass,human-calibrated bandpass retrieval top35; bandpass=3500-9500Hz; prefilter=Pass; spectrogram_warning:spectral_clutter_coverage=0.0280>0.0240; too_many_bright_call_marks_per_s=15.17>12.00; dense_vertical_overlap_fraction=0.0101>0.0080
chestnut_rumped_thornbill_top35_34_16639962,chestnut_rumped_thornbill,Chestnut-rumped Thornbill,Acanthiza uropygialis,16639962,resources/site_257_bowra-dry-a/layer_c_retrieval_top8_species_candidates_v1/final_retrieval_library_top35_human_v1/chestnut_rumped_thornbill/items/34_audioevent_16639962/bandpass_tightcrop_3500_9500hz.wav,0.9806,0.9806,dawn,unknown,5.0,1668876,4416.0,4419.0,resources/site_257_bowra-dry-a/layer_c_retrieval_top8_species_candidates_v1/final_retrieval_library_top35_human_v1/layer_c_retrieval_top35_event_index.csv,Pass,human-calibrated bandpass retrieval top35; bandpass=3500-9500Hz; prefilter=Pass; spectrogram_warning:spectral_clutter_coverage=0.0971>0.0240; too_many_bright_call_marks_per_s=325.20>12.00; dense_vertical_overlap_fraction=0.0104>0.0080
chestnut_rumped_thornbill_top35_35_16859955,chestnut_rumped_thornbill,Chestnut-rumped Thornbill,Acanthiza uropygialis,16859955,resources/site_257_bowra-dry-a/layer_c_retrieval_top8_species_candidates_v1/final_retrieval_library_top35_human_v1/chestnut_rumped_thornbill/items/35_audioevent_16859955/bandpass_tightcrop_3500_9500hz.wav,0.9801,0.9801,dawn,unknown,5.0,1669023,2307.0,2310.0,resources/site_257_bowra-dry-a/layer_c_retrieval_top8_species_candidates_v1/final_retrieval_library_top35_human_v1/layer_c_retrieval_top35_event_index.csv,Pass,human-calibrated bandpass retrieval top35; bandpass=3500-9500Hz; prefilter=Pass; spectrogram_warning:spectral_clutter_coverage=0.0249>0.0240; too_many_bright_call_marks_per_s=34.80>12.00
crested_bellbird_top35_1_18696597,crested_bellbird,Crested Bellbird,Oreoica gutturalis,18696597,resources/site_257_bowra-dry-a/layer_c_retrieval_top8_species_candidates_v1/final_retrieval_library_top35_human_v1/crested_bellbird/items/01_audioevent_18696597/bandpass_tightcrop_700_4000hz.wav,0.9997,0.9997,dawn,unknown,1.892,1539219,5937.0,5940.0,resources/site_257_bowra-dry-a/layer_c_retrieval_top8_species_candidates_v1/final_retrieval_library_top35_human_v1/layer_c_retrieval_top35_event_index.csv,Pass,"human-calibrated bandpass retrieval top35; bandpass=700-4000Hz; prefilter=Pass; no hard overlapping annotation in bandpass crop; spectral_clutter_ok coverage=0.0043, components_per_s=4.23, col_gt25=0.0000"
crested_bellbird_top35_2_10094318,crested_bellbird,Crested Bellbird,Oreoica gutturalis,10094318,resources/site_257_bowra-dry-a/layer_c_retrieval_top8_species_candidates_v1/final_retrieval_library_top35_human_v1/crested_bellbird/items/02_audioevent_10094318/bandpass_tightcrop_700_4000hz.wav,0.9992,0.9992,dawn,unknown,5.0,1678407,2868.0,2871.0,resources/site_257_bowra-dry-a/layer_c_retrieval_top8_species_candidates_v1/final_retrieval_library_top35_human_v1/layer_c_retrieval_top35_event_index.csv,Pass,"human-calibrated bandpass retrieval top35; bandpass=700-4000Hz; prefilter=Pass; no hard overlapping annotation in bandpass crop; spectral_clutter_ok coverage=0.0123, components_per_s=10.00, col_gt25=0.0035"
crested_bellbird_top35_3_15075236,crested_bellbird,Crested Bellbird,Oreoica gutturalis,15075236,resources/site_257_bowra-dry-a/layer_c_retrieval_top8_species_candidates_v1/final_retrieval_library_top35_human_v1/crested_bellbird/items/03_audioevent_15075236/bandpass_tightcrop_700_4000hz.wav,0.9984,0.9984,dawn,unknown,5.0,445722,4947.0,4950.0,resources/site_257_bowra-dry-a/layer_c_retrieval_top8_species_candidates_v1/final_retrieval_library_top35_human_v1/layer_c_retrieval_top35_event_index.csv,Pass,human-calibrated bandpass retrieval top35; bandpass=700-4000Hz; prefilter=Pass; spectrogram_warning:spectral_clutter_coverage=0.0601>0.0500; too_many_bright_call_marks_per_s=76.80>10.00
crested_bellbird_top35_4_17065041,crested_bellbird,Crested Bellbird,Oreoica gutturalis,17065041,resources/site_257_bowra-dry-a/layer_c_retrieval_top8_species_candidates_v1/final_retrieval_library_top35_human_v1/crested_bellbird/items/04_audioevent_17065041/bandpass_tightcrop_700_4000hz.wav,0.9982,0.9982,dawn,unknown,5.0,1539493,5109.0,5112.0,resources/site_257_bowra-dry-a/layer_c_retrieval_top8_species_candidates_v1/final_retrieval_library_top35_human_v1/layer_c_retrieval_top35_event_index.csv,Pass,"human-calibrated bandpass retrieval top35; bandpass=700-4000Hz; prefilter=Pass; no hard overlapping annotation in bandpass crop; spectral_clutter_ok coverage=0.0072, components_per_s=5.00, col_gt25=0.0000"
crested_bellbird_top35_5_6711280,crested_bellbird,Crested Bellbird,Oreoica gutturalis,6711280,resources/site_257_bowra-dry-a/layer_c_retrieval_top8_species_candidates_v1/final_retrieval_library_top35_human_v1/crested_bellbird/items/05_audioevent_6711280/bandpass_tightcrop_700_4000hz.wav,0.9979,0.9979,dawn,unknown,5.0,1679990,3765.0,3768.0,resources/site_257_bowra-dry-a/layer_c_retrieval_top8_species_candidates_v1/final_retrieval_library_top35_human_v1/layer_c_retrieval_top35_event_index.csv,Pass,"human-calibrated bandpass retrieval top35; bandpass=700-4000Hz; prefilter=Pass; no hard overlapping annotation in bandpass crop; spectral_clutter_ok coverage=0.0038, components_per_s=3.40, col_gt25=0.0000"
crested_bellbird_top35_6_10535459,crested_bellbird,Crested Bellbird,Oreoica gutturalis,10535459,resources/site_257_bowra-dry-a/layer_c_retrieval_top8_species_candidates_v1/final_retrieval_library_top35_human_v1/crested_bellbird/items/06_audioevent_10535459/bandpass_tightcrop_700_4000hz.wav,0.9978,0.9978,dawn,unknown,5.0,1535308,30.0,33.0,resources/site_257_bowra-dry-a/layer_c_retrieval_top8_species_candidates_v1/final_retrieval_library_top35_human_v1/layer_c_retrieval_top35_event_index.csv,Pass,human-calibrated bandpass retrieval top35; bandpass=700-4000Hz; prefilter=Pass; spectrogram_warning:too_many_bright_call_marks_per_s=112.00>10.00
crested_bellbird_top35_7_12478794,crested_bellbird,Crested Bellbird,Oreoica gutturalis,12478794,resources/site_257_bowra-dry-a/layer_c_retrieval_top8_species_candidates_v1/final_retrieval_library_top35_human_v1/crested_bellbird/items/07_audioevent_12478794/bandpass_tightcrop_700_4000hz.wav,0.9978,0.9978,dawn,unknown,5.0,214654,1284.0,1287.0,resources/site_257_bowra-dry-a/layer_c_retrieval_top8_species_candidates_v1/final_retrieval_library_top35_human_v1/layer_c_retrieval_top35_event_index.csv,Pass,human-calibrated bandpass retrieval top35; bandpass=700-4000Hz; prefilter=Pass; spectrogram_warning:spectral_clutter_coverage=0.1113>0.0500; too_many_bright_call_marks_per_s=303.00>10.00; dense_vertical_overlap_fraction=0.0615>0.0400
crested_bellbird_top35_8_16859978,crested_bellbird,Crested Bellbird,Oreoica gutturalis,16859978,resources/site_257_bowra-dry-a/layer_c_retrieval_top8_species_candidates_v1/final_retrieval_library_top35_human_v1/crested_bellbird/items/08_audioevent_16859978/bandpass_tightcrop_700_4000hz.wav,0.9976,0.9976,dawn,unknown,5.0,1669023,3309.0,3312.0,resources/site_257_bowra-dry-a/layer_c_retrieval_top8_species_candidates_v1/final_retrieval_library_top35_human_v1/layer_c_retrieval_top35_event_index.csv,Pass,"human-calibrated bandpass retrieval top35; bandpass=700-4000Hz; prefilter=Pass; no hard overlapping annotation in bandpass crop; spectral_clutter_ok coverage=0.0046, components_per_s=3.40, col_gt25=0.0000"
crested_bellbird_top35_9_22399113,crested_bellbird,Crested Bellbird,Oreoica gutturalis,22399113,resources/site_257_bowra-dry-a/layer_c_retrieval_top8_species_candidates_v1/final_retrieval_library_top35_human_v1/crested_bellbird/items/09_audioevent_22399113/bandpass_tightcrop_700_4000hz.wav,0.9973,0.9973,dawn,unknown,5.0,1536874,2037.0,2046.0,resources/site_257_bowra-dry-a/layer_c_retrieval_top8_species_candidates_v1/final_retrieval_library_top35_human_v1/layer_c_retrieval_top35_event_index.csv,Pass,human-calibrated bandpass retrieval top35; bandpass=700-4000Hz; prefilter=Pass; spectrogram_warning:too_many_bright_call_marks_per_s=11.40>10.00
crested_bellbird_top35_10_7166234,crested_bellbird,Crested Bellbird,Oreoica gutturalis,7166234,resources/site_257_bowra-dry-a/layer_c_retrieval_top8_species_candidates_v1/final_retrieval_library_top35_human_v1/crested_bellbird/items/10_audioevent_7166234/bandpass_tightcrop_700_4000hz.wav,0.9969,0.9969,dawn,unknown,5.0,1678780,6186.0,6189.0,resources/site_257_bowra-dry-a/layer_c_retrieval_top8_species_candidates_v1/final_retrieval_library_top35_human_v1/layer_c_retrieval_top35_event_index.csv,Pass,"human-calibrated bandpass retrieval top35; bandpass=700-4000Hz; prefilter=Pass; no hard overlapping annotation in bandpass crop; spectral_clutter_ok coverage=0.0081, components_per_s=6.20, col_gt25=0.0000"
crested_bellbird_top35_11_13360078,crested_bellbird,Crested Bellbird,Oreoica gutturalis,13360078,resources/site_257_bowra-dry-a/layer_c_retrieval_top8_species_candidates_v1/final_retrieval_library_top35_human_v1/crested_bellbird/items/11_audioevent_13360078/bandpass_tightcrop_700_4000hz.wav,0.9969,0.9969,dawn,unknown,5.0,1313384,2859.0,2862.0,resources/site_257_bowra-dry-a/layer_c_retrieval_top8_species_candidates_v1/final_retrieval_library_top35_human_v1/layer_c_retrieval_top35_event_index.csv,Pass,"human-calibrated bandpass retrieval top35; bandpass=700-4000Hz; prefilter=Pass; no hard overlapping annotation in bandpass crop; spectral_clutter_ok coverage=0.0057, components_per_s=5.20, col_gt25=0.0000"
crested_bellbird_top35_12_7421263,crested_bellbird,Crested Bellbird,Oreoica gutturalis,7421263,resources/site_257_bowra-dry-a/layer_c_retrieval_top8_species_candidates_v1/final_retrieval_library_top35_human_v1/crested_bellbird/items/12_audioevent_7421263/bandpass_tightcrop_700_4000hz.wav,0.9967,0.9967,dawn,unknown,5.0,1400754,2367.0,2370.0,resources/site_257_bowra-dry-a/layer_c_retrieval_top8_species_candidates_v1/final_retrieval_library_top35_human_v1/layer_c_retrieval_top35_event_index.csv,Pass,human-calibrated bandpass retrieval top35; bandpass=700-4000Hz; prefilter=Pass; spectrogram_warning:too_many_bright_call_marks_per_s=12.40>10.00
crested_bellbird_top35_13_11454339,crested_bellbird,Crested Bellbird,Oreoica gutturalis,11454339,resources/site_257_bowra-dry-a/layer_c_retrieval_top8_species_candidates_v1/final_retrieval_library_top35_human_v1/crested_bellbird/items/13_audioevent_11454339/bandpass_tightcrop_700_4000hz.wav,0.9966,0.9966,dawn,unknown,5.0,1680688,4632.0,4635.0,resources/site_257_bowra-dry-a/layer_c_retrieval_top8_species_candidates_v1/final_retrieval_library_top35_human_v1/layer_c_retrieval_top35_event_index.csv,Pass,human-calibrated bandpass retrieval top35; bandpass=700-4000Hz; prefilter=Pass; spectrogram_warning:spectral_clutter_coverage=0.0864>0.0500; too_many_bright_call_marks_per_s=255.60>10.00
crested_bellbird_top35_14_15733287,crested_bellbird,Crested Bellbird,Oreoica gutturalis,15733287,resources/site_257_bowra-dry-a/layer_c_retrieval_top8_species_candidates_v1/final_retrieval_library_top35_human_v1/crested_bellbird/items/14_audioevent_15733287/bandpass_tightcrop_700_4000hz.wav,0.9965,0.9965,dawn,unknown,5.0,1400756,3192.0,3195.0,resources/site_257_bowra-dry-a/layer_c_retrieval_top8_species_candidates_v1/final_retrieval_library_top35_human_v1/layer_c_retrieval_top35_event_index.csv,Pass,human-calibrated bandpass retrieval top35; bandpass=700-4000Hz; prefilter=Pass; spectrogram_warning:too_many_bright_call_marks_per_s=34.20>10.00
crested_bellbird_top35_15_16008378,crested_bellbird,Crested Bellbird,Oreoica gutturalis,16008378,resources/site_257_bowra-dry-a/layer_c_retrieval_top8_species_candidates_v1/final_retrieval_library_top35_human_v1/crested_bellbird/items/15_audioevent_16008378/bandpass_tightcrop_700_4000hz.wav,0.9965,0.9965,dawn,unknown,5.0,1681114,456.0,459.0,resources/site_257_bowra-dry-a/layer_c_retrieval_top8_species_candidates_v1/final_retrieval_library_top35_human_v1/layer_c_retrieval_top35_event_index.csv,Pass,human-calibrated bandpass retrieval top35; bandpass=700-4000Hz; prefilter=Pass; spectrogram_warning:too_many_bright_call_marks_per_s=26.80>10.00
crested_bellbird_top35_16_12359595,crested_bellbird,Crested Bellbird,Oreoica gutturalis,12359595,resources/site_257_bowra-dry-a/layer_c_retrieval_top8_species_candidates_v1/final_retrieval_library_top35_human_v1/crested_bellbird/items/16_audioevent_12359595/bandpass_tightcrop_700_4000hz.wav,0.9963,0.9963,dawn,unknown,5.0,1535975,1488.0,1491.0,resources/site_257_bowra-dry-a/layer_c_retrieval_top8_species_candidates_v1/final_retrieval_library_top35_human_v1/layer_c_retrieval_top35_event_index.csv,Pass,human-calibrated bandpass retrieval top35; bandpass=700-4000Hz; prefilter=Pass; spectrogram_warning:spectral_clutter_coverage=0.0931>0.0500; too_many_bright_call_marks_per_s=106.40>10.00; dense_vertical_overlap_fraction=0.1172>0.0400
crested_bellbird_top35_17_19854896,crested_bellbird,Crested Bellbird,Oreoica gutturalis,19854896,resources/site_257_bowra-dry-a/layer_c_retrieval_top8_species_candidates_v1/final_retrieval_library_top35_human_v1/crested_bellbird/items/17_audioevent_19854896/bandpass_tightcrop_700_4000hz.wav,0.9963,0.9963,dawn,unknown,5.0,216330,639.0,642.0,resources/site_257_bowra-dry-a/layer_c_retrieval_top8_species_candidates_v1/final_retrieval_library_top35_human_v1/layer_c_retrieval_top35_event_index.csv,Pass,human-calibrated bandpass retrieval top35; bandpass=700-4000Hz; prefilter=Pass; spectrogram_warning:too_many_bright_call_marks_per_s=23.20>10.00
crested_bellbird_top35_18_6112918,crested_bellbird,Crested Bellbird,Oreoica gutturalis,6112918,resources/site_257_bowra-dry-a/layer_c_retrieval_top8_species_candidates_v1/final_retrieval_library_top35_human_v1/crested_bellbird/items/18_audioevent_6112918/bandpass_tightcrop_700_4000hz.wav,0.9961,0.9961,dawn,unknown,5.0,1682148,498.0,501.0,resources/site_257_bowra-dry-a/layer_c_retrieval_top8_species_candidates_v1/final_retrieval_library_top35_human_v1/layer_c_retrieval_top35_event_index.csv,Pass,human-calibrated bandpass retrieval top35; bandpass=700-4000Hz; prefilter=Pass; spectrogram_warning:too_many_bright_call_marks_per_s=38.20>10.00
crested_bellbird_top35_19_16502154,crested_bellbird,Crested Bellbird,Oreoica gutturalis,16502154,resources/site_257_bowra-dry-a/layer_c_retrieval_top8_species_candidates_v1/final_retrieval_library_top35_human_v1/crested_bellbird/items/19_audioevent_16502154/bandpass_tightcrop_700_4000hz.wav,0.9958,0.9958,dawn,unknown,5.0,1680133,1410.0,1413.0,resources/site_257_bowra-dry-a/layer_c_retrieval_top8_species_candidates_v1/final_retrieval_library_top35_human_v1/layer_c_retrieval_top35_event_index.csv,Pass,"human-calibrated bandpass retrieval top35; bandpass=700-4000Hz; prefilter=Pass; no hard overlapping annotation in bandpass crop; spectral_clutter_ok coverage=0.0104, components_per_s=7.20, col_gt25=0.0000"
crested_bellbird_top35_20_7247727,crested_bellbird,Crested Bellbird,Oreoica gutturalis,7247727,resources/site_257_bowra-dry-a/layer_c_retrieval_top8_species_candidates_v1/final_retrieval_library_top35_human_v1/crested_bellbird/items/20_audioevent_7247727/bandpass_tightcrop_700_4000hz.wav,0.9957,0.9957,dawn,unknown,5.0,5321,4476.0,4479.0,resources/site_257_bowra-dry-a/layer_c_retrieval_top8_species_candidates_v1/final_retrieval_library_top35_human_v1/layer_c_retrieval_top35_event_index.csv,Pass,human-calibrated bandpass retrieval top35; bandpass=700-4000Hz; prefilter=Pass; spectrogram_warning:spectral_clutter_coverage=0.1958>0.0500; too_many_bright_call_marks_per_s=332.60>10.00; dense_vertical_overlap_fraction=0.1601>0.0400
crested_bellbird_top35_21_12520433,crested_bellbird,Crested Bellbird,Oreoica gutturalis,12520433,resources/site_257_bowra-dry-a/layer_c_retrieval_top8_species_candidates_v1/final_retrieval_library_top35_human_v1/crested_bellbird/items/21_audioevent_12520433/bandpass_tightcrop_700_4000hz.wav,0.9956,0.9956,dawn,unknown,2.733,1678808,5901.0,5907.0,resources/site_257_bowra-dry-a/layer_c_retrieval_top8_species_candidates_v1/final_retrieval_library_top35_human_v1/layer_c_retrieval_top35_event_index.csv,Pass,"human-calibrated bandpass retrieval top35; bandpass=700-4000Hz; prefilter=Pass; no hard overlapping annotation in bandpass crop; spectral_clutter_ok coverage=0.0073, components_per_s=3.29, col_gt25=0.0000"
crested_bellbird_top35_22_3331934,crested_bellbird,Crested Bellbird,Oreoica gutturalis,3331934,resources/site_257_bowra-dry-a/layer_c_retrieval_top8_species_candidates_v1/final_retrieval_library_top35_human_v1/crested_bellbird/items/22_audioevent_3331934/bandpass_tightcrop_700_4000hz.wav,0.9956,0.9956,dawn,unknown,5.0,1671452,3363.0,3366.0,resources/site_257_bowra-dry-a/layer_c_retrieval_top8_species_candidates_v1/final_retrieval_library_top35_human_v1/layer_c_retrieval_top35_event_index.csv,Pass,human-calibrated bandpass retrieval top35; bandpass=700-4000Hz; prefilter=Pass; spectrogram_warning:too_many_bright_call_marks_per_s=14.00>10.00
crested_bellbird_top35_23_10765071,crested_bellbird,Crested Bellbird,Oreoica gutturalis,10765071,resources/site_257_bowra-dry-a/layer_c_retrieval_top8_species_candidates_v1/final_retrieval_library_top35_human_v1/crested_bellbird/items/23_audioevent_10765071/bandpass_tightcrop_700_4000hz.wav,0.9955,0.9955,dawn,unknown,5.0,216063,3012.0,3015.0,resources/site_257_bowra-dry-a/layer_c_retrieval_top8_species_candidates_v1/final_retrieval_library_top35_human_v1/layer_c_retrieval_top35_event_index.csv,Pass,human-calibrated bandpass retrieval top35; bandpass=700-4000Hz; prefilter=Pass; spectrogram_warning:spectral_clutter_coverage=0.1724>0.0500; too_many_bright_call_marks_per_s=333.20>10.00; dense_vertical_overlap_fraction=0.0406>0.0400
crested_bellbird_top35_24_3829991,crested_bellbird,Crested Bellbird,Oreoica gutturalis,3829991,resources/site_257_bowra-dry-a/layer_c_retrieval_top8_species_candidates_v1/final_retrieval_library_top35_human_v1/crested_bellbird/items/24_audioevent_3829991/bandpass_tightcrop_700_4000hz.wav,0.9953,0.9953,dawn,unknown,5.0,215635,492.0,495.0,resources/site_257_bowra-dry-a/layer_c_retrieval_top8_species_candidates_v1/final_retrieval_library_top35_human_v1/layer_c_retrieval_top35_event_index.csv,Pass,human-calibrated bandpass retrieval top35; bandpass=700-4000Hz; prefilter=Pass; spectrogram_warning:too_many_bright_call_marks_per_s=23.00>10.00
crested_bellbird_top35_25_10030255,crested_bellbird,Crested Bellbird,Oreoica gutturalis,10030255,resources/site_257_bowra-dry-a/layer_c_retrieval_top8_species_candidates_v1/final_retrieval_library_top35_human_v1/crested_bellbird/items/25_audioevent_10030255/bandpass_tightcrop_700_4000hz.wav,0.9949,0.9949,dawn,unknown,5.0,1677414,1707.0,1716.0,resources/site_257_bowra-dry-a/layer_c_retrieval_top8_species_candidates_v1/final_retrieval_library_top35_human_v1/layer_c_retrieval_top35_event_index.csv,Pass,human-calibrated bandpass retrieval top35; bandpass=700-4000Hz; prefilter=Pass; spectrogram_warning:too_many_bright_call_marks_per_s=36.80>10.00
crested_bellbird_top35_26_6385757,crested_bellbird,Crested Bellbird,Oreoica gutturalis,6385757,resources/site_257_bowra-dry-a/layer_c_retrieval_top8_species_candidates_v1/final_retrieval_library_top35_human_v1/crested_bellbird/items/26_audioevent_6385757/bandpass_tightcrop_700_4000hz.wav,0.9948,0.9948,dawn,unknown,5.0,1539248,3870.0,3873.0,resources/site_257_bowra-dry-a/layer_c_retrieval_top8_species_candidates_v1/final_retrieval_library_top35_human_v1/layer_c_retrieval_top35_event_index.csv,Pass,human-calibrated bandpass retrieval top35; bandpass=700-4000Hz; prefilter=Pass; spectrogram_warning:too_many_bright_call_marks_per_s=43.20>10.00
crested_bellbird_top35_27_16248574,crested_bellbird,Crested Bellbird,Oreoica gutturalis,16248574,resources/site_257_bowra-dry-a/layer_c_retrieval_top8_species_candidates_v1/final_retrieval_library_top35_human_v1/crested_bellbird/items/27_audioevent_16248574/bandpass_tightcrop_700_4000hz.wav,0.9948,0.9948,dawn,unknown,5.0,5391,2001.0,2004.0,resources/site_257_bowra-dry-a/layer_c_retrieval_top8_species_candidates_v1/final_retrieval_library_top35_human_v1/layer_c_retrieval_top35_event_index.csv,Pass,human-calibrated bandpass retrieval top35; bandpass=700-4000Hz; prefilter=Pass; spectrogram_warning:too_many_bright_call_marks_per_s=108.40>10.00
crested_bellbird_top35_28_19244035,crested_bellbird,Crested Bellbird,Oreoica gutturalis,19244035,resources/site_257_bowra-dry-a/layer_c_retrieval_top8_species_candidates_v1/final_retrieval_library_top35_human_v1/crested_bellbird/items/28_audioevent_19244035/bandpass_tightcrop_700_4000hz.wav,0.9948,0.9948,dawn,unknown,5.0,1672079,2895.0,2898.0,resources/site_257_bowra-dry-a/layer_c_retrieval_top8_species_candidates_v1/final_retrieval_library_top35_human_v1/layer_c_retrieval_top35_event_index.csv,Pass,human-calibrated bandpass retrieval top35; bandpass=700-4000Hz; prefilter=Pass; spectrogram_warning:too_many_bright_call_marks_per_s=97.80>10.00
crested_bellbird_top35_29_3841070,crested_bellbird,Crested Bellbird,Oreoica gutturalis,3841070,resources/site_257_bowra-dry-a/layer_c_retrieval_top8_species_candidates_v1/final_retrieval_library_top35_human_v1/crested_bellbird/items/29_audioevent_3841070/bandpass_tightcrop_700_4000hz.wav,0.9946,0.9946,dawn,unknown,5.0,1678493,3372.0,3375.0,resources/site_257_bowra-dry-a/layer_c_retrieval_top8_species_candidates_v1/final_retrieval_library_top35_human_v1/layer_c_retrieval_top35_event_index.csv,Pass,human-calibrated bandpass retrieval top35; bandpass=700-4000Hz; prefilter=Pass; spectrogram_warning:too_many_bright_call_marks_per_s=11.20>10.00
crested_bellbird_top35_30_14451737,crested_bellbird,Crested Bellbird,Oreoica gutturalis,14451737,resources/site_257_bowra-dry-a/layer_c_retrieval_top8_species_candidates_v1/final_retrieval_library_top35_human_v1/crested_bellbird/items/30_audioevent_14451737/bandpass_tightcrop_700_4000hz.wav,0.9942,0.9942,dawn,unknown,5.0,1313676,5964.0,5970.0,resources/site_257_bowra-dry-a/layer_c_retrieval_top8_species_candidates_v1/final_retrieval_library_top35_human_v1/layer_c_retrieval_top35_event_index.csv,Pass,"human-calibrated bandpass retrieval top35; bandpass=700-4000Hz; prefilter=Pass; no hard overlapping annotation in bandpass crop; spectral_clutter_ok coverage=0.0064, components_per_s=5.40, col_gt25=0.0000"
crested_bellbird_top35_31_7780253,crested_bellbird,Crested Bellbird,Oreoica gutturalis,7780253,resources/site_257_bowra-dry-a/layer_c_retrieval_top8_species_candidates_v1/final_retrieval_library_top35_human_v1/crested_bellbird/items/31_audioevent_7780253/bandpass_tightcrop_700_4000hz.wav,0.9941,0.9941,dawn,unknown,5.0,1539689,6213.0,6219.0,resources/site_257_bowra-dry-a/layer_c_retrieval_top8_species_candidates_v1/final_retrieval_library_top35_human_v1/layer_c_retrieval_top35_event_index.csv,Pass,human-calibrated bandpass retrieval top35; bandpass=700-4000Hz; prefilter=Pass; spectrogram_warning:too_many_bright_call_marks_per_s=81.20>10.00
crested_bellbird_top35_32_6598312,crested_bellbird,Crested Bellbird,Oreoica gutturalis,6598312,resources/site_257_bowra-dry-a/layer_c_retrieval_top8_species_candidates_v1/final_retrieval_library_top35_human_v1/crested_bellbird/items/32_audioevent_6598312/bandpass_tightcrop_700_4000hz.wav,0.994,0.994,dawn,unknown,5.0,215817,3591.0,3594.0,resources/site_257_bowra-dry-a/layer_c_retrieval_top8_species_candidates_v1/final_retrieval_library_top35_human_v1/layer_c_retrieval_top35_event_index.csv,Pass,human-calibrated bandpass retrieval top35; bandpass=700-4000Hz; prefilter=Pass; spectrogram_warning:too_many_bright_call_marks_per_s=10.40>10.00
crested_bellbird_top35_33_11118205,crested_bellbird,Crested Bellbird,Oreoica gutturalis,11118205,resources/site_257_bowra-dry-a/layer_c_retrieval_top8_species_candidates_v1/final_retrieval_library_top35_human_v1/crested_bellbird/items/33_audioevent_11118205/bandpass_tightcrop_700_4000hz.wav,0.994,0.994,dawn,unknown,5.0,5291,6171.0,6174.0,resources/site_257_bowra-dry-a/layer_c_retrieval_top8_species_candidates_v1/final_retrieval_library_top35_human_v1/layer_c_retrieval_top35_event_index.csv,Pass,human-calibrated bandpass retrieval top35; bandpass=700-4000Hz; prefilter=Pass; spectrogram_warning:spectral_clutter_coverage=0.0557>0.0500; too_many_bright_call_marks_per_s=200.80>10.00
crested_bellbird_top35_34_10010776,crested_bellbird,Crested Bellbird,Oreoica gutturalis,10010776,resources/site_257_bowra-dry-a/layer_c_retrieval_top8_species_candidates_v1/final_retrieval_library_top35_human_v1/crested_bellbird/items/34_audioevent_10010776/bandpass_tightcrop_700_4000hz.wav,0.9938,0.9938,dawn,unknown,5.0,215683,2487.0,2490.0,resources/site_257_bowra-dry-a/layer_c_retrieval_top8_species_candidates_v1/final_retrieval_library_top35_human_v1/layer_c_retrieval_top35_event_index.csv,Pass,human-calibrated bandpass retrieval top35; bandpass=700-4000Hz; prefilter=Pass; spectrogram_warning:spectral_clutter_coverage=0.1554>0.0500; too_many_bright_call_marks_per_s=335.60>10.00
crested_bellbird_top35_35_11494420,crested_bellbird,Crested Bellbird,Oreoica gutturalis,11494420,resources/site_257_bowra-dry-a/layer_c_retrieval_top8_species_candidates_v1/final_retrieval_library_top35_human_v1/crested_bellbird/items/35_audioevent_11494420/bandpass_tightcrop_700_4000hz.wav,0.9932,0.9932,dawn,unknown,5.0,216019,6768.0,6777.0,resources/site_257_bowra-dry-a/layer_c_retrieval_top8_species_candidates_v1/final_retrieval_library_top35_human_v1/layer_c_retrieval_top35_event_index.csv,Pass,human-calibrated bandpass retrieval top35; bandpass=700-4000Hz; prefilter=Pass; spectrogram_warning:too_many_bright_call_marks_per_s=39.60>10.00
horsfields_bronze_cuckoo_final_10_23635897,horsfields_bronze_cuckoo,Horsfield's Bronze-cuckoo,Chrysococcyx basalis,23635897,resources/site_257_bowra-dry-a/layer_c_retrieval_event_library_split_v1/horsfields_bronze_cuckoo/items/12_audioevent_23635897/audio_refined.wav,0.998,11.096118,morning,summer,0.840,1402712,1.040,1.880,resources/site_257_bowra-dry-a/layer_c_retrieval_event_library_split_v1/final_pass_library_v1/layer_c_retrieval_final_pass_event_index.csv,Pass,core; target_band_energy_crop_2100_4100hz; bandpass=2100-4100Hz
horsfields_bronze_cuckoo_final_11_18696395,horsfields_bronze_cuckoo,Horsfield's Bronze-cuckoo,Chrysococcyx basalis,18696395,resources/site_257_bowra-dry-a/layer_c_retrieval_event_library_split_v1/horsfields_bronze_cuckoo/items/13_audioevent_18696395/audio_refined.wav,0.9974,5.665393,dawn,winter,0.910,1539219,0.820,1.730,resources/site_257_bowra-dry-a/layer_c_retrieval_event_library_split_v1/final_pass_library_v1/layer_c_retrieval_final_pass_event_index.csv,Pass,core; target_band_energy_crop_2100_4100hz; bandpass=2100-4100Hz
horsfields_bronze_cuckoo_final_21_11454483,horsfields_bronze_cuckoo,Horsfield's Bronze-cuckoo,Chrysococcyx basalis,11454483,resources/site_257_bowra-dry-a/layer_c_retrieval_event_library_split_v1/horsfields_bronze_cuckoo/supplement_to_30_v1/items/06_audioevent_11454483/audio_bandpass.wav,0.9982,4.98298,dawn,winter,4.000,1680688,,,resources/site_257_bowra-dry-a/layer_c_retrieval_event_library_split_v1/final_pass_library_v1/layer_c_retrieval_final_pass_event_index.csv,Pass,supplement_v1; bandpass=2100-4100Hz
horsfields_bronze_cuckoo_final_4_13395066,horsfields_bronze_cuckoo,Horsfield's Bronze-cuckoo,Chrysococcyx basalis,13395066,resources/site_257_bowra-dry-a/layer_c_retrieval_event_library_split_v1/horsfields_bronze_cuckoo/items/04_audioevent_13395066/audio_refined.wav,0.9996,4.942894,morning,winter,0.930,1539500,3.880,4.810,resources/site_257_bowra-dry-a/layer_c_retrieval_event_library_split_v1/final_pass_library_v1/layer_c_retrieval_final_pass_event_index.csv,Pass,core; target_band_energy_crop_2100_4100hz; bandpass=2100-4100Hz
horsfields_bronze_cuckoo_final_17_18693695,horsfields_bronze_cuckoo,Horsfield's Bronze-cuckoo,Chrysococcyx basalis,18693695,resources/site_257_bowra-dry-a/layer_c_retrieval_event_library_split_v1/horsfields_bronze_cuckoo/items/19_audioevent_18693695/audio_refined.wav,0.9954,4.933436,morning,summer,0.860,1681879,1.180,2.040,resources/site_257_bowra-dry-a/layer_c_retrieval_event_library_split_v1/final_pass_library_v1/layer_c_retrieval_final_pass_event_index.csv,Pass,core; target_band_energy_crop_2100_4100hz; bandpass=2100-4100Hz
horsfields_bronze_cuckoo_final_1_10030361,horsfields_bronze_cuckoo,Horsfield's Bronze-cuckoo,Chrysococcyx basalis,10030361,resources/site_257_bowra-dry-a/layer_c_retrieval_event_library_split_v1/horsfields_bronze_cuckoo/items/01_audioevent_10030361/audio_refined.wav,0.9998,4.854007,dawn,spring,0.890,1677414,1.930,2.820,resources/site_257_bowra-dry-a/layer_c_retrieval_event_library_split_v1/final_pass_library_v1/layer_c_retrieval_final_pass_event_index.csv,Pass,core; target_band_energy_crop_2100_4100hz; bandpass=2100-4100Hz
horsfields_bronze_cuckoo_final_9_13821609,horsfields_bronze_cuckoo,Horsfield's Bronze-cuckoo,Chrysococcyx basalis,13821609,resources/site_257_bowra-dry-a/layer_c_retrieval_event_library_split_v1/horsfields_bronze_cuckoo/items/09_audioevent_13821609/audio_refined.wav,0.9986,3.995286,dawn,summer,0.800,1402222,1.675,2.475,resources/site_257_bowra-dry-a/layer_c_retrieval_event_library_split_v1/final_pass_library_v1/layer_c_retrieval_final_pass_event_index.csv,Pass,core; target_band_energy_crop_2100_4100hz; bandpass=2100-4100Hz
horsfields_bronze_cuckoo_final_5_9480305,horsfields_bronze_cuckoo,Horsfield's Bronze-cuckoo,Chrysococcyx basalis,9480305,resources/site_257_bowra-dry-a/layer_c_retrieval_event_library_split_v1/horsfields_bronze_cuckoo/items/05_audioevent_9480305/audio_refined.wav,0.9995,3.427159,morning,winter,0.830,1539151,0.850,1.680,resources/site_257_bowra-dry-a/layer_c_retrieval_event_library_split_v1/final_pass_library_v1/layer_c_retrieval_final_pass_event_index.csv,Pass,core; target_band_energy_crop_2100_4100hz; bandpass=2100-4100Hz
horsfields_bronze_cuckoo_final_13_13308905,horsfields_bronze_cuckoo,Horsfield's Bronze-cuckoo,Chrysococcyx basalis,13308905,resources/site_257_bowra-dry-a/layer_c_retrieval_event_library_split_v1/horsfields_bronze_cuckoo/items/15_audioevent_13308905/audio_refined.wav,0.9971,3.397809,morning,summer,0.860,1402594,2.280,3.140,resources/site_257_bowra-dry-a/layer_c_retrieval_event_library_split_v1/final_pass_library_v1/layer_c_retrieval_final_pass_event_index.csv,Pass,core; target_band_energy_crop_2100_4100hz; bandpass=2100-4100Hz
horsfields_bronze_cuckoo_final_22_14811484,horsfields_bronze_cuckoo,Horsfield's Bronze-cuckoo,Chrysococcyx basalis,14811484,resources/site_257_bowra-dry-a/layer_c_retrieval_event_library_split_v1/horsfields_bronze_cuckoo/supplement_to_30_v1/items/14_audioevent_14811484/audio_bandpass.wav,0.9937,3.26177,dawn,winter,7.000,1535834,,,resources/site_257_bowra-dry-a/layer_c_retrieval_event_library_split_v1/final_pass_library_v1/layer_c_retrieval_final_pass_event_index.csv,Pass,supplement_v1; bandpass=2100-4100Hz
horsfields_bronze_cuckoo_final_7_6606841,horsfields_bronze_cuckoo,Horsfield's Bronze-cuckoo,Chrysococcyx basalis,6606841,resources/site_257_bowra-dry-a/layer_c_retrieval_event_library_split_v1/horsfields_bronze_cuckoo/items/07_audioevent_6606841/audio_refined.wav,0.9994,3.127475,dawn,summer,0.900,1402608,1.400,2.300,resources/site_257_bowra-dry-a/layer_c_retrieval_event_library_split_v1/final_pass_library_v1/layer_c_retrieval_final_pass_event_index.csv,Pass,core; target_band_energy_crop_2100_4100hz; bandpass=2100-4100Hz
horsfields_bronze_cuckoo_final_29_3784706,horsfields_bronze_cuckoo,Horsfield's Bronze-cuckoo,Chrysococcyx basalis,3784706,resources/site_257_bowra-dry-a/layer_c_retrieval_event_library_split_v1/horsfields_bronze_cuckoo/supplement_to_30_v3/items/08_audioevent_3784706/audio_refined.wav,0.9994,3.021599,dawn,summer,1.000,1679021,0.695,1.695,resources/site_257_bowra-dry-a/layer_c_retrieval_event_library_split_v1/final_pass_library_v1/layer_c_retrieval_final_pass_event_index.csv,Pass,supplement_v3; bandpass=2100-4100Hz
horsfields_bronze_cuckoo_final_16_6385636,horsfields_bronze_cuckoo,Horsfield's Bronze-cuckoo,Chrysococcyx basalis,6385636,resources/site_257_bowra-dry-a/layer_c_retrieval_event_library_split_v1/horsfields_bronze_cuckoo/items/18_audioevent_6385636/audio_refined.wav,0.9961,2.237592,dawn,winter,0.890,1539248,1.470,2.360,resources/site_257_bowra-dry-a/layer_c_retrieval_event_library_split_v1/final_pass_library_v1/layer_c_retrieval_final_pass_event_index.csv,Pass,core; target_band_energy_crop_2100_4100hz; bandpass=2100-4100Hz
horsfields_bronze_cuckoo_final_6_6143357,horsfields_bronze_cuckoo,Horsfield's Bronze-cuckoo,Chrysococcyx basalis,6143357,resources/site_257_bowra-dry-a/layer_c_retrieval_event_library_split_v1/horsfields_bronze_cuckoo/items/06_audioevent_6143357/audio_refined.wav,0.9995,1.885208,dawn,summer,0.890,1679151,0.100,0.990,resources/site_257_bowra-dry-a/layer_c_retrieval_event_library_split_v1/final_pass_library_v1/layer_c_retrieval_final_pass_event_index.csv,Pass,core; target_band_energy_crop_2100_4100hz; bandpass=2100-4100Hz
horsfields_bronze_cuckoo_final_25_3267156,horsfields_bronze_cuckoo,Horsfield's Bronze-cuckoo,Chrysococcyx basalis,3267156,resources/site_257_bowra-dry-a/layer_c_retrieval_event_library_split_v1/horsfields_bronze_cuckoo/supplement_to_30_v2/items/20_audioevent_3267156/audio_refined.wav,0.9985,,morning,summer,1.020,1677603,2,3.02,resources/site_257_bowra-dry-a/layer_c_retrieval_event_library_split_v1/final_pass_library_v1/layer_c_retrieval_final_pass_event_index.csv,Pass,supplement_v2; bandpass=2100-4100Hz
horsfields_bronze_cuckoo_final_24_3814085,horsfields_bronze_cuckoo,Horsfield's Bronze-cuckoo,Chrysococcyx basalis,3814085,resources/site_257_bowra-dry-a/layer_c_retrieval_event_library_split_v1/horsfields_bronze_cuckoo/supplement_to_30_v2/items/15_audioevent_3814085/audio_refined.wav,0.9983,,morning,autumn,1.030,1536071,0.56,1.59,resources/site_257_bowra-dry-a/layer_c_retrieval_event_library_split_v1/final_pass_library_v1/layer_c_retrieval_final_pass_event_index.csv,Pass,supplement_v2; bandpass=2100-4100Hz
horsfields_bronze_cuckoo_final_23_5460595,horsfields_bronze_cuckoo,Horsfield's Bronze-cuckoo,Chrysococcyx basalis,5460595,resources/site_257_bowra-dry-a/layer_c_retrieval_event_library_split_v1/horsfields_bronze_cuckoo/supplement_to_30_v2/items/07_audioevent_5460595/audio_refined.wav,0.9966,,dawn,summer,1.070,1401508,5.93,7,resources/site_257_bowra-dry-a/layer_c_retrieval_event_library_split_v1/final_pass_library_v1/layer_c_retrieval_final_pass_event_index.csv,Pass,supplement_v2; bandpass=2100-4100Hz
horsfields_bronze_cuckoo_final_26_811682,horsfields_bronze_cuckoo,Horsfield's Bronze-cuckoo,Chrysococcyx basalis,811682,resources/site_257_bowra-dry-a/layer_c_retrieval_event_library_split_v1/horsfields_bronze_cuckoo/supplement_to_30_v2/items/23_audioevent_811682/audio_refined.wav,0.9939,,dawn,summer,1.000,1676809,1.33,2.33,resources/site_257_bowra-dry-a/layer_c_retrieval_event_library_split_v1/final_pass_library_v1/layer_c_retrieval_final_pass_event_index.csv,Pass,supplement_v2; bandpass=2100-4100Hz
horsfields_bronze_cuckoo_final_27_17878779,horsfields_bronze_cuckoo,Horsfield's Bronze-cuckoo,Chrysococcyx basalis,17878779,resources/site_257_bowra-dry-a/layer_c_retrieval_event_library_split_v1/horsfields_bronze_cuckoo/supplement_to_30_v2/items/25_audioevent_17878779/audio_refined.wav,0.9849,,dawn,spring,1.000,5330,0.57,1.57,resources/site_257_bowra-dry-a/layer_c_retrieval_event_library_split_v1/final_pass_library_v1/layer_c_retrieval_final_pass_event_index.csv,Pass,supplement_v2; bandpass=2100-4100Hz
horsfields_bronze_cuckoo_final_28_7168153,horsfields_bronze_cuckoo,Horsfield's Bronze-cuckoo,Chrysococcyx basalis,7168153,resources/site_257_bowra-dry-a/layer_c_retrieval_event_library_split_v1/horsfields_bronze_cuckoo/supplement_to_30_v3/items/03_audioevent_7168153/audio_refined.wav,0.9821,,dawn,summer,1.000,1401822,1.995,2.995,resources/site_257_bowra-dry-a/layer_c_retrieval_event_library_split_v1/final_pass_library_v1/layer_c_retrieval_final_pass_event_index.csv,Pass,supplement_v3; bandpass=2100-4100Hz
horsfields_bronze_cuckoo_final_15_5717704,horsfields_bronze_cuckoo,Horsfield's Bronze-cuckoo,Chrysococcyx basalis,5717704,resources/site_257_bowra-dry-a/layer_c_retrieval_event_library_split_v1/horsfields_bronze_cuckoo/items/17_audioevent_5717704/audio_refined.wav,0.9962,0.794195,morning,spring,0.890,1680769,0.710,1.600,resources/site_257_bowra-dry-a/layer_c_retrieval_event_library_split_v1/final_pass_library_v1/layer_c_retrieval_final_pass_event_index.csv,Pass,core; target_band_energy_crop_2100_4100hz; bandpass=2100-4100Hz
horsfields_bronze_cuckoo_final_30_12014027,horsfields_bronze_cuckoo,Horsfield's Bronze-cuckoo,Chrysococcyx basalis,12014027,resources/site_257_bowra-dry-a/layer_c_retrieval_event_library_split_v1/horsfields_bronze_cuckoo/supplement_to_30_v3/items/09_audioevent_12014027/audio_refined.wav,0.9998,0.767054,morning,summer,1.000,1402652,1.77,2.77,resources/site_257_bowra-dry-a/layer_c_retrieval_event_library_split_v1/final_pass_library_v1/layer_c_retrieval_final_pass_event_index.csv,Pass,supplement_v3; bandpass=2100-4100Hz
horsfields_bronze_cuckoo_final_12_3840998,horsfields_bronze_cuckoo,Horsfield's Bronze-cuckoo,Chrysococcyx basalis,3840998,resources/site_257_bowra-dry-a/layer_c_retrieval_event_library_split_v1/horsfields_bronze_cuckoo/items/14_audioevent_3840998/audio_refined.wav,0.9973,0.668231,dawn,spring,0.840,1678493,1.990,2.830,resources/site_257_bowra-dry-a/layer_c_retrieval_event_library_split_v1/final_pass_library_v1/layer_c_retrieval_final_pass_event_index.csv,Pass,core; target_band_energy_crop_2100_4100hz; bandpass=2100-4100Hz
horsfields_bronze_cuckoo_final_14_4549369,horsfields_bronze_cuckoo,Horsfield's Bronze-cuckoo,Chrysococcyx basalis,4549369,resources/site_257_bowra-dry-a/layer_c_retrieval_event_library_split_v1/horsfields_bronze_cuckoo/items/16_audioevent_4549369/audio_refined.wav,0.997,0.380845,morning,winter,0.810,1535932,0.260,1.070,resources/site_257_bowra-dry-a/layer_c_retrieval_event_library_split_v1/final_pass_library_v1/layer_c_retrieval_final_pass_event_index.csv,Pass,core; target_band_energy_crop_2100_4100hz; bandpass=2100-4100Hz
horsfields_bronze_cuckoo_final_3_23534163,horsfields_bronze_cuckoo,Horsfield's Bronze-cuckoo,Chrysococcyx basalis,23534163,resources/site_257_bowra-dry-a/layer_c_retrieval_event_library_split_v1/horsfields_bronze_cuckoo/items/03_audioevent_23534163/audio_refined.wav,0.9997,-0.215998,dawn,autumn,0.830,1671719,1.480,2.310,resources/site_257_bowra-dry-a/layer_c_retrieval_event_library_split_v1/final_pass_library_v1/layer_c_retrieval_final_pass_event_index.csv,Pass,core; target_band_energy_crop_2100_4100hz; bandpass=2100-4100Hz
horsfields_bronze_cuckoo_final_19_23844269,horsfields_bronze_cuckoo,Horsfield's Bronze-cuckoo,Chrysococcyx basalis,23844269,resources/site_257_bowra-dry-a/layer_c_retrieval_event_library_split_v1/horsfields_bronze_cuckoo/items/21_audioevent_23844269/audio_refined.wav,0.9839,-1.320476,morning,summer,0.800,1402662,1.335,2.135,resources/site_257_bowra-dry-a/layer_c_retrieval_event_library_split_v1/final_pass_library_v1/layer_c_retrieval_final_pass_event_index.csv,Pass,core; target_band_energy_crop_2100_4100hz; bandpass=2100-4100Hz
horsfields_bronze_cuckoo_final_18_20598228,horsfields_bronze_cuckoo,Horsfield's Bronze-cuckoo,Chrysococcyx basalis,20598228,resources/site_257_bowra-dry-a/layer_c_retrieval_event_library_split_v1/horsfields_bronze_cuckoo/items/20_audioevent_20598228/audio_refined.wav,0.9859,-3.443154,morning,winter,0.800,1672183,0.000,0.800,resources/site_257_bowra-dry-a/layer_c_retrieval_event_library_split_v1/final_pass_library_v1/layer_c_retrieval_final_pass_event_index.csv,Pass,core; target_band_energy_crop_2100_4100hz; bandpass=2100-4100Hz
horsfields_bronze_cuckoo_final_20_7672803,horsfields_bronze_cuckoo,Horsfield's Bronze-cuckoo,Chrysococcyx basalis,7672803,resources/site_257_bowra-dry-a/layer_c_retrieval_event_library_split_v1/horsfields_bronze_cuckoo/items/24_audioevent_7672803/audio_refined.wav,0.9559,-5.55166,dawn,summer,0.820,1401636,1.490,2.310,resources/site_257_bowra-dry-a/layer_c_retrieval_event_library_split_v1/final_pass_library_v1/layer_c_retrieval_final_pass_event_index.csv,Pass,core; target_band_energy_crop_2100_4100hz; bandpass=2100-4100Hz
horsfields_bronze_cuckoo_final_8_11250378,horsfields_bronze_cuckoo,Horsfield's Bronze-cuckoo,Chrysococcyx basalis,11250378,resources/site_257_bowra-dry-a/layer_c_retrieval_event_library_split_v1/horsfields_bronze_cuckoo/items/08_audioevent_11250378/audio_refined.wav,0.9992,-5.75084,morning,summer,0.810,1402704,2.680,3.490,resources/site_257_bowra-dry-a/layer_c_retrieval_event_library_split_v1/final_pass_library_v1/layer_c_retrieval_final_pass_event_index.csv,Pass,core; target_band_energy_crop_2100_4100hz; bandpass=2100-4100Hz
horsfields_bronze_cuckoo_final_2_18703153,horsfields_bronze_cuckoo,Horsfield's Bronze-cuckoo,Chrysococcyx basalis,18703153,resources/site_257_bowra-dry-a/layer_c_retrieval_event_library_split_v1/horsfields_bronze_cuckoo/items/02_audioevent_18703153/audio_refined.wav,0.9998,-7.314961,morning,winter,0.800,1681511,0.935,1.735,resources/site_257_bowra-dry-a/layer_c_retrieval_event_library_split_v1/final_pass_library_v1/layer_c_retrieval_final_pass_event_index.csv,Pass,core; target_band_energy_crop_2100_4100hz; bandpass=2100-4100Hz
red_capped_robin_top35_1_11641357,red_capped_robin,Red-capped Robin,Petroica goodenovii,11641357,resources/site_257_bowra-dry-a/layer_c_retrieval_top8_species_candidates_v1/final_retrieval_library_top35_human_v1/red_capped_robin/items/01_audioevent_11641357/bandpass_tightcrop_1800_8500hz.wav,0.9999,0.9999,dawn,unknown,5.0,1667804,5433.0,5436.0,resources/site_257_bowra-dry-a/layer_c_retrieval_top8_species_candidates_v1/final_retrieval_library_top35_human_v1/layer_c_retrieval_top35_event_index.csv,Pass,human-calibrated bandpass retrieval top35; bandpass=1800-8500Hz; prefilter=Pass; spectrogram_warning:spectral_clutter_coverage=0.0545>0.0400; too_many_bright_call_marks_per_s=38.80>14.00
red_capped_robin_top35_2_1028405,red_capped_robin,Red-capped Robin,Petroica goodenovii,1028405,resources/site_257_bowra-dry-a/layer_c_retrieval_top8_species_candidates_v1/final_retrieval_library_top35_human_v1/red_capped_robin/items/02_audioevent_1028405/bandpass_tightcrop_1800_8500hz.wav,0.9997,0.9997,dawn,unknown,5.0,1680807,4842.0,4845.0,resources/site_257_bowra-dry-a/layer_c_retrieval_top8_species_candidates_v1/final_retrieval_library_top35_human_v1/layer_c_retrieval_top35_event_index.csv,Pass,human-calibrated bandpass retrieval top35; bandpass=1800-8500Hz; prefilter=Pass; spectrogram_warning:spectral_clutter_coverage=0.0500>0.0400; too_many_bright_call_marks_per_s=31.80>14.00
red_capped_robin_top35_3_19059432,red_capped_robin,Red-capped Robin,Petroica goodenovii,19059432,resources/site_257_bowra-dry-a/layer_c_retrieval_top8_species_candidates_v1/final_retrieval_library_top35_human_v1/red_capped_robin/items/03_audioevent_19059432/bandpass_tightcrop_1800_8500hz.wav,0.9997,0.9997,dawn,unknown,4.318,1678363,3621.0,3624.0,resources/site_257_bowra-dry-a/layer_c_retrieval_top8_species_candidates_v1/final_retrieval_library_top35_human_v1/layer_c_retrieval_top35_event_index.csv,Pass,human-calibrated bandpass retrieval top35; bandpass=1800-8500Hz; prefilter=Pass; spectrogram_warning:too_many_bright_call_marks_per_s=17.37>14.00
red_capped_robin_top35_4_1951839,red_capped_robin,Red-capped Robin,Petroica goodenovii,1951839,resources/site_257_bowra-dry-a/layer_c_retrieval_top8_species_candidates_v1/final_retrieval_library_top35_human_v1/red_capped_robin/items/04_audioevent_1951839/bandpass_tightcrop_1800_8500hz.wav,0.9996,0.9996,dawn,unknown,5.0,1536659,6450.0,6456.0,resources/site_257_bowra-dry-a/layer_c_retrieval_top8_species_candidates_v1/final_retrieval_library_top35_human_v1/layer_c_retrieval_top35_event_index.csv,Pass,human-calibrated bandpass retrieval top35; bandpass=1800-8500Hz; prefilter=Pass; spectrogram_warning:too_many_bright_call_marks_per_s=31.20>14.00
red_capped_robin_top35_5_4223732,red_capped_robin,Red-capped Robin,Petroica goodenovii,4223732,resources/site_257_bowra-dry-a/layer_c_retrieval_top8_species_candidates_v1/final_retrieval_library_top35_human_v1/red_capped_robin/items/05_audioevent_4223732/bandpass_tightcrop_1800_8500hz.wav,0.9996,0.9996,dawn,unknown,5.0,1536415,3570.0,3573.0,resources/site_257_bowra-dry-a/layer_c_retrieval_top8_species_candidates_v1/final_retrieval_library_top35_human_v1/layer_c_retrieval_top35_event_index.csv,Pass,human-calibrated bandpass retrieval top35; bandpass=1800-8500Hz; prefilter=Pass; spectrogram_warning:too_many_bright_call_marks_per_s=18.40>14.00
red_capped_robin_top35_6_16248523,red_capped_robin,Red-capped Robin,Petroica goodenovii,16248523,resources/site_257_bowra-dry-a/layer_c_retrieval_top8_species_candidates_v1/final_retrieval_library_top35_human_v1/red_capped_robin/items/06_audioevent_16248523/bandpass_tightcrop_1800_8500hz.wav,0.9996,0.9996,dawn,unknown,5.0,5391,990.0,993.0,resources/site_257_bowra-dry-a/layer_c_retrieval_top8_species_candidates_v1/final_retrieval_library_top35_human_v1/layer_c_retrieval_top35_event_index.csv,Pass,human-calibrated bandpass retrieval top35; bandpass=1800-8500Hz; prefilter=Pass; spectrogram_warning:too_many_bright_call_marks_per_s=20.00>14.00
red_capped_robin_top35_7_24116651,red_capped_robin,Red-capped Robin,Petroica goodenovii,24116651,resources/site_257_bowra-dry-a/layer_c_retrieval_top8_species_candidates_v1/final_retrieval_library_top35_human_v1/red_capped_robin/items/07_audioevent_24116651/bandpass_tightcrop_1800_8500hz.wav,0.9996,0.9996,dawn,unknown,2.659,1682419,5943.0,5946.0,resources/site_257_bowra-dry-a/layer_c_retrieval_top8_species_candidates_v1/final_retrieval_library_top35_human_v1/layer_c_retrieval_top35_event_index.csv,Pass,human-calibrated bandpass retrieval top35; bandpass=1800-8500Hz; prefilter=Pass; spectrogram_warning:spectral_clutter_coverage=0.0667>0.0400; too_many_bright_call_marks_per_s=38.74>14.00
red_capped_robin_top35_8_13846020,red_capped_robin,Red-capped Robin,Petroica goodenovii,13846020,resources/site_257_bowra-dry-a/layer_c_retrieval_top8_species_candidates_v1/final_retrieval_library_top35_human_v1/red_capped_robin/items/08_audioevent_13846020/bandpass_tightcrop_1800_8500hz.wav,0.9993,0.9993,dawn,unknown,5.0,1678678,5823.0,5826.0,resources/site_257_bowra-dry-a/layer_c_retrieval_top8_species_candidates_v1/final_retrieval_library_top35_human_v1/layer_c_retrieval_top35_event_index.csv,Pass,human-calibrated bandpass retrieval top35; bandpass=1800-8500Hz; prefilter=Pass; spectrogram_warning:too_many_bright_call_marks_per_s=19.20>14.00
red_capped_robin_top35_9_22474206,red_capped_robin,Red-capped Robin,Petroica goodenovii,22474206,resources/site_257_bowra-dry-a/layer_c_retrieval_top8_species_candidates_v1/final_retrieval_library_top35_human_v1/red_capped_robin/items/09_audioevent_22474206/bandpass_tightcrop_1800_8500hz.wav,0.9992,0.9992,dawn,unknown,3.22,216466,2313.0,2316.0,resources/site_257_bowra-dry-a/layer_c_retrieval_top8_species_candidates_v1/final_retrieval_library_top35_human_v1/layer_c_retrieval_top35_event_index.csv,Pass,"human-calibrated bandpass retrieval top35; bandpass=1800-8500Hz; prefilter=Pass; 22474205:0.684:2.00s:nan; low_score_non_target_overlap_warning=22474205:0.684:2.00s:nan; spectral_clutter_ok coverage=0.0053, components_per_s=4.04, col_gt25=0.0000"
red_capped_robin_top35_10_15189150,red_capped_robin,Red-capped Robin,Petroica goodenovii,15189150,resources/site_257_bowra-dry-a/layer_c_retrieval_top8_species_candidates_v1/final_retrieval_library_top35_human_v1/red_capped_robin/items/10_audioevent_15189150/bandpass_tightcrop_1800_8500hz.wav,0.9991,0.9991,dawn,unknown,5.0,1677472,3615.0,3618.0,resources/site_257_bowra-dry-a/layer_c_retrieval_top8_species_candidates_v1/final_retrieval_library_top35_human_v1/layer_c_retrieval_top35_event_index.csv,Pass,human-calibrated bandpass retrieval top35; bandpass=1800-8500Hz; prefilter=Pass; spectrogram_warning:too_many_bright_call_marks_per_s=42.60>14.00
red_capped_robin_top35_11_4733372,red_capped_robin,Red-capped Robin,Petroica goodenovii,4733372,resources/site_257_bowra-dry-a/layer_c_retrieval_top8_species_candidates_v1/final_retrieval_library_top35_human_v1/red_capped_robin/items/11_audioevent_4733372/bandpass_tightcrop_1800_8500hz.wav,0.999,0.999,dawn,unknown,5.0,216428,1335.0,1338.0,resources/site_257_bowra-dry-a/layer_c_retrieval_top8_species_candidates_v1/final_retrieval_library_top35_human_v1/layer_c_retrieval_top35_event_index.csv,Pass,human-calibrated bandpass retrieval top35; bandpass=1800-8500Hz; prefilter=Pass; spectrogram_warning:too_many_bright_call_marks_per_s=21.00>14.00
red_capped_robin_top35_12_18788727,red_capped_robin,Red-capped Robin,Petroica goodenovii,18788727,resources/site_257_bowra-dry-a/layer_c_retrieval_top8_species_candidates_v1/final_retrieval_library_top35_human_v1/red_capped_robin/items/12_audioevent_18788727/bandpass_tightcrop_1800_8500hz.wav,0.9989,0.9989,dawn,unknown,5.0,1677069,4233.0,4239.0,resources/site_257_bowra-dry-a/layer_c_retrieval_top8_species_candidates_v1/final_retrieval_library_top35_human_v1/layer_c_retrieval_top35_event_index.csv,Pass,human-calibrated bandpass retrieval top35; bandpass=1800-8500Hz; prefilter=Pass; spectrogram_warning:too_many_bright_call_marks_per_s=29.20>14.00
red_capped_robin_top35_13_23826636,red_capped_robin,Red-capped Robin,Petroica goodenovii,23826636,resources/site_257_bowra-dry-a/layer_c_retrieval_top8_species_candidates_v1/final_retrieval_library_top35_human_v1/red_capped_robin/items/13_audioevent_23826636/bandpass_tightcrop_1800_8500hz.wav,0.9989,0.9989,dawn,unknown,5.0,1536133,6369.0,6372.0,resources/site_257_bowra-dry-a/layer_c_retrieval_top8_species_candidates_v1/final_retrieval_library_top35_human_v1/layer_c_retrieval_top35_event_index.csv,Pass,human-calibrated bandpass retrieval top35; bandpass=1800-8500Hz; prefilter=Pass; spectrogram_warning:too_many_bright_call_marks_per_s=22.40>14.00
red_capped_robin_top35_14_17878788,red_capped_robin,Red-capped Robin,Petroica goodenovii,17878788,resources/site_257_bowra-dry-a/layer_c_retrieval_top8_species_candidates_v1/final_retrieval_library_top35_human_v1/red_capped_robin/items/14_audioevent_17878788/bandpass_tightcrop_1800_8500hz.wav,0.9988,0.9988,dawn,unknown,5.0,5330,840.0,843.0,resources/site_257_bowra-dry-a/layer_c_retrieval_top8_species_candidates_v1/final_retrieval_library_top35_human_v1/layer_c_retrieval_top35_event_index.csv,Pass,human-calibrated bandpass retrieval top35; bandpass=1800-8500Hz; prefilter=Pass; spectrogram_warning:too_many_bright_call_marks_per_s=22.60>14.00
red_capped_robin_top35_15_22814253,red_capped_robin,Red-capped Robin,Petroica goodenovii,22814253,resources/site_257_bowra-dry-a/layer_c_retrieval_top8_species_candidates_v1/final_retrieval_library_top35_human_v1/red_capped_robin/items/15_audioevent_22814253/bandpass_tightcrop_1800_8500hz.wav,0.9988,0.9988,dawn,unknown,5.0,1535524,6252.0,6255.0,resources/site_257_bowra-dry-a/layer_c_retrieval_top8_species_candidates_v1/final_retrieval_library_top35_human_v1/layer_c_retrieval_top35_event_index.csv,Pass,human-calibrated bandpass retrieval top35; bandpass=1800-8500Hz; prefilter=Pass; spectrogram_warning:too_many_bright_call_marks_per_s=23.00>14.00
red_capped_robin_top35_16_21425573,red_capped_robin,Red-capped Robin,Petroica goodenovii,21425573,resources/site_257_bowra-dry-a/layer_c_retrieval_top8_species_candidates_v1/final_retrieval_library_top35_human_v1/red_capped_robin/items/16_audioevent_21425573/bandpass_tightcrop_1800_8500hz.wav,0.9987,0.9987,dawn,unknown,5.0,5027,2226.0,2229.0,resources/site_257_bowra-dry-a/layer_c_retrieval_top8_species_candidates_v1/final_retrieval_library_top35_human_v1/layer_c_retrieval_top35_event_index.csv,Pass,human-calibrated bandpass retrieval top35; bandpass=1800-8500Hz; prefilter=Pass; spectrogram_warning:too_many_bright_call_marks_per_s=16.80>14.00
red_capped_robin_top35_17_3662080,red_capped_robin,Red-capped Robin,Petroica goodenovii,3662080,resources/site_257_bowra-dry-a/layer_c_retrieval_top8_species_candidates_v1/final_retrieval_library_top35_human_v1/red_capped_robin/items/17_audioevent_3662080/bandpass_tightcrop_1800_8500hz.wav,0.9985,0.9985,dawn,unknown,5.0,1677134,4860.0,4863.0,resources/site_257_bowra-dry-a/layer_c_retrieval_top8_species_candidates_v1/final_retrieval_library_top35_human_v1/layer_c_retrieval_top35_event_index.csv,Pass,human-calibrated bandpass retrieval top35; bandpass=1800-8500Hz; prefilter=Pass; spectrogram_warning:spectral_clutter_coverage=0.0494>0.0400; too_many_bright_call_marks_per_s=51.80>14.00
red_capped_robin_top35_18_7247561,red_capped_robin,Red-capped Robin,Petroica goodenovii,7247561,resources/site_257_bowra-dry-a/layer_c_retrieval_top8_species_candidates_v1/final_retrieval_library_top35_human_v1/red_capped_robin/items/18_audioevent_7247561/bandpass_tightcrop_1800_8500hz.wav,0.9985,0.9985,dawn,unknown,5.0,5321,240.0,243.0,resources/site_257_bowra-dry-a/layer_c_retrieval_top8_species_candidates_v1/final_retrieval_library_top35_human_v1/layer_c_retrieval_top35_event_index.csv,Pass,human-calibrated bandpass retrieval top35; bandpass=1800-8500Hz; prefilter=Pass; spectrogram_warning:too_many_bright_call_marks_per_s=34.40>14.00
red_capped_robin_top35_19_16502267,red_capped_robin,Red-capped Robin,Petroica goodenovii,16502267,resources/site_257_bowra-dry-a/layer_c_retrieval_top8_species_candidates_v1/final_retrieval_library_top35_human_v1/red_capped_robin/items/19_audioevent_16502267/bandpass_tightcrop_1800_8500hz.wav,0.9985,0.9985,dawn,unknown,5.0,1680133,4485.0,4488.0,resources/site_257_bowra-dry-a/layer_c_retrieval_top8_species_candidates_v1/final_retrieval_library_top35_human_v1/layer_c_retrieval_top35_event_index.csv,Pass,human-calibrated bandpass retrieval top35; bandpass=1800-8500Hz; prefilter=Pass; spectrogram_warning:too_many_bright_call_marks_per_s=51.20>14.00
red_capped_robin_top35_20_20715909,red_capped_robin,Red-capped Robin,Petroica goodenovii,20715909,resources/site_257_bowra-dry-a/layer_c_retrieval_top8_species_candidates_v1/final_retrieval_library_top35_human_v1/red_capped_robin/items/20_audioevent_20715909/bandpass_tightcrop_1800_8500hz.wav,0.9985,0.9985,dawn,unknown,5.0,1677354,6108.0,6111.0,resources/site_257_bowra-dry-a/layer_c_retrieval_top8_species_candidates_v1/final_retrieval_library_top35_human_v1/layer_c_retrieval_top35_event_index.csv,Pass,human-calibrated bandpass retrieval top35; bandpass=1800-8500Hz; prefilter=Pass; spectrogram_warning:too_many_bright_call_marks_per_s=17.40>14.00
red_capped_robin_top35_21_4501550,red_capped_robin,Red-capped Robin,Petroica goodenovii,4501550,resources/site_257_bowra-dry-a/layer_c_retrieval_top8_species_candidates_v1/final_retrieval_library_top35_human_v1/red_capped_robin/items/21_audioevent_4501550/bandpass_tightcrop_1800_8500hz.wav,0.9982,0.9982,dawn,unknown,5.0,4878,5472.0,5475.0,resources/site_257_bowra-dry-a/layer_c_retrieval_top8_species_candidates_v1/final_retrieval_library_top35_human_v1/layer_c_retrieval_top35_event_index.csv,Pass,"human-calibrated bandpass retrieval top35; bandpass=1800-8500Hz; prefilter=Pass; no hard overlapping annotation in bandpass crop; spectral_clutter_ok coverage=0.0095, components_per_s=11.40, col_gt25=0.0000"
red_capped_robin_top35_22_11454513,red_capped_robin,Red-capped Robin,Petroica goodenovii,11454513,resources/site_257_bowra-dry-a/layer_c_retrieval_top8_species_candidates_v1/final_retrieval_library_top35_human_v1/red_capped_robin/items/22_audioevent_11454513/bandpass_tightcrop_1800_8500hz.wav,0.9982,0.9982,dawn,unknown,5.0,1680688,7140.0,7143.0,resources/site_257_bowra-dry-a/layer_c_retrieval_top8_species_candidates_v1/final_retrieval_library_top35_human_v1/layer_c_retrieval_top35_event_index.csv,Pass,human-calibrated bandpass retrieval top35; bandpass=1800-8500Hz; prefilter=Pass; spectrogram_warning:too_many_bright_call_marks_per_s=58.40>14.00
red_capped_robin_top35_23_14461565,red_capped_robin,Red-capped Robin,Petroica goodenovii,14461565,resources/site_257_bowra-dry-a/layer_c_retrieval_top8_species_candidates_v1/final_retrieval_library_top35_human_v1/red_capped_robin/items/23_audioevent_14461565/bandpass_tightcrop_1800_8500hz.wav,0.9982,0.9982,dawn,unknown,5.0,216580,1062.0,1068.0,resources/site_257_bowra-dry-a/layer_c_retrieval_top8_species_candidates_v1/final_retrieval_library_top35_human_v1/layer_c_retrieval_top35_event_index.csv,Pass,human-calibrated bandpass retrieval top35; bandpass=1800-8500Hz; prefilter=Pass; spectrogram_warning:spectral_clutter_coverage=0.0500>0.0400; too_many_bright_call_marks_per_s=54.60>14.00
red_capped_robin_top35_24_6904399,red_capped_robin,Red-capped Robin,Petroica goodenovii,6904399,resources/site_257_bowra-dry-a/layer_c_retrieval_top8_species_candidates_v1/final_retrieval_library_top35_human_v1/red_capped_robin/items/24_audioevent_6904399/bandpass_tightcrop_1800_8500hz.wav,0.9981,0.9981,dawn,unknown,5.0,1402591,4173.0,4179.0,resources/site_257_bowra-dry-a/layer_c_retrieval_top8_species_candidates_v1/final_retrieval_library_top35_human_v1/layer_c_retrieval_top35_event_index.csv,Pass,human-calibrated bandpass retrieval top35; bandpass=1800-8500Hz; prefilter=Pass; spectrogram_warning:too_many_bright_call_marks_per_s=44.40>14.00
red_capped_robin_top35_25_7166174,red_capped_robin,Red-capped Robin,Petroica goodenovii,7166174,resources/site_257_bowra-dry-a/layer_c_retrieval_top8_species_candidates_v1/final_retrieval_library_top35_human_v1/red_capped_robin/items/25_audioevent_7166174/bandpass_tightcrop_1800_8500hz.wav,0.9981,0.9981,dawn,unknown,5.0,1678780,3915.0,3918.0,resources/site_257_bowra-dry-a/layer_c_retrieval_top8_species_candidates_v1/final_retrieval_library_top35_human_v1/layer_c_retrieval_top35_event_index.csv,Pass,human-calibrated bandpass retrieval top35; bandpass=1800-8500Hz; prefilter=Pass; spectrogram_warning:too_many_bright_call_marks_per_s=51.40>14.00
red_capped_robin_top35_26_5457663,red_capped_robin,Red-capped Robin,Petroica goodenovii,5457663,resources/site_257_bowra-dry-a/layer_c_retrieval_top8_species_candidates_v1/final_retrieval_library_top35_human_v1/red_capped_robin/items/26_audioevent_5457663/bandpass_tightcrop_1800_8500hz.wav,0.9978,0.9978,dawn,unknown,5.0,4819,4569.0,4572.0,resources/site_257_bowra-dry-a/layer_c_retrieval_top8_species_candidates_v1/final_retrieval_library_top35_human_v1/layer_c_retrieval_top35_event_index.csv,Pass,human-calibrated bandpass retrieval top35; bandpass=1800-8500Hz; prefilter=Pass; spectrogram_warning:too_many_bright_call_marks_per_s=18.00>14.00
red_capped_robin_top35_27_15710404,red_capped_robin,Red-capped Robin,Petroica goodenovii,15710404,resources/site_257_bowra-dry-a/layer_c_retrieval_top8_species_candidates_v1/final_retrieval_library_top35_human_v1/red_capped_robin/items/27_audioevent_15710404/bandpass_tightcrop_1800_8500hz.wav,0.9978,0.9978,dawn,unknown,5.0,1676229,441.0,444.0,resources/site_257_bowra-dry-a/layer_c_retrieval_top8_species_candidates_v1/final_retrieval_library_top35_human_v1/layer_c_retrieval_top35_event_index.csv,Pass,human-calibrated bandpass retrieval top35; bandpass=1800-8500Hz; prefilter=Pass; spectrogram_warning:too_many_bright_call_marks_per_s=43.20>14.00
red_capped_robin_top35_28_6606728,red_capped_robin,Red-capped Robin,Petroica goodenovii,6606728,resources/site_257_bowra-dry-a/layer_c_retrieval_top8_species_candidates_v1/final_retrieval_library_top35_human_v1/red_capped_robin/items/28_audioevent_6606728/bandpass_tightcrop_1800_8500hz.wav,0.9977,0.9977,dawn,unknown,5.0,1402608,522.0,531.0,resources/site_257_bowra-dry-a/layer_c_retrieval_top8_species_candidates_v1/final_retrieval_library_top35_human_v1/layer_c_retrieval_top35_event_index.csv,Pass,"human-calibrated bandpass retrieval top35; bandpass=1800-8500Hz; prefilter=Pass; no hard overlapping annotation in bandpass crop; spectral_clutter_ok coverage=0.0097, components_per_s=12.00, col_gt25=0.0000"
red_capped_robin_top35_29_9266010,red_capped_robin,Red-capped Robin,Petroica goodenovii,9266010,resources/site_257_bowra-dry-a/layer_c_retrieval_top8_species_candidates_v1/final_retrieval_library_top35_human_v1/red_capped_robin/items/29_audioevent_9266010/bandpass_tightcrop_1800_8500hz.wav,0.9977,0.9977,dawn,unknown,5.0,5114,5934.0,5937.0,resources/site_257_bowra-dry-a/layer_c_retrieval_top8_species_candidates_v1/final_retrieval_library_top35_human_v1/layer_c_retrieval_top35_event_index.csv,Pass,"human-calibrated bandpass retrieval top35; bandpass=1800-8500Hz; prefilter=Pass; no hard overlapping annotation in bandpass crop; spectral_clutter_ok coverage=0.0192, components_per_s=14.00, col_gt25=0.0000"
red_capped_robin_top35_30_23939507,red_capped_robin,Red-capped Robin,Petroica goodenovii,23939507,resources/site_257_bowra-dry-a/layer_c_retrieval_top8_species_candidates_v1/final_retrieval_library_top35_human_v1/red_capped_robin/items/30_audioevent_23939507/bandpass_tightcrop_1800_8500hz.wav,0.9977,0.9977,dawn,unknown,5.0,5455,27.0,30.0,resources/site_257_bowra-dry-a/layer_c_retrieval_top8_species_candidates_v1/final_retrieval_library_top35_human_v1/layer_c_retrieval_top35_event_index.csv,Pass,"human-calibrated bandpass retrieval top35; bandpass=1800-8500Hz; prefilter=Pass; 23939506:0.705:0.98s:nan; low_score_non_target_overlap_warning=23939506:0.705:0.98s:nan; spectral_clutter_ok coverage=0.0203, components_per_s=11.20, col_gt25=0.0012"
red_capped_robin_top35_31_5481597,red_capped_robin,Red-capped Robin,Petroica goodenovii,5481597,resources/site_257_bowra-dry-a/layer_c_retrieval_top8_species_candidates_v1/final_retrieval_library_top35_human_v1/red_capped_robin/items/31_audioevent_5481597/bandpass_tightcrop_1800_8500hz.wav,0.9976,0.9976,dawn,unknown,5.0,5167,5739.0,5742.0,resources/site_257_bowra-dry-a/layer_c_retrieval_top8_species_candidates_v1/final_retrieval_library_top35_human_v1/layer_c_retrieval_top35_event_index.csv,Pass,"human-calibrated bandpass retrieval top35; bandpass=1800-8500Hz; prefilter=Pass; no hard overlapping annotation in bandpass crop; spectral_clutter_ok coverage=0.0129, components_per_s=12.80, col_gt25=0.0000"
red_capped_robin_top35_32_11118148,red_capped_robin,Red-capped Robin,Petroica goodenovii,11118148,resources/site_257_bowra-dry-a/layer_c_retrieval_top8_species_candidates_v1/final_retrieval_library_top35_human_v1/red_capped_robin/items/32_audioevent_11118148/bandpass_tightcrop_1800_8500hz.wav,0.9976,0.9976,dawn,unknown,5.0,5291,4434.0,4437.0,resources/site_257_bowra-dry-a/layer_c_retrieval_top8_species_candidates_v1/final_retrieval_library_top35_human_v1/layer_c_retrieval_top35_event_index.csv,Pass,human-calibrated bandpass retrieval top35; bandpass=1800-8500Hz; prefilter=Pass; spectrogram_warning:too_many_bright_call_marks_per_s=19.00>14.00
red_capped_robin_top35_33_15578841,red_capped_robin,Red-capped Robin,Petroica goodenovii,15578841,resources/site_257_bowra-dry-a/layer_c_retrieval_top8_species_candidates_v1/final_retrieval_library_top35_human_v1/red_capped_robin/items/33_audioevent_15578841/bandpass_tightcrop_1800_8500hz.wav,0.9971,0.9971,dawn,unknown,5.0,1676040,4557.0,4560.0,resources/site_257_bowra-dry-a/layer_c_retrieval_top8_species_candidates_v1/final_retrieval_library_top35_human_v1/layer_c_retrieval_top35_event_index.csv,Pass,human-calibrated bandpass retrieval top35; bandpass=1800-8500Hz; prefilter=Pass; spectrogram_warning:too_many_bright_call_marks_per_s=26.60>14.00
red_capped_robin_top35_34_2515363,red_capped_robin,Red-capped Robin,Petroica goodenovii,2515363,resources/site_257_bowra-dry-a/layer_c_retrieval_top8_species_candidates_v1/final_retrieval_library_top35_human_v1/red_capped_robin/items/34_audioevent_2515363/bandpass_tightcrop_1800_8500hz.wav,0.9971,0.9971,dawn,unknown,3.338,1682549,4479.0,4482.0,resources/site_257_bowra-dry-a/layer_c_retrieval_top8_species_candidates_v1/final_retrieval_library_top35_human_v1/layer_c_retrieval_top35_event_index.csv,Pass,human-calibrated bandpass retrieval top35; bandpass=1800-8500Hz; prefilter=Pass; spectrogram_warning:too_many_bright_call_marks_per_s=16.78>14.00
red_capped_robin_top35_35_9083432,red_capped_robin,Red-capped Robin,Petroica goodenovii,9083432,resources/site_257_bowra-dry-a/layer_c_retrieval_top8_species_candidates_v1/final_retrieval_library_top35_human_v1/red_capped_robin/items/35_audioevent_9083432/bandpass_tightcrop_1800_8500hz.wav,0.9967,0.9967,dawn,unknown,5.0,445540,7056.0,7059.0,resources/site_257_bowra-dry-a/layer_c_retrieval_top8_species_candidates_v1/final_retrieval_library_top35_human_v1/layer_c_retrieval_top35_event_index.csv,Pass,human-calibrated bandpass retrieval top35; bandpass=1800-8500Hz; prefilter=Pass; spectrogram_warning:spectral_clutter_coverage=0.0624>0.0400; too_many_bright_call_marks_per_s=398.20>14.00
southern_boobook_top35_1_14762413,southern_boobook,Southern Boobook,Ninox boobook,14762413,resources/site_257_bowra-dry-a/layer_c_retrieval_top8_species_candidates_v1/final_retrieval_library_top35_human_v1/southern_boobook/items/01_audioevent_14762413/bandpass_tightcrop_450_1300hz.wav,0.9998,0.9998,dusk,unknown,6.0,5001,144.0,147.0,resources/site_257_bowra-dry-a/layer_c_retrieval_top8_species_candidates_v1/final_retrieval_library_top35_human_v1/layer_c_retrieval_top35_event_index.csv,Pass,"human-calibrated bandpass retrieval top35; bandpass=450-1300Hz; prefilter=Pass; no hard overlapping annotation in bandpass crop; spectral_clutter_ok coverage=0.0147, components_per_s=1.17, col_gt25=0.0019"
southern_boobook_top35_2_7294967,southern_boobook,Southern Boobook,Ninox boobook,7294967,resources/site_257_bowra-dry-a/layer_c_retrieval_top8_species_candidates_v1/final_retrieval_library_top35_human_v1/southern_boobook/items/02_audioevent_7294967/bandpass_tightcrop_450_1300hz.wav,0.9998,0.9998,evening,unknown,6.0,5395,5637.0,5640.0,resources/site_257_bowra-dry-a/layer_c_retrieval_top8_species_candidates_v1/final_retrieval_library_top35_human_v1/layer_c_retrieval_top35_event_index.csv,Pass,"human-calibrated bandpass retrieval top35; bandpass=450-1300Hz; prefilter=Pass; 7294966:0.999:1.32s:107:Southern Boobook; target_call_overlap_warning=7294966:0.999:1.32s:107:Southern Boobook; spectral_clutter_ok coverage=0.0285, components_per_s=2.50, col_gt25=0.0000"
southern_boobook_top35_3_14552692,southern_boobook,Southern Boobook,Ninox boobook,14552692,resources/site_257_bowra-dry-a/layer_c_retrieval_top8_species_candidates_v1/final_retrieval_library_top35_human_v1/southern_boobook/items/03_audioevent_14552692/bandpass_tightcrop_450_1300hz.wav,0.9997,0.9997,evening,unknown,6.0,5378,2787.0,2793.0,resources/site_257_bowra-dry-a/layer_c_retrieval_top8_species_candidates_v1/final_retrieval_library_top35_human_v1/layer_c_retrieval_top35_event_index.csv,Pass,human-calibrated bandpass retrieval top35; bandpass=450-1300Hz; prefilter=Pass; spectrogram_warning:spectral_clutter_coverage=0.2091>0.0550; too_many_bright_call_marks_per_s=91.00>8.00; dense_vertical_overlap_fraction=0.2466>0.0500
southern_boobook_top35_4_17104235,southern_boobook,Southern Boobook,Ninox boobook,17104235,resources/site_257_bowra-dry-a/layer_c_retrieval_top8_species_candidates_v1/final_retrieval_library_top35_human_v1/southern_boobook/items/04_audioevent_17104235/bandpass_tightcrop_450_1300hz.wav,0.9995,0.9995,dusk,unknown,6.0,5143,3201.0,3204.0,resources/site_257_bowra-dry-a/layer_c_retrieval_top8_species_candidates_v1/final_retrieval_library_top35_human_v1/layer_c_retrieval_top35_event_index.csv,Pass,human-calibrated bandpass retrieval top35; bandpass=450-1300Hz; prefilter=Pass; spectrogram_warning:spectral_clutter_coverage=0.3138>0.0550; too_many_bright_call_marks_per_s=66.83>8.00; dense_vertical_overlap_fraction=0.6944>0.0500
southern_boobook_top35_5_7074047,southern_boobook,Southern Boobook,Ninox boobook,7074047,resources/site_257_bowra-dry-a/layer_c_retrieval_top8_species_candidates_v1/final_retrieval_library_top35_human_v1/southern_boobook/items/05_audioevent_7074047/bandpass_tightcrop_450_1300hz.wav,0.9993,0.9993,evening,unknown,6.0,214590,990.0,993.0,resources/site_257_bowra-dry-a/layer_c_retrieval_top8_species_candidates_v1/final_retrieval_library_top35_human_v1/layer_c_retrieval_top35_event_index.csv,Pass,human-calibrated bandpass retrieval top35; bandpass=450-1300Hz; prefilter=Pass; spectrogram_warning:spectral_clutter_coverage=0.1628>0.0550; too_many_bright_call_marks_per_s=95.83>8.00; dense_vertical_overlap_fraction=0.0909>0.0500
southern_boobook_top35_6_1499546,southern_boobook,Southern Boobook,Ninox boobook,1499546,resources/site_257_bowra-dry-a/layer_c_retrieval_top8_species_candidates_v1/final_retrieval_library_top35_human_v1/southern_boobook/items/06_audioevent_1499546/bandpass_tightcrop_450_1300hz.wav,0.9991,0.9991,evening,unknown,6.0,214815,6606.0,6609.0,resources/site_257_bowra-dry-a/layer_c_retrieval_top8_species_candidates_v1/final_retrieval_library_top35_human_v1/layer_c_retrieval_top35_event_index.csv,Pass,human-calibrated bandpass retrieval top35; bandpass=450-1300Hz; prefilter=Pass; spectrogram_warning:too_many_bright_call_marks_per_s=16.00>8.00
southern_boobook_top35_7_16256648,southern_boobook,Southern Boobook,Ninox boobook,16256648,resources/site_257_bowra-dry-a/layer_c_retrieval_top8_species_candidates_v1/final_retrieval_library_top35_human_v1/southern_boobook/items/07_audioevent_16256648/bandpass_tightcrop_450_1300hz.wav,0.999,0.999,evening,unknown,6.0,4786,5178.0,5181.0,resources/site_257_bowra-dry-a/layer_c_retrieval_top8_species_candidates_v1/final_retrieval_library_top35_human_v1/layer_c_retrieval_top35_event_index.csv,Pass,human-calibrated bandpass retrieval top35; bandpass=450-1300Hz; prefilter=Pass; spectrogram_warning:spectral_clutter_coverage=0.2752>0.0550; too_many_bright_call_marks_per_s=75.00>8.00; dense_vertical_overlap_fraction=0.5377>0.0500
southern_boobook_top35_10_11419370,southern_boobook,Southern Boobook,Ninox boobook,11419370,resources/site_257_bowra-dry-a/layer_c_retrieval_top8_species_candidates_v1/final_retrieval_library_top35_human_v1/southern_boobook/items/10_audioevent_11419370/bandpass_tightcrop_450_1300hz.wav,0.9989,0.9989,evening,unknown,6.0,1535969,6750.0,6753.0,resources/site_257_bowra-dry-a/layer_c_retrieval_top8_species_candidates_v1/final_retrieval_library_top35_human_v1/layer_c_retrieval_top35_event_index.csv,Pass,human-calibrated bandpass retrieval top35; bandpass=450-1300Hz; prefilter=Pass; spectrogram_warning:too_many_bright_call_marks_per_s=50.33>8.00
southern_boobook_top35_8_5506728,southern_boobook,Southern Boobook,Ninox boobook,5506728,resources/site_257_bowra-dry-a/layer_c_retrieval_top8_species_candidates_v1/final_retrieval_library_top35_human_v1/southern_boobook/items/08_audioevent_5506728/bandpass_tightcrop_450_1300hz.wav,0.9989,0.9989,evening,unknown,6.0,216628,1977.0,1980.0,resources/site_257_bowra-dry-a/layer_c_retrieval_top8_species_candidates_v1/final_retrieval_library_top35_human_v1/layer_c_retrieval_top35_event_index.csv,Pass,human-calibrated bandpass retrieval top35; bandpass=450-1300Hz; prefilter=Pass; spectrogram_warning:spectral_clutter_coverage=0.2793>0.0550; too_many_bright_call_marks_per_s=67.17>8.00; dense_vertical_overlap_fraction=0.5590>0.0500
southern_boobook_top35_9_7086054,southern_boobook,Southern Boobook,Ninox boobook,7086054,resources/site_257_bowra-dry-a/layer_c_retrieval_top8_species_candidates_v1/final_retrieval_library_top35_human_v1/southern_boobook/items/09_audioevent_7086054/bandpass_tightcrop_450_1300hz.wav,0.9989,0.9989,evening,unknown,6.0,216290,6612.0,6615.0,resources/site_257_bowra-dry-a/layer_c_retrieval_top8_species_candidates_v1/final_retrieval_library_top35_human_v1/layer_c_retrieval_top35_event_index.csv,Pass,human-calibrated bandpass retrieval top35; bandpass=450-1300Hz; prefilter=Pass; spectrogram_warning:spectral_clutter_coverage=0.3693>0.0550; too_many_bright_call_marks_per_s=46.00>8.00; dense_vertical_overlap_fraction=0.8723>0.0500
southern_boobook_top35_11_1751326,southern_boobook,Southern Boobook,Ninox boobook,1751326,resources/site_257_bowra-dry-a/layer_c_retrieval_top8_species_candidates_v1/final_retrieval_library_top35_human_v1/southern_boobook/items/11_audioevent_1751326/bandpass_tightcrop_450_1300hz.wav,0.9986,0.9986,evening,unknown,6.0,216364,3921.0,3924.0,resources/site_257_bowra-dry-a/layer_c_retrieval_top8_species_candidates_v1/final_retrieval_library_top35_human_v1/layer_c_retrieval_top35_event_index.csv,Pass,human-calibrated bandpass retrieval top35; bandpass=450-1300Hz; prefilter=Pass; spectrogram_warning:spectral_clutter_coverage=0.2095>0.0550; too_many_bright_call_marks_per_s=71.50>8.00; dense_vertical_overlap_fraction=0.2369>0.0500
southern_boobook_top35_12_8218946,southern_boobook,Southern Boobook,Ninox boobook,8218946,resources/site_257_bowra-dry-a/layer_c_retrieval_top8_species_candidates_v1/final_retrieval_library_top35_human_v1/southern_boobook/items/12_audioevent_8218946/bandpass_tightcrop_450_1300hz.wav,0.9986,0.9986,evening,unknown,6.0,5323,5679.0,5685.0,resources/site_257_bowra-dry-a/layer_c_retrieval_top8_species_candidates_v1/final_retrieval_library_top35_human_v1/layer_c_retrieval_top35_event_index.csv,Pass,human-calibrated bandpass retrieval top35; bandpass=450-1300Hz; prefilter=Pass; spectrogram_warning:spectral_clutter_coverage=0.1076>0.0550; too_many_bright_call_marks_per_s=72.33>8.00; dense_vertical_overlap_fraction=0.0716>0.0500
southern_boobook_top35_13_22651985,southern_boobook,Southern Boobook,Ninox boobook,22651985,resources/site_257_bowra-dry-a/layer_c_retrieval_top8_species_candidates_v1/final_retrieval_library_top35_human_v1/southern_boobook/items/13_audioevent_22651985/bandpass_tightcrop_450_1300hz.wav,0.9981,0.9981,evening,unknown,6.0,216439,7149.0,7152.0,resources/site_257_bowra-dry-a/layer_c_retrieval_top8_species_candidates_v1/final_retrieval_library_top35_human_v1/layer_c_retrieval_top35_event_index.csv,Pass,human-calibrated bandpass retrieval top35; bandpass=450-1300Hz; prefilter=Pass; spectrogram_warning:spectral_clutter_coverage=0.2224>0.0550; too_many_bright_call_marks_per_s=89.50>8.00; dense_vertical_overlap_fraction=0.3230>0.0500
southern_boobook_top35_14_5867456,southern_boobook,Southern Boobook,Ninox boobook,5867456,resources/site_257_bowra-dry-a/layer_c_retrieval_top8_species_candidates_v1/final_retrieval_library_top35_human_v1/southern_boobook/items/14_audioevent_5867456/bandpass_tightcrop_450_1300hz.wav,0.9979,0.9979,evening,unknown,6.0,215973,1056.0,1059.0,resources/site_257_bowra-dry-a/layer_c_retrieval_top8_species_candidates_v1/final_retrieval_library_top35_human_v1/layer_c_retrieval_top35_event_index.csv,Pass,human-calibrated bandpass retrieval top35; bandpass=450-1300Hz; prefilter=Pass; spectrogram_warning:spectral_clutter_coverage=0.4997>0.0550; too_many_bright_call_marks_per_s=15.50>8.00; dense_vertical_overlap_fraction=0.9903>0.0500
southern_boobook_top35_15_14888973,southern_boobook,Southern Boobook,Ninox boobook,14888973,resources/site_257_bowra-dry-a/layer_c_retrieval_top8_species_candidates_v1/final_retrieval_library_top35_human_v1/southern_boobook/items/15_audioevent_14888973/bandpass_tightcrop_450_1300hz.wav,0.9979,0.9979,dawn,unknown,6.0,5464,6006.0,6009.0,resources/site_257_bowra-dry-a/layer_c_retrieval_top8_species_candidates_v1/final_retrieval_library_top35_human_v1/layer_c_retrieval_top35_event_index.csv,Pass,human-calibrated bandpass retrieval top35; bandpass=450-1300Hz; prefilter=Pass; spectrogram_warning:spectral_clutter_coverage=0.3560>0.0550; too_many_bright_call_marks_per_s=48.00>8.00; dense_vertical_overlap_fraction=0.8482>0.0500
southern_boobook_top35_16_3114600,southern_boobook,Southern Boobook,Ninox boobook,3114600,resources/site_257_bowra-dry-a/layer_c_retrieval_top8_species_candidates_v1/final_retrieval_library_top35_human_v1/southern_boobook/items/16_audioevent_3114600/bandpass_tightcrop_450_1300hz.wav,0.9978,0.9978,dawn,unknown,6.0,216375,5142.0,5145.0,resources/site_257_bowra-dry-a/layer_c_retrieval_top8_species_candidates_v1/final_retrieval_library_top35_human_v1/layer_c_retrieval_top35_event_index.csv,Pass,human-calibrated bandpass retrieval top35; bandpass=450-1300Hz; prefilter=Pass; spectrogram_warning:spectral_clutter_coverage=0.0867>0.0550; too_many_bright_call_marks_per_s=85.67>8.00
southern_boobook_top35_17_8156383,southern_boobook,Southern Boobook,Ninox boobook,8156383,resources/site_257_bowra-dry-a/layer_c_retrieval_top8_species_candidates_v1/final_retrieval_library_top35_human_v1/southern_boobook/items/17_audioevent_8156383/bandpass_tightcrop_450_1300hz.wav,0.9975,0.9975,dawn,unknown,6.0,216296,4440.0,4443.0,resources/site_257_bowra-dry-a/layer_c_retrieval_top8_species_candidates_v1/final_retrieval_library_top35_human_v1/layer_c_retrieval_top35_event_index.csv,Pass,human-calibrated bandpass retrieval top35; bandpass=450-1300Hz; prefilter=Pass; spectrogram_warning:spectral_clutter_coverage=0.3703>0.0550; too_many_bright_call_marks_per_s=49.17>8.00; dense_vertical_overlap_fraction=0.8598>0.0500
southern_boobook_top35_18_2694149,southern_boobook,Southern Boobook,Ninox boobook,2694149,resources/site_257_bowra-dry-a/layer_c_retrieval_top8_species_candidates_v1/final_retrieval_library_top35_human_v1/southern_boobook/items/18_audioevent_2694149/bandpass_tightcrop_450_1300hz.wav,0.9973,0.9973,dawn,unknown,6.0,5390,4854.0,4860.0,resources/site_257_bowra-dry-a/layer_c_retrieval_top8_species_candidates_v1/final_retrieval_library_top35_human_v1/layer_c_retrieval_top35_event_index.csv,Pass,human-calibrated bandpass retrieval top35; bandpass=450-1300Hz; prefilter=Pass; spectrogram_warning:spectral_clutter_coverage=0.1815>0.0550; too_many_bright_call_marks_per_s=91.17>8.00; dense_vertical_overlap_fraction=0.1779>0.0500
southern_boobook_top35_19_13263702,southern_boobook,Southern Boobook,Ninox boobook,13263702,resources/site_257_bowra-dry-a/layer_c_retrieval_top8_species_candidates_v1/final_retrieval_library_top35_human_v1/southern_boobook/items/19_audioevent_13263702/bandpass_tightcrop_450_1300hz.wav,0.9972,0.9972,evening,unknown,6.0,5501,6777.0,6780.0,resources/site_257_bowra-dry-a/layer_c_retrieval_top8_species_candidates_v1/final_retrieval_library_top35_human_v1/layer_c_retrieval_top35_event_index.csv,Pass,human-calibrated bandpass retrieval top35; bandpass=450-1300Hz; prefilter=Pass; spectrogram_warning:spectral_clutter_coverage=0.6292>0.0550; too_many_bright_call_marks_per_s=9.00>8.00; dense_vertical_overlap_fraction=0.9990>0.0500
southern_boobook_top35_20_14313030,southern_boobook,Southern Boobook,Ninox boobook,14313030,resources/site_257_bowra-dry-a/layer_c_retrieval_top8_species_candidates_v1/final_retrieval_library_top35_human_v1/southern_boobook/items/20_audioevent_14313030/bandpass_tightcrop_450_1300hz.wav,0.9971,0.9971,dusk,unknown,6.0,4795,3093.0,3096.0,resources/site_257_bowra-dry-a/layer_c_retrieval_top8_species_candidates_v1/final_retrieval_library_top35_human_v1/layer_c_retrieval_top35_event_index.csv,Pass,human-calibrated bandpass retrieval top35; bandpass=450-1300Hz; prefilter=Pass; spectrogram_warning:spectral_clutter_coverage=0.4443>0.0550; too_many_bright_call_marks_per_s=30.50>8.00; dense_vertical_overlap_fraction=0.9700>0.0500
southern_boobook_top35_21_22464643,southern_boobook,Southern Boobook,Ninox boobook,22464643,resources/site_257_bowra-dry-a/layer_c_retrieval_top8_species_candidates_v1/final_retrieval_library_top35_human_v1/southern_boobook/items/21_audioevent_22464643/bandpass_tightcrop_450_1300hz.wav,0.9963,0.9963,evening,unknown,6.0,216575,3795.0,3798.0,resources/site_257_bowra-dry-a/layer_c_retrieval_top8_species_candidates_v1/final_retrieval_library_top35_human_v1/layer_c_retrieval_top35_event_index.csv,Pass,human-calibrated bandpass retrieval top35; bandpass=450-1300Hz; prefilter=Pass; spectrogram_warning:spectral_clutter_coverage=0.6385>0.0550; too_many_bright_call_marks_per_s=9.00>8.00; dense_vertical_overlap_fraction=1.0000>0.0500
southern_boobook_top35_22_3632581,southern_boobook,Southern Boobook,Ninox boobook,3632581,resources/site_257_bowra-dry-a/layer_c_retrieval_top8_species_candidates_v1/final_retrieval_library_top35_human_v1/southern_boobook/items/22_audioevent_3632581/bandpass_tightcrop_450_1300hz.wav,0.9959,0.9959,dusk,unknown,6.0,5316,3492.0,3501.0,resources/site_257_bowra-dry-a/layer_c_retrieval_top8_species_candidates_v1/final_retrieval_library_top35_human_v1/layer_c_retrieval_top35_event_index.csv,Pass,human-calibrated bandpass retrieval top35; bandpass=450-1300Hz; prefilter=Pass; spectrogram_warning:spectral_clutter_coverage=0.1491>0.0550; too_many_bright_call_marks_per_s=93.83>8.00; dense_vertical_overlap_fraction=0.0870>0.0500
southern_boobook_top35_23_9075861,southern_boobook,Southern Boobook,Ninox boobook,9075861,resources/site_257_bowra-dry-a/layer_c_retrieval_top8_species_candidates_v1/final_retrieval_library_top35_human_v1/southern_boobook/items/23_audioevent_9075861/bandpass_tightcrop_450_1300hz.wav,0.9945,0.9945,dawn,unknown,6.0,1535820,5304.0,5313.0,resources/site_257_bowra-dry-a/layer_c_retrieval_top8_species_candidates_v1/final_retrieval_library_top35_human_v1/layer_c_retrieval_top35_event_index.csv,Pass,human-calibrated bandpass retrieval top35; bandpass=450-1300Hz; prefilter=Pass; spectrogram_warning:spectral_clutter_coverage=0.2054>0.0550; too_many_bright_call_marks_per_s=86.67>8.00; dense_vertical_overlap_fraction=0.2418>0.0500
southern_boobook_top35_24_6908559,southern_boobook,Southern Boobook,Ninox boobook,6908559,resources/site_257_bowra-dry-a/layer_c_retrieval_top8_species_candidates_v1/final_retrieval_library_top35_human_v1/southern_boobook/items/24_audioevent_6908559/bandpass_tightcrop_450_1300hz.wav,0.9941,0.9941,evening,unknown,6.0,215654,5925.0,5928.0,resources/site_257_bowra-dry-a/layer_c_retrieval_top8_species_candidates_v1/final_retrieval_library_top35_human_v1/layer_c_retrieval_top35_event_index.csv,Pass,human-calibrated bandpass retrieval top35; bandpass=450-1300Hz; prefilter=Pass; spectrogram_warning:spectral_clutter_coverage=0.1827>0.0550; too_many_bright_call_marks_per_s=81.33>8.00; dense_vertical_overlap_fraction=0.1615>0.0500
southern_boobook_top35_25_9875527,southern_boobook,Southern Boobook,Ninox boobook,9875527,resources/site_257_bowra-dry-a/layer_c_retrieval_top8_species_candidates_v1/final_retrieval_library_top35_human_v1/southern_boobook/items/25_audioevent_9875527/bandpass_tightcrop_450_1300hz.wav,0.9936,0.9936,dawn,unknown,6.0,1679984,3672.0,3675.0,resources/site_257_bowra-dry-a/layer_c_retrieval_top8_species_candidates_v1/final_retrieval_library_top35_human_v1/layer_c_retrieval_top35_event_index.csv,Pass,human-calibrated bandpass retrieval top35; bandpass=450-1300Hz; prefilter=Pass; spectrogram_warning:spectral_clutter_coverage=0.9083>0.0550; dense_vertical_overlap_fraction=1.0000>0.0500
southern_boobook_top35_26_3535476,southern_boobook,Southern Boobook,Ninox boobook,3535476,resources/site_257_bowra-dry-a/layer_c_retrieval_top8_species_candidates_v1/final_retrieval_library_top35_human_v1/southern_boobook/items/26_audioevent_3535476/bandpass_tightcrop_450_1300hz.wav,0.9933,0.9933,dusk,unknown,6.0,4991,2838.0,2841.0,resources/site_257_bowra-dry-a/layer_c_retrieval_top8_species_candidates_v1/final_retrieval_library_top35_human_v1/layer_c_retrieval_top35_event_index.csv,Pass,human-calibrated bandpass retrieval top35; bandpass=450-1300Hz; prefilter=Pass; spectrogram_warning:spectral_clutter_coverage=0.4846>0.0550; too_many_bright_call_marks_per_s=27.17>8.00; dense_vertical_overlap_fraction=0.9903>0.0500
southern_boobook_top35_27_13564753,southern_boobook,Southern Boobook,Ninox boobook,13564753,resources/site_257_bowra-dry-a/layer_c_retrieval_top8_species_candidates_v1/final_retrieval_library_top35_human_v1/southern_boobook/items/27_audioevent_13564753/bandpass_tightcrop_450_1300hz.wav,0.9933,0.9933,evening,unknown,6.0,5402,24.0,27.0,resources/site_257_bowra-dry-a/layer_c_retrieval_top8_species_candidates_v1/final_retrieval_library_top35_human_v1/layer_c_retrieval_top35_event_index.csv,Pass,human-calibrated bandpass retrieval top35; bandpass=450-1300Hz; prefilter=Pass; spectrogram_warning:spectral_clutter_coverage=0.6628>0.0550; dense_vertical_overlap_fraction=1.0000>0.0500
southern_boobook_top35_28_5532088,southern_boobook,Southern Boobook,Ninox boobook,5532088,resources/site_257_bowra-dry-a/layer_c_retrieval_top8_species_candidates_v1/final_retrieval_library_top35_human_v1/southern_boobook/items/28_audioevent_5532088/bandpass_tightcrop_450_1300hz.wav,0.9913,0.9913,dusk,unknown,6.0,5275,3477.0,3480.0,resources/site_257_bowra-dry-a/layer_c_retrieval_top8_species_candidates_v1/final_retrieval_library_top35_human_v1/layer_c_retrieval_top35_event_index.csv,Pass,human-calibrated bandpass retrieval top35; bandpass=450-1300Hz; prefilter=Pass; spectrogram_warning:spectral_clutter_coverage=0.4880>0.0550; too_many_bright_call_marks_per_s=25.83>8.00; dense_vertical_overlap_fraction=0.9903>0.0500
southern_boobook_top35_29_6718780,southern_boobook,Southern Boobook,Ninox boobook,6718780,resources/site_257_bowra-dry-a/layer_c_retrieval_top8_species_candidates_v1/final_retrieval_library_top35_human_v1/southern_boobook/items/29_audioevent_6718780/bandpass_tightcrop_450_1300hz.wav,0.9913,0.9913,evening,unknown,6.0,5361,2376.0,2379.0,resources/site_257_bowra-dry-a/layer_c_retrieval_top8_species_candidates_v1/final_retrieval_library_top35_human_v1/layer_c_retrieval_top35_event_index.csv,Pass,human-calibrated bandpass retrieval top35; bandpass=450-1300Hz; prefilter=Pass; spectrogram_warning:spectral_clutter_coverage=0.8057>0.0550; dense_vertical_overlap_fraction=1.0000>0.0500
southern_boobook_top35_30_16093015,southern_boobook,Southern Boobook,Ninox boobook,16093015,resources/site_257_bowra-dry-a/layer_c_retrieval_top8_species_candidates_v1/final_retrieval_library_top35_human_v1/southern_boobook/items/30_audioevent_16093015/bandpass_tightcrop_450_1300hz.wav,0.9903,0.9903,dawn,unknown,6.0,1401816,4665.0,4671.0,resources/site_257_bowra-dry-a/layer_c_retrieval_top8_species_candidates_v1/final_retrieval_library_top35_human_v1/layer_c_retrieval_top35_event_index.csv,Pass,human-calibrated bandpass retrieval top35; bandpass=450-1300Hz; prefilter=Pass; spectrogram_warning:spectral_clutter_coverage=0.3221>0.0550; too_many_bright_call_marks_per_s=61.17>8.00; dense_vertical_overlap_fraction=0.7215>0.0500
southern_boobook_top35_31_9529767,southern_boobook,Southern Boobook,Ninox boobook,9529767,resources/site_257_bowra-dry-a/layer_c_retrieval_top8_species_candidates_v1/final_retrieval_library_top35_human_v1/southern_boobook/items/31_audioevent_9529767/bandpass_tightcrop_450_1300hz.wav,0.9889,0.9889,evening,unknown,6.0,216076,6264.0,6267.0,resources/site_257_bowra-dry-a/layer_c_retrieval_top8_species_candidates_v1/final_retrieval_library_top35_human_v1/layer_c_retrieval_top35_event_index.csv,Pass,human-calibrated bandpass retrieval top35; bandpass=450-1300Hz; prefilter=Pass; spectrogram_warning:spectral_clutter_coverage=0.5825>0.0550; too_many_bright_call_marks_per_s=14.17>8.00; dense_vertical_overlap_fraction=0.9981>0.0500
southern_boobook_top35_32_7883804,southern_boobook,Southern Boobook,Ninox boobook,7883804,resources/site_257_bowra-dry-a/layer_c_retrieval_top8_species_candidates_v1/final_retrieval_library_top35_human_v1/southern_boobook/items/32_audioevent_7883804/bandpass_tightcrop_450_1300hz.wav,0.9883,0.9883,dusk,unknown,6.0,5233,3522.0,3525.0,resources/site_257_bowra-dry-a/layer_c_retrieval_top8_species_candidates_v1/final_retrieval_library_top35_human_v1/layer_c_retrieval_top35_event_index.csv,Pass,human-calibrated bandpass retrieval top35; bandpass=450-1300Hz; prefilter=Pass; spectrogram_warning:spectral_clutter_coverage=0.6984>0.0550; dense_vertical_overlap_fraction=1.0000>0.0500
southern_boobook_top35_33_10973251,southern_boobook,Southern Boobook,Ninox boobook,10973251,resources/site_257_bowra-dry-a/layer_c_retrieval_top8_species_candidates_v1/final_retrieval_library_top35_human_v1/southern_boobook/items/33_audioevent_10973251/bandpass_tightcrop_450_1300hz.wav,0.9883,0.9883,dawn,unknown,6.0,1536299,4080.0,4083.0,resources/site_257_bowra-dry-a/layer_c_retrieval_top8_species_candidates_v1/final_retrieval_library_top35_human_v1/layer_c_retrieval_top35_event_index.csv,Pass,human-calibrated bandpass retrieval top35; bandpass=450-1300Hz; prefilter=Pass; spectrogram_warning:spectral_clutter_coverage=0.4059>0.0550; too_many_bright_call_marks_per_s=38.83>8.00; dense_vertical_overlap_fraction=0.9139>0.0500
southern_boobook_top35_34_337713,southern_boobook,Southern Boobook,Ninox boobook,337713,resources/site_257_bowra-dry-a/layer_c_retrieval_top8_species_candidates_v1/final_retrieval_library_top35_human_v1/southern_boobook/items/34_audioevent_337713/bandpass_tightcrop_450_1300hz.wav,0.988,0.988,evening,unknown,6.0,5541,1689.0,1692.0,resources/site_257_bowra-dry-a/layer_c_retrieval_top8_species_candidates_v1/final_retrieval_library_top35_human_v1/layer_c_retrieval_top35_event_index.csv,Pass,human-calibrated bandpass retrieval top35; bandpass=450-1300Hz; prefilter=Pass; spectrogram_warning:spectral_clutter_coverage=0.4309>0.0550; too_many_bright_call_marks_per_s=36.17>8.00; dense_vertical_overlap_fraction=0.9758>0.0500
southern_boobook_top35_35_3055161,southern_boobook,Southern Boobook,Ninox boobook,3055161,resources/site_257_bowra-dry-a/layer_c_retrieval_top8_species_candidates_v1/final_retrieval_library_top35_human_v1/southern_boobook/items/35_audioevent_3055161/bandpass_tightcrop_450_1300hz.wav,0.985,0.985,evening,unknown,6.0,1402211,2481.0,2487.0,resources/site_257_bowra-dry-a/layer_c_retrieval_top8_species_candidates_v1/final_retrieval_library_top35_human_v1/layer_c_retrieval_top35_event_index.csv,Pass,human-calibrated bandpass retrieval top35; bandpass=450-1300Hz; prefilter=Pass; spectrogram_warning:spectral_clutter_coverage=0.3064>0.0550; too_many_bright_call_marks_per_s=67.67>8.00; dense_vertical_overlap_fraction=0.6470>0.0500
splendid_fairywren_final_15_13490756,splendid_fairywren,Splendid Fairywren,Malurus splendens,13490756,resources/site_257_bowra-dry-a/layer_c_retrieval_event_library_split_v1/splendid_fairywren/items/16_audioevent_13490756/audio_refined.wav,0.9851,25.67588,dawn,spring,5.250,445539,2.500,7.750,resources/site_257_bowra-dry-a/layer_c_retrieval_event_library_split_v1/final_pass_library_v1/layer_c_retrieval_final_pass_event_index.csv,Pass,core; source_segment_tail_extension_1p25s_bandpass_3500_7600hz
splendid_fairywren_final_4_3797024,splendid_fairywren,Splendid Fairywren,Malurus splendens,3797024,resources/site_257_bowra-dry-a/layer_c_retrieval_event_library_split_v1/splendid_fairywren/items/04_audioevent_3797024/audio_refined.wav,0.9967,23.341146,dawn,autumn,5.250,1535461,2.500,7.750,resources/site_257_bowra-dry-a/layer_c_retrieval_event_library_split_v1/final_pass_library_v1/layer_c_retrieval_final_pass_event_index.csv,Pass,core; source_segment_tail_extension_1p25s_bandpass_3500_7600hz
splendid_fairywren_final_18_23826720,splendid_fairywren,Splendid Fairywren,Malurus splendens,23826720,resources/site_257_bowra-dry-a/layer_c_retrieval_event_library_split_v1/splendid_fairywren/items/19_audioevent_23826720/audio_refined.wav,0.9748,22.002473,dawn,spring,8.250,1536133,2.500,10.750,resources/site_257_bowra-dry-a/layer_c_retrieval_event_library_split_v1/final_pass_library_v1/layer_c_retrieval_final_pass_event_index.csv,Pass,core; source_segment_tail_extension_1p25s_bandpass_3500_7600hz
splendid_fairywren_final_13_374366,splendid_fairywren,Splendid Fairywren,Malurus splendens,374366,resources/site_257_bowra-dry-a/layer_c_retrieval_event_library_split_v1/splendid_fairywren/items/14_audioevent_374366/audio_refined.wav,0.9865,21.900955,dawn,summer,5.250,1679728,2.500,7.750,resources/site_257_bowra-dry-a/layer_c_retrieval_event_library_split_v1/final_pass_library_v1/layer_c_retrieval_final_pass_event_index.csv,Pass,core; source_segment_tail_extension_1p25s_bandpass_3500_7600hz
splendid_fairywren_final_1_15189123,splendid_fairywren,Splendid Fairywren,Malurus splendens,15189123,resources/site_257_bowra-dry-a/layer_c_retrieval_event_library_split_v1/splendid_fairywren/items/01_audioevent_15189123/audio_refined.wav,0.9979,21.13848,dawn,spring,5.250,1677472,2.500,7.750,resources/site_257_bowra-dry-a/layer_c_retrieval_event_library_split_v1/final_pass_library_v1/layer_c_retrieval_final_pass_event_index.csv,Pass,core; source_segment_tail_extension_1p25s_bandpass_3500_7600hz
splendid_fairywren_final_8_6904411,splendid_fairywren,Splendid Fairywren,Malurus splendens,6904411,resources/site_257_bowra-dry-a/layer_c_retrieval_event_library_split_v1/splendid_fairywren/items/09_audioevent_6904411/audio_refined.wav,0.9925,18.882419,dawn,summer,5.250,1402591,2.500,7.750,resources/site_257_bowra-dry-a/layer_c_retrieval_event_library_split_v1/final_pass_library_v1/layer_c_retrieval_final_pass_event_index.csv,Pass,core; source_segment_tail_extension_1p25s_bandpass_3500_7600hz
splendid_fairywren_final_10_2247215,splendid_fairywren,Splendid Fairywren,Malurus splendens,2247215,resources/site_257_bowra-dry-a/layer_c_retrieval_event_library_split_v1/splendid_fairywren/items/11_audioevent_2247215/audio_refined.wav,0.9902,17.980453,dawn,summer,5.250,1676758,2.500,7.750,resources/site_257_bowra-dry-a/layer_c_retrieval_event_library_split_v1/final_pass_library_v1/layer_c_retrieval_final_pass_event_index.csv,Pass,core; source_segment_tail_extension_1p25s_bandpass_3500_7600hz
splendid_fairywren_final_22_13845957,splendid_fairywren,Splendid Fairywren,Malurus splendens,13845957,resources/site_257_bowra-dry-a/layer_c_retrieval_event_library_split_v1/splendid_fairywren/items/23_audioevent_13845957/audio_refined.wav,0.9184,17.075697,dawn,spring,8.250,1678678,2.500,10.750,resources/site_257_bowra-dry-a/layer_c_retrieval_event_library_split_v1/final_pass_library_v1/layer_c_retrieval_final_pass_event_index.csv,Pass,core; source_segment_tail_extension_1p25s_bandpass_3500_7600hz
splendid_fairywren_final_16_13404993,splendid_fairywren,Splendid Fairywren,Malurus splendens,13404993,resources/site_257_bowra-dry-a/layer_c_retrieval_event_library_split_v1/splendid_fairywren/items/17_audioevent_13404993/audio_refined.wav,0.985,16.857355,dawn,winter,7.000,1536304,0.000,7.000,resources/site_257_bowra-dry-a/layer_c_retrieval_event_library_split_v1/final_pass_library_v1/layer_c_retrieval_final_pass_event_index.csv,Pass,core; source_segment_tail_extension_1p25s_bandpass_3500_7600hz
splendid_fairywren_final_23_14461683,splendid_fairywren,Splendid Fairywren,Malurus splendens,14461683,resources/site_257_bowra-dry-a/layer_c_retrieval_event_library_split_v1/splendid_fairywren/supplement_to_30_v1/items/02_audioevent_14461683/audio_extended_bandpass.wav,0.9798,16.64626,dawn,autumn,6.750,216580,,,resources/site_257_bowra-dry-a/layer_c_retrieval_event_library_split_v1/final_pass_library_v1/layer_c_retrieval_final_pass_event_index.csv,Pass,supplement; source_segment_tail_extension_2.75s; bandpass=3500-7600Hz
splendid_fairywren_final_24_11250433,splendid_fairywren,Splendid Fairywren,Malurus splendens,11250433,resources/site_257_bowra-dry-a/layer_c_retrieval_event_library_split_v1/splendid_fairywren/supplement_to_30_v1/items/03_audioevent_11250433/audio_extended_bandpass.wav,0.9955,15.790378,morning,summer,6.750,1402704,,,resources/site_257_bowra-dry-a/layer_c_retrieval_event_library_split_v1/final_pass_library_v1/layer_c_retrieval_final_pass_event_index.csv,Pass,supplement; source_segment_tail_extension_2.75s; bandpass=3500-7600Hz
splendid_fairywren_final_25_8284270,splendid_fairywren,Splendid Fairywren,Malurus splendens,8284270,resources/site_257_bowra-dry-a/layer_c_retrieval_event_library_split_v1/splendid_fairywren/supplement_to_30_v1/items/04_audioevent_8284270/audio_extended_bandpass.wav,0.9918,15.446341,dawn,summer,6.750,1401389,,,resources/site_257_bowra-dry-a/layer_c_retrieval_event_library_split_v1/final_pass_library_v1/layer_c_retrieval_final_pass_event_index.csv,Pass,supplement; source_segment_tail_extension_2.75s; bandpass=3500-7600Hz
splendid_fairywren_final_26_11641459,splendid_fairywren,Splendid Fairywren,Malurus splendens,11641459,resources/site_257_bowra-dry-a/layer_c_retrieval_event_library_split_v1/splendid_fairywren/supplement_to_30_v1/items/06_audioevent_11641459/audio_extended_bandpass.wav,0.9991,14.68828,dawn,spring,6.750,1667804,,,resources/site_257_bowra-dry-a/layer_c_retrieval_event_library_split_v1/final_pass_library_v1/layer_c_retrieval_final_pass_event_index.csv,Pass,supplement; source_segment_tail_extension_2.75s; bandpass=3500-7600Hz
splendid_fairywren_final_21_16425656,splendid_fairywren,Splendid Fairywren,Malurus splendens,16425656,resources/site_257_bowra-dry-a/layer_c_retrieval_event_library_split_v1/splendid_fairywren/items/22_audioevent_16425656/audio_refined.wav,0.9443,13.843533,dawn,summer,5.250,1402213,2.500,7.750,resources/site_257_bowra-dry-a/layer_c_retrieval_event_library_split_v1/final_pass_library_v1/layer_c_retrieval_final_pass_event_index.csv,Pass,core; source_segment_tail_extension_1p25s_bandpass_3500_7600hz
splendid_fairywren_final_27_10902831,splendid_fairywren,Splendid Fairywren,Malurus splendens,10902831,resources/site_257_bowra-dry-a/layer_c_retrieval_event_library_split_v1/splendid_fairywren/supplement_to_30_v1/items/08_audioevent_10902831/audio_extended_bandpass.wav,0.9904,13.681181,dawn,autumn,6.750,1402589,,,resources/site_257_bowra-dry-a/layer_c_retrieval_event_library_split_v1/final_pass_library_v1/layer_c_retrieval_final_pass_event_index.csv,Pass,supplement; source_segment_tail_extension_2.75s; bandpass=3500-7600Hz
splendid_fairywren_final_28_22399073,splendid_fairywren,Splendid Fairywren,Malurus splendens,22399073,resources/site_257_bowra-dry-a/layer_c_retrieval_event_library_split_v1/splendid_fairywren/supplement_to_30_v1/items/09_audioevent_22399073/audio_extended_bandpass.wav,0.9519,13.53191,dawn,autumn,6.750,1536874,,,resources/site_257_bowra-dry-a/layer_c_retrieval_event_library_split_v1/final_pass_library_v1/layer_c_retrieval_final_pass_event_index.csv,Pass,supplement; source_segment_tail_extension_2.75s; bandpass=3500-7600Hz
splendid_fairywren_final_11_24065199,splendid_fairywren,Splendid Fairywren,Malurus splendens,24065199,resources/site_257_bowra-dry-a/layer_c_retrieval_event_library_split_v1/splendid_fairywren/items/12_audioevent_24065199/audio_refined.wav,0.9901,13.348132,dawn,summer,5.250,1401800,2.500,7.750,resources/site_257_bowra-dry-a/layer_c_retrieval_event_library_split_v1/final_pass_library_v1/layer_c_retrieval_final_pass_event_index.csv,Pass,core; source_segment_tail_extension_1p25s_bandpass_3500_7600hz
splendid_fairywren_final_29_19854851,splendid_fairywren,Splendid Fairywren,Malurus splendens,19854851,resources/site_257_bowra-dry-a/layer_c_retrieval_event_library_split_v1/splendid_fairywren/supplement_to_30_v1/items/10_audioevent_19854851/audio_extended_bandpass.wav,0.9891,12.566466,dawn,autumn,6.750,216330,,,resources/site_257_bowra-dry-a/layer_c_retrieval_event_library_split_v1/final_pass_library_v1/layer_c_retrieval_final_pass_event_index.csv,Pass,supplement; source_segment_tail_extension_2.75s; bandpass=3500-7600Hz
splendid_fairywren_final_30_10224007,splendid_fairywren,Splendid Fairywren,Malurus splendens,10224007,resources/site_257_bowra-dry-a/layer_c_retrieval_event_library_split_v1/splendid_fairywren/supplement_to_30_v1/items/11_audioevent_10224007/audio_extended_bandpass.wav,0.9695,12.529473,dawn,autumn,6.750,216343,,,resources/site_257_bowra-dry-a/layer_c_retrieval_event_library_split_v1/final_pass_library_v1/layer_c_retrieval_final_pass_event_index.csv,Pass,supplement; source_segment_tail_extension_2.75s; bandpass=3500-7600Hz
splendid_fairywren_final_20_5745720,splendid_fairywren,Splendid Fairywren,Malurus splendens,5745720,resources/site_257_bowra-dry-a/layer_c_retrieval_event_library_split_v1/splendid_fairywren/items/21_audioevent_5745720/audio_refined.wav,0.9563,12.529019,dawn,autumn,8.250,216491,2.500,10.750,resources/site_257_bowra-dry-a/layer_c_retrieval_event_library_split_v1/final_pass_library_v1/layer_c_retrieval_final_pass_event_index.csv,Pass,core; source_segment_tail_extension_1p25s_bandpass_3500_7600hz
splendid_fairywren_final_31_14801527,splendid_fairywren,Splendid Fairywren,Malurus splendens,14801527,resources/site_257_bowra-dry-a/layer_c_retrieval_event_library_split_v1/splendid_fairywren/supplement_to_30_v1/items/12_audioevent_14801527/audio_extended_bandpass.wav,0.9894,12.35813,dawn,summer,6.750,1402736,,,resources/site_257_bowra-dry-a/layer_c_retrieval_event_library_split_v1/final_pass_library_v1/layer_c_retrieval_final_pass_event_index.csv,Pass,supplement; source_segment_tail_extension_2.75s; bandpass=3500-7600Hz
splendid_fairywren_final_32_16093061,splendid_fairywren,Splendid Fairywren,Malurus splendens,16093061,resources/site_257_bowra-dry-a/layer_c_retrieval_event_library_split_v1/splendid_fairywren/supplement_to_30_v1/items/14_audioevent_16093061/audio_extended_bandpass.wav,0.9835,11.663643,dawn,summer,6.750,1401816,,,resources/site_257_bowra-dry-a/layer_c_retrieval_event_library_split_v1/final_pass_library_v1/layer_c_retrieval_final_pass_event_index.csv,Pass,supplement; source_segment_tail_extension_2.75s; bandpass=3500-7600Hz
splendid_fairywren_final_17_4549431,splendid_fairywren,Splendid Fairywren,Malurus splendens,4549431,resources/site_257_bowra-dry-a/layer_c_retrieval_event_library_split_v1/splendid_fairywren/items/18_audioevent_4549431/audio_refined.wav,0.9752,9.238706,morning,winter,8.250,1535932,2.500,10.750,resources/site_257_bowra-dry-a/layer_c_retrieval_event_library_split_v1/final_pass_library_v1/layer_c_retrieval_final_pass_event_index.csv,Pass,core; source_segment_tail_extension_1p25s_bandpass_3500_7600hz
splendid_fairywren_final_19_18788757,splendid_fairywren,Splendid Fairywren,Malurus splendens,18788757,resources/site_257_bowra-dry-a/layer_c_retrieval_event_library_split_v1/splendid_fairywren/items/20_audioevent_18788757/audio_refined.wav,0.9703,7.501431,dawn,spring,8.250,1677069,2.500,10.750,resources/site_257_bowra-dry-a/layer_c_retrieval_event_library_split_v1/final_pass_library_v1/layer_c_retrieval_final_pass_event_index.csv,Pass,core; source_segment_tail_extension_1p25s_bandpass_3500_7600hz
splendid_fairywren_final_12_23761524,splendid_fairywren,Splendid Fairywren,Malurus splendens,23761524,resources/site_257_bowra-dry-a/layer_c_retrieval_event_library_split_v1/splendid_fairywren/items/13_audioevent_23761524/audio_refined.wav,0.9891,6.464093,dawn,summer,5.250,1677520,2.500,7.750,resources/site_257_bowra-dry-a/layer_c_retrieval_event_library_split_v1/final_pass_library_v1/layer_c_retrieval_final_pass_event_index.csv,Pass,core; source_segment_tail_extension_1p25s_bandpass_3500_7600hz
splendid_fairywren_final_3_1207427,splendid_fairywren,Splendid Fairywren,Malurus splendens,1207427,resources/site_257_bowra-dry-a/layer_c_retrieval_event_library_split_v1/splendid_fairywren/items/03_audioevent_1207427/audio_refined.wav,0.9968,6.310271,dawn,summer,5.250,1401651,2.500,7.750,resources/site_257_bowra-dry-a/layer_c_retrieval_event_library_split_v1/final_pass_library_v1/layer_c_retrieval_final_pass_event_index.csv,Pass,core; source_segment_tail_extension_1p25s_bandpass_3500_7600hz
splendid_fairywren_final_14_15431194,splendid_fairywren,Splendid Fairywren,Malurus splendens,15431194,resources/site_257_bowra-dry-a/layer_c_retrieval_event_library_split_v1/splendid_fairywren/items/15_audioevent_15431194/audio_refined.wav,0.9863,5.107195,dawn,summer,5.250,1402246,2.500,7.750,resources/site_257_bowra-dry-a/layer_c_retrieval_event_library_split_v1/final_pass_library_v1/layer_c_retrieval_final_pass_event_index.csv,Pass,core; source_segment_tail_extension_1p25s_bandpass_3500_7600hz
splendid_fairywren_final_9_15251544,splendid_fairywren,Splendid Fairywren,Malurus splendens,15251544,resources/site_257_bowra-dry-a/layer_c_retrieval_event_library_split_v1/splendid_fairywren/items/10_audioevent_15251544/audio_refined.wav,0.9925,4.514412,dawn,summer,5.250,1679222,2.500,7.750,resources/site_257_bowra-dry-a/layer_c_retrieval_event_library_split_v1/final_pass_library_v1/layer_c_retrieval_final_pass_event_index.csv,Pass,core; source_segment_tail_extension_1p25s_bandpass_3500_7600hz
splendid_fairywren_final_5_24116609,splendid_fairywren,Splendid Fairywren,Malurus splendens,24116609,resources/site_257_bowra-dry-a/layer_c_retrieval_event_library_split_v1/splendid_fairywren/items/05_audioevent_24116609/audio_refined.wav,0.9964,2.759839,dawn,spring,5.250,1682419,2.500,7.750,resources/site_257_bowra-dry-a/layer_c_retrieval_event_library_split_v1/final_pass_library_v1/layer_c_retrieval_final_pass_event_index.csv,Pass,core; source_segment_tail_extension_1p25s_bandpass_3500_7600hz
splendid_fairywren_final_6_5016886,splendid_fairywren,Splendid Fairywren,Malurus splendens,5016886,resources/site_257_bowra-dry-a/layer_c_retrieval_event_library_split_v1/splendid_fairywren/items/07_audioevent_5016886/audio_refined.wav,0.9953,0.499139,dawn,spring,5.250,1399690,2.500,7.750,resources/site_257_bowra-dry-a/layer_c_retrieval_event_library_split_v1/final_pass_library_v1/layer_c_retrieval_final_pass_event_index.csv,Pass,core; source_segment_tail_extension_1p25s_bandpass_3500_7600hz
splendid_fairywren_final_2_8023212,splendid_fairywren,Splendid Fairywren,Malurus splendens,8023212,resources/site_257_bowra-dry-a/layer_c_retrieval_event_library_split_v1/splendid_fairywren/items/02_audioevent_8023212/audio_refined.wav,0.9969,0.487212,dawn,spring,5.250,1399627,2.500,7.750,resources/site_257_bowra-dry-a/layer_c_retrieval_event_library_split_v1/final_pass_library_v1/layer_c_retrieval_final_pass_event_index.csv,Pass,core; source_segment_tail_extension_1p25s_bandpass_3500_7600hz
splendid_fairywren_final_7_4716425,splendid_fairywren,Splendid Fairywren,Malurus splendens,4716425,resources/site_257_bowra-dry-a/layer_c_retrieval_event_library_split_v1/splendid_fairywren/items/08_audioevent_4716425/audio_refined.wav,0.9943,0.470836,dawn,summer,5.250,1402663,2.500,7.750,resources/site_257_bowra-dry-a/layer_c_retrieval_event_library_split_v1/final_pass_library_v1/layer_c_retrieval_final_pass_event_index.csv,Pass,core; source_segment_tail_extension_1p25s_bandpass_3500_7600hz
superb_fairywren_top35_1_9025185,superb_fairywren,Superb Fairywren,Malurus cyaneus,9025185,resources/site_257_bowra-dry-a/layer_c_retrieval_top8_species_candidates_v1/final_retrieval_library_top35_human_v1/superb_fairywren/items/01_audioevent_9025185/bandpass_tightcrop_2800_10000hz.wav,0.995,0.995,dawn,unknown,3.9,1401075,6024.0,6027.0,resources/site_257_bowra-dry-a/layer_c_retrieval_top8_species_candidates_v1/final_retrieval_library_top35_human_v1/layer_c_retrieval_top35_event_index.csv,Pass,human-calibrated bandpass retrieval top35; bandpass=2800-10000Hz; prefilter=Pass; spectrogram_warning:too_many_bright_call_marks_per_s=34.62>16.00
superb_fairywren_top35_2_1028552,superb_fairywren,Superb Fairywren,Malurus cyaneus,1028552,resources/site_257_bowra-dry-a/layer_c_retrieval_top8_species_candidates_v1/final_retrieval_library_top35_human_v1/superb_fairywren/items/02_audioevent_1028552/bandpass_tightcrop_2800_10000hz.wav,0.9928,0.9928,dawn,unknown,4.267,1680807,5847.0,5850.0,resources/site_257_bowra-dry-a/layer_c_retrieval_top8_species_candidates_v1/final_retrieval_library_top35_human_v1/layer_c_retrieval_top35_event_index.csv,Pass,human-calibrated bandpass retrieval top35; bandpass=2800-10000Hz; prefilter=Pass; spectrogram_warning:spectral_clutter_coverage=0.0544>0.0500; too_many_bright_call_marks_per_s=49.92>16.00
superb_fairywren_top35_3_24065082,superb_fairywren,Superb Fairywren,Malurus cyaneus,24065082,resources/site_257_bowra-dry-a/layer_c_retrieval_top8_species_candidates_v1/final_retrieval_library_top35_human_v1/superb_fairywren/items/03_audioevent_24065082/bandpass_tightcrop_2800_10000hz.wav,0.9914,0.9914,dawn,unknown,3.402,1401800,5751.0,5754.0,resources/site_257_bowra-dry-a/layer_c_retrieval_top8_species_candidates_v1/final_retrieval_library_top35_human_v1/layer_c_retrieval_top35_event_index.csv,Pass,human-calibrated bandpass retrieval top35; bandpass=2800-10000Hz; prefilter=Pass; spectrogram_warning:too_many_bright_call_marks_per_s=40.86>16.00
superb_fairywren_top35_4_4223585,superb_fairywren,Superb Fairywren,Malurus cyaneus,4223585,resources/site_257_bowra-dry-a/layer_c_retrieval_top8_species_candidates_v1/final_retrieval_library_top35_human_v1/superb_fairywren/items/04_audioevent_4223585/bandpass_tightcrop_2800_10000hz.wav,0.9894,0.9894,dawn,unknown,4.128,1536415,258.0,261.0,resources/site_257_bowra-dry-a/layer_c_retrieval_top8_species_candidates_v1/final_retrieval_library_top35_human_v1/layer_c_retrieval_top35_event_index.csv,Pass,human-calibrated bandpass retrieval top35; bandpass=2800-10000Hz; prefilter=Pass; spectrogram_warning:too_many_bright_call_marks_per_s=31.49>16.00
superb_fairywren_top35_5_13180968,superb_fairywren,Superb Fairywren,Malurus cyaneus,13180968,resources/site_257_bowra-dry-a/layer_c_retrieval_top8_species_candidates_v1/final_retrieval_library_top35_human_v1/superb_fairywren/items/05_audioevent_13180968/bandpass_tightcrop_2800_10000hz.wav,0.9866,0.9866,dawn,unknown,3.884,1535782,2154.0,2157.0,resources/site_257_bowra-dry-a/layer_c_retrieval_top8_species_candidates_v1/final_retrieval_library_top35_human_v1/layer_c_retrieval_top35_event_index.csv,Pass,human-calibrated bandpass retrieval top35; bandpass=2800-10000Hz; prefilter=Pass; spectrogram_warning:too_many_bright_call_marks_per_s=44.54>16.00
superb_fairywren_top35_6_4541961,superb_fairywren,Superb Fairywren,Malurus cyaneus,4541961,resources/site_257_bowra-dry-a/layer_c_retrieval_top8_species_candidates_v1/final_retrieval_library_top35_human_v1/superb_fairywren/items/06_audioevent_4541961/bandpass_tightcrop_2800_10000hz.wav,0.9855,0.9855,dawn,unknown,4.718,1535669,1488.0,1491.0,resources/site_257_bowra-dry-a/layer_c_retrieval_top8_species_candidates_v1/final_retrieval_library_top35_human_v1/layer_c_retrieval_top35_event_index.csv,Pass,human-calibrated bandpass retrieval top35; bandpass=2800-10000Hz; prefilter=Pass; spectrogram_warning:too_many_bright_call_marks_per_s=22.47>16.00
superb_fairywren_top35_7_15579211,superb_fairywren,Superb Fairywren,Malurus cyaneus,15579211,resources/site_257_bowra-dry-a/layer_c_retrieval_top8_species_candidates_v1/final_retrieval_library_top35_human_v1/superb_fairywren/items/07_audioevent_15579211/bandpass_tightcrop_2800_10000hz.wav,0.9798,0.9798,dawn,unknown,3.877,1399828,6747.0,6750.0,resources/site_257_bowra-dry-a/layer_c_retrieval_top8_species_candidates_v1/final_retrieval_library_top35_human_v1/layer_c_retrieval_top35_event_index.csv,Pass,human-calibrated bandpass retrieval top35; bandpass=2800-10000Hz; prefilter=Pass; spectrogram_warning:too_many_bright_call_marks_per_s=30.70>16.00
superb_fairywren_top35_8_13405019,superb_fairywren,Superb Fairywren,Malurus cyaneus,13405019,resources/site_257_bowra-dry-a/layer_c_retrieval_top8_species_candidates_v1/final_retrieval_library_top35_human_v1/superb_fairywren/items/08_audioevent_13405019/bandpass_tightcrop_2800_10000hz.wav,0.9796,0.9796,dawn,unknown,3.64,1536304,477.0,480.0,resources/site_257_bowra-dry-a/layer_c_retrieval_top8_species_candidates_v1/final_retrieval_library_top35_human_v1/layer_c_retrieval_top35_event_index.csv,Pass,human-calibrated bandpass retrieval top35; bandpass=2800-10000Hz; prefilter=Pass; spectrogram_warning:too_many_bright_call_marks_per_s=43.13>16.00
superb_fairywren_top35_9_17273884,superb_fairywren,Superb Fairywren,Malurus cyaneus,17273884,resources/site_257_bowra-dry-a/layer_c_retrieval_top8_species_candidates_v1/final_retrieval_library_top35_human_v1/superb_fairywren/items/09_audioevent_17273884/bandpass_tightcrop_2800_10000hz.wav,0.979,0.979,dawn,unknown,5.0,1402096,5010.0,5013.0,resources/site_257_bowra-dry-a/layer_c_retrieval_top8_species_candidates_v1/final_retrieval_library_top35_human_v1/layer_c_retrieval_top35_event_index.csv,Pass,human-calibrated bandpass retrieval top35; bandpass=2800-10000Hz; prefilter=Pass; spectrogram_warning:too_many_bright_call_marks_per_s=73.20>16.00
superb_fairywren_top35_10_16989979,superb_fairywren,Superb Fairywren,Malurus cyaneus,16989979,resources/site_257_bowra-dry-a/layer_c_retrieval_top8_species_candidates_v1/final_retrieval_library_top35_human_v1/superb_fairywren/items/10_audioevent_16989979/bandpass_tightcrop_2800_10000hz.wav,0.9783,0.9783,dawn,unknown,3.476,1535479,1965.0,1968.0,resources/site_257_bowra-dry-a/layer_c_retrieval_top8_species_candidates_v1/final_retrieval_library_top35_human_v1/layer_c_retrieval_top35_event_index.csv,Pass,human-calibrated bandpass retrieval top35; bandpass=2800-10000Hz; prefilter=Pass; spectrogram_warning:too_many_bright_call_marks_per_s=33.66>16.00
superb_fairywren_top35_11_11641486,superb_fairywren,Superb Fairywren,Malurus cyaneus,11641486,resources/site_257_bowra-dry-a/layer_c_retrieval_top8_species_candidates_v1/final_retrieval_library_top35_human_v1/superb_fairywren/items/11_audioevent_11641486/bandpass_tightcrop_2800_10000hz.wav,0.9783,0.9783,dawn,unknown,3.303,1667804,6459.0,6462.0,resources/site_257_bowra-dry-a/layer_c_retrieval_top8_species_candidates_v1/final_retrieval_library_top35_human_v1/layer_c_retrieval_top35_event_index.csv,Pass,human-calibrated bandpass retrieval top35; bandpass=2800-10000Hz; prefilter=Pass; spectrogram_warning:spectral_clutter_coverage=0.0518>0.0500; too_many_bright_call_marks_per_s=66.60>16.00
superb_fairywren_top35_12_1142083,superb_fairywren,Superb Fairywren,Malurus cyaneus,1142083,resources/site_257_bowra-dry-a/layer_c_retrieval_top8_species_candidates_v1/final_retrieval_library_top35_human_v1/superb_fairywren/items/12_audioevent_1142083/bandpass_tightcrop_2800_10000hz.wav,0.974,0.974,dawn,unknown,5.0,1539403,5121.0,5124.0,resources/site_257_bowra-dry-a/layer_c_retrieval_top8_species_candidates_v1/final_retrieval_library_top35_human_v1/layer_c_retrieval_top35_event_index.csv,Pass,human-calibrated bandpass retrieval top35; bandpass=2800-10000Hz; prefilter=Pass; spectrogram_warning:too_many_bright_call_marks_per_s=34.80>16.00
superb_fairywren_top35_13_13665157,superb_fairywren,Superb Fairywren,Malurus cyaneus,13665157,resources/site_257_bowra-dry-a/layer_c_retrieval_top8_species_candidates_v1/final_retrieval_library_top35_human_v1/superb_fairywren/items/13_audioevent_13665157/bandpass_tightcrop_2800_10000hz.wav,0.9724,0.9724,dawn,unknown,3.925,1667789,4425.0,4428.0,resources/site_257_bowra-dry-a/layer_c_retrieval_top8_species_candidates_v1/final_retrieval_library_top35_human_v1/layer_c_retrieval_top35_event_index.csv,Pass,human-calibrated bandpass retrieval top35; bandpass=2800-10000Hz; prefilter=Pass; spectrogram_warning:spectral_clutter_coverage=0.0538>0.0500; too_many_bright_call_marks_per_s=37.97>16.00
superb_fairywren_top35_14_22805737,superb_fairywren,Superb Fairywren,Malurus cyaneus,22805737,resources/site_257_bowra-dry-a/layer_c_retrieval_top8_species_candidates_v1/final_retrieval_library_top35_human_v1/superb_fairywren/items/14_audioevent_22805737/bandpass_tightcrop_2800_10000hz.wav,0.9707,0.9707,dawn,unknown,3.379,1678754,3642.0,3645.0,resources/site_257_bowra-dry-a/layer_c_retrieval_top8_species_candidates_v1/final_retrieval_library_top35_human_v1/layer_c_retrieval_top35_event_index.csv,Pass,human-calibrated bandpass retrieval top35; bandpass=2800-10000Hz; prefilter=Pass; spectrogram_warning:too_many_bright_call_marks_per_s=37.29>16.00
superb_fairywren_top35_15_8023204,superb_fairywren,Superb Fairywren,Malurus cyaneus,8023204,resources/site_257_bowra-dry-a/layer_c_retrieval_top8_species_candidates_v1/final_retrieval_library_top35_human_v1/superb_fairywren/items/15_audioevent_8023204/bandpass_tightcrop_2800_10000hz.wav,0.9703,0.9703,dawn,unknown,3.75,1399627,417.0,420.0,resources/site_257_bowra-dry-a/layer_c_retrieval_top8_species_candidates_v1/final_retrieval_library_top35_human_v1/layer_c_retrieval_top35_event_index.csv,Pass,human-calibrated bandpass retrieval top35; bandpass=2800-10000Hz; prefilter=Pass; spectrogram_warning:too_many_bright_call_marks_per_s=41.60>16.00
superb_fairywren_top35_16_15251559,superb_fairywren,Superb Fairywren,Malurus cyaneus,15251559,resources/site_257_bowra-dry-a/layer_c_retrieval_top8_species_candidates_v1/final_retrieval_library_top35_human_v1/superb_fairywren/items/16_audioevent_15251559/bandpass_tightcrop_2800_10000hz.wav,0.9697,0.9697,dawn,unknown,5.0,1679222,3870.0,3873.0,resources/site_257_bowra-dry-a/layer_c_retrieval_top8_species_candidates_v1/final_retrieval_library_top35_human_v1/layer_c_retrieval_top35_event_index.csv,Pass,human-calibrated bandpass retrieval top35; bandpass=2800-10000Hz; prefilter=Pass; spectrogram_warning:too_many_bright_call_marks_per_s=44.60>16.00
superb_fairywren_top35_17_374380,superb_fairywren,Superb Fairywren,Malurus cyaneus,374380,resources/site_257_bowra-dry-a/layer_c_retrieval_top8_species_candidates_v1/final_retrieval_library_top35_human_v1/superb_fairywren/items/17_audioevent_374380/bandpass_tightcrop_2800_10000hz.wav,0.9695,0.9695,dawn,unknown,5.0,1679728,4122.0,4125.0,resources/site_257_bowra-dry-a/layer_c_retrieval_top8_species_candidates_v1/final_retrieval_library_top35_human_v1/layer_c_retrieval_top35_event_index.csv,Pass,human-calibrated bandpass retrieval top35; bandpass=2800-10000Hz; prefilter=Pass; spectrogram_warning:too_many_bright_call_marks_per_s=46.60>16.00
superb_fairywren_top35_18_20766851,superb_fairywren,Superb Fairywren,Malurus cyaneus,20766851,resources/site_257_bowra-dry-a/layer_c_retrieval_top8_species_candidates_v1/final_retrieval_library_top35_human_v1/superb_fairywren/items/18_audioevent_20766851/bandpass_tightcrop_2800_10000hz.wav,0.9694,0.9694,dawn,unknown,5.0,1402116,4782.0,4785.0,resources/site_257_bowra-dry-a/layer_c_retrieval_top8_species_candidates_v1/final_retrieval_library_top35_human_v1/layer_c_retrieval_top35_event_index.csv,Pass,human-calibrated bandpass retrieval top35; bandpass=2800-10000Hz; prefilter=Pass; spectrogram_warning:too_many_bright_call_marks_per_s=38.80>16.00
superb_fairywren_top35_19_758599,superb_fairywren,Superb Fairywren,Malurus cyaneus,758599,resources/site_257_bowra-dry-a/layer_c_retrieval_top8_species_candidates_v1/final_retrieval_library_top35_human_v1/superb_fairywren/items/19_audioevent_758599/bandpass_tightcrop_2800_10000hz.wav,0.967,0.967,dawn,unknown,5.0,1401409,3774.0,3777.0,resources/site_257_bowra-dry-a/layer_c_retrieval_top8_species_candidates_v1/final_retrieval_library_top35_human_v1/layer_c_retrieval_top35_event_index.csv,Pass,human-calibrated bandpass retrieval top35; bandpass=2800-10000Hz; prefilter=Pass; spectrogram_warning:too_many_bright_call_marks_per_s=20.40>16.00
superb_fairywren_top35_20_9965907,superb_fairywren,Superb Fairywren,Malurus cyaneus,9965907,resources/site_257_bowra-dry-a/layer_c_retrieval_top8_species_candidates_v1/final_retrieval_library_top35_human_v1/superb_fairywren/items/20_audioevent_9965907/bandpass_tightcrop_2800_10000hz.wav,0.9663,0.9663,dawn,unknown,2.901,1536015,279.0,282.0,resources/site_257_bowra-dry-a/layer_c_retrieval_top8_species_candidates_v1/final_retrieval_library_top35_human_v1/layer_c_retrieval_top35_event_index.csv,Pass,human-calibrated bandpass retrieval top35; bandpass=2800-10000Hz; prefilter=Pass; spectrogram_warning:too_many_bright_call_marks_per_s=21.02>16.00
superb_fairywren_top35_21_24116577,superb_fairywren,Superb Fairywren,Malurus cyaneus,24116577,resources/site_257_bowra-dry-a/layer_c_retrieval_top8_species_candidates_v1/final_retrieval_library_top35_human_v1/superb_fairywren/items/21_audioevent_24116577/bandpass_tightcrop_2800_10000hz.wav,0.9652,0.9652,dawn,unknown,4.637,1682419,5466.0,5469.0,resources/site_257_bowra-dry-a/layer_c_retrieval_top8_species_candidates_v1/final_retrieval_library_top35_human_v1/layer_c_retrieval_top35_event_index.csv,Pass,human-calibrated bandpass retrieval top35; bandpass=2800-10000Hz; prefilter=Pass; spectrogram_warning:too_many_bright_call_marks_per_s=41.41>16.00
superb_fairywren_top35_22_13490743,superb_fairywren,Superb Fairywren,Malurus cyaneus,13490743,resources/site_257_bowra-dry-a/layer_c_retrieval_top8_species_candidates_v1/final_retrieval_library_top35_human_v1/superb_fairywren/items/22_audioevent_13490743/bandpass_tightcrop_2800_10000hz.wav,0.9633,0.9633,dawn,unknown,3.673,445539,606.0,609.0,resources/site_257_bowra-dry-a/layer_c_retrieval_top8_species_candidates_v1/final_retrieval_library_top35_human_v1/layer_c_retrieval_top35_event_index.csv,Pass,human-calibrated bandpass retrieval top35; bandpass=2800-10000Hz; prefilter=Pass; spectrogram_warning:spectral_clutter_coverage=0.0503>0.0500; too_many_bright_call_marks_per_s=26.41>16.00
superb_fairywren_top35_23_14811271,superb_fairywren,Superb Fairywren,Malurus cyaneus,14811271,resources/site_257_bowra-dry-a/layer_c_retrieval_top8_species_candidates_v1/final_retrieval_library_top35_human_v1/superb_fairywren/items/23_audioevent_14811271/bandpass_tightcrop_2800_10000hz.wav,0.9629,0.9629,dawn,unknown,5.0,1535834,1389.0,1392.0,resources/site_257_bowra-dry-a/layer_c_retrieval_top8_species_candidates_v1/final_retrieval_library_top35_human_v1/layer_c_retrieval_top35_event_index.csv,Pass,human-calibrated bandpass retrieval top35; bandpass=2800-10000Hz; prefilter=Pass; spectrogram_warning:too_many_bright_call_marks_per_s=20.20>16.00
superb_fairywren_top35_24_3662064,superb_fairywren,Superb Fairywren,Malurus cyaneus,3662064,resources/site_257_bowra-dry-a/layer_c_retrieval_top8_species_candidates_v1/final_retrieval_library_top35_human_v1/superb_fairywren/items/24_audioevent_3662064/bandpass_tightcrop_2800_10000hz.wav,0.9614,0.9614,dawn,unknown,5.0,1677134,4746.0,4749.0,resources/site_257_bowra-dry-a/layer_c_retrieval_top8_species_candidates_v1/final_retrieval_library_top35_human_v1/layer_c_retrieval_top35_event_index.csv,Pass,human-calibrated bandpass retrieval top35; bandpass=2800-10000Hz; prefilter=Pass; spectrogram_warning:too_many_bright_call_marks_per_s=33.40>16.00
superb_fairywren_top35_25_2515450,superb_fairywren,Superb Fairywren,Malurus cyaneus,2515450,resources/site_257_bowra-dry-a/layer_c_retrieval_top8_species_candidates_v1/final_retrieval_library_top35_human_v1/superb_fairywren/items/25_audioevent_2515450/bandpass_tightcrop_2800_10000hz.wav,0.9576,0.9576,dawn,unknown,5.0,1682549,5145.0,5148.0,resources/site_257_bowra-dry-a/layer_c_retrieval_top8_species_candidates_v1/final_retrieval_library_top35_human_v1/layer_c_retrieval_top35_event_index.csv,Pass,human-calibrated bandpass retrieval top35; bandpass=2800-10000Hz; prefilter=Pass; spectrogram_warning:too_many_bright_call_marks_per_s=37.60>16.00
superb_fairywren_top35_26_14932829,superb_fairywren,Superb Fairywren,Malurus cyaneus,14932829,resources/site_257_bowra-dry-a/layer_c_retrieval_top8_species_candidates_v1/final_retrieval_library_top35_human_v1/superb_fairywren/items/26_audioevent_14932829/bandpass_tightcrop_2800_10000hz.wav,0.9562,0.9562,dawn,unknown,5.0,1676845,3666.0,3669.0,resources/site_257_bowra-dry-a/layer_c_retrieval_top8_species_candidates_v1/final_retrieval_library_top35_human_v1/layer_c_retrieval_top35_event_index.csv,Pass,human-calibrated bandpass retrieval top35; bandpass=2800-10000Hz; prefilter=Pass; spectrogram_warning:too_many_bright_call_marks_per_s=38.60>16.00
superb_fairywren_top35_27_16093038,superb_fairywren,Superb Fairywren,Malurus cyaneus,16093038,resources/site_257_bowra-dry-a/layer_c_retrieval_top8_species_candidates_v1/final_retrieval_library_top35_human_v1/superb_fairywren/items/27_audioevent_16093038/bandpass_tightcrop_2800_10000hz.wav,0.9542,0.9542,dawn,unknown,5.0,1401816,5523.0,5526.0,resources/site_257_bowra-dry-a/layer_c_retrieval_top8_species_candidates_v1/final_retrieval_library_top35_human_v1/layer_c_retrieval_top35_event_index.csv,Pass,human-calibrated bandpass retrieval top35; bandpass=2800-10000Hz; prefilter=Pass; spectrogram_warning:too_many_bright_call_marks_per_s=33.40>16.00
superb_fairywren_top35_28_7779996,superb_fairywren,Superb Fairywren,Malurus cyaneus,7779996,resources/site_257_bowra-dry-a/layer_c_retrieval_top8_species_candidates_v1/final_retrieval_library_top35_human_v1/superb_fairywren/items/28_audioevent_7779996/bandpass_tightcrop_2800_10000hz.wav,0.9534,0.9534,dawn,unknown,4.939,1539689,1977.0,1980.0,resources/site_257_bowra-dry-a/layer_c_retrieval_top8_species_candidates_v1/final_retrieval_library_top35_human_v1/layer_c_retrieval_top35_event_index.csv,Pass,human-calibrated bandpass retrieval top35; bandpass=2800-10000Hz; prefilter=Pass; spectrogram_warning:too_many_bright_call_marks_per_s=23.08>16.00
superb_fairywren_top35_29_8284302,superb_fairywren,Superb Fairywren,Malurus cyaneus,8284302,resources/site_257_bowra-dry-a/layer_c_retrieval_top8_species_candidates_v1/final_retrieval_library_top35_human_v1/superb_fairywren/items/29_audioevent_8284302/bandpass_tightcrop_2800_10000hz.wav,0.9518,0.9518,dawn,unknown,5.0,1401389,4626.0,4629.0,resources/site_257_bowra-dry-a/layer_c_retrieval_top8_species_candidates_v1/final_retrieval_library_top35_human_v1/layer_c_retrieval_top35_event_index.csv,Pass,"human-calibrated bandpass retrieval top35; bandpass=2800-10000Hz; prefilter=Pass; 8284301:0.622:4.89s:nan; low_score_non_target_overlap_warning=8284301:0.622:4.89s:nan; spectral_clutter_ok coverage=0.0144, components_per_s=10.00, col_gt25=0.0000"
superb_fairywren_top35_30_6893087,superb_fairywren,Superb Fairywren,Malurus cyaneus,6893087,resources/site_257_bowra-dry-a/layer_c_retrieval_top8_species_candidates_v1/final_retrieval_library_top35_human_v1/superb_fairywren/items/30_audioevent_6893087/bandpass_tightcrop_2800_10000hz.wav,0.9518,0.9518,dawn,unknown,4.807,1535968,7050.0,7053.0,resources/site_257_bowra-dry-a/layer_c_retrieval_top8_species_candidates_v1/final_retrieval_library_top35_human_v1/layer_c_retrieval_top35_event_index.csv,Pass,human-calibrated bandpass retrieval top35; bandpass=2800-10000Hz; prefilter=Pass; spectrogram_warning:too_many_bright_call_marks_per_s=38.07>16.00
superb_fairywren_top35_31_14635156,superb_fairywren,Superb Fairywren,Malurus cyaneus,14635156,resources/site_257_bowra-dry-a/layer_c_retrieval_top8_species_candidates_v1/final_retrieval_library_top35_human_v1/superb_fairywren/items/31_audioevent_14635156/bandpass_tightcrop_2800_10000hz.wav,0.9515,0.9515,dawn,unknown,4.289,1536153,7182.0,7185.0,resources/site_257_bowra-dry-a/layer_c_retrieval_top8_species_candidates_v1/final_retrieval_library_top35_human_v1/layer_c_retrieval_top35_event_index.csv,Pass,human-calibrated bandpass retrieval top35; bandpass=2800-10000Hz; prefilter=Pass; spectrogram_warning:too_many_bright_call_marks_per_s=32.18>16.00
superb_fairywren_top35_32_6815003,superb_fairywren,Superb Fairywren,Malurus cyaneus,6815003,resources/site_257_bowra-dry-a/layer_c_retrieval_top8_species_candidates_v1/final_retrieval_library_top35_human_v1/superb_fairywren/items/32_audioevent_6815003/bandpass_tightcrop_2800_10000hz.wav,0.9452,0.9452,dawn,unknown,3.795,1399603,6774.0,6777.0,resources/site_257_bowra-dry-a/layer_c_retrieval_top8_species_candidates_v1/final_retrieval_library_top35_human_v1/layer_c_retrieval_top35_event_index.csv,Pass,human-calibrated bandpass retrieval top35; bandpass=2800-10000Hz; prefilter=Pass; spectrogram_warning:too_many_bright_call_marks_per_s=26.87>16.00
superb_fairywren_top35_33_16248661,superb_fairywren,Superb Fairywren,Malurus cyaneus,16248661,resources/site_257_bowra-dry-a/layer_c_retrieval_top8_species_candidates_v1/final_retrieval_library_top35_human_v1/superb_fairywren/items/33_audioevent_16248661/bandpass_tightcrop_2800_10000hz.wav,0.9386,0.9386,dawn,unknown,2.646,5391,6699.0,6702.0,resources/site_257_bowra-dry-a/layer_c_retrieval_top8_species_candidates_v1/final_retrieval_library_top35_human_v1/layer_c_retrieval_top35_event_index.csv,Pass,human-calibrated bandpass retrieval top35; bandpass=2800-10000Hz; prefilter=Pass; spectrogram_warning:too_many_bright_call_marks_per_s=43.46>16.00; dense_vertical_overlap_fraction=0.0614>0.0400
superb_fairywren_top35_34_14953352,superb_fairywren,Superb Fairywren,Malurus cyaneus,14953352,resources/site_257_bowra-dry-a/layer_c_retrieval_top8_species_candidates_v1/final_retrieval_library_top35_human_v1/superb_fairywren/items/34_audioevent_14953352/bandpass_tightcrop_2800_10000hz.wav,0.938,0.938,dawn,unknown,5.0,1535477,6471.0,6474.0,resources/site_257_bowra-dry-a/layer_c_retrieval_top8_species_candidates_v1/final_retrieval_library_top35_human_v1/layer_c_retrieval_top35_event_index.csv,Pass,human-calibrated bandpass retrieval top35; bandpass=2800-10000Hz; prefilter=Pass; spectrogram_warning:too_many_bright_call_marks_per_s=25.20>16.00
superb_fairywren_top35_35_333596,superb_fairywren,Superb Fairywren,Malurus cyaneus,333596,resources/site_257_bowra-dry-a/layer_c_retrieval_top8_species_candidates_v1/final_retrieval_library_top35_human_v1/superb_fairywren/items/35_audioevent_333596/bandpass_tightcrop_2800_10000hz.wav,0.9337,0.9337,dawn,unknown,5.0,1679457,6354.0,6357.0,resources/site_257_bowra-dry-a/layer_c_retrieval_top8_species_candidates_v1/final_retrieval_library_top35_human_v1/layer_c_retrieval_top35_event_index.csv,Pass,human-calibrated bandpass retrieval top35; bandpass=2800-10000Hz; prefilter=Pass; spectrogram_warning:too_many_bright_call_marks_per_s=24.80>16.00
white_browed_woodswallow_top35_1_7458525,white_browed_woodswallow,White-browed Woodswallow,Artamus superciliosus,7458525,resources/site_257_bowra-dry-a/layer_c_retrieval_top8_species_candidates_v1/final_retrieval_library_top35_human_v1/white_browed_woodswallow/items/01_audioevent_7458525/bandpass_tightcrop_1200_8000hz.wav,0.9996,0.9996,morning,unknown,2.99,1401386,987.0,990.0,resources/site_257_bowra-dry-a/layer_c_retrieval_top8_species_candidates_v1/final_retrieval_library_top35_human_v1/layer_c_retrieval_top35_event_index.csv,Pass,"human-calibrated bandpass retrieval top35; bandpass=1200-8000Hz; prefilter=Pass; 7458526:0.737:0.99s:nan; low_score_non_target_overlap_warning=7458526:0.737:0.99s:nan; spectral_clutter_ok coverage=0.0058, components_per_s=9.03, col_gt25=0.0000"
white_browed_woodswallow_top35_2_6241435,white_browed_woodswallow,White-browed Woodswallow,Artamus superciliosus,6241435,resources/site_257_bowra-dry-a/layer_c_retrieval_top8_species_candidates_v1/final_retrieval_library_top35_human_v1/white_browed_woodswallow/items/02_audioevent_6241435/bandpass_tightcrop_1200_8000hz.wav,0.999,0.999,dawn,unknown,5.0,1401126,6681.0,6684.0,resources/site_257_bowra-dry-a/layer_c_retrieval_top8_species_candidates_v1/final_retrieval_library_top35_human_v1/layer_c_retrieval_top35_event_index.csv,Pass,human-calibrated bandpass retrieval top35; bandpass=1200-8000Hz; prefilter=Pass; spectrogram_warning:spectral_clutter_coverage=0.0495>0.0450; too_many_bright_call_marks_per_s=88.80>14.00
white_browed_woodswallow_top35_3_12014077,white_browed_woodswallow,White-browed Woodswallow,Artamus superciliosus,12014077,resources/site_257_bowra-dry-a/layer_c_retrieval_top8_species_candidates_v1/final_retrieval_library_top35_human_v1/white_browed_woodswallow/items/03_audioevent_12014077/bandpass_tightcrop_1200_8000hz.wav,0.9983,0.9983,morning,unknown,5.0,1402652,2016.0,2019.0,resources/site_257_bowra-dry-a/layer_c_retrieval_top8_species_candidates_v1/final_retrieval_library_top35_human_v1/layer_c_retrieval_top35_event_index.csv,Pass,human-calibrated bandpass retrieval top35; bandpass=1200-8000Hz; prefilter=Pass; spectrogram_warning:too_many_bright_call_marks_per_s=32.20>14.00
white_browed_woodswallow_top35_4_19811413,white_browed_woodswallow,White-browed Woodswallow,Artamus superciliosus,19811413,resources/site_257_bowra-dry-a/layer_c_retrieval_top8_species_candidates_v1/final_retrieval_library_top35_human_v1/white_browed_woodswallow/items/04_audioevent_19811413/bandpass_tightcrop_1200_8000hz.wav,0.9973,0.9973,morning,unknown,5.0,1535714,5826.0,5829.0,resources/site_257_bowra-dry-a/layer_c_retrieval_top8_species_candidates_v1/final_retrieval_library_top35_human_v1/layer_c_retrieval_top35_event_index.csv,Pass,human-calibrated bandpass retrieval top35; bandpass=1200-8000Hz; prefilter=Pass; spectrogram_warning:spectral_clutter_coverage=0.0741>0.0450; too_many_bright_call_marks_per_s=157.40>14.00
white_browed_woodswallow_top35_5_13480985,white_browed_woodswallow,White-browed Woodswallow,Artamus superciliosus,13480985,resources/site_257_bowra-dry-a/layer_c_retrieval_top8_species_candidates_v1/final_retrieval_library_top35_human_v1/white_browed_woodswallow/items/05_audioevent_13480985/bandpass_tightcrop_1200_8000hz.wav,0.9967,0.9967,dawn,unknown,5.0,216536,2865.0,2868.0,resources/site_257_bowra-dry-a/layer_c_retrieval_top8_species_candidates_v1/final_retrieval_library_top35_human_v1/layer_c_retrieval_top35_event_index.csv,Pass,human-calibrated bandpass retrieval top35; bandpass=1200-8000Hz; prefilter=Pass; spectrogram_warning:too_many_bright_call_marks_per_s=42.20>14.00
white_browed_woodswallow_top35_6_5557708,white_browed_woodswallow,White-browed Woodswallow,Artamus superciliosus,5557708,resources/site_257_bowra-dry-a/layer_c_retrieval_top8_species_candidates_v1/final_retrieval_library_top35_human_v1/white_browed_woodswallow/items/06_audioevent_5557708/bandpass_tightcrop_1200_8000hz.wav,0.9966,0.9966,dawn,unknown,5.0,1678932,7140.0,7143.0,resources/site_257_bowra-dry-a/layer_c_retrieval_top8_species_candidates_v1/final_retrieval_library_top35_human_v1/layer_c_retrieval_top35_event_index.csv,Pass,human-calibrated bandpass retrieval top35; bandpass=1200-8000Hz; prefilter=Pass; spectrogram_warning:too_many_bright_call_marks_per_s=92.20>14.00
white_browed_woodswallow_top35_7_15431383,white_browed_woodswallow,White-browed Woodswallow,Artamus superciliosus,15431383,resources/site_257_bowra-dry-a/layer_c_retrieval_top8_species_candidates_v1/final_retrieval_library_top35_human_v1/white_browed_woodswallow/items/07_audioevent_15431383/bandpass_tightcrop_1200_8000hz.wav,0.9965,0.9965,dawn,unknown,5.0,1402246,5943.0,5949.0,resources/site_257_bowra-dry-a/layer_c_retrieval_top8_species_candidates_v1/final_retrieval_library_top35_human_v1/layer_c_retrieval_top35_event_index.csv,Pass,human-calibrated bandpass retrieval top35; bandpass=1200-8000Hz; prefilter=Pass; spectrogram_warning:spectral_clutter_coverage=0.0797>0.0450; too_many_bright_call_marks_per_s=109.40>14.00
white_browed_woodswallow_top35_8_18219739,white_browed_woodswallow,White-browed Woodswallow,Artamus superciliosus,18219739,resources/site_257_bowra-dry-a/layer_c_retrieval_top8_species_candidates_v1/final_retrieval_library_top35_human_v1/white_browed_woodswallow/items/08_audioevent_18219739/bandpass_tightcrop_1200_8000hz.wav,0.9936,0.9936,dawn,unknown,5.0,1679765,4851.0,4854.0,resources/site_257_bowra-dry-a/layer_c_retrieval_top8_species_candidates_v1/final_retrieval_library_top35_human_v1/layer_c_retrieval_top35_event_index.csv,Pass,human-calibrated bandpass retrieval top35; bandpass=1200-8000Hz; prefilter=Pass; spectrogram_warning:too_many_bright_call_marks_per_s=55.60>14.00
white_browed_woodswallow_top35_9_8732987,white_browed_woodswallow,White-browed Woodswallow,Artamus superciliosus,8732987,resources/site_257_bowra-dry-a/layer_c_retrieval_top8_species_candidates_v1/final_retrieval_library_top35_human_v1/white_browed_woodswallow/items/09_audioevent_8732987/bandpass_tightcrop_1200_8000hz.wav,0.9928,0.9928,morning,unknown,5.0,1401632,75.0,81.0,resources/site_257_bowra-dry-a/layer_c_retrieval_top8_species_candidates_v1/final_retrieval_library_top35_human_v1/layer_c_retrieval_top35_event_index.csv,Pass,human-calibrated bandpass retrieval top35; bandpass=1200-8000Hz; prefilter=Pass; spectrogram_warning:too_many_bright_call_marks_per_s=34.40>14.00
white_browed_woodswallow_top35_10_13945204,white_browed_woodswallow,White-browed Woodswallow,Artamus superciliosus,13945204,resources/site_257_bowra-dry-a/layer_c_retrieval_top8_species_candidates_v1/final_retrieval_library_top35_human_v1/white_browed_woodswallow/items/10_audioevent_13945204/bandpass_tightcrop_1200_8000hz.wav,0.9925,0.9925,morning,unknown,5.0,1402622,369.0,372.0,resources/site_257_bowra-dry-a/layer_c_retrieval_top8_species_candidates_v1/final_retrieval_library_top35_human_v1/layer_c_retrieval_top35_event_index.csv,Pass,human-calibrated bandpass retrieval top35; bandpass=1200-8000Hz; prefilter=Pass; spectrogram_warning:spectral_clutter_coverage=0.0548>0.0450; too_many_bright_call_marks_per_s=95.80>14.00
white_browed_woodswallow_top35_11_17730187,white_browed_woodswallow,White-browed Woodswallow,Artamus superciliosus,17730187,resources/site_257_bowra-dry-a/layer_c_retrieval_top8_species_candidates_v1/final_retrieval_library_top35_human_v1/white_browed_woodswallow/items/11_audioevent_17730187/bandpass_tightcrop_1200_8000hz.wav,0.9911,0.9911,morning,unknown,5.0,1402039,1785.0,1788.0,resources/site_257_bowra-dry-a/layer_c_retrieval_top8_species_candidates_v1/final_retrieval_library_top35_human_v1/layer_c_retrieval_top35_event_index.csv,Pass,human-calibrated bandpass retrieval top35; bandpass=1200-8000Hz; prefilter=Pass; spectrogram_warning:spectral_clutter_coverage=0.0497>0.0450; too_many_bright_call_marks_per_s=148.00>14.00
white_browed_woodswallow_top35_12_13360138,white_browed_woodswallow,White-browed Woodswallow,Artamus superciliosus,13360138,resources/site_257_bowra-dry-a/layer_c_retrieval_top8_species_candidates_v1/final_retrieval_library_top35_human_v1/white_browed_woodswallow/items/12_audioevent_13360138/bandpass_tightcrop_1200_8000hz.wav,0.9885,0.9885,dawn,unknown,5.0,1313384,5973.0,5982.0,resources/site_257_bowra-dry-a/layer_c_retrieval_top8_species_candidates_v1/final_retrieval_library_top35_human_v1/layer_c_retrieval_top35_event_index.csv,Pass,human-calibrated bandpass retrieval top35; bandpass=1200-8000Hz; prefilter=Pass; spectrogram_warning:spectral_clutter_coverage=0.0532>0.0450; too_many_bright_call_marks_per_s=77.40>14.00
white_browed_woodswallow_top35_13_6598356,white_browed_woodswallow,White-browed Woodswallow,Artamus superciliosus,6598356,resources/site_257_bowra-dry-a/layer_c_retrieval_top8_species_candidates_v1/final_retrieval_library_top35_human_v1/white_browed_woodswallow/items/13_audioevent_6598356/bandpass_tightcrop_1200_8000hz.wav,0.9877,0.9877,dawn,unknown,5.0,215817,5613.0,5616.0,resources/site_257_bowra-dry-a/layer_c_retrieval_top8_species_candidates_v1/final_retrieval_library_top35_human_v1/layer_c_retrieval_top35_event_index.csv,Pass,human-calibrated bandpass retrieval top35; bandpass=1200-8000Hz; prefilter=Pass; spectrogram_warning:too_many_bright_call_marks_per_s=58.00>14.00
white_browed_woodswallow_top35_14_11530047,white_browed_woodswallow,White-browed Woodswallow,Artamus superciliosus,11530047,resources/site_257_bowra-dry-a/layer_c_retrieval_top8_species_candidates_v1/final_retrieval_library_top35_human_v1/white_browed_woodswallow/items/14_audioevent_11530047/bandpass_tightcrop_1200_8000hz.wav,0.9877,0.9877,dawn,unknown,5.0,1401500,5553.0,5556.0,resources/site_257_bowra-dry-a/layer_c_retrieval_top8_species_candidates_v1/final_retrieval_library_top35_human_v1/layer_c_retrieval_top35_event_index.csv,Pass,human-calibrated bandpass retrieval top35; bandpass=1200-8000Hz; prefilter=Pass; spectrogram_warning:spectral_clutter_coverage=0.0592>0.0450; too_many_bright_call_marks_per_s=45.20>14.00
white_browed_woodswallow_top35_15_15849811,white_browed_woodswallow,White-browed Woodswallow,Artamus superciliosus,15849811,resources/site_257_bowra-dry-a/layer_c_retrieval_top8_species_candidates_v1/final_retrieval_library_top35_human_v1/white_browed_woodswallow/items/15_audioevent_15849811/bandpass_tightcrop_1200_8000hz.wav,0.9877,0.9877,morning,unknown,5.0,1402269,1437.0,1440.0,resources/site_257_bowra-dry-a/layer_c_retrieval_top8_species_candidates_v1/final_retrieval_library_top35_human_v1/layer_c_retrieval_top35_event_index.csv,Pass,human-calibrated bandpass retrieval top35; bandpass=1200-8000Hz; prefilter=Pass; spectrogram_warning:too_many_bright_call_marks_per_s=59.00>14.00
white_browed_woodswallow_top35_16_22711389,white_browed_woodswallow,White-browed Woodswallow,Artamus superciliosus,22711389,resources/site_257_bowra-dry-a/layer_c_retrieval_top8_species_candidates_v1/final_retrieval_library_top35_human_v1/white_browed_woodswallow/items/16_audioevent_22711389/bandpass_tightcrop_1200_8000hz.wav,0.9868,0.9868,morning,unknown,5.0,1401430,2703.0,2712.0,resources/site_257_bowra-dry-a/layer_c_retrieval_top8_species_candidates_v1/final_retrieval_library_top35_human_v1/layer_c_retrieval_top35_event_index.csv,Pass,human-calibrated bandpass retrieval top35; bandpass=1200-8000Hz; prefilter=Pass; spectrogram_warning:too_many_bright_call_marks_per_s=40.80>14.00
white_browed_woodswallow_top35_17_12187022,white_browed_woodswallow,White-browed Woodswallow,Artamus superciliosus,12187022,resources/site_257_bowra-dry-a/layer_c_retrieval_top8_species_candidates_v1/final_retrieval_library_top35_human_v1/white_browed_woodswallow/items/17_audioevent_12187022/bandpass_tightcrop_1200_8000hz.wav,0.9866,0.9866,dawn,unknown,5.0,215815,6810.0,6813.0,resources/site_257_bowra-dry-a/layer_c_retrieval_top8_species_candidates_v1/final_retrieval_library_top35_human_v1/layer_c_retrieval_top35_event_index.csv,Pass,human-calibrated bandpass retrieval top35; bandpass=1200-8000Hz; prefilter=Pass; spectrogram_warning:too_many_bright_call_marks_per_s=41.00>14.00
white_browed_woodswallow_top35_18_14933069,white_browed_woodswallow,White-browed Woodswallow,Artamus superciliosus,14933069,resources/site_257_bowra-dry-a/layer_c_retrieval_top8_species_candidates_v1/final_retrieval_library_top35_human_v1/white_browed_woodswallow/items/18_audioevent_14933069/bandpass_tightcrop_1200_8000hz.wav,0.9854,0.9854,dawn,unknown,5.0,1676845,6732.0,6735.0,resources/site_257_bowra-dry-a/layer_c_retrieval_top8_species_candidates_v1/final_retrieval_library_top35_human_v1/layer_c_retrieval_top35_event_index.csv,Pass,human-calibrated bandpass retrieval top35; bandpass=1200-8000Hz; prefilter=Pass; spectrogram_warning:too_many_bright_call_marks_per_s=38.40>14.00
white_browed_woodswallow_top35_19_17583588,white_browed_woodswallow,White-browed Woodswallow,Artamus superciliosus,17583588,resources/site_257_bowra-dry-a/layer_c_retrieval_top8_species_candidates_v1/final_retrieval_library_top35_human_v1/white_browed_woodswallow/items/19_audioevent_17583588/bandpass_tightcrop_1200_8000hz.wav,0.9829,0.9829,morning,unknown,1.5,214470,4650.0,4653.0,resources/site_257_bowra-dry-a/layer_c_retrieval_top8_species_candidates_v1/final_retrieval_library_top35_human_v1/layer_c_retrieval_top35_event_index.csv,Pass,"human-calibrated bandpass retrieval top35; bandpass=1200-8000Hz; prefilter=Pass; no hard overlapping annotation in bandpass crop; spectral_clutter_ok coverage=0.0147, components_per_s=12.00, col_gt25=0.0154"
white_browed_woodswallow_top35_20_498416,white_browed_woodswallow,White-browed Woodswallow,Artamus superciliosus,498416,resources/site_257_bowra-dry-a/layer_c_retrieval_top8_species_candidates_v1/final_retrieval_library_top35_human_v1/white_browed_woodswallow/items/20_audioevent_498416/bandpass_tightcrop_1200_8000hz.wav,0.9829,0.9829,dawn,unknown,5.0,1669291,5574.0,5577.0,resources/site_257_bowra-dry-a/layer_c_retrieval_top8_species_candidates_v1/final_retrieval_library_top35_human_v1/layer_c_retrieval_top35_event_index.csv,Pass,human-calibrated bandpass retrieval top35; bandpass=1200-8000Hz; prefilter=Pass; spectrogram_warning:spectral_clutter_coverage=0.0843>0.0450; too_many_bright_call_marks_per_s=143.40>14.00
white_browed_woodswallow_top35_21_9074627,white_browed_woodswallow,White-browed Woodswallow,Artamus superciliosus,9074627,resources/site_257_bowra-dry-a/layer_c_retrieval_top8_species_candidates_v1/final_retrieval_library_top35_human_v1/white_browed_woodswallow/items/21_audioevent_9074627/bandpass_tightcrop_1200_8000hz.wav,0.9809,0.9809,dawn,unknown,5.0,5518,5115.0,5118.0,resources/site_257_bowra-dry-a/layer_c_retrieval_top8_species_candidates_v1/final_retrieval_library_top35_human_v1/layer_c_retrieval_top35_event_index.csv,Pass,human-calibrated bandpass retrieval top35; bandpass=1200-8000Hz; prefilter=Pass; spectrogram_warning:too_many_bright_call_marks_per_s=20.40>14.00
white_browed_woodswallow_top35_22_9375744,white_browed_woodswallow,White-browed Woodswallow,Artamus superciliosus,9375744,resources/site_257_bowra-dry-a/layer_c_retrieval_top8_species_candidates_v1/final_retrieval_library_top35_human_v1/white_browed_woodswallow/items/22_audioevent_9375744/bandpass_tightcrop_1200_8000hz.wav,0.9805,0.9805,dawn,unknown,5.0,215370,4479.0,4482.0,resources/site_257_bowra-dry-a/layer_c_retrieval_top8_species_candidates_v1/final_retrieval_library_top35_human_v1/layer_c_retrieval_top35_event_index.csv,Pass,human-calibrated bandpass retrieval top35; bandpass=1200-8000Hz; prefilter=Pass; spectrogram_warning:too_many_bright_call_marks_per_s=47.20>14.00
white_browed_woodswallow_top35_23_12305077,white_browed_woodswallow,White-browed Woodswallow,Artamus superciliosus,12305077,resources/site_257_bowra-dry-a/layer_c_retrieval_top8_species_candidates_v1/final_retrieval_library_top35_human_v1/white_browed_woodswallow/items/23_audioevent_12305077/bandpass_tightcrop_1200_8000hz.wav,0.9783,0.9783,morning,unknown,5.0,1677374,3384.0,3387.0,resources/site_257_bowra-dry-a/layer_c_retrieval_top8_species_candidates_v1/final_retrieval_library_top35_human_v1/layer_c_retrieval_top35_event_index.csv,Pass,human-calibrated bandpass retrieval top35; bandpass=1200-8000Hz; prefilter=Pass; spectrogram_warning:too_many_bright_call_marks_per_s=51.00>14.00
white_browed_woodswallow_top35_24_16473148,white_browed_woodswallow,White-browed Woodswallow,Artamus superciliosus,16473148,resources/site_257_bowra-dry-a/layer_c_retrieval_top8_species_candidates_v1/final_retrieval_library_top35_human_v1/white_browed_woodswallow/items/24_audioevent_16473148/bandpass_tightcrop_1200_8000hz.wav,0.9775,0.9775,dawn,unknown,5.0,215407,5490.0,5496.0,resources/site_257_bowra-dry-a/layer_c_retrieval_top8_species_candidates_v1/final_retrieval_library_top35_human_v1/layer_c_retrieval_top35_event_index.csv,Pass,human-calibrated bandpass retrieval top35; bandpass=1200-8000Hz; prefilter=Pass; spectrogram_warning:too_many_bright_call_marks_per_s=37.20>14.00
white_browed_woodswallow_top35_25_3830019,white_browed_woodswallow,White-browed Woodswallow,Artamus superciliosus,3830019,resources/site_257_bowra-dry-a/layer_c_retrieval_top8_species_candidates_v1/final_retrieval_library_top35_human_v1/white_browed_woodswallow/items/25_audioevent_3830019/bandpass_tightcrop_1200_8000hz.wav,0.9732,0.9732,dawn,unknown,5.0,215635,3408.0,3411.0,resources/site_257_bowra-dry-a/layer_c_retrieval_top8_species_candidates_v1/final_retrieval_library_top35_human_v1/layer_c_retrieval_top35_event_index.csv,Pass,human-calibrated bandpass retrieval top35; bandpass=1200-8000Hz; prefilter=Pass; spectrogram_warning:too_many_bright_call_marks_per_s=33.40>14.00
white_browed_woodswallow_top35_26_5233262,white_browed_woodswallow,White-browed Woodswallow,Artamus superciliosus,5233262,resources/site_257_bowra-dry-a/layer_c_retrieval_top8_species_candidates_v1/final_retrieval_library_top35_human_v1/white_browed_woodswallow/items/26_audioevent_5233262/bandpass_tightcrop_1200_8000hz.wav,0.97,0.97,dawn,unknown,5.0,215454,657.0,660.0,resources/site_257_bowra-dry-a/layer_c_retrieval_top8_species_candidates_v1/final_retrieval_library_top35_human_v1/layer_c_retrieval_top35_event_index.csv,Pass,human-calibrated bandpass retrieval top35; bandpass=1200-8000Hz; prefilter=Pass; spectrogram_warning:spectral_clutter_coverage=0.0896>0.0450; too_many_bright_call_marks_per_s=210.40>14.00; dense_vertical_overlap_fraction=0.0626>0.0350
white_browed_woodswallow_top35_27_362202,white_browed_woodswallow,White-browed Woodswallow,Artamus superciliosus,362202,resources/site_257_bowra-dry-a/layer_c_retrieval_top8_species_candidates_v1/final_retrieval_library_top35_human_v1/white_browed_woodswallow/items/27_audioevent_362202/bandpass_tightcrop_1200_8000hz.wav,0.9674,0.9674,dawn,unknown,5.0,1535836,816.0,822.0,resources/site_257_bowra-dry-a/layer_c_retrieval_top8_species_candidates_v1/final_retrieval_library_top35_human_v1/layer_c_retrieval_top35_event_index.csv,Pass,human-calibrated bandpass retrieval top35; bandpass=1200-8000Hz; prefilter=Pass; spectrogram_warning:spectral_clutter_coverage=0.0745>0.0450; too_many_bright_call_marks_per_s=132.60>14.00
white_browed_woodswallow_top35_28_6143324,white_browed_woodswallow,White-browed Woodswallow,Artamus superciliosus,6143324,resources/site_257_bowra-dry-a/layer_c_retrieval_top8_species_candidates_v1/final_retrieval_library_top35_human_v1/white_browed_woodswallow/items/28_audioevent_6143324/bandpass_tightcrop_1200_8000hz.wav,0.967,0.967,dawn,unknown,5.0,1679151,2505.0,2508.0,resources/site_257_bowra-dry-a/layer_c_retrieval_top8_species_candidates_v1/final_retrieval_library_top35_human_v1/layer_c_retrieval_top35_event_index.csv,Pass,human-calibrated bandpass retrieval top35; bandpass=1200-8000Hz; prefilter=Pass; spectrogram_warning:too_many_bright_call_marks_per_s=28.00>14.00
white_browed_woodswallow_top35_29_6606870,white_browed_woodswallow,White-browed Woodswallow,Artamus superciliosus,6606870,resources/site_257_bowra-dry-a/layer_c_retrieval_top8_species_candidates_v1/final_retrieval_library_top35_human_v1/white_browed_woodswallow/items/29_audioevent_6606870/bandpass_tightcrop_1200_8000hz.wav,0.9655,0.9655,dawn,unknown,5.0,1402608,4533.0,4536.0,resources/site_257_bowra-dry-a/layer_c_retrieval_top8_species_candidates_v1/final_retrieval_library_top35_human_v1/layer_c_retrieval_top35_event_index.csv,Pass,human-calibrated bandpass retrieval top35; bandpass=1200-8000Hz; prefilter=Pass; spectrogram_warning:spectral_clutter_coverage=0.0609>0.0450; too_many_bright_call_marks_per_s=133.40>14.00
white_browed_woodswallow_top35_30_17442682,white_browed_woodswallow,White-browed Woodswallow,Artamus superciliosus,17442682,resources/site_257_bowra-dry-a/layer_c_retrieval_top8_species_candidates_v1/final_retrieval_library_top35_human_v1/white_browed_woodswallow/items/30_audioevent_17442682/bandpass_tightcrop_1200_8000hz.wav,0.9634,0.9634,dawn,unknown,5.0,215348,6831.0,6834.0,resources/site_257_bowra-dry-a/layer_c_retrieval_top8_species_candidates_v1/final_retrieval_library_top35_human_v1/layer_c_retrieval_top35_event_index.csv,Pass,human-calibrated bandpass retrieval top35; bandpass=1200-8000Hz; prefilter=Pass; spectrogram_warning:spectral_clutter_coverage=0.0547>0.0450; too_many_bright_call_marks_per_s=227.80>14.00
white_browed_woodswallow_top35_31_10010840,white_browed_woodswallow,White-browed Woodswallow,Artamus superciliosus,10010840,resources/site_257_bowra-dry-a/layer_c_retrieval_top8_species_candidates_v1/final_retrieval_library_top35_human_v1/white_browed_woodswallow/items/31_audioevent_10010840/bandpass_tightcrop_1200_8000hz.wav,0.9595,0.9595,dawn,unknown,5.0,215683,5223.0,5226.0,resources/site_257_bowra-dry-a/layer_c_retrieval_top8_species_candidates_v1/final_retrieval_library_top35_human_v1/layer_c_retrieval_top35_event_index.csv,Pass,human-calibrated bandpass retrieval top35; bandpass=1200-8000Hz; prefilter=Pass; spectrogram_warning:too_many_bright_call_marks_per_s=45.20>14.00
white_browed_woodswallow_top35_32_6655390,white_browed_woodswallow,White-browed Woodswallow,Artamus superciliosus,6655390,resources/site_257_bowra-dry-a/layer_c_retrieval_top8_species_candidates_v1/final_retrieval_library_top35_human_v1/white_browed_woodswallow/items/32_audioevent_6655390/bandpass_tightcrop_1200_8000hz.wav,0.9573,0.9573,dawn,unknown,5.0,1402337,1302.0,1305.0,resources/site_257_bowra-dry-a/layer_c_retrieval_top8_species_candidates_v1/final_retrieval_library_top35_human_v1/layer_c_retrieval_top35_event_index.csv,Pass,human-calibrated bandpass retrieval top35; bandpass=1200-8000Hz; prefilter=Pass; spectrogram_warning:too_many_bright_call_marks_per_s=28.80>14.00
white_browed_woodswallow_top35_33_1865235,white_browed_woodswallow,White-browed Woodswallow,Artamus superciliosus,1865235,resources/site_257_bowra-dry-a/layer_c_retrieval_top8_species_candidates_v1/final_retrieval_library_top35_human_v1/white_browed_woodswallow/items/33_audioevent_1865235/bandpass_tightcrop_1200_8000hz.wav,0.9551,0.9551,dawn,unknown,5.0,1402081,3363.0,3366.0,resources/site_257_bowra-dry-a/layer_c_retrieval_top8_species_candidates_v1/final_retrieval_library_top35_human_v1/layer_c_retrieval_top35_event_index.csv,Pass,human-calibrated bandpass retrieval top35; bandpass=1200-8000Hz; prefilter=Pass; spectrogram_warning:spectral_clutter_coverage=0.0635>0.0450; too_many_bright_call_marks_per_s=106.60>14.00
white_browed_woodswallow_top35_34_882451,white_browed_woodswallow,White-browed Woodswallow,Artamus superciliosus,882451,resources/site_257_bowra-dry-a/layer_c_retrieval_top8_species_candidates_v1/final_retrieval_library_top35_human_v1/white_browed_woodswallow/items/34_audioevent_882451/bandpass_tightcrop_1200_8000hz.wav,0.9522,0.9522,dawn,unknown,5.0,1535930,1932.0,1935.0,resources/site_257_bowra-dry-a/layer_c_retrieval_top8_species_candidates_v1/final_retrieval_library_top35_human_v1/layer_c_retrieval_top35_event_index.csv,Pass,human-calibrated bandpass retrieval top35; bandpass=1200-8000Hz; prefilter=Pass; spectrogram_warning:too_many_bright_call_marks_per_s=56.00>14.00
white_browed_woodswallow_top35_35_1787453,white_browed_woodswallow,White-browed Woodswallow,Artamus superciliosus,1787453,resources/site_257_bowra-dry-a/layer_c_retrieval_top8_species_candidates_v1/final_retrieval_library_top35_human_v1/white_browed_woodswallow/items/35_audioevent_1787453/bandpass_tightcrop_1200_8000hz.wav,0.9519,0.9519,dawn,unknown,5.0,215656,6612.0,6615.0,resources/site_257_bowra-dry-a/layer_c_retrieval_top8_species_candidates_v1/final_retrieval_library_top35_human_v1/layer_c_retrieval_top35_event_index.csv,Pass,human-calibrated bandpass retrieval top35; bandpass=1200-8000Hz; prefilter=Pass; spectrogram_warning:too_many_bright_call_marks_per_s=33.40>14.00
