asset_id,clip_path,source_type,source_site_id,source_recording_id,start_s,end_s,duration_s,recording_group_id,near_duplicate_group_id,selection_rank_in_group,sample_rate,channels,primary_weather,has_rain,has_wind,has_thunder,rain_intensity,wind_intensity,thunder_intensity,mixed_weather,layer_d_role,layer_d_use,analysis_use,analysis_label_quality,human_audit_status,human_weather_label,human_notes,clap_rain_score,clap_wind_score,clap_thunder_score,clap_top_label,contamination_label,contamination_score,env_bucket,env_rain_mm,env_daily_rain_mm,env_wind_speed_ms,env_wind_max_ms,audio_rms_dbfs,audio_peak_dbfs,audio_clipping_ratio,quality_flags,run_id,provenance_json
lib_wind_001,acoustic_ai/layers/layer_b/attempts/murphy__smoke_1__curated_assets/data/weather/wind/wind_forest_trees.wav,sound_library,,freesound,,,,sound_library:freesound,lib_wind_001,1,,,wind,false,true,false,none,medium,none,false,wind_primary,reject,disabled_site_only,disabled_site_only,library_seed;library_disabled_site_only,wind,curated_mvp seed asset,,,,,,,,,,,,,,,library_seed;library_disabled_site_only,library_mvp_seed,{}
lib_wind_002,acoustic_ai/layers/layer_b/attempts/murphy__smoke_1__curated_assets/data/weather/wind/wind_trees_rustling.wav,sound_library,,freesound,,,,sound_library:freesound,lib_wind_002,1,,,wind,false,true,false,none,light,none,false,wind_primary,reject,disabled_site_only,disabled_site_only,library_seed;library_disabled_site_only,wind,curated_mvp seed asset,,,,,,,,,,,,,,,library_seed;library_disabled_site_only,library_mvp_seed,{}
lib_wind_003,acoustic_ai/layers/layer_b/attempts/murphy__smoke_1__curated_assets/data/weather/wind/windy_forest.wav,sound_library,,freesound,,,,sound_library:freesound,lib_wind_003,1,,,wind,false,true,false,none,heavy,none,false,wind_primary,reject,disabled_site_only,disabled_site_only,library_seed;library_disabled_site_only,wind,curated_mvp seed asset,,,,,,,,,,,,,,,library_seed;library_disabled_site_only,library_mvp_seed,{}
lib_wind_004,acoustic_ai/layers/layer_b/attempts/murphy__smoke_1__curated_assets/data/weather/wind/wind_trees_rustling_2.wav,sound_library,,freesound_523389,,,,sound_library:freesound_523389,lib_wind_004,1,,,wind,false,true,false,none,light,none,false,wind_primary,reject,disabled_site_only,disabled_site_only,library_seed;library_disabled_site_only,wind,expanded_dataset seed asset,,,,,,,,,,,,,,,library_seed;library_disabled_site_only,library_expanded_seed,{}
lib_wind_005,acoustic_ai/layers/layer_b/attempts/murphy__smoke_1__curated_assets/data/weather/wind/ambient_soft_wind.wav,sound_library,,freesound_161812,,,,sound_library:freesound_161812,lib_wind_005,1,,,wind,false,true,false,none,light,none,false,wind_primary,reject,disabled_site_only,disabled_site_only,library_seed;library_disabled_site_only,wind,expanded_dataset seed asset,,,,,,,,,,,,,,,library_seed;library_disabled_site_only,library_expanded_seed,{}
lib_rain_001,acoustic_ai/layers/layer_b/attempts/murphy__smoke_1__curated_assets/data/weather/rain/light_forest_rain.wav,sound_library,,freesound,,,,sound_library:freesound,lib_rain_001,1,,,rain,true,false,false,medium,none,none,false,rain_primary,reject,disabled_site_only,disabled_site_only,library_seed;light_rain_audit001;library_disabled_site_only,rain,light rain audit001: changed rain intensity from light to medium,,,,,,,,,,,,,,,library_seed;library_disabled_site_only,library_mvp_seed,"{""light_rain_audit001"":{""human_accept"":""yes"",""weather_label"":""rain"",""actual_intensity"":""medium"",""index_action"":""change_to_medium""}}"
lib_rain_002,acoustic_ai/layers/layer_b/attempts/murphy__smoke_1__curated_assets/data/weather/rain/rainforest_rain.wav,sound_library,,freesound,,,,sound_library:freesound,lib_rain_002,1,,,rain,true,false,false,medium,none,none,false,rain_primary,reject,disabled_site_only,disabled_site_only,library_seed;library_disabled_site_only,rain,curated_mvp seed asset,,,,,,,,,,,,,,,library_seed;library_disabled_site_only,library_mvp_seed,{}
lib_rain_003,acoustic_ai/layers/layer_b/attempts/murphy__smoke_1__curated_assets/data/weather/rain/rain_on_leaf.wav,sound_library,,freesound,,,,sound_library:freesound,lib_rain_003,1,,,rain,true,false,false,light,none,none,false,rain_primary,reject,disabled_site_only,disabled_site_only,library_seed;library_disabled_site_only,rain,curated_mvp seed asset,,,,,,,,,,,,,,,library_seed;library_disabled_site_only,library_mvp_seed,{}
lib_rain_004,acoustic_ai/layers/layer_b/attempts/murphy__smoke_1__curated_assets/data/weather/rain/forest_drizzle_light.wav,sound_library,,freesound_262029,,,,sound_library:freesound_262029,lib_rain_004,1,,,rain,true,false,false,light,none,none,false,rain_primary,reject,disabled_site_only,disabled_site_only,library_seed;library_disabled_site_only,rain,expanded_dataset seed asset,,,,,,,,,,,,,,,library_seed;library_disabled_site_only,library_expanded_seed,{}
lib_rain_005,acoustic_ai/layers/layer_b/attempts/murphy__smoke_1__curated_assets/data/weather/rain/forest_rain_canopy.wav,sound_library,,freesound_719062,,,,sound_library:freesound_719062,lib_rain_005,1,,,rain,true,false,false,medium,none,none,false,rain_primary,reject,disabled_site_only,disabled_site_only,library_seed;library_disabled_site_only,rain,expanded_dataset seed asset,,,,,,,,,,,,,,,library_seed;library_disabled_site_only,library_expanded_seed,{}
lib_rain_006,acoustic_ai/layers/layer_b/attempts/murphy__smoke_1__curated_assets/data/weather/rain/heavy_rain_dense.wav,sound_library,,freesound_200272,,,,sound_library:freesound_200272,lib_rain_006,1,,,rain,true,false,false,heavy,none,none,false,rain_primary,reject,disabled_site_only,disabled_site_only,library_seed;library_disabled_site_only,rain,expanded_dataset seed asset,,,,,,,,,,,,,,,library_seed;library_disabled_site_only,library_expanded_seed,{}
lib_thunder_001,acoustic_ai/layers/layer_b/attempts/murphy__smoke_1__curated_assets/data/weather/thunder/thunderstorm_ambience.wav,sound_library,,freesound,,,,sound_library:freesound,lib_thunder_001,1,,,storm,true,true,true,medium,medium,heavy,true,storm_bed,reject,disabled_site_only,disabled_site_only,library_seed;library_disabled_site_only,storm,curated_mvp seed asset,,,,,,,,,,,,,,,library_seed;library_disabled_site_only,library_mvp_seed,{}
lib_thunder_002,acoustic_ai/layers/layer_b/attempts/murphy__smoke_1__curated_assets/data/weather/thunder/rain_thunder.wav,sound_library,,freesound,,,,sound_library:freesound,lib_thunder_002,1,,,storm,true,false,true,medium,none,medium,true,storm_thunder_hit,reject,disabled_site_only,disabled_site_only,library_seed;library_disabled_site_only,storm,curated_mvp seed asset,,,,,,,,,,,,,,,library_seed;library_disabled_site_only,library_mvp_seed,{}
lib_thunder_003,acoustic_ai/layers/layer_b/attempts/murphy__smoke_1__curated_assets/data/weather/thunder/distant_thunder_rolling.wav,sound_library,,freesound_151201,,,,sound_library:freesound_151201,lib_thunder_003,1,,,thunder,false,false,true,none,none,medium,false,thunder_primary,reject,disabled_site_only,disabled_site_only,library_seed;library_disabled_site_only,thunder,expanded_dataset seed asset,,,,,,,,,,,,,,,library_seed;library_disabled_site_only,library_expanded_seed,{}
lib_thunder_004,acoustic_ai/layers/layer_b/attempts/murphy__smoke_1__curated_assets/data/weather/thunder/storm_thunder_buildup.wav,sound_library,,freesound_511348,,,,sound_library:freesound_511348,lib_thunder_004,1,,,storm,true,true,true,medium,medium,heavy,true,storm_bed,reject,disabled_site_only,disabled_site_only,library_seed;library_disabled_site_only,storm,expanded_dataset seed asset,,,,,,,,,,,,,,,library_seed;library_disabled_site_only,library_expanded_seed,{}
lib_thunder_005,acoustic_ai/layers/layer_b/attempts/murphy__smoke_1__curated_assets/data/weather/thunder/rain_thunderstorm_blend.wav,sound_library,,freesound_732992,,,,sound_library:freesound_732992,lib_thunder_005,1,,,storm,true,true,true,heavy,medium,heavy,true,storm_bed,reject,disabled_site_only,disabled_site_only,library_seed;library_disabled_site_only,storm,expanded_dataset seed asset,,,,,,,,,,,,,,,library_seed;library_disabled_site_only,library_expanded_seed,{}
lib_rain_007,acoustic_ai/layers/layer_b/attempts/murphy__smoke_1__curated_assets/data/weather/rain/mixkit_heavy_rain_ambience.wav,sound_library,,mixkit,0,129.987,129.987,sound_library:mixkit:heavy_rain_ambience,lib_rain_007,1,44100,2,rain,true,false,false,heavy,none,none,false,rain_primary,reject,disabled_site_only,disabled_site_only,downloaded_pending_review;library_disabled_site_only,rain,downloaded from Mixkit after user approved Mixkit rain/thunder candidates,,,,,,,,,,,,,,,pending_listen_review;library_disabled_site_only,library_expansion_20260601_heavy_rain_thunder,"{""provider"":""Mixkit"",""title"":""Heavy rain ambience"",""page_url"":""https://mixkit.co/free-sound-effects/rain/"",""download_url"":""https://assets.mixkit.co/active_storage/sfx/1262/1262.wav"",""license_note"":""Mixkit free sound effect; verify license before release""}"
lib_rain_008,acoustic_ai/layers/layer_b/attempts/murphy__smoke_1__curated_assets/data/weather/rain/mixkit_heavy_rain_over_metal_roof.wav,sound_library,,mixkit,0,113.064,113.064,sound_library:mixkit:heavy_rain_over_metal_roof,lib_rain_008,1,44100,2,rain,true,false,false,heavy,none,none,false,rain_primary,reject,disabled_site_only,disabled_site_only,downloaded_pending_review;library_disabled_site_only,rain,downloaded from Mixkit; metal roof surface may be stylized,,,,,,,,,,,,,,,pending_listen_review;surface_metal_roof;library_disabled_site_only,library_expansion_20260601_heavy_rain_thunder,"{""provider"":""Mixkit"",""title"":""Heavy rain over metal roof"",""page_url"":""https://mixkit.co/free-sound-effects/rain/"",""download_url"":""https://assets.mixkit.co/active_storage/sfx/1265/1265.wav"",""license_note"":""Mixkit free sound effect; verify license before release""}"
lib_rain_009,acoustic_ai/layers/layer_b/attempts/murphy__smoke_1__curated_assets/data/weather/rain/mixkit_heavy_rain_drops.wav,sound_library,,mixkit,0,12.174,12.174,sound_library:mixkit:heavy_rain_drops,lib_rain_009,1,44100,2,rain,true,false,false,heavy,none,none,false,rain_primary,reject,disabled_site_only,disabled_site_only,downloaded_pending_review;library_disabled_site_only,rain,downloaded from Mixkit; short clip,,,,,,,,,,,,,,,pending_listen_review;short_clip;library_disabled_site_only,library_expansion_20260601_heavy_rain_thunder,"{""provider"":""Mixkit"",""title"":""Heavy rain drops"",""page_url"":""https://mixkit.co/free-sound-effects/rain/"",""download_url"":""https://assets.mixkit.co/active_storage/sfx/2399/2399.wav"",""license_note"":""Mixkit free sound effect; verify license before release""}"
lib_rain_010,acoustic_ai/layers/layer_b/attempts/murphy__smoke_1__curated_assets/data/weather/rain/soundfishing_heavy_rain_04.wav,sound_library,,soundfishing,0,358.896,358.896,sound_library:soundfishing:heavy_rain_04,lib_rain_010,1,22050,1,rain,true,false,false,heavy,none,none,false,rain_primary,reject,disabled_site_only,disabled_site_only,downloaded_pending_review;library_disabled_site_only,rain,downloaded from SoundFishing free rain page after user approved SoundFishing candidates,,,,,,,,,,,,,,,pending_listen_review;converted_to_22050_mono;library_disabled_site_only,library_expansion_20260601_heavy_rain_thunder,"{""provider"":""SoundFishing"",""title"":""heavy rain 04"",""page_url"":""https://www.soundfishing.eu/sound-effect/rain"",""download_url"":""https://www.soundfishing.eu/download.php?id=3017"",""license_note"":""SoundFishing free download; verify license before release""}"
lib_rain_011,acoustic_ai/layers/layer_b/attempts/murphy__smoke_1__curated_assets/data/weather/rain/soundfishing_heavy_rain_07.wav,sound_library,,soundfishing,0,108.095,108.095,sound_library:soundfishing:heavy_rain_07,lib_rain_011,1,22050,1,rain,true,false,false,heavy,none,none,false,rain_primary,reject,disabled_site_only,disabled_site_only,downloaded_pending_review;library_disabled_site_only,rain,downloaded from SoundFishing free rain page after user approved SoundFishing candidates,,,,,,,,,,,,,,,pending_listen_review;converted_to_22050_mono;library_disabled_site_only,library_expansion_20260601_heavy_rain_thunder,"{""provider"":""SoundFishing"",""title"":""heavy rain 07"",""page_url"":""https://www.soundfishing.eu/sound-effect/rain"",""download_url"":""https://www.soundfishing.eu/download.php?id=5040"",""license_note"":""SoundFishing free download; verify license before release""}"
lib_rain_012,acoustic_ai/layers/layer_b/attempts/murphy__smoke_1__curated_assets/data/weather/rain/soundfishing_rain_heavy_01.wav,sound_library,,soundfishing,0,27.820,27.820,sound_library:soundfishing:rain_heavy_01,lib_rain_012,1,22050,1,rain,true,false,false,heavy,none,none,false,rain_primary,reject,disabled_site_only,disabled_site_only,downloaded_pending_review;library_disabled_site_only,rain,downloaded from SoundFishing free rain page; short clip,,,,,,,,,,,,,,,pending_listen_review;converted_to_22050_mono;short_clip;library_disabled_site_only,library_expansion_20260601_heavy_rain_thunder,"{""provider"":""SoundFishing"",""title"":""rain heavy 01"",""page_url"":""https://www.soundfishing.eu/sound-effect/rain"",""download_url"":""https://www.soundfishing.eu/download.php?id=2572"",""license_note"":""SoundFishing free download; verify license before release""}"
lib_thunder_006,acoustic_ai/layers/layer_b/attempts/murphy__smoke_1__curated_assets/data/weather/thunder/mixkit_rain_and_thunder_storm.wav,sound_library,,mixkit,0,29.000,29.000,sound_library:mixkit:rain_and_thunder_storm,lib_thunder_006,1,44100,2,storm,true,false,true,medium,none,heavy,true,storm_thunder_hit,reject,disabled_site_only,disabled_site_only,downloaded_pending_review;library_disabled_site_only,storm,downloaded from Mixkit after user approved Mixkit rain/thunder candidates,,,,,,,,,,,,,,,pending_listen_review;library_disabled_site_only,library_expansion_20260601_heavy_rain_thunder,"{""provider"":""Mixkit"",""title"":""Rain and thunder storm"",""page_url"":""https://mixkit.co/free-sound-effects/rain/"",""download_url"":""https://assets.mixkit.co/active_storage/sfx/2390/2390.wav"",""license_note"":""Mixkit free sound effect; verify license before release""}"
lib_thunder_007,acoustic_ai/layers/layer_b/attempts/murphy__smoke_1__curated_assets/data/weather/thunder/mixkit_thunder_rumble_during_storm.wav,sound_library,,mixkit,0,51.750,51.750,sound_library:mixkit:thunder_rumble_during_storm,lib_thunder_007,1,44100,2,thunder,false,false,true,none,none,heavy,false,thunder_primary,reject,disabled_site_only,disabled_site_only,downloaded_pending_review;library_disabled_site_only,thunder,downloaded from Mixkit; useful for pure thunder fallback,,,,,,,,,,,,,,,pending_listen_review;library_disabled_site_only,library_expansion_20260601_heavy_rain_thunder,"{""provider"":""Mixkit"",""title"":""Thunder rumble during a storm"",""page_url"":""https://mixkit.co/free-sound-effects/rain/"",""download_url"":""https://assets.mixkit.co/active_storage/sfx/2395/2395.wav"",""license_note"":""Mixkit free sound effect; verify license before release""}"
lib_thunder_008,acoustic_ai/layers/layer_b/attempts/murphy__smoke_1__curated_assets/data/weather/thunder/mixkit_thunderstorm_and_clear_rain.wav,sound_library,,mixkit,0,44.222,44.222,sound_library:mixkit:thunderstorm_and_clear_rain,lib_thunder_008,1,44100,2,storm,true,false,true,medium,none,medium,true,storm_bed,reject,disabled_site_only,disabled_site_only,downloaded_pending_review;library_disabled_site_only,storm,downloaded from Mixkit; clear rain plus thunder,,,,,,,,,,,,,,,pending_listen_review;library_disabled_site_only,library_expansion_20260601_heavy_rain_thunder,"{""provider"":""Mixkit"",""title"":""Thunderstorm and clear rain"",""page_url"":""https://mixkit.co/free-sound-effects/rain/"",""download_url"":""https://assets.mixkit.co/active_storage/sfx/2397/2397.wav"",""license_note"":""Mixkit free sound effect; verify license before release""}"
lib_thunder_009,acoustic_ai/layers/layer_b/attempts/murphy__smoke_1__curated_assets/data/weather/thunder/mixkit_thunderstorm_in_forest.wav,sound_library,,mixkit,0,32.000,32.000,sound_library:mixkit:thunderstorm_in_forest,lib_thunder_009,1,44100,2,storm,true,false,true,medium,none,heavy,true,storm_bed,reject,disabled_site_only,disabled_site_only,downloaded_pending_review;library_disabled_site_only,storm,downloaded from Mixkit; forest context may need listen review,,,,,,,,,,,,,,,pending_listen_review;possible_bio_context;library_disabled_site_only,library_expansion_20260601_heavy_rain_thunder,"{""provider"":""Mixkit"",""title"":""Thunderstorm in the forest"",""page_url"":""https://mixkit.co/free-sound-effects/rain/"",""download_url"":""https://assets.mixkit.co/active_storage/sfx/2396/2396.wav"",""license_note"":""Mixkit free sound effect; verify license before release""}"
lib_thunder_010,acoustic_ai/layers/layer_b/attempts/murphy__smoke_1__curated_assets/data/weather/thunder/mixkit_heavy_rain_and_thunder_ambience.wav,sound_library,,mixkit,0,15.490,15.490,sound_library:mixkit:heavy_rain_and_thunder_ambience,lib_thunder_010,1,44100,2,storm,true,false,true,heavy,none,heavy,true,storm_bed,reject,disabled_site_only,disabled_site_only,downloaded_pending_review;library_disabled_site_only,storm,downloaded from Mixkit; heavy rain plus thunder ambience,,,,,,,,,,,,,,,pending_listen_review;library_disabled_site_only,library_expansion_20260601_heavy_rain_thunder,"{""provider"":""Mixkit"",""title"":""Heavy rain and thunder ambience"",""page_url"":""https://mixkit.co/free-sound-effects/rain/"",""download_url"":""https://assets.mixkit.co/active_storage/sfx/1259/1259.wav"",""license_note"":""Mixkit free sound effect; verify license before release""}"
lib_rain_013,acoustic_ai/layers/layer_b/attempts/murphy__smoke_1__curated_assets/data/weather/rain/mixkit_light_rain_loop_a.wav,sound_library,,mixkit,0,15.000,15.000,sound_library:mixkit:2393,mixkit:2393,1,44100,2,rain,true,false,false,heavy,none,none,false,rain_primary,reject,disabled_site_only,disabled_site_only,approved_from_audit002;library_disabled_site_only,rain,user yes audit002 as rain / heavy,,,,,,,,,,,,,,,human_approved;library_disabled_site_only,library_expansion_20260601_audit002_selected,"{""provider"":""Mixkit"",""title"":""Light rain loop"",""page_url"":""https://mixkit.co/free-sound-effects/rain/"",""download_url"":""https://assets.mixkit.co/active_storage/sfx/2393/2393.wav"",""audit_page"":""debug/library_weather_fallback_audit_002/listen.html"",""audit_item"":1,""human_accept"":""yes"",""human_weather_label"":""rain"",""human_intensity"":""heavy"",""human_reject_reason"":""-"",""license_note"":""Mixkit free sound effect; verify license before release""}"
lib_rain_014,acoustic_ai/layers/layer_b/attempts/murphy__smoke_1__curated_assets/data/weather/rain/mixkit_light_rain_loop_b.wav,sound_library,,mixkit,0,39.375,39.375,sound_library:mixkit:1253,mixkit:1253,1,44100,2,rain,true,false,false,heavy,none,none,false,rain_primary,reject,disabled_site_only,disabled_site_only,approved_from_audit002;library_disabled_site_only,rain,user yes audit002 as rain / heavy,,,,,,,,,,,,,,,human_approved;library_disabled_site_only,library_expansion_20260601_audit002_selected,"{""provider"":""Mixkit"",""title"":""Light rain loop"",""page_url"":""https://mixkit.co/free-sound-effects/rain/"",""download_url"":""https://assets.mixkit.co/active_storage/sfx/1253/1253.wav"",""audit_page"":""debug/library_weather_fallback_audit_002/listen.html"",""audit_item"":2,""human_accept"":""yes"",""human_weather_label"":""rain"",""human_intensity"":""heavy"",""human_reject_reason"":""-"",""license_note"":""Mixkit free sound effect; verify license before release""}"
lib_rain_015,acoustic_ai/layers/layer_b/attempts/murphy__smoke_1__curated_assets/data/weather/rain/mixkit_rain_long_loop.wav,sound_library,,mixkit,0,57.074,57.074,sound_library:mixkit:2394,mixkit:2394,1,44100,2,rain,true,false,false,heavy,none,none,false,rain_primary,reject,disabled_site_only,disabled_site_only,maybe_from_audit002;library_disabled_site_only,rain,user maybe audit002 as rain / heavy,,,,,,,,,,,,,,,human_maybe_review;library_disabled_site_only,library_expansion_20260601_audit002_selected,"{""provider"":""Mixkit"",""title"":""Rain long loop"",""page_url"":""https://mixkit.co/free-sound-effects/rain/"",""download_url"":""https://assets.mixkit.co/active_storage/sfx/2394/2394.wav"",""audit_page"":""debug/library_weather_fallback_audit_002/listen.html"",""audit_item"":3,""human_accept"":""maybe"",""human_weather_label"":""rain"",""human_intensity"":""heavy"",""human_reject_reason"":""-"",""license_note"":""Mixkit free sound effect; verify license before release""}"
lib_rain_016,acoustic_ai/layers/layer_b/attempts/murphy__smoke_1__curated_assets/data/weather/rain/mixkit_forest_rain_loop.wav,sound_library,,mixkit,0,24.747,24.747,sound_library:mixkit:1225,mixkit:1225,1,44100,2,rain+wind,true,true,false,heavy,heavy,none,true,rain_wind_mixed,reject,disabled_site_only,disabled_site_only,approved_from_audit002;library_disabled_site_only,rain+wind,user yes audit002 as rain+wind / heavy,,,,,,,,,,,,,,,human_approved;library_disabled_site_only,library_expansion_20260601_audit002_selected,"{""provider"":""Mixkit"",""title"":""Forest rain loop"",""page_url"":""https://mixkit.co/free-sound-effects/rain/"",""download_url"":""https://assets.mixkit.co/active_storage/sfx/1225/1225.wav"",""audit_page"":""debug/library_weather_fallback_audit_002/listen.html"",""audit_item"":4,""human_accept"":""yes"",""human_weather_label"":""rain+wind"",""human_intensity"":""heavy"",""human_reject_reason"":""-"",""license_note"":""Mixkit free sound effect; verify license before release""}"
lib_thunder_011,acoustic_ai/layers/layer_b/attempts/murphy__smoke_1__curated_assets/data/weather/thunder/mixkit_calm_thunderstorm_jungle.wav,sound_library,,mixkit,0,49.000,49.000,sound_library:mixkit:2415,mixkit:2415,1,44100,2,storm,true,false,true,medium,none,medium,true,storm_bed,reject,disabled_site_only,disabled_site_only,approved_from_audit002;library_disabled_site_only,rain+thunder,user yes audit002 as rain+thunder / medium,,,,,,,,,,,,,,,human_approved;library_disabled_site_only,library_expansion_20260601_audit002_selected,"{""provider"":""Mixkit"",""title"":""Calm thunderstorm in the jungle"",""page_url"":""https://mixkit.co/free-sound-effects/thunder/"",""download_url"":""https://assets.mixkit.co/active_storage/sfx/2415/2415.wav"",""audit_page"":""debug/library_weather_fallback_audit_002/listen.html"",""audit_item"":7,""human_accept"":""yes"",""human_weather_label"":""rain+thunder"",""human_intensity"":""medium"",""human_reject_reason"":""-"",""license_note"":""Mixkit free sound effect; verify license before release""}"
lib_thunder_012,acoustic_ai/layers/layer_b/attempts/murphy__smoke_1__curated_assets/data/weather/thunder/mixkit_thunder_with_rain_in_storm.wav,sound_library,,mixkit,0,20.282,20.282,sound_library:mixkit:1294,mixkit:1294,1,44100,2,storm,true,false,true,heavy,none,heavy,true,storm_bed,reject,disabled_site_only,disabled_site_only,approved_from_audit002;library_disabled_site_only,rain+thunder,user yes audit002 as rain+thunder / heavy,,,,,,,,,,,,,,,human_approved;library_disabled_site_only,library_expansion_20260601_audit002_selected,"{""provider"":""Mixkit"",""title"":""Thunder with rain in the storm"",""page_url"":""https://mixkit.co/free-sound-effects/thunder/"",""download_url"":""https://assets.mixkit.co/active_storage/sfx/1294/1294.wav"",""audit_page"":""debug/library_weather_fallback_audit_002/listen.html"",""audit_item"":8,""human_accept"":""yes"",""human_weather_label"":""rain+thunder"",""human_intensity"":""heavy"",""human_reject_reason"":""-"",""license_note"":""Mixkit free sound effect; verify license before release""}"
lib_thunder_013,acoustic_ai/layers/layer_b/attempts/murphy__smoke_1__curated_assets/data/weather/thunder/mixkit_thunderstorm_and_rain_loop.wav,sound_library,,mixkit,0,52.750,52.750,sound_library:mixkit:2402,mixkit:2402,1,44100,2,storm,true,false,true,medium,none,medium,true,storm_bed,reject,disabled_site_only,disabled_site_only,approved_from_audit002;library_disabled_site_only,rain+thunder,user yes audit002 as rain+thunder / medium,,,,,,,,,,,,,,,human_approved;library_disabled_site_only,library_expansion_20260601_audit002_selected,"{""provider"":""Mixkit"",""title"":""Thunderstorm and rain loop"",""page_url"":""https://mixkit.co/free-sound-effects/thunder/"",""download_url"":""https://assets.mixkit.co/active_storage/sfx/2402/2402.wav"",""audit_page"":""debug/library_weather_fallback_audit_002/listen.html"",""audit_item"":9,""human_accept"":""yes"",""human_weather_label"":""rain+thunder"",""human_intensity"":""medium"",""human_reject_reason"":""-"",""license_note"":""Mixkit free sound effect; verify license before release""}"
lib_thunder_014,acoustic_ai/layers/layer_b/attempts/murphy__smoke_1__curated_assets/data/weather/thunder/mixkit_heavy_rain_and_thunder_background.wav,sound_library,,mixkit,0,22.267,22.267,sound_library:mixkit:2406,mixkit:2406,1,44100,2,storm,true,false,true,heavy,none,heavy,true,storm_bed,reject,disabled_site_only,disabled_site_only,approved_from_audit002;library_disabled_site_only,rain+thunder,user yes audit002 as rain+thunder / heavy,,,,,,,,,,,,,,,human_approved;library_disabled_site_only,library_expansion_20260601_audit002_selected,"{""provider"":""Mixkit"",""title"":""Heavy rain and thunder in background"",""page_url"":""https://mixkit.co/free-sound-effects/thunder/"",""download_url"":""https://assets.mixkit.co/active_storage/sfx/2406/2406.wav"",""audit_page"":""debug/library_weather_fallback_audit_002/listen.html"",""audit_item"":10,""human_accept"":""yes"",""human_weather_label"":""rain+thunder"",""human_intensity"":""heavy"",""human_reject_reason"":""-"",""license_note"":""Mixkit free sound effect; verify license before release""}"
lib_thunder_015,acoustic_ai/layers/layer_b/attempts/murphy__smoke_1__curated_assets/data/weather/thunder/mixkit_thunder_rumble_and_light_rain.wav,sound_library,,mixkit,0,25.750,25.750,sound_library:mixkit:2401,mixkit:2401,1,44100,2,storm,true,false,true,medium,none,medium,true,storm_bed,reject,disabled_site_only,disabled_site_only,approved_from_audit002;library_disabled_site_only,rain+thunder,user yes audit002 as rain+thunder / medium,,,,,,,,,,,,,,,human_approved;library_disabled_site_only,library_expansion_20260601_audit002_selected,"{""provider"":""Mixkit"",""title"":""Thunder rumble and light rain"",""page_url"":""https://mixkit.co/free-sound-effects/thunder/"",""download_url"":""https://assets.mixkit.co/active_storage/sfx/2401/2401.wav"",""audit_page"":""debug/library_weather_fallback_audit_002/listen.html"",""audit_item"":11,""human_accept"":""yes"",""human_weather_label"":""rain+thunder"",""human_intensity"":""medium"",""human_reject_reason"":""-"",""license_note"":""Mixkit free sound effect; verify license before release""}"
lib_thunder_016,acoustic_ai/layers/layer_b/attempts/murphy__smoke_1__curated_assets/data/weather/thunder/mixkit_big_thunder_rumble.wav,sound_library,,mixkit,0,22.739,22.739,sound_library:mixkit:1297,mixkit:thunder_rumble_family_1296_1297,1,44100,2,thunder,false,false,true,none,none,heavy,false,thunder_primary,reject,disabled_site_only,disabled_site_only,approved_from_audit002;library_disabled_site_only,thunder,user yes audit002 as thunder / heavy,,,,,,,,,,,,,,,human_approved;library_disabled_site_only,library_expansion_20260601_audit002_selected,"{""provider"":""Mixkit"",""title"":""Big thunder rumble"",""page_url"":""https://mixkit.co/free-sound-effects/thunder/"",""download_url"":""https://assets.mixkit.co/active_storage/sfx/1297/1297.wav"",""audit_page"":""debug/library_weather_fallback_audit_002/listen.html"",""audit_item"":12,""human_accept"":""yes"",""human_weather_label"":""thunder"",""human_intensity"":""heavy"",""human_reject_reason"":""-"",""license_note"":""Mixkit free sound effect; verify license before release""}"
lib_thunder_017,acoustic_ai/layers/layer_b/attempts/murphy__smoke_1__curated_assets/data/weather/thunder/mixkit_thunderstorm_ambience.wav,sound_library,,mixkit,0,25.500,25.500,sound_library:mixkit:1289,mixkit:1289,1,44100,2,storm,true,false,true,medium,none,medium,true,storm_bed,reject,disabled_site_only,disabled_site_only,approved_from_audit002;library_disabled_site_only,rain+thunder,user yes audit002 as rain+thunder / medium,,,,,,,,,,,,,,,human_approved;library_disabled_site_only,library_expansion_20260601_audit002_selected,"{""provider"":""Mixkit"",""title"":""Thunderstorm ambience"",""page_url"":""https://mixkit.co/free-sound-effects/thunder/"",""download_url"":""https://assets.mixkit.co/active_storage/sfx/1289/1289.wav"",""audit_page"":""debug/library_weather_fallback_audit_002/listen.html"",""audit_item"":14,""human_accept"":""yes"",""human_weather_label"":""rain+thunder"",""human_intensity"":""medium"",""human_reject_reason"":""-"",""license_note"":""Mixkit free sound effect; verify license before release""}"
lib_rain_017,acoustic_ai/layers/layer_b/attempts/murphy__smoke_1__curated_assets/data/weather/rain/mixkit_heavy_rain_plain.wav,sound_library,,mixkit,0,7.500,7.500,sound_library:mixkit:2403,mixkit:2403,1,44100,2,rain,true,false,false,heavy,none,none,false,rain_primary,reject,disabled_site_only,disabled_site_only,maybe_from_audit002;light_rain_audit001;library_disabled_site_only,rain,light rain audit001: changed rain intensity from light to heavy,,,,,,,,,,,,,,,human_maybe_review;library_disabled_site_only,library_expansion_20260601_audit002_selected,"{""provider"":""Mixkit"",""title"":""Heavy rain"",""page_url"":""https://mixkit.co/free-sound-effects/rain/"",""download_url"":""https://assets.mixkit.co/active_storage/sfx/2403/2403.wav"",""audit_page"":""debug/library_weather_fallback_audit_002/listen.html"",""audit_item"":5,""human_accept"":""maybe"",""human_weather_label"":""rain"",""human_intensity"":""light"",""human_reject_reason"":""-"",""license_note"":""Mixkit free sound effect; verify license before release"",""light_rain_audit001"":{""human_accept"":""yes"",""weather_label"":""rain"",""actual_intensity"":""heavy"",""index_action"":""change_to_heavy""}}"
lib_thunder_018,acoustic_ai/layers/layer_b/attempts/murphy__smoke_1__curated_assets/data/weather/thunder/mixkit_thunder_deep_rumble.wav,sound_library,,mixkit,0,18.171,18.171,sound_library:mixkit:1296,mixkit:thunder_rumble_family_1296_1297,2,44100,2,thunder,false,false,true,none,none,heavy,false,thunder_primary,reject,disabled_site_only,disabled_site_only,maybe_from_audit002;library_disabled_site_only,thunder,和上一段好像啊 是不是一个recording 切了两段,,,,,,,,,,,,,,,human_maybe_review;near_duplicate_with_lib_thunder_016;library_disabled_site_only,library_expansion_20260601_audit002_selected,"{""provider"":""Mixkit"",""title"":""Thunder deep rumble"",""page_url"":""https://mixkit.co/free-sound-effects/thunder/"",""download_url"":""https://assets.mixkit.co/active_storage/sfx/1296/1296.wav"",""audit_page"":""debug/library_weather_fallback_audit_002/listen.html"",""audit_item"":13,""human_accept"":""maybe"",""human_weather_label"":""thunder"",""human_intensity"":""heavy"",""human_reject_reason"":""-"",""license_note"":""Mixkit free sound effect; verify license before release""}"
site_mvp002_site257_1401640_003387_003402,acoustic_ai/layers/layer_b/attempts/murphy__smoke_1__curated_assets/data/weather/site_mvp_002/rain_primary/rain_primary__rain__site257_1401640_003387_003402.wav,site,257,1401640,3387.0,3402.0,15.0,site257_1401640,site257_1401640_003387_003402,1,22050,1,rain,true,false,false,heavy,none,none,false,rain_primary,primary,site_ready_pool,site_policy_v03_provisional,site_ready;light_rain_audit001,rain,light rain audit001: changed rain intensity from light to heavy,0.410855,0.187865,0.273617,rain,human_or_machine,0.085926,wind_env_prior,0.42,0.23,3.2,5.96,-26.967,-0.867,0.0,site_ready;server_a_promoted;local_staging,site_mvp_002_rain_expansion,"{""site_id"":""257"",""recording_id"":""1401640"",""source_s3_uri"":""s3://eco-acoustic-data.store.adelaideuni.cloud/dataset/original/site_257_bowra-dry-a/downloaded_clips/site_257_item_1401640/site_257_item_1401640_clip_012.webm"",""source_manifest"":""/Users/murphy/Documents/Codex/2026-05-28/spacerobot-268369-comp-6000-capstone2-https-2/debug/site_weather_layer_d_assets_mvp_002_rain_expansion/layer_d_ready_manifest.csv"",""server_a_source_dir"":""/home/ubuntu/layer_b_site_weather_job/runs/mvp_pool_20260531_002_rain_expansion_layer_d_assets_accept_only/assets_wav_22050_mono"",""promotion_policy_version"":""site_weather_candidate_promotion_v0.1"",""candidate_pool_policy_version"":""site_weather_candidate_pool_v0.2"",""light_rain_audit001"":{""human_accept"":""yes"",""weather_label"":""rain"",""actual_intensity"":""heavy"",""index_action"":""change_to_heavy""}}"
site_mvp002_site257_1313196_000778_000793,acoustic_ai/layers/layer_b/attempts/murphy__smoke_1__curated_assets/data/weather/site_mvp_002/rain_primary/rain_primary__rain__site257_1313196_000778_000793.wav,site,257,1313196,778.0,793.0,15.0,site257_1313196,site257_1313196_000778_000793,2,22050,1,rain,true,false,false,medium,none,none,false,rain_primary,primary,site_ready_pool,site_policy_v03_provisional,site_ready,rain,clear_rain_target_score,0.366741,0.074902,0.075428,rain,human_or_machine,0.02092,wind_env_prior,1.07,0.06,2.89,4.88,-33.417,0.0,1e-06,site_ready;server_a_promoted;local_staging,site_mvp_002_rain_expansion,"{""site_id"":""257"",""recording_id"":""1313196"",""source_s3_uri"":""s3://eco-acoustic-data.store.adelaideuni.cloud/dataset/original/site_257_bowra-dry-a/downloaded_clips/site_257_item_1313196/site_257_item_1313196_clip_003.webm"",""source_manifest"":""/Users/murphy/Documents/Codex/2026-05-28/spacerobot-268369-comp-6000-capstone2-https-2/debug/site_weather_layer_d_assets_mvp_002_rain_expansion/layer_d_ready_manifest.csv"",""server_a_source_dir"":""/home/ubuntu/layer_b_site_weather_job/runs/mvp_pool_20260531_002_rain_expansion_layer_d_assets_accept_only/assets_wav_22050_mono"",""promotion_policy_version"":""site_weather_candidate_promotion_v0.1"",""candidate_pool_policy_version"":""site_weather_candidate_pool_v0.2""}"
site_mvp002_site257_1313196_000202_000217,acoustic_ai/layers/layer_b/attempts/murphy__smoke_1__curated_assets/data/weather/site_mvp_002/rain_primary/rain_primary__rain__site257_1313196_000202_000217.wav,site,257,1313196,202.0,217.0,15.0,site257_1313196,site257_1313196_000202_000217,4,22050,1,rain,true,false,false,medium,none,none,false,rain_primary,primary,site_ready_pool,site_policy_v03_provisional,site_ready,rain,clear_rain_target_score,0.342934,0.076268,0.108331,rain,bird_or_insect,0.043379,wind_env_prior,1.07,0.06,2.89,4.88,-34.155,-1.338,0.0,site_ready;server_a_promoted;local_staging,site_mvp_002_rain_expansion,"{""site_id"":""257"",""recording_id"":""1313196"",""source_s3_uri"":""s3://eco-acoustic-data.store.adelaideuni.cloud/dataset/original/site_257_bowra-dry-a/downloaded_clips/site_257_item_1313196/site_257_item_1313196_clip_001.webm"",""source_manifest"":""/Users/murphy/Documents/Codex/2026-05-28/spacerobot-268369-comp-6000-capstone2-https-2/debug/site_weather_layer_d_assets_mvp_002_rain_expansion/layer_d_ready_manifest.csv"",""server_a_source_dir"":""/home/ubuntu/layer_b_site_weather_job/runs/mvp_pool_20260531_002_rain_expansion_layer_d_assets_accept_only/assets_wav_22050_mono"",""promotion_policy_version"":""site_weather_candidate_promotion_v0.1"",""candidate_pool_policy_version"":""site_weather_candidate_pool_v0.2""}"
site_mvp002_site257_1313196_001630_001645,acoustic_ai/layers/layer_b/attempts/murphy__smoke_1__curated_assets/data/weather/site_mvp_002/rain_primary/rain_primary__rain__site257_1313196_001630_001645.wav,site,257,1313196,1630.0,1645.0,15.0,site257_1313196,site257_1313196_001630_001645,5,22050,1,rain,true,false,false,medium,none,none,false,rain_primary,primary,site_ready_pool,site_policy_v03_provisional,site_ready,rain,clear_rain_target_score,0.352952,0.101963,0.135588,rain,bird_or_insect,0.111576,wind_env_prior,1.07,0.06,2.89,4.88,-33.093,-1.92,0.0,site_ready;server_a_promoted;local_staging,site_mvp_002_rain_expansion,"{""site_id"":""257"",""recording_id"":""1313196"",""source_s3_uri"":""s3://eco-acoustic-data.store.adelaideuni.cloud/dataset/original/site_257_bowra-dry-a/downloaded_clips/site_257_item_1313196/site_257_item_1313196_clip_006.webm"",""source_manifest"":""/Users/murphy/Documents/Codex/2026-05-28/spacerobot-268369-comp-6000-capstone2-https-2/debug/site_weather_layer_d_assets_mvp_002_rain_expansion/layer_d_ready_manifest.csv"",""server_a_source_dir"":""/home/ubuntu/layer_b_site_weather_job/runs/mvp_pool_20260531_002_rain_expansion_layer_d_assets_accept_only/assets_wav_22050_mono"",""promotion_policy_version"":""site_weather_candidate_promotion_v0.1"",""candidate_pool_policy_version"":""site_weather_candidate_pool_v0.2""}"
site_mvp002_site257_1313196_001218_001233,acoustic_ai/layers/layer_b/attempts/murphy__smoke_1__curated_assets/data/weather/site_mvp_002/rain_primary/rain_primary__rain__site257_1313196_001218_001233.wav,site,257,1313196,1218.0,1233.0,15.0,site257_1313196,site257_1313196_001218_001233,6,22050,1,rain,true,false,false,medium,none,none,false,rain_primary,primary,site_ready_pool,site_policy_v03_provisional,site_ready,rain,clear_rain_target_score,0.333615,0.089894,0.089269,rain,human_or_machine,0.060665,wind_env_prior,1.07,0.06,2.89,4.88,-34.942,-8.498,0.0,site_ready;server_a_promoted;local_staging,site_mvp_002_rain_expansion,"{""site_id"":""257"",""recording_id"":""1313196"",""source_s3_uri"":""s3://eco-acoustic-data.store.adelaideuni.cloud/dataset/original/site_257_bowra-dry-a/downloaded_clips/site_257_item_1313196/site_257_item_1313196_clip_005.webm"",""source_manifest"":""/Users/murphy/Documents/Codex/2026-05-28/spacerobot-268369-comp-6000-capstone2-https-2/debug/site_weather_layer_d_assets_mvp_002_rain_expansion/layer_d_ready_manifest.csv"",""server_a_source_dir"":""/home/ubuntu/layer_b_site_weather_job/runs/mvp_pool_20260531_002_rain_expansion_layer_d_assets_accept_only/assets_wav_22050_mono"",""promotion_policy_version"":""site_weather_candidate_promotion_v0.1"",""candidate_pool_policy_version"":""site_weather_candidate_pool_v0.2""}"
site_mvp002_site257_214665_001923_001938,acoustic_ai/layers/layer_b/attempts/murphy__smoke_1__curated_assets/data/weather/site_mvp_002/rain_primary/rain_primary__rain__site257_214665_001923_001938.wav,site,257,214665,1923.0,1938.0,15.0,site257_214665,site257_214665_001923_001938,7,22050,1,rain,true,false,false,light,none,none,false,rain_primary,primary,site_ready_pool,site_policy_v03_provisional,site_ready,rain,clear_rain_target_score,0.35807,0.186144,0.118117,rain,human_or_machine,0.144479,wind_env_prior,0.0,77.69,0.82,7.1,-47.328,-15.414,0.0,site_ready;server_a_promoted;local_staging,site_mvp_002_rain_expansion,"{""site_id"":""257"",""recording_id"":""214665"",""source_s3_uri"":""s3://eco-acoustic-data.store.adelaideuni.cloud/dataset/original/site_257_bowra-dry-a/downloaded_clips/site_257_item_214665/site_257_item_214665_clip_007.webm"",""source_manifest"":""/Users/murphy/Documents/Codex/2026-05-28/spacerobot-268369-comp-6000-capstone2-https-2/debug/site_weather_layer_d_assets_mvp_002_rain_expansion/layer_d_ready_manifest.csv"",""server_a_source_dir"":""/home/ubuntu/layer_b_site_weather_job/runs/mvp_pool_20260531_002_rain_expansion_layer_d_assets_accept_only/assets_wav_22050_mono"",""promotion_policy_version"":""site_weather_candidate_promotion_v0.1"",""candidate_pool_policy_version"":""site_weather_candidate_pool_v0.2""}"
site_mvp002_site257_1313184_006689_006704,acoustic_ai/layers/layer_b/attempts/murphy__smoke_1__curated_assets/data/weather/site_mvp_002/rain_wind_mixed/rain_wind_mixed__rain_wind__site257_1313184_006689_006704.wav,site,257,1313184,6689.0,6704.0,15.0,site257_1313184,site257_1313184_006689_006704,8,22050,1,rain+wind,true,true,false,medium,medium,none,true,rain_wind_mixed,primary,site_ready_pool,site_policy_v03_provisional,site_ready,rain+wind,usable_rain_with_wind_overlap,0.35162,0.383307,0.323979,wind,bird_or_insect,0.166137,storm_env_prior,5.88,0.06,6.01,4.88,-33.264,-14.263,0.0,site_ready;server_a_promoted;local_staging,site_mvp_002_rain_expansion,"{""site_id"":""257"",""recording_id"":""1313184"",""source_s3_uri"":""s3://eco-acoustic-data.store.adelaideuni.cloud/dataset/original/site_257_bowra-dry-a/downloaded_clips/site_257_item_1313184/site_257_item_1313184_clip_023.webm"",""source_manifest"":""/Users/murphy/Documents/Codex/2026-05-28/spacerobot-268369-comp-6000-capstone2-https-2/debug/site_weather_layer_d_assets_mvp_002_rain_expansion/layer_d_ready_manifest.csv"",""server_a_source_dir"":""/home/ubuntu/layer_b_site_weather_job/runs/mvp_pool_20260531_002_rain_expansion_layer_d_assets_accept_only/assets_wav_22050_mono"",""promotion_policy_version"":""site_weather_candidate_promotion_v0.1"",""candidate_pool_policy_version"":""site_weather_candidate_pool_v0.2""}"
site_mvp002_site257_1539525_006050_006065,acoustic_ai/layers/layer_b/attempts/murphy__smoke_1__curated_assets/data/weather/site_mvp_002/rain_wind_mixed/rain_wind_mixed__rain_wind__site257_1539525_006050_006065.wav,site,257,1539525,6050.0,6065.0,15.0,site257_1539525,site257_1539525_006050_006065,10,22050,1,rain+wind,true,true,false,medium,medium,none,true,rain_wind_mixed,primary,site_ready_pool,site_policy_v03_provisional,site_ready,rain+wind,usable_rain_with_wind_overlap,0.410573,0.433329,0.274216,wind,human_or_machine,0.318893,rain_env_prior,0.35,0.13,1.36,3.45,-38.757,-24.314,0.0,site_ready;server_a_promoted;local_staging,site_mvp_002_rain_expansion,"{""site_id"":""257"",""recording_id"":""1539525"",""source_s3_uri"":""s3://eco-acoustic-data.store.adelaideuni.cloud/dataset/original/site_257_bowra-dry-a/downloaded_clips/site_257_item_1539525/site_257_item_1539525_clip_021.webm"",""source_manifest"":""/Users/murphy/Documents/Codex/2026-05-28/spacerobot-268369-comp-6000-capstone2-https-2/debug/site_weather_layer_d_assets_mvp_002_rain_expansion/layer_d_ready_manifest.csv"",""server_a_source_dir"":""/home/ubuntu/layer_b_site_weather_job/runs/mvp_pool_20260531_002_rain_expansion_layer_d_assets_accept_only/assets_wav_22050_mono"",""promotion_policy_version"":""site_weather_candidate_promotion_v0.1"",""candidate_pool_policy_version"":""site_weather_candidate_pool_v0.2""}"
site_mvp002_site257_216095_006349_006364,acoustic_ai/layers/layer_b/attempts/murphy__smoke_1__curated_assets/data/weather/site_mvp_002/rain_wind_mixed/rain_wind_mixed__rain_wind__site257_216095_006349_006364.wav,site,257,216095,6349.0,6364.0,15.0,site257_216095,site257_216095_006349_006364,12,22050,1,rain+wind,true,true,false,medium,medium,none,true,rain_wind_mixed,primary,site_ready_pool,site_policy_v03_provisional,site_ready,rain+wind,usable_rain_with_wind_overlap,0.343928,0.359122,0.255096,wind,human_or_machine,0.256865,wind_env_prior,1.13,1.69,3.76,5.09,-36.815,-18.741,0.0,site_ready;server_a_promoted;local_staging,site_mvp_002_rain_expansion,"{""site_id"":""257"",""recording_id"":""216095"",""source_s3_uri"":""s3://eco-acoustic-data.store.adelaideuni.cloud/dataset/original/site_257_bowra-dry-a/downloaded_clips/site_257_item_216095/site_257_item_216095_clip_022.webm"",""source_manifest"":""/Users/murphy/Documents/Codex/2026-05-28/spacerobot-268369-comp-6000-capstone2-https-2/debug/site_weather_layer_d_assets_mvp_002_rain_expansion/layer_d_ready_manifest.csv"",""server_a_source_dir"":""/home/ubuntu/layer_b_site_weather_job/runs/mvp_pool_20260531_002_rain_expansion_layer_d_assets_accept_only/assets_wav_22050_mono"",""promotion_policy_version"":""site_weather_candidate_promotion_v0.1"",""candidate_pool_policy_version"":""site_weather_candidate_pool_v0.2""}"
site_mvp002_site257_214659_006775_006790,acoustic_ai/layers/layer_b/attempts/murphy__smoke_1__curated_assets/data/weather/site_mvp_002/rain_wind_mixed/rain_wind_mixed__rain_wind__site257_214659_006775_006790.wav,site,257,214659,6775.0,6790.0,15.0,site257_214659,site257_214659_006775_006790,52,22050,1,rain+wind,true,true,false,medium,medium,none,true,rain_wind_mixed,primary,site_ready_pool,site_policy_v03_provisional,site_ready,rain+wind,usable_rain_with_wind_overlap,0.458888,0.502697,0.450709,wind,human_or_machine,0.187261,storm_env_prior,220.58,77.69,4.79,7.1,-22.363,-5.443,0.0,site_ready;server_a_promoted;local_staging,site_mvp_002_rain_expansion,"{""site_id"":""257"",""recording_id"":""214659"",""source_s3_uri"":""s3://eco-acoustic-data.store.adelaideuni.cloud/dataset/original/site_257_bowra-dry-a/downloaded_clips/site_257_item_214659/site_257_item_214659_clip_023.webm"",""source_manifest"":""/Users/murphy/Documents/Codex/2026-05-28/spacerobot-268369-comp-6000-capstone2-https-2/debug/site_weather_layer_d_assets_mvp_002_rain_expansion/layer_d_ready_manifest.csv"",""server_a_source_dir"":""/home/ubuntu/layer_b_site_weather_job/runs/mvp_pool_20260531_002_rain_expansion_layer_d_assets_accept_only/assets_wav_22050_mono"",""promotion_policy_version"":""site_weather_candidate_promotion_v0.1"",""candidate_pool_policy_version"":""site_weather_candidate_pool_v0.2""}"
site_mvp002_site257_214659_001523_001538,acoustic_ai/layers/layer_b/attempts/murphy__smoke_1__curated_assets/data/weather/site_mvp_002/rain_wind_mixed/rain_wind_mixed__rain_wind__site257_214659_001523_001538.wav,site,257,214659,1523.0,1538.0,15.0,site257_214659,site257_214659_001523_001538,53,22050,1,rain+wind,true,true,false,medium,medium,none,true,rain_wind_mixed,primary,site_ready_pool,site_policy_v03_provisional,site_ready,rain+wind,usable_rain_with_wind_overlap,0.377466,0.528491,0.549582,thunder,human_or_machine,0.208301,storm_env_prior,220.58,77.69,4.79,7.1,-28.063,-3.742,0.0,site_ready;server_a_promoted;local_staging,site_mvp_002_rain_expansion,"{""site_id"":""257"",""recording_id"":""214659"",""source_s3_uri"":""s3://eco-acoustic-data.store.adelaideuni.cloud/dataset/original/site_257_bowra-dry-a/downloaded_clips/site_257_item_214659/site_257_item_214659_clip_006.webm"",""source_manifest"":""/Users/murphy/Documents/Codex/2026-05-28/spacerobot-268369-comp-6000-capstone2-https-2/debug/site_weather_layer_d_assets_mvp_002_rain_expansion/layer_d_ready_manifest.csv"",""server_a_source_dir"":""/home/ubuntu/layer_b_site_weather_job/runs/mvp_pool_20260531_002_rain_expansion_layer_d_assets_accept_only/assets_wav_22050_mono"",""promotion_policy_version"":""site_weather_candidate_promotion_v0.1"",""candidate_pool_policy_version"":""site_weather_candidate_pool_v0.2""}"
site_mvp002_site257_216086_006035_006050,acoustic_ai/layers/layer_b/attempts/murphy__smoke_1__curated_assets/data/weather/site_mvp_002/rain_wind_mixed/rain_wind_mixed__rain_wind__site257_216086_006035_006050.wav,site,257,216086,6035.0,6050.0,15.0,site257_216086,site257_216086_006035_006050,54,22050,1,rain+wind,true,true,false,medium,medium,none,true,rain_wind_mixed,primary,site_ready_pool,site_policy_v03_provisional,site_ready,rain+wind,usable_rain_with_wind_overlap,0.411558,0.505101,0.337817,wind,bird_or_insect,0.242767,rain_env_prior,0.01,0.0,1.04,3.29,-39.428,-25.179,0.0,site_ready;server_a_promoted;local_staging,site_mvp_002_rain_expansion,"{""site_id"":""257"",""recording_id"":""216086"",""source_s3_uri"":""s3://eco-acoustic-data.store.adelaideuni.cloud/dataset/original/site_257_bowra-dry-a/downloaded_clips/site_257_item_216086/site_257_item_216086_clip_021.webm"",""source_manifest"":""/Users/murphy/Documents/Codex/2026-05-28/spacerobot-268369-comp-6000-capstone2-https-2/debug/site_weather_layer_d_assets_mvp_002_rain_expansion/layer_d_ready_manifest.csv"",""server_a_source_dir"":""/home/ubuntu/layer_b_site_weather_job/runs/mvp_pool_20260531_002_rain_expansion_layer_d_assets_accept_only/assets_wav_22050_mono"",""promotion_policy_version"":""site_weather_candidate_promotion_v0.1"",""candidate_pool_policy_version"":""site_weather_candidate_pool_v0.2""}"
site_mvp002_site257_216086_006050_006065,acoustic_ai/layers/layer_b/attempts/murphy__smoke_1__curated_assets/data/weather/site_mvp_002/rain_wind_mixed/rain_wind_mixed__rain_wind__site257_216086_006050_006065.wav,site,257,216086,6050.0,6065.0,15.0,site257_216086,site257_216086_006050_006065,59,22050,1,rain+wind,true,true,false,medium,medium,none,true,rain_wind_mixed,primary,site_ready_pool,site_policy_v03_provisional,site_ready,rain+wind,usable_rain_with_wind_overlap,0.370992,0.533478,0.427187,wind,human_or_machine,0.21967,rain_env_prior,0.01,0.0,1.04,3.29,-31.814,-11.681,0.0,site_ready;server_a_promoted;local_staging,site_mvp_002_rain_expansion,"{""site_id"":""257"",""recording_id"":""216086"",""source_s3_uri"":""s3://eco-acoustic-data.store.adelaideuni.cloud/dataset/original/site_257_bowra-dry-a/downloaded_clips/site_257_item_216086/site_257_item_216086_clip_021.webm"",""source_manifest"":""/Users/murphy/Documents/Codex/2026-05-28/spacerobot-268369-comp-6000-capstone2-https-2/debug/site_weather_layer_d_assets_mvp_002_rain_expansion/layer_d_ready_manifest.csv"",""server_a_source_dir"":""/home/ubuntu/layer_b_site_weather_job/runs/mvp_pool_20260531_002_rain_expansion_layer_d_assets_accept_only/assets_wav_22050_mono"",""promotion_policy_version"":""site_weather_candidate_promotion_v0.1"",""candidate_pool_policy_version"":""site_weather_candidate_pool_v0.2""}"
site_mvp002_site257_1313184_000390_000405,acoustic_ai/layers/layer_b/attempts/murphy__smoke_1__curated_assets/data/weather/site_mvp_002/wind_primary/wind_primary__wind__site257_1313184_000390_000405.wav,site,257,1313184,390.0,405.0,15.0,site257_1313184,site257_1313184_000390_000405,193,22050,1,wind,false,true,false,none,heavy,none,false,wind_primary,primary,site_ready_pool,site_policy_v03_provisional,site_ready,wind,clear_wind_target_score,0.36141,0.567586,0.38728,wind,human_or_machine,0.279232,storm_env_prior,5.88,0.06,6.01,4.88,-27.909,-11.193,0.0,site_ready;server_a_promoted;local_staging,site_mvp_002_rain_expansion,"{""site_id"":""257"",""recording_id"":""1313184"",""source_s3_uri"":""s3://eco-acoustic-data.store.adelaideuni.cloud/dataset/original/site_257_bowra-dry-a/downloaded_clips/site_257_item_1313184/site_257_item_1313184_clip_002.webm"",""source_manifest"":""/Users/murphy/Documents/Codex/2026-05-28/spacerobot-268369-comp-6000-capstone2-https-2/debug/site_weather_layer_d_assets_mvp_002_rain_expansion/layer_d_ready_manifest.csv"",""server_a_source_dir"":""/home/ubuntu/layer_b_site_weather_job/runs/mvp_pool_20260531_002_rain_expansion_layer_d_assets_accept_only/assets_wav_22050_mono"",""promotion_policy_version"":""site_weather_candidate_promotion_v0.1"",""candidate_pool_policy_version"":""site_weather_candidate_pool_v0.2""}"
site_mvp002_site257_215474_002465_002480,acoustic_ai/layers/layer_b/attempts/murphy__smoke_1__curated_assets/data/weather/site_mvp_002/wind_primary/wind_primary__wind__site257_215474_002465_002480.wav,site,257,215474,2465.0,2480.0,15.0,site257_215474,site257_215474_002465_002480,195,22050,1,wind,false,true,false,none,heavy,none,false,wind_primary,primary,site_ready_pool,site_policy_v03_provisional,site_ready,wind,clear_wind_target_score,0.444527,0.555687,0.378619,wind,human_or_machine,0.318901,wind_env_prior,0.0,0.0,6.5,3.62,-33.854,-19.445,0.0,site_ready;server_a_promoted;local_staging,site_mvp_002_rain_expansion,"{""site_id"":""257"",""recording_id"":""215474"",""source_s3_uri"":""s3://eco-acoustic-data.store.adelaideuni.cloud/dataset/original/site_257_bowra-dry-a/downloaded_clips/site_257_item_215474/site_257_item_215474_clip_009.webm"",""source_manifest"":""/Users/murphy/Documents/Codex/2026-05-28/spacerobot-268369-comp-6000-capstone2-https-2/debug/site_weather_layer_d_assets_mvp_002_rain_expansion/layer_d_ready_manifest.csv"",""server_a_source_dir"":""/home/ubuntu/layer_b_site_weather_job/runs/mvp_pool_20260531_002_rain_expansion_layer_d_assets_accept_only/assets_wav_22050_mono"",""promotion_policy_version"":""site_weather_candidate_promotion_v0.1"",""candidate_pool_policy_version"":""site_weather_candidate_pool_v0.2""}"
site_mvp002_site257_216088_005471_005486,acoustic_ai/layers/layer_b/attempts/murphy__smoke_1__curated_assets/data/weather/site_mvp_002/wind_primary/wind_primary__wind__site257_216088_005471_005486.wav,site,257,216088,5471.0,5486.0,15.0,site257_216088,site257_216088_005471_005486,196,22050,1,wind,false,true,false,none,medium,none,false,wind_primary,primary,site_ready_pool,site_policy_v03_provisional,site_ready,wind,clear_wind_target_score,0.34618,0.588701,0.462103,wind,human_or_machine,0.280793,wind_env_prior,0.03,0.0,2.63,3.29,-27.201,-9.592,0.0,site_ready;server_a_promoted;local_staging,site_mvp_002_rain_expansion,"{""site_id"":""257"",""recording_id"":""216088"",""source_s3_uri"":""s3://eco-acoustic-data.store.adelaideuni.cloud/dataset/original/site_257_bowra-dry-a/downloaded_clips/site_257_item_216088/site_257_item_216088_clip_019.webm"",""source_manifest"":""/Users/murphy/Documents/Codex/2026-05-28/spacerobot-268369-comp-6000-capstone2-https-2/debug/site_weather_layer_d_assets_mvp_002_rain_expansion/layer_d_ready_manifest.csv"",""server_a_source_dir"":""/home/ubuntu/layer_b_site_weather_job/runs/mvp_pool_20260531_002_rain_expansion_layer_d_assets_accept_only/assets_wav_22050_mono"",""promotion_policy_version"":""site_weather_candidate_promotion_v0.1"",""candidate_pool_policy_version"":""site_weather_candidate_pool_v0.2""}"
site_mvp002_site257_215192_005663_005678,acoustic_ai/layers/layer_b/attempts/murphy__smoke_1__curated_assets/data/weather/site_mvp_002/wind_primary/wind_primary__wind__site257_215192_005663_005678.wav,site,257,215192,5663.0,5678.0,15.0,site257_215192,site257_215192_005663_005678,197,22050,1,wind,false,true,false,none,medium,none,false,wind_primary,primary,site_ready_pool,site_policy_v03_provisional,site_ready,wind,clear_wind_target_score,0.283652,0.58344,0.376578,wind,human_or_machine,0.287805,wind_env_prior,0.0,0.0,4.28,5.98,-23.036,-7.354,0.0,site_ready;server_a_promoted;local_staging,site_mvp_002_rain_expansion,"{""site_id"":""257"",""recording_id"":""215192"",""source_s3_uri"":""s3://eco-acoustic-data.store.adelaideuni.cloud/dataset/original/site_257_bowra-dry-a/downloaded_clips/site_257_item_215192/site_257_item_215192_clip_019.webm"",""source_manifest"":""/Users/murphy/Documents/Codex/2026-05-28/spacerobot-268369-comp-6000-capstone2-https-2/debug/site_weather_layer_d_assets_mvp_002_rain_expansion/layer_d_ready_manifest.csv"",""server_a_source_dir"":""/home/ubuntu/layer_b_site_weather_job/runs/mvp_pool_20260531_002_rain_expansion_layer_d_assets_accept_only/assets_wav_22050_mono"",""promotion_policy_version"":""site_weather_candidate_promotion_v0.1"",""candidate_pool_policy_version"":""site_weather_candidate_pool_v0.2""}"
site_mvp002_site257_215474_005303_005318,acoustic_ai/layers/layer_b/attempts/murphy__smoke_1__curated_assets/data/weather/site_mvp_002/wind_primary/wind_primary__wind__site257_215474_005303_005318.wav,site,257,215474,5303.0,5318.0,15.0,site257_215474,site257_215474_005303_005318,198,22050,1,wind,false,true,false,none,heavy,none,false,wind_primary,primary,site_ready_pool,site_policy_v03_provisional,site_ready,wind,clear_wind_target_score,0.418971,0.547947,0.474317,wind,human_or_machine,0.328068,wind_env_prior,0.0,0.0,6.5,3.62,-22.546,0.0,0.000269,site_ready;server_a_promoted;local_staging,site_mvp_002_rain_expansion,"{""site_id"":""257"",""recording_id"":""215474"",""source_s3_uri"":""s3://eco-acoustic-data.store.adelaideuni.cloud/dataset/original/site_257_bowra-dry-a/downloaded_clips/site_257_item_215474/site_257_item_215474_clip_018.webm"",""source_manifest"":""/Users/murphy/Documents/Codex/2026-05-28/spacerobot-268369-comp-6000-capstone2-https-2/debug/site_weather_layer_d_assets_mvp_002_rain_expansion/layer_d_ready_manifest.csv"",""server_a_source_dir"":""/home/ubuntu/layer_b_site_weather_job/runs/mvp_pool_20260531_002_rain_expansion_layer_d_assets_accept_only/assets_wav_22050_mono"",""promotion_policy_version"":""site_weather_candidate_promotion_v0.1"",""candidate_pool_policy_version"":""site_weather_candidate_pool_v0.2""}"
site_mvp002_site257_445592_003252_003267,acoustic_ai/layers/layer_b/attempts/murphy__smoke_1__curated_assets/data/weather/site_mvp_002/wind_primary/wind_primary__wind__site257_445592_003252_003267.wav,site,257,445592,3252.0,3267.0,15.0,site257_445592,site257_445592_003252_003267,199,22050,1,wind,false,true,false,none,medium,none,false,wind_primary,primary,site_ready_pool,site_policy_v03_provisional,site_ready,wind,clear_wind_target_score,0.413732,0.572305,0.466599,wind,human_or_machine,0.253771,wind_env_prior,0.0,0.0,2.3,5.72,-29.33,-12.449,0.0,site_ready;server_a_promoted;local_staging,site_mvp_002_rain_expansion,"{""site_id"":""257"",""recording_id"":""445592"",""source_s3_uri"":""s3://eco-acoustic-data.store.adelaideuni.cloud/dataset/original/site_257_bowra-dry-a/downloaded_clips/site_257_item_445592/site_257_item_445592_clip_011.webm"",""source_manifest"":""/Users/murphy/Documents/Codex/2026-05-28/spacerobot-268369-comp-6000-capstone2-https-2/debug/site_weather_layer_d_assets_mvp_002_rain_expansion/layer_d_ready_manifest.csv"",""server_a_source_dir"":""/home/ubuntu/layer_b_site_weather_job/runs/mvp_pool_20260531_002_rain_expansion_layer_d_assets_accept_only/assets_wav_22050_mono"",""promotion_policy_version"":""site_weather_candidate_promotion_v0.1"",""candidate_pool_policy_version"":""site_weather_candidate_pool_v0.2""}"
site_mvp002_site257_1400024_000225_000240,acoustic_ai/layers/layer_b/attempts/murphy__smoke_1__curated_assets/data/weather/site_mvp_002/wind_primary/wind_primary__wind__site257_1400024_000225_000240.wav,site,257,1400024,225.0,240.0,15.0,site257_1400024,site257_1400024_000225_000240,200,22050,1,wind,false,true,false,none,medium,none,false,wind_primary,primary,site_ready_pool,site_policy_v03_provisional,site_ready,wind,clear_wind_target_score,0.302889,0.564506,0.328766,wind,human_or_machine,0.221309,wind_env_prior,0.0,0.0,4.19,4.3,-31.112,-11.446,0.0,site_ready;server_a_promoted;local_staging,site_mvp_002_rain_expansion,"{""site_id"":""257"",""recording_id"":""1400024"",""source_s3_uri"":""s3://eco-acoustic-data.store.adelaideuni.cloud/dataset/original/site_257_bowra-dry-a/downloaded_clips/site_257_item_1400024/site_257_item_1400024_clip_001.webm"",""source_manifest"":""/Users/murphy/Documents/Codex/2026-05-28/spacerobot-268369-comp-6000-capstone2-https-2/debug/site_weather_layer_d_assets_mvp_002_rain_expansion/layer_d_ready_manifest.csv"",""server_a_source_dir"":""/home/ubuntu/layer_b_site_weather_job/runs/mvp_pool_20260531_002_rain_expansion_layer_d_assets_accept_only/assets_wav_22050_mono"",""promotion_policy_version"":""site_weather_candidate_promotion_v0.1"",""candidate_pool_policy_version"":""site_weather_candidate_pool_v0.2""}"
site_mvp002_site257_215185_002576_002591,acoustic_ai/layers/layer_b/attempts/murphy__smoke_1__curated_assets/data/weather/site_mvp_002/wind_primary/wind_primary__wind__site257_215185_002576_002591.wav,site,257,215185,2576.0,2591.0,15.0,site257_215185,site257_215185_002576_002591,201,22050,1,wind,false,true,false,none,medium,none,false,wind_primary,primary,site_ready_pool,site_policy_v03_provisional,site_ready,wind,clear_wind_target_score,0.354947,0.573817,0.375068,wind,human_or_machine,0.274135,wind_env_prior,0.0,0.0,4.58,5.98,-29.534,-11.782,0.0,site_ready;server_a_promoted;local_staging,site_mvp_002_rain_expansion,"{""site_id"":""257"",""recording_id"":""215185"",""source_s3_uri"":""s3://eco-acoustic-data.store.adelaideuni.cloud/dataset/original/site_257_bowra-dry-a/downloaded_clips/site_257_item_215185/site_257_item_215185_clip_009.webm"",""source_manifest"":""/Users/murphy/Documents/Codex/2026-05-28/spacerobot-268369-comp-6000-capstone2-https-2/debug/site_weather_layer_d_assets_mvp_002_rain_expansion/layer_d_ready_manifest.csv"",""server_a_source_dir"":""/home/ubuntu/layer_b_site_weather_job/runs/mvp_pool_20260531_002_rain_expansion_layer_d_assets_accept_only/assets_wav_22050_mono"",""promotion_policy_version"":""site_weather_candidate_promotion_v0.1"",""candidate_pool_policy_version"":""site_weather_candidate_pool_v0.2""}"
site_mvp002_site257_5486_000323_000338,acoustic_ai/layers/layer_b/attempts/murphy__smoke_1__curated_assets/data/weather/site_mvp_002/wind_primary/wind_primary__wind__site257_5486_000323_000338.wav,site,257,5486,323.0,338.0,15.0,site257_5486,site257_5486_000323_000338,202,22050,1,wind,false,true,false,none,heavy,none,false,wind_primary,primary,site_ready_pool,site_policy_v03_provisional,site_ready,wind,clear_wind_target_score,0.342669,0.573163,0.394378,wind,human_or_machine,0.27429,wind_env_prior,0.0,0.0,4.99,7.07,-32.918,-13.318,0.0,site_ready;server_a_promoted;local_staging,site_mvp_002_rain_expansion,"{""site_id"":""257"",""recording_id"":""5486"",""source_s3_uri"":""s3://eco-acoustic-data.store.adelaideuni.cloud/dataset/original/site_257_bowra-dry-a/downloaded_clips/site_257_item_5486/site_257_item_5486_clip_002.webm"",""source_manifest"":""/Users/murphy/Documents/Codex/2026-05-28/spacerobot-268369-comp-6000-capstone2-https-2/debug/site_weather_layer_d_assets_mvp_002_rain_expansion/layer_d_ready_manifest.csv"",""server_a_source_dir"":""/home/ubuntu/layer_b_site_weather_job/runs/mvp_pool_20260531_002_rain_expansion_layer_d_assets_accept_only/assets_wav_22050_mono"",""promotion_policy_version"":""site_weather_candidate_promotion_v0.1"",""candidate_pool_policy_version"":""site_weather_candidate_pool_v0.2""}"
site_mvp002_site257_1313184_002222_002237,acoustic_ai/layers/layer_b/attempts/murphy__smoke_1__curated_assets/data/weather/site_mvp_002/wind_primary/wind_primary__wind__site257_1313184_002222_002237.wav,site,257,1313184,2222.0,2237.0,15.0,site257_1313184,site257_1313184_002222_002237,203,22050,1,wind,false,true,false,none,heavy,none,false,wind_primary,primary,site_ready_pool,site_policy_v03_provisional,site_ready,wind,clear_wind_target_score,0.359808,0.517718,0.375908,wind,bird_or_insect,0.22971,storm_env_prior,5.88,0.06,6.01,4.88,-25.1,-2.702,0.0,site_ready;server_a_promoted;local_staging,site_mvp_002_rain_expansion,"{""site_id"":""257"",""recording_id"":""1313184"",""source_s3_uri"":""s3://eco-acoustic-data.store.adelaideuni.cloud/dataset/original/site_257_bowra-dry-a/downloaded_clips/site_257_item_1313184/site_257_item_1313184_clip_008.webm"",""source_manifest"":""/Users/murphy/Documents/Codex/2026-05-28/spacerobot-268369-comp-6000-capstone2-https-2/debug/site_weather_layer_d_assets_mvp_002_rain_expansion/layer_d_ready_manifest.csv"",""server_a_source_dir"":""/home/ubuntu/layer_b_site_weather_job/runs/mvp_pool_20260531_002_rain_expansion_layer_d_assets_accept_only/assets_wav_22050_mono"",""promotion_policy_version"":""site_weather_candidate_promotion_v0.1"",""candidate_pool_policy_version"":""site_weather_candidate_pool_v0.2""}"
site_mvp002_site257_4881_005831_005846,acoustic_ai/layers/layer_b/attempts/murphy__smoke_1__curated_assets/data/weather/site_mvp_002/wind_primary/wind_primary__wind__site257_4881_005831_005846.wav,site,257,4881,5831.0,5846.0,15.0,site257_4881,site257_4881_005831_005846,204,22050,1,wind,false,true,false,none,medium,none,false,wind_primary,primary,site_ready_pool,site_policy_v03_provisional,site_ready,wind,clear_wind_target_score,0.369127,0.56873,0.399112,wind,human_or_machine,0.269408,wind_env_prior,0.0,0.0,2.1,4.1,-42.873,-27.754,0.0,site_ready;server_a_promoted;local_staging,site_mvp_002_rain_expansion,"{""site_id"":""257"",""recording_id"":""4881"",""source_s3_uri"":""s3://eco-acoustic-data.store.adelaideuni.cloud/dataset/original/site_257_bowra-dry-a/downloaded_clips/site_257_item_4881/site_257_item_4881_clip_020.webm"",""source_manifest"":""/Users/murphy/Documents/Codex/2026-05-28/spacerobot-268369-comp-6000-capstone2-https-2/debug/site_weather_layer_d_assets_mvp_002_rain_expansion/layer_d_ready_manifest.csv"",""server_a_source_dir"":""/home/ubuntu/layer_b_site_weather_job/runs/mvp_pool_20260531_002_rain_expansion_layer_d_assets_accept_only/assets_wav_22050_mono"",""promotion_policy_version"":""site_weather_candidate_promotion_v0.1"",""candidate_pool_policy_version"":""site_weather_candidate_pool_v0.2""}"
site_mvp002_site257_215467_003974_003989,acoustic_ai/layers/layer_b/attempts/murphy__smoke_1__curated_assets/data/weather/site_mvp_002/wind_primary/wind_primary__wind__site257_215467_003974_003989.wav,site,257,215467,3974.0,3989.0,15.0,site257_215467,site257_215467_003974_003989,205,22050,1,wind,false,true,false,none,medium,none,false,wind_primary,primary,site_ready_pool,site_policy_v03_provisional,site_ready,wind,clear_wind_target_score,0.323128,0.557751,0.319957,wind,human_or_machine,0.242231,wind_env_prior,0.0,0.0,4.05,3.62,-43.671,-29.985,0.0,site_ready;server_a_promoted;local_staging,site_mvp_002_rain_expansion,"{""site_id"":""257"",""recording_id"":""215467"",""source_s3_uri"":""s3://eco-acoustic-data.store.adelaideuni.cloud/dataset/original/site_257_bowra-dry-a/downloaded_clips/site_257_item_215467/site_257_item_215467_clip_014.webm"",""source_manifest"":""/Users/murphy/Documents/Codex/2026-05-28/spacerobot-268369-comp-6000-capstone2-https-2/debug/site_weather_layer_d_assets_mvp_002_rain_expansion/layer_d_ready_manifest.csv"",""server_a_source_dir"":""/home/ubuntu/layer_b_site_weather_job/runs/mvp_pool_20260531_002_rain_expansion_layer_d_assets_accept_only/assets_wav_22050_mono"",""promotion_policy_version"":""site_weather_candidate_promotion_v0.1"",""candidate_pool_policy_version"":""site_weather_candidate_pool_v0.2""}"
site_mvp002_site257_214659_001698_001713,acoustic_ai/layers/layer_b/attempts/murphy__smoke_1__curated_assets/data/weather/site_mvp_002/wind_primary/wind_primary__wind__site257_214659_001698_001713.wav,site,257,214659,1698.0,1713.0,15.0,site257_214659,site257_214659_001698_001713,206,22050,1,wind,false,true,false,none,heavy,none,false,wind_primary,primary,site_ready_pool,site_policy_v03_provisional,site_ready,wind,clear_wind_target_score,0.288228,0.550089,0.357752,wind,human_or_machine,0.211912,storm_env_prior,220.58,77.69,4.79,7.1,-25.623,-8.149,0.0,site_ready;server_a_promoted;local_staging,site_mvp_002_rain_expansion,"{""site_id"":""257"",""recording_id"":""214659"",""source_s3_uri"":""s3://eco-acoustic-data.store.adelaideuni.cloud/dataset/original/site_257_bowra-dry-a/downloaded_clips/site_257_item_214659/site_257_item_214659_clip_006.webm"",""source_manifest"":""/Users/murphy/Documents/Codex/2026-05-28/spacerobot-268369-comp-6000-capstone2-https-2/debug/site_weather_layer_d_assets_mvp_002_rain_expansion/layer_d_ready_manifest.csv"",""server_a_source_dir"":""/home/ubuntu/layer_b_site_weather_job/runs/mvp_pool_20260531_002_rain_expansion_layer_d_assets_accept_only/assets_wav_22050_mono"",""promotion_policy_version"":""site_weather_candidate_promotion_v0.1"",""candidate_pool_policy_version"":""site_weather_candidate_pool_v0.2""}"
site_mvp002_site257_214503_003510_003525,acoustic_ai/layers/layer_b/attempts/murphy__smoke_1__curated_assets/data/weather/site_mvp_002/wind_primary/wind_primary__wind__site257_214503_003510_003525.wav,site,257,214503,3510.0,3525.0,15.0,site257_214503,site257_214503_003510_003525,207,22050,1,wind,false,true,false,none,medium,none,false,wind_primary,primary,site_ready_pool,site_policy_v03_provisional,site_ready,wind,clear_wind_target_score,0.334027,0.552334,0.341853,wind,human_or_machine,0.223317,wind_env_prior,0.0,0.0,2.26,4.26,-40.403,-24.798,0.0,site_ready;server_a_promoted;local_staging,site_mvp_002_rain_expansion,"{""site_id"":""257"",""recording_id"":""214503"",""source_s3_uri"":""s3://eco-acoustic-data.store.adelaideuni.cloud/dataset/original/site_257_bowra-dry-a/downloaded_clips/site_257_item_214503/site_257_item_214503_clip_012.webm"",""source_manifest"":""/Users/murphy/Documents/Codex/2026-05-28/spacerobot-268369-comp-6000-capstone2-https-2/debug/site_weather_layer_d_assets_mvp_002_rain_expansion/layer_d_ready_manifest.csv"",""server_a_source_dir"":""/home/ubuntu/layer_b_site_weather_job/runs/mvp_pool_20260531_002_rain_expansion_layer_d_assets_accept_only/assets_wav_22050_mono"",""promotion_policy_version"":""site_weather_candidate_promotion_v0.1"",""candidate_pool_policy_version"":""site_weather_candidate_pool_v0.2""}"
site_mvp002_site257_5486_003304_003319,acoustic_ai/layers/layer_b/attempts/murphy__smoke_1__curated_assets/data/weather/site_mvp_002/wind_primary/wind_primary__wind__site257_5486_003304_003319.wav,site,257,5486,3304.0,3319.0,15.0,site257_5486,site257_5486_003304_003319,208,22050,1,wind,false,true,false,none,heavy,none,false,wind_primary,primary,site_ready_pool,site_policy_v03_provisional,site_ready,wind,clear_wind_target_score,0.313044,0.555023,0.492755,wind,human_or_machine,0.253673,wind_env_prior,0.0,0.0,4.99,7.07,-18.409,0.0,0.000368,site_ready;server_a_promoted;local_staging,site_mvp_002_rain_expansion,"{""site_id"":""257"",""recording_id"":""5486"",""source_s3_uri"":""s3://eco-acoustic-data.store.adelaideuni.cloud/dataset/original/site_257_bowra-dry-a/downloaded_clips/site_257_item_5486/site_257_item_5486_clip_012.webm"",""source_manifest"":""/Users/murphy/Documents/Codex/2026-05-28/spacerobot-268369-comp-6000-capstone2-https-2/debug/site_weather_layer_d_assets_mvp_002_rain_expansion/layer_d_ready_manifest.csv"",""server_a_source_dir"":""/home/ubuntu/layer_b_site_weather_job/runs/mvp_pool_20260531_002_rain_expansion_layer_d_assets_accept_only/assets_wav_22050_mono"",""promotion_policy_version"":""site_weather_candidate_promotion_v0.1"",""candidate_pool_policy_version"":""site_weather_candidate_pool_v0.2""}"
site_mvp002_site257_5421_003302_003317,acoustic_ai/layers/layer_b/attempts/murphy__smoke_1__curated_assets/data/weather/site_mvp_002/wind_primary/wind_primary__wind__site257_5421_003302_003317.wav,site,257,5421,3302.0,3317.0,15.0,site257_5421,site257_5421_003302_003317,209,22050,1,wind,false,true,false,none,medium,none,false,wind_primary,primary,site_ready_pool,site_policy_v03_provisional,site_ready,wind,clear_wind_target_score,0.329839,0.561538,0.36347,wind,human_or_machine,0.284403,wind_env_prior,0.0,0.0,2.8,4.95,-35.851,-18.625,0.0,site_ready;server_a_promoted;local_staging,site_mvp_002_rain_expansion,"{""site_id"":""257"",""recording_id"":""5421"",""source_s3_uri"":""s3://eco-acoustic-data.store.adelaideuni.cloud/dataset/original/site_257_bowra-dry-a/downloaded_clips/site_257_item_5421/site_257_item_5421_clip_012.webm"",""source_manifest"":""/Users/murphy/Documents/Codex/2026-05-28/spacerobot-268369-comp-6000-capstone2-https-2/debug/site_weather_layer_d_assets_mvp_002_rain_expansion/layer_d_ready_manifest.csv"",""server_a_source_dir"":""/home/ubuntu/layer_b_site_weather_job/runs/mvp_pool_20260531_002_rain_expansion_layer_d_assets_accept_only/assets_wav_22050_mono"",""promotion_policy_version"":""site_weather_candidate_promotion_v0.1"",""candidate_pool_policy_version"":""site_weather_candidate_pool_v0.2""}"
site_mvp002_site257_215473_002356_002371,acoustic_ai/layers/layer_b/attempts/murphy__smoke_1__curated_assets/data/weather/site_mvp_002/wind_primary/wind_primary__wind__site257_215473_002356_002371.wav,site,257,215473,2356.0,2371.0,15.0,site257_215473,site257_215473_002356_002371,210,22050,1,wind,false,true,false,none,heavy,none,false,wind_primary,primary,site_ready_pool,site_policy_v03_provisional,site_ready,wind,clear_wind_target_score,0.341078,0.549852,0.492966,wind,human_or_machine,0.238468,wind_env_prior,0.0,0.0,5.25,8.53,-32.116,-12.52,0.0,site_ready;server_a_promoted;local_staging,site_mvp_002_rain_expansion,"{""site_id"":""257"",""recording_id"":""215473"",""source_s3_uri"":""s3://eco-acoustic-data.store.adelaideuni.cloud/dataset/original/site_257_bowra-dry-a/downloaded_clips/site_257_item_215473/site_257_item_215473_clip_008.webm"",""source_manifest"":""/Users/murphy/Documents/Codex/2026-05-28/spacerobot-268369-comp-6000-capstone2-https-2/debug/site_weather_layer_d_assets_mvp_002_rain_expansion/layer_d_ready_manifest.csv"",""server_a_source_dir"":""/home/ubuntu/layer_b_site_weather_job/runs/mvp_pool_20260531_002_rain_expansion_layer_d_assets_accept_only/assets_wav_22050_mono"",""promotion_policy_version"":""site_weather_candidate_promotion_v0.1"",""candidate_pool_policy_version"":""site_weather_candidate_pool_v0.2""}"
site_mvp002_site257_5493_000879_000894,acoustic_ai/layers/layer_b/attempts/murphy__smoke_1__curated_assets/data/weather/site_mvp_002/wind_primary/wind_primary__wind__site257_5493_000879_000894.wav,site,257,5493,879.0,894.0,15.0,site257_5493,site257_5493_000879_000894,211,22050,1,wind,false,true,false,none,heavy,none,false,wind_primary,primary,site_ready_pool,site_policy_v03_provisional,site_ready,wind,clear_wind_target_score,0.292589,0.506528,0.425494,wind,bird_or_insect,0.251903,wind_env_prior,0.0,0.0,6.43,7.07,-28.071,-6.136,0.0,site_ready;server_a_promoted;local_staging,site_mvp_002_rain_expansion,"{""site_id"":""257"",""recording_id"":""5493"",""source_s3_uri"":""s3://eco-acoustic-data.store.adelaideuni.cloud/dataset/original/site_257_bowra-dry-a/downloaded_clips/site_257_item_5493/site_257_item_5493_clip_003.webm"",""source_manifest"":""/Users/murphy/Documents/Codex/2026-05-28/spacerobot-268369-comp-6000-capstone2-https-2/debug/site_weather_layer_d_assets_mvp_002_rain_expansion/layer_d_ready_manifest.csv"",""server_a_source_dir"":""/home/ubuntu/layer_b_site_weather_job/runs/mvp_pool_20260531_002_rain_expansion_layer_d_assets_accept_only/assets_wav_22050_mono"",""promotion_policy_version"":""site_weather_candidate_promotion_v0.1"",""candidate_pool_policy_version"":""site_weather_candidate_pool_v0.2""}"
site_mvp002_site257_1536675_005667_005682,acoustic_ai/layers/layer_b/attempts/murphy__smoke_1__curated_assets/data/weather/site_mvp_002/wind_primary/wind_primary__wind__site257_1536675_005667_005682.wav,site,257,1536675,5667.0,5682.0,15.0,site257_1536675,site257_1536675_005667_005682,212,22050,1,wind,false,true,false,none,medium,none,false,wind_primary,primary,site_ready_pool,site_policy_v03_provisional,site_ready,wind,clear_wind_target_score,0.354467,0.547638,0.318201,wind,human_or_machine,0.243804,wind_env_prior,0.0,0.0,3.93,2.23,-40.156,-25.354,0.0,site_ready;server_a_promoted;local_staging,site_mvp_002_rain_expansion,"{""site_id"":""257"",""recording_id"":""1536675"",""source_s3_uri"":""s3://eco-acoustic-data.store.adelaideuni.cloud/dataset/original/site_257_bowra-dry-a/downloaded_clips/site_257_item_1536675/site_257_item_1536675_clip_019.webm"",""source_manifest"":""/Users/murphy/Documents/Codex/2026-05-28/spacerobot-268369-comp-6000-capstone2-https-2/debug/site_weather_layer_d_assets_mvp_002_rain_expansion/layer_d_ready_manifest.csv"",""server_a_source_dir"":""/home/ubuntu/layer_b_site_weather_job/runs/mvp_pool_20260531_002_rain_expansion_layer_d_assets_accept_only/assets_wav_22050_mono"",""promotion_policy_version"":""site_weather_candidate_promotion_v0.1"",""candidate_pool_policy_version"":""site_weather_candidate_pool_v0.2""}"
site_mvp002_site257_4887_002248_002263,acoustic_ai/layers/layer_b/attempts/murphy__smoke_1__curated_assets/data/weather/site_mvp_002/wind_primary/wind_primary__wind__site257_4887_002248_002263.wav,site,257,4887,2248.0,2263.0,15.0,site257_4887,site257_4887_002248_002263,213,22050,1,wind,false,true,false,none,medium,none,false,wind_primary,primary,site_ready_pool,site_policy_v03_provisional,site_ready,wind,clear_wind_target_score,0.353726,0.557935,0.326306,wind,human_or_machine,0.291677,wind_env_prior,0.0,0.0,2.53,4.1,-40.999,-26.146,0.0,site_ready;server_a_promoted;local_staging,site_mvp_002_rain_expansion,"{""site_id"":""257"",""recording_id"":""4887"",""source_s3_uri"":""s3://eco-acoustic-data.store.adelaideuni.cloud/dataset/original/site_257_bowra-dry-a/downloaded_clips/site_257_item_4887/site_257_item_4887_clip_008.webm"",""source_manifest"":""/Users/murphy/Documents/Codex/2026-05-28/spacerobot-268369-comp-6000-capstone2-https-2/debug/site_weather_layer_d_assets_mvp_002_rain_expansion/layer_d_ready_manifest.csv"",""server_a_source_dir"":""/home/ubuntu/layer_b_site_weather_job/runs/mvp_pool_20260531_002_rain_expansion_layer_d_assets_accept_only/assets_wav_22050_mono"",""promotion_policy_version"":""site_weather_candidate_promotion_v0.1"",""candidate_pool_policy_version"":""site_weather_candidate_pool_v0.2""}"
site_mvp002_site257_1534209_002816_002831,acoustic_ai/layers/layer_b/attempts/murphy__smoke_1__curated_assets/data/weather/site_mvp_002/wind_primary/wind_primary__wind__site257_1534209_002816_002831.wav,site,257,1534209,2816.0,2831.0,15.0,site257_1534209,site257_1534209_002816_002831,214,22050,1,wind,false,true,false,none,medium,none,false,wind_primary,primary,site_ready_pool,site_policy_v03_provisional,site_ready,wind,clear_wind_target_score,0.284582,0.535629,0.396506,wind,human_or_machine,0.203043,wind_env_prior,0.0,0.0,3.6,4.77,-19.42,0.0,0.000276,site_ready;server_a_promoted;local_staging,site_mvp_002_rain_expansion,"{""site_id"":""257"",""recording_id"":""1534209"",""source_s3_uri"":""s3://eco-acoustic-data.store.adelaideuni.cloud/dataset/original/site_257_bowra-dry-a/downloaded_clips/site_257_item_1534209/site_257_item_1534209_clip_010.webm"",""source_manifest"":""/Users/murphy/Documents/Codex/2026-05-28/spacerobot-268369-comp-6000-capstone2-https-2/debug/site_weather_layer_d_assets_mvp_002_rain_expansion/layer_d_ready_manifest.csv"",""server_a_source_dir"":""/home/ubuntu/layer_b_site_weather_job/runs/mvp_pool_20260531_002_rain_expansion_layer_d_assets_accept_only/assets_wav_22050_mono"",""promotion_policy_version"":""site_weather_candidate_promotion_v0.1"",""candidate_pool_policy_version"":""site_weather_candidate_pool_v0.2""}"
site_mvp002_site257_215191_006457_006472,acoustic_ai/layers/layer_b/attempts/murphy__smoke_1__curated_assets/data/weather/site_mvp_002/wind_primary/wind_primary__wind__site257_215191_006457_006472.wav,site,257,215191,6457.0,6472.0,15.0,site257_215191,site257_215191_006457_006472,215,22050,1,wind,false,true,false,none,medium,none,false,wind_primary,primary,site_ready_pool,site_policy_v03_provisional,site_ready,wind,clear_wind_target_score,0.391846,0.543434,0.313542,wind,human_or_machine,0.236391,wind_env_prior,0.0,0.0,4.61,4.84,-38.514,-18.329,0.0,site_ready;server_a_promoted;local_staging,site_mvp_002_rain_expansion,"{""site_id"":""257"",""recording_id"":""215191"",""source_s3_uri"":""s3://eco-acoustic-data.store.adelaideuni.cloud/dataset/original/site_257_bowra-dry-a/downloaded_clips/site_257_item_215191/site_257_item_215191_clip_022.webm"",""source_manifest"":""/Users/murphy/Documents/Codex/2026-05-28/spacerobot-268369-comp-6000-capstone2-https-2/debug/site_weather_layer_d_assets_mvp_002_rain_expansion/layer_d_ready_manifest.csv"",""server_a_source_dir"":""/home/ubuntu/layer_b_site_weather_job/runs/mvp_pool_20260531_002_rain_expansion_layer_d_assets_accept_only/assets_wav_22050_mono"",""promotion_policy_version"":""site_weather_candidate_promotion_v0.1"",""candidate_pool_policy_version"":""site_weather_candidate_pool_v0.2""}"
site_mvp002_site257_5486_003238_003253,acoustic_ai/layers/layer_b/attempts/murphy__smoke_1__curated_assets/data/weather/site_mvp_002/wind_primary/wind_primary__wind__site257_5486_003238_003253.wav,site,257,5486,3238.0,3253.0,15.0,site257_5486,site257_5486_003238_003253,216,22050,1,wind,false,true,false,none,heavy,none,false,wind_primary,primary,site_ready_pool,site_policy_v03_provisional,site_ready,wind,clear_wind_target_score,0.335882,0.541879,0.318086,wind,human_or_machine,0.237191,wind_env_prior,0.0,0.0,4.99,7.07,-42.175,-25.252,0.0,site_ready;server_a_promoted;local_staging,site_mvp_002_rain_expansion,"{""site_id"":""257"",""recording_id"":""5486"",""source_s3_uri"":""s3://eco-acoustic-data.store.adelaideuni.cloud/dataset/original/site_257_bowra-dry-a/downloaded_clips/site_257_item_5486/site_257_item_5486_clip_011.webm"",""source_manifest"":""/Users/murphy/Documents/Codex/2026-05-28/spacerobot-268369-comp-6000-capstone2-https-2/debug/site_weather_layer_d_assets_mvp_002_rain_expansion/layer_d_ready_manifest.csv"",""server_a_source_dir"":""/home/ubuntu/layer_b_site_weather_job/runs/mvp_pool_20260531_002_rain_expansion_layer_d_assets_accept_only/assets_wav_22050_mono"",""promotion_policy_version"":""site_weather_candidate_promotion_v0.1"",""candidate_pool_policy_version"":""site_weather_candidate_pool_v0.2""}"
site_mvp002_site257_1400016_004760_004775,acoustic_ai/layers/layer_b/attempts/murphy__smoke_1__curated_assets/data/weather/site_mvp_002/wind_primary/wind_primary__wind__site257_1400016_004760_004775.wav,site,257,1400016,4760.0,4775.0,15.0,site257_1400016,site257_1400016_004760_004775,217,22050,1,wind,false,true,false,none,heavy,none,false,wind_primary,primary,site_ready_pool,site_policy_v03_provisional,site_ready,wind,clear_wind_target_score,0.30781,0.536025,0.354913,wind,human_or_machine,0.21659,wind_env_prior,0.0,0.0,3.91,6.34,-22.164,-3.708,0.0,site_ready;server_a_promoted;local_staging,site_mvp_002_rain_expansion,"{""site_id"":""257"",""recording_id"":""1400016"",""source_s3_uri"":""s3://eco-acoustic-data.store.adelaideuni.cloud/dataset/original/site_257_bowra-dry-a/downloaded_clips/site_257_item_1400016/site_257_item_1400016_clip_016.webm"",""source_manifest"":""/Users/murphy/Documents/Codex/2026-05-28/spacerobot-268369-comp-6000-capstone2-https-2/debug/site_weather_layer_d_assets_mvp_002_rain_expansion/layer_d_ready_manifest.csv"",""server_a_source_dir"":""/home/ubuntu/layer_b_site_weather_job/runs/mvp_pool_20260531_002_rain_expansion_layer_d_assets_accept_only/assets_wav_22050_mono"",""promotion_policy_version"":""site_weather_candidate_promotion_v0.1"",""candidate_pool_policy_version"":""site_weather_candidate_pool_v0.2""}"
site_mvp002_site257_215473_000973_000988,acoustic_ai/layers/layer_b/attempts/murphy__smoke_1__curated_assets/data/weather/site_mvp_002/wind_primary/wind_primary__wind__site257_215473_000973_000988.wav,site,257,215473,973.0,988.0,15.0,site257_215473,site257_215473_000973_000988,218,22050,1,wind,false,true,false,none,heavy,none,false,wind_primary,primary,site_ready_pool,site_policy_v03_provisional,site_ready,wind,clear_wind_target_score,0.371736,0.548847,0.344141,wind,human_or_machine,0.273024,wind_env_prior,0.0,0.0,5.25,8.53,-43.518,-23.827,0.0,site_ready;server_a_promoted;local_staging,site_mvp_002_rain_expansion,"{""site_id"":""257"",""recording_id"":""215473"",""source_s3_uri"":""s3://eco-acoustic-data.store.adelaideuni.cloud/dataset/original/site_257_bowra-dry-a/downloaded_clips/site_257_item_215473/site_257_item_215473_clip_004.webm"",""source_manifest"":""/Users/murphy/Documents/Codex/2026-05-28/spacerobot-268369-comp-6000-capstone2-https-2/debug/site_weather_layer_d_assets_mvp_002_rain_expansion/layer_d_ready_manifest.csv"",""server_a_source_dir"":""/home/ubuntu/layer_b_site_weather_job/runs/mvp_pool_20260531_002_rain_expansion_layer_d_assets_accept_only/assets_wav_22050_mono"",""promotion_policy_version"":""site_weather_candidate_promotion_v0.1"",""candidate_pool_policy_version"":""site_weather_candidate_pool_v0.2""}"
site_mvp002_site257_4887_000478_000493,acoustic_ai/layers/layer_b/attempts/murphy__smoke_1__curated_assets/data/weather/site_mvp_002/wind_primary/wind_primary__wind__site257_4887_000478_000493.wav,site,257,4887,478.0,493.0,15.0,site257_4887,site257_4887_000478_000493,219,22050,1,wind,false,true,false,none,medium,none,false,wind_primary,primary,site_ready_pool,site_policy_v03_provisional,site_ready,wind,clear_wind_target_score,0.326845,0.538533,0.283523,wind,human_or_machine,0.22952,wind_env_prior,0.0,0.0,2.53,4.1,-39.182,-22.604,0.0,site_ready;server_a_promoted;local_staging,site_mvp_002_rain_expansion,"{""site_id"":""257"",""recording_id"":""4887"",""source_s3_uri"":""s3://eco-acoustic-data.store.adelaideuni.cloud/dataset/original/site_257_bowra-dry-a/downloaded_clips/site_257_item_4887/site_257_item_4887_clip_002.webm"",""source_manifest"":""/Users/murphy/Documents/Codex/2026-05-28/spacerobot-268369-comp-6000-capstone2-https-2/debug/site_weather_layer_d_assets_mvp_002_rain_expansion/layer_d_ready_manifest.csv"",""server_a_source_dir"":""/home/ubuntu/layer_b_site_weather_job/runs/mvp_pool_20260531_002_rain_expansion_layer_d_assets_accept_only/assets_wav_22050_mono"",""promotion_policy_version"":""site_weather_candidate_promotion_v0.1"",""candidate_pool_policy_version"":""site_weather_candidate_pool_v0.2""}"
site_mvp002_site257_1679611_002125_002140,acoustic_ai/layers/layer_b/attempts/murphy__smoke_1__curated_assets/data/weather/site_mvp_002/wind_primary/wind_primary__wind__site257_1679611_002125_002140.wav,site,257,1679611,2125.0,2140.0,15.0,site257_1679611,site257_1679611_002125_002140,222,22050,1,wind,false,true,false,none,medium,none,false,wind_primary,primary,site_ready_pool,site_policy_v03_provisional,site_ready,wind,clear_wind_target_score,0.326713,0.539263,0.325854,wind,human_or_machine,0.253762,wind_env_prior,0.0,0.0,4.09,5.04,-30.292,-9.7,0.0,site_ready;server_a_promoted;local_staging,site_mvp_002_rain_expansion,"{""site_id"":""257"",""recording_id"":""1679611"",""source_s3_uri"":""s3://eco-acoustic-data.store.adelaideuni.cloud/dataset/original/site_257_bowra-dry-a/downloaded_clips/site_257_item_1679611/site_257_item_1679611_clip_008.webm"",""source_manifest"":""/Users/murphy/Documents/Codex/2026-05-28/spacerobot-268369-comp-6000-capstone2-https-2/debug/site_weather_layer_d_assets_mvp_002_rain_expansion/layer_d_ready_manifest.csv"",""server_a_source_dir"":""/home/ubuntu/layer_b_site_weather_job/runs/mvp_pool_20260531_002_rain_expansion_layer_d_assets_accept_only/assets_wav_22050_mono"",""promotion_policy_version"":""site_weather_candidate_promotion_v0.1"",""candidate_pool_policy_version"":""site_weather_candidate_pool_v0.2""}"
site_mvp002_site257_215185_001732_001747,acoustic_ai/layers/layer_b/attempts/murphy__smoke_1__curated_assets/data/weather/site_mvp_002/wind_primary/wind_primary__wind__site257_215185_001732_001747.wav,site,257,215185,1732.0,1747.0,15.0,site257_215185,site257_215185_001732_001747,223,22050,1,wind,false,true,false,none,medium,none,false,wind_primary,primary,site_ready_pool,site_policy_v03_provisional,site_ready,wind,clear_wind_target_score,0.387066,0.542201,0.450296,wind,human_or_machine,0.279155,wind_env_prior,0.0,0.0,4.58,5.98,-23.24,-4.235,0.0,site_ready;server_a_promoted;local_staging,site_mvp_002_rain_expansion,"{""site_id"":""257"",""recording_id"":""215185"",""source_s3_uri"":""s3://eco-acoustic-data.store.adelaideuni.cloud/dataset/original/site_257_bowra-dry-a/downloaded_clips/site_257_item_215185/site_257_item_215185_clip_006.webm"",""source_manifest"":""/Users/murphy/Documents/Codex/2026-05-28/spacerobot-268369-comp-6000-capstone2-https-2/debug/site_weather_layer_d_assets_mvp_002_rain_expansion/layer_d_ready_manifest.csv"",""server_a_source_dir"":""/home/ubuntu/layer_b_site_weather_job/runs/mvp_pool_20260531_002_rain_expansion_layer_d_assets_accept_only/assets_wav_22050_mono"",""promotion_policy_version"":""site_weather_candidate_promotion_v0.1"",""candidate_pool_policy_version"":""site_weather_candidate_pool_v0.2""}"
site_mvp002_site257_215467_006489_006504,acoustic_ai/layers/layer_b/attempts/murphy__smoke_1__curated_assets/data/weather/site_mvp_002/wind_primary/wind_primary__wind__site257_215467_006489_006504.wav,site,257,215467,6489.0,6504.0,15.0,site257_215467,site257_215467_006489_006504,224,22050,1,wind,false,true,false,none,medium,none,false,wind_primary,primary,site_ready_pool,site_policy_v03_provisional,site_ready,wind,clear_wind_target_score,0.290669,0.532303,0.405058,wind,human_or_machine,0.243315,wind_env_prior,0.0,0.0,4.05,3.62,-31.711,-12.648,0.0,site_ready;server_a_promoted;local_staging,site_mvp_002_rain_expansion,"{""site_id"":""257"",""recording_id"":""215467"",""source_s3_uri"":""s3://eco-acoustic-data.store.adelaideuni.cloud/dataset/original/site_257_bowra-dry-a/downloaded_clips/site_257_item_215467/site_257_item_215467_clip_022.webm"",""source_manifest"":""/Users/murphy/Documents/Codex/2026-05-28/spacerobot-268369-comp-6000-capstone2-https-2/debug/site_weather_layer_d_assets_mvp_002_rain_expansion/layer_d_ready_manifest.csv"",""server_a_source_dir"":""/home/ubuntu/layer_b_site_weather_job/runs/mvp_pool_20260531_002_rain_expansion_layer_d_assets_accept_only/assets_wav_22050_mono"",""promotion_policy_version"":""site_weather_candidate_promotion_v0.1"",""candidate_pool_policy_version"":""site_weather_candidate_pool_v0.2""}"
site_mvp002_site257_445759_006045_006060,acoustic_ai/layers/layer_b/attempts/murphy__smoke_1__curated_assets/data/weather/site_mvp_002/wind_primary/wind_primary__wind__site257_445759_006045_006060.wav,site,257,445759,6045.0,6060.0,15.0,site257_445759,site257_445759_006045_006060,225,22050,1,wind,false,true,false,none,heavy,none,false,wind_primary,primary,site_ready_pool,site_policy_v03_provisional,site_ready,wind,clear_wind_target_score,0.419703,0.519004,0.369536,wind,human_or_machine,0.20195,wind_env_prior,0.0,0.0,5.45,6.26,-28.842,-11.924,0.0,site_ready;server_a_promoted;local_staging,site_mvp_002_rain_expansion,"{""site_id"":""257"",""recording_id"":""445759"",""source_s3_uri"":""s3://eco-acoustic-data.store.adelaideuni.cloud/dataset/original/site_257_bowra-dry-a/downloaded_clips/site_257_item_445759/site_257_item_445759_clip_021.webm"",""source_manifest"":""/Users/murphy/Documents/Codex/2026-05-28/spacerobot-268369-comp-6000-capstone2-https-2/debug/site_weather_layer_d_assets_mvp_002_rain_expansion/layer_d_ready_manifest.csv"",""server_a_source_dir"":""/home/ubuntu/layer_b_site_weather_job/runs/mvp_pool_20260531_002_rain_expansion_layer_d_assets_accept_only/assets_wav_22050_mono"",""promotion_policy_version"":""site_weather_candidate_promotion_v0.1"",""candidate_pool_policy_version"":""site_weather_candidate_pool_v0.2""}"
site_mvp002_site257_5493_002653_002668,acoustic_ai/layers/layer_b/attempts/murphy__smoke_1__curated_assets/data/weather/site_mvp_002/wind_primary/wind_primary__wind__site257_5493_002653_002668.wav,site,257,5493,2653.0,2668.0,15.0,site257_5493,site257_5493_002653_002668,226,22050,1,wind,false,true,false,none,heavy,none,false,wind_primary,primary,site_ready_pool,site_policy_v03_provisional,site_ready,wind,clear_wind_target_score,0.34034,0.485629,0.276923,wind,bird_or_insect,0.248068,wind_env_prior,0.0,0.0,6.43,7.07,-41.631,-26.986,0.0,site_ready;server_a_promoted;local_staging,site_mvp_002_rain_expansion,"{""site_id"":""257"",""recording_id"":""5493"",""source_s3_uri"":""s3://eco-acoustic-data.store.adelaideuni.cloud/dataset/original/site_257_bowra-dry-a/downloaded_clips/site_257_item_5493/site_257_item_5493_clip_009.webm"",""source_manifest"":""/Users/murphy/Documents/Codex/2026-05-28/spacerobot-268369-comp-6000-capstone2-https-2/debug/site_weather_layer_d_assets_mvp_002_rain_expansion/layer_d_ready_manifest.csv"",""server_a_source_dir"":""/home/ubuntu/layer_b_site_weather_job/runs/mvp_pool_20260531_002_rain_expansion_layer_d_assets_accept_only/assets_wav_22050_mono"",""promotion_policy_version"":""site_weather_candidate_promotion_v0.1"",""candidate_pool_policy_version"":""site_weather_candidate_pool_v0.2""}"
site_mvp002_site257_1400016_001802_001817,acoustic_ai/layers/layer_b/attempts/murphy__smoke_1__curated_assets/data/weather/site_mvp_002/wind_primary/wind_primary__wind__site257_1400016_001802_001817.wav,site,257,1400016,1802.0,1817.0,15.0,site257_1400016,site257_1400016_001802_001817,227,22050,1,wind,false,true,false,none,heavy,none,false,wind_primary,primary,site_ready_pool,site_policy_v03_provisional,site_ready,wind,clear_wind_target_score,0.376683,0.536888,0.434004,wind,human_or_machine,0.278531,wind_env_prior,0.0,0.0,3.91,6.34,-28.045,-13.678,0.0,site_ready;server_a_promoted;local_staging,site_mvp_002_rain_expansion,"{""site_id"":""257"",""recording_id"":""1400016"",""source_s3_uri"":""s3://eco-acoustic-data.store.adelaideuni.cloud/dataset/original/site_257_bowra-dry-a/downloaded_clips/site_257_item_1400016/site_257_item_1400016_clip_007.webm"",""source_manifest"":""/Users/murphy/Documents/Codex/2026-05-28/spacerobot-268369-comp-6000-capstone2-https-2/debug/site_weather_layer_d_assets_mvp_002_rain_expansion/layer_d_ready_manifest.csv"",""server_a_source_dir"":""/home/ubuntu/layer_b_site_weather_job/runs/mvp_pool_20260531_002_rain_expansion_layer_d_assets_accept_only/assets_wav_22050_mono"",""promotion_policy_version"":""site_weather_candidate_promotion_v0.1"",""candidate_pool_policy_version"":""site_weather_candidate_pool_v0.2""}"
site_mvp002_site257_1400024_005131_005146,acoustic_ai/layers/layer_b/attempts/murphy__smoke_1__curated_assets/data/weather/site_mvp_002/wind_primary/wind_primary__wind__site257_1400024_005131_005146.wav,site,257,1400024,5131.0,5146.0,15.0,site257_1400024,site257_1400024_005131_005146,228,22050,1,wind,false,true,false,none,medium,none,false,wind_primary,primary,site_ready_pool,site_policy_v03_provisional,site_ready,wind,clear_wind_target_score,0.219166,0.51663,0.403145,wind,human_or_machine,0.209204,wind_env_prior,0.0,0.0,4.19,4.3,-17.185,-0.67,0.0,site_ready;server_a_promoted;local_staging,site_mvp_002_rain_expansion,"{""site_id"":""257"",""recording_id"":""1400024"",""source_s3_uri"":""s3://eco-acoustic-data.store.adelaideuni.cloud/dataset/original/site_257_bowra-dry-a/downloaded_clips/site_257_item_1400024/site_257_item_1400024_clip_018.webm"",""source_manifest"":""/Users/murphy/Documents/Codex/2026-05-28/spacerobot-268369-comp-6000-capstone2-https-2/debug/site_weather_layer_d_assets_mvp_002_rain_expansion/layer_d_ready_manifest.csv"",""server_a_source_dir"":""/home/ubuntu/layer_b_site_weather_job/runs/mvp_pool_20260531_002_rain_expansion_layer_d_assets_accept_only/assets_wav_22050_mono"",""promotion_policy_version"":""site_weather_candidate_promotion_v0.1"",""candidate_pool_policy_version"":""site_weather_candidate_pool_v0.2""}"
site_mvp002_site257_1401701_005802_005817,acoustic_ai/layers/layer_b/attempts/murphy__smoke_1__curated_assets/data/weather/site_mvp_002/wind_primary/wind_primary__wind__site257_1401701_005802_005817.wav,site,257,1401701,5802.0,5817.0,15.0,site257_1401701,site257_1401701_005802_005817,229,22050,1,wind,false,true,false,none,medium,none,false,wind_primary,primary,site_ready_pool,site_policy_v03_provisional,site_ready,wind,clear_wind_target_score,0.275216,0.524568,0.447125,wind,human_or_machine,0.243991,wind_env_prior,0.12,2.46,2.29,4.6,-13.223,0.0,0.001143,site_ready;server_a_promoted;local_staging,site_mvp_002_rain_expansion,"{""site_id"":""257"",""recording_id"":""1401701"",""source_s3_uri"":""s3://eco-acoustic-data.store.adelaideuni.cloud/dataset/original/site_257_bowra-dry-a/downloaded_clips/site_257_item_1401701/site_257_item_1401701_clip_020.webm"",""source_manifest"":""/Users/murphy/Documents/Codex/2026-05-28/spacerobot-268369-comp-6000-capstone2-https-2/debug/site_weather_layer_d_assets_mvp_002_rain_expansion/layer_d_ready_manifest.csv"",""server_a_source_dir"":""/home/ubuntu/layer_b_site_weather_job/runs/mvp_pool_20260531_002_rain_expansion_layer_d_assets_accept_only/assets_wav_22050_mono"",""promotion_policy_version"":""site_weather_candidate_promotion_v0.1"",""candidate_pool_policy_version"":""site_weather_candidate_pool_v0.2""}"
site_mvp002_site257_1535362_005982_005997,acoustic_ai/layers/layer_b/attempts/murphy__smoke_1__curated_assets/data/weather/site_mvp_002/wind_primary/wind_primary__wind__site257_1535362_005982_005997.wav,site,257,1535362,5982.0,5997.0,15.0,site257_1535362,site257_1535362_005982_005997,230,22050,1,wind,false,true,false,none,medium,none,false,wind_primary,primary,site_ready_pool,site_policy_v03_provisional,site_ready,wind,clear_wind_target_score,0.386192,0.515779,0.314551,wind,human_or_machine,0.207737,wind_env_prior,0.0,0.0,3.1,2.23,-38.972,-25.478,0.0,site_ready;server_a_promoted;local_staging,site_mvp_002_rain_expansion,"{""site_id"":""257"",""recording_id"":""1535362"",""source_s3_uri"":""s3://eco-acoustic-data.store.adelaideuni.cloud/dataset/original/site_257_bowra-dry-a/downloaded_clips/site_257_item_1535362/site_257_item_1535362_clip_020.webm"",""source_manifest"":""/Users/murphy/Documents/Codex/2026-05-28/spacerobot-268369-comp-6000-capstone2-https-2/debug/site_weather_layer_d_assets_mvp_002_rain_expansion/layer_d_ready_manifest.csv"",""server_a_source_dir"":""/home/ubuntu/layer_b_site_weather_job/runs/mvp_pool_20260531_002_rain_expansion_layer_d_assets_accept_only/assets_wav_22050_mono"",""promotion_policy_version"":""site_weather_candidate_promotion_v0.1"",""candidate_pool_policy_version"":""site_weather_candidate_pool_v0.2""}"
site_mvp002_site257_215191_006284_006299,acoustic_ai/layers/layer_b/attempts/murphy__smoke_1__curated_assets/data/weather/site_mvp_002/wind_primary/wind_primary__wind__site257_215191_006284_006299.wav,site,257,215191,6284.0,6299.0,15.0,site257_215191,site257_215191_006284_006299,231,22050,1,wind,false,true,false,none,medium,none,false,wind_primary,primary,site_ready_pool,site_policy_v03_provisional,site_ready,wind,clear_wind_target_score,0.322749,0.534283,0.331711,wind,human_or_machine,0.289347,wind_env_prior,0.0,0.0,4.61,4.84,-34.439,-21.173,0.0,site_ready;server_a_promoted;local_staging,site_mvp_002_rain_expansion,"{""site_id"":""257"",""recording_id"":""215191"",""source_s3_uri"":""s3://eco-acoustic-data.store.adelaideuni.cloud/dataset/original/site_257_bowra-dry-a/downloaded_clips/site_257_item_215191/site_257_item_215191_clip_021.webm"",""source_manifest"":""/Users/murphy/Documents/Codex/2026-05-28/spacerobot-268369-comp-6000-capstone2-https-2/debug/site_weather_layer_d_assets_mvp_002_rain_expansion/layer_d_ready_manifest.csv"",""server_a_source_dir"":""/home/ubuntu/layer_b_site_weather_job/runs/mvp_pool_20260531_002_rain_expansion_layer_d_assets_accept_only/assets_wav_22050_mono"",""promotion_policy_version"":""site_weather_candidate_promotion_v0.1"",""candidate_pool_policy_version"":""site_weather_candidate_pool_v0.2""}"
site_mvp002_site257_1534211_002675_002690,acoustic_ai/layers/layer_b/attempts/murphy__smoke_1__curated_assets/data/weather/site_mvp_002/wind_primary/wind_primary__wind__site257_1534211_002675_002690.wav,site,257,1534211,2675.0,2690.0,15.0,site257_1534211,site257_1534211_002675_002690,232,22050,1,wind,false,true,false,none,heavy,none,false,wind_primary,primary,site_ready_pool,site_policy_v03_provisional,site_ready,wind,clear_wind_target_score,0.298713,0.510992,0.4285,wind,bird_or_insect,0.199009,wind_env_prior,0.0,0.01,5.38,6.31,-31.242,-9.12,0.0,site_ready;server_a_promoted;local_staging,site_mvp_002_rain_expansion,"{""site_id"":""257"",""recording_id"":""1534211"",""source_s3_uri"":""s3://eco-acoustic-data.store.adelaideuni.cloud/dataset/original/site_257_bowra-dry-a/downloaded_clips/site_257_item_1534211/site_257_item_1534211_clip_009.webm"",""source_manifest"":""/Users/murphy/Documents/Codex/2026-05-28/spacerobot-268369-comp-6000-capstone2-https-2/debug/site_weather_layer_d_assets_mvp_002_rain_expansion/layer_d_ready_manifest.csv"",""server_a_source_dir"":""/home/ubuntu/layer_b_site_weather_job/runs/mvp_pool_20260531_002_rain_expansion_layer_d_assets_accept_only/assets_wav_22050_mono"",""promotion_policy_version"":""site_weather_candidate_promotion_v0.1"",""candidate_pool_policy_version"":""site_weather_candidate_pool_v0.2""}"
site_mvp002_site257_1679611_004279_004294,acoustic_ai/layers/layer_b/attempts/murphy__smoke_1__curated_assets/data/weather/site_mvp_002/wind_primary/wind_primary__wind__site257_1679611_004279_004294.wav,site,257,1679611,4279.0,4294.0,15.0,site257_1679611,site257_1679611_004279_004294,233,22050,1,wind,false,true,false,none,medium,none,false,wind_primary,primary,site_ready_pool,site_policy_v03_provisional,site_ready,wind,clear_wind_target_score,0.310606,0.533765,0.368986,wind,human_or_machine,0.296353,wind_env_prior,0.0,0.0,4.09,5.04,-30.984,-13.59,0.0,site_ready;server_a_promoted;local_staging,site_mvp_002_rain_expansion,"{""site_id"":""257"",""recording_id"":""1679611"",""source_s3_uri"":""s3://eco-acoustic-data.store.adelaideuni.cloud/dataset/original/site_257_bowra-dry-a/downloaded_clips/site_257_item_1679611/site_257_item_1679611_clip_015.webm"",""source_manifest"":""/Users/murphy/Documents/Codex/2026-05-28/spacerobot-268369-comp-6000-capstone2-https-2/debug/site_weather_layer_d_assets_mvp_002_rain_expansion/layer_d_ready_manifest.csv"",""server_a_source_dir"":""/home/ubuntu/layer_b_site_weather_job/runs/mvp_pool_20260531_002_rain_expansion_layer_d_assets_accept_only/assets_wav_22050_mono"",""promotion_policy_version"":""site_weather_candidate_promotion_v0.1"",""candidate_pool_policy_version"":""site_weather_candidate_pool_v0.2""}"
site_mvp002_site257_1401104_001140_001155,acoustic_ai/layers/layer_b/attempts/murphy__smoke_1__curated_assets/data/weather/site_mvp_002/wind_primary/wind_primary__wind__site257_1401104_001140_001155.wav,site,257,1401104,1140.0,1155.0,15.0,site257_1401104,site257_1401104_001140_001155,235,22050,1,wind,false,true,false,none,medium,none,false,wind_primary,primary,site_ready_pool,site_policy_v03_provisional,site_ready,wind,clear_wind_target_score,0.281853,0.516064,0.416929,wind,human_or_machine,0.233711,wind_env_prior,0.0,0.0,3.07,4.37,-20.854,-3.016,0.0,site_ready;server_a_promoted;local_staging,site_mvp_002_rain_expansion,"{""site_id"":""257"",""recording_id"":""1401104"",""source_s3_uri"":""s3://eco-acoustic-data.store.adelaideuni.cloud/dataset/original/site_257_bowra-dry-a/downloaded_clips/site_257_item_1401104/site_257_item_1401104_clip_004.webm"",""source_manifest"":""/Users/murphy/Documents/Codex/2026-05-28/spacerobot-268369-comp-6000-capstone2-https-2/debug/site_weather_layer_d_assets_mvp_002_rain_expansion/layer_d_ready_manifest.csv"",""server_a_source_dir"":""/home/ubuntu/layer_b_site_weather_job/runs/mvp_pool_20260531_002_rain_expansion_layer_d_assets_accept_only/assets_wav_22050_mono"",""promotion_policy_version"":""site_weather_candidate_promotion_v0.1"",""candidate_pool_policy_version"":""site_weather_candidate_pool_v0.2""}"
site_mvp002_site257_215467_002353_002368,acoustic_ai/layers/layer_b/attempts/murphy__smoke_1__curated_assets/data/weather/site_mvp_002/wind_primary/wind_primary__wind__site257_215467_002353_002368.wav,site,257,215467,2353.0,2368.0,15.0,site257_215467,site257_215467_002353_002368,236,22050,1,wind,false,true,false,none,medium,none,false,wind_primary,primary,site_ready_pool,site_policy_v03_provisional,site_ready,wind,clear_wind_target_score,0.300676,0.515583,0.449578,wind,human_or_machine,0.242584,wind_env_prior,0.0,0.0,4.05,3.62,-27.56,-6.406,0.0,site_ready;server_a_promoted;local_staging,site_mvp_002_rain_expansion,"{""site_id"":""257"",""recording_id"":""215467"",""source_s3_uri"":""s3://eco-acoustic-data.store.adelaideuni.cloud/dataset/original/site_257_bowra-dry-a/downloaded_clips/site_257_item_215467/site_257_item_215467_clip_008.webm"",""source_manifest"":""/Users/murphy/Documents/Codex/2026-05-28/spacerobot-268369-comp-6000-capstone2-https-2/debug/site_weather_layer_d_assets_mvp_002_rain_expansion/layer_d_ready_manifest.csv"",""server_a_source_dir"":""/home/ubuntu/layer_b_site_weather_job/runs/mvp_pool_20260531_002_rain_expansion_layer_d_assets_accept_only/assets_wav_22050_mono"",""promotion_policy_version"":""site_weather_candidate_promotion_v0.1"",""candidate_pool_policy_version"":""site_weather_candidate_pool_v0.2""}"
site_mvp002_site257_214836_002316_002331,acoustic_ai/layers/layer_b/attempts/murphy__smoke_1__curated_assets/data/weather/site_mvp_002/wind_primary/wind_primary__wind__site257_214836_002316_002331.wav,site,257,214836,2316.0,2331.0,15.0,site257_214836,site257_214836_002316_002331,237,22050,1,wind,false,true,false,none,medium,none,false,wind_primary,primary,site_ready_pool,site_policy_v03_provisional,site_ready,wind,clear_wind_target_score,0.304322,0.526961,0.305463,wind,bird_or_insect,0.303493,wind_env_prior,0.0,0.0,2.65,5.89,-32.808,-16.598,0.0,site_ready;server_a_promoted;local_staging,site_mvp_002_rain_expansion,"{""site_id"":""257"",""recording_id"":""214836"",""source_s3_uri"":""s3://eco-acoustic-data.store.adelaideuni.cloud/dataset/original/site_257_bowra-dry-a/downloaded_clips/site_257_item_214836/site_257_item_214836_clip_008.webm"",""source_manifest"":""/Users/murphy/Documents/Codex/2026-05-28/spacerobot-268369-comp-6000-capstone2-https-2/debug/site_weather_layer_d_assets_mvp_002_rain_expansion/layer_d_ready_manifest.csv"",""server_a_source_dir"":""/home/ubuntu/layer_b_site_weather_job/runs/mvp_pool_20260531_002_rain_expansion_layer_d_assets_accept_only/assets_wav_22050_mono"",""promotion_policy_version"":""site_weather_candidate_promotion_v0.1"",""candidate_pool_policy_version"":""site_weather_candidate_pool_v0.2""}"
site_mvp002_site257_5413_002074_002089,acoustic_ai/layers/layer_b/attempts/murphy__smoke_1__curated_assets/data/weather/site_mvp_002/wind_primary/wind_primary__wind__site257_5413_002074_002089.wav,site,257,5413,2074.0,2089.0,15.0,site257_5413,site257_5413_002074_002089,238,22050,1,wind,false,true,false,none,medium,none,false,wind_primary,primary,site_ready_pool,site_policy_v03_provisional,site_ready,wind,clear_wind_target_score,0.343551,0.51477,0.404958,wind,human_or_machine,0.252322,wind_env_prior,0.0,0.0,4.82,4.95,-35.716,-16.326,0.0,site_ready;server_a_promoted;local_staging,site_mvp_002_rain_expansion,"{""site_id"":""257"",""recording_id"":""5413"",""source_s3_uri"":""s3://eco-acoustic-data.store.adelaideuni.cloud/dataset/original/site_257_bowra-dry-a/downloaded_clips/site_257_item_5413/site_257_item_5413_clip_007.webm"",""source_manifest"":""/Users/murphy/Documents/Codex/2026-05-28/spacerobot-268369-comp-6000-capstone2-https-2/debug/site_weather_layer_d_assets_mvp_002_rain_expansion/layer_d_ready_manifest.csv"",""server_a_source_dir"":""/home/ubuntu/layer_b_site_weather_job/runs/mvp_pool_20260531_002_rain_expansion_layer_d_assets_accept_only/assets_wav_22050_mono"",""promotion_policy_version"":""site_weather_candidate_promotion_v0.1"",""candidate_pool_policy_version"":""site_weather_candidate_pool_v0.2""}"
site_mvp002_site257_216466_002726_002741,acoustic_ai/layers/layer_b/attempts/murphy__smoke_1__curated_assets/data/weather/site_mvp_002/wind_primary/wind_primary__wind__site257_216466_002726_002741.wav,site,257,216466,2726.0,2741.0,15.0,site257_216466,site257_216466_002726_002741,239,22050,1,wind,false,true,false,none,heavy,none,false,wind_primary,primary,site_ready_pool,site_policy_v03_provisional,site_ready,wind,clear_wind_target_score,0.28557,0.508584,0.340742,wind,bird_or_insect,0.23613,wind_env_prior,0.0,28.54,4.18,7.53,-29.431,-7.842,0.0,site_ready;server_a_promoted;local_staging,site_mvp_002_rain_expansion,"{""site_id"":""257"",""recording_id"":""216466"",""source_s3_uri"":""s3://eco-acoustic-data.store.adelaideuni.cloud/dataset/original/site_257_bowra-dry-a/downloaded_clips/site_257_item_216466/site_257_item_216466_clip_010.webm"",""source_manifest"":""/Users/murphy/Documents/Codex/2026-05-28/spacerobot-268369-comp-6000-capstone2-https-2/debug/site_weather_layer_d_assets_mvp_002_rain_expansion/layer_d_ready_manifest.csv"",""server_a_source_dir"":""/home/ubuntu/layer_b_site_weather_job/runs/mvp_pool_20260531_002_rain_expansion_layer_d_assets_accept_only/assets_wav_22050_mono"",""promotion_policy_version"":""site_weather_candidate_promotion_v0.1"",""candidate_pool_policy_version"":""site_weather_candidate_pool_v0.2""}"
site_mvp002_site257_1535362_004107_004122,acoustic_ai/layers/layer_b/attempts/murphy__smoke_1__curated_assets/data/weather/site_mvp_002/wind_primary/wind_primary__wind__site257_1535362_004107_004122.wav,site,257,1535362,4107.0,4122.0,15.0,site257_1535362,site257_1535362_004107_004122,240,22050,1,wind,false,true,false,none,medium,none,false,wind_primary,primary,site_ready_pool,site_policy_v03_provisional,site_ready,wind,clear_wind_target_score,0.339436,0.518305,0.338755,wind,bird_or_insect,0.281506,wind_env_prior,0.0,0.0,3.1,2.23,-35.53,-9.409,0.0,site_ready;server_a_promoted;local_staging,site_mvp_002_rain_expansion,"{""site_id"":""257"",""recording_id"":""1535362"",""source_s3_uri"":""s3://eco-acoustic-data.store.adelaideuni.cloud/dataset/original/site_257_bowra-dry-a/downloaded_clips/site_257_item_1535362/site_257_item_1535362_clip_014.webm"",""source_manifest"":""/Users/murphy/Documents/Codex/2026-05-28/spacerobot-268369-comp-6000-capstone2-https-2/debug/site_weather_layer_d_assets_mvp_002_rain_expansion/layer_d_ready_manifest.csv"",""server_a_source_dir"":""/home/ubuntu/layer_b_site_weather_job/runs/mvp_pool_20260531_002_rain_expansion_layer_d_assets_accept_only/assets_wav_22050_mono"",""promotion_policy_version"":""site_weather_candidate_promotion_v0.1"",""candidate_pool_policy_version"":""site_weather_candidate_pool_v0.2""}"
site_mvp002_site257_215473_006056_006071,acoustic_ai/layers/layer_b/attempts/murphy__smoke_1__curated_assets/data/weather/site_mvp_002/wind_primary/wind_primary__wind__site257_215473_006056_006071.wav,site,257,215473,6056.0,6071.0,15.0,site257_215473,site257_215473_006056_006071,241,22050,1,wind,false,true,false,none,heavy,none,false,wind_primary,primary,site_ready_pool,site_policy_v03_provisional,site_ready,wind,clear_wind_target_score,0.317496,0.519264,0.319099,wind,human_or_machine,0.289632,wind_env_prior,0.0,0.0,5.25,8.53,-46.067,-32.247,0.0,site_ready;server_a_promoted;local_staging,site_mvp_002_rain_expansion,"{""site_id"":""257"",""recording_id"":""215473"",""source_s3_uri"":""s3://eco-acoustic-data.store.adelaideuni.cloud/dataset/original/site_257_bowra-dry-a/downloaded_clips/site_257_item_215473/site_257_item_215473_clip_021.webm"",""source_manifest"":""/Users/murphy/Documents/Codex/2026-05-28/spacerobot-268369-comp-6000-capstone2-https-2/debug/site_weather_layer_d_assets_mvp_002_rain_expansion/layer_d_ready_manifest.csv"",""server_a_source_dir"":""/home/ubuntu/layer_b_site_weather_job/runs/mvp_pool_20260531_002_rain_expansion_layer_d_assets_accept_only/assets_wav_22050_mono"",""promotion_policy_version"":""site_weather_candidate_promotion_v0.1"",""candidate_pool_policy_version"":""site_weather_candidate_pool_v0.2""}"
site_mvp002_site257_1313184_006451_006466,acoustic_ai/layers/layer_b/attempts/murphy__smoke_1__curated_assets/data/weather/site_mvp_002/wind_primary/wind_primary__wind__site257_1313184_006451_006466.wav,site,257,1313184,6451.0,6466.0,15.0,site257_1313184,site257_1313184_006451_006466,242,22050,1,wind,false,true,false,none,heavy,none,false,wind_primary,primary,site_ready_pool,site_policy_v03_provisional,site_ready,wind,clear_wind_target_score,0.316093,0.474328,0.249282,wind,human_or_machine,0.287301,storm_env_prior,5.88,0.06,6.01,4.88,-39.187,-20.324,0.0,site_ready;server_a_promoted;local_staging,site_mvp_002_rain_expansion,"{""site_id"":""257"",""recording_id"":""1313184"",""source_s3_uri"":""s3://eco-acoustic-data.store.adelaideuni.cloud/dataset/original/site_257_bowra-dry-a/downloaded_clips/site_257_item_1313184/site_257_item_1313184_clip_022.webm"",""source_manifest"":""/Users/murphy/Documents/Codex/2026-05-28/spacerobot-268369-comp-6000-capstone2-https-2/debug/site_weather_layer_d_assets_mvp_002_rain_expansion/layer_d_ready_manifest.csv"",""server_a_source_dir"":""/home/ubuntu/layer_b_site_weather_job/runs/mvp_pool_20260531_002_rain_expansion_layer_d_assets_accept_only/assets_wav_22050_mono"",""promotion_policy_version"":""site_weather_candidate_promotion_v0.1"",""candidate_pool_policy_version"":""site_weather_candidate_pool_v0.2""}"
site_mvp002_site257_1401100_000997_001012,acoustic_ai/layers/layer_b/attempts/murphy__smoke_1__curated_assets/data/weather/site_mvp_002/wind_primary/wind_primary__wind__site257_1401100_000997_001012.wav,site,257,1401100,997.0,1012.0,15.0,site257_1401100,site257_1401100_000997_001012,243,22050,1,wind,false,true,false,none,medium,none,false,wind_primary,primary,site_ready_pool,site_policy_v03_provisional,site_ready,wind,clear_wind_target_score,0.285934,0.512963,0.408277,wind,bird_or_insect,0.267752,wind_env_prior,0.0,0.0,2.63,3.64,-25.22,-8.139,0.0,site_ready;server_a_promoted;local_staging,site_mvp_002_rain_expansion,"{""site_id"":""257"",""recording_id"":""1401100"",""source_s3_uri"":""s3://eco-acoustic-data.store.adelaideuni.cloud/dataset/original/site_257_bowra-dry-a/downloaded_clips/site_257_item_1401100/site_257_item_1401100_clip_004.webm"",""source_manifest"":""/Users/murphy/Documents/Codex/2026-05-28/spacerobot-268369-comp-6000-capstone2-https-2/debug/site_weather_layer_d_assets_mvp_002_rain_expansion/layer_d_ready_manifest.csv"",""server_a_source_dir"":""/home/ubuntu/layer_b_site_weather_job/runs/mvp_pool_20260531_002_rain_expansion_layer_d_assets_accept_only/assets_wav_22050_mono"",""promotion_policy_version"":""site_weather_candidate_promotion_v0.1"",""candidate_pool_policy_version"":""site_weather_candidate_pool_v0.2""}"
site_mvp002_site257_5299_002749_002764,acoustic_ai/layers/layer_b/attempts/murphy__smoke_1__curated_assets/data/weather/site_mvp_002/wind_primary/wind_primary__wind__site257_5299_002749_002764.wav,site,257,5299,2749.0,2764.0,15.0,site257_5299,site257_5299_002749_002764,244,22050,1,wind,false,true,false,none,light,none,false,wind_primary,primary,site_ready_pool,site_policy_v03_provisional,site_ready,wind,clear_wind_target_score,0.230602,0.499401,0.387151,wind,bird_or_insect,0.210537,wind_env_prior,0.0,0.0,2.58,2.74,-25.358,-7.2,0.0,site_ready;server_a_promoted;local_staging,site_mvp_002_rain_expansion,"{""site_id"":""257"",""recording_id"":""5299"",""source_s3_uri"":""s3://eco-acoustic-data.store.adelaideuni.cloud/dataset/original/site_257_bowra-dry-a/downloaded_clips/site_257_item_5299/site_257_item_5299_clip_010.webm"",""source_manifest"":""/Users/murphy/Documents/Codex/2026-05-28/spacerobot-268369-comp-6000-capstone2-https-2/debug/site_weather_layer_d_assets_mvp_002_rain_expansion/layer_d_ready_manifest.csv"",""server_a_source_dir"":""/home/ubuntu/layer_b_site_weather_job/runs/mvp_pool_20260531_002_rain_expansion_layer_d_assets_accept_only/assets_wav_22050_mono"",""promotion_policy_version"":""site_weather_candidate_promotion_v0.1"",""candidate_pool_policy_version"":""site_weather_candidate_pool_v0.2""}"
site_mvp002_site257_214503_005443_005458,acoustic_ai/layers/layer_b/attempts/murphy__smoke_1__curated_assets/data/weather/site_mvp_002/wind_primary/wind_primary__wind__site257_214503_005443_005458.wav,site,257,214503,5443.0,5458.0,15.0,site257_214503,site257_214503_005443_005458,247,22050,1,wind,false,true,false,none,medium,none,false,wind_primary,primary,site_ready_pool,site_policy_v03_provisional,site_ready,wind,clear_wind_target_score,0.299106,0.505293,0.338324,wind,human_or_machine,0.242651,wind_env_prior,0.0,0.0,2.26,4.26,-37.574,-17.933,0.0,site_ready;server_a_promoted;local_staging,site_mvp_002_rain_expansion,"{""site_id"":""257"",""recording_id"":""214503"",""source_s3_uri"":""s3://eco-acoustic-data.store.adelaideuni.cloud/dataset/original/site_257_bowra-dry-a/downloaded_clips/site_257_item_214503/site_257_item_214503_clip_019.webm"",""source_manifest"":""/Users/murphy/Documents/Codex/2026-05-28/spacerobot-268369-comp-6000-capstone2-https-2/debug/site_weather_layer_d_assets_mvp_002_rain_expansion/layer_d_ready_manifest.csv"",""server_a_source_dir"":""/home/ubuntu/layer_b_site_weather_job/runs/mvp_pool_20260531_002_rain_expansion_layer_d_assets_accept_only/assets_wav_22050_mono"",""promotion_policy_version"":""site_weather_candidate_promotion_v0.1"",""candidate_pool_policy_version"":""site_weather_candidate_pool_v0.2""}"
site_mvp002_site257_214836_002435_002450,acoustic_ai/layers/layer_b/attempts/murphy__smoke_1__curated_assets/data/weather/site_mvp_002/wind_primary/wind_primary__wind__site257_214836_002435_002450.wav,site,257,214836,2435.0,2450.0,15.0,site257_214836,site257_214836_002435_002450,248,22050,1,wind,false,true,false,none,medium,none,false,wind_primary,primary,site_ready_pool,site_policy_v03_provisional,site_ready,wind,clear_wind_target_score,0.241853,0.514915,0.338697,wind,human_or_machine,0.286907,wind_env_prior,0.0,0.0,2.65,5.89,-28.776,-11.067,0.0,site_ready;server_a_promoted;local_staging,site_mvp_002_rain_expansion,"{""site_id"":""257"",""recording_id"":""214836"",""source_s3_uri"":""s3://eco-acoustic-data.store.adelaideuni.cloud/dataset/original/site_257_bowra-dry-a/downloaded_clips/site_257_item_214836/site_257_item_214836_clip_009.webm"",""source_manifest"":""/Users/murphy/Documents/Codex/2026-05-28/spacerobot-268369-comp-6000-capstone2-https-2/debug/site_weather_layer_d_assets_mvp_002_rain_expansion/layer_d_ready_manifest.csv"",""server_a_source_dir"":""/home/ubuntu/layer_b_site_weather_job/runs/mvp_pool_20260531_002_rain_expansion_layer_d_assets_accept_only/assets_wav_22050_mono"",""promotion_policy_version"":""site_weather_candidate_promotion_v0.1"",""candidate_pool_policy_version"":""site_weather_candidate_pool_v0.2""}"
site_mvp002_site257_215192_001929_001944,acoustic_ai/layers/layer_b/attempts/murphy__smoke_1__curated_assets/data/weather/site_mvp_002/wind_primary/wind_primary__wind__site257_215192_001929_001944.wav,site,257,215192,1929.0,1944.0,15.0,site257_215192,site257_215192_001929_001944,249,22050,1,wind,false,true,false,none,medium,none,false,wind_primary,primary,site_ready_pool,site_policy_v03_provisional,site_ready,wind,clear_wind_target_score,0.312384,0.505231,0.346164,wind,human_or_machine,0.247584,wind_env_prior,0.0,0.0,4.28,5.98,-37.559,-22.483,0.0,site_ready;server_a_promoted;local_staging,site_mvp_002_rain_expansion,"{""site_id"":""257"",""recording_id"":""215192"",""source_s3_uri"":""s3://eco-acoustic-data.store.adelaideuni.cloud/dataset/original/site_257_bowra-dry-a/downloaded_clips/site_257_item_215192/site_257_item_215192_clip_007.webm"",""source_manifest"":""/Users/murphy/Documents/Codex/2026-05-28/spacerobot-268369-comp-6000-capstone2-https-2/debug/site_weather_layer_d_assets_mvp_002_rain_expansion/layer_d_ready_manifest.csv"",""server_a_source_dir"":""/home/ubuntu/layer_b_site_weather_job/runs/mvp_pool_20260531_002_rain_expansion_layer_d_assets_accept_only/assets_wav_22050_mono"",""promotion_policy_version"":""site_weather_candidate_promotion_v0.1"",""candidate_pool_policy_version"":""site_weather_candidate_pool_v0.2""}"
site_mvp002_site257_445592_001567_001582,acoustic_ai/layers/layer_b/attempts/murphy__smoke_1__curated_assets/data/weather/site_mvp_002/wind_primary/wind_primary__wind__site257_445592_001567_001582.wav,site,257,445592,1567.0,1582.0,15.0,site257_445592,site257_445592_001567_001582,250,22050,1,wind,false,true,false,none,medium,none,false,wind_primary,primary,site_ready_pool,site_policy_v03_provisional,site_ready,wind,clear_wind_target_score,0.261767,0.503841,0.426,wind,human_or_machine,0.246638,wind_env_prior,0.0,0.0,2.3,5.72,-32.878,-15.251,0.0,site_ready;server_a_promoted;local_staging,site_mvp_002_rain_expansion,"{""site_id"":""257"",""recording_id"":""445592"",""source_s3_uri"":""s3://eco-acoustic-data.store.adelaideuni.cloud/dataset/original/site_257_bowra-dry-a/downloaded_clips/site_257_item_445592/site_257_item_445592_clip_006.webm"",""source_manifest"":""/Users/murphy/Documents/Codex/2026-05-28/spacerobot-268369-comp-6000-capstone2-https-2/debug/site_weather_layer_d_assets_mvp_002_rain_expansion/layer_d_ready_manifest.csv"",""server_a_source_dir"":""/home/ubuntu/layer_b_site_weather_job/runs/mvp_pool_20260531_002_rain_expansion_layer_d_assets_accept_only/assets_wav_22050_mono"",""promotion_policy_version"":""site_weather_candidate_promotion_v0.1"",""candidate_pool_policy_version"":""site_weather_candidate_pool_v0.2""}"
site_mvp002_site257_215103_005821_005836,acoustic_ai/layers/layer_b/attempts/murphy__smoke_1__curated_assets/data/weather/site_mvp_002/wind_primary/wind_primary__wind__site257_215103_005821_005836.wav,site,257,215103,5821.0,5836.0,15.0,site257_215103,site257_215103_005821_005836,251,22050,1,wind,false,true,false,none,medium,none,false,wind_primary,primary,site_ready_pool,site_policy_v03_provisional,site_ready,wind,clear_wind_target_score,0.293943,0.512091,0.322802,wind,bird_or_insect,0.285402,wind_env_prior,0.0,0.0,5.29,4.84,-40.502,-22.104,0.0,site_ready;server_a_promoted;local_staging,site_mvp_002_rain_expansion,"{""site_id"":""257"",""recording_id"":""215103"",""source_s3_uri"":""s3://eco-acoustic-data.store.adelaideuni.cloud/dataset/original/site_257_bowra-dry-a/downloaded_clips/site_257_item_215103/site_257_item_215103_clip_020.webm"",""source_manifest"":""/Users/murphy/Documents/Codex/2026-05-28/spacerobot-268369-comp-6000-capstone2-https-2/debug/site_weather_layer_d_assets_mvp_002_rain_expansion/layer_d_ready_manifest.csv"",""server_a_source_dir"":""/home/ubuntu/layer_b_site_weather_job/runs/mvp_pool_20260531_002_rain_expansion_layer_d_assets_accept_only/assets_wav_22050_mono"",""promotion_policy_version"":""site_weather_candidate_promotion_v0.1"",""candidate_pool_policy_version"":""site_weather_candidate_pool_v0.2""}"
site_mvp002_site257_1535837_002574_002589,acoustic_ai/layers/layer_b/attempts/murphy__smoke_1__curated_assets/data/weather/site_mvp_002/wind_primary/wind_primary__wind__site257_1535837_002574_002589.wav,site,257,1535837,2574.0,2589.0,15.0,site257_1535837,site257_1535837_002574_002589,252,22050,1,wind,false,true,false,none,medium,none,false,wind_primary,primary,site_ready_pool,site_policy_v03_provisional,site_ready,wind,clear_wind_target_score,0.243364,0.50374,0.396634,wind,bird_or_insect,0.250342,wind_env_prior,0.0,0.01,5.19,5.19,-18.906,-0.0,0.0002,site_ready;server_a_promoted;local_staging,site_mvp_002_rain_expansion,"{""site_id"":""257"",""recording_id"":""1535837"",""source_s3_uri"":""s3://eco-acoustic-data.store.adelaideuni.cloud/dataset/original/site_257_bowra-dry-a/downloaded_clips/site_257_item_1535837/site_257_item_1535837_clip_009.webm"",""source_manifest"":""/Users/murphy/Documents/Codex/2026-05-28/spacerobot-268369-comp-6000-capstone2-https-2/debug/site_weather_layer_d_assets_mvp_002_rain_expansion/layer_d_ready_manifest.csv"",""server_a_source_dir"":""/home/ubuntu/layer_b_site_weather_job/runs/mvp_pool_20260531_002_rain_expansion_layer_d_assets_accept_only/assets_wav_22050_mono"",""promotion_policy_version"":""site_weather_candidate_promotion_v0.1"",""candidate_pool_policy_version"":""site_weather_candidate_pool_v0.2""}"
site_mvp002_site257_445759_006756_006771,acoustic_ai/layers/layer_b/attempts/murphy__smoke_1__curated_assets/data/weather/site_mvp_002/wind_primary/wind_primary__wind__site257_445759_006756_006771.wav,site,257,445759,6756.0,6771.0,15.0,site257_445759,site257_445759_006756_006771,254,22050,1,wind,false,true,false,none,heavy,none,false,wind_primary,primary,site_ready_pool,site_policy_v03_provisional,site_ready,wind,clear_wind_target_score,0.389424,0.480134,0.288759,wind,human_or_machine,0.169369,wind_env_prior,0.0,0.0,5.45,6.26,-29.39,-10.889,0.0,site_ready;server_a_promoted;local_staging,site_mvp_002_rain_expansion,"{""site_id"":""257"",""recording_id"":""445759"",""source_s3_uri"":""s3://eco-acoustic-data.store.adelaideuni.cloud/dataset/original/site_257_bowra-dry-a/downloaded_clips/site_257_item_445759/site_257_item_445759_clip_023.webm"",""source_manifest"":""/Users/murphy/Documents/Codex/2026-05-28/spacerobot-268369-comp-6000-capstone2-https-2/debug/site_weather_layer_d_assets_mvp_002_rain_expansion/layer_d_ready_manifest.csv"",""server_a_source_dir"":""/home/ubuntu/layer_b_site_weather_job/runs/mvp_pool_20260531_002_rain_expansion_layer_d_assets_accept_only/assets_wav_22050_mono"",""promotion_policy_version"":""site_weather_candidate_promotion_v0.1"",""candidate_pool_policy_version"":""site_weather_candidate_pool_v0.2""}"
site_mvp002_site257_445759_000655_000670,acoustic_ai/layers/layer_b/attempts/murphy__smoke_1__curated_assets/data/weather/site_mvp_002/wind_primary/wind_primary__wind__site257_445759_000655_000670.wav,site,257,445759,655.0,670.0,15.0,site257_445759,site257_445759_000655_000670,255,22050,1,wind,false,true,false,none,heavy,none,false,wind_primary,primary,site_ready_pool,site_policy_v03_provisional,site_ready,wind,clear_wind_target_score,0.376756,0.494653,0.243595,wind,bird_or_insect,0.235018,wind_env_prior,0.0,0.0,5.45,6.26,-36.521,-23.335,0.0,site_ready;server_a_promoted;local_staging,site_mvp_002_rain_expansion,"{""site_id"":""257"",""recording_id"":""445759"",""source_s3_uri"":""s3://eco-acoustic-data.store.adelaideuni.cloud/dataset/original/site_257_bowra-dry-a/downloaded_clips/site_257_item_445759/site_257_item_445759_clip_003.webm"",""source_manifest"":""/Users/murphy/Documents/Codex/2026-05-28/spacerobot-268369-comp-6000-capstone2-https-2/debug/site_weather_layer_d_assets_mvp_002_rain_expansion/layer_d_ready_manifest.csv"",""server_a_source_dir"":""/home/ubuntu/layer_b_site_weather_job/runs/mvp_pool_20260531_002_rain_expansion_layer_d_assets_accept_only/assets_wav_22050_mono"",""promotion_policy_version"":""site_weather_candidate_promotion_v0.1"",""candidate_pool_policy_version"":""site_weather_candidate_pool_v0.2""}"
site_mvp002_site257_215191_005671_005686,acoustic_ai/layers/layer_b/attempts/murphy__smoke_1__curated_assets/data/weather/site_mvp_002/wind_primary/wind_primary__wind__site257_215191_005671_005686.wav,site,257,215191,5671.0,5686.0,15.0,site257_215191,site257_215191_005671_005686,257,22050,1,wind,false,true,false,none,medium,none,false,wind_primary,primary,site_ready_pool,site_policy_v03_provisional,site_ready,wind,clear_wind_target_score,0.30371,0.506041,0.313389,wind,human_or_machine,0.288377,wind_env_prior,0.0,0.0,4.61,4.84,-40.662,-23.786,0.0,site_ready;server_a_promoted;local_staging,site_mvp_002_rain_expansion,"{""site_id"":""257"",""recording_id"":""215191"",""source_s3_uri"":""s3://eco-acoustic-data.store.adelaideuni.cloud/dataset/original/site_257_bowra-dry-a/downloaded_clips/site_257_item_215191/site_257_item_215191_clip_019.webm"",""source_manifest"":""/Users/murphy/Documents/Codex/2026-05-28/spacerobot-268369-comp-6000-capstone2-https-2/debug/site_weather_layer_d_assets_mvp_002_rain_expansion/layer_d_ready_manifest.csv"",""server_a_source_dir"":""/home/ubuntu/layer_b_site_weather_job/runs/mvp_pool_20260531_002_rain_expansion_layer_d_assets_accept_only/assets_wav_22050_mono"",""promotion_policy_version"":""site_weather_candidate_promotion_v0.1"",""candidate_pool_policy_version"":""site_weather_candidate_pool_v0.2""}"
site_mvp002_site257_4889_006727_006742,acoustic_ai/layers/layer_b/attempts/murphy__smoke_1__curated_assets/data/weather/site_mvp_002/wind_primary/wind_primary__wind__site257_4889_006727_006742.wav,site,257,4889,6727.0,6742.0,15.0,site257_4889,site257_4889_006727_006742,258,22050,1,wind,false,true,false,none,medium,none,false,wind_primary,primary,site_ready_pool,site_policy_v03_provisional,site_ready,wind,clear_wind_target_score,0.303201,0.503196,0.4414,wind,human_or_machine,0.278005,wind_env_prior,0.0,0.0,2.95,3.46,-30.827,-14.106,0.0,site_ready;server_a_promoted;local_staging,site_mvp_002_rain_expansion,"{""site_id"":""257"",""recording_id"":""4889"",""source_s3_uri"":""s3://eco-acoustic-data.store.adelaideuni.cloud/dataset/original/site_257_bowra-dry-a/downloaded_clips/site_257_item_4889/site_257_item_4889_clip_023.webm"",""source_manifest"":""/Users/murphy/Documents/Codex/2026-05-28/spacerobot-268369-comp-6000-capstone2-https-2/debug/site_weather_layer_d_assets_mvp_002_rain_expansion/layer_d_ready_manifest.csv"",""server_a_source_dir"":""/home/ubuntu/layer_b_site_weather_job/runs/mvp_pool_20260531_002_rain_expansion_layer_d_assets_accept_only/assets_wav_22050_mono"",""promotion_policy_version"":""site_weather_candidate_promotion_v0.1"",""candidate_pool_policy_version"":""site_weather_candidate_pool_v0.2""}"
site_mvp002_site257_1400378_001105_001120,acoustic_ai/layers/layer_b/attempts/murphy__smoke_1__curated_assets/data/weather/site_mvp_002/wind_primary/wind_primary__wind__site257_1400378_001105_001120.wav,site,257,1400378,1105.0,1120.0,15.0,site257_1400378,site257_1400378_001105_001120,259,22050,1,wind,false,true,false,none,medium,none,false,wind_primary,primary,site_ready_pool,site_policy_v03_provisional,site_ready,wind,clear_wind_target_score,0.309618,0.50122,0.353438,wind,bird_or_insect,0.270918,wind_env_prior,0.0,0.0,4.13,4.86,-37.82,-19.986,0.0,site_ready;server_a_promoted;local_staging,site_mvp_002_rain_expansion,"{""site_id"":""257"",""recording_id"":""1400378"",""source_s3_uri"":""s3://eco-acoustic-data.store.adelaideuni.cloud/dataset/original/site_257_bowra-dry-a/downloaded_clips/site_257_item_1400378/site_257_item_1400378_clip_004.webm"",""source_manifest"":""/Users/murphy/Documents/Codex/2026-05-28/spacerobot-268369-comp-6000-capstone2-https-2/debug/site_weather_layer_d_assets_mvp_002_rain_expansion/layer_d_ready_manifest.csv"",""server_a_source_dir"":""/home/ubuntu/layer_b_site_weather_job/runs/mvp_pool_20260531_002_rain_expansion_layer_d_assets_accept_only/assets_wav_22050_mono"",""promotion_policy_version"":""site_weather_candidate_promotion_v0.1"",""candidate_pool_policy_version"":""site_weather_candidate_pool_v0.2""}"
site_mvp002_site257_215122_002785_002800,acoustic_ai/layers/layer_b/attempts/murphy__smoke_1__curated_assets/data/weather/site_mvp_002/wind_primary/wind_primary__wind__site257_215122_002785_002800.wav,site,257,215122,2785.0,2800.0,15.0,site257_215122,site257_215122_002785_002800,260,22050,1,wind,false,true,false,none,medium,none,false,wind_primary,primary,site_ready_pool,site_policy_v03_provisional,site_ready,wind,clear_wind_target_score,0.306413,0.501427,0.431377,wind,human_or_machine,0.272178,wind_env_prior,0.0,0.0,4.34,5.7,-34.384,-15.538,0.0,site_ready;server_a_promoted;local_staging,site_mvp_002_rain_expansion,"{""site_id"":""257"",""recording_id"":""215122"",""source_s3_uri"":""s3://eco-acoustic-data.store.adelaideuni.cloud/dataset/original/site_257_bowra-dry-a/downloaded_clips/site_257_item_215122/site_257_item_215122_clip_010.webm"",""source_manifest"":""/Users/murphy/Documents/Codex/2026-05-28/spacerobot-268369-comp-6000-capstone2-https-2/debug/site_weather_layer_d_assets_mvp_002_rain_expansion/layer_d_ready_manifest.csv"",""server_a_source_dir"":""/home/ubuntu/layer_b_site_weather_job/runs/mvp_pool_20260531_002_rain_expansion_layer_d_assets_accept_only/assets_wav_22050_mono"",""promotion_policy_version"":""site_weather_candidate_promotion_v0.1"",""candidate_pool_policy_version"":""site_weather_candidate_pool_v0.2""}"
site_mvp002_site257_1313184_001227_001242,acoustic_ai/layers/layer_b/attempts/murphy__smoke_1__curated_assets/data/weather/site_mvp_002/wind_primary/wind_primary__wind__site257_1313184_001227_001242.wav,site,257,1313184,1227.0,1242.0,15.0,site257_1313184,site257_1313184_001227_001242,261,22050,1,wind,false,true,false,none,heavy,none,false,wind_primary,primary,site_ready_pool,site_policy_v03_provisional,site_ready,wind,clear_wind_target_score,0.29061,0.437053,0.384336,wind,human_or_machine,0.195384,storm_env_prior,5.88,0.06,6.01,4.88,-22.575,-4.285,0.0,site_ready;server_a_promoted;local_staging,site_mvp_002_rain_expansion,"{""site_id"":""257"",""recording_id"":""1313184"",""source_s3_uri"":""s3://eco-acoustic-data.store.adelaideuni.cloud/dataset/original/site_257_bowra-dry-a/downloaded_clips/site_257_item_1313184/site_257_item_1313184_clip_005.webm"",""source_manifest"":""/Users/murphy/Documents/Codex/2026-05-28/spacerobot-268369-comp-6000-capstone2-https-2/debug/site_weather_layer_d_assets_mvp_002_rain_expansion/layer_d_ready_manifest.csv"",""server_a_source_dir"":""/home/ubuntu/layer_b_site_weather_job/runs/mvp_pool_20260531_002_rain_expansion_layer_d_assets_accept_only/assets_wav_22050_mono"",""promotion_policy_version"":""site_weather_candidate_promotion_v0.1"",""candidate_pool_policy_version"":""site_weather_candidate_pool_v0.2""}"
site_mvp002_site257_445765_000540_000555,acoustic_ai/layers/layer_b/attempts/murphy__smoke_1__curated_assets/data/weather/site_mvp_002/wind_primary/wind_primary__wind__site257_445765_000540_000555.wav,site,257,445765,540.0,555.0,15.0,site257_445765,site257_445765_000540_000555,262,22050,1,wind,false,true,false,none,heavy,none,false,wind_primary,primary,site_ready_pool,site_policy_v03_provisional,site_ready,wind,clear_wind_target_score,0.240716,0.449673,0.209811,wind,bird_or_insect,0.255159,wind_env_prior,0.0,0.0,7.04,6.26,-25.256,-4.811,0.0,site_ready;server_a_promoted;local_staging,site_mvp_002_rain_expansion,"{""site_id"":""257"",""recording_id"":""445765"",""source_s3_uri"":""s3://eco-acoustic-data.store.adelaideuni.cloud/dataset/original/site_257_bowra-dry-a/downloaded_clips/site_257_item_445765/site_257_item_445765_clip_002.webm"",""source_manifest"":""/Users/murphy/Documents/Codex/2026-05-28/spacerobot-268369-comp-6000-capstone2-https-2/debug/site_weather_layer_d_assets_mvp_002_rain_expansion/layer_d_ready_manifest.csv"",""server_a_source_dir"":""/home/ubuntu/layer_b_site_weather_job/runs/mvp_pool_20260531_002_rain_expansion_layer_d_assets_accept_only/assets_wav_22050_mono"",""promotion_policy_version"":""site_weather_candidate_promotion_v0.1"",""candidate_pool_policy_version"":""site_weather_candidate_pool_v0.2""}"
site_mvp002_site257_1402288_000752_000767,acoustic_ai/layers/layer_b/attempts/murphy__smoke_1__curated_assets/data/weather/site_mvp_002/wind_primary/wind_primary__wind__site257_1402288_000752_000767.wav,site,257,1402288,752.0,767.0,15.0,site257_1402288,site257_1402288_000752_000767,264,22050,1,wind,false,true,false,none,heavy,none,false,wind_primary,primary,site_ready_pool,site_policy_v03_provisional,site_ready,wind,clear_wind_target_score,0.233975,0.450379,0.338687,wind,bird_or_insect,0.26397,wind_env_prior,0.0,0.0,6.75,6.91,-16.982,0.0,0.001772,site_ready;server_a_promoted;local_staging,site_mvp_002_rain_expansion,"{""site_id"":""257"",""recording_id"":""1402288"",""source_s3_uri"":""s3://eco-acoustic-data.store.adelaideuni.cloud/dataset/original/site_257_bowra-dry-a/downloaded_clips/site_257_item_1402288/site_257_item_1402288_clip_003.webm"",""source_manifest"":""/Users/murphy/Documents/Codex/2026-05-28/spacerobot-268369-comp-6000-capstone2-https-2/debug/site_weather_layer_d_assets_mvp_002_rain_expansion/layer_d_ready_manifest.csv"",""server_a_source_dir"":""/home/ubuntu/layer_b_site_weather_job/runs/mvp_pool_20260531_002_rain_expansion_layer_d_assets_accept_only/assets_wav_22050_mono"",""promotion_policy_version"":""site_weather_candidate_promotion_v0.1"",""candidate_pool_policy_version"":""site_weather_candidate_pool_v0.2""}"
site_mvp002_site257_445592_006342_006357,acoustic_ai/layers/layer_b/attempts/murphy__smoke_1__curated_assets/data/weather/site_mvp_002/wind_primary/wind_primary__wind__site257_445592_006342_006357.wav,site,257,445592,6342.0,6357.0,15.0,site257_445592,site257_445592_006342_006357,265,22050,1,wind,false,true,false,none,medium,none,false,wind_primary,primary,site_ready_pool,site_policy_v03_provisional,site_ready,wind,clear_wind_target_score,0.241102,0.492708,0.37,wind,human_or_machine,0.262554,wind_env_prior,0.0,0.0,2.3,5.72,-34.715,-15.33,0.0,site_ready;server_a_promoted;local_staging,site_mvp_002_rain_expansion,"{""site_id"":""257"",""recording_id"":""445592"",""source_s3_uri"":""s3://eco-acoustic-data.store.adelaideuni.cloud/dataset/original/site_257_bowra-dry-a/downloaded_clips/site_257_item_445592/site_257_item_445592_clip_022.webm"",""source_manifest"":""/Users/murphy/Documents/Codex/2026-05-28/spacerobot-268369-comp-6000-capstone2-https-2/debug/site_weather_layer_d_assets_mvp_002_rain_expansion/layer_d_ready_manifest.csv"",""server_a_source_dir"":""/home/ubuntu/layer_b_site_weather_job/runs/mvp_pool_20260531_002_rain_expansion_layer_d_assets_accept_only/assets_wav_22050_mono"",""promotion_policy_version"":""site_weather_candidate_promotion_v0.1"",""candidate_pool_policy_version"":""site_weather_candidate_pool_v0.2""}"
site_mvp002_site257_1669477_001576_001591,acoustic_ai/layers/layer_b/attempts/murphy__smoke_1__curated_assets/data/weather/site_mvp_002/wind_primary/wind_primary__wind__site257_1669477_001576_001591.wav,site,257,1669477,1576.0,1591.0,15.0,site257_1669477,site257_1669477_001576_001591,266,22050,1,wind,false,true,false,none,medium,none,false,wind_primary,primary,site_ready_pool,site_policy_v03_provisional,site_ready,wind,clear_wind_target_score,0.275004,0.499248,0.288251,wind,bird_or_insect,0.291954,wind_env_prior,0.0,0.0,3.27,3.96,-32.138,-12.332,0.0,site_ready;server_a_promoted;local_staging,site_mvp_002_rain_expansion,"{""site_id"":""257"",""recording_id"":""1669477"",""source_s3_uri"":""s3://eco-acoustic-data.store.adelaideuni.cloud/dataset/original/site_257_bowra-dry-a/downloaded_clips/site_257_item_1669477/site_257_item_1669477_clip_006.webm"",""source_manifest"":""/Users/murphy/Documents/Codex/2026-05-28/spacerobot-268369-comp-6000-capstone2-https-2/debug/site_weather_layer_d_assets_mvp_002_rain_expansion/layer_d_ready_manifest.csv"",""server_a_source_dir"":""/home/ubuntu/layer_b_site_weather_job/runs/mvp_pool_20260531_002_rain_expansion_layer_d_assets_accept_only/assets_wav_22050_mono"",""promotion_policy_version"":""site_weather_candidate_promotion_v0.1"",""candidate_pool_policy_version"":""site_weather_candidate_pool_v0.2""}"
site_mvp002_site257_5421_003037_003052,acoustic_ai/layers/layer_b/attempts/murphy__smoke_1__curated_assets/data/weather/site_mvp_002/wind_primary/wind_primary__wind__site257_5421_003037_003052.wav,site,257,5421,3037.0,3052.0,15.0,site257_5421,site257_5421_003037_003052,269,22050,1,wind,false,true,false,none,medium,none,false,wind_primary,primary,site_ready_pool,site_policy_v03_provisional,site_ready,wind,clear_wind_target_score,0.336057,0.499691,0.346887,wind,human_or_machine,0.302208,wind_env_prior,0.0,0.0,2.8,4.95,-39.699,-23.79,0.0,site_ready;server_a_promoted;local_staging,site_mvp_002_rain_expansion,"{""site_id"":""257"",""recording_id"":""5421"",""source_s3_uri"":""s3://eco-acoustic-data.store.adelaideuni.cloud/dataset/original/site_257_bowra-dry-a/downloaded_clips/site_257_item_5421/site_257_item_5421_clip_011.webm"",""source_manifest"":""/Users/murphy/Documents/Codex/2026-05-28/spacerobot-268369-comp-6000-capstone2-https-2/debug/site_weather_layer_d_assets_mvp_002_rain_expansion/layer_d_ready_manifest.csv"",""server_a_source_dir"":""/home/ubuntu/layer_b_site_weather_job/runs/mvp_pool_20260531_002_rain_expansion_layer_d_assets_accept_only/assets_wav_22050_mono"",""promotion_policy_version"":""site_weather_candidate_promotion_v0.1"",""candidate_pool_policy_version"":""site_weather_candidate_pool_v0.2""}"
site_mvp002_site257_214833_007122_007137,acoustic_ai/layers/layer_b/attempts/murphy__smoke_1__curated_assets/data/weather/site_mvp_002/wind_primary/wind_primary__wind__site257_214833_007122_007137.wav,site,257,214833,7122.0,7137.0,15.0,site257_214833,site257_214833_007122_007137,271,22050,1,wind,false,true,false,none,medium,none,false,wind_primary,primary,site_ready_pool,site_policy_v03_provisional,site_ready,wind,clear_wind_target_score,0.273191,0.488782,0.359859,wind,human_or_machine,0.260021,wind_env_prior,0.0,0.0,2.91,5.89,-29.308,-11.701,0.0,site_ready;server_a_promoted;local_staging,site_mvp_002_rain_expansion,"{""site_id"":""257"",""recording_id"":""214833"",""source_s3_uri"":""s3://eco-acoustic-data.store.adelaideuni.cloud/dataset/original/site_257_bowra-dry-a/downloaded_clips/site_257_item_214833/site_257_item_214833_clip_024.webm"",""source_manifest"":""/Users/murphy/Documents/Codex/2026-05-28/spacerobot-268369-comp-6000-capstone2-https-2/debug/site_weather_layer_d_assets_mvp_002_rain_expansion/layer_d_ready_manifest.csv"",""server_a_source_dir"":""/home/ubuntu/layer_b_site_weather_job/runs/mvp_pool_20260531_002_rain_expansion_layer_d_assets_accept_only/assets_wav_22050_mono"",""promotion_policy_version"":""site_weather_candidate_promotion_v0.1"",""candidate_pool_policy_version"":""site_weather_candidate_pool_v0.2""}"
site_mvp002_site257_1535538_005360_005375,acoustic_ai/layers/layer_b/attempts/murphy__smoke_1__curated_assets/data/weather/site_mvp_002/wind_primary/wind_primary__wind__site257_1535538_005360_005375.wav,site,257,1535538,5360.0,5375.0,15.0,site257_1535538,site257_1535538_005360_005375,273,22050,1,wind,false,true,false,none,heavy,none,false,wind_primary,primary,site_ready_pool,site_policy_v03_provisional,site_ready,wind,clear_wind_target_score,0.281066,0.495156,0.436137,wind,bird_or_insect,0.297535,wind_env_prior,0.0,0.0,4.42,6.45,-17.636,-0.0,8.9e-05,site_ready;server_a_promoted;local_staging,site_mvp_002_rain_expansion,"{""site_id"":""257"",""recording_id"":""1535538"",""source_s3_uri"":""s3://eco-acoustic-data.store.adelaideuni.cloud/dataset/original/site_257_bowra-dry-a/downloaded_clips/site_257_item_1535538/site_257_item_1535538_clip_018.webm"",""source_manifest"":""/Users/murphy/Documents/Codex/2026-05-28/spacerobot-268369-comp-6000-capstone2-https-2/debug/site_weather_layer_d_assets_mvp_002_rain_expansion/layer_d_ready_manifest.csv"",""server_a_source_dir"":""/home/ubuntu/layer_b_site_weather_job/runs/mvp_pool_20260531_002_rain_expansion_layer_d_assets_accept_only/assets_wav_22050_mono"",""promotion_policy_version"":""site_weather_candidate_promotion_v0.1"",""candidate_pool_policy_version"":""site_weather_candidate_pool_v0.2""}"
site_mvp002_site257_1534211_000945_000960,acoustic_ai/layers/layer_b/attempts/murphy__smoke_1__curated_assets/data/weather/site_mvp_002/wind_primary/wind_primary__wind__site257_1534211_000945_000960.wav,site,257,1534211,945.0,960.0,15.0,site257_1534211,site257_1534211_000945_000960,275,22050,1,wind,false,true,false,none,heavy,none,false,wind_primary,primary,site_ready_pool,site_policy_v03_provisional,site_ready,wind,clear_wind_target_score,0.255939,0.490882,0.40998,wind,bird_or_insect,0.285325,wind_env_prior,0.0,0.01,5.38,6.31,-24.407,-5.403,0.0,site_ready;server_a_promoted;local_staging,site_mvp_002_rain_expansion,"{""site_id"":""257"",""recording_id"":""1534211"",""source_s3_uri"":""s3://eco-acoustic-data.store.adelaideuni.cloud/dataset/original/site_257_bowra-dry-a/downloaded_clips/site_257_item_1534211/site_257_item_1534211_clip_004.webm"",""source_manifest"":""/Users/murphy/Documents/Codex/2026-05-28/spacerobot-268369-comp-6000-capstone2-https-2/debug/site_weather_layer_d_assets_mvp_002_rain_expansion/layer_d_ready_manifest.csv"",""server_a_source_dir"":""/home/ubuntu/layer_b_site_weather_job/runs/mvp_pool_20260531_002_rain_expansion_layer_d_assets_accept_only/assets_wav_22050_mono"",""promotion_policy_version"":""site_weather_candidate_promotion_v0.1"",""candidate_pool_policy_version"":""site_weather_candidate_pool_v0.2""}"
site_mvp002_site257_215109_005131_005146,acoustic_ai/layers/layer_b/attempts/murphy__smoke_1__curated_assets/data/weather/site_mvp_002/wind_primary/wind_primary__wind__site257_215109_005131_005146.wav,site,257,215109,5131.0,5146.0,15.0,site257_215109,site257_215109_005131_005146,277,22050,1,wind,false,true,false,none,medium,none,false,wind_primary,primary,site_ready_pool,site_policy_v03_provisional,site_ready,wind,clear_wind_target_score,0.196226,0.493297,0.375372,wind,bird_or_insect,0.298097,wind_env_prior,0.0,0.0,4.12,5.7,-24.501,-4.125,0.0,site_ready;server_a_promoted;local_staging,site_mvp_002_rain_expansion,"{""site_id"":""257"",""recording_id"":""215109"",""source_s3_uri"":""s3://eco-acoustic-data.store.adelaideuni.cloud/dataset/original/site_257_bowra-dry-a/downloaded_clips/site_257_item_215109/site_257_item_215109_clip_018.webm"",""source_manifest"":""/Users/murphy/Documents/Codex/2026-05-28/spacerobot-268369-comp-6000-capstone2-https-2/debug/site_weather_layer_d_assets_mvp_002_rain_expansion/layer_d_ready_manifest.csv"",""server_a_source_dir"":""/home/ubuntu/layer_b_site_weather_job/runs/mvp_pool_20260531_002_rain_expansion_layer_d_assets_accept_only/assets_wav_22050_mono"",""promotion_policy_version"":""site_weather_candidate_promotion_v0.1"",""candidate_pool_policy_version"":""site_weather_candidate_pool_v0.2""}"
site_mvp002_site257_1535362_003737_003752,acoustic_ai/layers/layer_b/attempts/murphy__smoke_1__curated_assets/data/weather/site_mvp_002/wind_primary/wind_primary__wind__site257_1535362_003737_003752.wav,site,257,1535362,3737.0,3752.0,15.0,site257_1535362,site257_1535362_003737_003752,279,22050,1,wind,false,true,false,none,medium,none,false,wind_primary,primary,site_ready_pool,site_policy_v03_provisional,site_ready,wind,clear_wind_target_score,0.275914,0.483904,0.246217,wind,bird_or_insect,0.278793,wind_env_prior,0.0,0.0,3.1,2.23,-37.45,-17.996,0.0,site_ready;server_a_promoted;local_staging,site_mvp_002_rain_expansion,"{""site_id"":""257"",""recording_id"":""1535362"",""source_s3_uri"":""s3://eco-acoustic-data.store.adelaideuni.cloud/dataset/original/site_257_bowra-dry-a/downloaded_clips/site_257_item_1535362/site_257_item_1535362_clip_013.webm"",""source_manifest"":""/Users/murphy/Documents/Codex/2026-05-28/spacerobot-268369-comp-6000-capstone2-https-2/debug/site_weather_layer_d_assets_mvp_002_rain_expansion/layer_d_ready_manifest.csv"",""server_a_source_dir"":""/home/ubuntu/layer_b_site_weather_job/runs/mvp_pool_20260531_002_rain_expansion_layer_d_assets_accept_only/assets_wav_22050_mono"",""promotion_policy_version"":""site_weather_candidate_promotion_v0.1"",""candidate_pool_policy_version"":""site_weather_candidate_pool_v0.2""}"
site_mvp002_site257_1400378_001111_001126,acoustic_ai/layers/layer_b/attempts/murphy__smoke_1__curated_assets/data/weather/site_mvp_002/wind_primary/wind_primary__wind__site257_1400378_001111_001126.wav,site,257,1400378,1111.0,1126.0,15.0,site257_1400378,site257_1400378_001111_001126,282,22050,1,wind,false,true,false,none,medium,none,false,wind_primary,primary,site_ready_pool,site_policy_v03_provisional,site_ready,wind,clear_wind_target_score,0.283184,0.475355,0.331391,wind,bird_or_insect,0.255439,wind_env_prior,0.0,0.0,4.13,4.86,-35.525,-19.986,0.0,site_ready;server_a_promoted;local_staging,site_mvp_002_rain_expansion,"{""site_id"":""257"",""recording_id"":""1400378"",""source_s3_uri"":""s3://eco-acoustic-data.store.adelaideuni.cloud/dataset/original/site_257_bowra-dry-a/downloaded_clips/site_257_item_1400378/site_257_item_1400378_clip_004.webm"",""source_manifest"":""/Users/murphy/Documents/Codex/2026-05-28/spacerobot-268369-comp-6000-capstone2-https-2/debug/site_weather_layer_d_assets_mvp_002_rain_expansion/layer_d_ready_manifest.csv"",""server_a_source_dir"":""/home/ubuntu/layer_b_site_weather_job/runs/mvp_pool_20260531_002_rain_expansion_layer_d_assets_accept_only/assets_wav_22050_mono"",""promotion_policy_version"":""site_weather_candidate_promotion_v0.1"",""candidate_pool_policy_version"":""site_weather_candidate_pool_v0.2""}"
site_mvp002_site257_1399612_001738_001753,acoustic_ai/layers/layer_b/attempts/murphy__smoke_1__curated_assets/data/weather/site_mvp_002/wind_primary/wind_primary__wind__site257_1399612_001738_001753.wav,site,257,1399612,1738.0,1753.0,15.0,site257_1399612,site257_1399612_001738_001753,283,22050,1,wind,false,true,false,none,medium,none,false,wind_primary,primary,site_ready_pool,site_policy_v03_provisional,site_ready,wind,clear_wind_target_score,0.376076,0.499348,0.392062,wind,human_or_machine,0.359724,wind_env_prior,0.0,0.0,2.04,3.13,-36.443,-21.595,0.0,site_ready;server_a_promoted;local_staging,site_mvp_002_rain_expansion,"{""site_id"":""257"",""recording_id"":""1399612"",""source_s3_uri"":""s3://eco-acoustic-data.store.adelaideuni.cloud/dataset/original/site_257_bowra-dry-a/downloaded_clips/site_257_item_1399612/site_257_item_1399612_clip_006.webm"",""source_manifest"":""/Users/murphy/Documents/Codex/2026-05-28/spacerobot-268369-comp-6000-capstone2-https-2/debug/site_weather_layer_d_assets_mvp_002_rain_expansion/layer_d_ready_manifest.csv"",""server_a_source_dir"":""/home/ubuntu/layer_b_site_weather_job/runs/mvp_pool_20260531_002_rain_expansion_layer_d_assets_accept_only/assets_wav_22050_mono"",""promotion_policy_version"":""site_weather_candidate_promotion_v0.1"",""candidate_pool_policy_version"":""site_weather_candidate_pool_v0.2""}"
site_mvp002_site257_5495_003676_003691,acoustic_ai/layers/layer_b/attempts/murphy__smoke_1__curated_assets/data/weather/site_mvp_002/wind_primary/wind_primary__wind__site257_5495_003676_003691.wav,site,257,5495,3676.0,3691.0,15.0,site257_5495,site257_5495_003676_003691,284,22050,1,wind,false,true,false,none,light,none,false,wind_primary,primary,site_ready_pool,site_policy_v03_provisional,site_ready,wind,clear_wind_target_score,0.321208,0.481047,0.424018,wind,bird_or_insect,0.285439,wind_env_prior,0.0,0.0,2.95,2.24,-34.882,-9.341,0.0,site_ready;server_a_promoted;local_staging,site_mvp_002_rain_expansion,"{""site_id"":""257"",""recording_id"":""5495"",""source_s3_uri"":""s3://eco-acoustic-data.store.adelaideuni.cloud/dataset/original/site_257_bowra-dry-a/downloaded_clips/site_257_item_5495/site_257_item_5495_clip_013.webm"",""source_manifest"":""/Users/murphy/Documents/Codex/2026-05-28/spacerobot-268369-comp-6000-capstone2-https-2/debug/site_weather_layer_d_assets_mvp_002_rain_expansion/layer_d_ready_manifest.csv"",""server_a_source_dir"":""/home/ubuntu/layer_b_site_weather_job/runs/mvp_pool_20260531_002_rain_expansion_layer_d_assets_accept_only/assets_wav_22050_mono"",""promotion_policy_version"":""site_weather_candidate_promotion_v0.1"",""candidate_pool_policy_version"":""site_weather_candidate_pool_v0.2""}"
site_mvp002_site257_1680197_002057_002072,acoustic_ai/layers/layer_b/attempts/murphy__smoke_1__curated_assets/data/weather/site_mvp_002/wind_primary/wind_primary__wind__site257_1680197_002057_002072.wav,site,257,1680197,2057.0,2072.0,15.0,site257_1680197,site257_1680197_002057_002072,288,22050,1,wind,false,true,false,none,heavy,none,false,wind_primary,primary,site_ready_pool,site_policy_v03_provisional,site_ready,wind,clear_wind_target_score,0.358313,0.475679,0.381839,wind,bird_or_insect,0.270274,wind_env_prior,0.0,0.0,5.44,6.62,-42.482,-19.754,0.0,site_ready;server_a_promoted;local_staging,site_mvp_002_rain_expansion,"{""site_id"":""257"",""recording_id"":""1680197"",""source_s3_uri"":""s3://eco-acoustic-data.store.adelaideuni.cloud/dataset/original/site_257_bowra-dry-a/downloaded_clips/site_257_item_1680197/site_257_item_1680197_clip_007.webm"",""source_manifest"":""/Users/murphy/Documents/Codex/2026-05-28/spacerobot-268369-comp-6000-capstone2-https-2/debug/site_weather_layer_d_assets_mvp_002_rain_expansion/layer_d_ready_manifest.csv"",""server_a_source_dir"":""/home/ubuntu/layer_b_site_weather_job/runs/mvp_pool_20260531_002_rain_expansion_layer_d_assets_accept_only/assets_wav_22050_mono"",""promotion_policy_version"":""site_weather_candidate_promotion_v0.1"",""candidate_pool_policy_version"":""site_weather_candidate_pool_v0.2""}"
site_mvp002_site257_1402288_001777_001792,acoustic_ai/layers/layer_b/attempts/murphy__smoke_1__curated_assets/data/weather/site_mvp_002/wind_primary/wind_primary__wind__site257_1402288_001777_001792.wav,site,257,1402288,1777.0,1792.0,15.0,site257_1402288,site257_1402288_001777_001792,289,22050,1,wind,false,true,false,none,heavy,none,false,wind_primary,primary,site_ready_pool,site_policy_v03_provisional,site_ready,wind,clear_wind_target_score,0.235558,0.440507,0.349148,wind,bird_or_insect,0.310641,wind_env_prior,0.0,0.0,6.75,6.91,-15.893,0.0,0.000506,site_ready;server_a_promoted;local_staging,site_mvp_002_rain_expansion,"{""site_id"":""257"",""recording_id"":""1402288"",""source_s3_uri"":""s3://eco-acoustic-data.store.adelaideuni.cloud/dataset/original/site_257_bowra-dry-a/downloaded_clips/site_257_item_1402288/site_257_item_1402288_clip_006.webm"",""source_manifest"":""/Users/murphy/Documents/Codex/2026-05-28/spacerobot-268369-comp-6000-capstone2-https-2/debug/site_weather_layer_d_assets_mvp_002_rain_expansion/layer_d_ready_manifest.csv"",""server_a_source_dir"":""/home/ubuntu/layer_b_site_weather_job/runs/mvp_pool_20260531_002_rain_expansion_layer_d_assets_accept_only/assets_wav_22050_mono"",""promotion_policy_version"":""site_weather_candidate_promotion_v0.1"",""candidate_pool_policy_version"":""site_weather_candidate_pool_v0.2""}"
site_mvp002_site257_1401228_000906_000921,acoustic_ai/layers/layer_b/attempts/murphy__smoke_1__curated_assets/data/weather/site_mvp_002/wind_primary/wind_primary__wind__site257_1401228_000906_000921.wav,site,257,1401228,906.0,921.0,15.0,site257_1401228,site257_1401228_000906_000921,290,22050,1,wind,false,true,false,none,medium,none,false,wind_primary,primary,site_ready_pool,site_policy_v03_provisional,site_ready,wind,clear_wind_target_score,0.240552,0.479294,0.349362,wind,bird_or_insect,0.290481,wind_env_prior,0.0,0.0,5.13,5.82,-17.005,0.0,0.000242,site_ready;server_a_promoted;local_staging,site_mvp_002_rain_expansion,"{""site_id"":""257"",""recording_id"":""1401228"",""source_s3_uri"":""s3://eco-acoustic-data.store.adelaideuni.cloud/dataset/original/site_257_bowra-dry-a/downloaded_clips/site_257_item_1401228/site_257_item_1401228_clip_004.webm"",""source_manifest"":""/Users/murphy/Documents/Codex/2026-05-28/spacerobot-268369-comp-6000-capstone2-https-2/debug/site_weather_layer_d_assets_mvp_002_rain_expansion/layer_d_ready_manifest.csv"",""server_a_source_dir"":""/home/ubuntu/layer_b_site_weather_job/runs/mvp_pool_20260531_002_rain_expansion_layer_d_assets_accept_only/assets_wav_22050_mono"",""promotion_policy_version"":""site_weather_candidate_promotion_v0.1"",""candidate_pool_policy_version"":""site_weather_candidate_pool_v0.2""}"
site_mvp002_site257_215103_001580_001595,acoustic_ai/layers/layer_b/attempts/murphy__smoke_1__curated_assets/data/weather/site_mvp_002/wind_primary/wind_primary__wind__site257_215103_001580_001595.wav,site,257,215103,1580.0,1595.0,15.0,site257_215103,site257_215103_001580_001595,292,22050,1,wind,false,true,false,none,medium,none,false,wind_primary,primary,site_ready_pool,site_policy_v03_provisional,site_ready,wind,clear_wind_target_score,0.349782,0.493595,0.352108,wind,human_or_machine,0.353709,wind_env_prior,0.0,0.0,5.29,4.84,-32.838,-14.258,0.0,site_ready;server_a_promoted;local_staging,site_mvp_002_rain_expansion,"{""site_id"":""257"",""recording_id"":""215103"",""source_s3_uri"":""s3://eco-acoustic-data.store.adelaideuni.cloud/dataset/original/site_257_bowra-dry-a/downloaded_clips/site_257_item_215103/site_257_item_215103_clip_006.webm"",""source_manifest"":""/Users/murphy/Documents/Codex/2026-05-28/spacerobot-268369-comp-6000-capstone2-https-2/debug/site_weather_layer_d_assets_mvp_002_rain_expansion/layer_d_ready_manifest.csv"",""server_a_source_dir"":""/home/ubuntu/layer_b_site_weather_job/runs/mvp_pool_20260531_002_rain_expansion_layer_d_assets_accept_only/assets_wav_22050_mono"",""promotion_policy_version"":""site_weather_candidate_promotion_v0.1"",""candidate_pool_policy_version"":""site_weather_candidate_pool_v0.2""}"
site_mvp002_site257_445532_000402_000417,acoustic_ai/layers/layer_b/attempts/murphy__smoke_1__curated_assets/data/weather/site_mvp_002/wind_primary/wind_primary__wind__site257_445532_000402_000417.wav,site,257,445532,402.0,417.0,15.0,site257_445532,site257_445532_000402_000417,295,22050,1,wind,false,true,false,none,medium,none,false,wind_primary,primary,site_ready_pool,site_policy_v03_provisional,site_ready,wind,clear_wind_target_score,0.295004,0.46982,0.272843,wind,bird_or_insect,0.265414,wind_env_prior,0.0,0.0,4.72,4.77,-36.98,-19.082,0.0,site_ready;server_a_promoted;local_staging,site_mvp_002_rain_expansion,"{""site_id"":""257"",""recording_id"":""445532"",""source_s3_uri"":""s3://eco-acoustic-data.store.adelaideuni.cloud/dataset/original/site_257_bowra-dry-a/downloaded_clips/site_257_item_445532/site_257_item_445532_clip_002.webm"",""source_manifest"":""/Users/murphy/Documents/Codex/2026-05-28/spacerobot-268369-comp-6000-capstone2-https-2/debug/site_weather_layer_d_assets_mvp_002_rain_expansion/layer_d_ready_manifest.csv"",""server_a_source_dir"":""/home/ubuntu/layer_b_site_weather_job/runs/mvp_pool_20260531_002_rain_expansion_layer_d_assets_accept_only/assets_wav_22050_mono"",""promotion_policy_version"":""site_weather_candidate_promotion_v0.1"",""candidate_pool_policy_version"":""site_weather_candidate_pool_v0.2""}"
site_mvp002_site257_214837_001286_001301,acoustic_ai/layers/layer_b/attempts/murphy__smoke_1__curated_assets/data/weather/site_mvp_002/wind_primary/wind_primary__wind__site257_214837_001286_001301.wav,site,257,214837,1286.0,1301.0,15.0,site257_214837,site257_214837_001286_001301,296,22050,1,wind,false,true,false,none,light,none,false,wind_primary,primary,site_ready_pool,site_policy_v03_provisional,site_ready,wind,clear_wind_target_score,0.310863,0.478832,0.281845,wind,bird_or_insect,0.306042,wind_env_prior,0.0,0.0,2.47,2.91,-40.246,-20.79,0.0,site_ready;server_a_promoted;local_staging,site_mvp_002_rain_expansion,"{""site_id"":""257"",""recording_id"":""214837"",""source_s3_uri"":""s3://eco-acoustic-data.store.adelaideuni.cloud/dataset/original/site_257_bowra-dry-a/downloaded_clips/site_257_item_214837/site_257_item_214837_clip_005.webm"",""source_manifest"":""/Users/murphy/Documents/Codex/2026-05-28/spacerobot-268369-comp-6000-capstone2-https-2/debug/site_weather_layer_d_assets_mvp_002_rain_expansion/layer_d_ready_manifest.csv"",""server_a_source_dir"":""/home/ubuntu/layer_b_site_weather_job/runs/mvp_pool_20260531_002_rain_expansion_layer_d_assets_accept_only/assets_wav_22050_mono"",""promotion_policy_version"":""site_weather_candidate_promotion_v0.1"",""candidate_pool_policy_version"":""site_weather_candidate_pool_v0.2""}"
site_mvp002_site257_1679611_002145_002160,acoustic_ai/layers/layer_b/attempts/murphy__smoke_1__curated_assets/data/weather/site_mvp_002/wind_primary/wind_primary__wind__site257_1679611_002145_002160.wav,site,257,1679611,2145.0,2160.0,15.0,site257_1679611,site257_1679611_002145_002160,298,22050,1,wind,false,true,false,none,medium,none,false,wind_primary,primary,site_ready_pool,site_policy_v03_provisional,site_ready,wind,clear_wind_target_score,0.220158,0.466744,0.337883,wind,human_or_machine,0.258981,wind_env_prior,0.0,0.0,4.09,5.04,-19.746,-2.897,0.0,site_ready;server_a_promoted;local_staging,site_mvp_002_rain_expansion,"{""site_id"":""257"",""recording_id"":""1679611"",""source_s3_uri"":""s3://eco-acoustic-data.store.adelaideuni.cloud/dataset/original/site_257_bowra-dry-a/downloaded_clips/site_257_item_1679611/site_257_item_1679611_clip_008.webm"",""source_manifest"":""/Users/murphy/Documents/Codex/2026-05-28/spacerobot-268369-comp-6000-capstone2-https-2/debug/site_weather_layer_d_assets_mvp_002_rain_expansion/layer_d_ready_manifest.csv"",""server_a_source_dir"":""/home/ubuntu/layer_b_site_weather_job/runs/mvp_pool_20260531_002_rain_expansion_layer_d_assets_accept_only/assets_wav_22050_mono"",""promotion_policy_version"":""site_weather_candidate_promotion_v0.1"",""candidate_pool_policy_version"":""site_weather_candidate_pool_v0.2""}"
site_mvp002_site257_215122_005589_005604,acoustic_ai/layers/layer_b/attempts/murphy__smoke_1__curated_assets/data/weather/site_mvp_002/wind_primary/wind_primary__wind__site257_215122_005589_005604.wav,site,257,215122,5589.0,5604.0,15.0,site257_215122,site257_215122_005589_005604,300,22050,1,wind,false,true,false,none,medium,none,false,wind_primary,primary,site_ready_pool,site_policy_v03_provisional,site_ready,wind,clear_wind_target_score,0.260009,0.477909,0.354291,wind,bird_or_insect,0.312094,wind_env_prior,0.0,0.0,4.34,5.7,-33.319,-17.567,0.0,site_ready;server_a_promoted;local_staging,site_mvp_002_rain_expansion,"{""site_id"":""257"",""recording_id"":""215122"",""source_s3_uri"":""s3://eco-acoustic-data.store.adelaideuni.cloud/dataset/original/site_257_bowra-dry-a/downloaded_clips/site_257_item_215122/site_257_item_215122_clip_019.webm"",""source_manifest"":""/Users/murphy/Documents/Codex/2026-05-28/spacerobot-268369-comp-6000-capstone2-https-2/debug/site_weather_layer_d_assets_mvp_002_rain_expansion/layer_d_ready_manifest.csv"",""server_a_source_dir"":""/home/ubuntu/layer_b_site_weather_job/runs/mvp_pool_20260531_002_rain_expansion_layer_d_assets_accept_only/assets_wav_22050_mono"",""promotion_policy_version"":""site_weather_candidate_promotion_v0.1"",""candidate_pool_policy_version"":""site_weather_candidate_pool_v0.2""}"
site_mvp002_site257_445592_004519_004534,acoustic_ai/layers/layer_b/attempts/murphy__smoke_1__curated_assets/data/weather/site_mvp_002/wind_primary/wind_primary__wind__site257_445592_004519_004534.wav,site,257,445592,4519.0,4534.0,15.0,site257_445592,site257_445592_004519_004534,302,22050,1,wind,false,true,false,none,medium,none,false,wind_primary,primary,site_ready_pool,site_policy_v03_provisional,site_ready,wind,clear_wind_target_score,0.254727,0.464172,0.274443,wind,human_or_machine,0.265271,wind_env_prior,0.0,0.0,2.3,5.72,-37.397,-18.555,0.0,site_ready;server_a_promoted;local_staging,site_mvp_002_rain_expansion,"{""site_id"":""257"",""recording_id"":""445592"",""source_s3_uri"":""s3://eco-acoustic-data.store.adelaideuni.cloud/dataset/original/site_257_bowra-dry-a/downloaded_clips/site_257_item_445592/site_257_item_445592_clip_016.webm"",""source_manifest"":""/Users/murphy/Documents/Codex/2026-05-28/spacerobot-268369-comp-6000-capstone2-https-2/debug/site_weather_layer_d_assets_mvp_002_rain_expansion/layer_d_ready_manifest.csv"",""server_a_source_dir"":""/home/ubuntu/layer_b_site_weather_job/runs/mvp_pool_20260531_002_rain_expansion_layer_d_assets_accept_only/assets_wav_22050_mono"",""promotion_policy_version"":""site_weather_candidate_promotion_v0.1"",""candidate_pool_policy_version"":""site_weather_candidate_pool_v0.2""}"
site_mvp002_site257_1682477_005624_005639,acoustic_ai/layers/layer_b/attempts/murphy__smoke_1__curated_assets/data/weather/site_mvp_002/wind_primary/wind_primary__wind__site257_1682477_005624_005639.wav,site,257,1682477,5624.0,5639.0,15.0,site257_1682477,site257_1682477_005624_005639,304,22050,1,wind,false,true,false,none,medium,none,false,wind_primary,primary,site_ready_pool,site_policy_v03_provisional,site_ready,wind,clear_wind_target_score,0.321074,0.468137,0.40355,wind,human_or_machine,0.295244,wind_env_prior,0.0,0.0,3.57,4.83,-30.041,-13.496,0.0,site_ready;server_a_promoted;local_staging,site_mvp_002_rain_expansion,"{""site_id"":""257"",""recording_id"":""1682477"",""source_s3_uri"":""s3://eco-acoustic-data.store.adelaideuni.cloud/dataset/original/site_257_bowra-dry-a/downloaded_clips/site_257_item_1682477/site_257_item_1682477_clip_019.webm"",""source_manifest"":""/Users/murphy/Documents/Codex/2026-05-28/spacerobot-268369-comp-6000-capstone2-https-2/debug/site_weather_layer_d_assets_mvp_002_rain_expansion/layer_d_ready_manifest.csv"",""server_a_source_dir"":""/home/ubuntu/layer_b_site_weather_job/runs/mvp_pool_20260531_002_rain_expansion_layer_d_assets_accept_only/assets_wav_22050_mono"",""promotion_policy_version"":""site_weather_candidate_promotion_v0.1"",""candidate_pool_policy_version"":""site_weather_candidate_pool_v0.2""}"
site_mvp002_site257_215122_003988_004003,acoustic_ai/layers/layer_b/attempts/murphy__smoke_1__curated_assets/data/weather/site_mvp_002/wind_primary/wind_primary__wind__site257_215122_003988_004003.wav,site,257,215122,3988.0,4003.0,15.0,site257_215122,site257_215122_003988_004003,306,22050,1,wind,false,true,false,none,medium,none,false,wind_primary,primary,site_ready_pool,site_policy_v03_provisional,site_ready,wind,clear_wind_target_score,0.34171,0.467014,0.322246,wind,human_or_machine,0.294701,wind_env_prior,0.0,0.0,4.34,5.7,-41.296,-26.592,0.0,site_ready;server_a_promoted;local_staging,site_mvp_002_rain_expansion,"{""site_id"":""257"",""recording_id"":""215122"",""source_s3_uri"":""s3://eco-acoustic-data.store.adelaideuni.cloud/dataset/original/site_257_bowra-dry-a/downloaded_clips/site_257_item_215122/site_257_item_215122_clip_014.webm"",""source_manifest"":""/Users/murphy/Documents/Codex/2026-05-28/spacerobot-268369-comp-6000-capstone2-https-2/debug/site_weather_layer_d_assets_mvp_002_rain_expansion/layer_d_ready_manifest.csv"",""server_a_source_dir"":""/home/ubuntu/layer_b_site_weather_job/runs/mvp_pool_20260531_002_rain_expansion_layer_d_assets_accept_only/assets_wav_22050_mono"",""promotion_policy_version"":""site_weather_candidate_promotion_v0.1"",""candidate_pool_policy_version"":""site_weather_candidate_pool_v0.2""}"
site_mvp002_site257_445532_002841_002856,acoustic_ai/layers/layer_b/attempts/murphy__smoke_1__curated_assets/data/weather/site_mvp_002/wind_primary/wind_primary__wind__site257_445532_002841_002856.wav,site,257,445532,2841.0,2856.0,15.0,site257_445532,site257_445532_002841_002856,310,22050,1,wind,false,true,false,none,medium,none,false,wind_primary,primary,site_ready_pool,site_policy_v03_provisional,site_ready,wind,clear_wind_target_score,0.282094,0.456023,0.385679,wind,human_or_machine,0.257248,wind_env_prior,0.0,0.0,4.72,4.77,-17.149,0.0,0.000396,site_ready;server_a_promoted;local_staging,site_mvp_002_rain_expansion,"{""site_id"":""257"",""recording_id"":""445532"",""source_s3_uri"":""s3://eco-acoustic-data.store.adelaideuni.cloud/dataset/original/site_257_bowra-dry-a/downloaded_clips/site_257_item_445532/site_257_item_445532_clip_010.webm"",""source_manifest"":""/Users/murphy/Documents/Codex/2026-05-28/spacerobot-268369-comp-6000-capstone2-https-2/debug/site_weather_layer_d_assets_mvp_002_rain_expansion/layer_d_ready_manifest.csv"",""server_a_source_dir"":""/home/ubuntu/layer_b_site_weather_job/runs/mvp_pool_20260531_002_rain_expansion_layer_d_assets_accept_only/assets_wav_22050_mono"",""promotion_policy_version"":""site_weather_candidate_promotion_v0.1"",""candidate_pool_policy_version"":""site_weather_candidate_pool_v0.2""}"
site_mvp002_site257_1401564_006213_006228,acoustic_ai/layers/layer_b/attempts/murphy__smoke_1__curated_assets/data/weather/site_mvp_002/wind_primary/wind_primary__wind__site257_1401564_006213_006228.wav,site,257,1401564,6213.0,6228.0,15.0,site257_1401564,site257_1401564_006213_006228,311,22050,1,wind,false,true,false,none,medium,none,false,wind_primary,primary,site_ready_pool,site_policy_v03_provisional,site_ready,wind,clear_wind_target_score,0.295309,0.458634,0.351872,wind,human_or_machine,0.268625,wind_env_prior,0.0,0.0,2.7,5.25,-31.247,-12.688,0.0,site_ready;server_a_promoted;local_staging,site_mvp_002_rain_expansion,"{""site_id"":""257"",""recording_id"":""1401564"",""source_s3_uri"":""s3://eco-acoustic-data.store.adelaideuni.cloud/dataset/original/site_257_bowra-dry-a/downloaded_clips/site_257_item_1401564/site_257_item_1401564_clip_021.webm"",""source_manifest"":""/Users/murphy/Documents/Codex/2026-05-28/spacerobot-268369-comp-6000-capstone2-https-2/debug/site_weather_layer_d_assets_mvp_002_rain_expansion/layer_d_ready_manifest.csv"",""server_a_source_dir"":""/home/ubuntu/layer_b_site_weather_job/runs/mvp_pool_20260531_002_rain_expansion_layer_d_assets_accept_only/assets_wav_22050_mono"",""promotion_policy_version"":""site_weather_candidate_promotion_v0.1"",""candidate_pool_policy_version"":""site_weather_candidate_pool_v0.2""}"
site_mvp002_site257_445534_005193_005208,acoustic_ai/layers/layer_b/attempts/murphy__smoke_1__curated_assets/data/weather/site_mvp_002/wind_primary/wind_primary__wind__site257_445534_005193_005208.wav,site,257,445534,5193.0,5208.0,15.0,site257_445534,site257_445534_005193_005208,312,22050,1,wind,false,true,false,none,medium,none,false,wind_primary,primary,site_ready_pool,site_policy_v03_provisional,site_ready,wind,clear_wind_target_score,0.349904,0.461748,0.375999,wind,human_or_machine,0.284915,wind_env_prior,0.0,0.0,2.71,4.77,-43.31,-27.196,0.0,site_ready;server_a_promoted;local_staging,site_mvp_002_rain_expansion,"{""site_id"":""257"",""recording_id"":""445534"",""source_s3_uri"":""s3://eco-acoustic-data.store.adelaideuni.cloud/dataset/original/site_257_bowra-dry-a/downloaded_clips/site_257_item_445534/site_257_item_445534_clip_018.webm"",""source_manifest"":""/Users/murphy/Documents/Codex/2026-05-28/spacerobot-268369-comp-6000-capstone2-https-2/debug/site_weather_layer_d_assets_mvp_002_rain_expansion/layer_d_ready_manifest.csv"",""server_a_source_dir"":""/home/ubuntu/layer_b_site_weather_job/runs/mvp_pool_20260531_002_rain_expansion_layer_d_assets_accept_only/assets_wav_22050_mono"",""promotion_policy_version"":""site_weather_candidate_promotion_v0.1"",""candidate_pool_policy_version"":""site_weather_candidate_pool_v0.2""}"
site_nov2019_storm001_site257_214657_001545_001575,acoustic_ai/layers/layer_b/attempts/murphy__smoke_1__curated_assets/data/weather/site_nov2019_storm_scout_001/rain_wind_mixed/rain_wind_mixed__rain_wind__site257_214657_001545_001575.wav,site,257,214657,1545.0,1575.0,30.0,site257_214657,site257_214657_001545_001575,1,22050,1,rain+wind,true,true,false,medium,medium,none,true,rain_wind_mixed,primary,site_ready_pool,site_policy_v04_human_audited,site_ready,rain+wind,nov2019 storm scout001: promote_primary; what you hear / why,0.441348,0.456173,0.4976,storm,human_or_machine,0.197067,,,,,,-19.889,-0.0,0.000115,site_ready;nov2019_storm_scout001;human_promoted,site_nov2019_storm_scout_001_manual_promote,"{""site_id"":""257"",""recording_id"":""214657"",""source_s3_uri"":""s3://eco-acoustic-data.store.adelaideuni.cloud/dataset/original/site_257_bowra-dry-a/downloaded_clips/site_257_item_214657/site_257_item_214657_clip_006.webm"",""source_manifest"":""debug/site_weather_nov2019_storm_scout_001/scored_windows_manifest.csv"",""audit_page"":""debug/site_weather_nov2019_storm_scout_001/listen.html"",""audit_item"":1,""human_accept"":""yes"",""human_weather_label"":""rain+wind"",""human_intensity"":""medium"",""human_pool_action"":""promote_primary"",""human_reject_reason"":""-"",""note"":""what you hear / why"",""promotion_policy_version"":""site_weather_nov2019_storm_scout_v0.1""}"
site_nov2019_storm001_site257_214871_006056_006086,acoustic_ai/layers/layer_b/attempts/murphy__smoke_1__curated_assets/data/weather/site_nov2019_storm_scout_001/rain_wind_mixed/rain_wind_mixed__rain_wind__site257_214871_006056_006086.wav,site,257,214871,6056.0,6086.0,30.0,site257_214871,site257_214871_006056_006086,2,22050,1,rain+wind,true,true,false,medium,medium,none,true,rain_wind_mixed,primary,site_ready_pool,site_policy_v04_human_audited,site_ready,rain+wind,nov2019 storm scout001: promote_primary; what you hear / why,0.478136,0.504194,0.442565,storm,human_or_machine,0.304192,,,,,,-26.82,-7.996,0.0,site_ready;nov2019_storm_scout001;human_promoted,site_nov2019_storm_scout_001_manual_promote,"{""site_id"":""257"",""recording_id"":""214871"",""source_s3_uri"":""s3://eco-acoustic-data.store.adelaideuni.cloud/dataset/original/site_257_bowra-dry-a/downloaded_clips/site_257_item_214871/site_257_item_214871_clip_021.webm"",""source_manifest"":""debug/site_weather_nov2019_storm_scout_001/scored_windows_manifest.csv"",""audit_page"":""debug/site_weather_nov2019_storm_scout_001/listen.html"",""audit_item"":2,""human_accept"":""yes"",""human_weather_label"":""rain+wind"",""human_intensity"":""medium"",""human_pool_action"":""promote_primary"",""human_reject_reason"":""-"",""note"":""what you hear / why"",""promotion_policy_version"":""site_weather_nov2019_storm_scout_v0.1""}"
site_nov2019_storm001_site257_214931_000076_000106,acoustic_ai/layers/layer_b/attempts/murphy__smoke_1__curated_assets/data/weather/site_nov2019_storm_scout_001/rain_wind_mixed/rain_wind_mixed__rain_wind__site257_214931_000076_000106.wav,site,257,214931,76.0,106.0,30.0,site257_214931,site257_214931_000076_000106,3,22050,1,rain+wind,true,true,false,medium,medium,none,true,rain_wind_mixed,primary,site_ready_pool,site_policy_v04_human_audited,site_ready,rain+wind,nov2019 storm scout001: promote_primary; what you hear / why,0.413653,0.475731,0.499926,storm,human_or_machine,0.209715,,,,,,-20.852,-0.155,0.0,site_ready;nov2019_storm_scout001;human_promoted,site_nov2019_storm_scout_001_manual_promote,"{""site_id"":""257"",""recording_id"":""214931"",""source_s3_uri"":""s3://eco-acoustic-data.store.adelaideuni.cloud/dataset/original/site_257_bowra-dry-a/downloaded_clips/site_257_item_214931/site_257_item_214931_clip_001.webm"",""source_manifest"":""debug/site_weather_nov2019_storm_scout_001/scored_windows_manifest.csv"",""audit_page"":""debug/site_weather_nov2019_storm_scout_001/listen.html"",""audit_item"":3,""human_accept"":""unreviewed"",""human_weather_label"":""rain+wind"",""human_intensity"":""medium"",""human_pool_action"":""promote_primary"",""human_reject_reason"":""-"",""note"":""what you hear / why"",""promotion_policy_version"":""site_weather_nov2019_storm_scout_v0.1""}"
site_nov2019_storm001_site257_214873_003175_003205,acoustic_ai/layers/layer_b/attempts/murphy__smoke_1__curated_assets/data/weather/site_nov2019_storm_scout_001/rain_wind_mixed/rain_wind_mixed__rain_wind__site257_214873_003175_003205.wav,site,257,214873,3175.0,3205.0,30.0,site257_214873,site257_214873_003175_003205,4,22050,1,rain+wind,true,true,false,medium,medium,none,true,rain_wind_mixed,backup,site_backup_pool,site_policy_v04_human_audited,site_ready,rain+wind,nov2019 storm scout001: promote_backup; what you hear / why,0.457011,0.514823,0.404468,storm,human_or_machine,0.284534,,,,,,-27.414,-9.712,0.0,site_ready;nov2019_storm_scout001;human_promoted,site_nov2019_storm_scout_001_manual_promote,"{""site_id"":""257"",""recording_id"":""214873"",""source_s3_uri"":""s3://eco-acoustic-data.store.adelaideuni.cloud/dataset/original/site_257_bowra-dry-a/downloaded_clips/site_257_item_214873/site_257_item_214873_clip_011.webm"",""source_manifest"":""debug/site_weather_nov2019_storm_scout_001/scored_windows_manifest.csv"",""audit_page"":""debug/site_weather_nov2019_storm_scout_001/listen.html"",""audit_item"":4,""human_accept"":""unreviewed"",""human_weather_label"":""rain+wind"",""human_intensity"":""medium"",""human_pool_action"":""promote_backup"",""human_reject_reason"":""-"",""note"":""what you hear / why"",""promotion_policy_version"":""site_weather_nov2019_storm_scout_v0.1""}"
site_nov2019_storm001_site257_214659_001558_001588,acoustic_ai/layers/layer_b/attempts/murphy__smoke_1__curated_assets/data/weather/site_nov2019_storm_scout_001/rain_wind_mixed/rain_wind_mixed__rain_wind__site257_214659_001558_001588.wav,site,257,214659,1558.0,1588.0,30.0,site257_214659,site257_214659_001558_001588,5,22050,1,rain+wind,true,true,false,medium,medium,none,true,rain_wind_mixed,backup,site_backup_pool,site_policy_v04_human_audited,site_ready,rain+wind,nov2019 storm scout001: promote_backup; what you hear / why,0.444748,0.494989,0.432023,storm,human_or_machine,0.209,,,,,,-23.474,-0.115,0.0,site_ready;nov2019_storm_scout001;human_promoted,site_nov2019_storm_scout_001_manual_promote,"{""site_id"":""257"",""recording_id"":""214659"",""source_s3_uri"":""s3://eco-acoustic-data.store.adelaideuni.cloud/dataset/original/site_257_bowra-dry-a/downloaded_clips/site_257_item_214659/site_257_item_214659_clip_006.webm"",""source_manifest"":""debug/site_weather_nov2019_storm_scout_001/scored_windows_manifest.csv"",""audit_page"":""debug/site_weather_nov2019_storm_scout_001/listen.html"",""audit_item"":5,""human_accept"":""unreviewed"",""human_weather_label"":""rain+wind"",""human_intensity"":""medium"",""human_pool_action"":""promote_backup"",""human_reject_reason"":""-"",""note"":""what you hear / why"",""promotion_policy_version"":""site_weather_nov2019_storm_scout_v0.1""}"
site_nov2019_storm001_site257_214871_006725_006755,acoustic_ai/layers/layer_b/attempts/murphy__smoke_1__curated_assets/data/weather/site_nov2019_storm_scout_001/wind_primary/wind_primary__wind__site257_214871_006725_006755.wav,site,257,214871,6725.0,6755.0,30.0,site257_214871,site257_214871_006725_006755,6,22050,1,wind,false,true,false,none,heavy,none,false,wind_primary,primary,site_ready_pool,site_policy_v04_human_audited,site_ready,wind,nov2019 storm scout001: promote_primary; what you hear / why,0.49193,0.424003,0.421076,storm,human_or_machine,0.159664,,,,,,-16.258,0.0,0.000118,site_ready;nov2019_storm_scout001;human_promoted,site_nov2019_storm_scout_001_manual_promote,"{""site_id"":""257"",""recording_id"":""214871"",""source_s3_uri"":""s3://eco-acoustic-data.store.adelaideuni.cloud/dataset/original/site_257_bowra-dry-a/downloaded_clips/site_257_item_214871/site_257_item_214871_clip_023.webm"",""source_manifest"":""debug/site_weather_nov2019_storm_scout_001/scored_windows_manifest.csv"",""audit_page"":""debug/site_weather_nov2019_storm_scout_001/listen.html"",""audit_item"":6,""human_accept"":""unreviewed"",""human_weather_label"":""wind"",""human_intensity"":""heavy"",""human_pool_action"":""promote_primary"",""human_reject_reason"":""-"",""note"":""what you hear / why"",""promotion_policy_version"":""site_weather_nov2019_storm_scout_v0.1""}"
site_nov2019_storm001_site257_214873_000601_000631,acoustic_ai/layers/layer_b/attempts/murphy__smoke_1__curated_assets/data/weather/site_nov2019_storm_scout_001/wind_primary/wind_primary__wind__site257_214873_000601_000631.wav,site,257,214873,601.0,631.0,30.0,site257_214873,site257_214873_000601_000631,7,22050,1,wind,false,true,false,none,heavy,none,false,wind_primary,backup,site_backup_pool,site_policy_v04_human_audited,site_ready,wind,nov2019 storm scout001: promote_backup; what you hear / why,0.403082,0.451271,0.487746,storm,human_or_machine,0.216009,,,,,,-15.925,0.0,0.000294,site_ready;nov2019_storm_scout001;human_promoted,site_nov2019_storm_scout_001_manual_promote,"{""site_id"":""257"",""recording_id"":""214873"",""source_s3_uri"":""s3://eco-acoustic-data.store.adelaideuni.cloud/dataset/original/site_257_bowra-dry-a/downloaded_clips/site_257_item_214873/site_257_item_214873_clip_003.webm"",""source_manifest"":""debug/site_weather_nov2019_storm_scout_001/scored_windows_manifest.csv"",""audit_page"":""debug/site_weather_nov2019_storm_scout_001/listen.html"",""audit_item"":7,""human_accept"":""unreviewed"",""human_weather_label"":""wind"",""human_intensity"":""heavy"",""human_pool_action"":""promote_backup"",""human_reject_reason"":""-"",""note"":""what you hear / why"",""promotion_policy_version"":""site_weather_nov2019_storm_scout_v0.1""}"
site_nov2019_storm001_site257_214876_002321_002351,acoustic_ai/layers/layer_b/attempts/murphy__smoke_1__curated_assets/data/weather/site_nov2019_storm_scout_001/wind_primary/wind_primary__wind__site257_214876_002321_002351.wav,site,257,214876,2321.0,2351.0,30.0,site257_214876,site257_214876_002321_002351,9,22050,1,wind,false,true,false,none,medium,none,false,wind_primary,backup,site_backup_pool,site_policy_v04_human_audited,site_ready,wind,nov2019 storm scout001: promote_backup; what you hear / why,0.382023,0.430021,0.506946,storm,human_or_machine,0.196978,,,,,,-22.25,0.0,8.5e-05,site_ready;nov2019_storm_scout001;human_promoted,site_nov2019_storm_scout_001_manual_promote,"{""site_id"":""257"",""recording_id"":""214876"",""source_s3_uri"":""s3://eco-acoustic-data.store.adelaideuni.cloud/dataset/original/site_257_bowra-dry-a/downloaded_clips/site_257_item_214876/site_257_item_214876_clip_008.webm"",""source_manifest"":""debug/site_weather_nov2019_storm_scout_001/scored_windows_manifest.csv"",""audit_page"":""debug/site_weather_nov2019_storm_scout_001/listen.html"",""audit_item"":9,""human_accept"":""unreviewed"",""human_weather_label"":""wind"",""human_intensity"":""medium"",""human_pool_action"":""promote_backup"",""human_reject_reason"":""-"",""note"":""what you hear / why"",""promotion_policy_version"":""site_weather_nov2019_storm_scout_v0.1""}"
site_nov2019_storm001_site257_214717_000138_000168,acoustic_ai/layers/layer_b/attempts/murphy__smoke_1__curated_assets/data/weather/site_nov2019_storm_scout_001/wind_primary/wind_primary__wind__site257_214717_000138_000168.wav,site,257,214717,138.0,168.0,30.0,site257_214717,site257_214717_000138_000168,10,22050,1,wind,false,true,false,none,medium,none,false,wind_primary,backup,site_backup_pool,site_policy_v04_human_audited,site_ready,wind,nov2019 storm scout001: promote_backup; what you hear / why,0.401997,0.49657,0.457125,storm,human_or_machine,0.255315,,,,,,-24.686,0.0,4.1e-05,site_ready;nov2019_storm_scout001;human_promoted,site_nov2019_storm_scout_001_manual_promote,"{""site_id"":""257"",""recording_id"":""214717"",""source_s3_uri"":""s3://eco-acoustic-data.store.adelaideuni.cloud/dataset/original/site_257_bowra-dry-a/downloaded_clips/site_257_item_214717/site_257_item_214717_clip_001.webm"",""source_manifest"":""debug/site_weather_nov2019_storm_scout_001/scored_windows_manifest.csv"",""audit_page"":""debug/site_weather_nov2019_storm_scout_001/listen.html"",""audit_item"":10,""human_accept"":""unreviewed"",""human_weather_label"":""wind"",""human_intensity"":""medium"",""human_pool_action"":""promote_backup"",""human_reject_reason"":""-"",""note"":""what you hear / why"",""promotion_policy_version"":""site_weather_nov2019_storm_scout_v0.1""}"
site_nov2019_storm001_site257_214872_001700_001730,acoustic_ai/layers/layer_b/attempts/murphy__smoke_1__curated_assets/data/weather/site_nov2019_storm_scout_001/thunder_backup/thunder_backup__thunder__site257_214872_001700_001730.wav,site,257,214872,1700.0,1730.0,30.0,site257_214872,site257_214872_001700_001730,12,22050,1,thunder,false,false,true,none,none,heavy,false,thunder_primary,backup,site_backup_pool,site_policy_v04_human_audited,maybe;human_maybe_review,thunder,nov2019 storm scout001: promote_backup; maybe? uncertain thunder,0.359455,0.409294,0.523259,thunder,human_or_machine,0.15019,,,,,,-17.652,0.0,0.000258,site_ready;nov2019_storm_scout001;human_promoted;human_maybe_review,site_nov2019_storm_scout_001_manual_promote,"{""site_id"":""257"",""recording_id"":""214872"",""source_s3_uri"":""s3://eco-acoustic-data.store.adelaideuni.cloud/dataset/original/site_257_bowra-dry-a/downloaded_clips/site_257_item_214872/site_257_item_214872_clip_006.webm"",""source_manifest"":""debug/site_weather_nov2019_storm_scout_001/scored_windows_manifest.csv"",""audit_page"":""debug/site_weather_nov2019_storm_scout_001/listen.html"",""audit_item"":12,""human_accept"":""maybe"",""human_weather_label"":""thunder"",""human_intensity"":""heavy"",""human_pool_action"":""promote_backup"",""human_reject_reason"":""-"",""note"":""maybe? uncertain thunder"",""promotion_policy_version"":""site_weather_nov2019_storm_scout_v0.1""}"
site_nov2019_storm001_site257_214717_005213_005243,acoustic_ai/layers/layer_b/attempts/murphy__smoke_1__curated_assets/data/weather/site_nov2019_storm_scout_001/wind_primary/wind_primary__wind__site257_214717_005213_005243.wav,site,257,214717,5213.0,5243.0,30.0,site257_214717,site257_214717_005213_005243,13,22050,1,wind,false,true,false,none,heavy,none,false,wind_primary,backup,site_backup_pool,site_policy_v04_human_audited,site_ready,wind,nov2019 storm scout001: promote_backup; what you hear / why,0.421784,0.449777,0.441723,storm,human_or_machine,0.206831,,,,,,-20.273,0.0,0.000111,site_ready;nov2019_storm_scout001;human_promoted,site_nov2019_storm_scout_001_manual_promote,"{""site_id"":""257"",""recording_id"":""214717"",""source_s3_uri"":""s3://eco-acoustic-data.store.adelaideuni.cloud/dataset/original/site_257_bowra-dry-a/downloaded_clips/site_257_item_214717/site_257_item_214717_clip_018.webm"",""source_manifest"":""debug/site_weather_nov2019_storm_scout_001/scored_windows_manifest.csv"",""audit_page"":""debug/site_weather_nov2019_storm_scout_001/listen.html"",""audit_item"":13,""human_accept"":""unreviewed"",""human_weather_label"":""wind"",""human_intensity"":""heavy"",""human_pool_action"":""promote_backup"",""human_reject_reason"":""-"",""note"":""what you hear / why"",""promotion_policy_version"":""site_weather_nov2019_storm_scout_v0.1""}"
site_nov2019_storm001_site257_214707_000781_000811,acoustic_ai/layers/layer_b/attempts/murphy__smoke_1__curated_assets/data/weather/site_nov2019_storm_scout_001/thunder_backup/thunder_backup__thunder__site257_214707_000781_000811.wav,site,257,214707,781.0,811.0,30.0,site257_214707,site257_214707_000781_000811,17,22050,1,thunder,false,false,true,none,none,medium,false,thunder_primary,backup,site_backup_pool,site_policy_v04_human_audited,maybe;human_maybe_review,thunder,nov2019 storm scout001: promote_backup; maybe? uncertain thunder,0.359109,0.457926,0.473165,storm,human_or_machine,0.210738,,,,,,-20.629,-0.0,4e-05,site_ready;nov2019_storm_scout001;human_promoted;human_maybe_review,site_nov2019_storm_scout_001_manual_promote,"{""site_id"":""257"",""recording_id"":""214707"",""source_s3_uri"":""s3://eco-acoustic-data.store.adelaideuni.cloud/dataset/original/site_257_bowra-dry-a/downloaded_clips/site_257_item_214707/site_257_item_214707_clip_003.webm"",""source_manifest"":""debug/site_weather_nov2019_storm_scout_001/scored_windows_manifest.csv"",""audit_page"":""debug/site_weather_nov2019_storm_scout_001/listen.html"",""audit_item"":17,""human_accept"":""maybe"",""human_weather_label"":""thunder"",""human_intensity"":""medium"",""human_pool_action"":""promote_backup"",""human_reject_reason"":""-"",""note"":""maybe? uncertain thunder"",""promotion_policy_version"":""site_weather_nov2019_storm_scout_v0.1""}"
