segment_id,hour_sin,hour_cos,month_sin,month_cos,season_spring,season_summer,season_autumn,season_winter,diel_dawn,diel_morning,diel_afternoon,diel_night
1313184_clip009_s000,1.0,0.0,0.866025,-0.5,0.0,0.0,1.0,0.0,1.0,0.0,0.0,0.0
1313184_clip017_s000,1.0,0.0,0.866025,-0.5,0.0,0.0,1.0,0.0,1.0,0.0,0.0,0.0
1313184_clip022_s000,1.0,0.0,0.866025,-0.5,0.0,0.0,1.0,0.0,1.0,0.0,0.0,0.0
1313190_clip004_s000,-0.5,-0.866025,0.866025,-0.5,0.0,0.0,1.0,0.0,0.0,0.0,1.0,0.0
1313190_clip007_s000,-0.5,-0.866025,0.866025,-0.5,0.0,0.0,1.0,0.0,0.0,0.0,1.0,0.0
1313190_clip014_s000,-0.5,-0.866025,0.866025,-0.5,0.0,0.0,1.0,0.0,0.0,0.0,1.0,0.0
1313190_clip014_s001,-0.5,-0.866025,0.866025,-0.5,0.0,0.0,1.0,0.0,0.0,0.0,1.0,0.0
1313190_clip019_s000,-0.5,-0.866025,0.866025,-0.5,0.0,0.0,1.0,0.0,0.0,0.0,1.0,0.0
1313190_clip020_s000,-0.5,-0.866025,0.866025,-0.5,0.0,0.0,1.0,0.0,0.0,0.0,1.0,0.0
1313284_clip002_s000,0.0,-1.0,0.5,-0.866025,0.0,0.0,1.0,0.0,0.0,0.0,1.0,0.0
1313284_clip011_s000,0.0,-1.0,0.5,-0.866025,0.0,0.0,1.0,0.0,0.0,0.0,1.0,0.0
1313284_clip014_s000,0.0,-1.0,0.5,-0.866025,0.0,0.0,1.0,0.0,0.0,0.0,1.0,0.0
1313284_clip014_s001,0.0,-1.0,0.5,-0.866025,0.0,0.0,1.0,0.0,0.0,0.0,1.0,0.0
1313285_clip004_s000,1.0,0.0,0.5,-0.866025,0.0,0.0,1.0,0.0,1.0,0.0,0.0,0.0
1313285_clip004_s001,1.0,0.0,0.5,-0.866025,0.0,0.0,1.0,0.0,1.0,0.0,0.0,0.0
1313285_clip004_s002,1.0,0.0,0.5,-0.866025,0.0,0.0,1.0,0.0,1.0,0.0,0.0,0.0
1313285_clip006_s000,1.0,0.0,0.5,-0.866025,0.0,0.0,1.0,0.0,1.0,0.0,0.0,0.0
1313286_clip001_s000,-0.5,0.866025,0.5,-0.866025,0.0,0.0,1.0,0.0,0.0,0.0,0.0,1.0
1313286_clip002_s000,-0.5,0.866025,0.5,-0.866025,0.0,0.0,1.0,0.0,0.0,0.0,0.0,1.0
1313286_clip002_s001,-0.5,0.866025,0.5,-0.866025,0.0,0.0,1.0,0.0,0.0,0.0,0.0,1.0
1313286_clip003_s000,-0.5,0.866025,0.5,-0.866025,0.0,0.0,1.0,0.0,0.0,0.0,0.0,1.0
1313286_clip003_s001,-0.5,0.866025,0.5,-0.866025,0.0,0.0,1.0,0.0,0.0,0.0,0.0,1.0
1313286_clip003_s002,-0.5,0.866025,0.5,-0.866025,0.0,0.0,1.0,0.0,0.0,0.0,0.0,1.0
1313286_clip003_s003,-0.5,0.866025,0.5,-0.866025,0.0,0.0,1.0,0.0,0.0,0.0,0.0,1.0
1313286_clip004_s000,-0.5,0.866025,0.5,-0.866025,0.0,0.0,1.0,0.0,0.0,0.0,0.0,1.0
1313286_clip004_s001,-0.5,0.866025,0.5,-0.866025,0.0,0.0,1.0,0.0,0.0,0.0,0.0,1.0
1313286_clip005_s000,-0.5,0.866025,0.5,-0.866025,0.0,0.0,1.0,0.0,0.0,0.0,0.0,1.0
1313286_clip007_s000,-0.5,0.866025,0.5,-0.866025,0.0,0.0,1.0,0.0,0.0,0.0,0.0,1.0
1313286_clip008_s000,-0.5,0.866025,0.5,-0.866025,0.0,0.0,1.0,0.0,0.0,0.0,0.0,1.0
1313286_clip009_s000,-0.5,0.866025,0.5,-0.866025,0.0,0.0,1.0,0.0,0.0,0.0,0.0,1.0
1313286_clip009_s001,-0.5,0.866025,0.5,-0.866025,0.0,0.0,1.0,0.0,0.0,0.0,0.0,1.0
1313286_clip009_s002,-0.5,0.866025,0.5,-0.866025,0.0,0.0,1.0,0.0,0.0,0.0,0.0,1.0
1313286_clip009_s003,-0.5,0.866025,0.5,-0.866025,0.0,0.0,1.0,0.0,0.0,0.0,0.0,1.0
1313286_clip011_s000,-0.5,0.866025,0.5,-0.866025,0.0,0.0,1.0,0.0,0.0,0.0,0.0,1.0
1313286_clip011_s001,-0.5,0.866025,0.5,-0.866025,0.0,0.0,1.0,0.0,0.0,0.0,0.0,1.0
1313286_clip011_s002,-0.5,0.866025,0.5,-0.866025,0.0,0.0,1.0,0.0,0.0,0.0,0.0,1.0
1313286_clip011_s003,-0.5,0.866025,0.5,-0.866025,0.0,0.0,1.0,0.0,0.0,0.0,0.0,1.0
1313286_clip012_s000,-0.5,0.866025,0.5,-0.866025,0.0,0.0,1.0,0.0,0.0,0.0,0.0,1.0
1313286_clip013_s000,-0.5,0.866025,0.5,-0.866025,0.0,0.0,1.0,0.0,0.0,0.0,0.0,1.0
1313286_clip014_s000,-0.5,0.866025,0.5,-0.866025,0.0,0.0,1.0,0.0,0.0,0.0,0.0,1.0
1313286_clip015_s000,-0.5,0.866025,0.5,-0.866025,0.0,0.0,1.0,0.0,0.0,0.0,0.0,1.0
1313286_clip016_s000,-0.5,0.866025,0.5,-0.866025,0.0,0.0,1.0,0.0,0.0,0.0,0.0,1.0
1313286_clip016_s001,-0.5,0.866025,0.5,-0.866025,0.0,0.0,1.0,0.0,0.0,0.0,0.0,1.0
1313286_clip017_s000,-0.5,0.866025,0.5,-0.866025,0.0,0.0,1.0,0.0,0.0,0.0,0.0,1.0
1313286_clip017_s001,-0.5,0.866025,0.5,-0.866025,0.0,0.0,1.0,0.0,0.0,0.0,0.0,1.0
1313384_clip001_s000,1.0,0.0,0.866025,-0.5,0.0,0.0,1.0,0.0,1.0,0.0,0.0,0.0
1313384_clip003_s000,1.0,0.0,0.866025,-0.5,0.0,0.0,1.0,0.0,1.0,0.0,0.0,0.0
1313384_clip003_s001,1.0,0.0,0.866025,-0.5,0.0,0.0,1.0,0.0,1.0,0.0,0.0,0.0
1313384_clip005_s000,1.0,0.0,0.866025,-0.5,0.0,0.0,1.0,0.0,1.0,0.0,0.0,0.0
1313384_clip005_s001,1.0,0.0,0.866025,-0.5,0.0,0.0,1.0,0.0,1.0,0.0,0.0,0.0
1313384_clip006_s000,1.0,0.0,0.866025,-0.5,0.0,0.0,1.0,0.0,1.0,0.0,0.0,0.0
1313384_clip006_s001,1.0,0.0,0.866025,-0.5,0.0,0.0,1.0,0.0,1.0,0.0,0.0,0.0
1313384_clip006_s002,1.0,0.0,0.866025,-0.5,0.0,0.0,1.0,0.0,1.0,0.0,0.0,0.0
1313390_clip001_s000,-0.258819,0.965926,0.866025,-0.5,0.0,0.0,1.0,0.0,0.0,0.0,0.0,1.0
1313390_clip001_s001,-0.258819,0.965926,0.866025,-0.5,0.0,0.0,1.0,0.0,0.0,0.0,0.0,1.0
1313390_clip001_s002,-0.258819,0.965926,0.866025,-0.5,0.0,0.0,1.0,0.0,0.0,0.0,0.0,1.0
1313390_clip002_s000,-0.258819,0.965926,0.866025,-0.5,0.0,0.0,1.0,0.0,0.0,0.0,0.0,1.0
1313390_clip003_s000,-0.258819,0.965926,0.866025,-0.5,0.0,0.0,1.0,0.0,0.0,0.0,0.0,1.0
1313390_clip005_s000,-0.258819,0.965926,0.866025,-0.5,0.0,0.0,1.0,0.0,0.0,0.0,0.0,1.0
1313390_clip006_s000,-0.258819,0.965926,0.866025,-0.5,0.0,0.0,1.0,0.0,0.0,0.0,0.0,1.0
1313390_clip006_s001,-0.258819,0.965926,0.866025,-0.5,0.0,0.0,1.0,0.0,0.0,0.0,0.0,1.0
1313390_clip007_s000,-0.258819,0.965926,0.866025,-0.5,0.0,0.0,1.0,0.0,0.0,0.0,0.0,1.0
1313390_clip008_s000,-0.258819,0.965926,0.866025,-0.5,0.0,0.0,1.0,0.0,0.0,0.0,0.0,1.0
1313390_clip008_s001,-0.258819,0.965926,0.866025,-0.5,0.0,0.0,1.0,0.0,0.0,0.0,0.0,1.0
1313390_clip008_s002,-0.258819,0.965926,0.866025,-0.5,0.0,0.0,1.0,0.0,0.0,0.0,0.0,1.0
1313390_clip008_s003,-0.258819,0.965926,0.866025,-0.5,0.0,0.0,1.0,0.0,0.0,0.0,0.0,1.0
1313390_clip008_s004,-0.258819,0.965926,0.866025,-0.5,0.0,0.0,1.0,0.0,0.0,0.0,0.0,1.0
1313390_clip009_s000,-0.258819,0.965926,0.866025,-0.5,0.0,0.0,1.0,0.0,0.0,0.0,0.0,1.0
1313390_clip009_s001,-0.258819,0.965926,0.866025,-0.5,0.0,0.0,1.0,0.0,0.0,0.0,0.0,1.0
1313390_clip009_s002,-0.258819,0.965926,0.866025,-0.5,0.0,0.0,1.0,0.0,0.0,0.0,0.0,1.0
1313390_clip010_s000,-0.258819,0.965926,0.866025,-0.5,0.0,0.0,1.0,0.0,0.0,0.0,0.0,1.0
1313390_clip010_s001,-0.258819,0.965926,0.866025,-0.5,0.0,0.0,1.0,0.0,0.0,0.0,0.0,1.0
1313390_clip011_s000,-0.258819,0.965926,0.866025,-0.5,0.0,0.0,1.0,0.0,0.0,0.0,0.0,1.0
1313390_clip011_s001,-0.258819,0.965926,0.866025,-0.5,0.0,0.0,1.0,0.0,0.0,0.0,0.0,1.0
1313390_clip011_s002,-0.258819,0.965926,0.866025,-0.5,0.0,0.0,1.0,0.0,0.0,0.0,0.0,1.0
1313390_clip011_s003,-0.258819,0.965926,0.866025,-0.5,0.0,0.0,1.0,0.0,0.0,0.0,0.0,1.0
1313390_clip011_s004,-0.258819,0.965926,0.866025,-0.5,0.0,0.0,1.0,0.0,0.0,0.0,0.0,1.0
1313390_clip012_s000,-0.258819,0.965926,0.866025,-0.5,0.0,0.0,1.0,0.0,0.0,0.0,0.0,1.0
1313392_clip007_s000,-0.5,-0.866025,0.866025,-0.5,0.0,0.0,1.0,0.0,0.0,0.0,1.0,0.0
1313392_clip011_s000,-0.5,-0.866025,0.866025,-0.5,0.0,0.0,1.0,0.0,0.0,0.0,1.0,0.0
1313392_clip011_s001,-0.5,-0.866025,0.866025,-0.5,0.0,0.0,1.0,0.0,0.0,0.0,1.0,0.0
1313392_clip022_s000,-0.5,-0.866025,0.866025,-0.5,0.0,0.0,1.0,0.0,0.0,0.0,1.0,0.0
1313392_clip022_s001,-0.5,-0.866025,0.866025,-0.5,0.0,0.0,1.0,0.0,0.0,0.0,1.0,0.0
1313480_clip001_s000,-0.5,-0.866025,0.5,-0.866025,0.0,0.0,1.0,0.0,0.0,0.0,1.0,0.0
1313480_clip001_s001,-0.5,-0.866025,0.5,-0.866025,0.0,0.0,1.0,0.0,0.0,0.0,1.0,0.0
1313480_clip002_s000,-0.5,-0.866025,0.5,-0.866025,0.0,0.0,1.0,0.0,0.0,0.0,1.0,0.0
1313480_clip004_s000,-0.5,-0.866025,0.5,-0.866025,0.0,0.0,1.0,0.0,0.0,0.0,1.0,0.0
1313480_clip005_s000,-0.5,-0.866025,0.5,-0.866025,0.0,0.0,1.0,0.0,0.0,0.0,1.0,0.0
1313480_clip005_s001,-0.5,-0.866025,0.5,-0.866025,0.0,0.0,1.0,0.0,0.0,0.0,1.0,0.0
1313480_clip006_s000,-0.5,-0.866025,0.5,-0.866025,0.0,0.0,1.0,0.0,0.0,0.0,1.0,0.0
1313480_clip006_s001,-0.5,-0.866025,0.5,-0.866025,0.0,0.0,1.0,0.0,0.0,0.0,1.0,0.0
1313480_clip006_s002,-0.5,-0.866025,0.5,-0.866025,0.0,0.0,1.0,0.0,0.0,0.0,1.0,0.0
1313480_clip008_s000,-0.5,-0.866025,0.5,-0.866025,0.0,0.0,1.0,0.0,0.0,0.0,1.0,0.0
1313480_clip009_s000,-0.5,-0.866025,0.5,-0.866025,0.0,0.0,1.0,0.0,0.0,0.0,1.0,0.0
1313480_clip009_s001,-0.5,-0.866025,0.5,-0.866025,0.0,0.0,1.0,0.0,0.0,0.0,1.0,0.0
1313480_clip009_s002,-0.5,-0.866025,0.5,-0.866025,0.0,0.0,1.0,0.0,0.0,0.0,1.0,0.0
1313480_clip013_s000,-0.5,-0.866025,0.5,-0.866025,0.0,0.0,1.0,0.0,0.0,0.0,1.0,0.0
1313480_clip013_s001,-0.5,-0.866025,0.5,-0.866025,0.0,0.0,1.0,0.0,0.0,0.0,1.0,0.0
1313480_clip013_s002,-0.5,-0.866025,0.5,-0.866025,0.0,0.0,1.0,0.0,0.0,0.0,1.0,0.0
1313480_clip015_s000,-0.5,-0.866025,0.5,-0.866025,0.0,0.0,1.0,0.0,0.0,0.0,1.0,0.0
1313480_clip015_s001,-0.5,-0.866025,0.5,-0.866025,0.0,0.0,1.0,0.0,0.0,0.0,1.0,0.0
1313480_clip015_s002,-0.5,-0.866025,0.5,-0.866025,0.0,0.0,1.0,0.0,0.0,0.0,1.0,0.0
1313480_clip015_s003,-0.5,-0.866025,0.5,-0.866025,0.0,0.0,1.0,0.0,0.0,0.0,1.0,0.0
1313480_clip015_s004,-0.5,-0.866025,0.5,-0.866025,0.0,0.0,1.0,0.0,0.0,0.0,1.0,0.0
1313480_clip017_s000,-0.5,-0.866025,0.5,-0.866025,0.0,0.0,1.0,0.0,0.0,0.0,1.0,0.0
1313480_clip017_s001,-0.5,-0.866025,0.5,-0.866025,0.0,0.0,1.0,0.0,0.0,0.0,1.0,0.0
1313480_clip018_s000,-0.5,-0.866025,0.5,-0.866025,0.0,0.0,1.0,0.0,0.0,0.0,1.0,0.0
1313480_clip018_s001,-0.5,-0.866025,0.5,-0.866025,0.0,0.0,1.0,0.0,0.0,0.0,1.0,0.0
1313480_clip018_s002,-0.5,-0.866025,0.5,-0.866025,0.0,0.0,1.0,0.0,0.0,0.0,1.0,0.0
1313480_clip018_s003,-0.5,-0.866025,0.5,-0.866025,0.0,0.0,1.0,0.0,0.0,0.0,1.0,0.0
1313480_clip019_s000,-0.5,-0.866025,0.5,-0.866025,0.0,0.0,1.0,0.0,0.0,0.0,1.0,0.0
1313480_clip019_s001,-0.5,-0.866025,0.5,-0.866025,0.0,0.0,1.0,0.0,0.0,0.0,1.0,0.0
1313480_clip020_s000,-0.5,-0.866025,0.5,-0.866025,0.0,0.0,1.0,0.0,0.0,0.0,1.0,0.0
1313480_clip020_s001,-0.5,-0.866025,0.5,-0.866025,0.0,0.0,1.0,0.0,0.0,0.0,1.0,0.0
1313480_clip023_s000,-0.5,-0.866025,0.5,-0.866025,0.0,0.0,1.0,0.0,0.0,0.0,1.0,0.0
1313480_clip024_s000,-0.5,-0.866025,0.5,-0.866025,0.0,0.0,1.0,0.0,0.0,0.0,1.0,0.0
1313484_clip001_s000,0.965926,0.258819,0.5,-0.866025,0.0,0.0,1.0,0.0,1.0,0.0,0.0,0.0
1313484_clip003_s000,0.965926,0.258819,0.5,-0.866025,0.0,0.0,1.0,0.0,1.0,0.0,0.0,0.0
1313484_clip003_s001,0.965926,0.258819,0.5,-0.866025,0.0,0.0,1.0,0.0,1.0,0.0,0.0,0.0
1313484_clip003_s002,0.965926,0.258819,0.5,-0.866025,0.0,0.0,1.0,0.0,1.0,0.0,0.0,0.0
1313484_clip004_s000,0.965926,0.258819,0.5,-0.866025,0.0,0.0,1.0,0.0,1.0,0.0,0.0,0.0
1313484_clip004_s001,0.965926,0.258819,0.5,-0.866025,0.0,0.0,1.0,0.0,1.0,0.0,0.0,0.0
1313484_clip005_s000,0.965926,0.258819,0.5,-0.866025,0.0,0.0,1.0,0.0,1.0,0.0,0.0,0.0
1313484_clip006_s000,0.965926,0.258819,0.5,-0.866025,0.0,0.0,1.0,0.0,1.0,0.0,0.0,0.0
1313484_clip006_s001,0.965926,0.258819,0.5,-0.866025,0.0,0.0,1.0,0.0,1.0,0.0,0.0,0.0
1313484_clip006_s002,0.965926,0.258819,0.5,-0.866025,0.0,0.0,1.0,0.0,1.0,0.0,0.0,0.0
1313484_clip007_s000,0.965926,0.258819,0.5,-0.866025,0.0,0.0,1.0,0.0,1.0,0.0,0.0,0.0
1313667_clip001_s000,-0.5,0.866025,0.866025,-0.5,0.0,0.0,1.0,0.0,0.0,0.0,0.0,1.0
1313667_clip002_s000,-0.5,0.866025,0.866025,-0.5,0.0,0.0,1.0,0.0,0.0,0.0,0.0,1.0
1313667_clip005_s000,-0.5,0.866025,0.866025,-0.5,0.0,0.0,1.0,0.0,0.0,0.0,0.0,1.0
1313667_clip009_s000,-0.5,0.866025,0.866025,-0.5,0.0,0.0,1.0,0.0,0.0,0.0,0.0,1.0
1313667_clip009_s001,-0.5,0.866025,0.866025,-0.5,0.0,0.0,1.0,0.0,0.0,0.0,0.0,1.0
1313667_clip011_s000,-0.5,0.866025,0.866025,-0.5,0.0,0.0,1.0,0.0,0.0,0.0,0.0,1.0
1313667_clip012_s000,-0.5,0.866025,0.866025,-0.5,0.0,0.0,1.0,0.0,0.0,0.0,0.0,1.0
1313667_clip013_s000,-0.5,0.866025,0.866025,-0.5,0.0,0.0,1.0,0.0,0.0,0.0,0.0,1.0
1313667_clip015_s000,-0.5,0.866025,0.866025,-0.5,0.0,0.0,1.0,0.0,0.0,0.0,0.0,1.0
1313667_clip018_s000,-0.5,0.866025,0.866025,-0.5,0.0,0.0,1.0,0.0,0.0,0.0,0.0,1.0
1313667_clip018_s001,-0.5,0.866025,0.866025,-0.5,0.0,0.0,1.0,0.0,0.0,0.0,0.0,1.0
1313667_clip024_s000,-0.5,0.866025,0.866025,-0.5,0.0,0.0,1.0,0.0,0.0,0.0,0.0,1.0
1313802_clip001_s000,1.0,0.0,0.0,-1.0,0.0,0.0,0.0,1.0,1.0,0.0,0.0,0.0
1313802_clip001_s001,1.0,0.0,0.0,-1.0,0.0,0.0,0.0,1.0,1.0,0.0,0.0,0.0
1313802_clip001_s002,1.0,0.0,0.0,-1.0,0.0,0.0,0.0,1.0,1.0,0.0,0.0,0.0
1313802_clip002_s000,1.0,0.0,0.0,-1.0,0.0,0.0,0.0,1.0,1.0,0.0,0.0,0.0
1313802_clip002_s001,1.0,0.0,0.0,-1.0,0.0,0.0,0.0,1.0,1.0,0.0,0.0,0.0
1313802_clip003_s000,1.0,0.0,0.0,-1.0,0.0,0.0,0.0,1.0,1.0,0.0,0.0,0.0
1313802_clip003_s001,1.0,0.0,0.0,-1.0,0.0,0.0,0.0,1.0,1.0,0.0,0.0,0.0
1313802_clip004_s000,1.0,0.0,0.0,-1.0,0.0,0.0,0.0,1.0,1.0,0.0,0.0,0.0
1313802_clip004_s001,1.0,0.0,0.0,-1.0,0.0,0.0,0.0,1.0,1.0,0.0,0.0,0.0
1313802_clip005_s000,1.0,0.0,0.0,-1.0,0.0,0.0,0.0,1.0,1.0,0.0,0.0,0.0
1313802_clip007_s000,1.0,0.0,0.0,-1.0,0.0,0.0,0.0,1.0,1.0,0.0,0.0,0.0
1313802_clip007_s001,1.0,0.0,0.0,-1.0,0.0,0.0,0.0,1.0,1.0,0.0,0.0,0.0
1313802_clip009_s000,1.0,0.0,0.0,-1.0,0.0,0.0,0.0,1.0,1.0,0.0,0.0,0.0
1313802_clip024_s000,1.0,0.0,0.0,-1.0,0.0,0.0,0.0,1.0,1.0,0.0,0.0,0.0
1313804_clip002_s000,-0.5,-0.866025,0.0,-1.0,0.0,0.0,0.0,1.0,0.0,0.0,1.0,0.0
1313804_clip005_s000,-0.5,-0.866025,0.0,-1.0,0.0,0.0,0.0,1.0,0.0,0.0,1.0,0.0
1313804_clip006_s000,-0.5,-0.866025,0.0,-1.0,0.0,0.0,0.0,1.0,0.0,0.0,1.0,0.0
1313804_clip008_s000,-0.5,-0.866025,0.0,-1.0,0.0,0.0,0.0,1.0,0.0,0.0,1.0,0.0
1313804_clip008_s001,-0.5,-0.866025,0.0,-1.0,0.0,0.0,0.0,1.0,0.0,0.0,1.0,0.0
1313804_clip008_s002,-0.5,-0.866025,0.0,-1.0,0.0,0.0,0.0,1.0,0.0,0.0,1.0,0.0
1313804_clip008_s003,-0.5,-0.866025,0.0,-1.0,0.0,0.0,0.0,1.0,0.0,0.0,1.0,0.0
1313804_clip009_s000,-0.5,-0.866025,0.0,-1.0,0.0,0.0,0.0,1.0,0.0,0.0,1.0,0.0
1313804_clip010_s000,-0.5,-0.866025,0.0,-1.0,0.0,0.0,0.0,1.0,0.0,0.0,1.0,0.0
1313804_clip011_s000,-0.5,-0.866025,0.0,-1.0,0.0,0.0,0.0,1.0,0.0,0.0,1.0,0.0
1313804_clip017_s000,-0.5,-0.866025,0.0,-1.0,0.0,0.0,0.0,1.0,0.0,0.0,1.0,0.0
1313804_clip017_s001,-0.5,-0.866025,0.0,-1.0,0.0,0.0,0.0,1.0,0.0,0.0,1.0,0.0
1313804_clip020_s000,-0.5,-0.866025,0.0,-1.0,0.0,0.0,0.0,1.0,0.0,0.0,1.0,0.0
1313809_clip017_s000,-0.5,0.866025,0.0,-1.0,0.0,0.0,0.0,1.0,0.0,0.0,0.0,1.0
1313809_clip021_s000,-0.5,0.866025,0.0,-1.0,0.0,0.0,0.0,1.0,0.0,0.0,0.0,1.0
1313809_clip022_s000,-0.5,0.866025,0.0,-1.0,0.0,0.0,0.0,1.0,0.0,0.0,0.0,1.0
1313809_clip022_s001,-0.5,0.866025,0.0,-1.0,0.0,0.0,0.0,1.0,0.0,0.0,0.0,1.0
1313809_clip022_s002,-0.5,0.866025,0.0,-1.0,0.0,0.0,0.0,1.0,0.0,0.0,0.0,1.0
1313828_clip001_s000,1.0,0.0,0.0,-1.0,0.0,0.0,0.0,1.0,1.0,0.0,0.0,0.0
1313828_clip001_s001,1.0,0.0,0.0,-1.0,0.0,0.0,0.0,1.0,1.0,0.0,0.0,0.0
1313828_clip002_s000,1.0,0.0,0.0,-1.0,0.0,0.0,0.0,1.0,1.0,0.0,0.0,0.0
1313828_clip002_s001,1.0,0.0,0.0,-1.0,0.0,0.0,0.0,1.0,1.0,0.0,0.0,0.0
1313828_clip004_s000,1.0,0.0,0.0,-1.0,0.0,0.0,0.0,1.0,1.0,0.0,0.0,0.0
1313828_clip006_s000,1.0,0.0,0.0,-1.0,0.0,0.0,0.0,1.0,1.0,0.0,0.0,0.0
1313828_clip007_s000,1.0,0.0,0.0,-1.0,0.0,0.0,0.0,1.0,1.0,0.0,0.0,0.0
1313828_clip007_s001,1.0,0.0,0.0,-1.0,0.0,0.0,0.0,1.0,1.0,0.0,0.0,0.0
1313828_clip008_s000,1.0,0.0,0.0,-1.0,0.0,0.0,0.0,1.0,1.0,0.0,0.0,0.0
1313828_clip008_s001,1.0,0.0,0.0,-1.0,0.0,0.0,0.0,1.0,1.0,0.0,0.0,0.0
1313828_clip011_s000,1.0,0.0,0.0,-1.0,0.0,0.0,0.0,1.0,1.0,0.0,0.0,0.0
1313828_clip012_s000,1.0,0.0,0.0,-1.0,0.0,0.0,0.0,1.0,1.0,0.0,0.0,0.0
1313828_clip012_s001,1.0,0.0,0.0,-1.0,0.0,0.0,0.0,1.0,1.0,0.0,0.0,0.0
1313828_clip013_s000,1.0,0.0,0.0,-1.0,0.0,0.0,0.0,1.0,1.0,0.0,0.0,0.0
1313828_clip013_s001,1.0,0.0,0.0,-1.0,0.0,0.0,0.0,1.0,1.0,0.0,0.0,0.0
1313828_clip014_s000,1.0,0.0,0.0,-1.0,0.0,0.0,0.0,1.0,1.0,0.0,0.0,0.0
1313828_clip015_s000,1.0,0.0,0.0,-1.0,0.0,0.0,0.0,1.0,1.0,0.0,0.0,0.0
1313828_clip016_s000,1.0,0.0,0.0,-1.0,0.0,0.0,0.0,1.0,1.0,0.0,0.0,0.0
1313828_clip020_s000,1.0,0.0,0.0,-1.0,0.0,0.0,0.0,1.0,1.0,0.0,0.0,0.0
1313828_clip021_s000,1.0,0.0,0.0,-1.0,0.0,0.0,0.0,1.0,1.0,0.0,0.0,0.0
1313828_clip021_s001,1.0,0.0,0.0,-1.0,0.0,0.0,0.0,1.0,1.0,0.0,0.0,0.0
1313831_clip011_s000,0.0,-1.0,0.0,-1.0,0.0,0.0,0.0,1.0,0.0,0.0,1.0,0.0
1313831_clip014_s000,0.0,-1.0,0.0,-1.0,0.0,0.0,0.0,1.0,0.0,0.0,1.0,0.0
1313831_clip014_s001,0.0,-1.0,0.0,-1.0,0.0,0.0,0.0,1.0,0.0,0.0,1.0,0.0
1313831_clip014_s002,0.0,-1.0,0.0,-1.0,0.0,0.0,0.0,1.0,0.0,0.0,1.0,0.0
1313831_clip015_s000,0.0,-1.0,0.0,-1.0,0.0,0.0,0.0,1.0,0.0,0.0,1.0,0.0
1313831_clip016_s000,0.0,-1.0,0.0,-1.0,0.0,0.0,0.0,1.0,0.0,0.0,1.0,0.0
1313831_clip016_s001,0.0,-1.0,0.0,-1.0,0.0,0.0,0.0,1.0,0.0,0.0,1.0,0.0
1313831_clip017_s000,0.0,-1.0,0.0,-1.0,0.0,0.0,0.0,1.0,0.0,0.0,1.0,0.0
1313831_clip019_s000,0.0,-1.0,0.0,-1.0,0.0,0.0,0.0,1.0,0.0,0.0,1.0,0.0
1313831_clip019_s001,0.0,-1.0,0.0,-1.0,0.0,0.0,0.0,1.0,0.0,0.0,1.0,0.0
1313831_clip019_s002,0.0,-1.0,0.0,-1.0,0.0,0.0,0.0,1.0,0.0,0.0,1.0,0.0
1313831_clip020_s000,0.0,-1.0,0.0,-1.0,0.0,0.0,0.0,1.0,0.0,0.0,1.0,0.0
1313831_clip023_s000,0.0,-1.0,0.0,-1.0,0.0,0.0,0.0,1.0,0.0,0.0,1.0,0.0
1313833_clip003_s000,-0.5,0.866025,0.0,-1.0,0.0,0.0,0.0,1.0,0.0,0.0,0.0,1.0
1313833_clip009_s000,-0.5,0.866025,0.0,-1.0,0.0,0.0,0.0,1.0,0.0,0.0,0.0,1.0
1313833_clip014_s000,-0.5,0.866025,0.0,-1.0,0.0,0.0,0.0,1.0,0.0,0.0,0.0,1.0
1313833_clip017_s000,-0.5,0.866025,0.0,-1.0,0.0,0.0,0.0,1.0,0.0,0.0,0.0,1.0
1313833_clip018_s000,-0.5,0.866025,0.0,-1.0,0.0,0.0,0.0,1.0,0.0,0.0,0.0,1.0
1313833_clip019_s000,-0.5,0.866025,0.0,-1.0,0.0,0.0,0.0,1.0,0.0,0.0,0.0,1.0
1313833_clip022_s000,-0.5,0.866025,0.0,-1.0,0.0,0.0,0.0,1.0,0.0,0.0,0.0,1.0
1314116_clip001_s000,1.0,0.0,-0.5,-0.866025,0.0,0.0,0.0,1.0,1.0,0.0,0.0,0.0
1314116_clip003_s000,1.0,0.0,-0.5,-0.866025,0.0,0.0,0.0,1.0,1.0,0.0,0.0,0.0
1314116_clip005_s000,1.0,0.0,-0.5,-0.866025,0.0,0.0,0.0,1.0,1.0,0.0,0.0,0.0
1314116_clip005_s001,1.0,0.0,-0.5,-0.866025,0.0,0.0,0.0,1.0,1.0,0.0,0.0,0.0
1314118_clip012_s000,0.866025,-0.5,-0.5,-0.866025,0.0,0.0,0.0,1.0,0.0,1.0,0.0,0.0
1314130_clip002_s000,-0.5,0.866025,-0.5,-0.866025,0.0,0.0,0.0,1.0,0.0,0.0,0.0,1.0
1314130_clip003_s000,-0.5,0.866025,-0.5,-0.866025,0.0,0.0,0.0,1.0,0.0,0.0,0.0,1.0
1314130_clip017_s000,-0.5,0.866025,-0.5,-0.866025,0.0,0.0,0.0,1.0,0.0,0.0,0.0,1.0
1314130_clip018_s000,-0.5,0.866025,-0.5,-0.866025,0.0,0.0,0.0,1.0,0.0,0.0,0.0,1.0
1314130_clip019_s000,-0.5,0.866025,-0.5,-0.866025,0.0,0.0,0.0,1.0,0.0,0.0,0.0,1.0
1314130_clip021_s000,-0.5,0.866025,-0.5,-0.866025,0.0,0.0,0.0,1.0,0.0,0.0,0.0,1.0
1399601_clip001_s000,1.0,0.0,-1.0,-0.0,1.0,0.0,0.0,0.0,1.0,0.0,0.0,0.0
1399601_clip008_s000,1.0,0.0,-1.0,-0.0,1.0,0.0,0.0,0.0,1.0,0.0,0.0,0.0
1399606_clip014_s000,0.866025,-0.5,-1.0,-0.0,1.0,0.0,0.0,0.0,0.0,1.0,0.0,0.0
1399606_clip014_s001,0.866025,-0.5,-1.0,-0.0,1.0,0.0,0.0,0.0,0.0,1.0,0.0,0.0
1399606_clip022_s000,0.866025,-0.5,-1.0,-0.0,1.0,0.0,0.0,0.0,0.0,1.0,0.0,0.0
1399626_clip001_s000,-0.5,0.866025,-1.0,-0.0,1.0,0.0,0.0,0.0,0.0,0.0,0.0,1.0
1399626_clip002_s000,-0.5,0.866025,-1.0,-0.0,1.0,0.0,0.0,0.0,0.0,0.0,0.0,1.0
1399626_clip002_s001,-0.5,0.866025,-1.0,-0.0,1.0,0.0,0.0,0.0,0.0,0.0,0.0,1.0
1399626_clip002_s002,-0.5,0.866025,-1.0,-0.0,1.0,0.0,0.0,0.0,0.0,0.0,0.0,1.0
1399626_clip003_s000,-0.5,0.866025,-1.0,-0.0,1.0,0.0,0.0,0.0,0.0,0.0,0.0,1.0
1399626_clip003_s001,-0.5,0.866025,-1.0,-0.0,1.0,0.0,0.0,0.0,0.0,0.0,0.0,1.0
1399626_clip003_s002,-0.5,0.866025,-1.0,-0.0,1.0,0.0,0.0,0.0,0.0,0.0,0.0,1.0
1399626_clip003_s003,-0.5,0.866025,-1.0,-0.0,1.0,0.0,0.0,0.0,0.0,0.0,0.0,1.0
1399626_clip003_s004,-0.5,0.866025,-1.0,-0.0,1.0,0.0,0.0,0.0,0.0,0.0,0.0,1.0
1399626_clip004_s000,-0.5,0.866025,-1.0,-0.0,1.0,0.0,0.0,0.0,0.0,0.0,0.0,1.0
1399626_clip004_s001,-0.5,0.866025,-1.0,-0.0,1.0,0.0,0.0,0.0,0.0,0.0,0.0,1.0
1399626_clip004_s002,-0.5,0.866025,-1.0,-0.0,1.0,0.0,0.0,0.0,0.0,0.0,0.0,1.0
1399626_clip005_s000,-0.5,0.866025,-1.0,-0.0,1.0,0.0,0.0,0.0,0.0,0.0,0.0,1.0
1399626_clip007_s000,-0.5,0.866025,-1.0,-0.0,1.0,0.0,0.0,0.0,0.0,0.0,0.0,1.0
1399626_clip007_s001,-0.5,0.866025,-1.0,-0.0,1.0,0.0,0.0,0.0,0.0,0.0,0.0,1.0
1399626_clip008_s000,-0.5,0.866025,-1.0,-0.0,1.0,0.0,0.0,0.0,0.0,0.0,0.0,1.0
1399626_clip008_s001,-0.5,0.866025,-1.0,-0.0,1.0,0.0,0.0,0.0,0.0,0.0,0.0,1.0
1399626_clip008_s002,-0.5,0.866025,-1.0,-0.0,1.0,0.0,0.0,0.0,0.0,0.0,0.0,1.0
1399626_clip008_s003,-0.5,0.866025,-1.0,-0.0,1.0,0.0,0.0,0.0,0.0,0.0,0.0,1.0
1399626_clip008_s004,-0.5,0.866025,-1.0,-0.0,1.0,0.0,0.0,0.0,0.0,0.0,0.0,1.0
1399626_clip009_s000,-0.5,0.866025,-1.0,-0.0,1.0,0.0,0.0,0.0,0.0,0.0,0.0,1.0
1399626_clip009_s001,-0.5,0.866025,-1.0,-0.0,1.0,0.0,0.0,0.0,0.0,0.0,0.0,1.0
1399626_clip009_s002,-0.5,0.866025,-1.0,-0.0,1.0,0.0,0.0,0.0,0.0,0.0,0.0,1.0
1399626_clip010_s000,-0.5,0.866025,-1.0,-0.0,1.0,0.0,0.0,0.0,0.0,0.0,0.0,1.0
1399626_clip010_s001,-0.5,0.866025,-1.0,-0.0,1.0,0.0,0.0,0.0,0.0,0.0,0.0,1.0
1399626_clip010_s002,-0.5,0.866025,-1.0,-0.0,1.0,0.0,0.0,0.0,0.0,0.0,0.0,1.0
1399626_clip010_s003,-0.5,0.866025,-1.0,-0.0,1.0,0.0,0.0,0.0,0.0,0.0,0.0,1.0
1399626_clip012_s000,-0.5,0.866025,-1.0,-0.0,1.0,0.0,0.0,0.0,0.0,0.0,0.0,1.0
1399626_clip012_s001,-0.5,0.866025,-1.0,-0.0,1.0,0.0,0.0,0.0,0.0,0.0,0.0,1.0
1399626_clip013_s000,-0.5,0.866025,-1.0,-0.0,1.0,0.0,0.0,0.0,0.0,0.0,0.0,1.0
1399626_clip013_s001,-0.5,0.866025,-1.0,-0.0,1.0,0.0,0.0,0.0,0.0,0.0,0.0,1.0
1399626_clip013_s002,-0.5,0.866025,-1.0,-0.0,1.0,0.0,0.0,0.0,0.0,0.0,0.0,1.0
1399626_clip014_s000,-0.5,0.866025,-1.0,-0.0,1.0,0.0,0.0,0.0,0.0,0.0,0.0,1.0
1399626_clip015_s000,-0.5,0.866025,-1.0,-0.0,1.0,0.0,0.0,0.0,0.0,0.0,0.0,1.0
1399626_clip015_s001,-0.5,0.866025,-1.0,-0.0,1.0,0.0,0.0,0.0,0.0,0.0,0.0,1.0
1399626_clip015_s002,-0.5,0.866025,-1.0,-0.0,1.0,0.0,0.0,0.0,0.0,0.0,0.0,1.0
1399626_clip016_s000,-0.5,0.866025,-1.0,-0.0,1.0,0.0,0.0,0.0,0.0,0.0,0.0,1.0
1399626_clip016_s001,-0.5,0.866025,-1.0,-0.0,1.0,0.0,0.0,0.0,0.0,0.0,0.0,1.0
1399626_clip017_s000,-0.5,0.866025,-1.0,-0.0,1.0,0.0,0.0,0.0,0.0,0.0,0.0,1.0
1399626_clip017_s001,-0.5,0.866025,-1.0,-0.0,1.0,0.0,0.0,0.0,0.0,0.0,0.0,1.0
1399626_clip017_s002,-0.5,0.866025,-1.0,-0.0,1.0,0.0,0.0,0.0,0.0,0.0,0.0,1.0
1399626_clip019_s000,-0.5,0.866025,-1.0,-0.0,1.0,0.0,0.0,0.0,0.0,0.0,0.0,1.0
1399626_clip019_s001,-0.5,0.866025,-1.0,-0.0,1.0,0.0,0.0,0.0,0.0,0.0,0.0,1.0
1399626_clip019_s002,-0.5,0.866025,-1.0,-0.0,1.0,0.0,0.0,0.0,0.0,0.0,0.0,1.0
1399626_clip019_s003,-0.5,0.866025,-1.0,-0.0,1.0,0.0,0.0,0.0,0.0,0.0,0.0,1.0
1399626_clip019_s004,-0.5,0.866025,-1.0,-0.0,1.0,0.0,0.0,0.0,0.0,0.0,0.0,1.0
1399626_clip020_s000,-0.5,0.866025,-1.0,-0.0,1.0,0.0,0.0,0.0,0.0,0.0,0.0,1.0
1399626_clip020_s001,-0.5,0.866025,-1.0,-0.0,1.0,0.0,0.0,0.0,0.0,0.0,0.0,1.0
1399626_clip020_s002,-0.5,0.866025,-1.0,-0.0,1.0,0.0,0.0,0.0,0.0,0.0,0.0,1.0
1399626_clip020_s003,-0.5,0.866025,-1.0,-0.0,1.0,0.0,0.0,0.0,0.0,0.0,0.0,1.0
1399626_clip021_s000,-0.5,0.866025,-1.0,-0.0,1.0,0.0,0.0,0.0,0.0,0.0,0.0,1.0
1399626_clip021_s001,-0.5,0.866025,-1.0,-0.0,1.0,0.0,0.0,0.0,0.0,0.0,0.0,1.0
1399626_clip021_s002,-0.5,0.866025,-1.0,-0.0,1.0,0.0,0.0,0.0,0.0,0.0,0.0,1.0
1399626_clip022_s000,-0.5,0.866025,-1.0,-0.0,1.0,0.0,0.0,0.0,0.0,0.0,0.0,1.0
1399626_clip022_s001,-0.5,0.866025,-1.0,-0.0,1.0,0.0,0.0,0.0,0.0,0.0,0.0,1.0
1399626_clip022_s002,-0.5,0.866025,-1.0,-0.0,1.0,0.0,0.0,0.0,0.0,0.0,0.0,1.0
1399626_clip023_s000,-0.5,0.866025,-1.0,-0.0,1.0,0.0,0.0,0.0,0.0,0.0,0.0,1.0
1399626_clip024_s000,-0.5,0.866025,-1.0,-0.0,1.0,0.0,0.0,0.0,0.0,0.0,0.0,1.0
1399626_clip024_s001,-0.5,0.866025,-1.0,-0.0,1.0,0.0,0.0,0.0,0.0,0.0,0.0,1.0
1399626_clip024_s002,-0.5,0.866025,-1.0,-0.0,1.0,0.0,0.0,0.0,0.0,0.0,0.0,1.0
1400010_clip010_s000,1.0,0.0,-1.0,-0.0,1.0,0.0,0.0,0.0,1.0,0.0,0.0,0.0
1400010_clip023_s000,1.0,0.0,-1.0,-0.0,1.0,0.0,0.0,0.0,1.0,0.0,0.0,0.0
1400016_clip014_s000,0.866025,-0.5,-1.0,-0.0,1.0,0.0,0.0,0.0,0.0,1.0,0.0,0.0
1400024_clip001_s000,-0.5,-0.866025,-1.0,-0.0,1.0,0.0,0.0,0.0,0.0,0.0,1.0,0.0
1400024_clip002_s000,-0.5,-0.866025,-1.0,-0.0,1.0,0.0,0.0,0.0,0.0,0.0,1.0,0.0
1400024_clip005_s000,-0.5,-0.866025,-1.0,-0.0,1.0,0.0,0.0,0.0,0.0,0.0,1.0,0.0
1400024_clip008_s000,-0.5,-0.866025,-1.0,-0.0,1.0,0.0,0.0,0.0,0.0,0.0,1.0,0.0
1400024_clip024_s000,-0.5,-0.866025,-1.0,-0.0,1.0,0.0,0.0,0.0,0.0,0.0,1.0,0.0
1400040_clip001_s000,-0.5,0.866025,-1.0,-0.0,1.0,0.0,0.0,0.0,0.0,0.0,0.0,1.0
1400040_clip003_s000,-0.5,0.866025,-1.0,-0.0,1.0,0.0,0.0,0.0,0.0,0.0,0.0,1.0
1400040_clip006_s000,-0.5,0.866025,-1.0,-0.0,1.0,0.0,0.0,0.0,0.0,0.0,0.0,1.0
1400040_clip006_s001,-0.5,0.866025,-1.0,-0.0,1.0,0.0,0.0,0.0,0.0,0.0,0.0,1.0
1400040_clip009_s000,-0.5,0.866025,-1.0,-0.0,1.0,0.0,0.0,0.0,0.0,0.0,0.0,1.0
1400040_clip009_s001,-0.5,0.866025,-1.0,-0.0,1.0,0.0,0.0,0.0,0.0,0.0,0.0,1.0
1400040_clip010_s000,-0.5,0.866025,-1.0,-0.0,1.0,0.0,0.0,0.0,0.0,0.0,0.0,1.0
1400040_clip010_s001,-0.5,0.866025,-1.0,-0.0,1.0,0.0,0.0,0.0,0.0,0.0,0.0,1.0
1400040_clip011_s000,-0.5,0.866025,-1.0,-0.0,1.0,0.0,0.0,0.0,0.0,0.0,0.0,1.0
1400040_clip012_s000,-0.5,0.866025,-1.0,-0.0,1.0,0.0,0.0,0.0,0.0,0.0,0.0,1.0
1400040_clip012_s001,-0.5,0.866025,-1.0,-0.0,1.0,0.0,0.0,0.0,0.0,0.0,0.0,1.0
1400040_clip013_s000,-0.5,0.866025,-1.0,-0.0,1.0,0.0,0.0,0.0,0.0,0.0,0.0,1.0
1400040_clip013_s001,-0.5,0.866025,-1.0,-0.0,1.0,0.0,0.0,0.0,0.0,0.0,0.0,1.0
1400040_clip013_s002,-0.5,0.866025,-1.0,-0.0,1.0,0.0,0.0,0.0,0.0,0.0,0.0,1.0
1400040_clip014_s000,-0.5,0.866025,-1.0,-0.0,1.0,0.0,0.0,0.0,0.0,0.0,0.0,1.0
1400040_clip015_s000,-0.5,0.866025,-1.0,-0.0,1.0,0.0,0.0,0.0,0.0,0.0,0.0,1.0
1400040_clip016_s000,-0.5,0.866025,-1.0,-0.0,1.0,0.0,0.0,0.0,0.0,0.0,0.0,1.0
1400040_clip016_s001,-0.5,0.866025,-1.0,-0.0,1.0,0.0,0.0,0.0,0.0,0.0,0.0,1.0
1400040_clip017_s000,-0.5,0.866025,-1.0,-0.0,1.0,0.0,0.0,0.0,0.0,0.0,0.0,1.0
1400040_clip017_s001,-0.5,0.866025,-1.0,-0.0,1.0,0.0,0.0,0.0,0.0,0.0,0.0,1.0
1400040_clip018_s000,-0.5,0.866025,-1.0,-0.0,1.0,0.0,0.0,0.0,0.0,0.0,0.0,1.0
1400040_clip019_s000,-0.5,0.866025,-1.0,-0.0,1.0,0.0,0.0,0.0,0.0,0.0,0.0,1.0
1400040_clip019_s001,-0.5,0.866025,-1.0,-0.0,1.0,0.0,0.0,0.0,0.0,0.0,0.0,1.0
1400040_clip019_s002,-0.5,0.866025,-1.0,-0.0,1.0,0.0,0.0,0.0,0.0,0.0,0.0,1.0
1400040_clip020_s000,-0.5,0.866025,-1.0,-0.0,1.0,0.0,0.0,0.0,0.0,0.0,0.0,1.0
1400040_clip020_s001,-0.5,0.866025,-1.0,-0.0,1.0,0.0,0.0,0.0,0.0,0.0,0.0,1.0
1400040_clip021_s000,-0.5,0.866025,-1.0,-0.0,1.0,0.0,0.0,0.0,0.0,0.0,0.0,1.0
1400040_clip023_s000,-0.5,0.866025,-1.0,-0.0,1.0,0.0,0.0,0.0,0.0,0.0,0.0,1.0
1400040_clip023_s001,-0.5,0.866025,-1.0,-0.0,1.0,0.0,0.0,0.0,0.0,0.0,0.0,1.0
1400040_clip023_s002,-0.5,0.866025,-1.0,-0.0,1.0,0.0,0.0,0.0,0.0,0.0,0.0,1.0
1400040_clip023_s003,-0.5,0.866025,-1.0,-0.0,1.0,0.0,0.0,0.0,0.0,0.0,0.0,1.0
1400040_clip024_s000,-0.5,0.866025,-1.0,-0.0,1.0,0.0,0.0,0.0,0.0,0.0,0.0,1.0
1400040_clip024_s001,-0.5,0.866025,-1.0,-0.0,1.0,0.0,0.0,0.0,0.0,0.0,0.0,1.0
1400482_clip001_s000,0.965926,0.258819,-0.0,1.0,0.0,1.0,0.0,0.0,1.0,0.0,0.0,0.0
1400482_clip001_s001,0.965926,0.258819,-0.0,1.0,0.0,1.0,0.0,0.0,1.0,0.0,0.0,0.0
1400482_clip001_s002,0.965926,0.258819,-0.0,1.0,0.0,1.0,0.0,0.0,1.0,0.0,0.0,0.0
1400482_clip002_s000,0.965926,0.258819,-0.0,1.0,0.0,1.0,0.0,0.0,1.0,0.0,0.0,0.0
1400482_clip002_s001,0.965926,0.258819,-0.0,1.0,0.0,1.0,0.0,0.0,1.0,0.0,0.0,0.0
1401100_clip001_s000,0.707107,-0.707107,-0.5,0.866025,1.0,0.0,0.0,0.0,0.0,1.0,0.0,0.0
1401104_clip013_s000,0.0,-1.0,-0.5,0.866025,1.0,0.0,0.0,0.0,0.0,0.0,1.0,0.0
1401104_clip014_s000,0.0,-1.0,-0.5,0.866025,1.0,0.0,0.0,0.0,0.0,0.0,1.0,0.0
1401104_clip015_s000,0.0,-1.0,-0.5,0.866025,1.0,0.0,0.0,0.0,0.0,0.0,1.0,0.0
1401105_clip003_s000,0.866025,0.5,-0.5,0.866025,1.0,0.0,0.0,0.0,1.0,0.0,0.0,0.0
1401105_clip005_s000,0.866025,0.5,-0.5,0.866025,1.0,0.0,0.0,0.0,1.0,0.0,0.0,0.0
1401105_clip006_s000,0.866025,0.5,-0.5,0.866025,1.0,0.0,0.0,0.0,1.0,0.0,0.0,0.0
1401105_clip006_s001,0.866025,0.5,-0.5,0.866025,1.0,0.0,0.0,0.0,1.0,0.0,0.0,0.0
1401105_clip006_s002,0.866025,0.5,-0.5,0.866025,1.0,0.0,0.0,0.0,1.0,0.0,0.0,0.0
1401105_clip006_s003,0.866025,0.5,-0.5,0.866025,1.0,0.0,0.0,0.0,1.0,0.0,0.0,0.0
1401105_clip007_s000,0.866025,0.5,-0.5,0.866025,1.0,0.0,0.0,0.0,1.0,0.0,0.0,0.0
1401105_clip007_s001,0.866025,0.5,-0.5,0.866025,1.0,0.0,0.0,0.0,1.0,0.0,0.0,0.0
1401105_clip007_s002,0.866025,0.5,-0.5,0.866025,1.0,0.0,0.0,0.0,1.0,0.0,0.0,0.0
1401105_clip012_s000,0.866025,0.5,-0.5,0.866025,1.0,0.0,0.0,0.0,1.0,0.0,0.0,0.0
1401105_clip014_s000,0.866025,0.5,-0.5,0.866025,1.0,0.0,0.0,0.0,1.0,0.0,0.0,0.0
1401105_clip015_s000,0.866025,0.5,-0.5,0.866025,1.0,0.0,0.0,0.0,1.0,0.0,0.0,0.0
1401105_clip015_s001,0.866025,0.5,-0.5,0.866025,1.0,0.0,0.0,0.0,1.0,0.0,0.0,0.0
1401105_clip023_s000,0.866025,0.5,-0.5,0.866025,1.0,0.0,0.0,0.0,1.0,0.0,0.0,0.0
1401105_clip023_s001,0.866025,0.5,-0.5,0.866025,1.0,0.0,0.0,0.0,1.0,0.0,0.0,0.0
1401113_clip008_s000,-0.5,0.866025,-0.5,0.866025,1.0,0.0,0.0,0.0,0.0,0.0,0.0,1.0
1401113_clip009_s000,-0.5,0.866025,-0.5,0.866025,1.0,0.0,0.0,0.0,0.0,0.0,0.0,1.0
1401113_clip011_s000,-0.5,0.866025,-0.5,0.866025,1.0,0.0,0.0,0.0,0.0,0.0,0.0,1.0
1401113_clip017_s000,-0.5,0.866025,-0.5,0.866025,1.0,0.0,0.0,0.0,0.0,0.0,0.0,1.0
1401113_clip019_s000,-0.5,0.866025,-0.5,0.866025,1.0,0.0,0.0,0.0,0.0,0.0,0.0,1.0
1401151_clip008_s000,0.965926,0.258819,0.5,0.866025,0.0,1.0,0.0,0.0,1.0,0.0,0.0,0.0
1401151_clip008_s001,0.965926,0.258819,0.5,0.866025,0.0,1.0,0.0,0.0,1.0,0.0,0.0,0.0
1401228_clip001_s000,-0.258819,-0.965926,0.866025,0.5,0.0,1.0,0.0,0.0,0.0,0.0,1.0,0.0
1401305_clip006_s000,-0.5,0.866025,-0.866025,0.5,1.0,0.0,0.0,0.0,0.0,0.0,0.0,1.0
1401305_clip008_s000,-0.5,0.866025,-0.866025,0.5,1.0,0.0,0.0,0.0,0.0,0.0,0.0,1.0
1401305_clip016_s000,-0.5,0.866025,-0.866025,0.5,1.0,0.0,0.0,0.0,0.0,0.0,0.0,1.0
1401305_clip016_s001,-0.5,0.866025,-0.866025,0.5,1.0,0.0,0.0,0.0,0.0,0.0,0.0,1.0
1401305_clip017_s000,-0.5,0.866025,-0.866025,0.5,1.0,0.0,0.0,0.0,0.0,0.0,0.0,1.0
1401311_clip004_s000,-0.5,-0.866025,-0.866025,0.5,1.0,0.0,0.0,0.0,0.0,0.0,1.0,0.0
1401402_clip001_s000,0.707107,-0.707107,0.5,0.866025,0.0,1.0,0.0,0.0,0.0,1.0,0.0,0.0
1401402_clip006_s000,0.707107,-0.707107,0.5,0.866025,0.0,1.0,0.0,0.0,0.0,1.0,0.0,0.0
1401402_clip009_s000,0.707107,-0.707107,0.5,0.866025,0.0,1.0,0.0,0.0,0.0,1.0,0.0,0.0
1401563_clip001_s000,1.0,0.0,-0.866025,0.5,1.0,0.0,0.0,0.0,1.0,0.0,0.0,0.0
1401563_clip015_s000,1.0,0.0,-0.866025,0.5,1.0,0.0,0.0,0.0,1.0,0.0,0.0,0.0
1401564_clip017_s000,0.866025,-0.5,-0.866025,0.5,1.0,0.0,0.0,0.0,0.0,1.0,0.0,0.0
1401564_clip018_s000,0.866025,-0.5,-0.866025,0.5,1.0,0.0,0.0,0.0,0.0,1.0,0.0,0.0
1401567_clip001_s000,-0.5,-0.866025,-0.866025,0.5,1.0,0.0,0.0,0.0,0.0,0.0,1.0,0.0
1401567_clip003_s000,-0.5,-0.866025,-0.866025,0.5,1.0,0.0,0.0,0.0,0.0,0.0,1.0,0.0
1401567_clip009_s000,-0.5,-0.866025,-0.866025,0.5,1.0,0.0,0.0,0.0,0.0,0.0,1.0,0.0
1401567_clip010_s000,-0.5,-0.866025,-0.866025,0.5,1.0,0.0,0.0,0.0,0.0,0.0,1.0,0.0
1401567_clip010_s001,-0.5,-0.866025,-0.866025,0.5,1.0,0.0,0.0,0.0,0.0,0.0,1.0,0.0
1401567_clip010_s002,-0.5,-0.866025,-0.866025,0.5,1.0,0.0,0.0,0.0,0.0,0.0,1.0,0.0
1401567_clip010_s003,-0.5,-0.866025,-0.866025,0.5,1.0,0.0,0.0,0.0,0.0,0.0,1.0,0.0
1401567_clip011_s000,-0.5,-0.866025,-0.866025,0.5,1.0,0.0,0.0,0.0,0.0,0.0,1.0,0.0
1401567_clip011_s001,-0.5,-0.866025,-0.866025,0.5,1.0,0.0,0.0,0.0,0.0,0.0,1.0,0.0
1401567_clip011_s002,-0.5,-0.866025,-0.866025,0.5,1.0,0.0,0.0,0.0,0.0,0.0,1.0,0.0
1401567_clip011_s003,-0.5,-0.866025,-0.866025,0.5,1.0,0.0,0.0,0.0,0.0,0.0,1.0,0.0
1401567_clip016_s000,-0.5,-0.866025,-0.866025,0.5,1.0,0.0,0.0,0.0,0.0,0.0,1.0,0.0
1401567_clip017_s000,-0.5,-0.866025,-0.866025,0.5,1.0,0.0,0.0,0.0,0.0,0.0,1.0,0.0
1401567_clip017_s001,-0.5,-0.866025,-0.866025,0.5,1.0,0.0,0.0,0.0,0.0,0.0,1.0,0.0
1401569_clip003_s000,-0.5,0.866025,-0.866025,0.5,1.0,0.0,0.0,0.0,0.0,0.0,0.0,1.0
1401569_clip004_s000,-0.5,0.866025,-0.866025,0.5,1.0,0.0,0.0,0.0,0.0,0.0,0.0,1.0
1401569_clip004_s001,-0.5,0.866025,-0.866025,0.5,1.0,0.0,0.0,0.0,0.0,0.0,0.0,1.0
1401569_clip005_s000,-0.5,0.866025,-0.866025,0.5,1.0,0.0,0.0,0.0,0.0,0.0,0.0,1.0
1401569_clip005_s001,-0.5,0.866025,-0.866025,0.5,1.0,0.0,0.0,0.0,0.0,0.0,0.0,1.0
1401569_clip006_s000,-0.5,0.866025,-0.866025,0.5,1.0,0.0,0.0,0.0,0.0,0.0,0.0,1.0
1401569_clip006_s001,-0.5,0.866025,-0.866025,0.5,1.0,0.0,0.0,0.0,0.0,0.0,0.0,1.0
1401569_clip007_s000,-0.5,0.866025,-0.866025,0.5,1.0,0.0,0.0,0.0,0.0,0.0,0.0,1.0
1401569_clip007_s001,-0.5,0.866025,-0.866025,0.5,1.0,0.0,0.0,0.0,0.0,0.0,0.0,1.0
1401569_clip008_s000,-0.5,0.866025,-0.866025,0.5,1.0,0.0,0.0,0.0,0.0,0.0,0.0,1.0
1401569_clip010_s000,-0.5,0.866025,-0.866025,0.5,1.0,0.0,0.0,0.0,0.0,0.0,0.0,1.0
1401569_clip010_s001,-0.5,0.866025,-0.866025,0.5,1.0,0.0,0.0,0.0,0.0,0.0,0.0,1.0
1401569_clip012_s000,-0.5,0.866025,-0.866025,0.5,1.0,0.0,0.0,0.0,0.0,0.0,0.0,1.0
1401569_clip012_s001,-0.5,0.866025,-0.866025,0.5,1.0,0.0,0.0,0.0,0.0,0.0,0.0,1.0
1401569_clip014_s000,-0.5,0.866025,-0.866025,0.5,1.0,0.0,0.0,0.0,0.0,0.0,0.0,1.0
1401569_clip014_s001,-0.5,0.866025,-0.866025,0.5,1.0,0.0,0.0,0.0,0.0,0.0,0.0,1.0
1401569_clip015_s000,-0.5,0.866025,-0.866025,0.5,1.0,0.0,0.0,0.0,0.0,0.0,0.0,1.0
1401569_clip017_s000,-0.5,0.866025,-0.866025,0.5,1.0,0.0,0.0,0.0,0.0,0.0,0.0,1.0
1401569_clip017_s001,-0.5,0.866025,-0.866025,0.5,1.0,0.0,0.0,0.0,0.0,0.0,0.0,1.0
1401569_clip019_s000,-0.5,0.866025,-0.866025,0.5,1.0,0.0,0.0,0.0,0.0,0.0,0.0,1.0
1401569_clip022_s000,-0.5,0.866025,-0.866025,0.5,1.0,0.0,0.0,0.0,0.0,0.0,0.0,1.0
1401569_clip022_s001,-0.5,0.866025,-0.866025,0.5,1.0,0.0,0.0,0.0,0.0,0.0,0.0,1.0
1401569_clip022_s002,-0.5,0.866025,-0.866025,0.5,1.0,0.0,0.0,0.0,0.0,0.0,0.0,1.0
1401569_clip022_s003,-0.5,0.866025,-0.866025,0.5,1.0,0.0,0.0,0.0,0.0,0.0,0.0,1.0
1401569_clip023_s000,-0.5,0.866025,-0.866025,0.5,1.0,0.0,0.0,0.0,0.0,0.0,0.0,1.0
1401569_clip024_s000,-0.5,0.866025,-0.866025,0.5,1.0,0.0,0.0,0.0,0.0,0.0,0.0,1.0
1401569_clip024_s001,-0.5,0.866025,-0.866025,0.5,1.0,0.0,0.0,0.0,0.0,0.0,0.0,1.0
1401569_clip024_s002,-0.5,0.866025,-0.866025,0.5,1.0,0.0,0.0,0.0,0.0,0.0,0.0,1.0
1401599_clip013_s000,1.0,0.0,-0.5,0.866025,1.0,0.0,0.0,0.0,1.0,0.0,0.0,0.0
1401603_clip003_s000,0.866025,-0.5,-0.5,0.866025,1.0,0.0,0.0,0.0,0.0,1.0,0.0,0.0
1401603_clip017_s000,0.866025,-0.5,-0.5,0.866025,1.0,0.0,0.0,0.0,0.0,1.0,0.0,0.0
1401603_clip018_s000,0.866025,-0.5,-0.5,0.866025,1.0,0.0,0.0,0.0,0.0,1.0,0.0,0.0
1401607_clip001_s000,-0.5,-0.866025,-0.5,0.866025,1.0,0.0,0.0,0.0,0.0,0.0,1.0,0.0
1401607_clip002_s000,-0.5,-0.866025,-0.5,0.866025,1.0,0.0,0.0,0.0,0.0,0.0,1.0,0.0
1401607_clip010_s000,-0.5,-0.866025,-0.5,0.866025,1.0,0.0,0.0,0.0,0.0,0.0,1.0,0.0
1401607_clip017_s000,-0.5,-0.866025,-0.5,0.866025,1.0,0.0,0.0,0.0,0.0,0.0,1.0,0.0
1401607_clip018_s000,-0.5,-0.866025,-0.5,0.866025,1.0,0.0,0.0,0.0,0.0,0.0,1.0,0.0
1401607_clip018_s001,-0.5,-0.866025,-0.5,0.866025,1.0,0.0,0.0,0.0,0.0,0.0,1.0,0.0
1401607_clip019_s000,-0.5,-0.866025,-0.5,0.866025,1.0,0.0,0.0,0.0,0.0,0.0,1.0,0.0
1401607_clip022_s000,-0.5,-0.866025,-0.5,0.866025,1.0,0.0,0.0,0.0,0.0,0.0,1.0,0.0
1401611_clip001_s000,-0.5,0.866025,-0.5,0.866025,1.0,0.0,0.0,0.0,0.0,0.0,0.0,1.0
1401611_clip005_s000,-0.5,0.866025,-0.5,0.866025,1.0,0.0,0.0,0.0,0.0,0.0,0.0,1.0
1401611_clip006_s000,-0.5,0.866025,-0.5,0.866025,1.0,0.0,0.0,0.0,0.0,0.0,0.0,1.0
1401611_clip007_s000,-0.5,0.866025,-0.5,0.866025,1.0,0.0,0.0,0.0,0.0,0.0,0.0,1.0
1401611_clip007_s001,-0.5,0.866025,-0.5,0.866025,1.0,0.0,0.0,0.0,0.0,0.0,0.0,1.0
1401611_clip008_s000,-0.5,0.866025,-0.5,0.866025,1.0,0.0,0.0,0.0,0.0,0.0,0.0,1.0
1401611_clip009_s000,-0.5,0.866025,-0.5,0.866025,1.0,0.0,0.0,0.0,0.0,0.0,0.0,1.0
1401611_clip009_s001,-0.5,0.866025,-0.5,0.866025,1.0,0.0,0.0,0.0,0.0,0.0,0.0,1.0
1401611_clip010_s000,-0.5,0.866025,-0.5,0.866025,1.0,0.0,0.0,0.0,0.0,0.0,0.0,1.0
1401611_clip012_s000,-0.5,0.866025,-0.5,0.866025,1.0,0.0,0.0,0.0,0.0,0.0,0.0,1.0
1401611_clip013_s000,-0.5,0.866025,-0.5,0.866025,1.0,0.0,0.0,0.0,0.0,0.0,0.0,1.0
1401611_clip014_s000,-0.5,0.866025,-0.5,0.866025,1.0,0.0,0.0,0.0,0.0,0.0,0.0,1.0
1401611_clip015_s000,-0.5,0.866025,-0.5,0.866025,1.0,0.0,0.0,0.0,0.0,0.0,0.0,1.0
1401611_clip015_s001,-0.5,0.866025,-0.5,0.866025,1.0,0.0,0.0,0.0,0.0,0.0,0.0,1.0
1401611_clip019_s000,-0.5,0.866025,-0.5,0.866025,1.0,0.0,0.0,0.0,0.0,0.0,0.0,1.0
1401611_clip019_s001,-0.5,0.866025,-0.5,0.866025,1.0,0.0,0.0,0.0,0.0,0.0,0.0,1.0
1401611_clip019_s002,-0.5,0.866025,-0.5,0.866025,1.0,0.0,0.0,0.0,0.0,0.0,0.0,1.0
1401611_clip023_s000,-0.5,0.866025,-0.5,0.866025,1.0,0.0,0.0,0.0,0.0,0.0,0.0,1.0
1401611_clip024_s000,-0.5,0.866025,-0.5,0.866025,1.0,0.0,0.0,0.0,0.0,0.0,0.0,1.0
1401632_clip007_s000,0.866025,-0.5,-0.0,1.0,0.0,1.0,0.0,0.0,0.0,1.0,0.0,0.0
1401632_clip014_s000,0.866025,-0.5,-0.0,1.0,0.0,1.0,0.0,0.0,0.0,1.0,0.0,0.0
1401632_clip014_s001,0.866025,-0.5,-0.0,1.0,0.0,1.0,0.0,0.0,0.0,1.0,0.0,0.0
1401633_clip005_s000,0.0,-1.0,-0.0,1.0,0.0,1.0,0.0,0.0,0.0,0.0,1.0,0.0
1401633_clip010_s000,0.0,-1.0,-0.0,1.0,0.0,1.0,0.0,0.0,0.0,0.0,1.0,0.0
1401633_clip011_s000,0.0,-1.0,-0.0,1.0,0.0,1.0,0.0,0.0,0.0,0.0,1.0,0.0
1401640_clip005_s000,-0.5,0.866025,-0.0,1.0,0.0,1.0,0.0,0.0,0.0,0.0,0.0,1.0
1401692_clip001_s000,0.965926,0.258819,0.866025,0.5,0.0,1.0,0.0,0.0,1.0,0.0,0.0,0.0
1401692_clip003_s000,0.965926,0.258819,0.866025,0.5,0.0,1.0,0.0,0.0,1.0,0.0,0.0,0.0
1401692_clip008_s000,0.965926,0.258819,0.866025,0.5,0.0,1.0,0.0,0.0,1.0,0.0,0.0,0.0
1401692_clip008_s001,0.965926,0.258819,0.866025,0.5,0.0,1.0,0.0,0.0,1.0,0.0,0.0,0.0
1401692_clip009_s000,0.965926,0.258819,0.866025,0.5,0.0,1.0,0.0,0.0,1.0,0.0,0.0,0.0
1401692_clip009_s001,0.965926,0.258819,0.866025,0.5,0.0,1.0,0.0,0.0,1.0,0.0,0.0,0.0
1401692_clip009_s002,0.965926,0.258819,0.866025,0.5,0.0,1.0,0.0,0.0,1.0,0.0,0.0,0.0
1401692_clip009_s003,0.965926,0.258819,0.866025,0.5,0.0,1.0,0.0,0.0,1.0,0.0,0.0,0.0
1401692_clip009_s004,0.965926,0.258819,0.866025,0.5,0.0,1.0,0.0,0.0,1.0,0.0,0.0,0.0
1401692_clip009_s005,0.965926,0.258819,0.866025,0.5,0.0,1.0,0.0,0.0,1.0,0.0,0.0,0.0
1401701_clip012_s000,-0.5,-0.866025,0.866025,0.5,0.0,1.0,0.0,0.0,0.0,0.0,1.0,0.0
1401711_clip014_s000,-0.5,0.866025,0.866025,0.5,0.0,1.0,0.0,0.0,0.0,0.0,0.0,1.0
1402116_clip001_s000,0.866025,0.5,0.866025,0.5,0.0,1.0,0.0,0.0,1.0,0.0,0.0,0.0
1402116_clip002_s000,0.866025,0.5,0.866025,0.5,0.0,1.0,0.0,0.0,1.0,0.0,0.0,0.0
1402116_clip015_s000,0.866025,0.5,0.866025,0.5,0.0,1.0,0.0,0.0,1.0,0.0,0.0,0.0
1402116_clip016_s000,0.866025,0.5,0.866025,0.5,0.0,1.0,0.0,0.0,1.0,0.0,0.0,0.0
1402116_clip016_s001,0.866025,0.5,0.866025,0.5,0.0,1.0,0.0,0.0,1.0,0.0,0.0,0.0
1402117_clip012_s000,0.866025,-0.5,0.866025,0.5,0.0,1.0,0.0,0.0,0.0,1.0,0.0,0.0
1402117_clip012_s001,0.866025,-0.5,0.866025,0.5,0.0,1.0,0.0,0.0,0.0,1.0,0.0,0.0
1402123_clip016_s000,-0.5,0.866025,0.866025,0.5,0.0,1.0,0.0,0.0,0.0,0.0,0.0,1.0
1402123_clip024_s000,-0.5,0.866025,0.866025,0.5,0.0,1.0,0.0,0.0,0.0,0.0,0.0,1.0
1402284_clip019_s000,1.0,0.0,-0.0,1.0,0.0,1.0,0.0,0.0,1.0,0.0,0.0,0.0
1402285_clip012_s000,0.866025,-0.5,-0.0,1.0,0.0,1.0,0.0,0.0,0.0,1.0,0.0,0.0
1402286_clip005_s000,-0.5,0.866025,-0.0,1.0,0.0,1.0,0.0,0.0,0.0,0.0,0.0,1.0
1402286_clip005_s001,-0.5,0.866025,-0.0,1.0,0.0,1.0,0.0,0.0,0.0,0.0,0.0,1.0
1402286_clip010_s000,-0.5,0.866025,-0.0,1.0,0.0,1.0,0.0,0.0,0.0,0.0,0.0,1.0
1402286_clip012_s000,-0.5,0.866025,-0.0,1.0,0.0,1.0,0.0,0.0,0.0,0.0,0.0,1.0
1402286_clip013_s000,-0.5,0.866025,-0.0,1.0,0.0,1.0,0.0,0.0,0.0,0.0,0.0,1.0
1402286_clip022_s000,-0.5,0.866025,-0.0,1.0,0.0,1.0,0.0,0.0,0.0,0.0,0.0,1.0
1402286_clip023_s000,-0.5,0.866025,-0.0,1.0,0.0,1.0,0.0,0.0,0.0,0.0,0.0,1.0
1402288_clip001_s000,-0.5,-0.866025,-0.0,1.0,0.0,1.0,0.0,0.0,0.0,0.0,1.0,0.0
1402288_clip008_s000,-0.5,-0.866025,-0.0,1.0,0.0,1.0,0.0,0.0,0.0,0.0,1.0,0.0
1402288_clip013_s000,-0.5,-0.866025,-0.0,1.0,0.0,1.0,0.0,0.0,0.0,0.0,1.0,0.0
1402571_clip018_s000,0.866025,0.5,1.0,0.0,0.0,0.0,1.0,0.0,1.0,0.0,0.0,0.0
1402574_clip007_s000,0.866025,-0.5,1.0,0.0,0.0,0.0,1.0,0.0,0.0,1.0,0.0,0.0
1402574_clip009_s000,0.866025,-0.5,1.0,0.0,0.0,0.0,1.0,0.0,0.0,1.0,0.0,0.0
1402574_clip017_s000,0.866025,-0.5,1.0,0.0,0.0,0.0,1.0,0.0,0.0,1.0,0.0,0.0
1402574_clip018_s000,0.866025,-0.5,1.0,0.0,0.0,0.0,1.0,0.0,0.0,1.0,0.0,0.0
1402574_clip021_s000,0.866025,-0.5,1.0,0.0,0.0,0.0,1.0,0.0,0.0,1.0,0.0,0.0
1402574_clip023_s000,0.866025,-0.5,1.0,0.0,0.0,0.0,1.0,0.0,0.0,1.0,0.0,0.0
1402577_clip002_s000,0.0,-1.0,1.0,0.0,0.0,0.0,1.0,0.0,0.0,0.0,1.0,0.0
1402577_clip009_s000,0.0,-1.0,1.0,0.0,0.0,0.0,1.0,0.0,0.0,0.0,1.0,0.0
1402577_clip011_s000,0.0,-1.0,1.0,0.0,0.0,0.0,1.0,0.0,0.0,0.0,1.0,0.0
1402577_clip021_s000,0.0,-1.0,1.0,0.0,0.0,0.0,1.0,0.0,0.0,0.0,1.0,0.0
1402577_clip023_s000,0.0,-1.0,1.0,0.0,0.0,0.0,1.0,0.0,0.0,0.0,1.0,0.0
1402652_clip002_s000,0.866025,-0.5,0.5,0.866025,0.0,1.0,0.0,0.0,0.0,1.0,0.0,0.0
1402652_clip003_s000,0.866025,-0.5,0.5,0.866025,0.0,1.0,0.0,0.0,0.0,1.0,0.0,0.0
1402653_clip005_s000,-0.5,-0.866025,0.5,0.866025,0.0,1.0,0.0,0.0,0.0,0.0,1.0,0.0
1402653_clip008_s000,-0.5,-0.866025,0.5,0.866025,0.0,1.0,0.0,0.0,0.0,0.0,1.0,0.0
1402653_clip011_s000,-0.5,-0.866025,0.5,0.866025,0.0,1.0,0.0,0.0,0.0,0.0,1.0,0.0
1402653_clip012_s000,-0.5,-0.866025,0.5,0.866025,0.0,1.0,0.0,0.0,0.0,0.0,1.0,0.0
1402659_clip006_s000,-0.5,0.866025,0.5,0.866025,0.0,1.0,0.0,0.0,0.0,0.0,0.0,1.0
1402659_clip012_s000,-0.5,0.866025,0.5,0.866025,0.0,1.0,0.0,0.0,0.0,0.0,0.0,1.0
1402659_clip020_s000,-0.5,0.866025,0.5,0.866025,0.0,1.0,0.0,0.0,0.0,0.0,0.0,1.0
1402659_clip020_s001,-0.5,0.866025,0.5,0.866025,0.0,1.0,0.0,0.0,0.0,0.0,0.0,1.0
1402659_clip021_s000,-0.5,0.866025,0.5,0.866025,0.0,1.0,0.0,0.0,0.0,0.0,0.0,1.0
1402659_clip021_s001,-0.5,0.866025,0.5,0.866025,0.0,1.0,0.0,0.0,0.0,0.0,0.0,1.0
1402659_clip021_s002,-0.5,0.866025,0.5,0.866025,0.0,1.0,0.0,0.0,0.0,0.0,0.0,1.0
1534143_clip001_s000,-0.5,0.866025,0.0,-1.0,0.0,0.0,0.0,1.0,0.0,0.0,0.0,1.0
1534143_clip002_s000,-0.5,0.866025,0.0,-1.0,0.0,0.0,0.0,1.0,0.0,0.0,0.0,1.0
1534143_clip002_s001,-0.5,0.866025,0.0,-1.0,0.0,0.0,0.0,1.0,0.0,0.0,0.0,1.0
1534143_clip002_s002,-0.5,0.866025,0.0,-1.0,0.0,0.0,0.0,1.0,0.0,0.0,0.0,1.0
1534143_clip004_s000,-0.5,0.866025,0.0,-1.0,0.0,0.0,0.0,1.0,0.0,0.0,0.0,1.0
1534143_clip008_s000,-0.5,0.866025,0.0,-1.0,0.0,0.0,0.0,1.0,0.0,0.0,0.0,1.0
1534143_clip009_s000,-0.5,0.866025,0.0,-1.0,0.0,0.0,0.0,1.0,0.0,0.0,0.0,1.0
1534143_clip009_s001,-0.5,0.866025,0.0,-1.0,0.0,0.0,0.0,1.0,0.0,0.0,0.0,1.0
1534143_clip011_s000,-0.5,0.866025,0.0,-1.0,0.0,0.0,0.0,1.0,0.0,0.0,0.0,1.0
1534143_clip011_s001,-0.5,0.866025,0.0,-1.0,0.0,0.0,0.0,1.0,0.0,0.0,0.0,1.0
1534143_clip016_s000,-0.5,0.866025,0.0,-1.0,0.0,0.0,0.0,1.0,0.0,0.0,0.0,1.0
1534143_clip016_s001,-0.5,0.866025,0.0,-1.0,0.0,0.0,0.0,1.0,0.0,0.0,0.0,1.0
1534143_clip020_s000,-0.5,0.866025,0.0,-1.0,0.0,0.0,0.0,1.0,0.0,0.0,0.0,1.0
1534143_clip021_s000,-0.5,0.866025,0.0,-1.0,0.0,0.0,0.0,1.0,0.0,0.0,0.0,1.0
1534156_clip001_s000,-0.5,-0.866025,0.0,-1.0,0.0,0.0,0.0,1.0,0.0,0.0,1.0,0.0
1534156_clip002_s000,-0.5,-0.866025,0.0,-1.0,0.0,0.0,0.0,1.0,0.0,0.0,1.0,0.0
1534156_clip004_s000,-0.5,-0.866025,0.0,-1.0,0.0,0.0,0.0,1.0,0.0,0.0,1.0,0.0
1534156_clip005_s000,-0.5,-0.866025,0.0,-1.0,0.0,0.0,0.0,1.0,0.0,0.0,1.0,0.0
1534156_clip005_s001,-0.5,-0.866025,0.0,-1.0,0.0,0.0,0.0,1.0,0.0,0.0,1.0,0.0
1534156_clip007_s000,-0.5,-0.866025,0.0,-1.0,0.0,0.0,0.0,1.0,0.0,0.0,1.0,0.0
1534156_clip009_s000,-0.5,-0.866025,0.0,-1.0,0.0,0.0,0.0,1.0,0.0,0.0,1.0,0.0
1534156_clip011_s000,-0.5,-0.866025,0.0,-1.0,0.0,0.0,0.0,1.0,0.0,0.0,1.0,0.0
1534156_clip012_s000,-0.5,-0.866025,0.0,-1.0,0.0,0.0,0.0,1.0,0.0,0.0,1.0,0.0
1534156_clip013_s000,-0.5,-0.866025,0.0,-1.0,0.0,0.0,0.0,1.0,0.0,0.0,1.0,0.0
1534156_clip014_s000,-0.5,-0.866025,0.0,-1.0,0.0,0.0,0.0,1.0,0.0,0.0,1.0,0.0
1534156_clip017_s000,-0.5,-0.866025,0.0,-1.0,0.0,0.0,0.0,1.0,0.0,0.0,1.0,0.0
1534156_clip017_s001,-0.5,-0.866025,0.0,-1.0,0.0,0.0,0.0,1.0,0.0,0.0,1.0,0.0
1534156_clip017_s002,-0.5,-0.866025,0.0,-1.0,0.0,0.0,0.0,1.0,0.0,0.0,1.0,0.0
1534156_clip018_s000,-0.5,-0.866025,0.0,-1.0,0.0,0.0,0.0,1.0,0.0,0.0,1.0,0.0
1534156_clip021_s000,-0.5,-0.866025,0.0,-1.0,0.0,0.0,0.0,1.0,0.0,0.0,1.0,0.0
1534156_clip021_s001,-0.5,-0.866025,0.0,-1.0,0.0,0.0,0.0,1.0,0.0,0.0,1.0,0.0
1534156_clip022_s000,-0.5,-0.866025,0.0,-1.0,0.0,0.0,0.0,1.0,0.0,0.0,1.0,0.0
1534156_clip022_s001,-0.5,-0.866025,0.0,-1.0,0.0,0.0,0.0,1.0,0.0,0.0,1.0,0.0
1534156_clip022_s002,-0.5,-0.866025,0.0,-1.0,0.0,0.0,0.0,1.0,0.0,0.0,1.0,0.0
1534156_clip023_s000,-0.5,-0.866025,0.0,-1.0,0.0,0.0,0.0,1.0,0.0,0.0,1.0,0.0
1534156_clip024_s000,-0.5,-0.866025,0.0,-1.0,0.0,0.0,0.0,1.0,0.0,0.0,1.0,0.0
1534162_clip012_s000,0.866025,-0.5,-0.866025,-0.5,0.0,0.0,0.0,1.0,0.0,1.0,0.0,0.0
1534205_clip020_s000,0.866025,0.5,0.866025,-0.5,0.0,0.0,1.0,0.0,1.0,0.0,0.0,0.0
1534205_clip020_s001,0.866025,0.5,0.866025,-0.5,0.0,0.0,1.0,0.0,1.0,0.0,0.0,0.0
1534205_clip023_s000,0.866025,0.5,0.866025,-0.5,0.0,0.0,1.0,0.0,1.0,0.0,0.0,0.0
1534209_clip002_s000,0.866025,-0.5,0.866025,-0.5,0.0,0.0,1.0,0.0,0.0,1.0,0.0,0.0
1534209_clip008_s000,0.866025,-0.5,0.866025,-0.5,0.0,0.0,1.0,0.0,0.0,1.0,0.0,0.0
1534209_clip011_s000,0.866025,-0.5,0.866025,-0.5,0.0,0.0,1.0,0.0,0.0,1.0,0.0,0.0
1534209_clip014_s000,0.866025,-0.5,0.866025,-0.5,0.0,0.0,1.0,0.0,0.0,1.0,0.0,0.0
1534209_clip017_s000,0.866025,-0.5,0.866025,-0.5,0.0,0.0,1.0,0.0,0.0,1.0,0.0,0.0
1534209_clip021_s000,0.866025,-0.5,0.866025,-0.5,0.0,0.0,1.0,0.0,0.0,1.0,0.0,0.0
1534209_clip022_s000,0.866025,-0.5,0.866025,-0.5,0.0,0.0,1.0,0.0,0.0,1.0,0.0,0.0
1534209_clip022_s001,0.866025,-0.5,0.866025,-0.5,0.0,0.0,1.0,0.0,0.0,1.0,0.0,0.0
1534211_clip004_s000,-0.5,-0.866025,-1.0,-0.0,1.0,0.0,0.0,0.0,0.0,0.0,1.0,0.0
1534211_clip004_s001,-0.5,-0.866025,-1.0,-0.0,1.0,0.0,0.0,0.0,0.0,0.0,1.0,0.0
1534211_clip007_s000,-0.5,-0.866025,-1.0,-0.0,1.0,0.0,0.0,0.0,0.0,0.0,1.0,0.0
1534211_clip010_s000,-0.5,-0.866025,-1.0,-0.0,1.0,0.0,0.0,0.0,0.0,0.0,1.0,0.0
1534211_clip010_s001,-0.5,-0.866025,-1.0,-0.0,1.0,0.0,0.0,0.0,0.0,0.0,1.0,0.0
1534211_clip013_s000,-0.5,-0.866025,-1.0,-0.0,1.0,0.0,0.0,0.0,0.0,0.0,1.0,0.0
1534211_clip013_s001,-0.5,-0.866025,-1.0,-0.0,1.0,0.0,0.0,0.0,0.0,0.0,1.0,0.0
1534211_clip014_s000,-0.5,-0.866025,-1.0,-0.0,1.0,0.0,0.0,0.0,0.0,0.0,1.0,0.0
1534211_clip014_s001,-0.5,-0.866025,-1.0,-0.0,1.0,0.0,0.0,0.0,0.0,0.0,1.0,0.0
1534211_clip018_s000,-0.5,-0.866025,-1.0,-0.0,1.0,0.0,0.0,0.0,0.0,0.0,1.0,0.0
1534211_clip019_s000,-0.5,-0.866025,-1.0,-0.0,1.0,0.0,0.0,0.0,0.0,0.0,1.0,0.0
1534211_clip023_s000,-0.5,-0.866025,-1.0,-0.0,1.0,0.0,0.0,0.0,0.0,0.0,1.0,0.0
1534211_clip023_s001,-0.5,-0.866025,-1.0,-0.0,1.0,0.0,0.0,0.0,0.0,0.0,1.0,0.0
1535172_clip009_s000,0.866025,-0.5,0.0,-1.0,0.0,0.0,0.0,1.0,0.0,1.0,0.0,0.0
1535172_clip015_s000,0.866025,-0.5,0.0,-1.0,0.0,0.0,0.0,1.0,0.0,1.0,0.0,0.0
1535269_clip009_s000,0.866025,0.5,0.5,-0.866025,0.0,0.0,1.0,0.0,1.0,0.0,0.0,0.0
1535269_clip010_s000,0.866025,0.5,0.5,-0.866025,0.0,0.0,1.0,0.0,1.0,0.0,0.0,0.0
1535269_clip010_s001,0.866025,0.5,0.5,-0.866025,0.0,0.0,1.0,0.0,1.0,0.0,0.0,0.0
1535269_clip013_s000,0.866025,0.5,0.5,-0.866025,0.0,0.0,1.0,0.0,1.0,0.0,0.0,0.0
1535269_clip021_s000,0.866025,0.5,0.5,-0.866025,0.0,0.0,1.0,0.0,1.0,0.0,0.0,0.0
1535269_clip021_s001,0.866025,0.5,0.5,-0.866025,0.0,0.0,1.0,0.0,1.0,0.0,0.0,0.0
1535269_clip023_s000,0.866025,0.5,0.5,-0.866025,0.0,0.0,1.0,0.0,1.0,0.0,0.0,0.0
1535281_clip005_s000,-0.5,-0.866025,0.5,-0.866025,0.0,0.0,1.0,0.0,0.0,0.0,1.0,0.0
1535281_clip005_s001,-0.5,-0.866025,0.5,-0.866025,0.0,0.0,1.0,0.0,0.0,0.0,1.0,0.0
1535281_clip005_s002,-0.5,-0.866025,0.5,-0.866025,0.0,0.0,1.0,0.0,0.0,0.0,1.0,0.0
1535281_clip005_s003,-0.5,-0.866025,0.5,-0.866025,0.0,0.0,1.0,0.0,0.0,0.0,1.0,0.0
1535281_clip005_s004,-0.5,-0.866025,0.5,-0.866025,0.0,0.0,1.0,0.0,0.0,0.0,1.0,0.0
1535281_clip006_s000,-0.5,-0.866025,0.5,-0.866025,0.0,0.0,1.0,0.0,0.0,0.0,1.0,0.0
1535281_clip006_s001,-0.5,-0.866025,0.5,-0.866025,0.0,0.0,1.0,0.0,0.0,0.0,1.0,0.0
1535281_clip006_s002,-0.5,-0.866025,0.5,-0.866025,0.0,0.0,1.0,0.0,0.0,0.0,1.0,0.0
1535281_clip006_s003,-0.5,-0.866025,0.5,-0.866025,0.0,0.0,1.0,0.0,0.0,0.0,1.0,0.0
1535281_clip014_s000,-0.5,-0.866025,0.5,-0.866025,0.0,0.0,1.0,0.0,0.0,0.0,1.0,0.0
1535281_clip018_s000,-0.5,-0.866025,0.5,-0.866025,0.0,0.0,1.0,0.0,0.0,0.0,1.0,0.0
1535281_clip022_s000,-0.5,-0.866025,0.5,-0.866025,0.0,0.0,1.0,0.0,0.0,0.0,1.0,0.0
1535281_clip023_s000,-0.5,-0.866025,0.5,-0.866025,0.0,0.0,1.0,0.0,0.0,0.0,1.0,0.0
1535281_clip023_s001,-0.5,-0.866025,0.5,-0.866025,0.0,0.0,1.0,0.0,0.0,0.0,1.0,0.0
1535281_clip023_s002,-0.5,-0.866025,0.5,-0.866025,0.0,0.0,1.0,0.0,0.0,0.0,1.0,0.0
1535281_clip023_s003,-0.5,-0.866025,0.5,-0.866025,0.0,0.0,1.0,0.0,0.0,0.0,1.0,0.0
1535281_clip023_s004,-0.5,-0.866025,0.5,-0.866025,0.0,0.0,1.0,0.0,0.0,0.0,1.0,0.0
1535362_clip006_s000,1.0,0.0,-1.0,-0.0,1.0,0.0,0.0,0.0,1.0,0.0,0.0,0.0
1535362_clip009_s000,1.0,0.0,-1.0,-0.0,1.0,0.0,0.0,0.0,1.0,0.0,0.0,0.0
1535362_clip011_s000,1.0,0.0,-1.0,-0.0,1.0,0.0,0.0,0.0,1.0,0.0,0.0,0.0
1535362_clip012_s000,1.0,0.0,-1.0,-0.0,1.0,0.0,0.0,0.0,1.0,0.0,0.0,0.0
1535362_clip012_s001,1.0,0.0,-1.0,-0.0,1.0,0.0,0.0,0.0,1.0,0.0,0.0,0.0
1535362_clip012_s002,1.0,0.0,-1.0,-0.0,1.0,0.0,0.0,0.0,1.0,0.0,0.0,0.0
1535362_clip014_s000,1.0,0.0,-1.0,-0.0,1.0,0.0,0.0,0.0,1.0,0.0,0.0,0.0
1535362_clip016_s000,1.0,0.0,-1.0,-0.0,1.0,0.0,0.0,0.0,1.0,0.0,0.0,0.0
1535362_clip020_s000,1.0,0.0,-1.0,-0.0,1.0,0.0,0.0,0.0,1.0,0.0,0.0,0.0
1535362_clip020_s001,1.0,0.0,-1.0,-0.0,1.0,0.0,0.0,0.0,1.0,0.0,0.0,0.0
1535362_clip021_s000,1.0,0.0,-1.0,-0.0,1.0,0.0,0.0,0.0,1.0,0.0,0.0,0.0
1535454_clip001_s000,-0.5,0.866025,-1.0,-0.0,1.0,0.0,0.0,0.0,0.0,0.0,0.0,1.0
1535454_clip003_s000,-0.5,0.866025,-1.0,-0.0,1.0,0.0,0.0,0.0,0.0,0.0,0.0,1.0
1535454_clip004_s000,-0.5,0.866025,-1.0,-0.0,1.0,0.0,0.0,0.0,0.0,0.0,0.0,1.0
1535454_clip006_s000,-0.5,0.866025,-1.0,-0.0,1.0,0.0,0.0,0.0,0.0,0.0,0.0,1.0
1535454_clip007_s000,-0.5,0.866025,-1.0,-0.0,1.0,0.0,0.0,0.0,0.0,0.0,0.0,1.0
1535454_clip009_s000,-0.5,0.866025,-1.0,-0.0,1.0,0.0,0.0,0.0,0.0,0.0,0.0,1.0
1535454_clip014_s000,-0.5,0.866025,-1.0,-0.0,1.0,0.0,0.0,0.0,0.0,0.0,0.0,1.0
1535454_clip019_s000,-0.5,0.866025,-1.0,-0.0,1.0,0.0,0.0,0.0,0.0,0.0,0.0,1.0
1535454_clip021_s000,-0.5,0.866025,-1.0,-0.0,1.0,0.0,0.0,0.0,0.0,0.0,0.0,1.0
1535532_clip001_s000,-0.5,0.866025,0.866025,-0.5,0.0,0.0,1.0,0.0,0.0,0.0,0.0,1.0
1535532_clip002_s000,-0.5,0.866025,0.866025,-0.5,0.0,0.0,1.0,0.0,0.0,0.0,0.0,1.0
1535532_clip002_s001,-0.5,0.866025,0.866025,-0.5,0.0,0.0,1.0,0.0,0.0,0.0,0.0,1.0
1535532_clip002_s002,-0.5,0.866025,0.866025,-0.5,0.0,0.0,1.0,0.0,0.0,0.0,0.0,1.0
1535532_clip002_s003,-0.5,0.866025,0.866025,-0.5,0.0,0.0,1.0,0.0,0.0,0.0,0.0,1.0
1535532_clip003_s000,-0.5,0.866025,0.866025,-0.5,0.0,0.0,1.0,0.0,0.0,0.0,0.0,1.0
1535532_clip003_s001,-0.5,0.866025,0.866025,-0.5,0.0,0.0,1.0,0.0,0.0,0.0,0.0,1.0
1535532_clip003_s002,-0.5,0.866025,0.866025,-0.5,0.0,0.0,1.0,0.0,0.0,0.0,0.0,1.0
1535532_clip003_s003,-0.5,0.866025,0.866025,-0.5,0.0,0.0,1.0,0.0,0.0,0.0,0.0,1.0
1535532_clip003_s004,-0.5,0.866025,0.866025,-0.5,0.0,0.0,1.0,0.0,0.0,0.0,0.0,1.0
1535532_clip004_s000,-0.5,0.866025,0.866025,-0.5,0.0,0.0,1.0,0.0,0.0,0.0,0.0,1.0
1535532_clip004_s001,-0.5,0.866025,0.866025,-0.5,0.0,0.0,1.0,0.0,0.0,0.0,0.0,1.0
1535532_clip005_s000,-0.5,0.866025,0.866025,-0.5,0.0,0.0,1.0,0.0,0.0,0.0,0.0,1.0
1535532_clip006_s000,-0.5,0.866025,0.866025,-0.5,0.0,0.0,1.0,0.0,0.0,0.0,0.0,1.0
1535532_clip007_s000,-0.5,0.866025,0.866025,-0.5,0.0,0.0,1.0,0.0,0.0,0.0,0.0,1.0
1535532_clip007_s001,-0.5,0.866025,0.866025,-0.5,0.0,0.0,1.0,0.0,0.0,0.0,0.0,1.0
1535532_clip008_s000,-0.5,0.866025,0.866025,-0.5,0.0,0.0,1.0,0.0,0.0,0.0,0.0,1.0
1535532_clip009_s000,-0.5,0.866025,0.866025,-0.5,0.0,0.0,1.0,0.0,0.0,0.0,0.0,1.0
1535532_clip011_s000,-0.5,0.866025,0.866025,-0.5,0.0,0.0,1.0,0.0,0.0,0.0,0.0,1.0
1535532_clip011_s001,-0.5,0.866025,0.866025,-0.5,0.0,0.0,1.0,0.0,0.0,0.0,0.0,1.0
1535532_clip013_s000,-0.5,0.866025,0.866025,-0.5,0.0,0.0,1.0,0.0,0.0,0.0,0.0,1.0
1535532_clip013_s001,-0.5,0.866025,0.866025,-0.5,0.0,0.0,1.0,0.0,0.0,0.0,0.0,1.0
1535532_clip014_s000,-0.5,0.866025,0.866025,-0.5,0.0,0.0,1.0,0.0,0.0,0.0,0.0,1.0
1535532_clip014_s001,-0.5,0.866025,0.866025,-0.5,0.0,0.0,1.0,0.0,0.0,0.0,0.0,1.0
1535532_clip015_s000,-0.5,0.866025,0.866025,-0.5,0.0,0.0,1.0,0.0,0.0,0.0,0.0,1.0
1535532_clip016_s000,-0.5,0.866025,0.866025,-0.5,0.0,0.0,1.0,0.0,0.0,0.0,0.0,1.0
1535532_clip017_s000,-0.5,0.866025,0.866025,-0.5,0.0,0.0,1.0,0.0,0.0,0.0,0.0,1.0
1535532_clip017_s001,-0.5,0.866025,0.866025,-0.5,0.0,0.0,1.0,0.0,0.0,0.0,0.0,1.0
1535532_clip017_s002,-0.5,0.866025,0.866025,-0.5,0.0,0.0,1.0,0.0,0.0,0.0,0.0,1.0
1535532_clip018_s000,-0.5,0.866025,0.866025,-0.5,0.0,0.0,1.0,0.0,0.0,0.0,0.0,1.0
1535532_clip019_s000,-0.5,0.866025,0.866025,-0.5,0.0,0.0,1.0,0.0,0.0,0.0,0.0,1.0
1535532_clip020_s000,-0.5,0.866025,0.866025,-0.5,0.0,0.0,1.0,0.0,0.0,0.0,0.0,1.0
1535532_clip020_s001,-0.5,0.866025,0.866025,-0.5,0.0,0.0,1.0,0.0,0.0,0.0,0.0,1.0
1535532_clip020_s002,-0.5,0.866025,0.866025,-0.5,0.0,0.0,1.0,0.0,0.0,0.0,0.0,1.0
1535532_clip020_s003,-0.5,0.866025,0.866025,-0.5,0.0,0.0,1.0,0.0,0.0,0.0,0.0,1.0
1535532_clip020_s004,-0.5,0.866025,0.866025,-0.5,0.0,0.0,1.0,0.0,0.0,0.0,0.0,1.0
1535532_clip020_s005,-0.5,0.866025,0.866025,-0.5,0.0,0.0,1.0,0.0,0.0,0.0,0.0,1.0
1535532_clip021_s000,-0.5,0.866025,0.866025,-0.5,0.0,0.0,1.0,0.0,0.0,0.0,0.0,1.0
1535532_clip023_s000,-0.5,0.866025,0.866025,-0.5,0.0,0.0,1.0,0.0,0.0,0.0,0.0,1.0
1535548_clip005_s000,0.965926,0.258819,0.866025,-0.5,0.0,0.0,1.0,0.0,1.0,0.0,0.0,0.0
1535637_clip002_s000,0.965926,0.258819,-0.866025,-0.5,0.0,0.0,0.0,1.0,1.0,0.0,0.0,0.0
1535645_clip001_s000,-0.5,0.866025,-0.866025,-0.5,0.0,0.0,0.0,1.0,0.0,0.0,0.0,1.0
1535645_clip002_s000,-0.5,0.866025,-0.866025,-0.5,0.0,0.0,0.0,1.0,0.0,0.0,0.0,1.0
1535645_clip005_s000,-0.5,0.866025,-0.866025,-0.5,0.0,0.0,0.0,1.0,0.0,0.0,0.0,1.0
1535645_clip008_s000,-0.5,0.866025,-0.866025,-0.5,0.0,0.0,0.0,1.0,0.0,0.0,0.0,1.0
1535645_clip012_s000,-0.5,0.866025,-0.866025,-0.5,0.0,0.0,0.0,1.0,0.0,0.0,0.0,1.0
1535645_clip015_s000,-0.5,0.866025,-0.866025,-0.5,0.0,0.0,0.0,1.0,0.0,0.0,0.0,1.0
1535645_clip017_s000,-0.5,0.866025,-0.866025,-0.5,0.0,0.0,0.0,1.0,0.0,0.0,0.0,1.0
1535645_clip022_s000,-0.5,0.866025,-0.866025,-0.5,0.0,0.0,0.0,1.0,0.0,0.0,0.0,1.0
1535731_clip018_s000,0.866025,-0.5,1.0,0.0,0.0,0.0,1.0,0.0,0.0,1.0,0.0,0.0
1535770_clip009_s000,-0.5,-0.866025,1.0,0.0,0.0,0.0,1.0,0.0,0.0,0.0,1.0,0.0
1535770_clip011_s000,-0.5,-0.866025,1.0,0.0,0.0,0.0,1.0,0.0,0.0,0.0,1.0,0.0
1535770_clip012_s000,-0.5,-0.866025,1.0,0.0,0.0,0.0,1.0,0.0,0.0,0.0,1.0,0.0
1535770_clip012_s001,-0.5,-0.866025,1.0,0.0,0.0,0.0,1.0,0.0,0.0,0.0,1.0,0.0
1535770_clip023_s000,-0.5,-0.866025,1.0,0.0,0.0,0.0,1.0,0.0,0.0,0.0,1.0,0.0
1535837_clip001_s000,-0.258819,-0.965926,-0.866025,-0.5,0.0,0.0,0.0,1.0,0.0,0.0,1.0,0.0
1535837_clip004_s000,-0.258819,-0.965926,-0.866025,-0.5,0.0,0.0,0.0,1.0,0.0,0.0,1.0,0.0
1535837_clip006_s000,-0.258819,-0.965926,-0.866025,-0.5,0.0,0.0,0.0,1.0,0.0,0.0,1.0,0.0
1536130_clip002_s000,-0.5,-0.866025,0.866025,-0.5,0.0,0.0,1.0,0.0,0.0,0.0,1.0,0.0
1536130_clip004_s000,-0.5,-0.866025,0.866025,-0.5,0.0,0.0,1.0,0.0,0.0,0.0,1.0,0.0
1536130_clip007_s000,-0.5,-0.866025,0.866025,-0.5,0.0,0.0,1.0,0.0,0.0,0.0,1.0,0.0
1536130_clip010_s000,-0.5,-0.866025,0.866025,-0.5,0.0,0.0,1.0,0.0,0.0,0.0,1.0,0.0
1536130_clip013_s000,-0.5,-0.866025,0.866025,-0.5,0.0,0.0,1.0,0.0,0.0,0.0,1.0,0.0
1536130_clip014_s000,-0.5,-0.866025,0.866025,-0.5,0.0,0.0,1.0,0.0,0.0,0.0,1.0,0.0
1536130_clip015_s000,-0.5,-0.866025,0.866025,-0.5,0.0,0.0,1.0,0.0,0.0,0.0,1.0,0.0
1536130_clip016_s000,-0.5,-0.866025,0.866025,-0.5,0.0,0.0,1.0,0.0,0.0,0.0,1.0,0.0
1536130_clip019_s000,-0.5,-0.866025,0.866025,-0.5,0.0,0.0,1.0,0.0,0.0,0.0,1.0,0.0
1536130_clip019_s001,-0.5,-0.866025,0.866025,-0.5,0.0,0.0,1.0,0.0,0.0,0.0,1.0,0.0
1536130_clip022_s000,-0.5,-0.866025,0.866025,-0.5,0.0,0.0,1.0,0.0,0.0,0.0,1.0,0.0
1536130_clip022_s001,-0.5,-0.866025,0.866025,-0.5,0.0,0.0,1.0,0.0,0.0,0.0,1.0,0.0
1536130_clip023_s000,-0.5,-0.866025,0.866025,-0.5,0.0,0.0,1.0,0.0,0.0,0.0,1.0,0.0
1536463_clip001_s000,-0.5,-0.866025,0.866025,-0.5,0.0,0.0,1.0,0.0,0.0,0.0,1.0,0.0
1536463_clip005_s000,-0.5,-0.866025,0.866025,-0.5,0.0,0.0,1.0,0.0,0.0,0.0,1.0,0.0
1536463_clip007_s000,-0.5,-0.866025,0.866025,-0.5,0.0,0.0,1.0,0.0,0.0,0.0,1.0,0.0
1536463_clip008_s000,-0.5,-0.866025,0.866025,-0.5,0.0,0.0,1.0,0.0,0.0,0.0,1.0,0.0
1536463_clip009_s000,-0.5,-0.866025,0.866025,-0.5,0.0,0.0,1.0,0.0,0.0,0.0,1.0,0.0
1536463_clip009_s001,-0.5,-0.866025,0.866025,-0.5,0.0,0.0,1.0,0.0,0.0,0.0,1.0,0.0
1536463_clip010_s000,-0.5,-0.866025,0.866025,-0.5,0.0,0.0,1.0,0.0,0.0,0.0,1.0,0.0
1536463_clip011_s000,-0.5,-0.866025,0.866025,-0.5,0.0,0.0,1.0,0.0,0.0,0.0,1.0,0.0
1536463_clip011_s001,-0.5,-0.866025,0.866025,-0.5,0.0,0.0,1.0,0.0,0.0,0.0,1.0,0.0
1536463_clip012_s000,-0.5,-0.866025,0.866025,-0.5,0.0,0.0,1.0,0.0,0.0,0.0,1.0,0.0
1536463_clip020_s000,-0.5,-0.866025,0.866025,-0.5,0.0,0.0,1.0,0.0,0.0,0.0,1.0,0.0
1536463_clip020_s001,-0.5,-0.866025,0.866025,-0.5,0.0,0.0,1.0,0.0,0.0,0.0,1.0,0.0
1536463_clip021_s000,-0.5,-0.866025,0.866025,-0.5,0.0,0.0,1.0,0.0,0.0,0.0,1.0,0.0
1536463_clip021_s001,-0.5,-0.866025,0.866025,-0.5,0.0,0.0,1.0,0.0,0.0,0.0,1.0,0.0
1536532_clip003_s000,-0.5,0.866025,0.5,-0.866025,0.0,0.0,1.0,0.0,0.0,0.0,0.0,1.0
1536532_clip003_s001,-0.5,0.866025,0.5,-0.866025,0.0,0.0,1.0,0.0,0.0,0.0,0.0,1.0
1536532_clip004_s000,-0.5,0.866025,0.5,-0.866025,0.0,0.0,1.0,0.0,0.0,0.0,0.0,1.0
1536532_clip005_s000,-0.5,0.866025,0.5,-0.866025,0.0,0.0,1.0,0.0,0.0,0.0,0.0,1.0
1536532_clip006_s000,-0.5,0.866025,0.5,-0.866025,0.0,0.0,1.0,0.0,0.0,0.0,0.0,1.0
1536532_clip009_s000,-0.5,0.866025,0.5,-0.866025,0.0,0.0,1.0,0.0,0.0,0.0,0.0,1.0
1536532_clip009_s001,-0.5,0.866025,0.5,-0.866025,0.0,0.0,1.0,0.0,0.0,0.0,0.0,1.0
1536532_clip010_s000,-0.5,0.866025,0.5,-0.866025,0.0,0.0,1.0,0.0,0.0,0.0,0.0,1.0
1536532_clip010_s001,-0.5,0.866025,0.5,-0.866025,0.0,0.0,1.0,0.0,0.0,0.0,0.0,1.0
1536532_clip012_s000,-0.5,0.866025,0.5,-0.866025,0.0,0.0,1.0,0.0,0.0,0.0,0.0,1.0
1536532_clip012_s001,-0.5,0.866025,0.5,-0.866025,0.0,0.0,1.0,0.0,0.0,0.0,0.0,1.0
1536532_clip012_s002,-0.5,0.866025,0.5,-0.866025,0.0,0.0,1.0,0.0,0.0,0.0,0.0,1.0
1536532_clip013_s000,-0.5,0.866025,0.5,-0.866025,0.0,0.0,1.0,0.0,0.0,0.0,0.0,1.0
1536532_clip016_s000,-0.5,0.866025,0.5,-0.866025,0.0,0.0,1.0,0.0,0.0,0.0,0.0,1.0
1536532_clip017_s000,-0.5,0.866025,0.5,-0.866025,0.0,0.0,1.0,0.0,0.0,0.0,0.0,1.0
1536532_clip018_s000,-0.5,0.866025,0.5,-0.866025,0.0,0.0,1.0,0.0,0.0,0.0,0.0,1.0
1536532_clip019_s000,-0.5,0.866025,0.5,-0.866025,0.0,0.0,1.0,0.0,0.0,0.0,0.0,1.0
1536532_clip023_s000,-0.5,0.866025,0.5,-0.866025,0.0,0.0,1.0,0.0,0.0,0.0,0.0,1.0
1536554_clip008_s000,0.866025,-0.5,0.5,-0.866025,0.0,0.0,1.0,0.0,0.0,1.0,0.0,0.0
1536559_clip001_s000,-0.5,-0.866025,0.5,-0.866025,0.0,0.0,1.0,0.0,0.0,0.0,1.0,0.0
1536559_clip001_s001,-0.5,-0.866025,0.5,-0.866025,0.0,0.0,1.0,0.0,0.0,0.0,1.0,0.0
1536559_clip001_s002,-0.5,-0.866025,0.5,-0.866025,0.0,0.0,1.0,0.0,0.0,0.0,1.0,0.0
1536559_clip002_s000,-0.5,-0.866025,0.5,-0.866025,0.0,0.0,1.0,0.0,0.0,0.0,1.0,0.0
1536559_clip002_s001,-0.5,-0.866025,0.5,-0.866025,0.0,0.0,1.0,0.0,0.0,0.0,1.0,0.0
1536559_clip006_s000,-0.5,-0.866025,0.5,-0.866025,0.0,0.0,1.0,0.0,0.0,0.0,1.0,0.0
1536559_clip007_s000,-0.5,-0.866025,0.5,-0.866025,0.0,0.0,1.0,0.0,0.0,0.0,1.0,0.0
1536559_clip014_s000,-0.5,-0.866025,0.5,-0.866025,0.0,0.0,1.0,0.0,0.0,0.0,1.0,0.0
1536559_clip015_s000,-0.5,-0.866025,0.5,-0.866025,0.0,0.0,1.0,0.0,0.0,0.0,1.0,0.0
1536559_clip015_s001,-0.5,-0.866025,0.5,-0.866025,0.0,0.0,1.0,0.0,0.0,0.0,1.0,0.0
1536559_clip015_s002,-0.5,-0.866025,0.5,-0.866025,0.0,0.0,1.0,0.0,0.0,0.0,1.0,0.0
1536559_clip018_s000,-0.5,-0.866025,0.5,-0.866025,0.0,0.0,1.0,0.0,0.0,0.0,1.0,0.0
1536559_clip019_s000,-0.5,-0.866025,0.5,-0.866025,0.0,0.0,1.0,0.0,0.0,0.0,1.0,0.0
1536563_clip001_s000,-0.5,0.866025,0.5,-0.866025,0.0,0.0,1.0,0.0,0.0,0.0,0.0,1.0
1536563_clip008_s000,-0.5,0.866025,0.5,-0.866025,0.0,0.0,1.0,0.0,0.0,0.0,0.0,1.0
1536563_clip009_s000,-0.5,0.866025,0.5,-0.866025,0.0,0.0,1.0,0.0,0.0,0.0,0.0,1.0
1536563_clip019_s000,-0.5,0.866025,0.5,-0.866025,0.0,0.0,1.0,0.0,0.0,0.0,0.0,1.0
1536675_clip001_s000,0.866025,-0.5,-1.0,-0.0,1.0,0.0,0.0,0.0,0.0,1.0,0.0,0.0
1536675_clip002_s000,0.866025,-0.5,-1.0,-0.0,1.0,0.0,0.0,0.0,0.0,1.0,0.0,0.0
1536675_clip002_s001,0.866025,-0.5,-1.0,-0.0,1.0,0.0,0.0,0.0,0.0,1.0,0.0,0.0
1536675_clip003_s000,0.866025,-0.5,-1.0,-0.0,1.0,0.0,0.0,0.0,0.0,1.0,0.0,0.0
1536675_clip004_s000,0.866025,-0.5,-1.0,-0.0,1.0,0.0,0.0,0.0,0.0,1.0,0.0,0.0
1536675_clip006_s000,0.866025,-0.5,-1.0,-0.0,1.0,0.0,0.0,0.0,0.0,1.0,0.0,0.0
1536675_clip007_s000,0.866025,-0.5,-1.0,-0.0,1.0,0.0,0.0,0.0,0.0,1.0,0.0,0.0
1536675_clip007_s001,0.866025,-0.5,-1.0,-0.0,1.0,0.0,0.0,0.0,0.0,1.0,0.0,0.0
1536675_clip009_s000,0.866025,-0.5,-1.0,-0.0,1.0,0.0,0.0,0.0,0.0,1.0,0.0,0.0
1536675_clip009_s001,0.866025,-0.5,-1.0,-0.0,1.0,0.0,0.0,0.0,0.0,1.0,0.0,0.0
1536675_clip011_s000,0.866025,-0.5,-1.0,-0.0,1.0,0.0,0.0,0.0,0.0,1.0,0.0,0.0
1536675_clip011_s001,0.866025,-0.5,-1.0,-0.0,1.0,0.0,0.0,0.0,0.0,1.0,0.0,0.0
1536675_clip013_s000,0.866025,-0.5,-1.0,-0.0,1.0,0.0,0.0,0.0,0.0,1.0,0.0,0.0
1536675_clip013_s001,0.866025,-0.5,-1.0,-0.0,1.0,0.0,0.0,0.0,0.0,1.0,0.0,0.0
1536675_clip014_s000,0.866025,-0.5,-1.0,-0.0,1.0,0.0,0.0,0.0,0.0,1.0,0.0,0.0
1536675_clip017_s000,0.866025,-0.5,-1.0,-0.0,1.0,0.0,0.0,0.0,0.0,1.0,0.0,0.0
1536675_clip018_s000,0.866025,-0.5,-1.0,-0.0,1.0,0.0,0.0,0.0,0.0,1.0,0.0,0.0
1536675_clip020_s000,0.866025,-0.5,-1.0,-0.0,1.0,0.0,0.0,0.0,0.0,1.0,0.0,0.0
1536675_clip021_s000,0.866025,-0.5,-1.0,-0.0,1.0,0.0,0.0,0.0,0.0,1.0,0.0,0.0
1536675_clip022_s000,0.866025,-0.5,-1.0,-0.0,1.0,0.0,0.0,0.0,0.0,1.0,0.0,0.0
1536675_clip022_s001,0.866025,-0.5,-1.0,-0.0,1.0,0.0,0.0,0.0,0.0,1.0,0.0,0.0
1536675_clip022_s002,0.866025,-0.5,-1.0,-0.0,1.0,0.0,0.0,0.0,0.0,1.0,0.0,0.0
1536675_clip023_s000,0.866025,-0.5,-1.0,-0.0,1.0,0.0,0.0,0.0,0.0,1.0,0.0,0.0
1536797_clip003_s000,-0.5,-0.866025,0.0,-1.0,0.0,0.0,0.0,1.0,0.0,0.0,1.0,0.0
1536797_clip008_s000,-0.5,-0.866025,0.0,-1.0,0.0,0.0,0.0,1.0,0.0,0.0,1.0,0.0
1536797_clip008_s001,-0.5,-0.866025,0.0,-1.0,0.0,0.0,0.0,1.0,0.0,0.0,1.0,0.0
1536797_clip010_s000,-0.5,-0.866025,0.0,-1.0,0.0,0.0,0.0,1.0,0.0,0.0,1.0,0.0
1536797_clip011_s000,-0.5,-0.866025,0.0,-1.0,0.0,0.0,0.0,1.0,0.0,0.0,1.0,0.0
1536797_clip013_s000,-0.5,-0.866025,0.0,-1.0,0.0,0.0,0.0,1.0,0.0,0.0,1.0,0.0
1536797_clip017_s000,-0.5,-0.866025,0.0,-1.0,0.0,0.0,0.0,1.0,0.0,0.0,1.0,0.0
1536797_clip019_s000,-0.5,-0.866025,0.0,-1.0,0.0,0.0,0.0,1.0,0.0,0.0,1.0,0.0
1536797_clip022_s000,-0.5,-0.866025,0.0,-1.0,0.0,0.0,0.0,1.0,0.0,0.0,1.0,0.0
1536798_clip001_s000,1.0,0.0,0.0,-1.0,0.0,0.0,0.0,1.0,1.0,0.0,0.0,0.0
1536798_clip001_s001,1.0,0.0,0.0,-1.0,0.0,0.0,0.0,1.0,1.0,0.0,0.0,0.0
1536798_clip002_s000,1.0,0.0,0.0,-1.0,0.0,0.0,0.0,1.0,1.0,0.0,0.0,0.0
1536798_clip002_s001,1.0,0.0,0.0,-1.0,0.0,0.0,0.0,1.0,1.0,0.0,0.0,0.0
1536798_clip003_s000,1.0,0.0,0.0,-1.0,0.0,0.0,0.0,1.0,1.0,0.0,0.0,0.0
1536798_clip003_s001,1.0,0.0,0.0,-1.0,0.0,0.0,0.0,1.0,1.0,0.0,0.0,0.0
1536798_clip003_s002,1.0,0.0,0.0,-1.0,0.0,0.0,0.0,1.0,1.0,0.0,0.0,0.0
1536798_clip011_s000,1.0,0.0,0.0,-1.0,0.0,0.0,0.0,1.0,1.0,0.0,0.0,0.0
1536811_clip002_s000,-0.5,0.866025,0.0,-1.0,0.0,0.0,0.0,1.0,0.0,0.0,0.0,1.0
1536811_clip002_s001,-0.5,0.866025,0.0,-1.0,0.0,0.0,0.0,1.0,0.0,0.0,0.0,1.0
1536811_clip004_s000,-0.5,0.866025,0.0,-1.0,0.0,0.0,0.0,1.0,0.0,0.0,0.0,1.0
1536811_clip006_s000,-0.5,0.866025,0.0,-1.0,0.0,0.0,0.0,1.0,0.0,0.0,0.0,1.0
1536811_clip013_s000,-0.5,0.866025,0.0,-1.0,0.0,0.0,0.0,1.0,0.0,0.0,0.0,1.0
1539107_clip004_s000,0.707107,-0.707107,0.0,-1.0,0.0,0.0,0.0,1.0,0.0,1.0,0.0,0.0
1539107_clip008_s000,0.707107,-0.707107,0.0,-1.0,0.0,0.0,0.0,1.0,0.0,1.0,0.0,0.0
1539107_clip009_s000,0.707107,-0.707107,0.0,-1.0,0.0,0.0,0.0,1.0,0.0,1.0,0.0,0.0
1539111_clip003_s000,1.0,0.0,0.0,-1.0,0.0,0.0,0.0,1.0,1.0,0.0,0.0,0.0
1539111_clip003_s001,1.0,0.0,0.0,-1.0,0.0,0.0,0.0,1.0,1.0,0.0,0.0,0.0
1539111_clip004_s000,1.0,0.0,0.0,-1.0,0.0,0.0,0.0,1.0,1.0,0.0,0.0,0.0
1539111_clip004_s001,1.0,0.0,0.0,-1.0,0.0,0.0,0.0,1.0,1.0,0.0,0.0,0.0
1539111_clip004_s002,1.0,0.0,0.0,-1.0,0.0,0.0,0.0,1.0,1.0,0.0,0.0,0.0
1539111_clip004_s003,1.0,0.0,0.0,-1.0,0.0,0.0,0.0,1.0,1.0,0.0,0.0,0.0
1539111_clip015_s000,1.0,0.0,0.0,-1.0,0.0,0.0,0.0,1.0,1.0,0.0,0.0,0.0
1539171_clip003_s000,1.0,0.0,-0.5,-0.866025,0.0,0.0,0.0,1.0,1.0,0.0,0.0,0.0
1539171_clip003_s001,1.0,0.0,-0.5,-0.866025,0.0,0.0,0.0,1.0,1.0,0.0,0.0,0.0
1539171_clip007_s000,1.0,0.0,-0.5,-0.866025,0.0,0.0,0.0,1.0,1.0,0.0,0.0,0.0
1539171_clip016_s000,1.0,0.0,-0.5,-0.866025,0.0,0.0,0.0,1.0,1.0,0.0,0.0,0.0
1539208_clip004_s000,-0.5,0.866025,-0.5,-0.866025,0.0,0.0,0.0,1.0,0.0,0.0,0.0,1.0
1539208_clip005_s000,-0.5,0.866025,-0.5,-0.866025,0.0,0.0,0.0,1.0,0.0,0.0,0.0,1.0
1539208_clip007_s000,-0.5,0.866025,-0.5,-0.866025,0.0,0.0,0.0,1.0,0.0,0.0,0.0,1.0
1539208_clip010_s000,-0.5,0.866025,-0.5,-0.866025,0.0,0.0,0.0,1.0,0.0,0.0,0.0,1.0
1539208_clip011_s000,-0.5,0.866025,-0.5,-0.866025,0.0,0.0,0.0,1.0,0.0,0.0,0.0,1.0
1539520_clip004_s000,-0.258819,-0.965926,-0.5,-0.866025,0.0,0.0,0.0,1.0,0.0,0.0,1.0,0.0
1539520_clip008_s000,-0.258819,-0.965926,-0.5,-0.866025,0.0,0.0,0.0,1.0,0.0,0.0,1.0,0.0
1539520_clip010_s000,-0.258819,-0.965926,-0.5,-0.866025,0.0,0.0,0.0,1.0,0.0,0.0,1.0,0.0
1539520_clip010_s001,-0.258819,-0.965926,-0.5,-0.866025,0.0,0.0,0.0,1.0,0.0,0.0,1.0,0.0
1539520_clip010_s002,-0.258819,-0.965926,-0.5,-0.866025,0.0,0.0,0.0,1.0,0.0,0.0,1.0,0.0
1539520_clip010_s003,-0.258819,-0.965926,-0.5,-0.866025,0.0,0.0,0.0,1.0,0.0,0.0,1.0,0.0
1539525_clip001_s000,-0.5,0.866025,-0.5,-0.866025,0.0,0.0,0.0,1.0,0.0,0.0,0.0,1.0
1539525_clip002_s000,-0.5,0.866025,-0.5,-0.866025,0.0,0.0,0.0,1.0,0.0,0.0,0.0,1.0
1539525_clip005_s000,-0.5,0.866025,-0.5,-0.866025,0.0,0.0,0.0,1.0,0.0,0.0,0.0,1.0
1539525_clip009_s000,-0.5,0.866025,-0.5,-0.866025,0.0,0.0,0.0,1.0,0.0,0.0,0.0,1.0
1539712_clip004_s000,-0.5,0.866025,0.866025,-0.5,0.0,0.0,1.0,0.0,0.0,0.0,0.0,1.0
1539712_clip015_s000,-0.5,0.866025,0.866025,-0.5,0.0,0.0,1.0,0.0,0.0,0.0,0.0,1.0
1539712_clip023_s000,-0.5,0.866025,0.866025,-0.5,0.0,0.0,1.0,0.0,0.0,0.0,0.0,1.0
1539719_clip004_s000,-0.5,0.866025,-0.866025,-0.5,0.0,0.0,0.0,1.0,0.0,0.0,0.0,1.0
1539719_clip007_s000,-0.5,0.866025,-0.866025,-0.5,0.0,0.0,0.0,1.0,0.0,0.0,0.0,1.0
1539719_clip008_s000,-0.5,0.866025,-0.866025,-0.5,0.0,0.0,0.0,1.0,0.0,0.0,0.0,1.0
1539719_clip009_s000,-0.5,0.866025,-0.866025,-0.5,0.0,0.0,0.0,1.0,0.0,0.0,0.0,1.0
1539719_clip014_s000,-0.5,0.866025,-0.866025,-0.5,0.0,0.0,0.0,1.0,0.0,0.0,0.0,1.0
1668395_clip020_s000,0.866025,-0.5,-0.5,0.866025,1.0,0.0,0.0,0.0,0.0,1.0,0.0,0.0
1668453_clip006_s000,0.866025,-0.5,-0.5,0.866025,1.0,0.0,0.0,0.0,0.0,1.0,0.0,0.0
1668453_clip011_s000,0.866025,-0.5,-0.5,0.866025,1.0,0.0,0.0,0.0,0.0,1.0,0.0,0.0
1668453_clip013_s000,0.866025,-0.5,-0.5,0.866025,1.0,0.0,0.0,0.0,0.0,1.0,0.0,0.0
1668453_clip015_s000,0.866025,-0.5,-0.5,0.866025,1.0,0.0,0.0,0.0,0.0,1.0,0.0,0.0
1668453_clip018_s000,0.866025,-0.5,-0.5,0.866025,1.0,0.0,0.0,0.0,0.0,1.0,0.0,0.0
1668453_clip019_s000,0.866025,-0.5,-0.5,0.866025,1.0,0.0,0.0,0.0,0.0,1.0,0.0,0.0
1668453_clip020_s000,0.866025,-0.5,-0.5,0.866025,1.0,0.0,0.0,0.0,0.0,1.0,0.0,0.0
1668453_clip020_s001,0.866025,-0.5,-0.5,0.866025,1.0,0.0,0.0,0.0,0.0,1.0,0.0,0.0
1668453_clip020_s002,0.866025,-0.5,-0.5,0.866025,1.0,0.0,0.0,0.0,0.0,1.0,0.0,0.0
1668453_clip021_s000,0.866025,-0.5,-0.5,0.866025,1.0,0.0,0.0,0.0,0.0,1.0,0.0,0.0
1668453_clip023_s000,0.866025,-0.5,-0.5,0.866025,1.0,0.0,0.0,0.0,0.0,1.0,0.0,0.0
1668454_clip005_s000,1.0,0.0,-0.5,0.866025,1.0,0.0,0.0,0.0,1.0,0.0,0.0,0.0
1668454_clip013_s000,1.0,0.0,-0.5,0.866025,1.0,0.0,0.0,0.0,1.0,0.0,0.0,0.0
1668454_clip019_s000,1.0,0.0,-0.5,0.866025,1.0,0.0,0.0,0.0,1.0,0.0,0.0,0.0
1668454_clip021_s000,1.0,0.0,-0.5,0.866025,1.0,0.0,0.0,0.0,1.0,0.0,0.0,0.0
1668454_clip022_s000,1.0,0.0,-0.5,0.866025,1.0,0.0,0.0,0.0,1.0,0.0,0.0,0.0
1668481_clip012_s000,-0.5,-0.866025,-0.5,0.866025,1.0,0.0,0.0,0.0,0.0,0.0,1.0,0.0
1668481_clip013_s000,-0.5,-0.866025,-0.5,0.866025,1.0,0.0,0.0,0.0,0.0,0.0,1.0,0.0
1668481_clip014_s000,-0.5,-0.866025,-0.5,0.866025,1.0,0.0,0.0,0.0,0.0,0.0,1.0,0.0
1668481_clip016_s000,-0.5,-0.866025,-0.5,0.866025,1.0,0.0,0.0,0.0,0.0,0.0,1.0,0.0
1668481_clip019_s000,-0.5,-0.866025,-0.5,0.866025,1.0,0.0,0.0,0.0,0.0,0.0,1.0,0.0
1669291_clip009_s000,1.0,0.0,-0.0,1.0,0.0,1.0,0.0,0.0,1.0,0.0,0.0,0.0
1669477_clip004_s000,0.866025,-0.5,0.866025,0.5,0.0,1.0,0.0,0.0,0.0,1.0,0.0,0.0
1669477_clip006_s000,0.866025,-0.5,0.866025,0.5,0.0,1.0,0.0,0.0,0.0,1.0,0.0,0.0
1670355_clip002_s000,1.0,0.0,1.0,0.0,0.0,0.0,1.0,0.0,1.0,0.0,0.0,0.0
1670408_clip001_s000,-0.5,-0.866025,1.0,0.0,0.0,0.0,1.0,0.0,0.0,0.0,1.0,0.0
1670408_clip009_s000,-0.5,-0.866025,1.0,0.0,0.0,0.0,1.0,0.0,0.0,0.0,1.0,0.0
1670408_clip009_s001,-0.5,-0.866025,1.0,0.0,0.0,0.0,1.0,0.0,0.0,0.0,1.0,0.0
1670408_clip009_s002,-0.5,-0.866025,1.0,0.0,0.0,0.0,1.0,0.0,0.0,0.0,1.0,0.0
1670408_clip013_s000,-0.5,-0.866025,1.0,0.0,0.0,0.0,1.0,0.0,0.0,0.0,1.0,0.0
1670408_clip013_s001,-0.5,-0.866025,1.0,0.0,0.0,0.0,1.0,0.0,0.0,0.0,1.0,0.0
1670408_clip013_s002,-0.5,-0.866025,1.0,0.0,0.0,0.0,1.0,0.0,0.0,0.0,1.0,0.0
1670408_clip013_s003,-0.5,-0.866025,1.0,0.0,0.0,0.0,1.0,0.0,0.0,0.0,1.0,0.0
1670408_clip023_s000,-0.5,-0.866025,1.0,0.0,0.0,0.0,1.0,0.0,0.0,0.0,1.0,0.0
1670408_clip023_s001,-0.5,-0.866025,1.0,0.0,0.0,0.0,1.0,0.0,0.0,0.0,1.0,0.0
1670984_clip004_s000,-0.258819,-0.965926,0.866025,0.5,0.0,1.0,0.0,0.0,0.0,0.0,1.0,0.0
1670984_clip004_s001,-0.258819,-0.965926,0.866025,0.5,0.0,1.0,0.0,0.0,0.0,0.0,1.0,0.0
1670984_clip005_s000,-0.258819,-0.965926,0.866025,0.5,0.0,1.0,0.0,0.0,0.0,0.0,1.0,0.0
1671221_clip001_s000,1.0,0.0,0.5,-0.866025,0.0,0.0,1.0,0.0,1.0,0.0,0.0,0.0
1671221_clip004_s000,1.0,0.0,0.5,-0.866025,0.0,0.0,1.0,0.0,1.0,0.0,0.0,0.0
1671221_clip004_s001,1.0,0.0,0.5,-0.866025,0.0,0.0,1.0,0.0,1.0,0.0,0.0,0.0
1672053_clip005_s000,0.866025,-0.5,0.866025,-0.5,0.0,0.0,1.0,0.0,0.0,1.0,0.0,0.0
1672053_clip009_s000,0.866025,-0.5,0.866025,-0.5,0.0,0.0,1.0,0.0,0.0,1.0,0.0,0.0
1672053_clip018_s000,0.866025,-0.5,0.866025,-0.5,0.0,0.0,1.0,0.0,0.0,1.0,0.0,0.0
1672094_clip002_s000,-0.258819,-0.965926,0.866025,-0.5,0.0,0.0,1.0,0.0,0.0,0.0,1.0,0.0
1672094_clip002_s001,-0.258819,-0.965926,0.866025,-0.5,0.0,0.0,1.0,0.0,0.0,0.0,1.0,0.0
1672094_clip002_s002,-0.258819,-0.965926,0.866025,-0.5,0.0,0.0,1.0,0.0,0.0,0.0,1.0,0.0
1672094_clip002_s003,-0.258819,-0.965926,0.866025,-0.5,0.0,0.0,1.0,0.0,0.0,0.0,1.0,0.0
1672094_clip004_s000,-0.258819,-0.965926,0.866025,-0.5,0.0,0.0,1.0,0.0,0.0,0.0,1.0,0.0
1672094_clip005_s000,-0.258819,-0.965926,0.866025,-0.5,0.0,0.0,1.0,0.0,0.0,0.0,1.0,0.0
1672094_clip005_s001,-0.258819,-0.965926,0.866025,-0.5,0.0,0.0,1.0,0.0,0.0,0.0,1.0,0.0
1672094_clip005_s002,-0.258819,-0.965926,0.866025,-0.5,0.0,0.0,1.0,0.0,0.0,0.0,1.0,0.0
1672094_clip005_s003,-0.258819,-0.965926,0.866025,-0.5,0.0,0.0,1.0,0.0,0.0,0.0,1.0,0.0
1672094_clip005_s004,-0.258819,-0.965926,0.866025,-0.5,0.0,0.0,1.0,0.0,0.0,0.0,1.0,0.0
1672094_clip005_s005,-0.258819,-0.965926,0.866025,-0.5,0.0,0.0,1.0,0.0,0.0,0.0,1.0,0.0
1672094_clip006_s000,-0.258819,-0.965926,0.866025,-0.5,0.0,0.0,1.0,0.0,0.0,0.0,1.0,0.0
1672451_clip003_s000,0.866025,0.5,0.0,-1.0,0.0,0.0,0.0,1.0,1.0,0.0,0.0,0.0
1672451_clip010_s000,0.866025,0.5,0.0,-1.0,0.0,0.0,0.0,1.0,1.0,0.0,0.0,0.0
1672451_clip013_s000,0.866025,0.5,0.0,-1.0,0.0,0.0,0.0,1.0,1.0,0.0,0.0,0.0
1672451_clip014_s000,0.866025,0.5,0.0,-1.0,0.0,0.0,0.0,1.0,1.0,0.0,0.0,0.0
1672451_clip017_s000,0.866025,0.5,0.0,-1.0,0.0,0.0,0.0,1.0,1.0,0.0,0.0,0.0
1672451_clip021_s000,0.866025,0.5,0.0,-1.0,0.0,0.0,0.0,1.0,1.0,0.0,0.0,0.0
1672466_clip001_s000,0.707107,-0.707107,0.0,-1.0,0.0,0.0,0.0,1.0,0.0,1.0,0.0,0.0
1672466_clip001_s001,0.707107,-0.707107,0.0,-1.0,0.0,0.0,0.0,1.0,0.0,1.0,0.0,0.0
1672466_clip005_s000,0.707107,-0.707107,0.0,-1.0,0.0,0.0,0.0,1.0,0.0,1.0,0.0,0.0
1672819_clip002_s000,1.0,0.0,0.0,-1.0,0.0,0.0,0.0,1.0,1.0,0.0,0.0,0.0
1672819_clip005_s000,1.0,0.0,0.0,-1.0,0.0,0.0,0.0,1.0,1.0,0.0,0.0,0.0
1672819_clip008_s000,1.0,0.0,0.0,-1.0,0.0,0.0,0.0,1.0,1.0,0.0,0.0,0.0
1672840_clip004_s000,-0.5,0.866025,0.0,-1.0,0.0,0.0,0.0,1.0,0.0,0.0,0.0,1.0
1672840_clip004_s001,-0.5,0.866025,0.0,-1.0,0.0,0.0,0.0,1.0,0.0,0.0,0.0,1.0
1672840_clip005_s000,-0.5,0.866025,0.0,-1.0,0.0,0.0,0.0,1.0,0.0,0.0,0.0,1.0
1672840_clip005_s001,-0.5,0.866025,0.0,-1.0,0.0,0.0,0.0,1.0,0.0,0.0,0.0,1.0
1672840_clip008_s000,-0.5,0.866025,0.0,-1.0,0.0,0.0,0.0,1.0,0.0,0.0,0.0,1.0
1672840_clip008_s001,-0.5,0.866025,0.0,-1.0,0.0,0.0,0.0,1.0,0.0,0.0,0.0,1.0
1672840_clip008_s002,-0.5,0.866025,0.0,-1.0,0.0,0.0,0.0,1.0,0.0,0.0,0.0,1.0
1672840_clip008_s003,-0.5,0.866025,0.0,-1.0,0.0,0.0,0.0,1.0,0.0,0.0,0.0,1.0
1672840_clip009_s000,-0.5,0.866025,0.0,-1.0,0.0,0.0,0.0,1.0,0.0,0.0,0.0,1.0
1672840_clip010_s000,-0.5,0.866025,0.0,-1.0,0.0,0.0,0.0,1.0,0.0,0.0,0.0,1.0
1672840_clip016_s000,-0.5,0.866025,0.0,-1.0,0.0,0.0,0.0,1.0,0.0,0.0,0.0,1.0
1672923_clip001_s000,-0.258819,-0.965926,0.5,-0.866025,0.0,0.0,1.0,0.0,0.0,0.0,1.0,0.0
1672923_clip001_s001,-0.258819,-0.965926,0.5,-0.866025,0.0,0.0,1.0,0.0,0.0,0.0,1.0,0.0
1672923_clip002_s000,-0.258819,-0.965926,0.5,-0.866025,0.0,0.0,1.0,0.0,0.0,0.0,1.0,0.0
1672923_clip004_s000,-0.258819,-0.965926,0.5,-0.866025,0.0,0.0,1.0,0.0,0.0,0.0,1.0,0.0
1672923_clip004_s001,-0.258819,-0.965926,0.5,-0.866025,0.0,0.0,1.0,0.0,0.0,0.0,1.0,0.0
1672923_clip004_s002,-0.258819,-0.965926,0.5,-0.866025,0.0,0.0,1.0,0.0,0.0,0.0,1.0,0.0
1675748_clip001_s000,0.0,-1.0,0.0,-1.0,0.0,0.0,0.0,1.0,0.0,0.0,1.0,0.0
1675748_clip013_s000,0.0,-1.0,0.0,-1.0,0.0,0.0,0.0,1.0,0.0,0.0,1.0,0.0
1675748_clip015_s000,0.0,-1.0,0.0,-1.0,0.0,0.0,0.0,1.0,0.0,0.0,1.0,0.0
1675748_clip016_s000,0.0,-1.0,0.0,-1.0,0.0,0.0,0.0,1.0,0.0,0.0,1.0,0.0
1675916_clip012_s000,0.866025,-0.5,0.5,-0.866025,0.0,0.0,1.0,0.0,0.0,1.0,0.0,0.0
1675916_clip012_s001,0.866025,-0.5,0.5,-0.866025,0.0,0.0,1.0,0.0,0.0,1.0,0.0,0.0
1675916_clip017_s000,0.866025,-0.5,0.5,-0.866025,0.0,0.0,1.0,0.0,0.0,1.0,0.0,0.0
1675916_clip019_s000,0.866025,-0.5,0.5,-0.866025,0.0,0.0,1.0,0.0,0.0,1.0,0.0,0.0
1675916_clip024_s000,0.866025,-0.5,0.5,-0.866025,0.0,0.0,1.0,0.0,0.0,1.0,0.0,0.0
1676142_clip001_s000,0.0,-1.0,0.866025,-0.5,0.0,0.0,1.0,0.0,0.0,0.0,1.0,0.0
1676142_clip005_s000,0.0,-1.0,0.866025,-0.5,0.0,0.0,1.0,0.0,0.0,0.0,1.0,0.0
1676142_clip009_s000,0.0,-1.0,0.866025,-0.5,0.0,0.0,1.0,0.0,0.0,0.0,1.0,0.0
1676142_clip010_s000,0.0,-1.0,0.866025,-0.5,0.0,0.0,1.0,0.0,0.0,0.0,1.0,0.0
1676142_clip012_s000,0.0,-1.0,0.866025,-0.5,0.0,0.0,1.0,0.0,0.0,0.0,1.0,0.0
1676142_clip014_s000,0.0,-1.0,0.866025,-0.5,0.0,0.0,1.0,0.0,0.0,0.0,1.0,0.0
1676142_clip014_s001,0.0,-1.0,0.866025,-0.5,0.0,0.0,1.0,0.0,0.0,0.0,1.0,0.0
1676142_clip014_s002,0.0,-1.0,0.866025,-0.5,0.0,0.0,1.0,0.0,0.0,0.0,1.0,0.0
1676142_clip014_s003,0.0,-1.0,0.866025,-0.5,0.0,0.0,1.0,0.0,0.0,0.0,1.0,0.0
1676142_clip014_s004,0.0,-1.0,0.866025,-0.5,0.0,0.0,1.0,0.0,0.0,0.0,1.0,0.0
1676142_clip015_s000,0.0,-1.0,0.866025,-0.5,0.0,0.0,1.0,0.0,0.0,0.0,1.0,0.0
1676142_clip015_s001,0.0,-1.0,0.866025,-0.5,0.0,0.0,1.0,0.0,0.0,0.0,1.0,0.0
1676142_clip015_s002,0.0,-1.0,0.866025,-0.5,0.0,0.0,1.0,0.0,0.0,0.0,1.0,0.0
1676142_clip016_s000,0.0,-1.0,0.866025,-0.5,0.0,0.0,1.0,0.0,0.0,0.0,1.0,0.0
1676142_clip016_s001,0.0,-1.0,0.866025,-0.5,0.0,0.0,1.0,0.0,0.0,0.0,1.0,0.0
1676142_clip016_s002,0.0,-1.0,0.866025,-0.5,0.0,0.0,1.0,0.0,0.0,0.0,1.0,0.0
1676441_clip002_s000,1.0,0.0,0.866025,0.5,0.0,1.0,0.0,0.0,1.0,0.0,0.0,0.0
1676441_clip004_s000,1.0,0.0,0.866025,0.5,0.0,1.0,0.0,0.0,1.0,0.0,0.0,0.0
1676441_clip004_s001,1.0,0.0,0.866025,0.5,0.0,1.0,0.0,0.0,1.0,0.0,0.0,0.0
1676441_clip006_s000,1.0,0.0,0.866025,0.5,0.0,1.0,0.0,0.0,1.0,0.0,0.0,0.0
1676441_clip007_s000,1.0,0.0,0.866025,0.5,0.0,1.0,0.0,0.0,1.0,0.0,0.0,0.0
1676441_clip018_s000,1.0,0.0,0.866025,0.5,0.0,1.0,0.0,0.0,1.0,0.0,0.0,0.0
1676444_clip004_s000,-0.5,-0.866025,0.866025,0.5,0.0,1.0,0.0,0.0,0.0,0.0,1.0,0.0
1676444_clip013_s000,-0.5,-0.866025,0.866025,0.5,0.0,1.0,0.0,0.0,0.0,0.0,1.0,0.0
1676521_clip003_s000,0.707107,-0.707107,0.866025,0.5,0.0,1.0,0.0,0.0,0.0,1.0,0.0,0.0
1676615_clip002_s000,-0.5,0.866025,0.5,0.866025,0.0,1.0,0.0,0.0,0.0,0.0,0.0,1.0
1676615_clip003_s000,-0.5,0.866025,0.5,0.866025,0.0,1.0,0.0,0.0,0.0,0.0,0.0,1.0
1676615_clip004_s000,-0.5,0.866025,0.5,0.866025,0.0,1.0,0.0,0.0,0.0,0.0,0.0,1.0
1676615_clip005_s000,-0.5,0.866025,0.5,0.866025,0.0,1.0,0.0,0.0,0.0,0.0,0.0,1.0
1676615_clip007_s000,-0.5,0.866025,0.5,0.866025,0.0,1.0,0.0,0.0,0.0,0.0,0.0,1.0
1676615_clip008_s000,-0.5,0.866025,0.5,0.866025,0.0,1.0,0.0,0.0,0.0,0.0,0.0,1.0
1676615_clip008_s001,-0.5,0.866025,0.5,0.866025,0.0,1.0,0.0,0.0,0.0,0.0,0.0,1.0
1676615_clip013_s000,-0.5,0.866025,0.5,0.866025,0.0,1.0,0.0,0.0,0.0,0.0,0.0,1.0
1676615_clip015_s000,-0.5,0.866025,0.5,0.866025,0.0,1.0,0.0,0.0,0.0,0.0,0.0,1.0
1676615_clip019_s000,-0.5,0.866025,0.5,0.866025,0.0,1.0,0.0,0.0,0.0,0.0,0.0,1.0
1676615_clip019_s001,-0.5,0.866025,0.5,0.866025,0.0,1.0,0.0,0.0,0.0,0.0,0.0,1.0
1676615_clip023_s000,-0.5,0.866025,0.5,0.866025,0.0,1.0,0.0,0.0,0.0,0.0,0.0,1.0
1676619_clip002_s000,0.866025,-0.5,0.5,0.866025,0.0,1.0,0.0,0.0,0.0,1.0,0.0,0.0
1676619_clip004_s000,0.866025,-0.5,0.5,0.866025,0.0,1.0,0.0,0.0,0.0,1.0,0.0,0.0
1676619_clip005_s000,0.866025,-0.5,0.5,0.866025,0.0,1.0,0.0,0.0,0.0,1.0,0.0,0.0
1676619_clip008_s000,0.866025,-0.5,0.5,0.866025,0.0,1.0,0.0,0.0,0.0,1.0,0.0,0.0
1676619_clip011_s000,0.866025,-0.5,0.5,0.866025,0.0,1.0,0.0,0.0,0.0,1.0,0.0,0.0
1676619_clip015_s000,0.866025,-0.5,0.5,0.866025,0.0,1.0,0.0,0.0,0.0,1.0,0.0,0.0
1676619_clip017_s000,0.866025,-0.5,0.5,0.866025,0.0,1.0,0.0,0.0,0.0,1.0,0.0,0.0
1676791_clip004_s000,0.866025,-0.5,-0.0,1.0,0.0,1.0,0.0,0.0,0.0,1.0,0.0,0.0
1677090_clip003_s000,1.0,0.0,-0.866025,0.5,1.0,0.0,0.0,0.0,1.0,0.0,0.0,0.0
1677090_clip014_s000,1.0,0.0,-0.866025,0.5,1.0,0.0,0.0,0.0,1.0,0.0,0.0,0.0
1677131_clip001_s000,0.866025,-0.5,-0.866025,0.5,1.0,0.0,0.0,0.0,0.0,1.0,0.0,0.0
1677131_clip010_s000,0.866025,-0.5,-0.866025,0.5,1.0,0.0,0.0,0.0,0.0,1.0,0.0,0.0
1677131_clip012_s000,0.866025,-0.5,-0.866025,0.5,1.0,0.0,0.0,0.0,0.0,1.0,0.0,0.0
1677131_clip012_s001,0.866025,-0.5,-0.866025,0.5,1.0,0.0,0.0,0.0,0.0,1.0,0.0,0.0
1677131_clip013_s000,0.866025,-0.5,-0.866025,0.5,1.0,0.0,0.0,0.0,0.0,1.0,0.0,0.0
1677131_clip015_s000,0.866025,-0.5,-0.866025,0.5,1.0,0.0,0.0,0.0,0.0,1.0,0.0,0.0
1677131_clip016_s000,0.866025,-0.5,-0.866025,0.5,1.0,0.0,0.0,0.0,0.0,1.0,0.0,0.0
1677131_clip016_s001,0.866025,-0.5,-0.866025,0.5,1.0,0.0,0.0,0.0,0.0,1.0,0.0,0.0
1677131_clip017_s000,0.866025,-0.5,-0.866025,0.5,1.0,0.0,0.0,0.0,0.0,1.0,0.0,0.0
1677131_clip018_s000,0.866025,-0.5,-0.866025,0.5,1.0,0.0,0.0,0.0,0.0,1.0,0.0,0.0
1677131_clip018_s001,0.866025,-0.5,-0.866025,0.5,1.0,0.0,0.0,0.0,0.0,1.0,0.0,0.0
1677131_clip020_s000,0.866025,-0.5,-0.866025,0.5,1.0,0.0,0.0,0.0,0.0,1.0,0.0,0.0
1677131_clip024_s000,0.866025,-0.5,-0.866025,0.5,1.0,0.0,0.0,0.0,0.0,1.0,0.0,0.0
1677392_clip001_s000,-0.5,0.866025,-0.866025,0.5,1.0,0.0,0.0,0.0,0.0,0.0,0.0,1.0
1677392_clip024_s000,-0.5,0.866025,-0.866025,0.5,1.0,0.0,0.0,0.0,0.0,0.0,0.0,1.0
1677542_clip001_s000,-0.5,0.866025,-0.0,1.0,0.0,1.0,0.0,0.0,0.0,0.0,0.0,1.0
1677542_clip001_s001,-0.5,0.866025,-0.0,1.0,0.0,1.0,0.0,0.0,0.0,0.0,0.0,1.0
1677542_clip001_s002,-0.5,0.866025,-0.0,1.0,0.0,1.0,0.0,0.0,0.0,0.0,0.0,1.0
1677542_clip001_s003,-0.5,0.866025,-0.0,1.0,0.0,1.0,0.0,0.0,0.0,0.0,0.0,1.0
1677542_clip002_s000,-0.5,0.866025,-0.0,1.0,0.0,1.0,0.0,0.0,0.0,0.0,0.0,1.0
1677542_clip002_s001,-0.5,0.866025,-0.0,1.0,0.0,1.0,0.0,0.0,0.0,0.0,0.0,1.0
1677542_clip002_s002,-0.5,0.866025,-0.0,1.0,0.0,1.0,0.0,0.0,0.0,0.0,0.0,1.0
1677542_clip002_s003,-0.5,0.866025,-0.0,1.0,0.0,1.0,0.0,0.0,0.0,0.0,0.0,1.0
1677542_clip002_s004,-0.5,0.866025,-0.0,1.0,0.0,1.0,0.0,0.0,0.0,0.0,0.0,1.0
1677542_clip002_s005,-0.5,0.866025,-0.0,1.0,0.0,1.0,0.0,0.0,0.0,0.0,0.0,1.0
1677542_clip002_s006,-0.5,0.866025,-0.0,1.0,0.0,1.0,0.0,0.0,0.0,0.0,0.0,1.0
1677542_clip003_s000,-0.5,0.866025,-0.0,1.0,0.0,1.0,0.0,0.0,0.0,0.0,0.0,1.0
1677542_clip003_s001,-0.5,0.866025,-0.0,1.0,0.0,1.0,0.0,0.0,0.0,0.0,0.0,1.0
1677542_clip003_s002,-0.5,0.866025,-0.0,1.0,0.0,1.0,0.0,0.0,0.0,0.0,0.0,1.0
1677542_clip005_s000,-0.5,0.866025,-0.0,1.0,0.0,1.0,0.0,0.0,0.0,0.0,0.0,1.0
1677542_clip005_s001,-0.5,0.866025,-0.0,1.0,0.0,1.0,0.0,0.0,0.0,0.0,0.0,1.0
1677542_clip005_s002,-0.5,0.866025,-0.0,1.0,0.0,1.0,0.0,0.0,0.0,0.0,0.0,1.0
1677542_clip005_s003,-0.5,0.866025,-0.0,1.0,0.0,1.0,0.0,0.0,0.0,0.0,0.0,1.0
1677542_clip005_s004,-0.5,0.866025,-0.0,1.0,0.0,1.0,0.0,0.0,0.0,0.0,0.0,1.0
1677542_clip005_s005,-0.5,0.866025,-0.0,1.0,0.0,1.0,0.0,0.0,0.0,0.0,0.0,1.0
1677542_clip005_s006,-0.5,0.866025,-0.0,1.0,0.0,1.0,0.0,0.0,0.0,0.0,0.0,1.0
1677542_clip005_s007,-0.5,0.866025,-0.0,1.0,0.0,1.0,0.0,0.0,0.0,0.0,0.0,1.0
1677542_clip005_s008,-0.5,0.866025,-0.0,1.0,0.0,1.0,0.0,0.0,0.0,0.0,0.0,1.0
1677542_clip005_s009,-0.5,0.866025,-0.0,1.0,0.0,1.0,0.0,0.0,0.0,0.0,0.0,1.0
1677542_clip006_s000,-0.5,0.866025,-0.0,1.0,0.0,1.0,0.0,0.0,0.0,0.0,0.0,1.0
1677542_clip006_s001,-0.5,0.866025,-0.0,1.0,0.0,1.0,0.0,0.0,0.0,0.0,0.0,1.0
1677542_clip006_s002,-0.5,0.866025,-0.0,1.0,0.0,1.0,0.0,0.0,0.0,0.0,0.0,1.0
1677542_clip007_s000,-0.5,0.866025,-0.0,1.0,0.0,1.0,0.0,0.0,0.0,0.0,0.0,1.0
1677542_clip007_s001,-0.5,0.866025,-0.0,1.0,0.0,1.0,0.0,0.0,0.0,0.0,0.0,1.0
1677542_clip007_s002,-0.5,0.866025,-0.0,1.0,0.0,1.0,0.0,0.0,0.0,0.0,0.0,1.0
1677542_clip007_s003,-0.5,0.866025,-0.0,1.0,0.0,1.0,0.0,0.0,0.0,0.0,0.0,1.0
1677542_clip007_s004,-0.5,0.866025,-0.0,1.0,0.0,1.0,0.0,0.0,0.0,0.0,0.0,1.0
1677542_clip007_s005,-0.5,0.866025,-0.0,1.0,0.0,1.0,0.0,0.0,0.0,0.0,0.0,1.0
1677542_clip007_s006,-0.5,0.866025,-0.0,1.0,0.0,1.0,0.0,0.0,0.0,0.0,0.0,1.0
1677542_clip007_s007,-0.5,0.866025,-0.0,1.0,0.0,1.0,0.0,0.0,0.0,0.0,0.0,1.0
1677542_clip007_s008,-0.5,0.866025,-0.0,1.0,0.0,1.0,0.0,0.0,0.0,0.0,0.0,1.0
1677542_clip010_s000,-0.5,0.866025,-0.0,1.0,0.0,1.0,0.0,0.0,0.0,0.0,0.0,1.0
1677542_clip010_s001,-0.5,0.866025,-0.0,1.0,0.0,1.0,0.0,0.0,0.0,0.0,0.0,1.0
1677542_clip011_s000,-0.5,0.866025,-0.0,1.0,0.0,1.0,0.0,0.0,0.0,0.0,0.0,1.0
1677542_clip011_s001,-0.5,0.866025,-0.0,1.0,0.0,1.0,0.0,0.0,0.0,0.0,0.0,1.0
1677542_clip011_s002,-0.5,0.866025,-0.0,1.0,0.0,1.0,0.0,0.0,0.0,0.0,0.0,1.0
1677542_clip011_s003,-0.5,0.866025,-0.0,1.0,0.0,1.0,0.0,0.0,0.0,0.0,0.0,1.0
1677542_clip011_s004,-0.5,0.866025,-0.0,1.0,0.0,1.0,0.0,0.0,0.0,0.0,0.0,1.0
1677542_clip011_s005,-0.5,0.866025,-0.0,1.0,0.0,1.0,0.0,0.0,0.0,0.0,0.0,1.0
1677542_clip011_s006,-0.5,0.866025,-0.0,1.0,0.0,1.0,0.0,0.0,0.0,0.0,0.0,1.0
1677542_clip012_s000,-0.5,0.866025,-0.0,1.0,0.0,1.0,0.0,0.0,0.0,0.0,0.0,1.0
1677542_clip012_s001,-0.5,0.866025,-0.0,1.0,0.0,1.0,0.0,0.0,0.0,0.0,0.0,1.0
1677542_clip013_s000,-0.5,0.866025,-0.0,1.0,0.0,1.0,0.0,0.0,0.0,0.0,0.0,1.0
1677542_clip014_s000,-0.5,0.866025,-0.0,1.0,0.0,1.0,0.0,0.0,0.0,0.0,0.0,1.0
1677542_clip014_s001,-0.5,0.866025,-0.0,1.0,0.0,1.0,0.0,0.0,0.0,0.0,0.0,1.0
1677542_clip014_s002,-0.5,0.866025,-0.0,1.0,0.0,1.0,0.0,0.0,0.0,0.0,0.0,1.0
1677542_clip014_s003,-0.5,0.866025,-0.0,1.0,0.0,1.0,0.0,0.0,0.0,0.0,0.0,1.0
1677542_clip014_s004,-0.5,0.866025,-0.0,1.0,0.0,1.0,0.0,0.0,0.0,0.0,0.0,1.0
1677542_clip015_s000,-0.5,0.866025,-0.0,1.0,0.0,1.0,0.0,0.0,0.0,0.0,0.0,1.0
1677542_clip015_s001,-0.5,0.866025,-0.0,1.0,0.0,1.0,0.0,0.0,0.0,0.0,0.0,1.0
1677542_clip015_s002,-0.5,0.866025,-0.0,1.0,0.0,1.0,0.0,0.0,0.0,0.0,0.0,1.0
1677542_clip015_s003,-0.5,0.866025,-0.0,1.0,0.0,1.0,0.0,0.0,0.0,0.0,0.0,1.0
1677542_clip016_s000,-0.5,0.866025,-0.0,1.0,0.0,1.0,0.0,0.0,0.0,0.0,0.0,1.0
1677542_clip016_s001,-0.5,0.866025,-0.0,1.0,0.0,1.0,0.0,0.0,0.0,0.0,0.0,1.0
1677542_clip018_s000,-0.5,0.866025,-0.0,1.0,0.0,1.0,0.0,0.0,0.0,0.0,0.0,1.0
1677542_clip018_s001,-0.5,0.866025,-0.0,1.0,0.0,1.0,0.0,0.0,0.0,0.0,0.0,1.0
1677542_clip018_s002,-0.5,0.866025,-0.0,1.0,0.0,1.0,0.0,0.0,0.0,0.0,0.0,1.0
1677542_clip018_s003,-0.5,0.866025,-0.0,1.0,0.0,1.0,0.0,0.0,0.0,0.0,0.0,1.0
1677542_clip019_s000,-0.5,0.866025,-0.0,1.0,0.0,1.0,0.0,0.0,0.0,0.0,0.0,1.0
1677542_clip019_s001,-0.5,0.866025,-0.0,1.0,0.0,1.0,0.0,0.0,0.0,0.0,0.0,1.0
1677542_clip019_s002,-0.5,0.866025,-0.0,1.0,0.0,1.0,0.0,0.0,0.0,0.0,0.0,1.0
1677542_clip019_s003,-0.5,0.866025,-0.0,1.0,0.0,1.0,0.0,0.0,0.0,0.0,0.0,1.0
1677542_clip019_s004,-0.5,0.866025,-0.0,1.0,0.0,1.0,0.0,0.0,0.0,0.0,0.0,1.0
1677542_clip020_s000,-0.5,0.866025,-0.0,1.0,0.0,1.0,0.0,0.0,0.0,0.0,0.0,1.0
1677542_clip021_s000,-0.5,0.866025,-0.0,1.0,0.0,1.0,0.0,0.0,0.0,0.0,0.0,1.0
1677542_clip021_s001,-0.5,0.866025,-0.0,1.0,0.0,1.0,0.0,0.0,0.0,0.0,0.0,1.0
1677542_clip022_s000,-0.5,0.866025,-0.0,1.0,0.0,1.0,0.0,0.0,0.0,0.0,0.0,1.0
1677542_clip022_s001,-0.5,0.866025,-0.0,1.0,0.0,1.0,0.0,0.0,0.0,0.0,0.0,1.0
1677542_clip023_s000,-0.5,0.866025,-0.0,1.0,0.0,1.0,0.0,0.0,0.0,0.0,0.0,1.0
1677542_clip023_s001,-0.5,0.866025,-0.0,1.0,0.0,1.0,0.0,0.0,0.0,0.0,0.0,1.0
1677542_clip023_s002,-0.5,0.866025,-0.0,1.0,0.0,1.0,0.0,0.0,0.0,0.0,0.0,1.0
1677542_clip023_s003,-0.5,0.866025,-0.0,1.0,0.0,1.0,0.0,0.0,0.0,0.0,0.0,1.0
1677542_clip024_s000,-0.5,0.866025,-0.0,1.0,0.0,1.0,0.0,0.0,0.0,0.0,0.0,1.0
1677542_clip024_s001,-0.5,0.866025,-0.0,1.0,0.0,1.0,0.0,0.0,0.0,0.0,0.0,1.0
1677542_clip024_s002,-0.5,0.866025,-0.0,1.0,0.0,1.0,0.0,0.0,0.0,0.0,0.0,1.0
1677542_clip024_s003,-0.5,0.866025,-0.0,1.0,0.0,1.0,0.0,0.0,0.0,0.0,0.0,1.0
1677668_clip002_s000,1.0,0.0,0.5,0.866025,0.0,1.0,0.0,0.0,1.0,0.0,0.0,0.0
1677668_clip003_s000,1.0,0.0,0.5,0.866025,0.0,1.0,0.0,0.0,1.0,0.0,0.0,0.0
1677668_clip003_s001,1.0,0.0,0.5,0.866025,0.0,1.0,0.0,0.0,1.0,0.0,0.0,0.0
1677668_clip004_s000,1.0,0.0,0.5,0.866025,0.0,1.0,0.0,0.0,1.0,0.0,0.0,0.0
1677668_clip004_s001,1.0,0.0,0.5,0.866025,0.0,1.0,0.0,0.0,1.0,0.0,0.0,0.0
1677668_clip004_s002,1.0,0.0,0.5,0.866025,0.0,1.0,0.0,0.0,1.0,0.0,0.0,0.0
1677668_clip006_s000,1.0,0.0,0.5,0.866025,0.0,1.0,0.0,0.0,1.0,0.0,0.0,0.0
1677668_clip007_s000,1.0,0.0,0.5,0.866025,0.0,1.0,0.0,0.0,1.0,0.0,0.0,0.0
1677668_clip009_s000,1.0,0.0,0.5,0.866025,0.0,1.0,0.0,0.0,1.0,0.0,0.0,0.0
1677668_clip012_s000,1.0,0.0,0.5,0.866025,0.0,1.0,0.0,0.0,1.0,0.0,0.0,0.0
1677668_clip013_s000,1.0,0.0,0.5,0.866025,0.0,1.0,0.0,0.0,1.0,0.0,0.0,0.0
1677668_clip017_s000,1.0,0.0,0.5,0.866025,0.0,1.0,0.0,0.0,1.0,0.0,0.0,0.0
1677668_clip017_s001,1.0,0.0,0.5,0.866025,0.0,1.0,0.0,0.0,1.0,0.0,0.0,0.0
1677668_clip019_s000,1.0,0.0,0.5,0.866025,0.0,1.0,0.0,0.0,1.0,0.0,0.0,0.0
1678158_clip002_s000,-0.258819,0.965926,0.866025,-0.5,0.0,0.0,1.0,0.0,0.0,0.0,0.0,1.0
1678158_clip002_s001,-0.258819,0.965926,0.866025,-0.5,0.0,0.0,1.0,0.0,0.0,0.0,0.0,1.0
1678158_clip004_s000,-0.258819,0.965926,0.866025,-0.5,0.0,0.0,1.0,0.0,0.0,0.0,0.0,1.0
1678158_clip005_s000,-0.258819,0.965926,0.866025,-0.5,0.0,0.0,1.0,0.0,0.0,0.0,0.0,1.0
1678158_clip005_s001,-0.258819,0.965926,0.866025,-0.5,0.0,0.0,1.0,0.0,0.0,0.0,0.0,1.0
1678158_clip006_s000,-0.258819,0.965926,0.866025,-0.5,0.0,0.0,1.0,0.0,0.0,0.0,0.0,1.0
1678158_clip006_s001,-0.258819,0.965926,0.866025,-0.5,0.0,0.0,1.0,0.0,0.0,0.0,0.0,1.0
1678158_clip006_s002,-0.258819,0.965926,0.866025,-0.5,0.0,0.0,1.0,0.0,0.0,0.0,0.0,1.0
1678158_clip008_s000,-0.258819,0.965926,0.866025,-0.5,0.0,0.0,1.0,0.0,0.0,0.0,0.0,1.0
1678158_clip008_s001,-0.258819,0.965926,0.866025,-0.5,0.0,0.0,1.0,0.0,0.0,0.0,0.0,1.0
1678158_clip009_s000,-0.258819,0.965926,0.866025,-0.5,0.0,0.0,1.0,0.0,0.0,0.0,0.0,1.0
1678158_clip010_s000,-0.258819,0.965926,0.866025,-0.5,0.0,0.0,1.0,0.0,0.0,0.0,0.0,1.0
1678158_clip010_s001,-0.258819,0.965926,0.866025,-0.5,0.0,0.0,1.0,0.0,0.0,0.0,0.0,1.0
1678158_clip010_s002,-0.258819,0.965926,0.866025,-0.5,0.0,0.0,1.0,0.0,0.0,0.0,0.0,1.0
1678158_clip011_s000,-0.258819,0.965926,0.866025,-0.5,0.0,0.0,1.0,0.0,0.0,0.0,0.0,1.0
1678484_clip004_s000,1.0,0.0,-0.866025,0.5,1.0,0.0,0.0,0.0,1.0,0.0,0.0,0.0
1678484_clip005_s000,1.0,0.0,-0.866025,0.5,1.0,0.0,0.0,0.0,1.0,0.0,0.0,0.0
1678484_clip005_s001,1.0,0.0,-0.866025,0.5,1.0,0.0,0.0,0.0,1.0,0.0,0.0,0.0
1678484_clip008_s000,1.0,0.0,-0.866025,0.5,1.0,0.0,0.0,0.0,1.0,0.0,0.0,0.0
1678484_clip016_s000,1.0,0.0,-0.866025,0.5,1.0,0.0,0.0,0.0,1.0,0.0,0.0,0.0
1678484_clip017_s000,1.0,0.0,-0.866025,0.5,1.0,0.0,0.0,0.0,1.0,0.0,0.0,0.0
1678484_clip018_s000,1.0,0.0,-0.866025,0.5,1.0,0.0,0.0,0.0,1.0,0.0,0.0,0.0
1678484_clip020_s000,1.0,0.0,-0.866025,0.5,1.0,0.0,0.0,0.0,1.0,0.0,0.0,0.0
1678513_clip004_s000,-0.258819,0.965926,-0.866025,0.5,1.0,0.0,0.0,0.0,0.0,0.0,0.0,1.0
1678704_clip006_s000,-0.5,-0.866025,-0.5,0.866025,1.0,0.0,0.0,0.0,0.0,0.0,1.0,0.0
1678704_clip007_s000,-0.5,-0.866025,-0.5,0.866025,1.0,0.0,0.0,0.0,0.0,0.0,1.0,0.0
1678704_clip008_s000,-0.5,-0.866025,-0.5,0.866025,1.0,0.0,0.0,0.0,0.0,0.0,1.0,0.0
1678704_clip008_s001,-0.5,-0.866025,-0.5,0.866025,1.0,0.0,0.0,0.0,0.0,0.0,1.0,0.0
1678704_clip008_s002,-0.5,-0.866025,-0.5,0.866025,1.0,0.0,0.0,0.0,0.0,0.0,1.0,0.0
1678704_clip008_s003,-0.5,-0.866025,-0.5,0.866025,1.0,0.0,0.0,0.0,0.0,0.0,1.0,0.0
1678704_clip009_s000,-0.5,-0.866025,-0.5,0.866025,1.0,0.0,0.0,0.0,0.0,0.0,1.0,0.0
1678704_clip009_s001,-0.5,-0.866025,-0.5,0.866025,1.0,0.0,0.0,0.0,0.0,0.0,1.0,0.0
1678704_clip010_s000,-0.5,-0.866025,-0.5,0.866025,1.0,0.0,0.0,0.0,0.0,0.0,1.0,0.0
1678704_clip010_s001,-0.5,-0.866025,-0.5,0.866025,1.0,0.0,0.0,0.0,0.0,0.0,1.0,0.0
1678704_clip014_s000,-0.5,-0.866025,-0.5,0.866025,1.0,0.0,0.0,0.0,0.0,0.0,1.0,0.0
1678704_clip019_s000,-0.5,-0.866025,-0.5,0.866025,1.0,0.0,0.0,0.0,0.0,0.0,1.0,0.0
1678750_clip014_s000,0.866025,-0.5,-0.866025,0.5,1.0,0.0,0.0,0.0,0.0,1.0,0.0,0.0
1678750_clip016_s000,0.866025,-0.5,-0.866025,0.5,1.0,0.0,0.0,0.0,0.0,1.0,0.0,0.0
1678750_clip017_s000,0.866025,-0.5,-0.866025,0.5,1.0,0.0,0.0,0.0,0.0,1.0,0.0,0.0
1678750_clip018_s000,0.866025,-0.5,-0.866025,0.5,1.0,0.0,0.0,0.0,0.0,1.0,0.0,0.0
1678750_clip021_s000,0.866025,-0.5,-0.866025,0.5,1.0,0.0,0.0,0.0,0.0,1.0,0.0,0.0
1678929_clip021_s000,0.866025,-0.5,-0.0,1.0,0.0,1.0,0.0,0.0,0.0,1.0,0.0,0.0
1679156_clip002_s000,-0.5,0.866025,-0.5,0.866025,1.0,0.0,0.0,0.0,0.0,0.0,0.0,1.0
1679156_clip005_s000,-0.5,0.866025,-0.5,0.866025,1.0,0.0,0.0,0.0,0.0,0.0,0.0,1.0
1679156_clip006_s000,-0.5,0.866025,-0.5,0.866025,1.0,0.0,0.0,0.0,0.0,0.0,0.0,1.0
1679156_clip006_s001,-0.5,0.866025,-0.5,0.866025,1.0,0.0,0.0,0.0,0.0,0.0,0.0,1.0
1679156_clip007_s000,-0.5,0.866025,-0.5,0.866025,1.0,0.0,0.0,0.0,0.0,0.0,0.0,1.0
1679156_clip007_s001,-0.5,0.866025,-0.5,0.866025,1.0,0.0,0.0,0.0,0.0,0.0,0.0,1.0
1679156_clip009_s000,-0.5,0.866025,-0.5,0.866025,1.0,0.0,0.0,0.0,0.0,0.0,0.0,1.0
1679156_clip011_s000,-0.5,0.866025,-0.5,0.866025,1.0,0.0,0.0,0.0,0.0,0.0,0.0,1.0
1679156_clip013_s000,-0.5,0.866025,-0.5,0.866025,1.0,0.0,0.0,0.0,0.0,0.0,0.0,1.0
1679156_clip014_s000,-0.5,0.866025,-0.5,0.866025,1.0,0.0,0.0,0.0,0.0,0.0,0.0,1.0
1679156_clip019_s000,-0.5,0.866025,-0.5,0.866025,1.0,0.0,0.0,0.0,0.0,0.0,0.0,1.0
1679156_clip019_s001,-0.5,0.866025,-0.5,0.866025,1.0,0.0,0.0,0.0,0.0,0.0,0.0,1.0
1679156_clip022_s000,-0.5,0.866025,-0.5,0.866025,1.0,0.0,0.0,0.0,0.0,0.0,0.0,1.0
1679156_clip022_s001,-0.5,0.866025,-0.5,0.866025,1.0,0.0,0.0,0.0,0.0,0.0,0.0,1.0
1679216_clip002_s000,0.866025,-0.5,0.5,0.866025,0.0,1.0,0.0,0.0,0.0,1.0,0.0,0.0
1679216_clip003_s000,0.866025,-0.5,0.5,0.866025,0.0,1.0,0.0,0.0,0.0,1.0,0.0,0.0
1679216_clip007_s000,0.866025,-0.5,0.5,0.866025,0.0,1.0,0.0,0.0,0.0,1.0,0.0,0.0
1679216_clip010_s000,0.866025,-0.5,0.5,0.866025,0.0,1.0,0.0,0.0,0.0,1.0,0.0,0.0
1679216_clip011_s000,0.866025,-0.5,0.5,0.866025,0.0,1.0,0.0,0.0,0.0,1.0,0.0,0.0
1679216_clip012_s000,0.866025,-0.5,0.5,0.866025,0.0,1.0,0.0,0.0,0.0,1.0,0.0,0.0
1679216_clip012_s001,0.866025,-0.5,0.5,0.866025,0.0,1.0,0.0,0.0,0.0,1.0,0.0,0.0
1679216_clip012_s002,0.866025,-0.5,0.5,0.866025,0.0,1.0,0.0,0.0,0.0,1.0,0.0,0.0
1679216_clip014_s000,0.866025,-0.5,0.5,0.866025,0.0,1.0,0.0,0.0,0.0,1.0,0.0,0.0
1679216_clip014_s001,0.866025,-0.5,0.5,0.866025,0.0,1.0,0.0,0.0,0.0,1.0,0.0,0.0
1679216_clip014_s002,0.866025,-0.5,0.5,0.866025,0.0,1.0,0.0,0.0,0.0,1.0,0.0,0.0
1679216_clip015_s000,0.866025,-0.5,0.5,0.866025,0.0,1.0,0.0,0.0,0.0,1.0,0.0,0.0
1679216_clip015_s001,0.866025,-0.5,0.5,0.866025,0.0,1.0,0.0,0.0,0.0,1.0,0.0,0.0
1679216_clip015_s002,0.866025,-0.5,0.5,0.866025,0.0,1.0,0.0,0.0,0.0,1.0,0.0,0.0
1679216_clip015_s003,0.866025,-0.5,0.5,0.866025,0.0,1.0,0.0,0.0,0.0,1.0,0.0,0.0
1679216_clip024_s000,0.866025,-0.5,0.5,0.866025,0.0,1.0,0.0,0.0,0.0,1.0,0.0,0.0
1679219_clip003_s000,-0.5,-0.866025,0.5,0.866025,0.0,1.0,0.0,0.0,0.0,0.0,1.0,0.0
1679219_clip004_s000,-0.5,-0.866025,0.5,0.866025,0.0,1.0,0.0,0.0,0.0,0.0,1.0,0.0
1679219_clip007_s000,-0.5,-0.866025,0.5,0.866025,0.0,1.0,0.0,0.0,0.0,0.0,1.0,0.0
1679219_clip008_s000,-0.5,-0.866025,0.5,0.866025,0.0,1.0,0.0,0.0,0.0,0.0,1.0,0.0
1679219_clip010_s000,-0.5,-0.866025,0.5,0.866025,0.0,1.0,0.0,0.0,0.0,0.0,1.0,0.0
1679219_clip020_s000,-0.5,-0.866025,0.5,0.866025,0.0,1.0,0.0,0.0,0.0,0.0,1.0,0.0
1679219_clip021_s000,-0.5,-0.866025,0.5,0.866025,0.0,1.0,0.0,0.0,0.0,0.0,1.0,0.0
1679348_clip024_s000,-0.5,-0.866025,-0.0,1.0,0.0,1.0,0.0,0.0,0.0,0.0,1.0,0.0
1679394_clip019_s000,1.0,0.0,0.866025,0.5,0.0,1.0,0.0,0.0,1.0,0.0,0.0,0.0
1679394_clip021_s000,1.0,0.0,0.866025,0.5,0.0,1.0,0.0,0.0,1.0,0.0,0.0,0.0
1679394_clip023_s000,1.0,0.0,0.866025,0.5,0.0,1.0,0.0,0.0,1.0,0.0,0.0,0.0
1679511_clip005_s000,-0.5,0.866025,0.866025,0.5,0.0,1.0,0.0,0.0,0.0,0.0,0.0,1.0
1679511_clip013_s000,-0.5,0.866025,0.866025,0.5,0.0,1.0,0.0,0.0,0.0,0.0,0.0,1.0
1679511_clip014_s000,-0.5,0.866025,0.866025,0.5,0.0,1.0,0.0,0.0,0.0,0.0,0.0,1.0
1679511_clip015_s000,-0.5,0.866025,0.866025,0.5,0.0,1.0,0.0,0.0,0.0,0.0,0.0,1.0
1679511_clip015_s001,-0.5,0.866025,0.866025,0.5,0.0,1.0,0.0,0.0,0.0,0.0,0.0,1.0
1679511_clip019_s000,-0.5,0.866025,0.866025,0.5,0.0,1.0,0.0,0.0,0.0,0.0,0.0,1.0
1679511_clip020_s000,-0.5,0.866025,0.866025,0.5,0.0,1.0,0.0,0.0,0.0,0.0,0.0,1.0
1679511_clip021_s000,-0.5,0.866025,0.866025,0.5,0.0,1.0,0.0,0.0,0.0,0.0,0.0,1.0
1679511_clip022_s000,-0.5,0.866025,0.866025,0.5,0.0,1.0,0.0,0.0,0.0,0.0,0.0,1.0
1679511_clip022_s001,-0.5,0.866025,0.866025,0.5,0.0,1.0,0.0,0.0,0.0,0.0,0.0,1.0
1679511_clip023_s000,-0.5,0.866025,0.866025,0.5,0.0,1.0,0.0,0.0,0.0,0.0,0.0,1.0
1679511_clip024_s000,-0.5,0.866025,0.866025,0.5,0.0,1.0,0.0,0.0,0.0,0.0,0.0,1.0
1679611_clip011_s000,-0.5,-0.866025,1.0,0.0,0.0,0.0,1.0,0.0,0.0,0.0,1.0,0.0
1680019_clip005_s000,-0.5,0.866025,0.866025,0.5,0.0,1.0,0.0,0.0,0.0,0.0,0.0,1.0
1680019_clip015_s000,-0.5,0.866025,0.866025,0.5,0.0,1.0,0.0,0.0,0.0,0.0,0.0,1.0
1680019_clip023_s000,-0.5,0.866025,0.866025,0.5,0.0,1.0,0.0,0.0,0.0,0.0,0.0,1.0
1680188_clip001_s000,1.0,0.0,0.5,0.866025,0.0,1.0,0.0,0.0,1.0,0.0,0.0,0.0
1680188_clip001_s001,1.0,0.0,0.5,0.866025,0.0,1.0,0.0,0.0,1.0,0.0,0.0,0.0
1680188_clip001_s002,1.0,0.0,0.5,0.866025,0.0,1.0,0.0,0.0,1.0,0.0,0.0,0.0
1680188_clip002_s000,1.0,0.0,0.5,0.866025,0.0,1.0,0.0,0.0,1.0,0.0,0.0,0.0
1680188_clip002_s001,1.0,0.0,0.5,0.866025,0.0,1.0,0.0,0.0,1.0,0.0,0.0,0.0
1680188_clip002_s002,1.0,0.0,0.5,0.866025,0.0,1.0,0.0,0.0,1.0,0.0,0.0,0.0
1680188_clip006_s000,1.0,0.0,0.5,0.866025,0.0,1.0,0.0,0.0,1.0,0.0,0.0,0.0
1680188_clip006_s001,1.0,0.0,0.5,0.866025,0.0,1.0,0.0,0.0,1.0,0.0,0.0,0.0
1680188_clip006_s002,1.0,0.0,0.5,0.866025,0.0,1.0,0.0,0.0,1.0,0.0,0.0,0.0
1680188_clip007_s000,1.0,0.0,0.5,0.866025,0.0,1.0,0.0,0.0,1.0,0.0,0.0,0.0
1680188_clip007_s001,1.0,0.0,0.5,0.866025,0.0,1.0,0.0,0.0,1.0,0.0,0.0,0.0
1680188_clip010_s000,1.0,0.0,0.5,0.866025,0.0,1.0,0.0,0.0,1.0,0.0,0.0,0.0
1680188_clip011_s000,1.0,0.0,0.5,0.866025,0.0,1.0,0.0,0.0,1.0,0.0,0.0,0.0
1680188_clip013_s000,1.0,0.0,0.5,0.866025,0.0,1.0,0.0,0.0,1.0,0.0,0.0,0.0
1680188_clip013_s001,1.0,0.0,0.5,0.866025,0.0,1.0,0.0,0.0,1.0,0.0,0.0,0.0
1680188_clip015_s000,1.0,0.0,0.5,0.866025,0.0,1.0,0.0,0.0,1.0,0.0,0.0,0.0
1680188_clip015_s001,1.0,0.0,0.5,0.866025,0.0,1.0,0.0,0.0,1.0,0.0,0.0,0.0
1680188_clip016_s000,1.0,0.0,0.5,0.866025,0.0,1.0,0.0,0.0,1.0,0.0,0.0,0.0
1680188_clip016_s001,1.0,0.0,0.5,0.866025,0.0,1.0,0.0,0.0,1.0,0.0,0.0,0.0
1680188_clip016_s002,1.0,0.0,0.5,0.866025,0.0,1.0,0.0,0.0,1.0,0.0,0.0,0.0
1680188_clip017_s000,1.0,0.0,0.5,0.866025,0.0,1.0,0.0,0.0,1.0,0.0,0.0,0.0
1680188_clip017_s001,1.0,0.0,0.5,0.866025,0.0,1.0,0.0,0.0,1.0,0.0,0.0,0.0
1680188_clip018_s000,1.0,0.0,0.5,0.866025,0.0,1.0,0.0,0.0,1.0,0.0,0.0,0.0
1680188_clip018_s001,1.0,0.0,0.5,0.866025,0.0,1.0,0.0,0.0,1.0,0.0,0.0,0.0
1680188_clip018_s002,1.0,0.0,0.5,0.866025,0.0,1.0,0.0,0.0,1.0,0.0,0.0,0.0
1680188_clip018_s003,1.0,0.0,0.5,0.866025,0.0,1.0,0.0,0.0,1.0,0.0,0.0,0.0
1680188_clip018_s004,1.0,0.0,0.5,0.866025,0.0,1.0,0.0,0.0,1.0,0.0,0.0,0.0
1680188_clip019_s000,1.0,0.0,0.5,0.866025,0.0,1.0,0.0,0.0,1.0,0.0,0.0,0.0
1680188_clip019_s001,1.0,0.0,0.5,0.866025,0.0,1.0,0.0,0.0,1.0,0.0,0.0,0.0
1680188_clip024_s000,1.0,0.0,0.5,0.866025,0.0,1.0,0.0,0.0,1.0,0.0,0.0,0.0
1680197_clip002_s000,0.0,-1.0,0.5,0.866025,0.0,1.0,0.0,0.0,0.0,0.0,1.0,0.0
1680197_clip005_s000,0.0,-1.0,0.5,0.866025,0.0,1.0,0.0,0.0,0.0,0.0,1.0,0.0
1680197_clip006_s000,0.0,-1.0,0.5,0.866025,0.0,1.0,0.0,0.0,0.0,0.0,1.0,0.0
1680197_clip009_s000,0.0,-1.0,0.5,0.866025,0.0,1.0,0.0,0.0,0.0,0.0,1.0,0.0
1680197_clip009_s001,0.0,-1.0,0.5,0.866025,0.0,1.0,0.0,0.0,0.0,0.0,1.0,0.0
1680197_clip010_s000,0.0,-1.0,0.5,0.866025,0.0,1.0,0.0,0.0,0.0,0.0,1.0,0.0
1680197_clip014_s000,0.0,-1.0,0.5,0.866025,0.0,1.0,0.0,0.0,0.0,0.0,1.0,0.0
1680197_clip018_s000,0.0,-1.0,0.5,0.866025,0.0,1.0,0.0,0.0,0.0,0.0,1.0,0.0
1680197_clip018_s001,0.0,-1.0,0.5,0.866025,0.0,1.0,0.0,0.0,0.0,0.0,1.0,0.0
1680197_clip021_s000,0.0,-1.0,0.5,0.866025,0.0,1.0,0.0,0.0,0.0,0.0,1.0,0.0
1680197_clip021_s001,0.0,-1.0,0.5,0.866025,0.0,1.0,0.0,0.0,0.0,0.0,1.0,0.0
1680197_clip022_s000,0.0,-1.0,0.5,0.866025,0.0,1.0,0.0,0.0,0.0,0.0,1.0,0.0
1680271_clip004_s000,-0.5,0.866025,0.866025,-0.5,0.0,0.0,1.0,0.0,0.0,0.0,0.0,1.0
1680496_clip002_s000,1.0,0.0,0.5,-0.866025,0.0,0.0,1.0,0.0,1.0,0.0,0.0,0.0
1680496_clip002_s001,1.0,0.0,0.5,-0.866025,0.0,0.0,1.0,0.0,1.0,0.0,0.0,0.0
1680500_clip009_s000,-0.5,0.866025,0.5,-0.866025,0.0,0.0,1.0,0.0,0.0,0.0,0.0,1.0
1680500_clip009_s001,-0.5,0.866025,0.5,-0.866025,0.0,0.0,1.0,0.0,0.0,0.0,0.0,1.0
1680500_clip009_s002,-0.5,0.866025,0.5,-0.866025,0.0,0.0,1.0,0.0,0.0,0.0,0.0,1.0
1680500_clip010_s000,-0.5,0.866025,0.5,-0.866025,0.0,0.0,1.0,0.0,0.0,0.0,0.0,1.0
1680500_clip011_s000,-0.5,0.866025,0.5,-0.866025,0.0,0.0,1.0,0.0,0.0,0.0,0.0,1.0
1680500_clip013_s000,-0.5,0.866025,0.5,-0.866025,0.0,0.0,1.0,0.0,0.0,0.0,0.0,1.0
1680500_clip014_s000,-0.5,0.866025,0.5,-0.866025,0.0,0.0,1.0,0.0,0.0,0.0,0.0,1.0
1680500_clip014_s001,-0.5,0.866025,0.5,-0.866025,0.0,0.0,1.0,0.0,0.0,0.0,0.0,1.0
1680500_clip015_s000,-0.5,0.866025,0.5,-0.866025,0.0,0.0,1.0,0.0,0.0,0.0,0.0,1.0
1680500_clip016_s000,-0.5,0.866025,0.5,-0.866025,0.0,0.0,1.0,0.0,0.0,0.0,0.0,1.0
1680500_clip017_s000,-0.5,0.866025,0.5,-0.866025,0.0,0.0,1.0,0.0,0.0,0.0,0.0,1.0
1680500_clip018_s000,-0.5,0.866025,0.5,-0.866025,0.0,0.0,1.0,0.0,0.0,0.0,0.0,1.0
1680500_clip018_s001,-0.5,0.866025,0.5,-0.866025,0.0,0.0,1.0,0.0,0.0,0.0,0.0,1.0
1680500_clip019_s000,-0.5,0.866025,0.5,-0.866025,0.0,0.0,1.0,0.0,0.0,0.0,0.0,1.0
1680500_clip019_s001,-0.5,0.866025,0.5,-0.866025,0.0,0.0,1.0,0.0,0.0,0.0,0.0,1.0
1680500_clip020_s000,-0.5,0.866025,0.5,-0.866025,0.0,0.0,1.0,0.0,0.0,0.0,0.0,1.0
1680500_clip020_s001,-0.5,0.866025,0.5,-0.866025,0.0,0.0,1.0,0.0,0.0,0.0,0.0,1.0
1680500_clip020_s002,-0.5,0.866025,0.5,-0.866025,0.0,0.0,1.0,0.0,0.0,0.0,0.0,1.0
1680500_clip021_s000,-0.5,0.866025,0.5,-0.866025,0.0,0.0,1.0,0.0,0.0,0.0,0.0,1.0
1680500_clip022_s000,-0.5,0.866025,0.5,-0.866025,0.0,0.0,1.0,0.0,0.0,0.0,0.0,1.0
1680500_clip023_s000,-0.5,0.866025,0.5,-0.866025,0.0,0.0,1.0,0.0,0.0,0.0,0.0,1.0
1680500_clip023_s001,-0.5,0.866025,0.5,-0.866025,0.0,0.0,1.0,0.0,0.0,0.0,0.0,1.0
1680500_clip023_s002,-0.5,0.866025,0.5,-0.866025,0.0,0.0,1.0,0.0,0.0,0.0,0.0,1.0
1680500_clip023_s003,-0.5,0.866025,0.5,-0.866025,0.0,0.0,1.0,0.0,0.0,0.0,0.0,1.0
1680609_clip002_s000,-0.5,0.866025,0.5,-0.866025,0.0,0.0,1.0,0.0,0.0,0.0,0.0,1.0
1680609_clip003_s000,-0.5,0.866025,0.5,-0.866025,0.0,0.0,1.0,0.0,0.0,0.0,0.0,1.0
1680609_clip004_s000,-0.5,0.866025,0.5,-0.866025,0.0,0.0,1.0,0.0,0.0,0.0,0.0,1.0
1680609_clip010_s000,-0.5,0.866025,0.5,-0.866025,0.0,0.0,1.0,0.0,0.0,0.0,0.0,1.0
1680609_clip011_s000,-0.5,0.866025,0.5,-0.866025,0.0,0.0,1.0,0.0,0.0,0.0,0.0,1.0
1680609_clip011_s001,-0.5,0.866025,0.5,-0.866025,0.0,0.0,1.0,0.0,0.0,0.0,0.0,1.0
1680609_clip012_s000,-0.5,0.866025,0.5,-0.866025,0.0,0.0,1.0,0.0,0.0,0.0,0.0,1.0
1680609_clip012_s001,-0.5,0.866025,0.5,-0.866025,0.0,0.0,1.0,0.0,0.0,0.0,0.0,1.0
1680609_clip012_s002,-0.5,0.866025,0.5,-0.866025,0.0,0.0,1.0,0.0,0.0,0.0,0.0,1.0
1680609_clip013_s000,-0.5,0.866025,0.5,-0.866025,0.0,0.0,1.0,0.0,0.0,0.0,0.0,1.0
1680609_clip013_s001,-0.5,0.866025,0.5,-0.866025,0.0,0.0,1.0,0.0,0.0,0.0,0.0,1.0
1680609_clip013_s002,-0.5,0.866025,0.5,-0.866025,0.0,0.0,1.0,0.0,0.0,0.0,0.0,1.0
1680609_clip014_s000,-0.5,0.866025,0.5,-0.866025,0.0,0.0,1.0,0.0,0.0,0.0,0.0,1.0
1680609_clip014_s001,-0.5,0.866025,0.5,-0.866025,0.0,0.0,1.0,0.0,0.0,0.0,0.0,1.0
1680609_clip016_s000,-0.5,0.866025,0.5,-0.866025,0.0,0.0,1.0,0.0,0.0,0.0,0.0,1.0
1680609_clip016_s001,-0.5,0.866025,0.5,-0.866025,0.0,0.0,1.0,0.0,0.0,0.0,0.0,1.0
1680609_clip016_s002,-0.5,0.866025,0.5,-0.866025,0.0,0.0,1.0,0.0,0.0,0.0,0.0,1.0
1680609_clip017_s000,-0.5,0.866025,0.5,-0.866025,0.0,0.0,1.0,0.0,0.0,0.0,0.0,1.0
1680609_clip018_s000,-0.5,0.866025,0.5,-0.866025,0.0,0.0,1.0,0.0,0.0,0.0,0.0,1.0
1680609_clip018_s001,-0.5,0.866025,0.5,-0.866025,0.0,0.0,1.0,0.0,0.0,0.0,0.0,1.0
1680609_clip018_s002,-0.5,0.866025,0.5,-0.866025,0.0,0.0,1.0,0.0,0.0,0.0,0.0,1.0
1680609_clip019_s000,-0.5,0.866025,0.5,-0.866025,0.0,0.0,1.0,0.0,0.0,0.0,0.0,1.0
1680609_clip019_s001,-0.5,0.866025,0.5,-0.866025,0.0,0.0,1.0,0.0,0.0,0.0,0.0,1.0
1680609_clip019_s002,-0.5,0.866025,0.5,-0.866025,0.0,0.0,1.0,0.0,0.0,0.0,0.0,1.0
1680609_clip021_s000,-0.5,0.866025,0.5,-0.866025,0.0,0.0,1.0,0.0,0.0,0.0,0.0,1.0
1680609_clip022_s000,-0.5,0.866025,0.5,-0.866025,0.0,0.0,1.0,0.0,0.0,0.0,0.0,1.0
1680609_clip023_s000,-0.5,0.866025,0.5,-0.866025,0.0,0.0,1.0,0.0,0.0,0.0,0.0,1.0
1680609_clip024_s000,-0.5,0.866025,0.5,-0.866025,0.0,0.0,1.0,0.0,0.0,0.0,0.0,1.0
1680712_clip003_s000,-0.5,0.866025,0.0,-1.0,0.0,0.0,0.0,1.0,0.0,0.0,0.0,1.0
1680712_clip005_s000,-0.5,0.866025,0.0,-1.0,0.0,0.0,0.0,1.0,0.0,0.0,0.0,1.0
1680712_clip007_s000,-0.5,0.866025,0.0,-1.0,0.0,0.0,0.0,1.0,0.0,0.0,0.0,1.0
1680712_clip008_s000,-0.5,0.866025,0.0,-1.0,0.0,0.0,0.0,1.0,0.0,0.0,0.0,1.0
1681129_clip003_s000,0.0,-1.0,0.0,-1.0,0.0,0.0,0.0,1.0,0.0,0.0,1.0,0.0
1681129_clip022_s000,0.0,-1.0,0.0,-1.0,0.0,0.0,0.0,1.0,0.0,0.0,1.0,0.0
1681129_clip023_s000,0.0,-1.0,0.0,-1.0,0.0,0.0,0.0,1.0,0.0,0.0,1.0,0.0
1681319_clip002_s000,-0.258819,-0.965926,-0.866025,0.5,1.0,0.0,0.0,0.0,0.0,0.0,1.0,0.0
1681319_clip002_s001,-0.258819,-0.965926,-0.866025,0.5,1.0,0.0,0.0,0.0,0.0,0.0,1.0,0.0
1681672_clip008_s000,-0.5,-0.866025,0.5,-0.866025,0.0,0.0,1.0,0.0,0.0,0.0,1.0,0.0
1681672_clip013_s000,-0.5,-0.866025,0.5,-0.866025,0.0,0.0,1.0,0.0,0.0,0.0,1.0,0.0
1681672_clip015_s000,-0.5,-0.866025,0.5,-0.866025,0.0,0.0,1.0,0.0,0.0,0.0,1.0,0.0
1681672_clip015_s001,-0.5,-0.866025,0.5,-0.866025,0.0,0.0,1.0,0.0,0.0,0.0,1.0,0.0
1681672_clip015_s002,-0.5,-0.866025,0.5,-0.866025,0.0,0.0,1.0,0.0,0.0,0.0,1.0,0.0
1681672_clip015_s003,-0.5,-0.866025,0.5,-0.866025,0.0,0.0,1.0,0.0,0.0,0.0,1.0,0.0
1681672_clip015_s004,-0.5,-0.866025,0.5,-0.866025,0.0,0.0,1.0,0.0,0.0,0.0,1.0,0.0
1681672_clip015_s005,-0.5,-0.866025,0.5,-0.866025,0.0,0.0,1.0,0.0,0.0,0.0,1.0,0.0
1681672_clip015_s006,-0.5,-0.866025,0.5,-0.866025,0.0,0.0,1.0,0.0,0.0,0.0,1.0,0.0
1681672_clip016_s000,-0.5,-0.866025,0.5,-0.866025,0.0,0.0,1.0,0.0,0.0,0.0,1.0,0.0
1681672_clip020_s000,-0.5,-0.866025,0.5,-0.866025,0.0,0.0,1.0,0.0,0.0,0.0,1.0,0.0
1681672_clip021_s000,-0.5,-0.866025,0.5,-0.866025,0.0,0.0,1.0,0.0,0.0,0.0,1.0,0.0
1681672_clip021_s001,-0.5,-0.866025,0.5,-0.866025,0.0,0.0,1.0,0.0,0.0,0.0,1.0,0.0
1681672_clip021_s002,-0.5,-0.866025,0.5,-0.866025,0.0,0.0,1.0,0.0,0.0,0.0,1.0,0.0
1681672_clip021_s003,-0.5,-0.866025,0.5,-0.866025,0.0,0.0,1.0,0.0,0.0,0.0,1.0,0.0
1681672_clip021_s004,-0.5,-0.866025,0.5,-0.866025,0.0,0.0,1.0,0.0,0.0,0.0,1.0,0.0
1681672_clip021_s005,-0.5,-0.866025,0.5,-0.866025,0.0,0.0,1.0,0.0,0.0,0.0,1.0,0.0
1681672_clip021_s006,-0.5,-0.866025,0.5,-0.866025,0.0,0.0,1.0,0.0,0.0,0.0,1.0,0.0
1681672_clip021_s007,-0.5,-0.866025,0.5,-0.866025,0.0,0.0,1.0,0.0,0.0,0.0,1.0,0.0
1681672_clip022_s000,-0.5,-0.866025,0.5,-0.866025,0.0,0.0,1.0,0.0,0.0,0.0,1.0,0.0
1681672_clip022_s001,-0.5,-0.866025,0.5,-0.866025,0.0,0.0,1.0,0.0,0.0,0.0,1.0,0.0
1681672_clip023_s000,-0.5,-0.866025,0.5,-0.866025,0.0,0.0,1.0,0.0,0.0,0.0,1.0,0.0
1681726_clip013_s000,0.866025,-0.5,1.0,0.0,0.0,0.0,1.0,0.0,0.0,1.0,0.0,0.0
1681726_clip021_s000,0.866025,-0.5,1.0,0.0,0.0,0.0,1.0,0.0,0.0,1.0,0.0,0.0
1681922_clip001_s000,-0.5,0.866025,0.5,0.866025,0.0,1.0,0.0,0.0,0.0,0.0,0.0,1.0
1681922_clip007_s000,-0.5,0.866025,0.5,0.866025,0.0,1.0,0.0,0.0,0.0,0.0,0.0,1.0
1681922_clip018_s000,-0.5,0.866025,0.5,0.866025,0.0,1.0,0.0,0.0,0.0,0.0,0.0,1.0
1682291_clip006_s000,-0.5,0.866025,-0.5,0.866025,1.0,0.0,0.0,0.0,0.0,0.0,0.0,1.0
1682291_clip006_s001,-0.5,0.866025,-0.5,0.866025,1.0,0.0,0.0,0.0,0.0,0.0,0.0,1.0
1682291_clip010_s000,-0.5,0.866025,-0.5,0.866025,1.0,0.0,0.0,0.0,0.0,0.0,0.0,1.0
1682291_clip013_s000,-0.5,0.866025,-0.5,0.866025,1.0,0.0,0.0,0.0,0.0,0.0,0.0,1.0
1682291_clip014_s000,-0.5,0.866025,-0.5,0.866025,1.0,0.0,0.0,0.0,0.0,0.0,0.0,1.0
1682291_clip019_s000,-0.5,0.866025,-0.5,0.866025,1.0,0.0,0.0,0.0,0.0,0.0,0.0,1.0
1682291_clip021_s000,-0.5,0.866025,-0.5,0.866025,1.0,0.0,0.0,0.0,0.0,0.0,0.0,1.0
1682291_clip022_s000,-0.5,0.866025,-0.5,0.866025,1.0,0.0,0.0,0.0,0.0,0.0,0.0,1.0
1682291_clip024_s000,-0.5,0.866025,-0.5,0.866025,1.0,0.0,0.0,0.0,0.0,0.0,0.0,1.0
1682297_clip018_s000,0.0,-1.0,-0.0,1.0,0.0,1.0,0.0,0.0,0.0,0.0,1.0,0.0
1682413_clip005_s000,-0.5,-0.866025,-0.866025,0.5,1.0,0.0,0.0,0.0,0.0,0.0,1.0,0.0
1682413_clip006_s000,-0.5,-0.866025,-0.866025,0.5,1.0,0.0,0.0,0.0,0.0,0.0,1.0,0.0
1682413_clip006_s001,-0.5,-0.866025,-0.866025,0.5,1.0,0.0,0.0,0.0,0.0,0.0,1.0,0.0
1682413_clip006_s002,-0.5,-0.866025,-0.866025,0.5,1.0,0.0,0.0,0.0,0.0,0.0,1.0,0.0
1682413_clip007_s000,-0.5,-0.866025,-0.866025,0.5,1.0,0.0,0.0,0.0,0.0,0.0,1.0,0.0
1682413_clip007_s001,-0.5,-0.866025,-0.866025,0.5,1.0,0.0,0.0,0.0,0.0,0.0,1.0,0.0
1682413_clip008_s000,-0.5,-0.866025,-0.866025,0.5,1.0,0.0,0.0,0.0,0.0,0.0,1.0,0.0
1682413_clip012_s000,-0.5,-0.866025,-0.866025,0.5,1.0,0.0,0.0,0.0,0.0,0.0,1.0,0.0
1682413_clip012_s001,-0.5,-0.866025,-0.866025,0.5,1.0,0.0,0.0,0.0,0.0,0.0,1.0,0.0
1682413_clip012_s002,-0.5,-0.866025,-0.866025,0.5,1.0,0.0,0.0,0.0,0.0,0.0,1.0,0.0
1682413_clip013_s000,-0.5,-0.866025,-0.866025,0.5,1.0,0.0,0.0,0.0,0.0,0.0,1.0,0.0
1682413_clip014_s000,-0.5,-0.866025,-0.866025,0.5,1.0,0.0,0.0,0.0,0.0,0.0,1.0,0.0
1682413_clip015_s000,-0.5,-0.866025,-0.866025,0.5,1.0,0.0,0.0,0.0,0.0,0.0,1.0,0.0
1682413_clip015_s001,-0.5,-0.866025,-0.866025,0.5,1.0,0.0,0.0,0.0,0.0,0.0,1.0,0.0
1682413_clip018_s000,-0.5,-0.866025,-0.866025,0.5,1.0,0.0,0.0,0.0,0.0,0.0,1.0,0.0
1682413_clip019_s000,-0.5,-0.866025,-0.866025,0.5,1.0,0.0,0.0,0.0,0.0,0.0,1.0,0.0
1682413_clip022_s000,-0.5,-0.866025,-0.866025,0.5,1.0,0.0,0.0,0.0,0.0,0.0,1.0,0.0
1682413_clip022_s001,-0.5,-0.866025,-0.866025,0.5,1.0,0.0,0.0,0.0,0.0,0.0,1.0,0.0
1682413_clip022_s002,-0.5,-0.866025,-0.866025,0.5,1.0,0.0,0.0,0.0,0.0,0.0,1.0,0.0
1682413_clip022_s003,-0.5,-0.866025,-0.866025,0.5,1.0,0.0,0.0,0.0,0.0,0.0,1.0,0.0
1682413_clip022_s004,-0.5,-0.866025,-0.866025,0.5,1.0,0.0,0.0,0.0,0.0,0.0,1.0,0.0
1682413_clip022_s005,-0.5,-0.866025,-0.866025,0.5,1.0,0.0,0.0,0.0,0.0,0.0,1.0,0.0
1682413_clip022_s006,-0.5,-0.866025,-0.866025,0.5,1.0,0.0,0.0,0.0,0.0,0.0,1.0,0.0
1682413_clip022_s007,-0.5,-0.866025,-0.866025,0.5,1.0,0.0,0.0,0.0,0.0,0.0,1.0,0.0
1682413_clip023_s000,-0.5,-0.866025,-0.866025,0.5,1.0,0.0,0.0,0.0,0.0,0.0,1.0,0.0
1682413_clip023_s001,-0.5,-0.866025,-0.866025,0.5,1.0,0.0,0.0,0.0,0.0,0.0,1.0,0.0
1682413_clip024_s000,-0.5,-0.866025,-0.866025,0.5,1.0,0.0,0.0,0.0,0.0,0.0,1.0,0.0
1682477_clip017_s000,1.0,0.0,-0.5,0.866025,1.0,0.0,0.0,0.0,1.0,0.0,0.0,0.0
1682477_clip023_s000,1.0,0.0,-0.5,0.866025,1.0,0.0,0.0,0.0,1.0,0.0,0.0,0.0
1682477_clip024_s000,1.0,0.0,-0.5,0.866025,1.0,0.0,0.0,0.0,1.0,0.0,0.0,0.0
214503_clip012_s000,1.0,0.0,-0.866025,0.5,1.0,0.0,0.0,0.0,1.0,0.0,0.0,0.0
214503_clip012_s001,1.0,0.0,-0.866025,0.5,1.0,0.0,0.0,0.0,1.0,0.0,0.0,0.0
214503_clip013_s000,1.0,0.0,-0.866025,0.5,1.0,0.0,0.0,0.0,1.0,0.0,0.0,0.0
214503_clip015_s000,1.0,0.0,-0.866025,0.5,1.0,0.0,0.0,0.0,1.0,0.0,0.0,0.0
214503_clip020_s000,1.0,0.0,-0.866025,0.5,1.0,0.0,0.0,0.0,1.0,0.0,0.0,0.0
214503_clip021_s000,1.0,0.0,-0.866025,0.5,1.0,0.0,0.0,0.0,1.0,0.0,0.0,0.0
214503_clip023_s000,1.0,0.0,-0.866025,0.5,1.0,0.0,0.0,0.0,1.0,0.0,0.0,0.0
214508_clip006_s000,-0.5,-0.866025,-0.866025,0.5,1.0,0.0,0.0,0.0,0.0,0.0,1.0,0.0
214508_clip008_s000,-0.5,-0.866025,-0.866025,0.5,1.0,0.0,0.0,0.0,0.0,0.0,1.0,0.0
214508_clip011_s000,-0.5,-0.866025,-0.866025,0.5,1.0,0.0,0.0,0.0,0.0,0.0,1.0,0.0
214508_clip014_s000,-0.5,-0.866025,-0.866025,0.5,1.0,0.0,0.0,0.0,0.0,0.0,1.0,0.0
214508_clip016_s000,-0.5,-0.866025,-0.866025,0.5,1.0,0.0,0.0,0.0,0.0,0.0,1.0,0.0
214510_clip010_s000,0.866025,-0.5,-0.866025,0.5,1.0,0.0,0.0,0.0,0.0,1.0,0.0,0.0
214510_clip013_s000,0.866025,-0.5,-0.866025,0.5,1.0,0.0,0.0,0.0,0.0,1.0,0.0,0.0
214510_clip016_s000,0.866025,-0.5,-0.866025,0.5,1.0,0.0,0.0,0.0,0.0,1.0,0.0,0.0
214510_clip018_s000,0.866025,-0.5,-0.866025,0.5,1.0,0.0,0.0,0.0,0.0,1.0,0.0,0.0
214510_clip018_s001,0.866025,-0.5,-0.866025,0.5,1.0,0.0,0.0,0.0,0.0,1.0,0.0,0.0
214510_clip019_s000,0.866025,-0.5,-0.866025,0.5,1.0,0.0,0.0,0.0,0.0,1.0,0.0,0.0
214510_clip019_s001,0.866025,-0.5,-0.866025,0.5,1.0,0.0,0.0,0.0,0.0,1.0,0.0,0.0
214510_clip020_s000,0.866025,-0.5,-0.866025,0.5,1.0,0.0,0.0,0.0,0.0,1.0,0.0,0.0
214510_clip021_s000,0.866025,-0.5,-0.866025,0.5,1.0,0.0,0.0,0.0,0.0,1.0,0.0,0.0
214510_clip022_s000,0.866025,-0.5,-0.866025,0.5,1.0,0.0,0.0,0.0,0.0,1.0,0.0,0.0
214510_clip024_s000,0.866025,-0.5,-0.866025,0.5,1.0,0.0,0.0,0.0,0.0,1.0,0.0,0.0
214518_clip001_s000,-0.5,0.866025,-0.866025,0.5,1.0,0.0,0.0,0.0,0.0,0.0,0.0,1.0
214518_clip003_s000,-0.5,0.866025,-0.866025,0.5,1.0,0.0,0.0,0.0,0.0,0.0,0.0,1.0
214518_clip003_s001,-0.5,0.866025,-0.866025,0.5,1.0,0.0,0.0,0.0,0.0,0.0,0.0,1.0
214518_clip005_s000,-0.5,0.866025,-0.866025,0.5,1.0,0.0,0.0,0.0,0.0,0.0,0.0,1.0
214518_clip007_s000,-0.5,0.866025,-0.866025,0.5,1.0,0.0,0.0,0.0,0.0,0.0,0.0,1.0
214518_clip010_s000,-0.5,0.866025,-0.866025,0.5,1.0,0.0,0.0,0.0,0.0,0.0,0.0,1.0
214518_clip012_s000,-0.5,0.866025,-0.866025,0.5,1.0,0.0,0.0,0.0,0.0,0.0,0.0,1.0
214518_clip019_s000,-0.5,0.866025,-0.866025,0.5,1.0,0.0,0.0,0.0,0.0,0.0,0.0,1.0
214518_clip020_s000,-0.5,0.866025,-0.866025,0.5,1.0,0.0,0.0,0.0,0.0,0.0,0.0,1.0
214518_clip021_s000,-0.5,0.866025,-0.866025,0.5,1.0,0.0,0.0,0.0,0.0,0.0,0.0,1.0
214654_clip001_s000,1.0,0.0,-0.5,0.866025,1.0,0.0,0.0,0.0,1.0,0.0,0.0,0.0
214655_clip003_s000,0.866025,-0.5,-0.5,0.866025,1.0,0.0,0.0,0.0,0.0,1.0,0.0,0.0
214655_clip004_s000,0.866025,-0.5,-0.5,0.866025,1.0,0.0,0.0,0.0,0.0,1.0,0.0,0.0
214655_clip008_s000,0.866025,-0.5,-0.5,0.866025,1.0,0.0,0.0,0.0,0.0,1.0,0.0,0.0
214655_clip009_s000,0.866025,-0.5,-0.5,0.866025,1.0,0.0,0.0,0.0,0.0,1.0,0.0,0.0
214655_clip009_s001,0.866025,-0.5,-0.5,0.866025,1.0,0.0,0.0,0.0,0.0,1.0,0.0,0.0
214655_clip010_s000,0.866025,-0.5,-0.5,0.866025,1.0,0.0,0.0,0.0,0.0,1.0,0.0,0.0
214655_clip010_s001,0.866025,-0.5,-0.5,0.866025,1.0,0.0,0.0,0.0,0.0,1.0,0.0,0.0
214655_clip012_s000,0.866025,-0.5,-0.5,0.866025,1.0,0.0,0.0,0.0,0.0,1.0,0.0,0.0
214655_clip012_s001,0.866025,-0.5,-0.5,0.866025,1.0,0.0,0.0,0.0,0.0,1.0,0.0,0.0
214655_clip013_s000,0.866025,-0.5,-0.5,0.866025,1.0,0.0,0.0,0.0,0.0,1.0,0.0,0.0
214655_clip021_s000,0.866025,-0.5,-0.5,0.866025,1.0,0.0,0.0,0.0,0.0,1.0,0.0,0.0
214659_clip002_s000,-0.5,-0.866025,-0.5,0.866025,1.0,0.0,0.0,0.0,0.0,0.0,1.0,0.0
214659_clip004_s000,-0.5,-0.866025,-0.5,0.866025,1.0,0.0,0.0,0.0,0.0,0.0,1.0,0.0
214659_clip005_s000,-0.5,-0.866025,-0.5,0.866025,1.0,0.0,0.0,0.0,0.0,0.0,1.0,0.0
214659_clip005_s001,-0.5,-0.866025,-0.5,0.866025,1.0,0.0,0.0,0.0,0.0,0.0,1.0,0.0
214659_clip006_s000,-0.5,-0.866025,-0.5,0.866025,1.0,0.0,0.0,0.0,0.0,0.0,1.0,0.0
214659_clip006_s001,-0.5,-0.866025,-0.5,0.866025,1.0,0.0,0.0,0.0,0.0,0.0,1.0,0.0
214659_clip007_s000,-0.5,-0.866025,-0.5,0.866025,1.0,0.0,0.0,0.0,0.0,0.0,1.0,0.0
214659_clip009_s000,-0.5,-0.866025,-0.5,0.866025,1.0,0.0,0.0,0.0,0.0,0.0,1.0,0.0
214659_clip009_s001,-0.5,-0.866025,-0.5,0.866025,1.0,0.0,0.0,0.0,0.0,0.0,1.0,0.0
214659_clip009_s002,-0.5,-0.866025,-0.5,0.866025,1.0,0.0,0.0,0.0,0.0,0.0,1.0,0.0
214659_clip011_s000,-0.5,-0.866025,-0.5,0.866025,1.0,0.0,0.0,0.0,0.0,0.0,1.0,0.0
214659_clip011_s001,-0.5,-0.866025,-0.5,0.866025,1.0,0.0,0.0,0.0,0.0,0.0,1.0,0.0
214659_clip012_s000,-0.5,-0.866025,-0.5,0.866025,1.0,0.0,0.0,0.0,0.0,0.0,1.0,0.0
214659_clip014_s000,-0.5,-0.866025,-0.5,0.866025,1.0,0.0,0.0,0.0,0.0,0.0,1.0,0.0
214659_clip014_s001,-0.5,-0.866025,-0.5,0.866025,1.0,0.0,0.0,0.0,0.0,0.0,1.0,0.0
214659_clip017_s000,-0.5,-0.866025,-0.5,0.866025,1.0,0.0,0.0,0.0,0.0,0.0,1.0,0.0
214659_clip018_s000,-0.5,-0.866025,-0.5,0.866025,1.0,0.0,0.0,0.0,0.0,0.0,1.0,0.0
214659_clip019_s000,-0.5,-0.866025,-0.5,0.866025,1.0,0.0,0.0,0.0,0.0,0.0,1.0,0.0
214665_clip001_s000,-0.5,0.866025,-0.5,0.866025,1.0,0.0,0.0,0.0,0.0,0.0,0.0,1.0
214665_clip004_s000,-0.5,0.866025,-0.5,0.866025,1.0,0.0,0.0,0.0,0.0,0.0,0.0,1.0
214665_clip011_s000,-0.5,0.866025,-0.5,0.866025,1.0,0.0,0.0,0.0,0.0,0.0,0.0,1.0
214665_clip011_s001,-0.5,0.866025,-0.5,0.866025,1.0,0.0,0.0,0.0,0.0,0.0,0.0,1.0
214665_clip014_s000,-0.5,0.866025,-0.5,0.866025,1.0,0.0,0.0,0.0,0.0,0.0,0.0,1.0
214665_clip014_s001,-0.5,0.866025,-0.5,0.866025,1.0,0.0,0.0,0.0,0.0,0.0,0.0,1.0
214665_clip015_s000,-0.5,0.866025,-0.5,0.866025,1.0,0.0,0.0,0.0,0.0,0.0,0.0,1.0
214665_clip015_s001,-0.5,0.866025,-0.5,0.866025,1.0,0.0,0.0,0.0,0.0,0.0,0.0,1.0
214665_clip016_s000,-0.5,0.866025,-0.5,0.866025,1.0,0.0,0.0,0.0,0.0,0.0,0.0,1.0
214665_clip016_s001,-0.5,0.866025,-0.5,0.866025,1.0,0.0,0.0,0.0,0.0,0.0,0.0,1.0
214665_clip017_s000,-0.5,0.866025,-0.5,0.866025,1.0,0.0,0.0,0.0,0.0,0.0,0.0,1.0
214665_clip018_s000,-0.5,0.866025,-0.5,0.866025,1.0,0.0,0.0,0.0,0.0,0.0,0.0,1.0
214665_clip018_s001,-0.5,0.866025,-0.5,0.866025,1.0,0.0,0.0,0.0,0.0,0.0,0.0,1.0
214665_clip019_s000,-0.5,0.866025,-0.5,0.866025,1.0,0.0,0.0,0.0,0.0,0.0,0.0,1.0
214665_clip019_s001,-0.5,0.866025,-0.5,0.866025,1.0,0.0,0.0,0.0,0.0,0.0,0.0,1.0
214665_clip019_s002,-0.5,0.866025,-0.5,0.866025,1.0,0.0,0.0,0.0,0.0,0.0,0.0,1.0
214665_clip019_s003,-0.5,0.866025,-0.5,0.866025,1.0,0.0,0.0,0.0,0.0,0.0,0.0,1.0
214665_clip020_s000,-0.5,0.866025,-0.5,0.866025,1.0,0.0,0.0,0.0,0.0,0.0,0.0,1.0
214665_clip020_s001,-0.5,0.866025,-0.5,0.866025,1.0,0.0,0.0,0.0,0.0,0.0,0.0,1.0
214665_clip022_s000,-0.5,0.866025,-0.5,0.866025,1.0,0.0,0.0,0.0,0.0,0.0,0.0,1.0
214665_clip022_s001,-0.5,0.866025,-0.5,0.866025,1.0,0.0,0.0,0.0,0.0,0.0,0.0,1.0
214665_clip024_s000,-0.5,0.866025,-0.5,0.866025,1.0,0.0,0.0,0.0,0.0,0.0,0.0,1.0
214665_clip024_s001,-0.5,0.866025,-0.5,0.866025,1.0,0.0,0.0,0.0,0.0,0.0,0.0,1.0
214835_clip001_s000,-0.5,0.866025,-0.5,0.866025,1.0,0.0,0.0,0.0,0.0,0.0,0.0,1.0
214835_clip001_s001,-0.5,0.866025,-0.5,0.866025,1.0,0.0,0.0,0.0,0.0,0.0,0.0,1.0
214835_clip001_s002,-0.5,0.866025,-0.5,0.866025,1.0,0.0,0.0,0.0,0.0,0.0,0.0,1.0
214835_clip002_s000,-0.5,0.866025,-0.5,0.866025,1.0,0.0,0.0,0.0,0.0,0.0,0.0,1.0
214835_clip003_s000,-0.5,0.866025,-0.5,0.866025,1.0,0.0,0.0,0.0,0.0,0.0,0.0,1.0
214835_clip003_s001,-0.5,0.866025,-0.5,0.866025,1.0,0.0,0.0,0.0,0.0,0.0,0.0,1.0
214835_clip003_s002,-0.5,0.866025,-0.5,0.866025,1.0,0.0,0.0,0.0,0.0,0.0,0.0,1.0
214835_clip003_s003,-0.5,0.866025,-0.5,0.866025,1.0,0.0,0.0,0.0,0.0,0.0,0.0,1.0
214835_clip003_s004,-0.5,0.866025,-0.5,0.866025,1.0,0.0,0.0,0.0,0.0,0.0,0.0,1.0
214835_clip004_s000,-0.5,0.866025,-0.5,0.866025,1.0,0.0,0.0,0.0,0.0,0.0,0.0,1.0
214835_clip004_s001,-0.5,0.866025,-0.5,0.866025,1.0,0.0,0.0,0.0,0.0,0.0,0.0,1.0
214835_clip004_s002,-0.5,0.866025,-0.5,0.866025,1.0,0.0,0.0,0.0,0.0,0.0,0.0,1.0
214835_clip005_s000,-0.5,0.866025,-0.5,0.866025,1.0,0.0,0.0,0.0,0.0,0.0,0.0,1.0
214835_clip005_s001,-0.5,0.866025,-0.5,0.866025,1.0,0.0,0.0,0.0,0.0,0.0,0.0,1.0
214835_clip006_s000,-0.5,0.866025,-0.5,0.866025,1.0,0.0,0.0,0.0,0.0,0.0,0.0,1.0
214835_clip006_s001,-0.5,0.866025,-0.5,0.866025,1.0,0.0,0.0,0.0,0.0,0.0,0.0,1.0
214835_clip006_s002,-0.5,0.866025,-0.5,0.866025,1.0,0.0,0.0,0.0,0.0,0.0,0.0,1.0
214835_clip006_s003,-0.5,0.866025,-0.5,0.866025,1.0,0.0,0.0,0.0,0.0,0.0,0.0,1.0
214835_clip007_s000,-0.5,0.866025,-0.5,0.866025,1.0,0.0,0.0,0.0,0.0,0.0,0.0,1.0
214835_clip008_s000,-0.5,0.866025,-0.5,0.866025,1.0,0.0,0.0,0.0,0.0,0.0,0.0,1.0
214835_clip008_s001,-0.5,0.866025,-0.5,0.866025,1.0,0.0,0.0,0.0,0.0,0.0,0.0,1.0
214835_clip009_s000,-0.5,0.866025,-0.5,0.866025,1.0,0.0,0.0,0.0,0.0,0.0,0.0,1.0
214835_clip009_s001,-0.5,0.866025,-0.5,0.866025,1.0,0.0,0.0,0.0,0.0,0.0,0.0,1.0
214835_clip009_s002,-0.5,0.866025,-0.5,0.866025,1.0,0.0,0.0,0.0,0.0,0.0,0.0,1.0
214835_clip010_s000,-0.5,0.866025,-0.5,0.866025,1.0,0.0,0.0,0.0,0.0,0.0,0.0,1.0
214835_clip010_s001,-0.5,0.866025,-0.5,0.866025,1.0,0.0,0.0,0.0,0.0,0.0,0.0,1.0
214835_clip010_s002,-0.5,0.866025,-0.5,0.866025,1.0,0.0,0.0,0.0,0.0,0.0,0.0,1.0
214835_clip010_s003,-0.5,0.866025,-0.5,0.866025,1.0,0.0,0.0,0.0,0.0,0.0,0.0,1.0
214835_clip011_s000,-0.5,0.866025,-0.5,0.866025,1.0,0.0,0.0,0.0,0.0,0.0,0.0,1.0
214835_clip011_s001,-0.5,0.866025,-0.5,0.866025,1.0,0.0,0.0,0.0,0.0,0.0,0.0,1.0
214835_clip012_s000,-0.5,0.866025,-0.5,0.866025,1.0,0.0,0.0,0.0,0.0,0.0,0.0,1.0
214835_clip012_s001,-0.5,0.866025,-0.5,0.866025,1.0,0.0,0.0,0.0,0.0,0.0,0.0,1.0
214835_clip012_s002,-0.5,0.866025,-0.5,0.866025,1.0,0.0,0.0,0.0,0.0,0.0,0.0,1.0
214835_clip012_s003,-0.5,0.866025,-0.5,0.866025,1.0,0.0,0.0,0.0,0.0,0.0,0.0,1.0
214835_clip012_s004,-0.5,0.866025,-0.5,0.866025,1.0,0.0,0.0,0.0,0.0,0.0,0.0,1.0
214835_clip013_s000,-0.5,0.866025,-0.5,0.866025,1.0,0.0,0.0,0.0,0.0,0.0,0.0,1.0
214835_clip013_s001,-0.5,0.866025,-0.5,0.866025,1.0,0.0,0.0,0.0,0.0,0.0,0.0,1.0
214835_clip014_s000,-0.5,0.866025,-0.5,0.866025,1.0,0.0,0.0,0.0,0.0,0.0,0.0,1.0
214835_clip014_s001,-0.5,0.866025,-0.5,0.866025,1.0,0.0,0.0,0.0,0.0,0.0,0.0,1.0
214835_clip015_s000,-0.5,0.866025,-0.5,0.866025,1.0,0.0,0.0,0.0,0.0,0.0,0.0,1.0
214835_clip015_s001,-0.5,0.866025,-0.5,0.866025,1.0,0.0,0.0,0.0,0.0,0.0,0.0,1.0
214835_clip017_s000,-0.5,0.866025,-0.5,0.866025,1.0,0.0,0.0,0.0,0.0,0.0,0.0,1.0
214835_clip017_s001,-0.5,0.866025,-0.5,0.866025,1.0,0.0,0.0,0.0,0.0,0.0,0.0,1.0
214836_clip017_s000,0.866025,-0.5,-0.5,0.866025,1.0,0.0,0.0,0.0,0.0,1.0,0.0,0.0
214837_clip001_s000,-0.5,-0.866025,-0.5,0.866025,1.0,0.0,0.0,0.0,0.0,0.0,1.0,0.0
214837_clip008_s000,-0.5,-0.866025,-0.5,0.866025,1.0,0.0,0.0,0.0,0.0,0.0,1.0,0.0
214837_clip014_s000,-0.5,-0.866025,-0.5,0.866025,1.0,0.0,0.0,0.0,0.0,0.0,1.0,0.0
215103_clip005_s000,0.866025,-0.5,-0.0,1.0,0.0,1.0,0.0,0.0,0.0,1.0,0.0,0.0
215103_clip007_s000,0.866025,-0.5,-0.0,1.0,0.0,1.0,0.0,0.0,0.0,1.0,0.0,0.0
215109_clip017_s000,-0.5,-0.866025,-0.0,1.0,0.0,1.0,0.0,0.0,0.0,0.0,1.0,0.0
215111_clip003_s000,1.0,0.0,-0.0,1.0,0.0,1.0,0.0,0.0,1.0,0.0,0.0,0.0
215122_clip005_s000,-0.5,0.866025,-0.0,1.0,0.0,1.0,0.0,0.0,0.0,0.0,0.0,1.0
215122_clip007_s000,-0.5,0.866025,-0.0,1.0,0.0,1.0,0.0,0.0,0.0,0.0,0.0,1.0
215122_clip021_s000,-0.5,0.866025,-0.0,1.0,0.0,1.0,0.0,0.0,0.0,0.0,0.0,1.0
215122_clip023_s000,-0.5,0.866025,-0.0,1.0,0.0,1.0,0.0,0.0,0.0,0.0,0.0,1.0
215185_clip002_s000,0.866025,-0.5,-0.0,1.0,0.0,1.0,0.0,0.0,0.0,1.0,0.0,0.0
215185_clip006_s000,0.866025,-0.5,-0.0,1.0,0.0,1.0,0.0,0.0,0.0,1.0,0.0,0.0
215185_clip020_s000,0.866025,-0.5,-0.0,1.0,0.0,1.0,0.0,0.0,0.0,1.0,0.0,0.0
215190_clip001_s000,-0.5,0.866025,-0.0,1.0,0.0,1.0,0.0,0.0,0.0,0.0,0.0,1.0
215190_clip001_s001,-0.5,0.866025,-0.0,1.0,0.0,1.0,0.0,0.0,0.0,0.0,0.0,1.0
215190_clip001_s002,-0.5,0.866025,-0.0,1.0,0.0,1.0,0.0,0.0,0.0,0.0,0.0,1.0
215190_clip002_s000,-0.5,0.866025,-0.0,1.0,0.0,1.0,0.0,0.0,0.0,0.0,0.0,1.0
215190_clip003_s000,-0.5,0.866025,-0.0,1.0,0.0,1.0,0.0,0.0,0.0,0.0,0.0,1.0
215190_clip003_s001,-0.5,0.866025,-0.0,1.0,0.0,1.0,0.0,0.0,0.0,0.0,0.0,1.0
215190_clip004_s000,-0.5,0.866025,-0.0,1.0,0.0,1.0,0.0,0.0,0.0,0.0,0.0,1.0
215190_clip004_s001,-0.5,0.866025,-0.0,1.0,0.0,1.0,0.0,0.0,0.0,0.0,0.0,1.0
215190_clip006_s000,-0.5,0.866025,-0.0,1.0,0.0,1.0,0.0,0.0,0.0,0.0,0.0,1.0
215190_clip006_s001,-0.5,0.866025,-0.0,1.0,0.0,1.0,0.0,0.0,0.0,0.0,0.0,1.0
215190_clip007_s000,-0.5,0.866025,-0.0,1.0,0.0,1.0,0.0,0.0,0.0,0.0,0.0,1.0
215190_clip007_s001,-0.5,0.866025,-0.0,1.0,0.0,1.0,0.0,0.0,0.0,0.0,0.0,1.0
215190_clip007_s002,-0.5,0.866025,-0.0,1.0,0.0,1.0,0.0,0.0,0.0,0.0,0.0,1.0
215190_clip008_s000,-0.5,0.866025,-0.0,1.0,0.0,1.0,0.0,0.0,0.0,0.0,0.0,1.0
215190_clip013_s000,-0.5,0.866025,-0.0,1.0,0.0,1.0,0.0,0.0,0.0,0.0,0.0,1.0
215190_clip017_s000,-0.5,0.866025,-0.0,1.0,0.0,1.0,0.0,0.0,0.0,0.0,0.0,1.0
215190_clip018_s000,-0.5,0.866025,-0.0,1.0,0.0,1.0,0.0,0.0,0.0,0.0,0.0,1.0
215190_clip020_s000,-0.5,0.866025,-0.0,1.0,0.0,1.0,0.0,0.0,0.0,0.0,0.0,1.0
215190_clip021_s000,-0.5,0.866025,-0.0,1.0,0.0,1.0,0.0,0.0,0.0,0.0,0.0,1.0
215190_clip021_s001,-0.5,0.866025,-0.0,1.0,0.0,1.0,0.0,0.0,0.0,0.0,0.0,1.0
215190_clip022_s000,-0.5,0.866025,-0.0,1.0,0.0,1.0,0.0,0.0,0.0,0.0,0.0,1.0
215191_clip014_s000,-0.5,-0.866025,-0.0,1.0,0.0,1.0,0.0,0.0,0.0,0.0,1.0,0.0
215191_clip015_s000,-0.5,-0.866025,-0.0,1.0,0.0,1.0,0.0,0.0,0.0,0.0,1.0,0.0
215191_clip018_s000,-0.5,-0.866025,-0.0,1.0,0.0,1.0,0.0,0.0,0.0,0.0,1.0,0.0
215191_clip019_s000,-0.5,-0.866025,-0.0,1.0,0.0,1.0,0.0,0.0,0.0,0.0,1.0,0.0
215191_clip021_s000,-0.5,-0.866025,-0.0,1.0,0.0,1.0,0.0,0.0,0.0,0.0,1.0,0.0
215192_clip002_s000,1.0,0.0,-0.0,1.0,0.0,1.0,0.0,0.0,1.0,0.0,0.0,0.0
215467_clip001_s000,1.0,0.0,0.5,0.866025,0.0,1.0,0.0,0.0,1.0,0.0,0.0,0.0
215467_clip001_s001,1.0,0.0,0.5,0.866025,0.0,1.0,0.0,0.0,1.0,0.0,0.0,0.0
215467_clip002_s000,1.0,0.0,0.5,0.866025,0.0,1.0,0.0,0.0,1.0,0.0,0.0,0.0
215467_clip007_s000,1.0,0.0,0.5,0.866025,0.0,1.0,0.0,0.0,1.0,0.0,0.0,0.0
215467_clip008_s000,1.0,0.0,0.5,0.866025,0.0,1.0,0.0,0.0,1.0,0.0,0.0,0.0
215467_clip010_s000,1.0,0.0,0.5,0.866025,0.0,1.0,0.0,0.0,1.0,0.0,0.0,0.0
215467_clip011_s000,1.0,0.0,0.5,0.866025,0.0,1.0,0.0,0.0,1.0,0.0,0.0,0.0
215467_clip011_s001,1.0,0.0,0.5,0.866025,0.0,1.0,0.0,0.0,1.0,0.0,0.0,0.0
215467_clip012_s000,1.0,0.0,0.5,0.866025,0.0,1.0,0.0,0.0,1.0,0.0,0.0,0.0
215467_clip012_s001,1.0,0.0,0.5,0.866025,0.0,1.0,0.0,0.0,1.0,0.0,0.0,0.0
215467_clip013_s000,1.0,0.0,0.5,0.866025,0.0,1.0,0.0,0.0,1.0,0.0,0.0,0.0
215467_clip014_s000,1.0,0.0,0.5,0.866025,0.0,1.0,0.0,0.0,1.0,0.0,0.0,0.0
215467_clip015_s000,1.0,0.0,0.5,0.866025,0.0,1.0,0.0,0.0,1.0,0.0,0.0,0.0
215467_clip016_s000,1.0,0.0,0.5,0.866025,0.0,1.0,0.0,0.0,1.0,0.0,0.0,0.0
215467_clip017_s000,1.0,0.0,0.5,0.866025,0.0,1.0,0.0,0.0,1.0,0.0,0.0,0.0
215467_clip018_s000,1.0,0.0,0.5,0.866025,0.0,1.0,0.0,0.0,1.0,0.0,0.0,0.0
215467_clip020_s000,1.0,0.0,0.5,0.866025,0.0,1.0,0.0,0.0,1.0,0.0,0.0,0.0
215467_clip020_s001,1.0,0.0,0.5,0.866025,0.0,1.0,0.0,0.0,1.0,0.0,0.0,0.0
215467_clip021_s000,1.0,0.0,0.5,0.866025,0.0,1.0,0.0,0.0,1.0,0.0,0.0,0.0
215467_clip021_s001,1.0,0.0,0.5,0.866025,0.0,1.0,0.0,0.0,1.0,0.0,0.0,0.0
215467_clip021_s002,1.0,0.0,0.5,0.866025,0.0,1.0,0.0,0.0,1.0,0.0,0.0,0.0
215467_clip021_s003,1.0,0.0,0.5,0.866025,0.0,1.0,0.0,0.0,1.0,0.0,0.0,0.0
215467_clip021_s004,1.0,0.0,0.5,0.866025,0.0,1.0,0.0,0.0,1.0,0.0,0.0,0.0
215467_clip022_s000,1.0,0.0,0.5,0.866025,0.0,1.0,0.0,0.0,1.0,0.0,0.0,0.0
215467_clip024_s000,1.0,0.0,0.5,0.866025,0.0,1.0,0.0,0.0,1.0,0.0,0.0,0.0
215467_clip024_s001,1.0,0.0,0.5,0.866025,0.0,1.0,0.0,0.0,1.0,0.0,0.0,0.0
215469_clip003_s000,-0.5,-0.866025,0.5,0.866025,0.0,1.0,0.0,0.0,0.0,0.0,1.0,0.0
215469_clip005_s000,-0.5,-0.866025,0.5,0.866025,0.0,1.0,0.0,0.0,0.0,0.0,1.0,0.0
215469_clip006_s000,-0.5,-0.866025,0.5,0.866025,0.0,1.0,0.0,0.0,0.0,0.0,1.0,0.0
215469_clip008_s000,-0.5,-0.866025,0.5,0.866025,0.0,1.0,0.0,0.0,0.0,0.0,1.0,0.0
215469_clip013_s000,-0.5,-0.866025,0.5,0.866025,0.0,1.0,0.0,0.0,0.0,0.0,1.0,0.0
215469_clip016_s000,-0.5,-0.866025,0.5,0.866025,0.0,1.0,0.0,0.0,0.0,0.0,1.0,0.0
215469_clip018_s000,-0.5,-0.866025,0.5,0.866025,0.0,1.0,0.0,0.0,0.0,0.0,1.0,0.0
215469_clip021_s000,-0.5,-0.866025,0.5,0.866025,0.0,1.0,0.0,0.0,0.0,0.0,1.0,0.0
215473_clip001_s000,-0.5,0.866025,0.5,0.866025,0.0,1.0,0.0,0.0,0.0,0.0,0.0,1.0
215473_clip002_s000,-0.5,0.866025,0.5,0.866025,0.0,1.0,0.0,0.0,0.0,0.0,0.0,1.0
215473_clip003_s000,-0.5,0.866025,0.5,0.866025,0.0,1.0,0.0,0.0,0.0,0.0,0.0,1.0
215473_clip005_s000,-0.5,0.866025,0.5,0.866025,0.0,1.0,0.0,0.0,0.0,0.0,0.0,1.0
215473_clip006_s000,-0.5,0.866025,0.5,0.866025,0.0,1.0,0.0,0.0,0.0,0.0,0.0,1.0
215473_clip007_s000,-0.5,0.866025,0.5,0.866025,0.0,1.0,0.0,0.0,0.0,0.0,0.0,1.0
215473_clip007_s001,-0.5,0.866025,0.5,0.866025,0.0,1.0,0.0,0.0,0.0,0.0,0.0,1.0
215473_clip011_s000,-0.5,0.866025,0.5,0.866025,0.0,1.0,0.0,0.0,0.0,0.0,0.0,1.0
215473_clip013_s000,-0.5,0.866025,0.5,0.866025,0.0,1.0,0.0,0.0,0.0,0.0,0.0,1.0
215473_clip016_s000,-0.5,0.866025,0.5,0.866025,0.0,1.0,0.0,0.0,0.0,0.0,0.0,1.0
215473_clip022_s000,-0.5,0.866025,0.5,0.866025,0.0,1.0,0.0,0.0,0.0,0.0,0.0,1.0
215474_clip003_s000,0.866025,-0.5,0.5,0.866025,0.0,1.0,0.0,0.0,0.0,1.0,0.0,0.0
215474_clip004_s000,0.866025,-0.5,0.5,0.866025,0.0,1.0,0.0,0.0,0.0,1.0,0.0,0.0
215474_clip004_s001,0.866025,-0.5,0.5,0.866025,0.0,1.0,0.0,0.0,0.0,1.0,0.0,0.0
215474_clip004_s002,0.866025,-0.5,0.5,0.866025,0.0,1.0,0.0,0.0,0.0,1.0,0.0,0.0
215474_clip005_s000,0.866025,-0.5,0.5,0.866025,0.0,1.0,0.0,0.0,0.0,1.0,0.0,0.0
215474_clip006_s000,0.866025,-0.5,0.5,0.866025,0.0,1.0,0.0,0.0,0.0,1.0,0.0,0.0
215474_clip007_s000,0.866025,-0.5,0.5,0.866025,0.0,1.0,0.0,0.0,0.0,1.0,0.0,0.0
215474_clip010_s000,0.866025,-0.5,0.5,0.866025,0.0,1.0,0.0,0.0,0.0,1.0,0.0,0.0
215474_clip011_s000,0.866025,-0.5,0.5,0.866025,0.0,1.0,0.0,0.0,0.0,1.0,0.0,0.0
215474_clip013_s000,0.866025,-0.5,0.5,0.866025,0.0,1.0,0.0,0.0,0.0,1.0,0.0,0.0
215474_clip014_s000,0.866025,-0.5,0.5,0.866025,0.0,1.0,0.0,0.0,0.0,1.0,0.0,0.0
215474_clip014_s001,0.866025,-0.5,0.5,0.866025,0.0,1.0,0.0,0.0,0.0,1.0,0.0,0.0
215474_clip016_s000,0.866025,-0.5,0.5,0.866025,0.0,1.0,0.0,0.0,0.0,1.0,0.0,0.0
215474_clip019_s000,0.866025,-0.5,0.5,0.866025,0.0,1.0,0.0,0.0,0.0,1.0,0.0,0.0
215474_clip020_s000,0.866025,-0.5,0.5,0.866025,0.0,1.0,0.0,0.0,0.0,1.0,0.0,0.0
215474_clip020_s001,0.866025,-0.5,0.5,0.866025,0.0,1.0,0.0,0.0,0.0,1.0,0.0,0.0
215474_clip023_s000,0.866025,-0.5,0.5,0.866025,0.0,1.0,0.0,0.0,0.0,1.0,0.0,0.0
215474_clip023_s001,0.866025,-0.5,0.5,0.866025,0.0,1.0,0.0,0.0,0.0,1.0,0.0,0.0
215474_clip024_s000,0.866025,-0.5,0.5,0.866025,0.0,1.0,0.0,0.0,0.0,1.0,0.0,0.0
215684_clip017_s000,0.866025,-0.5,0.5,0.866025,0.0,1.0,0.0,0.0,0.0,1.0,0.0,0.0
215688_clip004_s000,-0.5,-0.866025,0.5,0.866025,0.0,1.0,0.0,0.0,0.0,0.0,1.0,0.0
215688_clip006_s000,-0.5,-0.866025,0.5,0.866025,0.0,1.0,0.0,0.0,0.0,0.0,1.0,0.0
215688_clip006_s001,-0.5,-0.866025,0.5,0.866025,0.0,1.0,0.0,0.0,0.0,0.0,1.0,0.0
215688_clip007_s000,-0.5,-0.866025,0.5,0.866025,0.0,1.0,0.0,0.0,0.0,0.0,1.0,0.0
215688_clip007_s001,-0.5,-0.866025,0.5,0.866025,0.0,1.0,0.0,0.0,0.0,0.0,1.0,0.0
215688_clip018_s000,-0.5,-0.866025,0.5,0.866025,0.0,1.0,0.0,0.0,0.0,0.0,1.0,0.0
215689_clip017_s000,-0.5,0.866025,0.5,0.866025,0.0,1.0,0.0,0.0,0.0,0.0,0.0,1.0
215727_clip010_s000,0.866025,-0.5,0.866025,0.5,0.0,1.0,0.0,0.0,0.0,1.0,0.0,0.0
215727_clip019_s000,0.866025,-0.5,0.866025,0.5,0.0,1.0,0.0,0.0,0.0,1.0,0.0,0.0
215727_clip022_s000,0.866025,-0.5,0.866025,0.5,0.0,1.0,0.0,0.0,0.0,1.0,0.0,0.0
215729_clip001_s000,-0.5,-0.866025,0.866025,0.5,0.0,1.0,0.0,0.0,0.0,0.0,1.0,0.0
215729_clip001_s001,-0.5,-0.866025,0.866025,0.5,0.0,1.0,0.0,0.0,0.0,0.0,1.0,0.0
215729_clip003_s000,-0.5,-0.866025,0.866025,0.5,0.0,1.0,0.0,0.0,0.0,0.0,1.0,0.0
215729_clip004_s000,-0.5,-0.866025,0.866025,0.5,0.0,1.0,0.0,0.0,0.0,0.0,1.0,0.0
215729_clip012_s000,-0.5,-0.866025,0.866025,0.5,0.0,1.0,0.0,0.0,0.0,0.0,1.0,0.0
215729_clip012_s001,-0.5,-0.866025,0.866025,0.5,0.0,1.0,0.0,0.0,0.0,0.0,1.0,0.0
215729_clip015_s000,-0.5,-0.866025,0.866025,0.5,0.0,1.0,0.0,0.0,0.0,0.0,1.0,0.0
215729_clip017_s000,-0.5,-0.866025,0.866025,0.5,0.0,1.0,0.0,0.0,0.0,0.0,1.0,0.0
215729_clip021_s000,-0.5,-0.866025,0.866025,0.5,0.0,1.0,0.0,0.0,0.0,0.0,1.0,0.0
215730_clip003_s000,1.0,0.0,0.866025,0.5,0.0,1.0,0.0,0.0,1.0,0.0,0.0,0.0
215730_clip011_s000,1.0,0.0,0.866025,0.5,0.0,1.0,0.0,0.0,1.0,0.0,0.0,0.0
215730_clip020_s000,1.0,0.0,0.866025,0.5,0.0,1.0,0.0,0.0,1.0,0.0,0.0,0.0
215730_clip021_s000,1.0,0.0,0.866025,0.5,0.0,1.0,0.0,0.0,1.0,0.0,0.0,0.0
215898_clip020_s000,0.866025,-0.5,0.866025,0.5,0.0,1.0,0.0,0.0,0.0,1.0,0.0,0.0
215898_clip021_s000,0.866025,-0.5,0.866025,0.5,0.0,1.0,0.0,0.0,0.0,1.0,0.0,0.0
215903_clip005_s000,1.0,0.0,0.866025,0.5,0.0,1.0,0.0,0.0,1.0,0.0,0.0,0.0
215905_clip008_s000,-0.5,-0.866025,0.866025,0.5,0.0,1.0,0.0,0.0,0.0,0.0,1.0,0.0
215905_clip015_s000,-0.5,-0.866025,0.866025,0.5,0.0,1.0,0.0,0.0,0.0,0.0,1.0,0.0
215905_clip016_s000,-0.5,-0.866025,0.866025,0.5,0.0,1.0,0.0,0.0,0.0,0.0,1.0,0.0
215905_clip016_s001,-0.5,-0.866025,0.866025,0.5,0.0,1.0,0.0,0.0,0.0,0.0,1.0,0.0
215905_clip016_s002,-0.5,-0.866025,0.866025,0.5,0.0,1.0,0.0,0.0,0.0,0.0,1.0,0.0
215905_clip024_s000,-0.5,-0.866025,0.866025,0.5,0.0,1.0,0.0,0.0,0.0,0.0,1.0,0.0
216086_clip002_s000,1.0,0.0,1.0,0.0,0.0,0.0,1.0,0.0,1.0,0.0,0.0,0.0
216086_clip003_s000,1.0,0.0,1.0,0.0,0.0,0.0,1.0,0.0,1.0,0.0,0.0,0.0
216086_clip007_s000,1.0,0.0,1.0,0.0,0.0,0.0,1.0,0.0,1.0,0.0,0.0,0.0
216086_clip011_s000,1.0,0.0,1.0,0.0,0.0,0.0,1.0,0.0,1.0,0.0,0.0,0.0
216086_clip011_s001,1.0,0.0,1.0,0.0,0.0,0.0,1.0,0.0,1.0,0.0,0.0,0.0
216086_clip013_s000,1.0,0.0,1.0,0.0,0.0,0.0,1.0,0.0,1.0,0.0,0.0,0.0
216086_clip014_s000,1.0,0.0,1.0,0.0,0.0,0.0,1.0,0.0,1.0,0.0,0.0,0.0
216086_clip014_s001,1.0,0.0,1.0,0.0,0.0,0.0,1.0,0.0,1.0,0.0,0.0,0.0
216086_clip014_s002,1.0,0.0,1.0,0.0,0.0,0.0,1.0,0.0,1.0,0.0,0.0,0.0
216086_clip015_s000,1.0,0.0,1.0,0.0,0.0,0.0,1.0,0.0,1.0,0.0,0.0,0.0
216086_clip016_s000,1.0,0.0,1.0,0.0,0.0,0.0,1.0,0.0,1.0,0.0,0.0,0.0
216086_clip018_s000,1.0,0.0,1.0,0.0,0.0,0.0,1.0,0.0,1.0,0.0,0.0,0.0
216086_clip020_s000,1.0,0.0,1.0,0.0,0.0,0.0,1.0,0.0,1.0,0.0,0.0,0.0
216086_clip023_s000,1.0,0.0,1.0,0.0,0.0,0.0,1.0,0.0,1.0,0.0,0.0,0.0
216086_clip024_s000,1.0,0.0,1.0,0.0,0.0,0.0,1.0,0.0,1.0,0.0,0.0,0.0
216088_clip002_s000,0.866025,-0.5,1.0,0.0,0.0,0.0,1.0,0.0,0.0,1.0,0.0,0.0
216088_clip002_s001,0.866025,-0.5,1.0,0.0,0.0,0.0,1.0,0.0,0.0,1.0,0.0,0.0
216088_clip003_s000,0.866025,-0.5,1.0,0.0,0.0,0.0,1.0,0.0,0.0,1.0,0.0,0.0
216088_clip005_s000,0.866025,-0.5,1.0,0.0,0.0,0.0,1.0,0.0,0.0,1.0,0.0,0.0
216088_clip007_s000,0.866025,-0.5,1.0,0.0,0.0,0.0,1.0,0.0,0.0,1.0,0.0,0.0
216088_clip013_s000,0.866025,-0.5,1.0,0.0,0.0,0.0,1.0,0.0,0.0,1.0,0.0,0.0
216088_clip014_s000,0.866025,-0.5,1.0,0.0,0.0,0.0,1.0,0.0,0.0,1.0,0.0,0.0
216088_clip015_s000,0.866025,-0.5,1.0,0.0,0.0,0.0,1.0,0.0,0.0,1.0,0.0,0.0
216088_clip015_s001,0.866025,-0.5,1.0,0.0,0.0,0.0,1.0,0.0,0.0,1.0,0.0,0.0
216088_clip016_s000,0.866025,-0.5,1.0,0.0,0.0,0.0,1.0,0.0,0.0,1.0,0.0,0.0
216088_clip017_s000,0.866025,-0.5,1.0,0.0,0.0,0.0,1.0,0.0,0.0,1.0,0.0,0.0
216088_clip017_s001,0.866025,-0.5,1.0,0.0,0.0,0.0,1.0,0.0,0.0,1.0,0.0,0.0
216088_clip019_s000,0.866025,-0.5,1.0,0.0,0.0,0.0,1.0,0.0,0.0,1.0,0.0,0.0
216088_clip023_s000,0.866025,-0.5,1.0,0.0,0.0,0.0,1.0,0.0,0.0,1.0,0.0,0.0
216088_clip024_s000,0.866025,-0.5,1.0,0.0,0.0,0.0,1.0,0.0,0.0,1.0,0.0,0.0
216095_clip001_s000,-0.5,-0.866025,1.0,0.0,0.0,0.0,1.0,0.0,0.0,0.0,1.0,0.0
216095_clip003_s000,-0.5,-0.866025,1.0,0.0,0.0,0.0,1.0,0.0,0.0,0.0,1.0,0.0
216095_clip004_s000,-0.5,-0.866025,1.0,0.0,0.0,0.0,1.0,0.0,0.0,0.0,1.0,0.0
216095_clip004_s001,-0.5,-0.866025,1.0,0.0,0.0,0.0,1.0,0.0,0.0,0.0,1.0,0.0
216095_clip004_s002,-0.5,-0.866025,1.0,0.0,0.0,0.0,1.0,0.0,0.0,0.0,1.0,0.0
216095_clip006_s000,-0.5,-0.866025,1.0,0.0,0.0,0.0,1.0,0.0,0.0,0.0,1.0,0.0
216095_clip006_s001,-0.5,-0.866025,1.0,0.0,0.0,0.0,1.0,0.0,0.0,0.0,1.0,0.0
216095_clip007_s000,-0.5,-0.866025,1.0,0.0,0.0,0.0,1.0,0.0,0.0,0.0,1.0,0.0
216095_clip007_s001,-0.5,-0.866025,1.0,0.0,0.0,0.0,1.0,0.0,0.0,0.0,1.0,0.0
216095_clip010_s000,-0.5,-0.866025,1.0,0.0,0.0,0.0,1.0,0.0,0.0,0.0,1.0,0.0
216095_clip010_s001,-0.5,-0.866025,1.0,0.0,0.0,0.0,1.0,0.0,0.0,0.0,1.0,0.0
216095_clip011_s000,-0.5,-0.866025,1.0,0.0,0.0,0.0,1.0,0.0,0.0,0.0,1.0,0.0
216095_clip011_s001,-0.5,-0.866025,1.0,0.0,0.0,0.0,1.0,0.0,0.0,0.0,1.0,0.0
216095_clip012_s000,-0.5,-0.866025,1.0,0.0,0.0,0.0,1.0,0.0,0.0,0.0,1.0,0.0
216095_clip013_s000,-0.5,-0.866025,1.0,0.0,0.0,0.0,1.0,0.0,0.0,0.0,1.0,0.0
216095_clip015_s000,-0.5,-0.866025,1.0,0.0,0.0,0.0,1.0,0.0,0.0,0.0,1.0,0.0
216095_clip016_s000,-0.5,-0.866025,1.0,0.0,0.0,0.0,1.0,0.0,0.0,0.0,1.0,0.0
216095_clip016_s001,-0.5,-0.866025,1.0,0.0,0.0,0.0,1.0,0.0,0.0,0.0,1.0,0.0
216095_clip016_s002,-0.5,-0.866025,1.0,0.0,0.0,0.0,1.0,0.0,0.0,0.0,1.0,0.0
216095_clip016_s003,-0.5,-0.866025,1.0,0.0,0.0,0.0,1.0,0.0,0.0,0.0,1.0,0.0
216095_clip017_s000,-0.5,-0.866025,1.0,0.0,0.0,0.0,1.0,0.0,0.0,0.0,1.0,0.0
216095_clip019_s000,-0.5,-0.866025,1.0,0.0,0.0,0.0,1.0,0.0,0.0,0.0,1.0,0.0
216095_clip019_s001,-0.5,-0.866025,1.0,0.0,0.0,0.0,1.0,0.0,0.0,0.0,1.0,0.0
216096_clip013_s000,-0.5,0.866025,1.0,0.0,0.0,0.0,1.0,0.0,0.0,0.0,0.0,1.0
216301_clip012_s000,-0.5,-0.866025,1.0,0.0,0.0,0.0,1.0,0.0,0.0,0.0,1.0,0.0
216301_clip015_s000,-0.5,-0.866025,1.0,0.0,0.0,0.0,1.0,0.0,0.0,0.0,1.0,0.0
216464_clip021_s000,0.866025,-0.5,0.866025,-0.5,0.0,0.0,1.0,0.0,0.0,1.0,0.0,0.0
216466_clip011_s000,1.0,0.0,0.866025,-0.5,0.0,0.0,1.0,0.0,1.0,0.0,0.0,0.0
216466_clip014_s000,1.0,0.0,0.866025,-0.5,0.0,0.0,1.0,0.0,1.0,0.0,0.0,0.0
216466_clip018_s000,1.0,0.0,0.866025,-0.5,0.0,0.0,1.0,0.0,1.0,0.0,0.0,0.0
216466_clip020_s000,1.0,0.0,0.866025,-0.5,0.0,0.0,1.0,0.0,1.0,0.0,0.0,0.0
216466_clip022_s000,1.0,0.0,0.866025,-0.5,0.0,0.0,1.0,0.0,1.0,0.0,0.0,0.0
216470_clip010_s000,-0.5,-0.866025,0.866025,-0.5,0.0,0.0,1.0,0.0,0.0,0.0,1.0,0.0
216470_clip017_s000,-0.5,-0.866025,0.866025,-0.5,0.0,0.0,1.0,0.0,0.0,0.0,1.0,0.0
216470_clip017_s001,-0.5,-0.866025,0.866025,-0.5,0.0,0.0,1.0,0.0,0.0,0.0,1.0,0.0
216470_clip018_s000,-0.5,-0.866025,0.866025,-0.5,0.0,0.0,1.0,0.0,0.0,0.0,1.0,0.0
216470_clip019_s000,-0.5,-0.866025,0.866025,-0.5,0.0,0.0,1.0,0.0,0.0,0.0,1.0,0.0
216470_clip020_s000,-0.5,-0.866025,0.866025,-0.5,0.0,0.0,1.0,0.0,0.0,0.0,1.0,0.0
216470_clip022_s000,-0.5,-0.866025,0.866025,-0.5,0.0,0.0,1.0,0.0,0.0,0.0,1.0,0.0
216473_clip006_s000,-0.5,0.866025,0.866025,-0.5,0.0,0.0,1.0,0.0,0.0,0.0,0.0,1.0
216473_clip006_s001,-0.5,0.866025,0.866025,-0.5,0.0,0.0,1.0,0.0,0.0,0.0,0.0,1.0
216473_clip007_s000,-0.5,0.866025,0.866025,-0.5,0.0,0.0,1.0,0.0,0.0,0.0,0.0,1.0
216473_clip007_s001,-0.5,0.866025,0.866025,-0.5,0.0,0.0,1.0,0.0,0.0,0.0,0.0,1.0
216473_clip009_s000,-0.5,0.866025,0.866025,-0.5,0.0,0.0,1.0,0.0,0.0,0.0,0.0,1.0
216473_clip011_s000,-0.5,0.866025,0.866025,-0.5,0.0,0.0,1.0,0.0,0.0,0.0,0.0,1.0
216473_clip011_s001,-0.5,0.866025,0.866025,-0.5,0.0,0.0,1.0,0.0,0.0,0.0,0.0,1.0
216473_clip012_s000,-0.5,0.866025,0.866025,-0.5,0.0,0.0,1.0,0.0,0.0,0.0,0.0,1.0
216473_clip012_s001,-0.5,0.866025,0.866025,-0.5,0.0,0.0,1.0,0.0,0.0,0.0,0.0,1.0
216473_clip012_s002,-0.5,0.866025,0.866025,-0.5,0.0,0.0,1.0,0.0,0.0,0.0,0.0,1.0
216473_clip012_s003,-0.5,0.866025,0.866025,-0.5,0.0,0.0,1.0,0.0,0.0,0.0,0.0,1.0
216473_clip013_s000,-0.5,0.866025,0.866025,-0.5,0.0,0.0,1.0,0.0,0.0,0.0,0.0,1.0
216473_clip013_s001,-0.5,0.866025,0.866025,-0.5,0.0,0.0,1.0,0.0,0.0,0.0,0.0,1.0
216473_clip015_s000,-0.5,0.866025,0.866025,-0.5,0.0,0.0,1.0,0.0,0.0,0.0,0.0,1.0
216473_clip015_s001,-0.5,0.866025,0.866025,-0.5,0.0,0.0,1.0,0.0,0.0,0.0,0.0,1.0
216473_clip015_s002,-0.5,0.866025,0.866025,-0.5,0.0,0.0,1.0,0.0,0.0,0.0,0.0,1.0
216473_clip015_s003,-0.5,0.866025,0.866025,-0.5,0.0,0.0,1.0,0.0,0.0,0.0,0.0,1.0
216473_clip015_s004,-0.5,0.866025,0.866025,-0.5,0.0,0.0,1.0,0.0,0.0,0.0,0.0,1.0
216473_clip015_s005,-0.5,0.866025,0.866025,-0.5,0.0,0.0,1.0,0.0,0.0,0.0,0.0,1.0
216473_clip016_s000,-0.5,0.866025,0.866025,-0.5,0.0,0.0,1.0,0.0,0.0,0.0,0.0,1.0
216473_clip016_s001,-0.5,0.866025,0.866025,-0.5,0.0,0.0,1.0,0.0,0.0,0.0,0.0,1.0
216473_clip016_s002,-0.5,0.866025,0.866025,-0.5,0.0,0.0,1.0,0.0,0.0,0.0,0.0,1.0
216473_clip017_s000,-0.5,0.866025,0.866025,-0.5,0.0,0.0,1.0,0.0,0.0,0.0,0.0,1.0
216473_clip017_s001,-0.5,0.866025,0.866025,-0.5,0.0,0.0,1.0,0.0,0.0,0.0,0.0,1.0
216473_clip018_s000,-0.5,0.866025,0.866025,-0.5,0.0,0.0,1.0,0.0,0.0,0.0,0.0,1.0
216473_clip018_s001,-0.5,0.866025,0.866025,-0.5,0.0,0.0,1.0,0.0,0.0,0.0,0.0,1.0
216473_clip019_s000,-0.5,0.866025,0.866025,-0.5,0.0,0.0,1.0,0.0,0.0,0.0,0.0,1.0
216473_clip021_s000,-0.5,0.866025,0.866025,-0.5,0.0,0.0,1.0,0.0,0.0,0.0,0.0,1.0
216473_clip021_s001,-0.5,0.866025,0.866025,-0.5,0.0,0.0,1.0,0.0,0.0,0.0,0.0,1.0
216473_clip021_s002,-0.5,0.866025,0.866025,-0.5,0.0,0.0,1.0,0.0,0.0,0.0,0.0,1.0
216473_clip022_s000,-0.5,0.866025,0.866025,-0.5,0.0,0.0,1.0,0.0,0.0,0.0,0.0,1.0
216473_clip023_s000,-0.5,0.866025,0.866025,-0.5,0.0,0.0,1.0,0.0,0.0,0.0,0.0,1.0
216473_clip023_s001,-0.5,0.866025,0.866025,-0.5,0.0,0.0,1.0,0.0,0.0,0.0,0.0,1.0
216473_clip024_s000,-0.5,0.866025,0.866025,-0.5,0.0,0.0,1.0,0.0,0.0,0.0,0.0,1.0
216594_clip005_s000,0.866025,-0.5,0.866025,-0.5,0.0,0.0,1.0,0.0,0.0,1.0,0.0,0.0
216594_clip015_s000,0.866025,-0.5,0.866025,-0.5,0.0,0.0,1.0,0.0,0.0,1.0,0.0,0.0
216594_clip020_s000,0.866025,-0.5,0.866025,-0.5,0.0,0.0,1.0,0.0,0.0,1.0,0.0,0.0
216594_clip021_s000,0.866025,-0.5,0.866025,-0.5,0.0,0.0,1.0,0.0,0.0,1.0,0.0,0.0
216594_clip021_s001,0.866025,-0.5,0.866025,-0.5,0.0,0.0,1.0,0.0,0.0,1.0,0.0,0.0
216595_clip010_s000,1.0,0.0,0.866025,-0.5,0.0,0.0,1.0,0.0,1.0,0.0,0.0,0.0
216601_clip007_s000,-0.5,-0.866025,0.866025,-0.5,0.0,0.0,1.0,0.0,0.0,0.0,1.0,0.0
445525_clip012_s000,1.0,0.0,-0.866025,-0.5,0.0,0.0,0.0,1.0,1.0,0.0,0.0,0.0
445525_clip012_s001,1.0,0.0,-0.866025,-0.5,0.0,0.0,0.0,1.0,1.0,0.0,0.0,0.0
445532_clip004_s000,-0.5,-0.866025,-0.866025,-0.5,0.0,0.0,0.0,1.0,0.0,0.0,1.0,0.0
445532_clip008_s000,-0.5,-0.866025,-0.866025,-0.5,0.0,0.0,0.0,1.0,0.0,0.0,1.0,0.0
445532_clip019_s000,-0.5,-0.866025,-0.866025,-0.5,0.0,0.0,0.0,1.0,0.0,0.0,1.0,0.0
445532_clip020_s000,-0.5,-0.866025,-0.866025,-0.5,0.0,0.0,0.0,1.0,0.0,0.0,1.0,0.0
445534_clip002_s000,-0.5,0.866025,-0.866025,-0.5,0.0,0.0,0.0,1.0,0.0,0.0,0.0,1.0
445534_clip004_s000,-0.5,0.866025,-0.866025,-0.5,0.0,0.0,0.0,1.0,0.0,0.0,0.0,1.0
445534_clip006_s000,-0.5,0.866025,-0.866025,-0.5,0.0,0.0,0.0,1.0,0.0,0.0,0.0,1.0
445534_clip010_s000,-0.5,0.866025,-0.866025,-0.5,0.0,0.0,0.0,1.0,0.0,0.0,0.0,1.0
445534_clip011_s000,-0.5,0.866025,-0.866025,-0.5,0.0,0.0,0.0,1.0,0.0,0.0,0.0,1.0
445534_clip011_s001,-0.5,0.866025,-0.866025,-0.5,0.0,0.0,0.0,1.0,0.0,0.0,0.0,1.0
445534_clip015_s000,-0.5,0.866025,-0.866025,-0.5,0.0,0.0,0.0,1.0,0.0,0.0,0.0,1.0
445534_clip015_s001,-0.5,0.866025,-0.866025,-0.5,0.0,0.0,0.0,1.0,0.0,0.0,0.0,1.0
445534_clip020_s000,-0.5,0.866025,-0.866025,-0.5,0.0,0.0,0.0,1.0,0.0,0.0,0.0,1.0
445534_clip022_s000,-0.5,0.866025,-0.866025,-0.5,0.0,0.0,0.0,1.0,0.0,0.0,0.0,1.0
445534_clip023_s000,-0.5,0.866025,-0.866025,-0.5,0.0,0.0,0.0,1.0,0.0,0.0,0.0,1.0
445534_clip024_s000,-0.5,0.866025,-0.866025,-0.5,0.0,0.0,0.0,1.0,0.0,0.0,0.0,1.0
445574_clip008_s000,1.0,0.0,-1.0,-0.0,1.0,0.0,0.0,0.0,1.0,0.0,0.0,0.0
445574_clip013_s000,1.0,0.0,-1.0,-0.0,1.0,0.0,0.0,0.0,1.0,0.0,0.0,0.0
445574_clip013_s001,1.0,0.0,-1.0,-0.0,1.0,0.0,0.0,0.0,1.0,0.0,0.0,0.0
445574_clip016_s000,1.0,0.0,-1.0,-0.0,1.0,0.0,0.0,0.0,1.0,0.0,0.0,0.0
445574_clip019_s000,1.0,0.0,-1.0,-0.0,1.0,0.0,0.0,0.0,1.0,0.0,0.0,0.0
445574_clip019_s001,1.0,0.0,-1.0,-0.0,1.0,0.0,0.0,0.0,1.0,0.0,0.0,0.0
445574_clip019_s002,1.0,0.0,-1.0,-0.0,1.0,0.0,0.0,0.0,1.0,0.0,0.0,0.0
445574_clip022_s000,1.0,0.0,-1.0,-0.0,1.0,0.0,0.0,0.0,1.0,0.0,0.0,0.0
445574_clip023_s000,1.0,0.0,-1.0,-0.0,1.0,0.0,0.0,0.0,1.0,0.0,0.0,0.0
445580_clip011_s000,0.866025,-0.5,-1.0,-0.0,1.0,0.0,0.0,0.0,0.0,1.0,0.0,0.0
445580_clip012_s000,0.866025,-0.5,-1.0,-0.0,1.0,0.0,0.0,0.0,0.0,1.0,0.0,0.0
445580_clip013_s000,0.866025,-0.5,-1.0,-0.0,1.0,0.0,0.0,0.0,0.0,1.0,0.0,0.0
445580_clip014_s000,0.866025,-0.5,-1.0,-0.0,1.0,0.0,0.0,0.0,0.0,1.0,0.0,0.0
445580_clip016_s000,0.866025,-0.5,-1.0,-0.0,1.0,0.0,0.0,0.0,0.0,1.0,0.0,0.0
445580_clip019_s000,0.866025,-0.5,-1.0,-0.0,1.0,0.0,0.0,0.0,0.0,1.0,0.0,0.0
445582_clip004_s000,-0.5,-0.866025,-1.0,-0.0,1.0,0.0,0.0,0.0,0.0,0.0,1.0,0.0
445582_clip009_s000,-0.5,-0.866025,-1.0,-0.0,1.0,0.0,0.0,0.0,0.0,0.0,1.0,0.0
445582_clip010_s000,-0.5,-0.866025,-1.0,-0.0,1.0,0.0,0.0,0.0,0.0,0.0,1.0,0.0
445582_clip016_s000,-0.5,-0.866025,-1.0,-0.0,1.0,0.0,0.0,0.0,0.0,0.0,1.0,0.0
445582_clip017_s000,-0.5,-0.866025,-1.0,-0.0,1.0,0.0,0.0,0.0,0.0,0.0,1.0,0.0
445582_clip018_s000,-0.5,-0.866025,-1.0,-0.0,1.0,0.0,0.0,0.0,0.0,0.0,1.0,0.0
445582_clip020_s000,-0.5,-0.866025,-1.0,-0.0,1.0,0.0,0.0,0.0,0.0,0.0,1.0,0.0
445582_clip022_s000,-0.5,-0.866025,-1.0,-0.0,1.0,0.0,0.0,0.0,0.0,0.0,1.0,0.0
445759_clip002_s000,1.0,0.0,-1.0,-0.0,1.0,0.0,0.0,0.0,1.0,0.0,0.0,0.0
445759_clip005_s000,1.0,0.0,-1.0,-0.0,1.0,0.0,0.0,0.0,1.0,0.0,0.0,0.0
445759_clip005_s001,1.0,0.0,-1.0,-0.0,1.0,0.0,0.0,0.0,1.0,0.0,0.0,0.0
445759_clip005_s002,1.0,0.0,-1.0,-0.0,1.0,0.0,0.0,0.0,1.0,0.0,0.0,0.0
445759_clip006_s000,1.0,0.0,-1.0,-0.0,1.0,0.0,0.0,0.0,1.0,0.0,0.0,0.0
445759_clip007_s000,1.0,0.0,-1.0,-0.0,1.0,0.0,0.0,0.0,1.0,0.0,0.0,0.0
445759_clip007_s001,1.0,0.0,-1.0,-0.0,1.0,0.0,0.0,0.0,1.0,0.0,0.0,0.0
445759_clip008_s000,1.0,0.0,-1.0,-0.0,1.0,0.0,0.0,0.0,1.0,0.0,0.0,0.0
445759_clip009_s000,1.0,0.0,-1.0,-0.0,1.0,0.0,0.0,0.0,1.0,0.0,0.0,0.0
445759_clip009_s001,1.0,0.0,-1.0,-0.0,1.0,0.0,0.0,0.0,1.0,0.0,0.0,0.0
445759_clip010_s000,1.0,0.0,-1.0,-0.0,1.0,0.0,0.0,0.0,1.0,0.0,0.0,0.0
445759_clip015_s000,1.0,0.0,-1.0,-0.0,1.0,0.0,0.0,0.0,1.0,0.0,0.0,0.0
445759_clip016_s000,1.0,0.0,-1.0,-0.0,1.0,0.0,0.0,0.0,1.0,0.0,0.0,0.0
445759_clip018_s000,1.0,0.0,-1.0,-0.0,1.0,0.0,0.0,0.0,1.0,0.0,0.0,0.0
445759_clip018_s001,1.0,0.0,-1.0,-0.0,1.0,0.0,0.0,0.0,1.0,0.0,0.0,0.0
445759_clip024_s000,1.0,0.0,-1.0,-0.0,1.0,0.0,0.0,0.0,1.0,0.0,0.0,0.0
445765_clip001_s000,0.866025,-0.5,-1.0,-0.0,1.0,0.0,0.0,0.0,0.0,1.0,0.0,0.0
445765_clip002_s000,0.866025,-0.5,-1.0,-0.0,1.0,0.0,0.0,0.0,0.0,1.0,0.0,0.0
445765_clip007_s000,0.866025,-0.5,-1.0,-0.0,1.0,0.0,0.0,0.0,0.0,1.0,0.0,0.0
445765_clip008_s000,0.866025,-0.5,-1.0,-0.0,1.0,0.0,0.0,0.0,0.0,1.0,0.0,0.0
445765_clip011_s000,0.866025,-0.5,-1.0,-0.0,1.0,0.0,0.0,0.0,0.0,1.0,0.0,0.0
445765_clip017_s000,0.866025,-0.5,-1.0,-0.0,1.0,0.0,0.0,0.0,0.0,1.0,0.0,0.0
445765_clip017_s001,0.866025,-0.5,-1.0,-0.0,1.0,0.0,0.0,0.0,0.0,1.0,0.0,0.0
445765_clip018_s000,0.866025,-0.5,-1.0,-0.0,1.0,0.0,0.0,0.0,0.0,1.0,0.0,0.0
445765_clip022_s000,0.866025,-0.5,-1.0,-0.0,1.0,0.0,0.0,0.0,0.0,1.0,0.0,0.0
445765_clip022_s001,0.866025,-0.5,-1.0,-0.0,1.0,0.0,0.0,0.0,0.0,1.0,0.0,0.0
445765_clip024_s000,0.866025,-0.5,-1.0,-0.0,1.0,0.0,0.0,0.0,0.0,1.0,0.0,0.0
4881_clip001_s000,1.0,0.0,-0.866025,0.5,1.0,0.0,0.0,0.0,1.0,0.0,0.0,0.0
4881_clip003_s000,1.0,0.0,-0.866025,0.5,1.0,0.0,0.0,0.0,1.0,0.0,0.0,0.0
4881_clip004_s000,1.0,0.0,-0.866025,0.5,1.0,0.0,0.0,0.0,1.0,0.0,0.0,0.0
4881_clip005_s000,1.0,0.0,-0.866025,0.5,1.0,0.0,0.0,0.0,1.0,0.0,0.0,0.0
4881_clip008_s000,1.0,0.0,-0.866025,0.5,1.0,0.0,0.0,0.0,1.0,0.0,0.0,0.0
4881_clip008_s001,1.0,0.0,-0.866025,0.5,1.0,0.0,0.0,0.0,1.0,0.0,0.0,0.0
4881_clip008_s002,1.0,0.0,-0.866025,0.5,1.0,0.0,0.0,0.0,1.0,0.0,0.0,0.0
4881_clip009_s000,1.0,0.0,-0.866025,0.5,1.0,0.0,0.0,0.0,1.0,0.0,0.0,0.0
4881_clip011_s000,1.0,0.0,-0.866025,0.5,1.0,0.0,0.0,0.0,1.0,0.0,0.0,0.0
4881_clip014_s000,1.0,0.0,-0.866025,0.5,1.0,0.0,0.0,0.0,1.0,0.0,0.0,0.0
4881_clip014_s001,1.0,0.0,-0.866025,0.5,1.0,0.0,0.0,0.0,1.0,0.0,0.0,0.0
4881_clip014_s002,1.0,0.0,-0.866025,0.5,1.0,0.0,0.0,0.0,1.0,0.0,0.0,0.0
4881_clip016_s000,1.0,0.0,-0.866025,0.5,1.0,0.0,0.0,0.0,1.0,0.0,0.0,0.0
4881_clip019_s000,1.0,0.0,-0.866025,0.5,1.0,0.0,0.0,0.0,1.0,0.0,0.0,0.0
4881_clip019_s001,1.0,0.0,-0.866025,0.5,1.0,0.0,0.0,0.0,1.0,0.0,0.0,0.0
4881_clip019_s002,1.0,0.0,-0.866025,0.5,1.0,0.0,0.0,0.0,1.0,0.0,0.0,0.0
4881_clip020_s000,1.0,0.0,-0.866025,0.5,1.0,0.0,0.0,0.0,1.0,0.0,0.0,0.0
4881_clip022_s000,1.0,0.0,-0.866025,0.5,1.0,0.0,0.0,0.0,1.0,0.0,0.0,0.0
4881_clip023_s000,1.0,0.0,-0.866025,0.5,1.0,0.0,0.0,0.0,1.0,0.0,0.0,0.0
4883_clip001_s000,-0.5,0.866025,-0.866025,0.5,1.0,0.0,0.0,0.0,0.0,0.0,0.0,1.0
4883_clip001_s001,-0.5,0.866025,-0.866025,0.5,1.0,0.0,0.0,0.0,0.0,0.0,0.0,1.0
4883_clip001_s002,-0.5,0.866025,-0.866025,0.5,1.0,0.0,0.0,0.0,0.0,0.0,0.0,1.0
4883_clip001_s003,-0.5,0.866025,-0.866025,0.5,1.0,0.0,0.0,0.0,0.0,0.0,0.0,1.0
4883_clip003_s000,-0.5,0.866025,-0.866025,0.5,1.0,0.0,0.0,0.0,0.0,0.0,0.0,1.0
4883_clip005_s000,-0.5,0.866025,-0.866025,0.5,1.0,0.0,0.0,0.0,0.0,0.0,0.0,1.0
4883_clip008_s000,-0.5,0.866025,-0.866025,0.5,1.0,0.0,0.0,0.0,0.0,0.0,0.0,1.0
4883_clip009_s000,-0.5,0.866025,-0.866025,0.5,1.0,0.0,0.0,0.0,0.0,0.0,0.0,1.0
4883_clip011_s000,-0.5,0.866025,-0.866025,0.5,1.0,0.0,0.0,0.0,0.0,0.0,0.0,1.0
4883_clip012_s000,-0.5,0.866025,-0.866025,0.5,1.0,0.0,0.0,0.0,0.0,0.0,0.0,1.0
4883_clip013_s000,-0.5,0.866025,-0.866025,0.5,1.0,0.0,0.0,0.0,0.0,0.0,0.0,1.0
4883_clip013_s001,-0.5,0.866025,-0.866025,0.5,1.0,0.0,0.0,0.0,0.0,0.0,0.0,1.0
4883_clip014_s000,-0.5,0.866025,-0.866025,0.5,1.0,0.0,0.0,0.0,0.0,0.0,0.0,1.0
4883_clip014_s001,-0.5,0.866025,-0.866025,0.5,1.0,0.0,0.0,0.0,0.0,0.0,0.0,1.0
4883_clip015_s000,-0.5,0.866025,-0.866025,0.5,1.0,0.0,0.0,0.0,0.0,0.0,0.0,1.0
4883_clip015_s001,-0.5,0.866025,-0.866025,0.5,1.0,0.0,0.0,0.0,0.0,0.0,0.0,1.0
4883_clip016_s000,-0.5,0.866025,-0.866025,0.5,1.0,0.0,0.0,0.0,0.0,0.0,0.0,1.0
4883_clip016_s001,-0.5,0.866025,-0.866025,0.5,1.0,0.0,0.0,0.0,0.0,0.0,0.0,1.0
4883_clip017_s000,-0.5,0.866025,-0.866025,0.5,1.0,0.0,0.0,0.0,0.0,0.0,0.0,1.0
4883_clip017_s001,-0.5,0.866025,-0.866025,0.5,1.0,0.0,0.0,0.0,0.0,0.0,0.0,1.0
4883_clip017_s002,-0.5,0.866025,-0.866025,0.5,1.0,0.0,0.0,0.0,0.0,0.0,0.0,1.0
4883_clip018_s000,-0.5,0.866025,-0.866025,0.5,1.0,0.0,0.0,0.0,0.0,0.0,0.0,1.0
4883_clip020_s000,-0.5,0.866025,-0.866025,0.5,1.0,0.0,0.0,0.0,0.0,0.0,0.0,1.0
4883_clip020_s001,-0.5,0.866025,-0.866025,0.5,1.0,0.0,0.0,0.0,0.0,0.0,0.0,1.0
4883_clip020_s002,-0.5,0.866025,-0.866025,0.5,1.0,0.0,0.0,0.0,0.0,0.0,0.0,1.0
4883_clip021_s000,-0.5,0.866025,-0.866025,0.5,1.0,0.0,0.0,0.0,0.0,0.0,0.0,1.0
4883_clip021_s001,-0.5,0.866025,-0.866025,0.5,1.0,0.0,0.0,0.0,0.0,0.0,0.0,1.0
4883_clip021_s002,-0.5,0.866025,-0.866025,0.5,1.0,0.0,0.0,0.0,0.0,0.0,0.0,1.0
4883_clip022_s000,-0.5,0.866025,-0.866025,0.5,1.0,0.0,0.0,0.0,0.0,0.0,0.0,1.0
4883_clip023_s000,-0.5,0.866025,-0.866025,0.5,1.0,0.0,0.0,0.0,0.0,0.0,0.0,1.0
4883_clip023_s001,-0.5,0.866025,-0.866025,0.5,1.0,0.0,0.0,0.0,0.0,0.0,0.0,1.0
4883_clip023_s002,-0.5,0.866025,-0.866025,0.5,1.0,0.0,0.0,0.0,0.0,0.0,0.0,1.0
4883_clip023_s003,-0.5,0.866025,-0.866025,0.5,1.0,0.0,0.0,0.0,0.0,0.0,0.0,1.0
4883_clip023_s004,-0.5,0.866025,-0.866025,0.5,1.0,0.0,0.0,0.0,0.0,0.0,0.0,1.0
4883_clip024_s000,-0.5,0.866025,-0.866025,0.5,1.0,0.0,0.0,0.0,0.0,0.0,0.0,1.0
4887_clip001_s000,0.866025,-0.5,-0.866025,0.5,1.0,0.0,0.0,0.0,0.0,1.0,0.0,0.0
4887_clip002_s000,0.866025,-0.5,-0.866025,0.5,1.0,0.0,0.0,0.0,0.0,1.0,0.0,0.0
4887_clip002_s001,0.866025,-0.5,-0.866025,0.5,1.0,0.0,0.0,0.0,0.0,1.0,0.0,0.0
4887_clip003_s000,0.866025,-0.5,-0.866025,0.5,1.0,0.0,0.0,0.0,0.0,1.0,0.0,0.0
4887_clip004_s000,0.866025,-0.5,-0.866025,0.5,1.0,0.0,0.0,0.0,0.0,1.0,0.0,0.0
4887_clip006_s000,0.866025,-0.5,-0.866025,0.5,1.0,0.0,0.0,0.0,0.0,1.0,0.0,0.0
4887_clip008_s000,0.866025,-0.5,-0.866025,0.5,1.0,0.0,0.0,0.0,0.0,1.0,0.0,0.0
4887_clip008_s001,0.866025,-0.5,-0.866025,0.5,1.0,0.0,0.0,0.0,0.0,1.0,0.0,0.0
4887_clip009_s000,0.866025,-0.5,-0.866025,0.5,1.0,0.0,0.0,0.0,0.0,1.0,0.0,0.0
4887_clip009_s001,0.866025,-0.5,-0.866025,0.5,1.0,0.0,0.0,0.0,0.0,1.0,0.0,0.0
4887_clip011_s000,0.866025,-0.5,-0.866025,0.5,1.0,0.0,0.0,0.0,0.0,1.0,0.0,0.0
4887_clip012_s000,0.866025,-0.5,-0.866025,0.5,1.0,0.0,0.0,0.0,0.0,1.0,0.0,0.0
4887_clip013_s000,0.866025,-0.5,-0.866025,0.5,1.0,0.0,0.0,0.0,0.0,1.0,0.0,0.0
4887_clip013_s001,0.866025,-0.5,-0.866025,0.5,1.0,0.0,0.0,0.0,0.0,1.0,0.0,0.0
4887_clip019_s000,0.866025,-0.5,-0.866025,0.5,1.0,0.0,0.0,0.0,0.0,1.0,0.0,0.0
4887_clip019_s001,0.866025,-0.5,-0.866025,0.5,1.0,0.0,0.0,0.0,0.0,1.0,0.0,0.0
4887_clip019_s002,0.866025,-0.5,-0.866025,0.5,1.0,0.0,0.0,0.0,0.0,1.0,0.0,0.0
4887_clip021_s000,0.866025,-0.5,-0.866025,0.5,1.0,0.0,0.0,0.0,0.0,1.0,0.0,0.0
4887_clip023_s000,0.866025,-0.5,-0.866025,0.5,1.0,0.0,0.0,0.0,0.0,1.0,0.0,0.0
4889_clip014_s000,-0.5,-0.866025,-0.866025,0.5,1.0,0.0,0.0,0.0,0.0,0.0,1.0,0.0
4889_clip019_s000,-0.5,-0.866025,-0.866025,0.5,1.0,0.0,0.0,0.0,0.0,0.0,1.0,0.0
5293_clip002_s000,-0.5,-0.866025,-0.866025,-0.5,0.0,0.0,0.0,1.0,0.0,0.0,1.0,0.0
5293_clip008_s000,-0.5,-0.866025,-0.866025,-0.5,0.0,0.0,0.0,1.0,0.0,0.0,1.0,0.0
5293_clip024_s000,-0.5,-0.866025,-0.866025,-0.5,0.0,0.0,0.0,1.0,0.0,0.0,1.0,0.0
5296_clip001_s000,-0.5,0.866025,-0.866025,-0.5,0.0,0.0,0.0,1.0,0.0,0.0,0.0,1.0
5296_clip001_s001,-0.5,0.866025,-0.866025,-0.5,0.0,0.0,0.0,1.0,0.0,0.0,0.0,1.0
5296_clip001_s002,-0.5,0.866025,-0.866025,-0.5,0.0,0.0,0.0,1.0,0.0,0.0,0.0,1.0
5296_clip001_s003,-0.5,0.866025,-0.866025,-0.5,0.0,0.0,0.0,1.0,0.0,0.0,0.0,1.0
5296_clip002_s000,-0.5,0.866025,-0.866025,-0.5,0.0,0.0,0.0,1.0,0.0,0.0,0.0,1.0
5296_clip002_s001,-0.5,0.866025,-0.866025,-0.5,0.0,0.0,0.0,1.0,0.0,0.0,0.0,1.0
5296_clip002_s002,-0.5,0.866025,-0.866025,-0.5,0.0,0.0,0.0,1.0,0.0,0.0,0.0,1.0
5296_clip003_s000,-0.5,0.866025,-0.866025,-0.5,0.0,0.0,0.0,1.0,0.0,0.0,0.0,1.0
5296_clip007_s000,-0.5,0.866025,-0.866025,-0.5,0.0,0.0,0.0,1.0,0.0,0.0,0.0,1.0
5296_clip008_s000,-0.5,0.866025,-0.866025,-0.5,0.0,0.0,0.0,1.0,0.0,0.0,0.0,1.0
5296_clip009_s000,-0.5,0.866025,-0.866025,-0.5,0.0,0.0,0.0,1.0,0.0,0.0,0.0,1.0
5296_clip013_s000,-0.5,0.866025,-0.866025,-0.5,0.0,0.0,0.0,1.0,0.0,0.0,0.0,1.0
5296_clip014_s000,-0.5,0.866025,-0.866025,-0.5,0.0,0.0,0.0,1.0,0.0,0.0,0.0,1.0
5296_clip019_s000,-0.5,0.866025,-0.866025,-0.5,0.0,0.0,0.0,1.0,0.0,0.0,0.0,1.0
5296_clip021_s000,-0.5,0.866025,-0.866025,-0.5,0.0,0.0,0.0,1.0,0.0,0.0,0.0,1.0
5296_clip022_s000,-0.5,0.866025,-0.866025,-0.5,0.0,0.0,0.0,1.0,0.0,0.0,0.0,1.0
5296_clip022_s001,-0.5,0.866025,-0.866025,-0.5,0.0,0.0,0.0,1.0,0.0,0.0,0.0,1.0
5299_clip018_s000,0.866025,-0.5,-0.866025,-0.5,0.0,0.0,0.0,1.0,0.0,1.0,0.0,0.0
5299_clip023_s000,0.866025,-0.5,-0.866025,-0.5,0.0,0.0,0.0,1.0,0.0,1.0,0.0,0.0
5384_clip002_s000,-0.5,-0.866025,-1.0,-0.0,1.0,0.0,0.0,0.0,0.0,0.0,1.0,0.0
5384_clip010_s000,-0.5,-0.866025,-1.0,-0.0,1.0,0.0,0.0,0.0,0.0,0.0,1.0,0.0
5384_clip017_s000,-0.5,-0.866025,-1.0,-0.0,1.0,0.0,0.0,0.0,0.0,0.0,1.0,0.0
5392_clip001_s000,-0.5,0.866025,-1.0,-0.0,1.0,0.0,0.0,0.0,0.0,0.0,0.0,1.0
5392_clip001_s001,-0.5,0.866025,-1.0,-0.0,1.0,0.0,0.0,0.0,0.0,0.0,0.0,1.0
5392_clip002_s000,-0.5,0.866025,-1.0,-0.0,1.0,0.0,0.0,0.0,0.0,0.0,0.0,1.0
5392_clip002_s001,-0.5,0.866025,-1.0,-0.0,1.0,0.0,0.0,0.0,0.0,0.0,0.0,1.0
5392_clip002_s002,-0.5,0.866025,-1.0,-0.0,1.0,0.0,0.0,0.0,0.0,0.0,0.0,1.0
5392_clip002_s003,-0.5,0.866025,-1.0,-0.0,1.0,0.0,0.0,0.0,0.0,0.0,0.0,1.0
5392_clip003_s000,-0.5,0.866025,-1.0,-0.0,1.0,0.0,0.0,0.0,0.0,0.0,0.0,1.0
5392_clip003_s001,-0.5,0.866025,-1.0,-0.0,1.0,0.0,0.0,0.0,0.0,0.0,0.0,1.0
5392_clip003_s002,-0.5,0.866025,-1.0,-0.0,1.0,0.0,0.0,0.0,0.0,0.0,0.0,1.0
5392_clip003_s003,-0.5,0.866025,-1.0,-0.0,1.0,0.0,0.0,0.0,0.0,0.0,0.0,1.0
5392_clip003_s004,-0.5,0.866025,-1.0,-0.0,1.0,0.0,0.0,0.0,0.0,0.0,0.0,1.0
5392_clip004_s000,-0.5,0.866025,-1.0,-0.0,1.0,0.0,0.0,0.0,0.0,0.0,0.0,1.0
5392_clip005_s000,-0.5,0.866025,-1.0,-0.0,1.0,0.0,0.0,0.0,0.0,0.0,0.0,1.0
5392_clip005_s001,-0.5,0.866025,-1.0,-0.0,1.0,0.0,0.0,0.0,0.0,0.0,0.0,1.0
5392_clip005_s002,-0.5,0.866025,-1.0,-0.0,1.0,0.0,0.0,0.0,0.0,0.0,0.0,1.0
5392_clip006_s000,-0.5,0.866025,-1.0,-0.0,1.0,0.0,0.0,0.0,0.0,0.0,0.0,1.0
5392_clip007_s000,-0.5,0.866025,-1.0,-0.0,1.0,0.0,0.0,0.0,0.0,0.0,0.0,1.0
5392_clip007_s001,-0.5,0.866025,-1.0,-0.0,1.0,0.0,0.0,0.0,0.0,0.0,0.0,1.0
5392_clip007_s002,-0.5,0.866025,-1.0,-0.0,1.0,0.0,0.0,0.0,0.0,0.0,0.0,1.0
5392_clip007_s003,-0.5,0.866025,-1.0,-0.0,1.0,0.0,0.0,0.0,0.0,0.0,0.0,1.0
5392_clip008_s000,-0.5,0.866025,-1.0,-0.0,1.0,0.0,0.0,0.0,0.0,0.0,0.0,1.0
5392_clip008_s001,-0.5,0.866025,-1.0,-0.0,1.0,0.0,0.0,0.0,0.0,0.0,0.0,1.0
5392_clip009_s000,-0.5,0.866025,-1.0,-0.0,1.0,0.0,0.0,0.0,0.0,0.0,0.0,1.0
5392_clip009_s001,-0.5,0.866025,-1.0,-0.0,1.0,0.0,0.0,0.0,0.0,0.0,0.0,1.0
5392_clip009_s002,-0.5,0.866025,-1.0,-0.0,1.0,0.0,0.0,0.0,0.0,0.0,0.0,1.0
5392_clip009_s003,-0.5,0.866025,-1.0,-0.0,1.0,0.0,0.0,0.0,0.0,0.0,0.0,1.0
5392_clip010_s000,-0.5,0.866025,-1.0,-0.0,1.0,0.0,0.0,0.0,0.0,0.0,0.0,1.0
5392_clip010_s001,-0.5,0.866025,-1.0,-0.0,1.0,0.0,0.0,0.0,0.0,0.0,0.0,1.0
5392_clip010_s002,-0.5,0.866025,-1.0,-0.0,1.0,0.0,0.0,0.0,0.0,0.0,0.0,1.0
5392_clip011_s000,-0.5,0.866025,-1.0,-0.0,1.0,0.0,0.0,0.0,0.0,0.0,0.0,1.0
5392_clip012_s000,-0.5,0.866025,-1.0,-0.0,1.0,0.0,0.0,0.0,0.0,0.0,0.0,1.0
5392_clip012_s001,-0.5,0.866025,-1.0,-0.0,1.0,0.0,0.0,0.0,0.0,0.0,0.0,1.0
5392_clip014_s000,-0.5,0.866025,-1.0,-0.0,1.0,0.0,0.0,0.0,0.0,0.0,0.0,1.0
5392_clip015_s000,-0.5,0.866025,-1.0,-0.0,1.0,0.0,0.0,0.0,0.0,0.0,0.0,1.0
5392_clip015_s001,-0.5,0.866025,-1.0,-0.0,1.0,0.0,0.0,0.0,0.0,0.0,0.0,1.0
5392_clip016_s000,-0.5,0.866025,-1.0,-0.0,1.0,0.0,0.0,0.0,0.0,0.0,0.0,1.0
5392_clip016_s001,-0.5,0.866025,-1.0,-0.0,1.0,0.0,0.0,0.0,0.0,0.0,0.0,1.0
5392_clip016_s002,-0.5,0.866025,-1.0,-0.0,1.0,0.0,0.0,0.0,0.0,0.0,0.0,1.0
5392_clip016_s003,-0.5,0.866025,-1.0,-0.0,1.0,0.0,0.0,0.0,0.0,0.0,0.0,1.0
5392_clip017_s000,-0.5,0.866025,-1.0,-0.0,1.0,0.0,0.0,0.0,0.0,0.0,0.0,1.0
5392_clip018_s000,-0.5,0.866025,-1.0,-0.0,1.0,0.0,0.0,0.0,0.0,0.0,0.0,1.0
5392_clip019_s000,-0.5,0.866025,-1.0,-0.0,1.0,0.0,0.0,0.0,0.0,0.0,0.0,1.0
5392_clip020_s000,-0.5,0.866025,-1.0,-0.0,1.0,0.0,0.0,0.0,0.0,0.0,0.0,1.0
5392_clip022_s000,-0.5,0.866025,-1.0,-0.0,1.0,0.0,0.0,0.0,0.0,0.0,0.0,1.0
5392_clip024_s000,-0.5,0.866025,-1.0,-0.0,1.0,0.0,0.0,0.0,0.0,0.0,0.0,1.0
5413_clip009_s000,-0.5,-0.866025,-1.0,-0.0,1.0,0.0,0.0,0.0,0.0,0.0,1.0,0.0
5413_clip014_s000,-0.5,-0.866025,-1.0,-0.0,1.0,0.0,0.0,0.0,0.0,0.0,1.0,0.0
5421_clip006_s000,-0.5,0.866025,-1.0,-0.0,1.0,0.0,0.0,0.0,0.0,0.0,0.0,1.0
5425_clip005_s000,0.866025,-0.5,-1.0,-0.0,1.0,0.0,0.0,0.0,0.0,1.0,0.0,0.0
5425_clip005_s001,0.866025,-0.5,-1.0,-0.0,1.0,0.0,0.0,0.0,0.0,1.0,0.0,0.0
5425_clip018_s000,0.866025,-0.5,-1.0,-0.0,1.0,0.0,0.0,0.0,0.0,1.0,0.0,0.0
5425_clip023_s000,0.866025,-0.5,-1.0,-0.0,1.0,0.0,0.0,0.0,0.0,1.0,0.0,0.0
5486_clip001_s000,-0.5,0.866025,-0.866025,-0.5,0.0,0.0,0.0,1.0,0.0,0.0,0.0,1.0
5486_clip008_s000,-0.5,0.866025,-0.866025,-0.5,0.0,0.0,0.0,1.0,0.0,0.0,0.0,1.0
5486_clip010_s000,-0.5,0.866025,-0.866025,-0.5,0.0,0.0,0.0,1.0,0.0,0.0,0.0,1.0
5486_clip013_s000,-0.5,0.866025,-0.866025,-0.5,0.0,0.0,0.0,1.0,0.0,0.0,0.0,1.0
5486_clip014_s000,-0.5,0.866025,-0.866025,-0.5,0.0,0.0,0.0,1.0,0.0,0.0,0.0,1.0
5486_clip015_s000,-0.5,0.866025,-0.866025,-0.5,0.0,0.0,0.0,1.0,0.0,0.0,0.0,1.0
5486_clip016_s000,-0.5,0.866025,-0.866025,-0.5,0.0,0.0,0.0,1.0,0.0,0.0,0.0,1.0
5486_clip016_s001,-0.5,0.866025,-0.866025,-0.5,0.0,0.0,0.0,1.0,0.0,0.0,0.0,1.0
5486_clip016_s002,-0.5,0.866025,-0.866025,-0.5,0.0,0.0,0.0,1.0,0.0,0.0,0.0,1.0
5486_clip018_s000,-0.5,0.866025,-0.866025,-0.5,0.0,0.0,0.0,1.0,0.0,0.0,0.0,1.0
5486_clip019_s000,-0.5,0.866025,-0.866025,-0.5,0.0,0.0,0.0,1.0,0.0,0.0,0.0,1.0
5486_clip021_s000,-0.5,0.866025,-0.866025,-0.5,0.0,0.0,0.0,1.0,0.0,0.0,0.0,1.0
5486_clip021_s001,-0.5,0.866025,-0.866025,-0.5,0.0,0.0,0.0,1.0,0.0,0.0,0.0,1.0
5486_clip023_s000,-0.5,0.866025,-0.866025,-0.5,0.0,0.0,0.0,1.0,0.0,0.0,0.0,1.0
5489_clip001_s000,0.866025,-0.5,-0.866025,-0.5,0.0,0.0,0.0,1.0,0.0,1.0,0.0,0.0
5489_clip001_s001,0.866025,-0.5,-0.866025,-0.5,0.0,0.0,0.0,1.0,0.0,1.0,0.0,0.0
5489_clip003_s000,0.866025,-0.5,-0.866025,-0.5,0.0,0.0,0.0,1.0,0.0,1.0,0.0,0.0
5489_clip005_s000,0.866025,-0.5,-0.866025,-0.5,0.0,0.0,0.0,1.0,0.0,1.0,0.0,0.0
5489_clip006_s000,0.866025,-0.5,-0.866025,-0.5,0.0,0.0,0.0,1.0,0.0,1.0,0.0,0.0
5489_clip007_s000,0.866025,-0.5,-0.866025,-0.5,0.0,0.0,0.0,1.0,0.0,1.0,0.0,0.0
5489_clip010_s000,0.866025,-0.5,-0.866025,-0.5,0.0,0.0,0.0,1.0,0.0,1.0,0.0,0.0
5489_clip018_s000,0.866025,-0.5,-0.866025,-0.5,0.0,0.0,0.0,1.0,0.0,1.0,0.0,0.0
5489_clip021_s000,0.866025,-0.5,-0.866025,-0.5,0.0,0.0,0.0,1.0,0.0,1.0,0.0,0.0
5489_clip023_s000,0.866025,-0.5,-0.866025,-0.5,0.0,0.0,0.0,1.0,0.0,1.0,0.0,0.0
5493_clip001_s000,-0.5,-0.866025,-0.866025,-0.5,0.0,0.0,0.0,1.0,0.0,0.0,1.0,0.0
5493_clip006_s000,-0.5,-0.866025,-0.866025,-0.5,0.0,0.0,0.0,1.0,0.0,0.0,1.0,0.0
5493_clip008_s000,-0.5,-0.866025,-0.866025,-0.5,0.0,0.0,0.0,1.0,0.0,0.0,1.0,0.0
5493_clip011_s000,-0.5,-0.866025,-0.866025,-0.5,0.0,0.0,0.0,1.0,0.0,0.0,1.0,0.0
5493_clip011_s001,-0.5,-0.866025,-0.866025,-0.5,0.0,0.0,0.0,1.0,0.0,0.0,1.0,0.0
5493_clip012_s000,-0.5,-0.866025,-0.866025,-0.5,0.0,0.0,0.0,1.0,0.0,0.0,1.0,0.0
5493_clip012_s001,-0.5,-0.866025,-0.866025,-0.5,0.0,0.0,0.0,1.0,0.0,0.0,1.0,0.0
5493_clip013_s000,-0.5,-0.866025,-0.866025,-0.5,0.0,0.0,0.0,1.0,0.0,0.0,1.0,0.0
5493_clip016_s000,-0.5,-0.866025,-0.866025,-0.5,0.0,0.0,0.0,1.0,0.0,0.0,1.0,0.0
5495_clip011_s000,1.0,0.0,-0.866025,-0.5,0.0,0.0,0.0,1.0,1.0,0.0,0.0,0.0
5495_clip013_s000,1.0,0.0,-0.866025,-0.5,0.0,0.0,0.0,1.0,1.0,0.0,0.0,0.0
5495_clip015_s000,1.0,0.0,-0.866025,-0.5,0.0,0.0,0.0,1.0,1.0,0.0,0.0,0.0
5495_clip018_s000,1.0,0.0,-0.866025,-0.5,0.0,0.0,0.0,1.0,1.0,0.0,0.0,0.0
5495_clip022_s000,1.0,0.0,-0.866025,-0.5,0.0,0.0,0.0,1.0,1.0,0.0,0.0,0.0
