segment_id,source_clip,t_start,t_end,duration_s,diel_bin,season,hour_sin,hour_cos,month_sin,month_cos,cell
1313184_clip009_s000,resources/site_257_bowra-dry-a/downloaded_clips/site_257_item_1313184/site_257_item_1313184_clip_009.webm,65.155,75.651,10.495,dawn,autumn,1.0,0.0,0.866025,-0.5,autumn_dawn
1313184_clip017_s000,resources/site_257_bowra-dry-a/downloaded_clips/site_257_item_1313184/site_257_item_1313184_clip_017.webm,15.859,29.977,14.118,dawn,autumn,1.0,0.0,0.866025,-0.5,autumn_dawn
1313184_clip022_s000,resources/site_257_bowra-dry-a/downloaded_clips/site_257_item_1313184/site_257_item_1313184_clip_022.webm,43.212,55.055,11.842,dawn,autumn,1.0,0.0,0.866025,-0.5,autumn_dawn
1313384_clip001_s000,resources/site_257_bowra-dry-a/downloaded_clips/site_257_item_1313384/site_257_item_1313384_clip_001.webm,24.729,36.014,11.285,dawn,autumn,1.0,0.0,0.866025,-0.5,autumn_dawn
1313384_clip003_s000,resources/site_257_bowra-dry-a/downloaded_clips/site_257_item_1313384/site_257_item_1313384_clip_003.webm,87.47,97.919,10.449,dawn,autumn,1.0,0.0,0.866025,-0.5,autumn_dawn
1313384_clip003_s001,resources/site_257_bowra-dry-a/downloaded_clips/site_257_item_1313384/site_257_item_1313384_clip_003.webm,236.077,251.31,15.232,dawn,autumn,1.0,0.0,0.866025,-0.5,autumn_dawn
1313484_clip001_s000,resources/site_257_bowra-dry-a/downloaded_clips/site_257_item_1313484/site_257_item_1313484_clip_001.webm,266.844,279.591,12.748,dawn,autumn,0.965926,0.258819,0.5,-0.866025,autumn_dawn
1313484_clip003_s000,resources/site_257_bowra-dry-a/downloaded_clips/site_257_item_1313484/site_257_item_1313484_clip_003.webm,75.302,87.841,12.539,dawn,autumn,0.965926,0.258819,0.5,-0.866025,autumn_dawn
1313484_clip003_s001,resources/site_257_bowra-dry-a/downloaded_clips/site_257_item_1313484/site_257_item_1313484_clip_003.webm,176.797,190.566,13.769,dawn,autumn,0.965926,0.258819,0.5,-0.866025,autumn_dawn
1313484_clip003_s002,resources/site_257_bowra-dry-a/downloaded_clips/site_257_item_1313484/site_257_item_1313484_clip_003.webm,215.342,235.822,20.48,dawn,autumn,0.965926,0.258819,0.5,-0.866025,autumn_dawn
1313484_clip004_s000,resources/site_257_bowra-dry-a/downloaded_clips/site_257_item_1313484/site_257_item_1313484_clip_004.webm,34.853,52.779,17.926,dawn,autumn,0.965926,0.258819,0.5,-0.866025,autumn_dawn
1313484_clip004_s001,resources/site_257_bowra-dry-a/downloaded_clips/site_257_item_1313484/site_257_item_1313484_clip_004.webm,235.775,247.873,12.098,dawn,autumn,0.965926,0.258819,0.5,-0.866025,autumn_dawn
1313484_clip005_s000,resources/site_257_bowra-dry-a/downloaded_clips/site_257_item_1313484/site_257_item_1313484_clip_005.webm,278.407,289.808,11.401,dawn,autumn,0.965926,0.258819,0.5,-0.866025,autumn_dawn
1313484_clip006_s000,resources/site_257_bowra-dry-a/downloaded_clips/site_257_item_1313484/site_257_item_1313484_clip_006.webm,30.302,42.493,12.19,dawn,autumn,0.965926,0.258819,0.5,-0.866025,autumn_dawn
1313484_clip006_s001,resources/site_257_bowra-dry-a/downloaded_clips/site_257_item_1313484/site_257_item_1313484_clip_006.webm,89.838,102.609,12.771,dawn,autumn,0.965926,0.258819,0.5,-0.866025,autumn_dawn
1313484_clip006_s002,resources/site_257_bowra-dry-a/downloaded_clips/site_257_item_1313484/site_257_item_1313484_clip_006.webm,193.887,204.359,10.472,dawn,autumn,0.965926,0.258819,0.5,-0.866025,autumn_dawn
1313484_clip007_s000,resources/site_257_bowra-dry-a/downloaded_clips/site_257_item_1313484/site_257_item_1313484_clip_007.webm,73.143,83.894,10.751,dawn,autumn,0.965926,0.258819,0.5,-0.866025,autumn_dawn
1402571_clip018_s000,resources/site_257_bowra-dry-a/downloaded_clips/site_257_item_1402571/site_257_item_1402571_clip_018.webm,51.525,62.647,11.122,dawn,autumn,0.866025,0.5,1.0,0.0,autumn_dawn
1534205_clip020_s000,resources/site_257_bowra-dry-a/downloaded_clips/site_257_item_1534205/site_257_item_1534205_clip_020.webm,212.927,224.142,11.215,dawn,autumn,0.866025,0.5,0.866025,-0.5,autumn_dawn
1534205_clip020_s001,resources/site_257_bowra-dry-a/downloaded_clips/site_257_item_1534205/site_257_item_1534205_clip_020.webm,234.498,245.644,11.146,dawn,autumn,0.866025,0.5,0.866025,-0.5,autumn_dawn
1534205_clip023_s000,resources/site_257_bowra-dry-a/downloaded_clips/site_257_item_1534205/site_257_item_1534205_clip_023.webm,114.962,125.991,11.029,dawn,autumn,0.866025,0.5,0.866025,-0.5,autumn_dawn
1535269_clip009_s000,resources/site_257_bowra-dry-a/downloaded_clips/site_257_item_1535269/site_257_item_1535269_clip_009.webm,81.386,93.066,11.68,dawn,autumn,0.866025,0.5,0.5,-0.866025,autumn_dawn
1535269_clip010_s000,resources/site_257_bowra-dry-a/downloaded_clips/site_257_item_1535269/site_257_item_1535269_clip_010.webm,174.173,186.201,12.028,dawn,autumn,0.866025,0.5,0.5,-0.866025,autumn_dawn
1535269_clip010_s001,resources/site_257_bowra-dry-a/downloaded_clips/site_257_item_1535269/site_257_item_1535269_clip_010.webm,235.729,252.099,16.37,dawn,autumn,0.866025,0.5,0.5,-0.866025,autumn_dawn
1535269_clip021_s000,resources/site_257_bowra-dry-a/downloaded_clips/site_257_item_1535269/site_257_item_1535269_clip_021.webm,17.81,27.864,10.054,dawn,autumn,0.866025,0.5,0.5,-0.866025,autumn_dawn
1535269_clip021_s001,resources/site_257_bowra-dry-a/downloaded_clips/site_257_item_1535269/site_257_item_1535269_clip_021.webm,161.146,172.455,11.308,dawn,autumn,0.866025,0.5,0.5,-0.866025,autumn_dawn
1535269_clip023_s000,resources/site_257_bowra-dry-a/downloaded_clips/site_257_item_1535269/site_257_item_1535269_clip_023.webm,7.198,21.432,14.234,dawn,autumn,0.866025,0.5,0.5,-0.866025,autumn_dawn
1535548_clip005_s000,resources/site_257_bowra-dry-a/downloaded_clips/site_257_item_1535548/site_257_item_1535548_clip_005.webm,116.309,128.081,11.773,dawn,autumn,0.965926,0.258819,0.866025,-0.5,autumn_dawn
1671221_clip004_s000,resources/site_257_bowra-dry-a/downloaded_clips/site_257_item_1671221/site_257_item_1671221_clip_004.webm,57.051,68.429,11.378,dawn,autumn,1.0,0.0,0.5,-0.866025,autumn_dawn
1671221_clip004_s001,resources/site_257_bowra-dry-a/downloaded_clips/site_257_item_1671221/site_257_item_1671221_clip_004.webm,200.458,213.74,13.282,dawn,autumn,1.0,0.0,0.5,-0.866025,autumn_dawn
1680496_clip002_s000,resources/site_257_bowra-dry-a/downloaded_clips/site_257_item_1680496/site_257_item_1680496_clip_002.webm,121.022,137.996,16.974,dawn,autumn,1.0,0.0,0.5,-0.866025,autumn_dawn
1680496_clip002_s001,resources/site_257_bowra-dry-a/downloaded_clips/site_257_item_1680496/site_257_item_1680496_clip_002.webm,286.975,297.378,10.403,dawn,autumn,1.0,0.0,0.5,-0.866025,autumn_dawn
216086_clip002_s000,resources/site_257_bowra-dry-a/downloaded_clips/site_257_item_216086/site_257_item_216086_clip_002.webm,164.42,175.566,11.146,dawn,autumn,1.0,0.0,1.0,0.0,autumn_dawn
216086_clip003_s000,resources/site_257_bowra-dry-a/downloaded_clips/site_257_item_216086/site_257_item_216086_clip_003.webm,80.086,91.765,11.68,dawn,autumn,1.0,0.0,1.0,0.0,autumn_dawn
216086_clip007_s000,resources/site_257_bowra-dry-a/downloaded_clips/site_257_item_216086/site_257_item_216086_clip_007.webm,78.692,90.976,12.283,dawn,autumn,1.0,0.0,1.0,0.0,autumn_dawn
216086_clip011_s000,resources/site_257_bowra-dry-a/downloaded_clips/site_257_item_216086/site_257_item_216086_clip_011.webm,145.984,157.663,11.68,dawn,autumn,1.0,0.0,1.0,0.0,autumn_dawn
216086_clip011_s001,resources/site_257_bowra-dry-a/downloaded_clips/site_257_item_216086/site_257_item_216086_clip_011.webm,202.292,214.715,12.423,dawn,autumn,1.0,0.0,1.0,0.0,autumn_dawn
216086_clip013_s000,resources/site_257_bowra-dry-a/downloaded_clips/site_257_item_216086/site_257_item_216086_clip_013.webm,150.047,160.543,10.495,dawn,autumn,1.0,0.0,1.0,0.0,autumn_dawn
216086_clip015_s000,resources/site_257_bowra-dry-a/downloaded_clips/site_257_item_216086/site_257_item_216086_clip_015.webm,213.507,224.096,10.588,dawn,autumn,1.0,0.0,1.0,0.0,autumn_dawn
216086_clip016_s000,resources/site_257_bowra-dry-a/downloaded_clips/site_257_item_216086/site_257_item_216086_clip_016.webm,58.189,73.561,15.372,dawn,autumn,1.0,0.0,1.0,0.0,autumn_dawn
216086_clip018_s000,resources/site_257_bowra-dry-a/downloaded_clips/site_257_item_216086/site_257_item_216086_clip_018.webm,280.845,291.016,10.17,dawn,autumn,1.0,0.0,1.0,0.0,autumn_dawn
216086_clip024_s000,resources/site_257_bowra-dry-a/downloaded_clips/site_257_item_216086/site_257_item_216086_clip_024.webm,152.95,163.701,10.751,dawn,autumn,1.0,0.0,1.0,0.0,autumn_dawn
216466_clip011_s000,resources/site_257_bowra-dry-a/downloaded_clips/site_257_item_216466/site_257_item_216466_clip_011.webm,223.19,234.243,11.053,dawn,autumn,1.0,0.0,0.866025,-0.5,autumn_dawn
216466_clip014_s000,resources/site_257_bowra-dry-a/downloaded_clips/site_257_item_216466/site_257_item_216466_clip_014.webm,270.118,282.285,12.167,dawn,autumn,1.0,0.0,0.866025,-0.5,autumn_dawn
216466_clip018_s000,resources/site_257_bowra-dry-a/downloaded_clips/site_257_item_216466/site_257_item_216466_clip_018.webm,17.995,28.375,10.379,dawn,autumn,1.0,0.0,0.866025,-0.5,autumn_dawn
216466_clip020_s000,resources/site_257_bowra-dry-a/downloaded_clips/site_257_item_216466/site_257_item_216466_clip_020.webm,176.541,187.176,10.635,dawn,autumn,1.0,0.0,0.866025,-0.5,autumn_dawn
216466_clip022_s000,resources/site_257_bowra-dry-a/downloaded_clips/site_257_item_216466/site_257_item_216466_clip_022.webm,154.343,164.467,10.124,dawn,autumn,1.0,0.0,0.866025,-0.5,autumn_dawn
216595_clip010_s000,resources/site_257_bowra-dry-a/downloaded_clips/site_257_item_216595/site_257_item_216595_clip_010.webm,37.013,47.856,10.844,dawn,autumn,1.0,0.0,0.866025,-0.5,autumn_dawn
216140_clip022_s000,resources/site_257_bowra-dry-a/downloaded_clips/site_257_item_216140/site_257_item_216140_clip_022.webm,261.503,272.3,10.797,dawn,autumn,1.0,0.0,1.0,0.0,autumn_dawn
216463_clip015_s000,resources/site_257_bowra-dry-a/downloaded_clips/site_257_item_216463/site_257_item_216463_clip_015.webm,35.225,48.065,12.841,dawn,autumn,0.866025,0.5,0.866025,-0.5,autumn_dawn
216463_clip016_s000,resources/site_257_bowra-dry-a/downloaded_clips/site_257_item_216463/site_257_item_216463_clip_016.webm,21.339,33.622,12.283,dawn,autumn,0.866025,0.5,0.866025,-0.5,autumn_dawn
216597_clip007_s000,resources/site_257_bowra-dry-a/downloaded_clips/site_257_item_216597/site_257_item_216597_clip_007.webm,80.527,91.417,10.89,dawn,autumn,0.866025,0.5,0.866025,-0.5,autumn_dawn
216597_clip013_s000,resources/site_257_bowra-dry-a/downloaded_clips/site_257_item_216597/site_257_item_216597_clip_013.webm,198.832,210.884,12.051,dawn,autumn,0.866025,0.5,0.866025,-0.5,autumn_dawn
216597_clip016_s000,resources/site_257_bowra-dry-a/downloaded_clips/site_257_item_216597/site_257_item_216597_clip_016.webm,262.293,274.367,12.074,dawn,autumn,0.866025,0.5,0.866025,-0.5,autumn_dawn
216597_clip018_s000,resources/site_257_bowra-dry-a/downloaded_clips/site_257_item_216597/site_257_item_216597_clip_018.webm,20.619,30.766,10.147,dawn,autumn,0.866025,0.5,0.866025,-0.5,autumn_dawn
216597_clip018_s001,resources/site_257_bowra-dry-a/downloaded_clips/site_257_item_216597/site_257_item_216597_clip_018.webm,130.612,143.174,12.562,dawn,autumn,0.866025,0.5,0.866025,-0.5,autumn_dawn
216597_clip019_s000,resources/site_257_bowra-dry-a/downloaded_clips/site_257_item_216597/site_257_item_216597_clip_019.webm,230.017,240.048,10.031,dawn,autumn,0.866025,0.5,0.866025,-0.5,autumn_dawn
216597_clip020_s000,resources/site_257_bowra-dry-a/downloaded_clips/site_257_item_216597/site_257_item_216597_clip_020.webm,104.676,114.707,10.031,dawn,autumn,0.866025,0.5,0.866025,-0.5,autumn_dawn
216597_clip021_s000,resources/site_257_bowra-dry-a/downloaded_clips/site_257_item_216597/site_257_item_216597_clip_021.webm,236.774,246.851,10.077,dawn,autumn,0.866025,0.5,0.866025,-0.5,autumn_dawn
216597_clip023_s000,resources/site_257_bowra-dry-a/downloaded_clips/site_257_item_216597/site_257_item_216597_clip_023.webm,162.447,173.314,10.867,dawn,autumn,0.866025,0.5,0.866025,-0.5,autumn_dawn
216623_clip024_s000,resources/site_257_bowra-dry-a/downloaded_clips/site_257_item_216623/site_257_item_216623_clip_024.webm,114.544,125.365,10.82,dawn,autumn,1.0,0.0,0.866025,-0.5,autumn_dawn
1312949_clip005_s000,resources/site_257_bowra-dry-a/downloaded_clips/site_257_item_1312949/site_257_item_1312949_clip_005.webm,190.613,201.015,10.403,dawn,autumn,0.866025,0.5,0.866025,-0.5,autumn_dawn
1312949_clip006_s000,resources/site_257_bowra-dry-a/downloaded_clips/site_257_item_1312949/site_257_item_1312949_clip_006.webm,85.496,95.504,10.008,dawn,autumn,0.866025,0.5,0.866025,-0.5,autumn_dawn
1312949_clip009_s000,resources/site_257_bowra-dry-a/downloaded_clips/site_257_item_1312949/site_257_item_1312949_clip_009.webm,160.427,171.944,11.517,dawn,autumn,0.866025,0.5,0.866025,-0.5,autumn_dawn
1312949_clip010_s000,resources/site_257_bowra-dry-a/downloaded_clips/site_257_item_1312949/site_257_item_1312949_clip_010.webm,35.41,47.903,12.492,dawn,autumn,0.866025,0.5,0.866025,-0.5,autumn_dawn
1312949_clip010_s001,resources/site_257_bowra-dry-a/downloaded_clips/site_257_item_1312949/site_257_item_1312949_clip_010.webm,283.074,294.986,11.912,dawn,autumn,0.866025,0.5,0.866025,-0.5,autumn_dawn
1312949_clip015_s000,resources/site_257_bowra-dry-a/downloaded_clips/site_257_item_1312949/site_257_item_1312949_clip_015.webm,240.582,255.211,14.629,dawn,autumn,0.866025,0.5,0.866025,-0.5,autumn_dawn
1312949_clip020_s000,resources/site_257_bowra-dry-a/downloaded_clips/site_257_item_1312949/site_257_item_1312949_clip_020.webm,137.671,149.722,12.051,dawn,autumn,0.866025,0.5,0.866025,-0.5,autumn_dawn
1312949_clip021_s000,resources/site_257_bowra-dry-a/downloaded_clips/site_257_item_1312949/site_257_item_1312949_clip_021.webm,130.682,141.108,10.426,dawn,autumn,0.866025,0.5,0.866025,-0.5,autumn_dawn
1312949_clip024_s000,resources/site_257_bowra-dry-a/downloaded_clips/site_257_item_1312949/site_257_item_1312949_clip_024.webm,10.937,25.426,14.489,dawn,autumn,0.866025,0.5,0.866025,-0.5,autumn_dawn
1313093_clip003_s000,resources/site_257_bowra-dry-a/downloaded_clips/site_257_item_1313093/site_257_item_1313093_clip_003.webm,146.588,156.804,10.217,dawn,autumn,1.0,0.0,0.866025,-0.5,autumn_dawn
1313093_clip023_s000,resources/site_257_bowra-dry-a/downloaded_clips/site_257_item_1313093/site_257_item_1313093_clip_023.webm,247.153,258.67,11.517,dawn,autumn,1.0,0.0,0.866025,-0.5,autumn_dawn
1313153_clip003_s000,resources/site_257_bowra-dry-a/downloaded_clips/site_257_item_1313153/site_257_item_1313153_clip_003.webm,46.022,57.469,11.447,dawn,autumn,1.0,0.0,0.866025,-0.5,autumn_dawn
1313153_clip003_s001,resources/site_257_bowra-dry-a/downloaded_clips/site_257_item_1313153/site_257_item_1313153_clip_003.webm,57.678,68.824,11.146,dawn,autumn,1.0,0.0,0.866025,-0.5,autumn_dawn
1313153_clip003_s002,resources/site_257_bowra-dry-a/downloaded_clips/site_257_item_1313153/site_257_item_1313153_clip_003.webm,165.976,177.981,12.005,dawn,autumn,1.0,0.0,0.866025,-0.5,autumn_dawn
1313153_clip013_s000,resources/site_257_bowra-dry-a/downloaded_clips/site_257_item_1313153/site_257_item_1313153_clip_013.webm,206.75,219.823,13.073,dawn,autumn,1.0,0.0,0.866025,-0.5,autumn_dawn
1313153_clip019_s000,resources/site_257_bowra-dry-a/downloaded_clips/site_257_item_1313153/site_257_item_1313153_clip_019.webm,13.653,24.451,10.797,dawn,autumn,1.0,0.0,0.866025,-0.5,autumn_dawn
1313417_clip007_s000,resources/site_257_bowra-dry-a/downloaded_clips/site_257_item_1313417/site_257_item_1313417_clip_007.webm,54.474,65.155,10.681,dawn,autumn,1.0,0.0,0.866025,-0.5,autumn_dawn
1313417_clip012_s000,resources/site_257_bowra-dry-a/downloaded_clips/site_257_item_1313417/site_257_item_1313417_clip_012.webm,142.849,154.668,11.819,dawn,autumn,1.0,0.0,0.866025,-0.5,autumn_dawn
1313417_clip020_s000,resources/site_257_bowra-dry-a/downloaded_clips/site_257_item_1313417/site_257_item_1313417_clip_020.webm,126.943,137.95,11.006,dawn,autumn,1.0,0.0,0.866025,-0.5,autumn_dawn
1401994_clip017_s000,resources/site_257_bowra-dry-a/downloaded_clips/site_257_item_1401994/site_257_item_1401994_clip_017.webm,63.948,76.44,12.492,dawn,autumn,1.0,0.0,1.0,0.0,autumn_dawn
1401994_clip020_s000,resources/site_257_bowra-dry-a/downloaded_clips/site_257_item_1401994/site_257_item_1401994_clip_020.webm,157.129,167.88,10.751,dawn,autumn,1.0,0.0,1.0,0.0,autumn_dawn
1403161_clip012_s000,resources/site_257_bowra-dry-a/downloaded_clips/site_257_item_1403161/site_257_item_1403161_clip_012.webm,100.635,111.572,10.937,dawn,autumn,1.0,0.0,1.0,0.0,autumn_dawn
1403161_clip022_s000,resources/site_257_bowra-dry-a/downloaded_clips/site_257_item_1403161/site_257_item_1403161_clip_022.webm,177.726,189.846,12.121,dawn,autumn,1.0,0.0,1.0,0.0,autumn_dawn
1403191_clip003_s000,resources/site_257_bowra-dry-a/downloaded_clips/site_257_item_1403191/site_257_item_1403191_clip_003.webm,217.641,229.669,12.028,dawn,autumn,1.0,0.0,1.0,0.0,autumn_dawn
1403191_clip004_s000,resources/site_257_bowra-dry-a/downloaded_clips/site_257_item_1403191/site_257_item_1403191_clip_004.webm,105.047,116.146,11.099,dawn,autumn,1.0,0.0,1.0,0.0,autumn_dawn
1403191_clip005_s000,resources/site_257_bowra-dry-a/downloaded_clips/site_257_item_1403191/site_257_item_1403191_clip_005.webm,165.907,182.718,16.811,dawn,autumn,1.0,0.0,1.0,0.0,autumn_dawn
1403191_clip019_s000,resources/site_257_bowra-dry-a/downloaded_clips/site_257_item_1403191/site_257_item_1403191_clip_019.webm,166.789,179.722,12.934,dawn,autumn,1.0,0.0,1.0,0.0,autumn_dawn
1403191_clip019_s001,resources/site_257_bowra-dry-a/downloaded_clips/site_257_item_1403191/site_257_item_1403191_clip_019.webm,192.726,203.151,10.426,dawn,autumn,1.0,0.0,1.0,0.0,autumn_dawn
1535883_clip005_s000,resources/site_257_bowra-dry-a/downloaded_clips/site_257_item_1535883/site_257_item_1535883_clip_005.webm,199.692,210.303,10.612,dawn,autumn,1.0,0.0,1.0,0.0,autumn_dawn
1535883_clip018_s000,resources/site_257_bowra-dry-a/downloaded_clips/site_257_item_1535883/site_257_item_1535883_clip_018.webm,58.305,69.683,11.378,dawn,autumn,1.0,0.0,1.0,0.0,autumn_dawn
1535883_clip021_s000,resources/site_257_bowra-dry-a/downloaded_clips/site_257_item_1535883/site_257_item_1535883_clip_021.webm,173.198,185.644,12.446,dawn,autumn,1.0,0.0,1.0,0.0,autumn_dawn
1534215_clip013_s000,resources/site_257_bowra-dry-a/downloaded_clips/site_257_item_1534215/site_257_item_1534215_clip_013.webm,39.219,50.573,11.355,dawn,autumn,0.866025,0.5,0.5,-0.866025,autumn_dawn
1535461_clip002_s000,resources/site_257_bowra-dry-a/downloaded_clips/site_257_item_1535461/site_257_item_1535461_clip_002.webm,113.871,126.317,12.446,dawn,autumn,1.0,0.0,0.866025,-0.5,autumn_dawn
1535461_clip019_s000,resources/site_257_bowra-dry-a/downloaded_clips/site_257_item_1535461/site_257_item_1535461_clip_019.webm,25.101,35.759,10.658,dawn,autumn,1.0,0.0,0.866025,-0.5,autumn_dawn
1535533_clip001_s000,resources/site_257_bowra-dry-a/downloaded_clips/site_257_item_1535533/site_257_item_1535533_clip_001.webm,82.547,93.809,11.262,dawn,autumn,0.866025,0.5,0.866025,-0.5,autumn_dawn
1535533_clip001_s001,resources/site_257_bowra-dry-a/downloaded_clips/site_257_item_1535533/site_257_item_1535533_clip_001.webm,131.518,141.619,10.101,dawn,autumn,0.866025,0.5,0.866025,-0.5,autumn_dawn
1535533_clip002_s000,resources/site_257_bowra-dry-a/downloaded_clips/site_257_item_1535533/site_257_item_1535533_clip_002.webm,118.886,135.07,16.184,dawn,autumn,0.866025,0.5,0.866025,-0.5,autumn_dawn
1535533_clip002_s001,resources/site_257_bowra-dry-a/downloaded_clips/site_257_item_1535533/site_257_item_1535533_clip_002.webm,200.319,211.673,11.355,dawn,autumn,0.866025,0.5,0.866025,-0.5,autumn_dawn
1535533_clip004_s000,resources/site_257_bowra-dry-a/downloaded_clips/site_257_item_1535533/site_257_item_1535533_clip_004.webm,84.172,96.525,12.353,dawn,autumn,0.866025,0.5,0.866025,-0.5,autumn_dawn
1535533_clip005_s000,resources/site_257_bowra-dry-a/downloaded_clips/site_257_item_1535533/site_257_item_1535533_clip_005.webm,75.279,87.47,12.19,dawn,autumn,0.866025,0.5,0.866025,-0.5,autumn_dawn
1535533_clip005_s001,resources/site_257_bowra-dry-a/downloaded_clips/site_257_item_1535533/site_257_item_1535533_clip_005.webm,196.255,211.209,14.954,dawn,autumn,0.866025,0.5,0.866025,-0.5,autumn_dawn
1535533_clip006_s000,resources/site_257_bowra-dry-a/downloaded_clips/site_257_item_1535533/site_257_item_1535533_clip_006.webm,155.272,165.465,10.194,dawn,autumn,0.866025,0.5,0.866025,-0.5,autumn_dawn
1535533_clip006_s001,resources/site_257_bowra-dry-a/downloaded_clips/site_257_item_1535533/site_257_item_1535533_clip_006.webm,205.613,224.56,18.947,dawn,autumn,0.866025,0.5,0.866025,-0.5,autumn_dawn
1535533_clip008_s000,resources/site_257_bowra-dry-a/downloaded_clips/site_257_item_1535533/site_257_item_1535533_clip_008.webm,0.929,17.903,16.974,dawn,autumn,0.866025,0.5,0.866025,-0.5,autumn_dawn
1535533_clip008_s001,resources/site_257_bowra-dry-a/downloaded_clips/site_257_item_1535533/site_257_item_1535533_clip_008.webm,38.917,49.11,10.194,dawn,autumn,0.866025,0.5,0.866025,-0.5,autumn_dawn
1535533_clip008_s002,resources/site_257_bowra-dry-a/downloaded_clips/site_257_item_1535533/site_257_item_1535533_clip_008.webm,85.264,96.549,11.285,dawn,autumn,0.866025,0.5,0.866025,-0.5,autumn_dawn
1535533_clip008_s003,resources/site_257_bowra-dry-a/downloaded_clips/site_257_item_1535533/site_257_item_1535533_clip_008.webm,172.083,184.738,12.655,dawn,autumn,0.866025,0.5,0.866025,-0.5,autumn_dawn
1535533_clip009_s000,resources/site_257_bowra-dry-a/downloaded_clips/site_257_item_1535533/site_257_item_1535533_clip_009.webm,18.924,30.697,11.773,dawn,autumn,0.866025,0.5,0.866025,-0.5,autumn_dawn
1535533_clip009_s001,resources/site_257_bowra-dry-a/downloaded_clips/site_257_item_1535533/site_257_item_1535533_clip_009.webm,122.462,133.074,10.612,dawn,autumn,0.866025,0.5,0.866025,-0.5,autumn_dawn
1535533_clip009_s002,resources/site_257_bowra-dry-a/downloaded_clips/site_257_item_1535533/site_257_item_1535533_clip_009.webm,284.886,298.098,13.212,dawn,autumn,0.866025,0.5,0.866025,-0.5,autumn_dawn
1535533_clip010_s000,resources/site_257_bowra-dry-a/downloaded_clips/site_257_item_1535533/site_257_item_1535533_clip_010.webm,185.249,199.808,14.559,dawn,autumn,0.866025,0.5,0.866025,-0.5,autumn_dawn
1535533_clip012_s000,resources/site_257_bowra-dry-a/downloaded_clips/site_257_item_1535533/site_257_item_1535533_clip_012.webm,121.742,133.375,11.633,dawn,autumn,0.866025,0.5,0.866025,-0.5,autumn_dawn
1535533_clip012_s001,resources/site_257_bowra-dry-a/downloaded_clips/site_257_item_1535533/site_257_item_1535533_clip_012.webm,224.189,237.633,13.444,dawn,autumn,0.866025,0.5,0.866025,-0.5,autumn_dawn
1535533_clip012_s002,resources/site_257_bowra-dry-a/downloaded_clips/site_257_item_1535533/site_257_item_1535533_clip_012.webm,238.306,248.337,10.031,dawn,autumn,0.866025,0.5,0.866025,-0.5,autumn_dawn
1535533_clip012_s003,resources/site_257_bowra-dry-a/downloaded_clips/site_257_item_1535533/site_257_item_1535533_clip_012.webm,264.011,274.739,10.728,dawn,autumn,0.866025,0.5,0.866025,-0.5,autumn_dawn
1535533_clip013_s000,resources/site_257_bowra-dry-a/downloaded_clips/site_257_item_1535533/site_257_item_1535533_clip_013.webm,210.396,226.789,16.393,dawn,autumn,0.866025,0.5,0.866025,-0.5,autumn_dawn
1535533_clip013_s001,resources/site_257_bowra-dry-a/downloaded_clips/site_257_item_1535533/site_257_item_1535533_clip_013.webm,272.579,285.327,12.748,dawn,autumn,0.866025,0.5,0.866025,-0.5,autumn_dawn
1535533_clip017_s000,resources/site_257_bowra-dry-a/downloaded_clips/site_257_item_1535533/site_257_item_1535533_clip_017.webm,87.005,100.867,13.862,dawn,autumn,0.866025,0.5,0.866025,-0.5,autumn_dawn
1535533_clip017_s001,resources/site_257_bowra-dry-a/downloaded_clips/site_257_item_1535533/site_257_item_1535533_clip_017.webm,104.025,122.81,18.785,dawn,autumn,0.866025,0.5,0.866025,-0.5,autumn_dawn
1535533_clip019_s000,resources/site_257_bowra-dry-a/downloaded_clips/site_257_item_1535533/site_257_item_1535533_clip_019.webm,22.43,35.55,13.119,dawn,autumn,0.866025,0.5,0.866025,-0.5,autumn_dawn
1535533_clip019_s001,resources/site_257_bowra-dry-a/downloaded_clips/site_257_item_1535533/site_257_item_1535533_clip_019.webm,119.188,130.473,11.285,dawn,autumn,0.866025,0.5,0.866025,-0.5,autumn_dawn
1535533_clip019_s002,resources/site_257_bowra-dry-a/downloaded_clips/site_257_item_1535533/site_257_item_1535533_clip_019.webm,214.599,227.695,13.096,dawn,autumn,0.866025,0.5,0.866025,-0.5,autumn_dawn
1535533_clip019_s003,resources/site_257_bowra-dry-a/downloaded_clips/site_257_item_1535533/site_257_item_1535533_clip_019.webm,288.763,299.839,11.076,dawn,autumn,0.866025,0.5,0.866025,-0.5,autumn_dawn
1535533_clip021_s000,resources/site_257_bowra-dry-a/downloaded_clips/site_257_item_1535533/site_257_item_1535533_clip_021.webm,157.71,170.202,12.492,dawn,autumn,0.866025,0.5,0.866025,-0.5,autumn_dawn
1536460_clip001_s000,resources/site_257_bowra-dry-a/downloaded_clips/site_257_item_1536460/site_257_item_1536460_clip_001.webm,42.005,52.315,10.31,dawn,autumn,1.0,0.0,0.5,-0.866025,autumn_dawn
1536460_clip002_s000,resources/site_257_bowra-dry-a/downloaded_clips/site_257_item_1536460/site_257_item_1536460_clip_002.webm,72.934,87.632,14.698,dawn,autumn,1.0,0.0,0.5,-0.866025,autumn_dawn
1536460_clip002_s001,resources/site_257_bowra-dry-a/downloaded_clips/site_257_item_1536460/site_257_item_1536460_clip_002.webm,98.94,110.295,11.355,dawn,autumn,1.0,0.0,0.5,-0.866025,autumn_dawn
1536688_clip001_s000,resources/site_257_bowra-dry-a/downloaded_clips/site_257_item_1536688/site_257_item_1536688_clip_001.webm,154.761,175.032,20.271,dawn,autumn,0.965926,0.258819,0.866025,-0.5,autumn_dawn
1536688_clip001_s001,resources/site_257_bowra-dry-a/downloaded_clips/site_257_item_1536688/site_257_item_1536688_clip_001.webm,195.953,206.147,10.194,dawn,autumn,0.965926,0.258819,0.866025,-0.5,autumn_dawn
1536894_clip010_s000,resources/site_257_bowra-dry-a/downloaded_clips/site_257_item_1536894/site_257_item_1536894_clip_010.webm,7.639,28.444,20.805,dawn,autumn,0.866025,0.5,0.5,-0.866025,autumn_dawn
1536894_clip014_s000,resources/site_257_bowra-dry-a/downloaded_clips/site_257_item_1536894/site_257_item_1536894_clip_014.webm,153.507,164.095,10.588,dawn,autumn,0.866025,0.5,0.5,-0.866025,autumn_dawn
1536894_clip016_s000,resources/site_257_bowra-dry-a/downloaded_clips/site_257_item_1536894/site_257_item_1536894_clip_016.webm,77.648,88.654,11.006,dawn,autumn,0.866025,0.5,0.5,-0.866025,autumn_dawn
1536894_clip016_s001,resources/site_257_bowra-dry-a/downloaded_clips/site_257_item_1536894/site_257_item_1536894_clip_016.webm,145.775,155.852,10.077,dawn,autumn,0.866025,0.5,0.5,-0.866025,autumn_dawn
1536894_clip017_s000,resources/site_257_bowra-dry-a/downloaded_clips/site_257_item_1536894/site_257_item_1536894_clip_017.webm,184.738,195.582,10.844,dawn,autumn,0.866025,0.5,0.5,-0.866025,autumn_dawn
1536894_clip022_s000,resources/site_257_bowra-dry-a/downloaded_clips/site_257_item_1536894/site_257_item_1536894_clip_022.webm,50.155,62.229,12.074,dawn,autumn,0.866025,0.5,0.5,-0.866025,autumn_dawn
1536894_clip023_s000,resources/site_257_bowra-dry-a/downloaded_clips/site_257_item_1536894/site_257_item_1536894_clip_023.webm,22.523,38.011,15.488,dawn,autumn,0.866025,0.5,0.5,-0.866025,autumn_dawn
1536894_clip023_s001,resources/site_257_bowra-dry-a/downloaded_clips/site_257_item_1536894/site_257_item_1536894_clip_023.webm,145.821,156.665,10.844,dawn,autumn,0.866025,0.5,0.5,-0.866025,autumn_dawn
1536894_clip023_s002,resources/site_257_bowra-dry-a/downloaded_clips/site_257_item_1536894/site_257_item_1536894_clip_023.webm,183.879,196.882,13.003,dawn,autumn,0.866025,0.5,0.5,-0.866025,autumn_dawn
1670251_clip002_s000,resources/site_257_bowra-dry-a/downloaded_clips/site_257_item_1670251/site_257_item_1670251_clip_002.webm,100.937,113.731,12.794,dawn,autumn,1.0,0.0,1.0,0.0,autumn_dawn
1670251_clip010_s000,resources/site_257_bowra-dry-a/downloaded_clips/site_257_item_1670251/site_257_item_1670251_clip_010.webm,51.13,61.417,10.286,dawn,autumn,1.0,0.0,1.0,0.0,autumn_dawn
1670251_clip010_s001,resources/site_257_bowra-dry-a/downloaded_clips/site_257_item_1670251/site_257_item_1670251_clip_010.webm,129.312,143.453,14.141,dawn,autumn,1.0,0.0,1.0,0.0,autumn_dawn
1670441_clip004_s000,resources/site_257_bowra-dry-a/downloaded_clips/site_257_item_1670441/site_257_item_1670441_clip_004.webm,190.961,204.22,13.259,dawn,autumn,1.0,0.0,1.0,0.0,autumn_dawn
1670441_clip006_s000,resources/site_257_bowra-dry-a/downloaded_clips/site_257_item_1670441/site_257_item_1670441_clip_006.webm,272.625,283.748,11.122,dawn,autumn,1.0,0.0,1.0,0.0,autumn_dawn
1671032_clip020_s000,resources/site_257_bowra-dry-a/downloaded_clips/site_257_item_1671032/site_257_item_1671032_clip_020.webm,214.042,225.303,11.262,dawn,autumn,1.0,0.0,1.0,0.0,autumn_dawn
1671032_clip024_s000,resources/site_257_bowra-dry-a/downloaded_clips/site_257_item_1671032/site_257_item_1671032_clip_024.webm,105.883,116.82,10.937,dawn,autumn,1.0,0.0,1.0,0.0,autumn_dawn
1671032_clip024_s001,resources/site_257_bowra-dry-a/downloaded_clips/site_257_item_1671032/site_257_item_1671032_clip_024.webm,228.577,239.7,11.122,dawn,autumn,1.0,0.0,1.0,0.0,autumn_dawn
1679930_clip003_s000,resources/site_257_bowra-dry-a/downloaded_clips/site_257_item_1679930/site_257_item_1679930_clip_003.webm,249.8,261.48,11.68,dawn,autumn,1.0,0.0,1.0,0.0,autumn_dawn
1679930_clip009_s000,resources/site_257_bowra-dry-a/downloaded_clips/site_257_item_1679930/site_257_item_1679930_clip_009.webm,56.099,71.378,15.279,dawn,autumn,1.0,0.0,1.0,0.0,autumn_dawn
1679930_clip009_s001,resources/site_257_bowra-dry-a/downloaded_clips/site_257_item_1679930/site_257_item_1679930_clip_009.webm,156.804,168.414,11.61,dawn,autumn,1.0,0.0,1.0,0.0,autumn_dawn
1679930_clip010_s000,resources/site_257_bowra-dry-a/downloaded_clips/site_257_item_1679930/site_257_item_1679930_clip_010.webm,166.208,177.052,10.844,dawn,autumn,1.0,0.0,1.0,0.0,autumn_dawn
1679930_clip012_s000,resources/site_257_bowra-dry-a/downloaded_clips/site_257_item_1679930/site_257_item_1679930_clip_012.webm,124.296,134.42,10.124,dawn,autumn,1.0,0.0,1.0,0.0,autumn_dawn
1679930_clip013_s000,resources/site_257_bowra-dry-a/downloaded_clips/site_257_item_1679930/site_257_item_1679930_clip_013.webm,277.455,291.666,14.211,dawn,autumn,1.0,0.0,1.0,0.0,autumn_dawn
1679930_clip014_s000,resources/site_257_bowra-dry-a/downloaded_clips/site_257_item_1679930/site_257_item_1679930_clip_014.webm,161.402,171.99,10.588,dawn,autumn,1.0,0.0,1.0,0.0,autumn_dawn
1679930_clip014_s001,resources/site_257_bowra-dry-a/downloaded_clips/site_257_item_1679930/site_257_item_1679930_clip_014.webm,216.317,226.975,10.658,dawn,autumn,1.0,0.0,1.0,0.0,autumn_dawn
1679930_clip015_s000,resources/site_257_bowra-dry-a/downloaded_clips/site_257_item_1679930/site_257_item_1679930_clip_015.webm,82.756,100.821,18.065,dawn,autumn,1.0,0.0,1.0,0.0,autumn_dawn
1679930_clip016_s000,resources/site_257_bowra-dry-a/downloaded_clips/site_257_item_1679930/site_257_item_1679930_clip_016.webm,82.593,93.042,10.449,dawn,autumn,1.0,0.0,1.0,0.0,autumn_dawn
1679930_clip016_s001,resources/site_257_bowra-dry-a/downloaded_clips/site_257_item_1679930/site_257_item_1679930_clip_016.webm,105.07,115.426,10.356,dawn,autumn,1.0,0.0,1.0,0.0,autumn_dawn
1679930_clip016_s002,resources/site_257_bowra-dry-a/downloaded_clips/site_257_item_1679930/site_257_item_1679930_clip_016.webm,264.638,276.062,11.424,dawn,autumn,1.0,0.0,1.0,0.0,autumn_dawn
1679930_clip017_s000,resources/site_257_bowra-dry-a/downloaded_clips/site_257_item_1679930/site_257_item_1679930_clip_017.webm,119.536,130.357,10.82,dawn,autumn,1.0,0.0,1.0,0.0,autumn_dawn
1679930_clip019_s000,resources/site_257_bowra-dry-a/downloaded_clips/site_257_item_1679930/site_257_item_1679930_clip_019.webm,268.121,280.242,12.121,dawn,autumn,1.0,0.0,1.0,0.0,autumn_dawn
1679930_clip021_s000,resources/site_257_bowra-dry-a/downloaded_clips/site_257_item_1679930/site_257_item_1679930_clip_021.webm,40.728,55.171,14.443,dawn,autumn,1.0,0.0,1.0,0.0,autumn_dawn
1679930_clip022_s000,resources/site_257_bowra-dry-a/downloaded_clips/site_257_item_1679930/site_257_item_1679930_clip_022.webm,39.311,51.873,12.562,dawn,autumn,1.0,0.0,1.0,0.0,autumn_dawn
1679930_clip022_s001,resources/site_257_bowra-dry-a/downloaded_clips/site_257_item_1679930/site_257_item_1679930_clip_022.webm,60.488,76.185,15.697,dawn,autumn,1.0,0.0,1.0,0.0,autumn_dawn
1679930_clip023_s000,resources/site_257_bowra-dry-a/downloaded_clips/site_257_item_1679930/site_257_item_1679930_clip_023.webm,39.033,49.412,10.379,dawn,autumn,1.0,0.0,1.0,0.0,autumn_dawn
1672550_clip011_s000,resources/site_257_bowra-dry-a/downloaded_clips/site_257_item_1672550/site_257_item_1672550_clip_011.webm,214.436,228.879,14.443,dawn,autumn,0.866025,0.5,0.866025,-0.5,autumn_dawn
1672550_clip021_s000,resources/site_257_bowra-dry-a/downloaded_clips/site_257_item_1672550/site_257_item_1672550_clip_021.webm,261.968,274.297,12.33,dawn,autumn,0.866025,0.5,0.866025,-0.5,autumn_dawn
1673282_clip007_s000,resources/site_257_bowra-dry-a/downloaded_clips/site_257_item_1673282/site_257_item_1673282_clip_007.webm,12.214,23.8,11.587,dawn,autumn,1.0,0.0,0.5,-0.866025,autumn_dawn
1678066_clip001_s000,resources/site_257_bowra-dry-a/downloaded_clips/site_257_item_1678066/site_257_item_1678066_clip_001.webm,229.901,241.232,11.331,dawn,autumn,1.0,0.0,0.5,-0.866025,autumn_dawn
1678066_clip002_s000,resources/site_257_bowra-dry-a/downloaded_clips/site_257_item_1678066/site_257_item_1678066_clip_002.webm,0.139,10.426,10.286,dawn,autumn,1.0,0.0,0.5,-0.866025,autumn_dawn
1313190_clip007_s000,resources/site_257_bowra-dry-a/downloaded_clips/site_257_item_1313190/site_257_item_1313190_clip_007.webm,168.414,183.67,15.256,afternoon,autumn,-0.5,-0.866025,0.866025,-0.5,autumn_afternoon
1313190_clip019_s000,resources/site_257_bowra-dry-a/downloaded_clips/site_257_item_1313190/site_257_item_1313190_clip_019.webm,225.466,240.721,15.256,afternoon,autumn,-0.5,-0.866025,0.866025,-0.5,autumn_afternoon
1313190_clip020_s000,resources/site_257_bowra-dry-a/downloaded_clips/site_257_item_1313190/site_257_item_1313190_clip_020.webm,112.988,123.368,10.379,afternoon,autumn,-0.5,-0.866025,0.866025,-0.5,autumn_afternoon
1313284_clip002_s000,resources/site_257_bowra-dry-a/downloaded_clips/site_257_item_1313284/site_257_item_1313284_clip_002.webm,260.946,299.839,38.893,afternoon,autumn,0.0,-1.0,0.5,-0.866025,autumn_afternoon
1313284_clip011_s000,resources/site_257_bowra-dry-a/downloaded_clips/site_257_item_1313284/site_257_item_1313284_clip_011.webm,96.409,107.671,11.262,afternoon,autumn,0.0,-1.0,0.5,-0.866025,autumn_afternoon
1313284_clip014_s000,resources/site_257_bowra-dry-a/downloaded_clips/site_257_item_1313284/site_257_item_1313284_clip_014.webm,5.991,29.118,23.127,afternoon,autumn,0.0,-1.0,0.5,-0.866025,autumn_afternoon
1313284_clip014_s001,resources/site_257_bowra-dry-a/downloaded_clips/site_257_item_1313284/site_257_item_1313284_clip_014.webm,43.491,60.79,17.299,afternoon,autumn,0.0,-1.0,0.5,-0.866025,autumn_afternoon
1313392_clip007_s000,resources/site_257_bowra-dry-a/downloaded_clips/site_257_item_1313392/site_257_item_1313392_clip_007.webm,16.068,26.703,10.635,afternoon,autumn,-0.5,-0.866025,0.866025,-0.5,autumn_afternoon
1313392_clip011_s000,resources/site_257_bowra-dry-a/downloaded_clips/site_257_item_1313392/site_257_item_1313392_clip_011.webm,173.105,184.111,11.006,afternoon,autumn,-0.5,-0.866025,0.866025,-0.5,autumn_afternoon
1313392_clip011_s001,resources/site_257_bowra-dry-a/downloaded_clips/site_257_item_1313392/site_257_item_1313392_clip_011.webm,186.944,197.277,10.333,afternoon,autumn,-0.5,-0.866025,0.866025,-0.5,autumn_afternoon
1313392_clip022_s000,resources/site_257_bowra-dry-a/downloaded_clips/site_257_item_1313392/site_257_item_1313392_clip_022.webm,139.622,155.899,16.277,afternoon,autumn,-0.5,-0.866025,0.866025,-0.5,autumn_afternoon
1313392_clip022_s001,resources/site_257_bowra-dry-a/downloaded_clips/site_257_item_1313392/site_257_item_1313392_clip_022.webm,244.413,254.491,10.077,afternoon,autumn,-0.5,-0.866025,0.866025,-0.5,autumn_afternoon
1313480_clip001_s000,resources/site_257_bowra-dry-a/downloaded_clips/site_257_item_1313480/site_257_item_1313480_clip_001.webm,107.578,125.713,18.135,afternoon,autumn,-0.5,-0.866025,0.5,-0.866025,autumn_afternoon
1313480_clip001_s001,resources/site_257_bowra-dry-a/downloaded_clips/site_257_item_1313480/site_257_item_1313480_clip_001.webm,140.922,174.312,33.39,afternoon,autumn,-0.5,-0.866025,0.5,-0.866025,autumn_afternoon
1313480_clip002_s000,resources/site_257_bowra-dry-a/downloaded_clips/site_257_item_1313480/site_257_item_1313480_clip_002.webm,123.739,135.674,11.935,afternoon,autumn,-0.5,-0.866025,0.5,-0.866025,autumn_afternoon
1313480_clip004_s000,resources/site_257_bowra-dry-a/downloaded_clips/site_257_item_1313480/site_257_item_1313480_clip_004.webm,21.2,35.364,14.164,afternoon,autumn,-0.5,-0.866025,0.5,-0.866025,autumn_afternoon
1313480_clip005_s000,resources/site_257_bowra-dry-a/downloaded_clips/site_257_item_1313480/site_257_item_1313480_clip_005.webm,198.995,223.446,24.451,afternoon,autumn,-0.5,-0.866025,0.5,-0.866025,autumn_afternoon
1313480_clip005_s001,resources/site_257_bowra-dry-a/downloaded_clips/site_257_item_1313480/site_257_item_1313480_clip_005.webm,238.678,249.173,10.495,afternoon,autumn,-0.5,-0.866025,0.5,-0.866025,autumn_afternoon
1313480_clip008_s000,resources/site_257_bowra-dry-a/downloaded_clips/site_257_item_1313480/site_257_item_1313480_clip_008.webm,87.888,99.335,11.447,afternoon,autumn,-0.5,-0.866025,0.5,-0.866025,autumn_afternoon
1313480_clip009_s000,resources/site_257_bowra-dry-a/downloaded_clips/site_257_item_1313480/site_257_item_1313480_clip_009.webm,40.031,59.466,19.435,afternoon,autumn,-0.5,-0.866025,0.5,-0.866025,autumn_afternoon
1313480_clip009_s001,resources/site_257_bowra-dry-a/downloaded_clips/site_257_item_1313480/site_257_item_1313480_clip_009.webm,60.651,75.697,15.047,afternoon,autumn,-0.5,-0.866025,0.5,-0.866025,autumn_afternoon
1313480_clip009_s002,resources/site_257_bowra-dry-a/downloaded_clips/site_257_item_1313480/site_257_item_1313480_clip_009.webm,83.778,94.087,10.31,afternoon,autumn,-0.5,-0.866025,0.5,-0.866025,autumn_afternoon
1313480_clip013_s000,resources/site_257_bowra-dry-a/downloaded_clips/site_257_item_1313480/site_257_item_1313480_clip_013.webm,35.991,48.344,12.353,afternoon,autumn,-0.5,-0.866025,0.5,-0.866025,autumn_afternoon
1313480_clip013_s001,resources/site_257_bowra-dry-a/downloaded_clips/site_257_item_1313480/site_257_item_1313480_clip_013.webm,66.595,82.013,15.418,afternoon,autumn,-0.5,-0.866025,0.5,-0.866025,autumn_afternoon
1313480_clip013_s002,resources/site_257_bowra-dry-a/downloaded_clips/site_257_item_1313480/site_257_item_1313480_clip_013.webm,231.921,247.943,16.022,afternoon,autumn,-0.5,-0.866025,0.5,-0.866025,autumn_afternoon
1313480_clip015_s000,resources/site_257_bowra-dry-a/downloaded_clips/site_257_item_1313480/site_257_item_1313480_clip_015.webm,87.888,97.895,10.008,afternoon,autumn,-0.5,-0.866025,0.5,-0.866025,autumn_afternoon
1313480_clip015_s001,resources/site_257_bowra-dry-a/downloaded_clips/site_257_item_1313480/site_257_item_1313480_clip_015.webm,139.157,153.646,14.489,afternoon,autumn,-0.5,-0.866025,0.5,-0.866025,autumn_afternoon
1313480_clip015_s002,resources/site_257_bowra-dry-a/downloaded_clips/site_257_item_1313480/site_257_item_1313480_clip_015.webm,196.325,215.179,18.855,afternoon,autumn,-0.5,-0.866025,0.5,-0.866025,autumn_afternoon
1313480_clip015_s003,resources/site_257_bowra-dry-a/downloaded_clips/site_257_item_1313480/site_257_item_1313480_clip_015.webm,234.498,245.853,11.355,afternoon,autumn,-0.5,-0.866025,0.5,-0.866025,autumn_afternoon
1313480_clip015_s004,resources/site_257_bowra-dry-a/downloaded_clips/site_257_item_1313480/site_257_item_1313480_clip_015.webm,246.062,261.968,15.906,afternoon,autumn,-0.5,-0.866025,0.5,-0.866025,autumn_afternoon
1313480_clip018_s000,resources/site_257_bowra-dry-a/downloaded_clips/site_257_item_1313480/site_257_item_1313480_clip_018.webm,27.446,57.26,29.814,afternoon,autumn,-0.5,-0.866025,0.5,-0.866025,autumn_afternoon
1313480_clip018_s001,resources/site_257_bowra-dry-a/downloaded_clips/site_257_item_1313480/site_257_item_1313480_clip_018.webm,84.358,95.109,10.751,afternoon,autumn,-0.5,-0.866025,0.5,-0.866025,autumn_afternoon
1313480_clip018_s002,resources/site_257_bowra-dry-a/downloaded_clips/site_257_item_1313480/site_257_item_1313480_clip_018.webm,183.995,195.86,11.865,afternoon,autumn,-0.5,-0.866025,0.5,-0.866025,autumn_afternoon
1313480_clip018_s003,resources/site_257_bowra-dry-a/downloaded_clips/site_257_item_1313480/site_257_item_1313480_clip_018.webm,229.181,250.59,21.409,afternoon,autumn,-0.5,-0.866025,0.5,-0.866025,autumn_afternoon
1313480_clip019_s000,resources/site_257_bowra-dry-a/downloaded_clips/site_257_item_1313480/site_257_item_1313480_clip_019.webm,15.697,30.72,15.023,afternoon,autumn,-0.5,-0.866025,0.5,-0.866025,autumn_afternoon
1313480_clip019_s001,resources/site_257_bowra-dry-a/downloaded_clips/site_257_item_1313480/site_257_item_1313480_clip_019.webm,128.476,138.995,10.519,afternoon,autumn,-0.5,-0.866025,0.5,-0.866025,autumn_afternoon
1313480_clip020_s000,resources/site_257_bowra-dry-a/downloaded_clips/site_257_item_1313480/site_257_item_1313480_clip_020.webm,158.616,180.674,22.059,afternoon,autumn,-0.5,-0.866025,0.5,-0.866025,autumn_afternoon
1313480_clip020_s001,resources/site_257_bowra-dry-a/downloaded_clips/site_257_item_1313480/site_257_item_1313480_clip_020.webm,183.74,201.363,17.624,afternoon,autumn,-0.5,-0.866025,0.5,-0.866025,autumn_afternoon
1313480_clip023_s000,resources/site_257_bowra-dry-a/downloaded_clips/site_257_item_1313480/site_257_item_1313480_clip_023.webm,15.139,26.169,11.029,afternoon,autumn,-0.5,-0.866025,0.5,-0.866025,autumn_afternoon
1313480_clip024_s000,resources/site_257_bowra-dry-a/downloaded_clips/site_257_item_1313480/site_257_item_1313480_clip_024.webm,221.983,233.082,11.099,afternoon,autumn,-0.5,-0.866025,0.5,-0.866025,autumn_afternoon
1402577_clip009_s000,resources/site_257_bowra-dry-a/downloaded_clips/site_257_item_1402577/site_257_item_1402577_clip_009.webm,261.457,276.968,15.511,afternoon,autumn,0.0,-1.0,1.0,0.0,autumn_afternoon
1402577_clip011_s000,resources/site_257_bowra-dry-a/downloaded_clips/site_257_item_1402577/site_257_item_1402577_clip_011.webm,44.815,57.934,13.119,afternoon,autumn,0.0,-1.0,1.0,0.0,autumn_afternoon
1402577_clip021_s000,resources/site_257_bowra-dry-a/downloaded_clips/site_257_item_1402577/site_257_item_1402577_clip_021.webm,59.35,75.883,16.533,afternoon,autumn,0.0,-1.0,1.0,0.0,autumn_afternoon
1402577_clip023_s000,resources/site_257_bowra-dry-a/downloaded_clips/site_257_item_1402577/site_257_item_1402577_clip_023.webm,228.949,243.229,14.28,afternoon,autumn,0.0,-1.0,1.0,0.0,autumn_afternoon
1535281_clip005_s000,resources/site_257_bowra-dry-a/downloaded_clips/site_257_item_1535281/site_257_item_1535281_clip_005.webm,140.272,152.021,11.749,afternoon,autumn,-0.5,-0.866025,0.5,-0.866025,autumn_afternoon
1535281_clip005_s001,resources/site_257_bowra-dry-a/downloaded_clips/site_257_item_1535281/site_257_item_1535281_clip_005.webm,152.253,173.337,21.084,afternoon,autumn,-0.5,-0.866025,0.5,-0.866025,autumn_afternoon
1535281_clip005_s002,resources/site_257_bowra-dry-a/downloaded_clips/site_257_item_1535281/site_257_item_1535281_clip_005.webm,225.559,238.237,12.678,afternoon,autumn,-0.5,-0.866025,0.5,-0.866025,autumn_afternoon
1535281_clip005_s003,resources/site_257_bowra-dry-a/downloaded_clips/site_257_item_1535281/site_257_item_1535281_clip_005.webm,256.023,267.331,11.308,afternoon,autumn,-0.5,-0.866025,0.5,-0.866025,autumn_afternoon
1535281_clip005_s004,resources/site_257_bowra-dry-a/downloaded_clips/site_257_item_1535281/site_257_item_1535281_clip_005.webm,282.308,300.025,17.717,afternoon,autumn,-0.5,-0.866025,0.5,-0.866025,autumn_afternoon
1535281_clip006_s000,resources/site_257_bowra-dry-a/downloaded_clips/site_257_item_1535281/site_257_item_1535281_clip_006.webm,28.096,46.045,17.949,afternoon,autumn,-0.5,-0.866025,0.5,-0.866025,autumn_afternoon
1535281_clip006_s001,resources/site_257_bowra-dry-a/downloaded_clips/site_257_item_1535281/site_257_item_1535281_clip_006.webm,64.296,88.932,24.636,afternoon,autumn,-0.5,-0.866025,0.5,-0.866025,autumn_afternoon
1535281_clip006_s002,resources/site_257_bowra-dry-a/downloaded_clips/site_257_item_1535281/site_257_item_1535281_clip_006.webm,92.206,106.115,13.909,afternoon,autumn,-0.5,-0.866025,0.5,-0.866025,autumn_afternoon
1535281_clip006_s003,resources/site_257_bowra-dry-a/downloaded_clips/site_257_item_1535281/site_257_item_1535281_clip_006.webm,121.139,131.889,10.751,afternoon,autumn,-0.5,-0.866025,0.5,-0.866025,autumn_afternoon
1535281_clip018_s000,resources/site_257_bowra-dry-a/downloaded_clips/site_257_item_1535281/site_257_item_1535281_clip_018.webm,173.685,183.716,10.031,afternoon,autumn,-0.5,-0.866025,0.5,-0.866025,autumn_afternoon
1535281_clip022_s000,resources/site_257_bowra-dry-a/downloaded_clips/site_257_item_1535281/site_257_item_1535281_clip_022.webm,257.463,268.608,11.146,afternoon,autumn,-0.5,-0.866025,0.5,-0.866025,autumn_afternoon
1535281_clip023_s000,resources/site_257_bowra-dry-a/downloaded_clips/site_257_item_1535281/site_257_item_1535281_clip_023.webm,32.833,51.409,18.576,afternoon,autumn,-0.5,-0.866025,0.5,-0.866025,autumn_afternoon
1535281_clip023_s001,resources/site_257_bowra-dry-a/downloaded_clips/site_257_item_1535281/site_257_item_1535281_clip_023.webm,52.315,63.344,11.029,afternoon,autumn,-0.5,-0.866025,0.5,-0.866025,autumn_afternoon
1535281_clip023_s002,resources/site_257_bowra-dry-a/downloaded_clips/site_257_item_1535281/site_257_item_1535281_clip_023.webm,71.401,83.244,11.842,afternoon,autumn,-0.5,-0.866025,0.5,-0.866025,autumn_afternoon
1535281_clip023_s003,resources/site_257_bowra-dry-a/downloaded_clips/site_257_item_1535281/site_257_item_1535281_clip_023.webm,84.381,115.937,31.556,afternoon,autumn,-0.5,-0.866025,0.5,-0.866025,autumn_afternoon
1535281_clip023_s004,resources/site_257_bowra-dry-a/downloaded_clips/site_257_item_1535281/site_257_item_1535281_clip_023.webm,178.283,190.032,11.749,afternoon,autumn,-0.5,-0.866025,0.5,-0.866025,autumn_afternoon
1535770_clip009_s000,resources/site_257_bowra-dry-a/downloaded_clips/site_257_item_1535770/site_257_item_1535770_clip_009.webm,61.626,73.329,11.703,afternoon,autumn,-0.5,-0.866025,1.0,0.0,autumn_afternoon
1535770_clip011_s000,resources/site_257_bowra-dry-a/downloaded_clips/site_257_item_1535770/site_257_item_1535770_clip_011.webm,31.231,41.912,10.681,afternoon,autumn,-0.5,-0.866025,1.0,0.0,autumn_afternoon
1535770_clip023_s000,resources/site_257_bowra-dry-a/downloaded_clips/site_257_item_1535770/site_257_item_1535770_clip_023.webm,156.247,166.394,10.147,afternoon,autumn,-0.5,-0.866025,1.0,0.0,autumn_afternoon
1536130_clip002_s000,resources/site_257_bowra-dry-a/downloaded_clips/site_257_item_1536130/site_257_item_1536130_clip_002.webm,160.125,170.597,10.472,afternoon,autumn,-0.5,-0.866025,0.866025,-0.5,autumn_afternoon
1536130_clip004_s000,resources/site_257_bowra-dry-a/downloaded_clips/site_257_item_1536130/site_257_item_1536130_clip_004.webm,242.068,253.91,11.842,afternoon,autumn,-0.5,-0.866025,0.866025,-0.5,autumn_afternoon
1536130_clip007_s000,resources/site_257_bowra-dry-a/downloaded_clips/site_257_item_1536130/site_257_item_1536130_clip_007.webm,212.857,223.91,11.053,afternoon,autumn,-0.5,-0.866025,0.866025,-0.5,autumn_afternoon
1536130_clip014_s000,resources/site_257_bowra-dry-a/downloaded_clips/site_257_item_1536130/site_257_item_1536130_clip_014.webm,51.897,67.802,15.906,afternoon,autumn,-0.5,-0.866025,0.866025,-0.5,autumn_afternoon
1536130_clip015_s000,resources/site_257_bowra-dry-a/downloaded_clips/site_257_item_1536130/site_257_item_1536130_clip_015.webm,95.527,107.299,11.773,afternoon,autumn,-0.5,-0.866025,0.866025,-0.5,autumn_afternoon
1536130_clip016_s000,resources/site_257_bowra-dry-a/downloaded_clips/site_257_item_1536130/site_257_item_1536130_clip_016.webm,237.354,248.105,10.751,afternoon,autumn,-0.5,-0.866025,0.866025,-0.5,autumn_afternoon
1536130_clip022_s000,resources/site_257_bowra-dry-a/downloaded_clips/site_257_item_1536130/site_257_item_1536130_clip_022.webm,52.64,62.694,10.054,afternoon,autumn,-0.5,-0.866025,0.866025,-0.5,autumn_afternoon
1536130_clip022_s001,resources/site_257_bowra-dry-a/downloaded_clips/site_257_item_1536130/site_257_item_1536130_clip_022.webm,225.094,235.915,10.82,afternoon,autumn,-0.5,-0.866025,0.866025,-0.5,autumn_afternoon
1536463_clip001_s000,resources/site_257_bowra-dry-a/downloaded_clips/site_257_item_1536463/site_257_item_1536463_clip_001.webm,138.809,153.507,14.698,afternoon,autumn,-0.5,-0.866025,0.866025,-0.5,autumn_afternoon
1536463_clip007_s000,resources/site_257_bowra-dry-a/downloaded_clips/site_257_item_1536463/site_257_item_1536463_clip_007.webm,258.183,271.279,13.096,afternoon,autumn,-0.5,-0.866025,0.866025,-0.5,autumn_afternoon
1536463_clip008_s000,resources/site_257_bowra-dry-a/downloaded_clips/site_257_item_1536463/site_257_item_1536463_clip_008.webm,89.629,100.728,11.099,afternoon,autumn,-0.5,-0.866025,0.866025,-0.5,autumn_afternoon
1536463_clip009_s000,resources/site_257_bowra-dry-a/downloaded_clips/site_257_item_1536463/site_257_item_1536463_clip_009.webm,55.705,67.152,11.447,afternoon,autumn,-0.5,-0.866025,0.866025,-0.5,autumn_afternoon
1536463_clip009_s001,resources/site_257_bowra-dry-a/downloaded_clips/site_257_item_1536463/site_257_item_1536463_clip_009.webm,77.694,88.213,10.519,afternoon,autumn,-0.5,-0.866025,0.866025,-0.5,autumn_afternoon
1536463_clip010_s000,resources/site_257_bowra-dry-a/downloaded_clips/site_257_item_1536463/site_257_item_1536463_clip_010.webm,174.034,185.133,11.099,afternoon,autumn,-0.5,-0.866025,0.866025,-0.5,autumn_afternoon
1536463_clip012_s000,resources/site_257_bowra-dry-a/downloaded_clips/site_257_item_1536463/site_257_item_1536463_clip_012.webm,255.791,272.556,16.765,afternoon,autumn,-0.5,-0.866025,0.866025,-0.5,autumn_afternoon
1536463_clip020_s000,resources/site_257_bowra-dry-a/downloaded_clips/site_257_item_1536463/site_257_item_1536463_clip_020.webm,192.563,203.941,11.378,afternoon,autumn,-0.5,-0.866025,0.866025,-0.5,autumn_afternoon
1536463_clip020_s001,resources/site_257_bowra-dry-a/downloaded_clips/site_257_item_1536463/site_257_item_1536463_clip_020.webm,255.93,266.588,10.658,afternoon,autumn,-0.5,-0.866025,0.866025,-0.5,autumn_afternoon
1536463_clip021_s000,resources/site_257_bowra-dry-a/downloaded_clips/site_257_item_1536463/site_257_item_1536463_clip_021.webm,100.148,119.652,19.505,afternoon,autumn,-0.5,-0.866025,0.866025,-0.5,autumn_afternoon
1536463_clip021_s001,resources/site_257_bowra-dry-a/downloaded_clips/site_257_item_1536463/site_257_item_1536463_clip_021.webm,240.28,251.031,10.751,afternoon,autumn,-0.5,-0.866025,0.866025,-0.5,autumn_afternoon
1536559_clip001_s000,resources/site_257_bowra-dry-a/downloaded_clips/site_257_item_1536559/site_257_item_1536559_clip_001.webm,2.461,12.98,10.519,afternoon,autumn,-0.5,-0.866025,0.5,-0.866025,autumn_afternoon
1536559_clip001_s001,resources/site_257_bowra-dry-a/downloaded_clips/site_257_item_1536559/site_257_item_1536559_clip_001.webm,27.376,37.593,10.217,afternoon,autumn,-0.5,-0.866025,0.5,-0.866025,autumn_afternoon
1536559_clip001_s002,resources/site_257_bowra-dry-a/downloaded_clips/site_257_item_1536559/site_257_item_1536559_clip_001.webm,38.011,49.064,11.053,afternoon,autumn,-0.5,-0.866025,0.5,-0.866025,autumn_afternoon
1536559_clip002_s000,resources/site_257_bowra-dry-a/downloaded_clips/site_257_item_1536559/site_257_item_1536559_clip_002.webm,36.571,47.09,10.519,afternoon,autumn,-0.5,-0.866025,0.5,-0.866025,autumn_afternoon
1536559_clip002_s001,resources/site_257_bowra-dry-a/downloaded_clips/site_257_item_1536559/site_257_item_1536559_clip_002.webm,80.689,92.392,11.703,afternoon,autumn,-0.5,-0.866025,0.5,-0.866025,autumn_afternoon
1536559_clip006_s000,resources/site_257_bowra-dry-a/downloaded_clips/site_257_item_1536559/site_257_item_1536559_clip_006.webm,150.999,161.75,10.751,afternoon,autumn,-0.5,-0.866025,0.5,-0.866025,autumn_afternoon
1536559_clip007_s000,resources/site_257_bowra-dry-a/downloaded_clips/site_257_item_1536559/site_257_item_1536559_clip_007.webm,194.165,206.495,12.33,afternoon,autumn,-0.5,-0.866025,0.5,-0.866025,autumn_afternoon
1536559_clip014_s000,resources/site_257_bowra-dry-a/downloaded_clips/site_257_item_1536559/site_257_item_1536559_clip_014.webm,71.285,83.522,12.237,afternoon,autumn,-0.5,-0.866025,0.5,-0.866025,autumn_afternoon
1536559_clip015_s000,resources/site_257_bowra-dry-a/downloaded_clips/site_257_item_1536559/site_257_item_1536559_clip_015.webm,58.259,69.451,11.192,afternoon,autumn,-0.5,-0.866025,0.5,-0.866025,autumn_afternoon
1536559_clip015_s001,resources/site_257_bowra-dry-a/downloaded_clips/site_257_item_1536559/site_257_item_1536559_clip_015.webm,114.916,127.64,12.725,afternoon,autumn,-0.5,-0.866025,0.5,-0.866025,autumn_afternoon
1536559_clip015_s002,resources/site_257_bowra-dry-a/downloaded_clips/site_257_item_1536559/site_257_item_1536559_clip_015.webm,206.541,217.13,10.588,afternoon,autumn,-0.5,-0.866025,0.5,-0.866025,autumn_afternoon
1536559_clip018_s000,resources/site_257_bowra-dry-a/downloaded_clips/site_257_item_1536559/site_257_item_1536559_clip_018.webm,225.419,239.955,14.536,afternoon,autumn,-0.5,-0.866025,0.5,-0.866025,autumn_afternoon
1536559_clip019_s000,resources/site_257_bowra-dry-a/downloaded_clips/site_257_item_1536559/site_257_item_1536559_clip_019.webm,9.334,23.754,14.42,afternoon,autumn,-0.5,-0.866025,0.5,-0.866025,autumn_afternoon
1670408_clip001_s000,resources/site_257_bowra-dry-a/downloaded_clips/site_257_item_1670408/site_257_item_1670408_clip_001.webm,70.147,90.836,20.689,afternoon,autumn,-0.5,-0.866025,1.0,0.0,autumn_afternoon
1670408_clip009_s000,resources/site_257_bowra-dry-a/downloaded_clips/site_257_item_1670408/site_257_item_1670408_clip_009.webm,165.883,176.495,10.612,afternoon,autumn,-0.5,-0.866025,1.0,0.0,autumn_afternoon
1670408_clip009_s001,resources/site_257_bowra-dry-a/downloaded_clips/site_257_item_1670408/site_257_item_1670408_clip_009.webm,177.586,190.589,13.003,afternoon,autumn,-0.5,-0.866025,1.0,0.0,autumn_afternoon
1670408_clip009_s002,resources/site_257_bowra-dry-a/downloaded_clips/site_257_item_1670408/site_257_item_1670408_clip_009.webm,228.206,254.769,26.564,afternoon,autumn,-0.5,-0.866025,1.0,0.0,autumn_afternoon
1670408_clip023_s000,resources/site_257_bowra-dry-a/downloaded_clips/site_257_item_1670408/site_257_item_1670408_clip_023.webm,207.981,219.127,11.146,afternoon,autumn,-0.5,-0.866025,1.0,0.0,autumn_afternoon
1670408_clip023_s001,resources/site_257_bowra-dry-a/downloaded_clips/site_257_item_1670408/site_257_item_1670408_clip_023.webm,224.374,236.379,12.005,afternoon,autumn,-0.5,-0.866025,1.0,0.0,autumn_afternoon
1672094_clip002_s000,resources/site_257_bowra-dry-a/downloaded_clips/site_257_item_1672094/site_257_item_1672094_clip_002.webm,27.423,40.031,12.608,afternoon,autumn,-0.258819,-0.965926,0.866025,-0.5,autumn_afternoon
1672094_clip002_s001,resources/site_257_bowra-dry-a/downloaded_clips/site_257_item_1672094/site_257_item_1672094_clip_002.webm,40.24,80.643,40.403,afternoon,autumn,-0.258819,-0.965926,0.866025,-0.5,autumn_afternoon
1672094_clip002_s002,resources/site_257_bowra-dry-a/downloaded_clips/site_257_item_1672094/site_257_item_1672094_clip_002.webm,86.959,101.703,14.745,afternoon,autumn,-0.258819,-0.965926,0.866025,-0.5,autumn_afternoon
1672094_clip002_s003,resources/site_257_bowra-dry-a/downloaded_clips/site_257_item_1672094/site_257_item_1672094_clip_002.webm,115.659,127.269,11.61,afternoon,autumn,-0.258819,-0.965926,0.866025,-0.5,autumn_afternoon
1672094_clip004_s000,resources/site_257_bowra-dry-a/downloaded_clips/site_257_item_1672094/site_257_item_1672094_clip_004.webm,268.539,279.545,11.006,afternoon,autumn,-0.258819,-0.965926,0.866025,-0.5,autumn_afternoon
1672094_clip005_s000,resources/site_257_bowra-dry-a/downloaded_clips/site_257_item_1672094/site_257_item_1672094_clip_005.webm,22.013,35.782,13.769,afternoon,autumn,-0.258819,-0.965926,0.866025,-0.5,autumn_afternoon
1672094_clip005_s001,resources/site_257_bowra-dry-a/downloaded_clips/site_257_item_1672094/site_257_item_1672094_clip_005.webm,41.866,57.307,15.441,afternoon,autumn,-0.258819,-0.965926,0.866025,-0.5,autumn_afternoon
1672094_clip005_s002,resources/site_257_bowra-dry-a/downloaded_clips/site_257_item_1672094/site_257_item_1672094_clip_005.webm,106.719,118.329,11.61,afternoon,autumn,-0.258819,-0.965926,0.866025,-0.5,autumn_afternoon
1672094_clip005_s003,resources/site_257_bowra-dry-a/downloaded_clips/site_257_item_1672094/site_257_item_1672094_clip_005.webm,210.233,220.497,10.263,afternoon,autumn,-0.258819,-0.965926,0.866025,-0.5,autumn_afternoon
1672094_clip005_s004,resources/site_257_bowra-dry-a/downloaded_clips/site_257_item_1672094/site_257_item_1672094_clip_005.webm,242.486,252.703,10.217,afternoon,autumn,-0.258819,-0.965926,0.866025,-0.5,autumn_afternoon
1672094_clip005_s005,resources/site_257_bowra-dry-a/downloaded_clips/site_257_item_1672094/site_257_item_1672094_clip_005.webm,252.912,266.24,13.328,afternoon,autumn,-0.258819,-0.965926,0.866025,-0.5,autumn_afternoon
1672094_clip006_s000,resources/site_257_bowra-dry-a/downloaded_clips/site_257_item_1672094/site_257_item_1672094_clip_006.webm,34.064,44.791,10.728,afternoon,autumn,-0.258819,-0.965926,0.866025,-0.5,autumn_afternoon
1672923_clip001_s000,resources/site_257_bowra-dry-a/downloaded_clips/site_257_item_1672923/site_257_item_1672923_clip_001.webm,76.556,105.535,28.979,afternoon,autumn,-0.258819,-0.965926,0.5,-0.866025,autumn_afternoon
1672923_clip001_s001,resources/site_257_bowra-dry-a/downloaded_clips/site_257_item_1672923/site_257_item_1672923_clip_001.webm,205.404,220.172,14.768,afternoon,autumn,-0.258819,-0.965926,0.5,-0.866025,autumn_afternoon
1676142_clip001_s000,resources/site_257_bowra-dry-a/downloaded_clips/site_257_item_1676142/site_257_item_1676142_clip_001.webm,108.112,129.033,20.921,afternoon,autumn,0.0,-1.0,0.866025,-0.5,autumn_afternoon
1676142_clip005_s000,resources/site_257_bowra-dry-a/downloaded_clips/site_257_item_1676142/site_257_item_1676142_clip_005.webm,11.424,25.217,13.793,afternoon,autumn,0.0,-1.0,0.866025,-0.5,autumn_afternoon
1676142_clip009_s000,resources/site_257_bowra-dry-a/downloaded_clips/site_257_item_1676142/site_257_item_1676142_clip_009.webm,140.574,150.767,10.194,afternoon,autumn,0.0,-1.0,0.866025,-0.5,autumn_afternoon
1676142_clip010_s000,resources/site_257_bowra-dry-a/downloaded_clips/site_257_item_1676142/site_257_item_1676142_clip_010.webm,224.792,235.636,10.844,afternoon,autumn,0.0,-1.0,0.866025,-0.5,autumn_afternoon
1676142_clip012_s000,resources/site_257_bowra-dry-a/downloaded_clips/site_257_item_1676142/site_257_item_1676142_clip_012.webm,217.617,232.757,15.139,afternoon,autumn,0.0,-1.0,0.866025,-0.5,autumn_afternoon
1676142_clip014_s000,resources/site_257_bowra-dry-a/downloaded_clips/site_257_item_1676142/site_257_item_1676142_clip_014.webm,28.282,40.171,11.889,afternoon,autumn,0.0,-1.0,0.866025,-0.5,autumn_afternoon
1676142_clip014_s001,resources/site_257_bowra-dry-a/downloaded_clips/site_257_item_1676142/site_257_item_1676142_clip_014.webm,72.144,82.663,10.519,afternoon,autumn,0.0,-1.0,0.866025,-0.5,autumn_afternoon
1676142_clip014_s002,resources/site_257_bowra-dry-a/downloaded_clips/site_257_item_1676142/site_257_item_1676142_clip_014.webm,92.555,102.772,10.217,afternoon,autumn,0.0,-1.0,0.866025,-0.5,autumn_afternoon
1676142_clip014_s003,resources/site_257_bowra-dry-a/downloaded_clips/site_257_item_1676142/site_257_item_1676142_clip_014.webm,208.26,223.492,15.232,afternoon,autumn,0.0,-1.0,0.866025,-0.5,autumn_afternoon
1676142_clip014_s004,resources/site_257_bowra-dry-a/downloaded_clips/site_257_item_1676142/site_257_item_1676142_clip_014.webm,259.808,271.79,11.981,afternoon,autumn,0.0,-1.0,0.866025,-0.5,autumn_afternoon
1676142_clip016_s000,resources/site_257_bowra-dry-a/downloaded_clips/site_257_item_1676142/site_257_item_1676142_clip_016.webm,103.77,117.423,13.653,afternoon,autumn,0.0,-1.0,0.866025,-0.5,autumn_afternoon
1676142_clip016_s001,resources/site_257_bowra-dry-a/downloaded_clips/site_257_item_1676142/site_257_item_1676142_clip_016.webm,123.135,136.139,13.003,afternoon,autumn,0.0,-1.0,0.866025,-0.5,autumn_afternoon
1676142_clip016_s002,resources/site_257_bowra-dry-a/downloaded_clips/site_257_item_1676142/site_257_item_1676142_clip_016.webm,169.808,188.523,18.715,afternoon,autumn,0.0,-1.0,0.866025,-0.5,autumn_afternoon
1679611_clip011_s000,resources/site_257_bowra-dry-a/downloaded_clips/site_257_item_1679611/site_257_item_1679611_clip_011.webm,95.898,108.693,12.794,afternoon,autumn,-0.5,-0.866025,1.0,0.0,autumn_afternoon
1681672_clip008_s000,resources/site_257_bowra-dry-a/downloaded_clips/site_257_item_1681672/site_257_item_1681672_clip_008.webm,133.747,147.795,14.048,afternoon,autumn,-0.5,-0.866025,0.5,-0.866025,autumn_afternoon
1681672_clip013_s000,resources/site_257_bowra-dry-a/downloaded_clips/site_257_item_1681672/site_257_item_1681672_clip_013.webm,229.111,239.839,10.728,afternoon,autumn,-0.5,-0.866025,0.5,-0.866025,autumn_afternoon
1681672_clip015_s000,resources/site_257_bowra-dry-a/downloaded_clips/site_257_item_1681672/site_257_item_1681672_clip_015.webm,80.782,91.44,10.658,afternoon,autumn,-0.5,-0.866025,0.5,-0.866025,autumn_afternoon
1681672_clip015_s001,resources/site_257_bowra-dry-a/downloaded_clips/site_257_item_1681672/site_257_item_1681672_clip_015.webm,111.27,132.098,20.828,afternoon,autumn,-0.5,-0.866025,0.5,-0.866025,autumn_afternoon
1681672_clip015_s002,resources/site_257_bowra-dry-a/downloaded_clips/site_257_item_1681672/site_257_item_1681672_clip_015.webm,136.951,161.657,24.706,afternoon,autumn,-0.5,-0.866025,0.5,-0.866025,autumn_afternoon
1681672_clip015_s003,resources/site_257_bowra-dry-a/downloaded_clips/site_257_item_1681672/site_257_item_1681672_clip_015.webm,169.413,192.749,23.336,afternoon,autumn,-0.5,-0.866025,0.5,-0.866025,autumn_afternoon
1681672_clip015_s004,resources/site_257_bowra-dry-a/downloaded_clips/site_257_item_1681672/site_257_item_1681672_clip_015.webm,212.37,227.393,15.023,afternoon,autumn,-0.5,-0.866025,0.5,-0.866025,autumn_afternoon
1681672_clip015_s005,resources/site_257_bowra-dry-a/downloaded_clips/site_257_item_1681672/site_257_item_1681672_clip_015.webm,234.104,258.159,24.056,afternoon,autumn,-0.5,-0.866025,0.5,-0.866025,autumn_afternoon
1681672_clip015_s006,resources/site_257_bowra-dry-a/downloaded_clips/site_257_item_1681672/site_257_item_1681672_clip_015.webm,263.407,300.025,36.618,afternoon,autumn,-0.5,-0.866025,0.5,-0.866025,autumn_afternoon
1681672_clip016_s000,resources/site_257_bowra-dry-a/downloaded_clips/site_257_item_1681672/site_257_item_1681672_clip_016.webm,21.873,33.646,11.773,afternoon,autumn,-0.5,-0.866025,0.5,-0.866025,autumn_afternoon
1681672_clip020_s000,resources/site_257_bowra-dry-a/downloaded_clips/site_257_item_1681672/site_257_item_1681672_clip_020.webm,268.33,283.028,14.698,afternoon,autumn,-0.5,-0.866025,0.5,-0.866025,autumn_afternoon
1681672_clip021_s000,resources/site_257_bowra-dry-a/downloaded_clips/site_257_item_1681672/site_257_item_1681672_clip_021.webm,6.455,17.694,11.238,afternoon,autumn,-0.5,-0.866025,0.5,-0.866025,autumn_afternoon
1681672_clip021_s001,resources/site_257_bowra-dry-a/downloaded_clips/site_257_item_1681672/site_257_item_1681672_clip_021.webm,47.74,63.948,16.208,afternoon,autumn,-0.5,-0.866025,0.5,-0.866025,autumn_afternoon
1681672_clip021_s002,resources/site_257_bowra-dry-a/downloaded_clips/site_257_item_1681672/site_257_item_1681672_clip_021.webm,108.878,123.043,14.164,afternoon,autumn,-0.5,-0.866025,0.5,-0.866025,autumn_afternoon
1681672_clip021_s003,resources/site_257_bowra-dry-a/downloaded_clips/site_257_item_1681672/site_257_item_1681672_clip_021.webm,138.995,152.811,13.816,afternoon,autumn,-0.5,-0.866025,0.5,-0.866025,autumn_afternoon
1681672_clip021_s004,resources/site_257_bowra-dry-a/downloaded_clips/site_257_item_1681672/site_257_item_1681672_clip_021.webm,176.913,188.407,11.494,afternoon,autumn,-0.5,-0.866025,0.5,-0.866025,autumn_afternoon
1681672_clip021_s005,resources/site_257_bowra-dry-a/downloaded_clips/site_257_item_1681672/site_257_item_1681672_clip_021.webm,203.802,215.946,12.144,afternoon,autumn,-0.5,-0.866025,0.5,-0.866025,autumn_afternoon
1681672_clip021_s006,resources/site_257_bowra-dry-a/downloaded_clips/site_257_item_1681672/site_257_item_1681672_clip_021.webm,230.087,247.734,17.647,afternoon,autumn,-0.5,-0.866025,0.5,-0.866025,autumn_afternoon
1681672_clip021_s007,resources/site_257_bowra-dry-a/downloaded_clips/site_257_item_1681672/site_257_item_1681672_clip_021.webm,281.472,295.219,13.746,afternoon,autumn,-0.5,-0.866025,0.5,-0.866025,autumn_afternoon
1681672_clip022_s000,resources/site_257_bowra-dry-a/downloaded_clips/site_257_item_1681672/site_257_item_1681672_clip_022.webm,204.382,215.644,11.262,afternoon,autumn,-0.5,-0.866025,0.5,-0.866025,autumn_afternoon
1681672_clip022_s001,resources/site_257_bowra-dry-a/downloaded_clips/site_257_item_1681672/site_257_item_1681672_clip_022.webm,285.28,300.025,14.745,afternoon,autumn,-0.5,-0.866025,0.5,-0.866025,autumn_afternoon
1681672_clip023_s000,resources/site_257_bowra-dry-a/downloaded_clips/site_257_item_1681672/site_257_item_1681672_clip_023.webm,8.499,20.155,11.656,afternoon,autumn,-0.5,-0.866025,0.5,-0.866025,autumn_afternoon
216095_clip001_s000,resources/site_257_bowra-dry-a/downloaded_clips/site_257_item_216095/site_257_item_216095_clip_001.webm,231.596,248.686,17.09,afternoon,autumn,-0.5,-0.866025,1.0,0.0,autumn_afternoon
216095_clip003_s000,resources/site_257_bowra-dry-a/downloaded_clips/site_257_item_216095/site_257_item_216095_clip_003.webm,157.338,168.368,11.029,afternoon,autumn,-0.5,-0.866025,1.0,0.0,autumn_afternoon
216095_clip006_s000,resources/site_257_bowra-dry-a/downloaded_clips/site_257_item_216095/site_257_item_216095_clip_006.webm,6.757,16.858,10.101,afternoon,autumn,-0.5,-0.866025,1.0,0.0,autumn_afternoon
216095_clip006_s001,resources/site_257_bowra-dry-a/downloaded_clips/site_257_item_216095/site_257_item_216095_clip_006.webm,46.579,58.12,11.54,afternoon,autumn,-0.5,-0.866025,1.0,0.0,autumn_afternoon
216095_clip007_s000,resources/site_257_bowra-dry-a/downloaded_clips/site_257_item_216095/site_257_item_216095_clip_007.webm,95.434,107.903,12.469,afternoon,autumn,-0.5,-0.866025,1.0,0.0,autumn_afternoon
216095_clip007_s001,resources/site_257_bowra-dry-a/downloaded_clips/site_257_item_216095/site_257_item_216095_clip_007.webm,143.337,154.204,10.867,afternoon,autumn,-0.5,-0.866025,1.0,0.0,autumn_afternoon
216095_clip010_s000,resources/site_257_bowra-dry-a/downloaded_clips/site_257_item_216095/site_257_item_216095_clip_010.webm,38.383,48.506,10.124,afternoon,autumn,-0.5,-0.866025,1.0,0.0,autumn_afternoon
216095_clip010_s001,resources/site_257_bowra-dry-a/downloaded_clips/site_257_item_216095/site_257_item_216095_clip_010.webm,259.042,271.302,12.26,afternoon,autumn,-0.5,-0.866025,1.0,0.0,autumn_afternoon
216095_clip011_s000,resources/site_257_bowra-dry-a/downloaded_clips/site_257_item_216095/site_257_item_216095_clip_011.webm,132.679,145.38,12.701,afternoon,autumn,-0.5,-0.866025,1.0,0.0,autumn_afternoon
216095_clip011_s001,resources/site_257_bowra-dry-a/downloaded_clips/site_257_item_216095/site_257_item_216095_clip_011.webm,170.365,186.085,15.72,afternoon,autumn,-0.5,-0.866025,1.0,0.0,autumn_afternoon
216095_clip012_s000,resources/site_257_bowra-dry-a/downloaded_clips/site_257_item_216095/site_257_item_216095_clip_012.webm,208.98,225.117,16.138,afternoon,autumn,-0.5,-0.866025,1.0,0.0,autumn_afternoon
216095_clip016_s000,resources/site_257_bowra-dry-a/downloaded_clips/site_257_item_216095/site_257_item_216095_clip_016.webm,103.863,116.448,12.585,afternoon,autumn,-0.5,-0.866025,1.0,0.0,autumn_afternoon
216095_clip016_s001,resources/site_257_bowra-dry-a/downloaded_clips/site_257_item_216095/site_257_item_216095_clip_016.webm,173.082,184.366,11.285,afternoon,autumn,-0.5,-0.866025,1.0,0.0,autumn_afternoon
216095_clip016_s002,resources/site_257_bowra-dry-a/downloaded_clips/site_257_item_216095/site_257_item_216095_clip_016.webm,223.422,235.961,12.539,afternoon,autumn,-0.5,-0.866025,1.0,0.0,autumn_afternoon
216095_clip016_s003,resources/site_257_bowra-dry-a/downloaded_clips/site_257_item_216095/site_257_item_216095_clip_016.webm,278.361,289.228,10.867,afternoon,autumn,-0.5,-0.866025,1.0,0.0,autumn_afternoon
216095_clip017_s000,resources/site_257_bowra-dry-a/downloaded_clips/site_257_item_216095/site_257_item_216095_clip_017.webm,125.457,136.905,11.447,afternoon,autumn,-0.5,-0.866025,1.0,0.0,autumn_afternoon
216301_clip012_s000,resources/site_257_bowra-dry-a/downloaded_clips/site_257_item_216301/site_257_item_216301_clip_012.webm,197.648,207.656,10.008,afternoon,autumn,-0.5,-0.866025,1.0,0.0,autumn_afternoon
216301_clip015_s000,resources/site_257_bowra-dry-a/downloaded_clips/site_257_item_216301/site_257_item_216301_clip_015.webm,23.15,34.342,11.192,afternoon,autumn,-0.5,-0.866025,1.0,0.0,autumn_afternoon
216470_clip010_s000,resources/site_257_bowra-dry-a/downloaded_clips/site_257_item_216470/site_257_item_216470_clip_010.webm,230.133,240.675,10.542,afternoon,autumn,-0.5,-0.866025,0.866025,-0.5,autumn_afternoon
216470_clip018_s000,resources/site_257_bowra-dry-a/downloaded_clips/site_257_item_216470/site_257_item_216470_clip_018.webm,239.537,251.774,12.237,afternoon,autumn,-0.5,-0.866025,0.866025,-0.5,autumn_afternoon
216470_clip019_s000,resources/site_257_bowra-dry-a/downloaded_clips/site_257_item_216470/site_257_item_216470_clip_019.webm,164.304,175.729,11.424,afternoon,autumn,-0.5,-0.866025,0.866025,-0.5,autumn_afternoon
216470_clip022_s000,resources/site_257_bowra-dry-a/downloaded_clips/site_257_item_216470/site_257_item_216470_clip_022.webm,190.45,201.433,10.983,afternoon,autumn,-0.5,-0.866025,0.866025,-0.5,autumn_afternoon
216601_clip007_s000,resources/site_257_bowra-dry-a/downloaded_clips/site_257_item_216601/site_257_item_216601_clip_007.webm,256.813,267.447,10.635,afternoon,autumn,-0.5,-0.866025,0.866025,-0.5,autumn_afternoon
216143_clip002_s000,resources/site_257_bowra-dry-a/downloaded_clips/site_257_item_216143/site_257_item_216143_clip_002.webm,17.113,28.212,11.099,afternoon,autumn,-0.5,-0.866025,1.0,0.0,autumn_afternoon
216143_clip006_s000,resources/site_257_bowra-dry-a/downloaded_clips/site_257_item_216143/site_257_item_216143_clip_006.webm,266.797,281.263,14.466,afternoon,autumn,-0.5,-0.866025,1.0,0.0,autumn_afternoon
216143_clip009_s000,resources/site_257_bowra-dry-a/downloaded_clips/site_257_item_216143/site_257_item_216143_clip_009.webm,99.103,110.272,11.169,afternoon,autumn,-0.5,-0.866025,1.0,0.0,autumn_afternoon
216143_clip013_s000,resources/site_257_bowra-dry-a/downloaded_clips/site_257_item_216143/site_257_item_216143_clip_013.webm,67.152,77.253,10.101,afternoon,autumn,-0.5,-0.866025,1.0,0.0,autumn_afternoon
216281_clip009_s000,resources/site_257_bowra-dry-a/downloaded_clips/site_257_item_216281/site_257_item_216281_clip_009.webm,262.827,274.251,11.424,afternoon,autumn,-0.5,-0.866025,1.0,0.0,autumn_afternoon
216281_clip010_s000,resources/site_257_bowra-dry-a/downloaded_clips/site_257_item_216281/site_257_item_216281_clip_010.webm,168.879,181.557,12.678,afternoon,autumn,-0.5,-0.866025,1.0,0.0,autumn_afternoon
216281_clip021_s000,resources/site_257_bowra-dry-a/downloaded_clips/site_257_item_216281/site_257_item_216281_clip_021.webm,16.509,26.819,10.31,afternoon,autumn,-0.5,-0.866025,1.0,0.0,autumn_afternoon
216579_clip003_s000,resources/site_257_bowra-dry-a/downloaded_clips/site_257_item_216579/site_257_item_216579_clip_003.webm,187.037,197.811,10.774,afternoon,autumn,-0.5,-0.866025,0.866025,-0.5,autumn_afternoon
216579_clip008_s000,resources/site_257_bowra-dry-a/downloaded_clips/site_257_item_216579/site_257_item_216579_clip_008.webm,171.479,184.459,12.98,afternoon,autumn,-0.5,-0.866025,0.866025,-0.5,autumn_afternoon
216598_clip004_s000,resources/site_257_bowra-dry-a/downloaded_clips/site_257_item_216598/site_257_item_216598_clip_004.webm,108.344,119.42,11.076,afternoon,autumn,0.0,-1.0,0.866025,-0.5,autumn_afternoon
216598_clip011_s000,resources/site_257_bowra-dry-a/downloaded_clips/site_257_item_216598/site_257_item_216598_clip_011.webm,120.442,131.17,10.728,afternoon,autumn,0.0,-1.0,0.866025,-0.5,autumn_afternoon
216598_clip011_s001,resources/site_257_bowra-dry-a/downloaded_clips/site_257_item_216598/site_257_item_216598_clip_011.webm,178.747,189.823,11.076,afternoon,autumn,0.0,-1.0,0.866025,-0.5,autumn_afternoon
216598_clip021_s000,resources/site_257_bowra-dry-a/downloaded_clips/site_257_item_216598/site_257_item_216598_clip_021.webm,132.934,145.403,12.469,afternoon,autumn,0.0,-1.0,0.866025,-0.5,autumn_afternoon
216626_clip013_s000,resources/site_257_bowra-dry-a/downloaded_clips/site_257_item_216626/site_257_item_216626_clip_013.webm,60.86,73.166,12.307,afternoon,autumn,-0.5,-0.866025,0.866025,-0.5,autumn_afternoon
216626_clip017_s000,resources/site_257_bowra-dry-a/downloaded_clips/site_257_item_216626/site_257_item_216626_clip_017.webm,104.118,114.73,10.612,afternoon,autumn,-0.5,-0.866025,0.866025,-0.5,autumn_afternoon
1312965_clip002_s000,resources/site_257_bowra-dry-a/downloaded_clips/site_257_item_1312965/site_257_item_1312965_clip_002.webm,243.972,254.467,10.495,afternoon,autumn,-0.5,-0.866025,0.866025,-0.5,autumn_afternoon
1312965_clip010_s000,resources/site_257_bowra-dry-a/downloaded_clips/site_257_item_1312965/site_257_item_1312965_clip_010.webm,192.192,202.571,10.379,afternoon,autumn,-0.5,-0.866025,0.866025,-0.5,autumn_afternoon
1312965_clip010_s001,resources/site_257_bowra-dry-a/downloaded_clips/site_257_item_1312965/site_257_item_1312965_clip_010.webm,242.858,254.166,11.308,afternoon,autumn,-0.5,-0.866025,0.866025,-0.5,autumn_afternoon
1312965_clip011_s000,resources/site_257_bowra-dry-a/downloaded_clips/site_257_item_1312965/site_257_item_1312965_clip_011.webm,67.454,77.764,10.31,afternoon,autumn,-0.5,-0.866025,0.866025,-0.5,autumn_afternoon
1312965_clip012_s000,resources/site_257_bowra-dry-a/downloaded_clips/site_257_item_1312965/site_257_item_1312965_clip_012.webm,262.339,272.579,10.24,afternoon,autumn,-0.5,-0.866025,0.866025,-0.5,autumn_afternoon
1312965_clip017_s000,resources/site_257_bowra-dry-a/downloaded_clips/site_257_item_1312965/site_257_item_1312965_clip_017.webm,12.005,23.034,11.029,afternoon,autumn,-0.5,-0.866025,0.866025,-0.5,autumn_afternoon
1312965_clip020_s000,resources/site_257_bowra-dry-a/downloaded_clips/site_257_item_1312965/site_257_item_1312965_clip_020.webm,162.47,172.64,10.17,afternoon,autumn,-0.5,-0.866025,0.866025,-0.5,autumn_afternoon
1312965_clip021_s000,resources/site_257_bowra-dry-a/downloaded_clips/site_257_item_1312965/site_257_item_1312965_clip_021.webm,10.635,20.759,10.124,afternoon,autumn,-0.5,-0.866025,0.866025,-0.5,autumn_afternoon
1312965_clip021_s001,resources/site_257_bowra-dry-a/downloaded_clips/site_257_item_1312965/site_257_item_1312965_clip_021.webm,117.052,127.57,10.519,afternoon,autumn,-0.5,-0.866025,0.866025,-0.5,autumn_afternoon
1313103_clip001_s000,resources/site_257_bowra-dry-a/downloaded_clips/site_257_item_1313103/site_257_item_1313103_clip_001.webm,233.848,248.036,14.187,afternoon,autumn,-0.5,-0.866025,0.866025,-0.5,autumn_afternoon
1313103_clip005_s000,resources/site_257_bowra-dry-a/downloaded_clips/site_257_item_1313103/site_257_item_1313103_clip_005.webm,234.8,245.342,10.542,afternoon,autumn,-0.5,-0.866025,0.866025,-0.5,autumn_afternoon
1313103_clip009_s000,resources/site_257_bowra-dry-a/downloaded_clips/site_257_item_1313103/site_257_item_1313103_clip_009.webm,59.164,73.445,14.28,afternoon,autumn,-0.5,-0.866025,0.866025,-0.5,autumn_afternoon
1313103_clip009_s001,resources/site_257_bowra-dry-a/downloaded_clips/site_257_item_1313103/site_257_item_1313103_clip_009.webm,166.696,181.65,14.954,afternoon,autumn,-0.5,-0.866025,0.866025,-0.5,autumn_afternoon
1313103_clip009_s002,resources/site_257_bowra-dry-a/downloaded_clips/site_257_item_1313103/site_257_item_1313103_clip_009.webm,250.334,266.008,15.673,afternoon,autumn,-0.5,-0.866025,0.866025,-0.5,autumn_afternoon
1313103_clip010_s000,resources/site_257_bowra-dry-a/downloaded_clips/site_257_item_1313103/site_257_item_1313103_clip_010.webm,37.849,51.13,13.282,afternoon,autumn,-0.5,-0.866025,0.866025,-0.5,autumn_afternoon
1313103_clip010_s001,resources/site_257_bowra-dry-a/downloaded_clips/site_257_item_1313103/site_257_item_1313103_clip_010.webm,57.051,70.078,13.026,afternoon,autumn,-0.5,-0.866025,0.866025,-0.5,autumn_afternoon
1313103_clip010_s002,resources/site_257_bowra-dry-a/downloaded_clips/site_257_item_1313103/site_257_item_1313103_clip_010.webm,153.461,171.479,18.019,afternoon,autumn,-0.5,-0.866025,0.866025,-0.5,autumn_afternoon
1313103_clip011_s000,resources/site_257_bowra-dry-a/downloaded_clips/site_257_item_1313103/site_257_item_1313103_clip_011.webm,38.011,56.053,18.042,afternoon,autumn,-0.5,-0.866025,0.866025,-0.5,autumn_afternoon
1313103_clip011_s001,resources/site_257_bowra-dry-a/downloaded_clips/site_257_item_1313103/site_257_item_1313103_clip_011.webm,77.021,87.609,10.588,afternoon,autumn,-0.5,-0.866025,0.866025,-0.5,autumn_afternoon
1313103_clip011_s002,resources/site_257_bowra-dry-a/downloaded_clips/site_257_item_1313103/site_257_item_1313103_clip_011.webm,101.471,113.569,12.098,afternoon,autumn,-0.5,-0.866025,0.866025,-0.5,autumn_afternoon
1313103_clip011_s003,resources/site_257_bowra-dry-a/downloaded_clips/site_257_item_1313103/site_257_item_1313103_clip_011.webm,148.608,183.716,35.109,afternoon,autumn,-0.5,-0.866025,0.866025,-0.5,autumn_afternoon
1313103_clip013_s000,resources/site_257_bowra-dry-a/downloaded_clips/site_257_item_1313103/site_257_item_1313103_clip_013.webm,76.579,129.823,53.243,afternoon,autumn,-0.5,-0.866025,0.866025,-0.5,autumn_afternoon
1313103_clip013_s001,resources/site_257_bowra-dry-a/downloaded_clips/site_257_item_1313103/site_257_item_1313103_clip_013.webm,219.707,233.407,13.7,afternoon,autumn,-0.5,-0.866025,0.866025,-0.5,autumn_afternoon
1313103_clip013_s002,resources/site_257_bowra-dry-a/downloaded_clips/site_257_item_1313103/site_257_item_1313103_clip_013.webm,233.732,244.111,10.379,afternoon,autumn,-0.5,-0.866025,0.866025,-0.5,autumn_afternoon
1313103_clip013_s003,resources/site_257_bowra-dry-a/downloaded_clips/site_257_item_1313103/site_257_item_1313103_clip_013.webm,250.659,262.362,11.703,afternoon,autumn,-0.5,-0.866025,0.866025,-0.5,autumn_afternoon
1313103_clip014_s000,resources/site_257_bowra-dry-a/downloaded_clips/site_257_item_1313103/site_257_item_1313103_clip_014.webm,110.132,120.535,10.403,afternoon,autumn,-0.5,-0.866025,0.866025,-0.5,autumn_afternoon
1313103_clip014_s001,resources/site_257_bowra-dry-a/downloaded_clips/site_257_item_1313103/site_257_item_1313103_clip_014.webm,153.716,164.56,10.844,afternoon,autumn,-0.5,-0.866025,0.866025,-0.5,autumn_afternoon
1313103_clip016_s000,resources/site_257_bowra-dry-a/downloaded_clips/site_257_item_1313103/site_257_item_1313103_clip_016.webm,114.126,126.131,12.005,afternoon,autumn,-0.5,-0.866025,0.866025,-0.5,autumn_afternoon
1313103_clip016_s001,resources/site_257_bowra-dry-a/downloaded_clips/site_257_item_1313103/site_257_item_1313103_clip_016.webm,197.555,210.605,13.05,afternoon,autumn,-0.5,-0.866025,0.866025,-0.5,autumn_afternoon
1313103_clip017_s000,resources/site_257_bowra-dry-a/downloaded_clips/site_257_item_1313103/site_257_item_1313103_clip_017.webm,0.116,13.189,13.073,afternoon,autumn,-0.5,-0.866025,0.866025,-0.5,autumn_afternoon
1313103_clip017_s001,resources/site_257_bowra-dry-a/downloaded_clips/site_257_item_1313103/site_257_item_1313103_clip_017.webm,42.121,63.205,21.084,afternoon,autumn,-0.5,-0.866025,0.866025,-0.5,autumn_afternoon
1313103_clip017_s002,resources/site_257_bowra-dry-a/downloaded_clips/site_257_item_1313103/site_257_item_1313103_clip_017.webm,155.574,171.572,15.999,afternoon,autumn,-0.5,-0.866025,0.866025,-0.5,autumn_afternoon
1313103_clip017_s003,resources/site_257_bowra-dry-a/downloaded_clips/site_257_item_1313103/site_257_item_1313103_clip_017.webm,172.176,183.089,10.913,afternoon,autumn,-0.5,-0.866025,0.866025,-0.5,autumn_afternoon
1313103_clip018_s000,resources/site_257_bowra-dry-a/downloaded_clips/site_257_item_1313103/site_257_item_1313103_clip_018.webm,0.0,57.678,57.678,afternoon,autumn,-0.5,-0.866025,0.866025,-0.5,autumn_afternoon
1313103_clip019_s000,resources/site_257_bowra-dry-a/downloaded_clips/site_257_item_1313103/site_257_item_1313103_clip_019.webm,204.127,215.713,11.587,afternoon,autumn,-0.5,-0.866025,0.866025,-0.5,autumn_afternoon
1313103_clip020_s000,resources/site_257_bowra-dry-a/downloaded_clips/site_257_item_1313103/site_257_item_1313103_clip_020.webm,14.698,24.729,10.031,afternoon,autumn,-0.5,-0.866025,0.866025,-0.5,autumn_afternoon
1313103_clip020_s001,resources/site_257_bowra-dry-a/downloaded_clips/site_257_item_1313103/site_257_item_1313103_clip_020.webm,54.544,64.668,10.124,afternoon,autumn,-0.5,-0.866025,0.866025,-0.5,autumn_afternoon
1313103_clip020_s002,resources/site_257_bowra-dry-a/downloaded_clips/site_257_item_1313103/site_257_item_1313103_clip_020.webm,114.73,127.06,12.33,afternoon,autumn,-0.5,-0.866025,0.866025,-0.5,autumn_afternoon
1313103_clip020_s003,resources/site_257_bowra-dry-a/downloaded_clips/site_257_item_1313103/site_257_item_1313103_clip_020.webm,288.508,299.909,11.401,afternoon,autumn,-0.5,-0.866025,0.866025,-0.5,autumn_afternoon
1313103_clip021_s000,resources/site_257_bowra-dry-a/downloaded_clips/site_257_item_1313103/site_257_item_1313103_clip_021.webm,146.077,156.294,10.217,afternoon,autumn,-0.5,-0.866025,0.866025,-0.5,autumn_afternoon
1313103_clip022_s000,resources/site_257_bowra-dry-a/downloaded_clips/site_257_item_1313103/site_257_item_1313103_clip_022.webm,91.115,107.88,16.765,afternoon,autumn,-0.5,-0.866025,0.866025,-0.5,autumn_afternoon
1313103_clip022_s001,resources/site_257_bowra-dry-a/downloaded_clips/site_257_item_1313103/site_257_item_1313103_clip_022.webm,114.405,128.406,14.002,afternoon,autumn,-0.5,-0.866025,0.866025,-0.5,autumn_afternoon
1313103_clip022_s002,resources/site_257_bowra-dry-a/downloaded_clips/site_257_item_1313103/site_257_item_1313103_clip_022.webm,139.18,155.458,16.277,afternoon,autumn,-0.5,-0.866025,0.866025,-0.5,autumn_afternoon
1313103_clip023_s000,resources/site_257_bowra-dry-a/downloaded_clips/site_257_item_1313103/site_257_item_1313103_clip_023.webm,124.273,135.442,11.169,afternoon,autumn,-0.5,-0.866025,0.866025,-0.5,autumn_afternoon
1313103_clip023_s001,resources/site_257_bowra-dry-a/downloaded_clips/site_257_item_1313103/site_257_item_1313103_clip_023.webm,153.461,164.003,10.542,afternoon,autumn,-0.5,-0.866025,0.866025,-0.5,autumn_afternoon
1313103_clip023_s002,resources/site_257_bowra-dry-a/downloaded_clips/site_257_item_1313103/site_257_item_1313103_clip_023.webm,230.272,254.909,24.636,afternoon,autumn,-0.5,-0.866025,0.866025,-0.5,autumn_afternoon
1313103_clip024_s000,resources/site_257_bowra-dry-a/downloaded_clips/site_257_item_1313103/site_257_item_1313103_clip_024.webm,174.893,187.757,12.864,afternoon,autumn,-0.5,-0.866025,0.866025,-0.5,autumn_afternoon
1313156_clip008_s000,resources/site_257_bowra-dry-a/downloaded_clips/site_257_item_1313156/site_257_item_1313156_clip_008.webm,210.907,222.378,11.471,afternoon,autumn,-0.5,-0.866025,0.866025,-0.5,autumn_afternoon
1313156_clip013_s000,resources/site_257_bowra-dry-a/downloaded_clips/site_257_item_1313156/site_257_item_1313156_clip_013.webm,14.234,30.418,16.184,afternoon,autumn,-0.5,-0.866025,0.866025,-0.5,autumn_afternoon
1313156_clip013_s001,resources/site_257_bowra-dry-a/downloaded_clips/site_257_item_1313156/site_257_item_1313156_clip_013.webm,35.736,50.991,15.256,afternoon,autumn,-0.5,-0.866025,0.866025,-0.5,autumn_afternoon
1313156_clip023_s000,resources/site_257_bowra-dry-a/downloaded_clips/site_257_item_1313156/site_257_item_1313156_clip_023.webm,60.86,73.236,12.376,afternoon,autumn,-0.5,-0.866025,0.866025,-0.5,autumn_afternoon
1313156_clip024_s000,resources/site_257_bowra-dry-a/downloaded_clips/site_257_item_1313156/site_257_item_1313156_clip_024.webm,197.393,216.155,18.762,afternoon,autumn,-0.5,-0.866025,0.866025,-0.5,autumn_afternoon
1313156_clip024_s001,resources/site_257_bowra-dry-a/downloaded_clips/site_257_item_1313156/site_257_item_1313156_clip_024.webm,217.06,228.67,11.61,afternoon,autumn,-0.5,-0.866025,0.866025,-0.5,autumn_afternoon
1313424_clip006_s000,resources/site_257_bowra-dry-a/downloaded_clips/site_257_item_1313424/site_257_item_1313424_clip_006.webm,158.801,170.992,12.19,afternoon,autumn,-0.5,-0.866025,0.866025,-0.5,autumn_afternoon
1313424_clip012_s000,resources/site_257_bowra-dry-a/downloaded_clips/site_257_item_1313424/site_257_item_1313424_clip_012.webm,118.933,128.964,10.031,afternoon,autumn,-0.5,-0.866025,0.866025,-0.5,autumn_afternoon
1313424_clip018_s000,resources/site_257_bowra-dry-a/downloaded_clips/site_257_item_1313424/site_257_item_1313424_clip_018.webm,263.152,276.991,13.839,afternoon,autumn,-0.5,-0.866025,0.866025,-0.5,autumn_afternoon
1313424_clip021_s000,resources/site_257_bowra-dry-a/downloaded_clips/site_257_item_1313424/site_257_item_1313424_clip_021.webm,190.52,200.945,10.426,afternoon,autumn,-0.5,-0.866025,0.866025,-0.5,autumn_afternoon
1313424_clip021_s001,resources/site_257_bowra-dry-a/downloaded_clips/site_257_item_1313424/site_257_item_1313424_clip_021.webm,212.509,223.097,10.588,afternoon,autumn,-0.5,-0.866025,0.866025,-0.5,autumn_afternoon
1401998_clip015_s000,resources/site_257_bowra-dry-a/downloaded_clips/site_257_item_1401998/site_257_item_1401998_clip_015.webm,159.684,170.806,11.122,afternoon,autumn,-0.5,-0.866025,1.0,0.0,autumn_afternoon
1401998_clip022_s000,resources/site_257_bowra-dry-a/downloaded_clips/site_257_item_1401998/site_257_item_1401998_clip_022.webm,184.483,195.28,10.797,afternoon,autumn,-0.5,-0.866025,1.0,0.0,autumn_afternoon
1401998_clip023_s000,resources/site_257_bowra-dry-a/downloaded_clips/site_257_item_1401998/site_257_item_1401998_clip_023.webm,275.598,286.79,11.192,afternoon,autumn,-0.5,-0.866025,1.0,0.0,autumn_afternoon
1403164_clip007_s000,resources/site_257_bowra-dry-a/downloaded_clips/site_257_item_1403164/site_257_item_1403164_clip_007.webm,191.797,202.199,10.403,afternoon,autumn,0.0,-1.0,1.0,0.0,autumn_afternoon
1403164_clip017_s000,resources/site_257_bowra-dry-a/downloaded_clips/site_257_item_1403164/site_257_item_1403164_clip_017.webm,32.74,57.725,24.985,afternoon,autumn,0.0,-1.0,1.0,0.0,autumn_afternoon
1403164_clip017_s001,resources/site_257_bowra-dry-a/downloaded_clips/site_257_item_1403164/site_257_item_1403164_clip_017.webm,60.906,82.524,21.618,afternoon,autumn,0.0,-1.0,1.0,0.0,autumn_afternoon
1403164_clip017_s002,resources/site_257_bowra-dry-a/downloaded_clips/site_257_item_1403164/site_257_item_1403164_clip_017.webm,85.217,96.061,10.844,afternoon,autumn,0.0,-1.0,1.0,0.0,autumn_afternoon
1403164_clip018_s000,resources/site_257_bowra-dry-a/downloaded_clips/site_257_item_1403164/site_257_item_1403164_clip_018.webm,6.409,23.824,17.415,afternoon,autumn,0.0,-1.0,1.0,0.0,autumn_afternoon
1403164_clip018_s001,resources/site_257_bowra-dry-a/downloaded_clips/site_257_item_1403164/site_257_item_1403164_clip_018.webm,70.008,80.898,10.89,afternoon,autumn,0.0,-1.0,1.0,0.0,autumn_afternoon
1535890_clip005_s000,resources/site_257_bowra-dry-a/downloaded_clips/site_257_item_1535890/site_257_item_1535890_clip_005.webm,45.627,55.728,10.101,afternoon,autumn,-0.258819,-0.965926,1.0,0.0,autumn_afternoon
1535252_clip007_s000,resources/site_257_bowra-dry-a/downloaded_clips/site_257_item_1535252/site_257_item_1535252_clip_007.webm,40.542,53.452,12.91,afternoon,autumn,-0.5,-0.866025,0.5,-0.866025,autumn_afternoon
1535252_clip014_s000,resources/site_257_bowra-dry-a/downloaded_clips/site_257_item_1535252/site_257_item_1535252_clip_014.webm,51.734,63.901,12.167,afternoon,autumn,-0.5,-0.866025,0.5,-0.866025,autumn_afternoon
1535252_clip014_s001,resources/site_257_bowra-dry-a/downloaded_clips/site_257_item_1535252/site_257_item_1535252_clip_014.webm,211.302,223.492,12.19,afternoon,autumn,-0.5,-0.866025,0.5,-0.866025,autumn_afternoon
1535344_clip006_s000,resources/site_257_bowra-dry-a/downloaded_clips/site_257_item_1535344/site_257_item_1535344_clip_006.webm,165.907,185.969,20.062,afternoon,autumn,-0.5,-0.866025,0.866025,-0.5,autumn_afternoon
1535344_clip011_s000,resources/site_257_bowra-dry-a/downloaded_clips/site_257_item_1535344/site_257_item_1535344_clip_011.webm,227.532,238.515,10.983,afternoon,autumn,-0.5,-0.866025,0.866025,-0.5,autumn_afternoon
1535344_clip013_s000,resources/site_257_bowra-dry-a/downloaded_clips/site_257_item_1535344/site_257_item_1535344_clip_013.webm,39.753,50.62,10.867,afternoon,autumn,-0.5,-0.866025,0.866025,-0.5,autumn_afternoon
1535344_clip016_s000,resources/site_257_bowra-dry-a/downloaded_clips/site_257_item_1535344/site_257_item_1535344_clip_016.webm,150.814,164.003,13.189,afternoon,autumn,-0.5,-0.866025,0.866025,-0.5,autumn_afternoon
1535344_clip017_s000,resources/site_257_bowra-dry-a/downloaded_clips/site_257_item_1535344/site_257_item_1535344_clip_017.webm,193.863,204.034,10.17,afternoon,autumn,-0.5,-0.866025,0.866025,-0.5,autumn_afternoon
1535344_clip017_s001,resources/site_257_bowra-dry-a/downloaded_clips/site_257_item_1535344/site_257_item_1535344_clip_017.webm,247.478,257.486,10.008,afternoon,autumn,-0.5,-0.866025,0.866025,-0.5,autumn_afternoon
1535344_clip017_s002,resources/site_257_bowra-dry-a/downloaded_clips/site_257_item_1535344/site_257_item_1535344_clip_017.webm,286.79,298.191,11.401,afternoon,autumn,-0.5,-0.866025,0.866025,-0.5,autumn_afternoon
1535344_clip018_s000,resources/site_257_bowra-dry-a/downloaded_clips/site_257_item_1535344/site_257_item_1535344_clip_018.webm,12.353,22.407,10.054,afternoon,autumn,-0.5,-0.866025,0.866025,-0.5,autumn_afternoon
1535344_clip018_s001,resources/site_257_bowra-dry-a/downloaded_clips/site_257_item_1535344/site_257_item_1535344_clip_018.webm,94.97,107.741,12.771,afternoon,autumn,-0.5,-0.866025,0.866025,-0.5,autumn_afternoon
1535344_clip018_s002,resources/site_257_bowra-dry-a/downloaded_clips/site_257_item_1535344/site_257_item_1535344_clip_018.webm,126.665,137.369,10.704,afternoon,autumn,-0.5,-0.866025,0.866025,-0.5,autumn_afternoon
1535344_clip018_s003,resources/site_257_bowra-dry-a/downloaded_clips/site_257_item_1535344/site_257_item_1535344_clip_018.webm,247.014,257.95,10.937,afternoon,autumn,-0.5,-0.866025,0.866025,-0.5,autumn_afternoon
1535344_clip019_s000,resources/site_257_bowra-dry-a/downloaded_clips/site_257_item_1535344/site_257_item_1535344_clip_019.webm,190.705,205.915,15.209,afternoon,autumn,-0.5,-0.866025,0.866025,-0.5,autumn_afternoon
1535344_clip019_s001,resources/site_257_bowra-dry-a/downloaded_clips/site_257_item_1535344/site_257_item_1535344_clip_019.webm,225.164,258.02,32.856,afternoon,autumn,-0.5,-0.866025,0.866025,-0.5,autumn_afternoon
1535344_clip024_s000,resources/site_257_bowra-dry-a/downloaded_clips/site_257_item_1535344/site_257_item_1535344_clip_024.webm,61.812,74.582,12.771,afternoon,autumn,-0.5,-0.866025,0.866025,-0.5,autumn_afternoon
1535402_clip006_s000,resources/site_257_bowra-dry-a/downloaded_clips/site_257_item_1535402/site_257_item_1535402_clip_006.webm,36.734,49.714,12.98,afternoon,autumn,-0.5,-0.866025,0.5,-0.866025,autumn_afternoon
1535402_clip011_s000,resources/site_257_bowra-dry-a/downloaded_clips/site_257_item_1535402/site_257_item_1535402_clip_011.webm,217.501,230.504,13.003,afternoon,autumn,-0.5,-0.866025,0.5,-0.866025,autumn_afternoon
1535402_clip017_s000,resources/site_257_bowra-dry-a/downloaded_clips/site_257_item_1535402/site_257_item_1535402_clip_017.webm,69.149,79.389,10.24,afternoon,autumn,-0.5,-0.866025,0.5,-0.866025,autumn_afternoon
1535402_clip017_s001,resources/site_257_bowra-dry-a/downloaded_clips/site_257_item_1535402/site_257_item_1535402_clip_017.webm,143.801,153.995,10.194,afternoon,autumn,-0.5,-0.866025,0.5,-0.866025,autumn_afternoon
1535402_clip018_s000,resources/site_257_bowra-dry-a/downloaded_clips/site_257_item_1535402/site_257_item_1535402_clip_018.webm,153.53,169.273,15.743,afternoon,autumn,-0.5,-0.866025,0.5,-0.866025,autumn_afternoon
1535402_clip021_s000,resources/site_257_bowra-dry-a/downloaded_clips/site_257_item_1535402/site_257_item_1535402_clip_021.webm,46.626,62.16,15.534,afternoon,autumn,-0.5,-0.866025,0.5,-0.866025,autumn_afternoon
1535402_clip021_s001,resources/site_257_bowra-dry-a/downloaded_clips/site_257_item_1535402/site_257_item_1535402_clip_021.webm,95.829,106.696,10.867,afternoon,autumn,-0.5,-0.866025,0.5,-0.866025,autumn_afternoon
1535464_clip001_s000,resources/site_257_bowra-dry-a/downloaded_clips/site_257_item_1535464/site_257_item_1535464_clip_001.webm,6.316,16.951,10.635,afternoon,autumn,-0.5,-0.866025,0.866025,-0.5,autumn_afternoon
1535464_clip009_s000,resources/site_257_bowra-dry-a/downloaded_clips/site_257_item_1535464/site_257_item_1535464_clip_009.webm,178.236,192.958,14.721,afternoon,autumn,-0.5,-0.866025,0.866025,-0.5,autumn_afternoon
1536146_clip001_s000,resources/site_257_bowra-dry-a/downloaded_clips/site_257_item_1536146/site_257_item_1536146_clip_001.webm,258.577,270.721,12.144,afternoon,autumn,-0.5,-0.866025,0.866025,-0.5,autumn_afternoon
1536146_clip005_s000,resources/site_257_bowra-dry-a/downloaded_clips/site_257_item_1536146/site_257_item_1536146_clip_005.webm,99.428,112.895,13.468,afternoon,autumn,-0.5,-0.866025,0.866025,-0.5,autumn_afternoon
1536146_clip006_s000,resources/site_257_bowra-dry-a/downloaded_clips/site_257_item_1536146/site_257_item_1536146_clip_006.webm,280.009,292.177,12.167,afternoon,autumn,-0.5,-0.866025,0.866025,-0.5,autumn_afternoon
1536146_clip007_s000,resources/site_257_bowra-dry-a/downloaded_clips/site_257_item_1536146/site_257_item_1536146_clip_007.webm,196.882,208.585,11.703,afternoon,autumn,-0.5,-0.866025,0.866025,-0.5,autumn_afternoon
1536146_clip009_s000,resources/site_257_bowra-dry-a/downloaded_clips/site_257_item_1536146/site_257_item_1536146_clip_009.webm,68.87,79.9,11.029,afternoon,autumn,-0.5,-0.866025,0.866025,-0.5,autumn_afternoon
1536146_clip012_s000,resources/site_257_bowra-dry-a/downloaded_clips/site_257_item_1536146/site_257_item_1536146_clip_012.webm,135.535,148.213,12.678,afternoon,autumn,-0.5,-0.866025,0.866025,-0.5,autumn_afternoon
1536146_clip018_s000,resources/site_257_bowra-dry-a/downloaded_clips/site_257_item_1536146/site_257_item_1536146_clip_018.webm,283.33,294.383,11.053,afternoon,autumn,-0.5,-0.866025,0.866025,-0.5,autumn_afternoon
1536146_clip019_s000,resources/site_257_bowra-dry-a/downloaded_clips/site_257_item_1536146/site_257_item_1536146_clip_019.webm,207.47,217.664,10.194,afternoon,autumn,-0.5,-0.866025,0.866025,-0.5,autumn_afternoon
1536146_clip019_s001,resources/site_257_bowra-dry-a/downloaded_clips/site_257_item_1536146/site_257_item_1536146_clip_019.webm,277.107,297.076,19.969,afternoon,autumn,-0.5,-0.866025,0.866025,-0.5,autumn_afternoon
1536146_clip021_s000,resources/site_257_bowra-dry-a/downloaded_clips/site_257_item_1536146/site_257_item_1536146_clip_021.webm,18.019,43.723,25.704,afternoon,autumn,-0.5,-0.866025,0.866025,-0.5,autumn_afternoon
1536146_clip021_s001,resources/site_257_bowra-dry-a/downloaded_clips/site_257_item_1536146/site_257_item_1536146_clip_021.webm,212.416,222.656,10.24,afternoon,autumn,-0.5,-0.866025,0.866025,-0.5,autumn_afternoon
1536146_clip022_s000,resources/site_257_bowra-dry-a/downloaded_clips/site_257_item_1536146/site_257_item_1536146_clip_022.webm,14.768,27.492,12.725,afternoon,autumn,-0.5,-0.866025,0.866025,-0.5,autumn_afternoon
1536625_clip004_s000,resources/site_257_bowra-dry-a/downloaded_clips/site_257_item_1536625/site_257_item_1536625_clip_004.webm,19.203,41.796,22.593,afternoon,autumn,-0.5,-0.866025,0.866025,-0.5,autumn_afternoon
1536625_clip014_s000,resources/site_257_bowra-dry-a/downloaded_clips/site_257_item_1536625/site_257_item_1536625_clip_014.webm,3.971,14.721,10.751,afternoon,autumn,-0.5,-0.866025,0.866025,-0.5,autumn_afternoon
1536625_clip014_s001,resources/site_257_bowra-dry-a/downloaded_clips/site_257_item_1536625/site_257_item_1536625_clip_014.webm,14.93,28.886,13.955,afternoon,autumn,-0.5,-0.866025,0.866025,-0.5,autumn_afternoon
1536625_clip014_s002,resources/site_257_bowra-dry-a/downloaded_clips/site_257_item_1536625/site_257_item_1536625_clip_014.webm,98.824,111.2,12.376,afternoon,autumn,-0.5,-0.866025,0.866025,-0.5,autumn_afternoon
1536625_clip014_s003,resources/site_257_bowra-dry-a/downloaded_clips/site_257_item_1536625/site_257_item_1536625_clip_014.webm,144.916,161.843,16.927,afternoon,autumn,-0.5,-0.866025,0.866025,-0.5,autumn_afternoon
1536625_clip020_s000,resources/site_257_bowra-dry-a/downloaded_clips/site_257_item_1536625/site_257_item_1536625_clip_020.webm,18.437,31.579,13.142,afternoon,autumn,-0.5,-0.866025,0.866025,-0.5,autumn_afternoon
1536625_clip022_s000,resources/site_257_bowra-dry-a/downloaded_clips/site_257_item_1536625/site_257_item_1536625_clip_022.webm,261.132,276.712,15.581,afternoon,autumn,-0.5,-0.866025,0.866025,-0.5,autumn_afternoon
1536625_clip022_s001,resources/site_257_bowra-dry-a/downloaded_clips/site_257_item_1536625/site_257_item_1536625_clip_022.webm,278.477,292.479,14.002,afternoon,autumn,-0.5,-0.866025,0.866025,-0.5,autumn_afternoon
1536625_clip024_s000,resources/site_257_bowra-dry-a/downloaded_clips/site_257_item_1536625/site_257_item_1536625_clip_024.webm,25.008,38.429,13.421,afternoon,autumn,-0.5,-0.866025,0.866025,-0.5,autumn_afternoon
1536625_clip024_s001,resources/site_257_bowra-dry-a/downloaded_clips/site_257_item_1536625/site_257_item_1536625_clip_024.webm,80.504,92.183,11.68,afternoon,autumn,-0.5,-0.866025,0.866025,-0.5,autumn_afternoon
1536625_clip024_s002,resources/site_257_bowra-dry-a/downloaded_clips/site_257_item_1536625/site_257_item_1536625_clip_024.webm,106.951,117.563,10.612,afternoon,autumn,-0.5,-0.866025,0.866025,-0.5,autumn_afternoon
1536686_clip001_s000,resources/site_257_bowra-dry-a/downloaded_clips/site_257_item_1536686/site_257_item_1536686_clip_001.webm,67.524,79.505,11.981,afternoon,autumn,-0.5,-0.866025,0.5,-0.866025,autumn_afternoon
1536686_clip004_s000,resources/site_257_bowra-dry-a/downloaded_clips/site_257_item_1536686/site_257_item_1536686_clip_004.webm,190.334,202.315,11.981,afternoon,autumn,-0.5,-0.866025,0.5,-0.866025,autumn_afternoon
1536686_clip004_s001,resources/site_257_bowra-dry-a/downloaded_clips/site_257_item_1536686/site_257_item_1536686_clip_004.webm,223.794,237.053,13.259,afternoon,autumn,-0.5,-0.866025,0.5,-0.866025,autumn_afternoon
1536686_clip004_s002,resources/site_257_bowra-dry-a/downloaded_clips/site_257_item_1536686/site_257_item_1536686_clip_004.webm,237.261,255.002,17.74,afternoon,autumn,-0.5,-0.866025,0.5,-0.866025,autumn_afternoon
1536686_clip005_s000,resources/site_257_bowra-dry-a/downloaded_clips/site_257_item_1536686/site_257_item_1536686_clip_005.webm,187.757,202.315,14.559,afternoon,autumn,-0.5,-0.866025,0.5,-0.866025,autumn_afternoon
1536686_clip005_s001,resources/site_257_bowra-dry-a/downloaded_clips/site_257_item_1536686/site_257_item_1536686_clip_005.webm,289.042,300.025,10.983,afternoon,autumn,-0.5,-0.866025,0.5,-0.866025,autumn_afternoon
1536686_clip009_s000,resources/site_257_bowra-dry-a/downloaded_clips/site_257_item_1536686/site_257_item_1536686_clip_009.webm,168.763,179.792,11.029,afternoon,autumn,-0.5,-0.866025,0.5,-0.866025,autumn_afternoon
1536686_clip009_s001,resources/site_257_bowra-dry-a/downloaded_clips/site_257_item_1536686/site_257_item_1536686_clip_009.webm,233.57,244.111,10.542,afternoon,autumn,-0.5,-0.866025,0.5,-0.866025,autumn_afternoon
1536686_clip009_s002,resources/site_257_bowra-dry-a/downloaded_clips/site_257_item_1536686/site_257_item_1536686_clip_009.webm,269.932,282.564,12.632,afternoon,autumn,-0.5,-0.866025,0.5,-0.866025,autumn_afternoon
1536686_clip012_s000,resources/site_257_bowra-dry-a/downloaded_clips/site_257_item_1536686/site_257_item_1536686_clip_012.webm,110.364,122.183,11.819,afternoon,autumn,-0.5,-0.866025,0.5,-0.866025,autumn_afternoon
1536686_clip015_s000,resources/site_257_bowra-dry-a/downloaded_clips/site_257_item_1536686/site_257_item_1536686_clip_015.webm,98.499,111.386,12.887,afternoon,autumn,-0.5,-0.866025,0.5,-0.866025,autumn_afternoon
1536686_clip015_s001,resources/site_257_bowra-dry-a/downloaded_clips/site_257_item_1536686/site_257_item_1536686_clip_015.webm,111.595,123.344,11.749,afternoon,autumn,-0.5,-0.866025,0.5,-0.866025,autumn_afternoon
1536686_clip018_s000,resources/site_257_bowra-dry-a/downloaded_clips/site_257_item_1536686/site_257_item_1536686_clip_018.webm,164.281,174.428,10.147,afternoon,autumn,-0.5,-0.866025,0.5,-0.866025,autumn_afternoon
1536686_clip018_s001,resources/site_257_bowra-dry-a/downloaded_clips/site_257_item_1536686/site_257_item_1536686_clip_018.webm,190.659,202.106,11.447,afternoon,autumn,-0.5,-0.866025,0.5,-0.866025,autumn_afternoon
1536686_clip018_s002,resources/site_257_bowra-dry-a/downloaded_clips/site_257_item_1536686/site_257_item_1536686_clip_018.webm,251.681,274.251,22.57,afternoon,autumn,-0.5,-0.866025,0.5,-0.866025,autumn_afternoon
1536686_clip019_s000,resources/site_257_bowra-dry-a/downloaded_clips/site_257_item_1536686/site_257_item_1536686_clip_019.webm,143.732,154.947,11.215,afternoon,autumn,-0.5,-0.866025,0.5,-0.866025,autumn_afternoon
1536686_clip020_s000,resources/site_257_bowra-dry-a/downloaded_clips/site_257_item_1536686/site_257_item_1536686_clip_020.webm,3.413,13.63,10.217,afternoon,autumn,-0.5,-0.866025,0.5,-0.866025,autumn_afternoon
1536891_clip003_s000,resources/site_257_bowra-dry-a/downloaded_clips/site_257_item_1536891/site_257_item_1536891_clip_003.webm,246.735,258.926,12.19,afternoon,autumn,-0.5,-0.866025,0.5,-0.866025,autumn_afternoon
1536891_clip004_s000,resources/site_257_bowra-dry-a/downloaded_clips/site_257_item_1536891/site_257_item_1536891_clip_004.webm,153.623,171.479,17.856,afternoon,autumn,-0.5,-0.866025,0.5,-0.866025,autumn_afternoon
1536891_clip004_s001,resources/site_257_bowra-dry-a/downloaded_clips/site_257_item_1536891/site_257_item_1536891_clip_004.webm,172.06,189.8,17.74,afternoon,autumn,-0.5,-0.866025,0.5,-0.866025,autumn_afternoon
1536891_clip004_s002,resources/site_257_bowra-dry-a/downloaded_clips/site_257_item_1536891/site_257_item_1536891_clip_004.webm,191.263,208.283,17.02,afternoon,autumn,-0.5,-0.866025,0.5,-0.866025,autumn_afternoon
1536891_clip004_s003,resources/site_257_bowra-dry-a/downloaded_clips/site_257_item_1536891/site_257_item_1536891_clip_004.webm,208.492,224.723,16.231,afternoon,autumn,-0.5,-0.866025,0.5,-0.866025,autumn_afternoon
1536891_clip004_s004,resources/site_257_bowra-dry-a/downloaded_clips/site_257_item_1536891/site_257_item_1536891_clip_004.webm,237.053,247.919,10.867,afternoon,autumn,-0.5,-0.866025,0.5,-0.866025,autumn_afternoon
1536891_clip011_s000,resources/site_257_bowra-dry-a/downloaded_clips/site_257_item_1536891/site_257_item_1536891_clip_011.webm,15.813,26.703,10.89,afternoon,autumn,-0.5,-0.866025,0.5,-0.866025,autumn_afternoon
1536891_clip011_s001,resources/site_257_bowra-dry-a/downloaded_clips/site_257_item_1536891/site_257_item_1536891_clip_011.webm,52.779,64.923,12.144,afternoon,autumn,-0.5,-0.866025,0.5,-0.866025,autumn_afternoon
1536891_clip011_s002,resources/site_257_bowra-dry-a/downloaded_clips/site_257_item_1536891/site_257_item_1536891_clip_011.webm,65.132,78.646,13.514,afternoon,autumn,-0.5,-0.866025,0.5,-0.866025,autumn_afternoon
1670324_clip001_s000,resources/site_257_bowra-dry-a/downloaded_clips/site_257_item_1670324/site_257_item_1670324_clip_001.webm,122.276,134.653,12.376,afternoon,autumn,-0.5,-0.866025,1.0,0.0,autumn_afternoon
1670324_clip004_s000,resources/site_257_bowra-dry-a/downloaded_clips/site_257_item_1670324/site_257_item_1670324_clip_004.webm,65.503,78.019,12.516,afternoon,autumn,-0.5,-0.866025,1.0,0.0,autumn_afternoon
1670324_clip004_s001,resources/site_257_bowra-dry-a/downloaded_clips/site_257_item_1670324/site_257_item_1670324_clip_004.webm,93.971,104.908,10.937,afternoon,autumn,-0.5,-0.866025,1.0,0.0,autumn_afternoon
1670324_clip004_s002,resources/site_257_bowra-dry-a/downloaded_clips/site_257_item_1670324/site_257_item_1670324_clip_004.webm,116.82,128.035,11.215,afternoon,autumn,-0.5,-0.866025,1.0,0.0,autumn_afternoon
1670324_clip006_s000,resources/site_257_bowra-dry-a/downloaded_clips/site_257_item_1670324/site_257_item_1670324_clip_006.webm,153.879,166.928,13.05,afternoon,autumn,-0.5,-0.866025,1.0,0.0,autumn_afternoon
1670324_clip009_s000,resources/site_257_bowra-dry-a/downloaded_clips/site_257_item_1670324/site_257_item_1670324_clip_009.webm,137.973,148.631,10.658,afternoon,autumn,-0.5,-0.866025,1.0,0.0,autumn_afternoon
1670324_clip009_s001,resources/site_257_bowra-dry-a/downloaded_clips/site_257_item_1670324/site_257_item_1670324_clip_009.webm,218.802,235.892,17.09,afternoon,autumn,-0.5,-0.866025,1.0,0.0,autumn_afternoon
1670324_clip013_s000,resources/site_257_bowra-dry-a/downloaded_clips/site_257_item_1670324/site_257_item_1670324_clip_013.webm,188.314,198.531,10.217,afternoon,autumn,-0.5,-0.866025,1.0,0.0,autumn_afternoon
1670324_clip018_s000,resources/site_257_bowra-dry-a/downloaded_clips/site_257_item_1670324/site_257_item_1670324_clip_018.webm,45.488,57.446,11.958,afternoon,autumn,-0.5,-0.866025,1.0,0.0,autumn_afternoon
1670324_clip018_s001,resources/site_257_bowra-dry-a/downloaded_clips/site_257_item_1670324/site_257_item_1670324_clip_018.webm,74.908,86.425,11.517,afternoon,autumn,-0.5,-0.866025,1.0,0.0,autumn_afternoon
1670324_clip018_s002,resources/site_257_bowra-dry-a/downloaded_clips/site_257_item_1670324/site_257_item_1670324_clip_018.webm,173.801,184.784,10.983,afternoon,autumn,-0.5,-0.866025,1.0,0.0,autumn_afternoon
1670324_clip020_s000,resources/site_257_bowra-dry-a/downloaded_clips/site_257_item_1670324/site_257_item_1670324_clip_020.webm,74.838,84.869,10.031,afternoon,autumn,-0.5,-0.866025,1.0,0.0,autumn_afternoon
1670324_clip021_s000,resources/site_257_bowra-dry-a/downloaded_clips/site_257_item_1670324/site_257_item_1670324_clip_021.webm,68.336,78.53,10.194,afternoon,autumn,-0.5,-0.866025,1.0,0.0,autumn_afternoon
1670324_clip023_s000,resources/site_257_bowra-dry-a/downloaded_clips/site_257_item_1670324/site_257_item_1670324_clip_023.webm,37.965,48.344,10.379,afternoon,autumn,-0.5,-0.866025,1.0,0.0,autumn_afternoon
1670324_clip023_s001,resources/site_257_bowra-dry-a/downloaded_clips/site_257_item_1670324/site_257_item_1670324_clip_023.webm,188.383,201.433,13.05,afternoon,autumn,-0.5,-0.866025,1.0,0.0,autumn_afternoon
1670324_clip024_s000,resources/site_257_bowra-dry-a/downloaded_clips/site_257_item_1670324/site_257_item_1670324_clip_024.webm,276.55,287.161,10.612,afternoon,autumn,-0.5,-0.866025,1.0,0.0,autumn_afternoon
1671047_clip009_s000,resources/site_257_bowra-dry-a/downloaded_clips/site_257_item_1671047/site_257_item_1671047_clip_009.webm,114.01,124.204,10.194,afternoon,autumn,-0.5,-0.866025,1.0,0.0,autumn_afternoon
1671047_clip021_s000,resources/site_257_bowra-dry-a/downloaded_clips/site_257_item_1671047/site_257_item_1671047_clip_021.webm,255.303,266.147,10.844,afternoon,autumn,-0.5,-0.866025,1.0,0.0,autumn_afternoon
1679594_clip010_s000,resources/site_257_bowra-dry-a/downloaded_clips/site_257_item_1679594/site_257_item_1679594_clip_010.webm,112.083,122.926,10.844,afternoon,autumn,-0.5,-0.866025,1.0,0.0,autumn_afternoon
1681714_clip004_s000,resources/site_257_bowra-dry-a/downloaded_clips/site_257_item_1681714/site_257_item_1681714_clip_004.webm,80.829,102.237,21.409,afternoon,autumn,-0.5,-0.866025,1.0,0.0,autumn_afternoon
1681714_clip004_s001,resources/site_257_bowra-dry-a/downloaded_clips/site_257_item_1681714/site_257_item_1681714_clip_004.webm,107.81,142.315,34.505,afternoon,autumn,-0.5,-0.866025,1.0,0.0,autumn_afternoon
1681714_clip005_s000,resources/site_257_bowra-dry-a/downloaded_clips/site_257_item_1681714/site_257_item_1681714_clip_005.webm,260.923,273.995,13.073,afternoon,autumn,-0.5,-0.866025,1.0,0.0,autumn_afternoon
1681714_clip010_s000,resources/site_257_bowra-dry-a/downloaded_clips/site_257_item_1681714/site_257_item_1681714_clip_010.webm,166.696,177.029,10.333,afternoon,autumn,-0.5,-0.866025,1.0,0.0,autumn_afternoon
1681714_clip013_s000,resources/site_257_bowra-dry-a/downloaded_clips/site_257_item_1681714/site_257_item_1681714_clip_013.webm,69.312,87.214,17.903,afternoon,autumn,-0.5,-0.866025,1.0,0.0,autumn_afternoon
1681714_clip015_s000,resources/site_257_bowra-dry-a/downloaded_clips/site_257_item_1681714/site_257_item_1681714_clip_015.webm,78.437,96.781,18.344,afternoon,autumn,-0.5,-0.866025,1.0,0.0,autumn_afternoon
1671735_clip004_s000,resources/site_257_bowra-dry-a/downloaded_clips/site_257_item_1671735/site_257_item_1671735_clip_004.webm,50.039,60.442,10.403,afternoon,autumn,-0.5,-0.866025,0.866025,-0.5,autumn_afternoon
1671735_clip007_s000,resources/site_257_bowra-dry-a/downloaded_clips/site_257_item_1671735/site_257_item_1671735_clip_007.webm,84.544,95.991,11.447,afternoon,autumn,-0.5,-0.866025,0.866025,-0.5,autumn_afternoon
1671735_clip023_s000,resources/site_257_bowra-dry-a/downloaded_clips/site_257_item_1671735/site_257_item_1671735_clip_023.webm,255.791,266.774,10.983,afternoon,autumn,-0.5,-0.866025,0.866025,-0.5,autumn_afternoon
1672969_clip001_s000,resources/site_257_bowra-dry-a/downloaded_clips/site_257_item_1672969/site_257_item_1672969_clip_001.webm,45.279,58.979,13.7,afternoon,autumn,-0.5,-0.866025,0.5,-0.866025,autumn_afternoon
1672969_clip009_s000,resources/site_257_bowra-dry-a/downloaded_clips/site_257_item_1672969/site_257_item_1672969_clip_009.webm,129.985,141.224,11.238,afternoon,autumn,-0.5,-0.866025,0.5,-0.866025,autumn_afternoon
1672969_clip010_s000,resources/site_257_bowra-dry-a/downloaded_clips/site_257_item_1672969/site_257_item_1672969_clip_010.webm,64.621,77.113,12.492,afternoon,autumn,-0.5,-0.866025,0.5,-0.866025,autumn_afternoon
1672969_clip010_s001,resources/site_257_bowra-dry-a/downloaded_clips/site_257_item_1672969/site_257_item_1672969_clip_010.webm,102.632,113.917,11.285,afternoon,autumn,-0.5,-0.866025,0.5,-0.866025,autumn_afternoon
1672969_clip010_s002,resources/site_257_bowra-dry-a/downloaded_clips/site_257_item_1672969/site_257_item_1672969_clip_010.webm,235.822,246.317,10.495,afternoon,autumn,-0.5,-0.866025,0.5,-0.866025,autumn_afternoon
1672969_clip013_s000,resources/site_257_bowra-dry-a/downloaded_clips/site_257_item_1672969/site_257_item_1672969_clip_013.webm,9.195,19.783,10.588,afternoon,autumn,-0.5,-0.866025,0.5,-0.866025,autumn_afternoon
1672969_clip015_s000,resources/site_257_bowra-dry-a/downloaded_clips/site_257_item_1672969/site_257_item_1672969_clip_015.webm,40.031,52.872,12.841,afternoon,autumn,-0.5,-0.866025,0.5,-0.866025,autumn_afternoon
1672969_clip015_s001,resources/site_257_bowra-dry-a/downloaded_clips/site_257_item_1672969/site_257_item_1672969_clip_015.webm,58.909,70.937,12.028,afternoon,autumn,-0.5,-0.866025,0.5,-0.866025,autumn_afternoon
1672969_clip015_s002,resources/site_257_bowra-dry-a/downloaded_clips/site_257_item_1672969/site_257_item_1672969_clip_015.webm,105.906,117.284,11.378,afternoon,autumn,-0.5,-0.866025,0.5,-0.866025,autumn_afternoon
1672969_clip016_s000,resources/site_257_bowra-dry-a/downloaded_clips/site_257_item_1672969/site_257_item_1672969_clip_016.webm,154.436,168.739,14.303,afternoon,autumn,-0.5,-0.866025,0.5,-0.866025,autumn_afternoon
1672969_clip016_s001,resources/site_257_bowra-dry-a/downloaded_clips/site_257_item_1672969/site_257_item_1672969_clip_016.webm,192.377,217.641,25.263,afternoon,autumn,-0.5,-0.866025,0.5,-0.866025,autumn_afternoon
1673321_clip014_s000,resources/site_257_bowra-dry-a/downloaded_clips/site_257_item_1673321/site_257_item_1673321_clip_014.webm,92.532,109.018,16.486,afternoon,autumn,-0.5,-0.866025,0.5,-0.866025,autumn_afternoon
1673394_clip001_s000,resources/site_257_bowra-dry-a/downloaded_clips/site_257_item_1673394/site_257_item_1673394_clip_001.webm,269.769,280.915,11.146,afternoon,autumn,-0.5,-0.866025,0.5,-0.866025,autumn_afternoon
1673394_clip004_s000,resources/site_257_bowra-dry-a/downloaded_clips/site_257_item_1673394/site_257_item_1673394_clip_004.webm,247.71,259.32,11.61,afternoon,autumn,-0.5,-0.866025,0.5,-0.866025,autumn_afternoon
1680401_clip002_s000,resources/site_257_bowra-dry-a/downloaded_clips/site_257_item_1680401/site_257_item_1680401_clip_002.webm,118.515,130.635,12.121,afternoon,autumn,-0.5,-0.866025,0.866025,-0.5,autumn_afternoon
1680401_clip002_s001,resources/site_257_bowra-dry-a/downloaded_clips/site_257_item_1680401/site_257_item_1680401_clip_002.webm,135.605,146.913,11.308,afternoon,autumn,-0.5,-0.866025,0.866025,-0.5,autumn_afternoon
1680401_clip002_s002,resources/site_257_bowra-dry-a/downloaded_clips/site_257_item_1680401/site_257_item_1680401_clip_002.webm,153.995,173.476,19.482,afternoon,autumn,-0.5,-0.866025,0.866025,-0.5,autumn_afternoon
1680401_clip002_s003,resources/site_257_bowra-dry-a/downloaded_clips/site_257_item_1680401/site_257_item_1680401_clip_002.webm,232.014,242.091,10.077,afternoon,autumn,-0.5,-0.866025,0.866025,-0.5,autumn_afternoon
1680401_clip002_s004,resources/site_257_bowra-dry-a/downloaded_clips/site_257_item_1680401/site_257_item_1680401_clip_002.webm,250.497,261.317,10.82,afternoon,autumn,-0.5,-0.866025,0.866025,-0.5,autumn_afternoon
1680401_clip003_s000,resources/site_257_bowra-dry-a/downloaded_clips/site_257_item_1680401/site_257_item_1680401_clip_003.webm,11.633,24.172,12.539,afternoon,autumn,-0.5,-0.866025,0.866025,-0.5,autumn_afternoon
1680401_clip003_s001,resources/site_257_bowra-dry-a/downloaded_clips/site_257_item_1680401/site_257_item_1680401_clip_003.webm,205.636,218.244,12.608,afternoon,autumn,-0.5,-0.866025,0.866025,-0.5,autumn_afternoon
1680401_clip004_s000,resources/site_257_bowra-dry-a/downloaded_clips/site_257_item_1680401/site_257_item_1680401_clip_004.webm,120.024,141.619,21.595,afternoon,autumn,-0.5,-0.866025,0.866025,-0.5,autumn_afternoon
1680401_clip004_s001,resources/site_257_bowra-dry-a/downloaded_clips/site_257_item_1680401/site_257_item_1680401_clip_004.webm,177.191,190.775,13.584,afternoon,autumn,-0.5,-0.866025,0.866025,-0.5,autumn_afternoon
1680401_clip011_s000,resources/site_257_bowra-dry-a/downloaded_clips/site_257_item_1680401/site_257_item_1680401_clip_011.webm,34.087,44.164,10.077,afternoon,autumn,-0.5,-0.866025,0.866025,-0.5,autumn_afternoon
1680401_clip011_s001,resources/site_257_bowra-dry-a/downloaded_clips/site_257_item_1680401/site_257_item_1680401_clip_011.webm,91.069,101.146,10.077,afternoon,autumn,-0.5,-0.866025,0.866025,-0.5,autumn_afternoon
1680401_clip011_s002,resources/site_257_bowra-dry-a/downloaded_clips/site_257_item_1680401/site_257_item_1680401_clip_011.webm,240.93,257.625,16.695,afternoon,autumn,-0.5,-0.866025,0.866025,-0.5,autumn_afternoon
1680401_clip011_s003,resources/site_257_bowra-dry-a/downloaded_clips/site_257_item_1680401/site_257_item_1680401_clip_011.webm,258.67,269.119,10.449,afternoon,autumn,-0.5,-0.866025,0.866025,-0.5,autumn_afternoon
1680401_clip011_s004,resources/site_257_bowra-dry-a/downloaded_clips/site_257_item_1680401/site_257_item_1680401_clip_011.webm,269.328,285.28,15.952,afternoon,autumn,-0.5,-0.866025,0.866025,-0.5,autumn_afternoon
1680401_clip012_s000,resources/site_257_bowra-dry-a/downloaded_clips/site_257_item_1680401/site_257_item_1680401_clip_012.webm,88.979,107.764,18.785,afternoon,autumn,-0.5,-0.866025,0.866025,-0.5,autumn_afternoon
1680401_clip013_s000,resources/site_257_bowra-dry-a/downloaded_clips/site_257_item_1680401/site_257_item_1680401_clip_013.webm,17.067,29.396,12.33,afternoon,autumn,-0.5,-0.866025,0.866025,-0.5,autumn_afternoon
1680401_clip013_s001,resources/site_257_bowra-dry-a/downloaded_clips/site_257_item_1680401/site_257_item_1680401_clip_013.webm,49.203,60.72,11.517,afternoon,autumn,-0.5,-0.866025,0.866025,-0.5,autumn_afternoon
1680401_clip013_s002,resources/site_257_bowra-dry-a/downloaded_clips/site_257_item_1680401/site_257_item_1680401_clip_013.webm,69.288,79.807,10.519,afternoon,autumn,-0.5,-0.866025,0.866025,-0.5,autumn_afternoon
1680401_clip013_s003,resources/site_257_bowra-dry-a/downloaded_clips/site_257_item_1680401/site_257_item_1680401_clip_013.webm,152.811,162.981,10.17,afternoon,autumn,-0.5,-0.866025,0.866025,-0.5,autumn_afternoon
1680401_clip015_s000,resources/site_257_bowra-dry-a/downloaded_clips/site_257_item_1680401/site_257_item_1680401_clip_015.webm,99.985,110.782,10.797,afternoon,autumn,-0.5,-0.866025,0.866025,-0.5,autumn_afternoon
1680401_clip015_s001,resources/site_257_bowra-dry-a/downloaded_clips/site_257_item_1680401/site_257_item_1680401_clip_015.webm,193.492,205.613,12.121,afternoon,autumn,-0.5,-0.866025,0.866025,-0.5,autumn_afternoon
1680401_clip018_s000,resources/site_257_bowra-dry-a/downloaded_clips/site_257_item_1680401/site_257_item_1680401_clip_018.webm,210.048,223.004,12.957,afternoon,autumn,-0.5,-0.866025,0.866025,-0.5,autumn_afternoon
1680401_clip018_s001,resources/site_257_bowra-dry-a/downloaded_clips/site_257_item_1680401/site_257_item_1680401_clip_018.webm,244.599,256.255,11.656,afternoon,autumn,-0.5,-0.866025,0.866025,-0.5,autumn_afternoon
1680401_clip019_s000,resources/site_257_bowra-dry-a/downloaded_clips/site_257_item_1680401/site_257_item_1680401_clip_019.webm,56.007,66.734,10.728,afternoon,autumn,-0.5,-0.866025,0.866025,-0.5,autumn_afternoon
1313286_clip001_s000,resources/site_257_bowra-dry-a/downloaded_clips/site_257_item_1313286/site_257_item_1313286_clip_001.webm,227.927,238.19,10.263,night,autumn,-0.5,0.866025,0.5,-0.866025,autumn_night
1313286_clip002_s000,resources/site_257_bowra-dry-a/downloaded_clips/site_257_item_1313286/site_257_item_1313286_clip_002.webm,129.01,139.157,10.147,night,autumn,-0.5,0.866025,0.5,-0.866025,autumn_night
1313286_clip002_s001,resources/site_257_bowra-dry-a/downloaded_clips/site_257_item_1313286/site_257_item_1313286_clip_002.webm,203.802,215.11,11.308,night,autumn,-0.5,0.866025,0.5,-0.866025,autumn_night
1313286_clip003_s000,resources/site_257_bowra-dry-a/downloaded_clips/site_257_item_1313286/site_257_item_1313286_clip_003.webm,44.815,55.635,10.82,night,autumn,-0.5,0.866025,0.5,-0.866025,autumn_night
1313286_clip003_s001,resources/site_257_bowra-dry-a/downloaded_clips/site_257_item_1313286/site_257_item_1313286_clip_003.webm,55.844,66.688,10.844,night,autumn,-0.5,0.866025,0.5,-0.866025,autumn_night
1313286_clip003_s002,resources/site_257_bowra-dry-a/downloaded_clips/site_257_item_1313286/site_257_item_1313286_clip_003.webm,168.879,183.322,14.443,night,autumn,-0.5,0.866025,0.5,-0.866025,autumn_night
1313286_clip003_s003,resources/site_257_bowra-dry-a/downloaded_clips/site_257_item_1313286/site_257_item_1313286_clip_003.webm,269.677,282.633,12.957,night,autumn,-0.5,0.866025,0.5,-0.866025,autumn_night
1313286_clip004_s000,resources/site_257_bowra-dry-a/downloaded_clips/site_257_item_1313286/site_257_item_1313286_clip_004.webm,28.189,38.708,10.519,night,autumn,-0.5,0.866025,0.5,-0.866025,autumn_night
1313286_clip004_s001,resources/site_257_bowra-dry-a/downloaded_clips/site_257_item_1313286/site_257_item_1313286_clip_004.webm,73.584,90.117,16.533,night,autumn,-0.5,0.866025,0.5,-0.866025,autumn_night
1313286_clip007_s000,resources/site_257_bowra-dry-a/downloaded_clips/site_257_item_1313286/site_257_item_1313286_clip_007.webm,90.279,101.889,11.61,night,autumn,-0.5,0.866025,0.5,-0.866025,autumn_night
1313286_clip008_s000,resources/site_257_bowra-dry-a/downloaded_clips/site_257_item_1313286/site_257_item_1313286_clip_008.webm,285.605,298.191,12.585,night,autumn,-0.5,0.866025,0.5,-0.866025,autumn_night
1313286_clip011_s000,resources/site_257_bowra-dry-a/downloaded_clips/site_257_item_1313286/site_257_item_1313286_clip_011.webm,157.965,168.229,10.263,night,autumn,-0.5,0.866025,0.5,-0.866025,autumn_night
1313286_clip011_s001,resources/site_257_bowra-dry-a/downloaded_clips/site_257_item_1313286/site_257_item_1313286_clip_011.webm,169.111,179.119,10.008,night,autumn,-0.5,0.866025,0.5,-0.866025,autumn_night
1313286_clip011_s002,resources/site_257_bowra-dry-a/downloaded_clips/site_257_item_1313286/site_257_item_1313286_clip_011.webm,199.088,210.21,11.122,night,autumn,-0.5,0.866025,0.5,-0.866025,autumn_night
1313286_clip011_s003,resources/site_257_bowra-dry-a/downloaded_clips/site_257_item_1313286/site_257_item_1313286_clip_011.webm,268.074,286.325,18.251,night,autumn,-0.5,0.866025,0.5,-0.866025,autumn_night
1313286_clip012_s000,resources/site_257_bowra-dry-a/downloaded_clips/site_257_item_1313286/site_257_item_1313286_clip_012.webm,61.812,71.843,10.031,night,autumn,-0.5,0.866025,0.5,-0.866025,autumn_night
1313286_clip013_s000,resources/site_257_bowra-dry-a/downloaded_clips/site_257_item_1313286/site_257_item_1313286_clip_013.webm,244.924,255.861,10.937,night,autumn,-0.5,0.866025,0.5,-0.866025,autumn_night
1313286_clip015_s000,resources/site_257_bowra-dry-a/downloaded_clips/site_257_item_1313286/site_257_item_1313286_clip_015.webm,16.579,28.189,11.61,night,autumn,-0.5,0.866025,0.5,-0.866025,autumn_night
1313286_clip016_s000,resources/site_257_bowra-dry-a/downloaded_clips/site_257_item_1313286/site_257_item_1313286_clip_016.webm,198.136,215.412,17.276,night,autumn,-0.5,0.866025,0.5,-0.866025,autumn_night
1313286_clip016_s001,resources/site_257_bowra-dry-a/downloaded_clips/site_257_item_1313286/site_257_item_1313286_clip_016.webm,269.259,286.906,17.647,night,autumn,-0.5,0.866025,0.5,-0.866025,autumn_night
1313286_clip017_s000,resources/site_257_bowra-dry-a/downloaded_clips/site_257_item_1313286/site_257_item_1313286_clip_017.webm,108.902,121.858,12.957,night,autumn,-0.5,0.866025,0.5,-0.866025,autumn_night
1313286_clip017_s001,resources/site_257_bowra-dry-a/downloaded_clips/site_257_item_1313286/site_257_item_1313286_clip_017.webm,269.003,280.149,11.146,night,autumn,-0.5,0.866025,0.5,-0.866025,autumn_night
1313390_clip001_s000,resources/site_257_bowra-dry-a/downloaded_clips/site_257_item_1313390/site_257_item_1313390_clip_001.webm,4.69,18.344,13.653,night,autumn,-0.258819,0.965926,0.866025,-0.5,autumn_night
1313390_clip001_s001,resources/site_257_bowra-dry-a/downloaded_clips/site_257_item_1313390/site_257_item_1313390_clip_001.webm,116.959,127.687,10.728,night,autumn,-0.258819,0.965926,0.866025,-0.5,autumn_night
1313390_clip001_s002,resources/site_257_bowra-dry-a/downloaded_clips/site_257_item_1313390/site_257_item_1313390_clip_001.webm,249.266,260.551,11.285,night,autumn,-0.258819,0.965926,0.866025,-0.5,autumn_night
1313390_clip002_s000,resources/site_257_bowra-dry-a/downloaded_clips/site_257_item_1313390/site_257_item_1313390_clip_002.webm,64.76,76.928,12.167,night,autumn,-0.258819,0.965926,0.866025,-0.5,autumn_night
1313390_clip003_s000,resources/site_257_bowra-dry-a/downloaded_clips/site_257_item_1313390/site_257_item_1313390_clip_003.webm,62.694,73.352,10.658,night,autumn,-0.258819,0.965926,0.866025,-0.5,autumn_night
1313390_clip005_s000,resources/site_257_bowra-dry-a/downloaded_clips/site_257_item_1313390/site_257_item_1313390_clip_005.webm,120.976,131.982,11.006,night,autumn,-0.258819,0.965926,0.866025,-0.5,autumn_night
1313390_clip006_s000,resources/site_257_bowra-dry-a/downloaded_clips/site_257_item_1313390/site_257_item_1313390_clip_006.webm,113.685,127.013,13.328,night,autumn,-0.258819,0.965926,0.866025,-0.5,autumn_night
1313390_clip006_s001,resources/site_257_bowra-dry-a/downloaded_clips/site_257_item_1313390/site_257_item_1313390_clip_006.webm,238.771,249.986,11.215,night,autumn,-0.258819,0.965926,0.866025,-0.5,autumn_night
1313390_clip007_s000,resources/site_257_bowra-dry-a/downloaded_clips/site_257_item_1313390/site_257_item_1313390_clip_007.webm,220.566,236.635,16.068,night,autumn,-0.258819,0.965926,0.866025,-0.5,autumn_night
1313390_clip008_s000,resources/site_257_bowra-dry-a/downloaded_clips/site_257_item_1313390/site_257_item_1313390_clip_008.webm,29.652,40.287,10.635,night,autumn,-0.258819,0.965926,0.866025,-0.5,autumn_night
1313390_clip008_s001,resources/site_257_bowra-dry-a/downloaded_clips/site_257_item_1313390/site_257_item_1313390_clip_008.webm,71.355,84.66,13.305,night,autumn,-0.258819,0.965926,0.866025,-0.5,autumn_night
1313390_clip008_s002,resources/site_257_bowra-dry-a/downloaded_clips/site_257_item_1313390/site_257_item_1313390_clip_008.webm,218.059,229.227,11.169,night,autumn,-0.258819,0.965926,0.866025,-0.5,autumn_night
1313390_clip008_s003,resources/site_257_bowra-dry-a/downloaded_clips/site_257_item_1313390/site_257_item_1313390_clip_008.webm,238.005,250.474,12.469,night,autumn,-0.258819,0.965926,0.866025,-0.5,autumn_night
1313390_clip008_s004,resources/site_257_bowra-dry-a/downloaded_clips/site_257_item_1313390/site_257_item_1313390_clip_008.webm,277.943,288.647,10.704,night,autumn,-0.258819,0.965926,0.866025,-0.5,autumn_night
1313390_clip009_s000,resources/site_257_bowra-dry-a/downloaded_clips/site_257_item_1313390/site_257_item_1313390_clip_009.webm,69.033,79.226,10.194,night,autumn,-0.258819,0.965926,0.866025,-0.5,autumn_night
1313390_clip009_s001,resources/site_257_bowra-dry-a/downloaded_clips/site_257_item_1313390/site_257_item_1313390_clip_009.webm,176.356,187.362,11.006,night,autumn,-0.258819,0.965926,0.866025,-0.5,autumn_night
1313390_clip009_s002,resources/site_257_bowra-dry-a/downloaded_clips/site_257_item_1313390/site_257_item_1313390_clip_009.webm,229.436,240.652,11.215,night,autumn,-0.258819,0.965926,0.866025,-0.5,autumn_night
1313390_clip010_s000,resources/site_257_bowra-dry-a/downloaded_clips/site_257_item_1313390/site_257_item_1313390_clip_010.webm,90.442,100.798,10.356,night,autumn,-0.258819,0.965926,0.866025,-0.5,autumn_night
1313390_clip010_s001,resources/site_257_bowra-dry-a/downloaded_clips/site_257_item_1313390/site_257_item_1313390_clip_010.webm,152.996,167.903,14.907,night,autumn,-0.258819,0.965926,0.866025,-0.5,autumn_night
1313390_clip012_s000,resources/site_257_bowra-dry-a/downloaded_clips/site_257_item_1313390/site_257_item_1313390_clip_012.webm,20.782,31.997,11.215,night,autumn,-0.258819,0.965926,0.866025,-0.5,autumn_night
1313667_clip001_s000,resources/site_257_bowra-dry-a/downloaded_clips/site_257_item_1313667/site_257_item_1313667_clip_001.webm,10.426,24.915,14.489,night,autumn,-0.5,0.866025,0.866025,-0.5,autumn_night
1313667_clip002_s000,resources/site_257_bowra-dry-a/downloaded_clips/site_257_item_1313667/site_257_item_1313667_clip_002.webm,123.344,133.909,10.565,night,autumn,-0.5,0.866025,0.866025,-0.5,autumn_night
1313667_clip011_s000,resources/site_257_bowra-dry-a/downloaded_clips/site_257_item_1313667/site_257_item_1313667_clip_011.webm,118.77,130.334,11.564,night,autumn,-0.5,0.866025,0.866025,-0.5,autumn_night
1313667_clip012_s000,resources/site_257_bowra-dry-a/downloaded_clips/site_257_item_1313667/site_257_item_1313667_clip_012.webm,43.654,54.729,11.076,night,autumn,-0.5,0.866025,0.866025,-0.5,autumn_night
1313667_clip013_s000,resources/site_257_bowra-dry-a/downloaded_clips/site_257_item_1313667/site_257_item_1313667_clip_013.webm,41.703,54.892,13.189,night,autumn,-0.5,0.866025,0.866025,-0.5,autumn_night
1313667_clip015_s000,resources/site_257_bowra-dry-a/downloaded_clips/site_257_item_1313667/site_257_item_1313667_clip_015.webm,274.762,290.691,15.929,night,autumn,-0.5,0.866025,0.866025,-0.5,autumn_night
1313667_clip024_s000,resources/site_257_bowra-dry-a/downloaded_clips/site_257_item_1313667/site_257_item_1313667_clip_024.webm,30.627,41.633,11.006,night,autumn,-0.5,0.866025,0.866025,-0.5,autumn_night
1535532_clip001_s000,resources/site_257_bowra-dry-a/downloaded_clips/site_257_item_1535532/site_257_item_1535532_clip_001.webm,159.08,169.459,10.379,night,autumn,-0.5,0.866025,0.866025,-0.5,autumn_night
1535532_clip002_s000,resources/site_257_bowra-dry-a/downloaded_clips/site_257_item_1535532/site_257_item_1535532_clip_002.webm,19.83,33.39,13.56,night,autumn,-0.5,0.866025,0.866025,-0.5,autumn_night
1535532_clip002_s001,resources/site_257_bowra-dry-a/downloaded_clips/site_257_item_1535532/site_257_item_1535532_clip_002.webm,56.773,78.994,22.221,night,autumn,-0.5,0.866025,0.866025,-0.5,autumn_night
1535532_clip002_s002,resources/site_257_bowra-dry-a/downloaded_clips/site_257_item_1535532/site_257_item_1535532_clip_002.webm,160.473,175.055,14.582,night,autumn,-0.5,0.866025,0.866025,-0.5,autumn_night
1535532_clip002_s003,resources/site_257_bowra-dry-a/downloaded_clips/site_257_item_1535532/site_257_item_1535532_clip_002.webm,259.274,273.113,13.839,night,autumn,-0.5,0.866025,0.866025,-0.5,autumn_night
1535532_clip003_s000,resources/site_257_bowra-dry-a/downloaded_clips/site_257_item_1535532/site_257_item_1535532_clip_003.webm,0.139,11.517,11.378,night,autumn,-0.5,0.866025,0.866025,-0.5,autumn_night
1535532_clip003_s001,resources/site_257_bowra-dry-a/downloaded_clips/site_257_item_1535532/site_257_item_1535532_clip_003.webm,32.624,43.77,11.146,night,autumn,-0.5,0.866025,0.866025,-0.5,autumn_night
1535532_clip003_s002,resources/site_257_bowra-dry-a/downloaded_clips/site_257_item_1535532/site_257_item_1535532_clip_003.webm,69.033,80.55,11.517,night,autumn,-0.5,0.866025,0.866025,-0.5,autumn_night
1535532_clip003_s003,resources/site_257_bowra-dry-a/downloaded_clips/site_257_item_1535532/site_257_item_1535532_clip_003.webm,137.509,149.002,11.494,night,autumn,-0.5,0.866025,0.866025,-0.5,autumn_night
1535532_clip003_s004,resources/site_257_bowra-dry-a/downloaded_clips/site_257_item_1535532/site_257_item_1535532_clip_003.webm,285.025,297.726,12.701,night,autumn,-0.5,0.866025,0.866025,-0.5,autumn_night
1535532_clip005_s000,resources/site_257_bowra-dry-a/downloaded_clips/site_257_item_1535532/site_257_item_1535532_clip_005.webm,201.456,211.673,10.217,night,autumn,-0.5,0.866025,0.866025,-0.5,autumn_night
1535532_clip007_s000,resources/site_257_bowra-dry-a/downloaded_clips/site_257_item_1535532/site_257_item_1535532_clip_007.webm,10.403,21.269,10.867,night,autumn,-0.5,0.866025,0.866025,-0.5,autumn_night
1535532_clip007_s001,resources/site_257_bowra-dry-a/downloaded_clips/site_257_item_1535532/site_257_item_1535532_clip_007.webm,70.473,81.432,10.96,night,autumn,-0.5,0.866025,0.866025,-0.5,autumn_night
1535532_clip008_s000,resources/site_257_bowra-dry-a/downloaded_clips/site_257_item_1535532/site_257_item_1535532_clip_008.webm,156.595,172.13,15.534,night,autumn,-0.5,0.866025,0.866025,-0.5,autumn_night
1535532_clip009_s000,resources/site_257_bowra-dry-a/downloaded_clips/site_257_item_1535532/site_257_item_1535532_clip_009.webm,58.375,68.406,10.031,night,autumn,-0.5,0.866025,0.866025,-0.5,autumn_night
1535532_clip011_s000,resources/site_257_bowra-dry-a/downloaded_clips/site_257_item_1535532/site_257_item_1535532_clip_011.webm,134.745,145.775,11.029,night,autumn,-0.5,0.866025,0.866025,-0.5,autumn_night
1535532_clip011_s001,resources/site_257_bowra-dry-a/downloaded_clips/site_257_item_1535532/site_257_item_1535532_clip_011.webm,178.84,190.566,11.726,night,autumn,-0.5,0.866025,0.866025,-0.5,autumn_night
1535532_clip013_s000,resources/site_257_bowra-dry-a/downloaded_clips/site_257_item_1535532/site_257_item_1535532_clip_013.webm,197.764,210.326,12.562,night,autumn,-0.5,0.866025,0.866025,-0.5,autumn_night
1535532_clip013_s001,resources/site_257_bowra-dry-a/downloaded_clips/site_257_item_1535532/site_257_item_1535532_clip_013.webm,272.602,284.468,11.865,night,autumn,-0.5,0.866025,0.866025,-0.5,autumn_night
1535532_clip014_s000,resources/site_257_bowra-dry-a/downloaded_clips/site_257_item_1535532/site_257_item_1535532_clip_014.webm,235.659,250.706,15.047,night,autumn,-0.5,0.866025,0.866025,-0.5,autumn_night
1535532_clip014_s001,resources/site_257_bowra-dry-a/downloaded_clips/site_257_item_1535532/site_257_item_1535532_clip_014.webm,265.079,275.691,10.612,night,autumn,-0.5,0.866025,0.866025,-0.5,autumn_night
1535532_clip015_s000,resources/site_257_bowra-dry-a/downloaded_clips/site_257_item_1535532/site_257_item_1535532_clip_015.webm,57.168,67.454,10.286,night,autumn,-0.5,0.866025,0.866025,-0.5,autumn_night
1535532_clip016_s000,resources/site_257_bowra-dry-a/downloaded_clips/site_257_item_1535532/site_257_item_1535532_clip_016.webm,141.711,156.224,14.512,night,autumn,-0.5,0.866025,0.866025,-0.5,autumn_night
1535532_clip017_s000,resources/site_257_bowra-dry-a/downloaded_clips/site_257_item_1535532/site_257_item_1535532_clip_017.webm,7.407,17.949,10.542,night,autumn,-0.5,0.866025,0.866025,-0.5,autumn_night
1535532_clip017_s001,resources/site_257_bowra-dry-a/downloaded_clips/site_257_item_1535532/site_257_item_1535532_clip_017.webm,136.719,147.098,10.379,night,autumn,-0.5,0.866025,0.866025,-0.5,autumn_night
1535532_clip017_s002,resources/site_257_bowra-dry-a/downloaded_clips/site_257_item_1535532/site_257_item_1535532_clip_017.webm,196.627,207.935,11.308,night,autumn,-0.5,0.866025,0.866025,-0.5,autumn_night
1535532_clip020_s000,resources/site_257_bowra-dry-a/downloaded_clips/site_257_item_1535532/site_257_item_1535532_clip_020.webm,38.359,50.759,12.399,night,autumn,-0.5,0.866025,0.866025,-0.5,autumn_night
1535532_clip020_s001,resources/site_257_bowra-dry-a/downloaded_clips/site_257_item_1535532/site_257_item_1535532_clip_020.webm,68.452,78.809,10.356,night,autumn,-0.5,0.866025,0.866025,-0.5,autumn_night
1535532_clip020_s002,resources/site_257_bowra-dry-a/downloaded_clips/site_257_item_1535532/site_257_item_1535532_clip_020.webm,100.728,111.224,10.495,night,autumn,-0.5,0.866025,0.866025,-0.5,autumn_night
1535532_clip020_s003,resources/site_257_bowra-dry-a/downloaded_clips/site_257_item_1535532/site_257_item_1535532_clip_020.webm,121.556,131.889,10.333,night,autumn,-0.5,0.866025,0.866025,-0.5,autumn_night
1535532_clip020_s004,resources/site_257_bowra-dry-a/downloaded_clips/site_257_item_1535532/site_257_item_1535532_clip_020.webm,198.182,209.003,10.82,night,autumn,-0.5,0.866025,0.866025,-0.5,autumn_night
1535532_clip020_s005,resources/site_257_bowra-dry-a/downloaded_clips/site_257_item_1535532/site_257_item_1535532_clip_020.webm,235.032,245.388,10.356,night,autumn,-0.5,0.866025,0.866025,-0.5,autumn_night
1535532_clip021_s000,resources/site_257_bowra-dry-a/downloaded_clips/site_257_item_1535532/site_257_item_1535532_clip_021.webm,190.613,201.433,10.82,night,autumn,-0.5,0.866025,0.866025,-0.5,autumn_night
1536532_clip003_s000,resources/site_257_bowra-dry-a/downloaded_clips/site_257_item_1536532/site_257_item_1536532_clip_003.webm,211.929,225.025,13.096,night,autumn,-0.5,0.866025,0.5,-0.866025,autumn_night
1536532_clip003_s001,resources/site_257_bowra-dry-a/downloaded_clips/site_257_item_1536532/site_257_item_1536532_clip_003.webm,250.427,263.686,13.259,night,autumn,-0.5,0.866025,0.5,-0.866025,autumn_night
1536532_clip004_s000,resources/site_257_bowra-dry-a/downloaded_clips/site_257_item_1536532/site_257_item_1536532_clip_004.webm,265.729,275.969,10.24,night,autumn,-0.5,0.866025,0.5,-0.866025,autumn_night
1536532_clip005_s000,resources/site_257_bowra-dry-a/downloaded_clips/site_257_item_1536532/site_257_item_1536532_clip_005.webm,15.65,28.839,13.189,night,autumn,-0.5,0.866025,0.5,-0.866025,autumn_night
1536532_clip006_s000,resources/site_257_bowra-dry-a/downloaded_clips/site_257_item_1536532/site_257_item_1536532_clip_006.webm,97.176,108.623,11.447,night,autumn,-0.5,0.866025,0.5,-0.866025,autumn_night
1536532_clip009_s000,resources/site_257_bowra-dry-a/downloaded_clips/site_257_item_1536532/site_257_item_1536532_clip_009.webm,0.139,11.68,11.54,night,autumn,-0.5,0.866025,0.5,-0.866025,autumn_night
1536532_clip009_s001,resources/site_257_bowra-dry-a/downloaded_clips/site_257_item_1536532/site_257_item_1536532_clip_009.webm,143.615,154.529,10.913,night,autumn,-0.5,0.866025,0.5,-0.866025,autumn_night
1536532_clip012_s000,resources/site_257_bowra-dry-a/downloaded_clips/site_257_item_1536532/site_257_item_1536532_clip_012.webm,7.616,18.994,11.378,night,autumn,-0.5,0.866025,0.5,-0.866025,autumn_night
1536532_clip012_s001,resources/site_257_bowra-dry-a/downloaded_clips/site_257_item_1536532/site_257_item_1536532_clip_012.webm,252.796,264.336,11.54,night,autumn,-0.5,0.866025,0.5,-0.866025,autumn_night
1536532_clip012_s002,resources/site_257_bowra-dry-a/downloaded_clips/site_257_item_1536532/site_257_item_1536532_clip_012.webm,274.831,285.396,10.565,night,autumn,-0.5,0.866025,0.5,-0.866025,autumn_night
1536532_clip016_s000,resources/site_257_bowra-dry-a/downloaded_clips/site_257_item_1536532/site_257_item_1536532_clip_016.webm,166.185,177.865,11.68,night,autumn,-0.5,0.866025,0.5,-0.866025,autumn_night
1536532_clip017_s000,resources/site_257_bowra-dry-a/downloaded_clips/site_257_item_1536532/site_257_item_1536532_clip_017.webm,237.447,249.406,11.958,night,autumn,-0.5,0.866025,0.5,-0.866025,autumn_night
1536532_clip018_s000,resources/site_257_bowra-dry-a/downloaded_clips/site_257_item_1536532/site_257_item_1536532_clip_018.webm,0.441,12.794,12.353,night,autumn,-0.5,0.866025,0.5,-0.866025,autumn_night
1536532_clip019_s000,resources/site_257_bowra-dry-a/downloaded_clips/site_257_item_1536532/site_257_item_1536532_clip_019.webm,110.782,125.086,14.303,night,autumn,-0.5,0.866025,0.5,-0.866025,autumn_night
1536532_clip023_s000,resources/site_257_bowra-dry-a/downloaded_clips/site_257_item_1536532/site_257_item_1536532_clip_023.webm,99.498,110.411,10.913,night,autumn,-0.5,0.866025,0.5,-0.866025,autumn_night
1536563_clip008_s000,resources/site_257_bowra-dry-a/downloaded_clips/site_257_item_1536563/site_257_item_1536563_clip_008.webm,224.444,234.452,10.008,night,autumn,-0.5,0.866025,0.5,-0.866025,autumn_night
1536563_clip009_s000,resources/site_257_bowra-dry-a/downloaded_clips/site_257_item_1536563/site_257_item_1536563_clip_009.webm,24.358,36.525,12.167,night,autumn,-0.5,0.866025,0.5,-0.866025,autumn_night
1536563_clip019_s000,resources/site_257_bowra-dry-a/downloaded_clips/site_257_item_1536563/site_257_item_1536563_clip_019.webm,16.951,27.051,10.101,night,autumn,-0.5,0.866025,0.5,-0.866025,autumn_night
1539712_clip015_s000,resources/site_257_bowra-dry-a/downloaded_clips/site_257_item_1539712/site_257_item_1539712_clip_015.webm,105.883,118.724,12.841,night,autumn,-0.5,0.866025,0.866025,-0.5,autumn_night
1678158_clip002_s000,resources/site_257_bowra-dry-a/downloaded_clips/site_257_item_1678158/site_257_item_1678158_clip_002.webm,132.214,142.524,10.31,night,autumn,-0.258819,0.965926,0.866025,-0.5,autumn_night
1678158_clip002_s001,resources/site_257_bowra-dry-a/downloaded_clips/site_257_item_1678158/site_257_item_1678158_clip_002.webm,238.051,248.454,10.403,night,autumn,-0.258819,0.965926,0.866025,-0.5,autumn_night
1678158_clip004_s000,resources/site_257_bowra-dry-a/downloaded_clips/site_257_item_1678158/site_257_item_1678158_clip_004.webm,138.205,150.651,12.446,night,autumn,-0.258819,0.965926,0.866025,-0.5,autumn_night
1678158_clip005_s000,resources/site_257_bowra-dry-a/downloaded_clips/site_257_item_1678158/site_257_item_1678158_clip_005.webm,57.353,68.801,11.447,night,autumn,-0.258819,0.965926,0.866025,-0.5,autumn_night
1678158_clip005_s001,resources/site_257_bowra-dry-a/downloaded_clips/site_257_item_1678158/site_257_item_1678158_clip_005.webm,252.726,272.44,19.714,night,autumn,-0.258819,0.965926,0.866025,-0.5,autumn_night
1678158_clip008_s000,resources/site_257_bowra-dry-a/downloaded_clips/site_257_item_1678158/site_257_item_1678158_clip_008.webm,228.043,239.746,11.703,night,autumn,-0.258819,0.965926,0.866025,-0.5,autumn_night
1678158_clip008_s001,resources/site_257_bowra-dry-a/downloaded_clips/site_257_item_1678158/site_257_item_1678158_clip_008.webm,257.649,270.489,12.841,night,autumn,-0.258819,0.965926,0.866025,-0.5,autumn_night
1678158_clip010_s000,resources/site_257_bowra-dry-a/downloaded_clips/site_257_item_1678158/site_257_item_1678158_clip_010.webm,30.674,42.493,11.819,night,autumn,-0.258819,0.965926,0.866025,-0.5,autumn_night
1678158_clip010_s001,resources/site_257_bowra-dry-a/downloaded_clips/site_257_item_1678158/site_257_item_1678158_clip_010.webm,70.937,83.127,12.19,night,autumn,-0.258819,0.965926,0.866025,-0.5,autumn_night
1678158_clip010_s002,resources/site_257_bowra-dry-a/downloaded_clips/site_257_item_1678158/site_257_item_1678158_clip_010.webm,264.22,277.432,13.212,night,autumn,-0.258819,0.965926,0.866025,-0.5,autumn_night
1678158_clip011_s000,resources/site_257_bowra-dry-a/downloaded_clips/site_257_item_1678158/site_257_item_1678158_clip_011.webm,93.066,103.282,10.217,night,autumn,-0.258819,0.965926,0.866025,-0.5,autumn_night
1680271_clip004_s000,resources/site_257_bowra-dry-a/downloaded_clips/site_257_item_1680271/site_257_item_1680271_clip_004.webm,99.73,111.688,11.958,night,autumn,-0.5,0.866025,0.866025,-0.5,autumn_night
1680500_clip009_s000,resources/site_257_bowra-dry-a/downloaded_clips/site_257_item_1680500/site_257_item_1680500_clip_009.webm,14.095,30.256,16.161,night,autumn,-0.5,0.866025,0.5,-0.866025,autumn_night
1680500_clip009_s001,resources/site_257_bowra-dry-a/downloaded_clips/site_257_item_1680500/site_257_item_1680500_clip_009.webm,227.347,244.39,17.043,night,autumn,-0.5,0.866025,0.5,-0.866025,autumn_night
1680500_clip009_s002,resources/site_257_bowra-dry-a/downloaded_clips/site_257_item_1680500/site_257_item_1680500_clip_009.webm,249.754,261.224,11.471,night,autumn,-0.5,0.866025,0.5,-0.866025,autumn_night
1680500_clip010_s000,resources/site_257_bowra-dry-a/downloaded_clips/site_257_item_1680500/site_257_item_1680500_clip_010.webm,168.647,182.277,13.63,night,autumn,-0.5,0.866025,0.5,-0.866025,autumn_night
1680500_clip011_s000,resources/site_257_bowra-dry-a/downloaded_clips/site_257_item_1680500/site_257_item_1680500_clip_011.webm,87.377,100.542,13.166,night,autumn,-0.5,0.866025,0.5,-0.866025,autumn_night
1680500_clip014_s000,resources/site_257_bowra-dry-a/downloaded_clips/site_257_item_1680500/site_257_item_1680500_clip_014.webm,35.898,46.44,10.542,night,autumn,-0.5,0.866025,0.5,-0.866025,autumn_night
1680500_clip014_s001,resources/site_257_bowra-dry-a/downloaded_clips/site_257_item_1680500/site_257_item_1680500_clip_014.webm,186.503,204.87,18.367,night,autumn,-0.5,0.866025,0.5,-0.866025,autumn_night
1680500_clip015_s000,resources/site_257_bowra-dry-a/downloaded_clips/site_257_item_1680500/site_257_item_1680500_clip_015.webm,278.454,288.67,10.217,night,autumn,-0.5,0.866025,0.5,-0.866025,autumn_night
1680500_clip016_s000,resources/site_257_bowra-dry-a/downloaded_clips/site_257_item_1680500/site_257_item_1680500_clip_016.webm,78.228,95.364,17.136,night,autumn,-0.5,0.866025,0.5,-0.866025,autumn_night
1680500_clip017_s000,resources/site_257_bowra-dry-a/downloaded_clips/site_257_item_1680500/site_257_item_1680500_clip_017.webm,86.401,98.22,11.819,night,autumn,-0.5,0.866025,0.5,-0.866025,autumn_night
1680500_clip018_s000,resources/site_257_bowra-dry-a/downloaded_clips/site_257_item_1680500/site_257_item_1680500_clip_018.webm,29.025,43.259,14.234,night,autumn,-0.5,0.866025,0.5,-0.866025,autumn_night
1680500_clip018_s001,resources/site_257_bowra-dry-a/downloaded_clips/site_257_item_1680500/site_257_item_1680500_clip_018.webm,115.682,125.759,10.077,night,autumn,-0.5,0.866025,0.5,-0.866025,autumn_night
1680500_clip020_s000,resources/site_257_bowra-dry-a/downloaded_clips/site_257_item_1680500/site_257_item_1680500_clip_020.webm,115.055,129.823,14.768,night,autumn,-0.5,0.866025,0.5,-0.866025,autumn_night
1680500_clip020_s001,resources/site_257_bowra-dry-a/downloaded_clips/site_257_item_1680500/site_257_item_1680500_clip_020.webm,212.695,229.738,17.043,night,autumn,-0.5,0.866025,0.5,-0.866025,autumn_night
1680500_clip020_s002,resources/site_257_bowra-dry-a/downloaded_clips/site_257_item_1680500/site_257_item_1680500_clip_020.webm,273.229,285.071,11.842,night,autumn,-0.5,0.866025,0.5,-0.866025,autumn_night
1680500_clip021_s000,resources/site_257_bowra-dry-a/downloaded_clips/site_257_item_1680500/site_257_item_1680500_clip_021.webm,96.943,108.739,11.796,night,autumn,-0.5,0.866025,0.5,-0.866025,autumn_night
1680500_clip022_s000,resources/site_257_bowra-dry-a/downloaded_clips/site_257_item_1680500/site_257_item_1680500_clip_022.webm,105.024,116.587,11.564,night,autumn,-0.5,0.866025,0.5,-0.866025,autumn_night
1680609_clip002_s000,resources/site_257_bowra-dry-a/downloaded_clips/site_257_item_1680609/site_257_item_1680609_clip_002.webm,250.102,260.876,10.774,night,autumn,-0.5,0.866025,0.5,-0.866025,autumn_night
1680609_clip003_s000,resources/site_257_bowra-dry-a/downloaded_clips/site_257_item_1680609/site_257_item_1680609_clip_003.webm,182.741,195.791,13.05,night,autumn,-0.5,0.866025,0.5,-0.866025,autumn_night
1680609_clip004_s000,resources/site_257_bowra-dry-a/downloaded_clips/site_257_item_1680609/site_257_item_1680609_clip_004.webm,53.058,64.273,11.215,night,autumn,-0.5,0.866025,0.5,-0.866025,autumn_night
1680609_clip010_s000,resources/site_257_bowra-dry-a/downloaded_clips/site_257_item_1680609/site_257_item_1680609_clip_010.webm,88.793,99.892,11.099,night,autumn,-0.5,0.866025,0.5,-0.866025,autumn_night
1680609_clip011_s000,resources/site_257_bowra-dry-a/downloaded_clips/site_257_item_1680609/site_257_item_1680609_clip_011.webm,76.603,87.934,11.331,night,autumn,-0.5,0.866025,0.5,-0.866025,autumn_night
1680609_clip011_s001,resources/site_257_bowra-dry-a/downloaded_clips/site_257_item_1680609/site_257_item_1680609_clip_011.webm,229.808,240.025,10.217,night,autumn,-0.5,0.866025,0.5,-0.866025,autumn_night
1680609_clip012_s000,resources/site_257_bowra-dry-a/downloaded_clips/site_257_item_1680609/site_257_item_1680609_clip_012.webm,14.489,25.496,11.006,night,autumn,-0.5,0.866025,0.5,-0.866025,autumn_night
1680609_clip012_s001,resources/site_257_bowra-dry-a/downloaded_clips/site_257_item_1680609/site_257_item_1680609_clip_012.webm,202.826,213.647,10.82,night,autumn,-0.5,0.866025,0.5,-0.866025,autumn_night
1680609_clip012_s002,resources/site_257_bowra-dry-a/downloaded_clips/site_257_item_1680609/site_257_item_1680609_clip_012.webm,269.584,284.073,14.489,night,autumn,-0.5,0.866025,0.5,-0.866025,autumn_night
1680609_clip013_s000,resources/site_257_bowra-dry-a/downloaded_clips/site_257_item_1680609/site_257_item_1680609_clip_013.webm,214.715,227.323,12.608,night,autumn,-0.5,0.866025,0.5,-0.866025,autumn_night
1680609_clip013_s001,resources/site_257_bowra-dry-a/downloaded_clips/site_257_item_1680609/site_257_item_1680609_clip_013.webm,227.532,239.282,11.749,night,autumn,-0.5,0.866025,0.5,-0.866025,autumn_night
1680609_clip013_s002,resources/site_257_bowra-dry-a/downloaded_clips/site_257_item_1680609/site_257_item_1680609_clip_013.webm,247.71,258.926,11.215,night,autumn,-0.5,0.866025,0.5,-0.866025,autumn_night
1680609_clip014_s000,resources/site_257_bowra-dry-a/downloaded_clips/site_257_item_1680609/site_257_item_1680609_clip_014.webm,21.595,33.878,12.283,night,autumn,-0.5,0.866025,0.5,-0.866025,autumn_night
1680609_clip014_s001,resources/site_257_bowra-dry-a/downloaded_clips/site_257_item_1680609/site_257_item_1680609_clip_014.webm,108.902,121.185,12.283,night,autumn,-0.5,0.866025,0.5,-0.866025,autumn_night
1680609_clip017_s000,resources/site_257_bowra-dry-a/downloaded_clips/site_257_item_1680609/site_257_item_1680609_clip_017.webm,0.139,11.401,11.262,night,autumn,-0.5,0.866025,0.5,-0.866025,autumn_night
1680609_clip018_s000,resources/site_257_bowra-dry-a/downloaded_clips/site_257_item_1680609/site_257_item_1680609_clip_018.webm,106.881,119.072,12.19,night,autumn,-0.5,0.866025,0.5,-0.866025,autumn_night
1680609_clip018_s001,resources/site_257_bowra-dry-a/downloaded_clips/site_257_item_1680609/site_257_item_1680609_clip_018.webm,237.796,248.361,10.565,night,autumn,-0.5,0.866025,0.5,-0.866025,autumn_night
1680609_clip018_s002,resources/site_257_bowra-dry-a/downloaded_clips/site_257_item_1680609/site_257_item_1680609_clip_018.webm,270.234,280.404,10.17,night,autumn,-0.5,0.866025,0.5,-0.866025,autumn_night
1680609_clip019_s000,resources/site_257_bowra-dry-a/downloaded_clips/site_257_item_1680609/site_257_item_1680609_clip_019.webm,68.824,79.273,10.449,night,autumn,-0.5,0.866025,0.5,-0.866025,autumn_night
1680609_clip019_s001,resources/site_257_bowra-dry-a/downloaded_clips/site_257_item_1680609/site_257_item_1680609_clip_019.webm,252.145,265.915,13.769,night,autumn,-0.5,0.866025,0.5,-0.866025,autumn_night
1680609_clip019_s002,resources/site_257_bowra-dry-a/downloaded_clips/site_257_item_1680609/site_257_item_1680609_clip_019.webm,268.167,286.047,17.879,night,autumn,-0.5,0.866025,0.5,-0.866025,autumn_night
1680609_clip022_s000,resources/site_257_bowra-dry-a/downloaded_clips/site_257_item_1680609/site_257_item_1680609_clip_022.webm,230.481,240.744,10.263,night,autumn,-0.5,0.866025,0.5,-0.866025,autumn_night
1680609_clip023_s000,resources/site_257_bowra-dry-a/downloaded_clips/site_257_item_1680609/site_257_item_1680609_clip_023.webm,93.994,104.165,10.17,night,autumn,-0.5,0.866025,0.5,-0.866025,autumn_night
216473_clip009_s000,resources/site_257_bowra-dry-a/downloaded_clips/site_257_item_216473/site_257_item_216473_clip_009.webm,148.793,160.357,11.564,night,autumn,-0.5,0.866025,0.866025,-0.5,autumn_night
216473_clip011_s000,resources/site_257_bowra-dry-a/downloaded_clips/site_257_item_216473/site_257_item_216473_clip_011.webm,14.257,33.321,19.064,night,autumn,-0.5,0.866025,0.866025,-0.5,autumn_night
216473_clip011_s001,resources/site_257_bowra-dry-a/downloaded_clips/site_257_item_216473/site_257_item_216473_clip_011.webm,96.734,107.416,10.681,night,autumn,-0.5,0.866025,0.866025,-0.5,autumn_night
216473_clip012_s000,resources/site_257_bowra-dry-a/downloaded_clips/site_257_item_216473/site_257_item_216473_clip_012.webm,8.777,21.2,12.423,night,autumn,-0.5,0.866025,0.866025,-0.5,autumn_night
216473_clip012_s001,resources/site_257_bowra-dry-a/downloaded_clips/site_257_item_216473/site_257_item_216473_clip_012.webm,44.513,57.214,12.701,night,autumn,-0.5,0.866025,0.866025,-0.5,autumn_night
216473_clip012_s002,resources/site_257_bowra-dry-a/downloaded_clips/site_257_item_216473/site_257_item_216473_clip_012.webm,106.858,117.377,10.519,night,autumn,-0.5,0.866025,0.866025,-0.5,autumn_night
216473_clip012_s003,resources/site_257_bowra-dry-a/downloaded_clips/site_257_item_216473/site_257_item_216473_clip_012.webm,165.883,184.436,18.553,night,autumn,-0.5,0.866025,0.866025,-0.5,autumn_night
216473_clip013_s000,resources/site_257_bowra-dry-a/downloaded_clips/site_257_item_216473/site_257_item_216473_clip_013.webm,76.161,88.514,12.353,night,autumn,-0.5,0.866025,0.866025,-0.5,autumn_night
216473_clip013_s001,resources/site_257_bowra-dry-a/downloaded_clips/site_257_item_216473/site_257_item_216473_clip_013.webm,223.26,234.336,11.076,night,autumn,-0.5,0.866025,0.866025,-0.5,autumn_night
216473_clip015_s000,resources/site_257_bowra-dry-a/downloaded_clips/site_257_item_216473/site_257_item_216473_clip_015.webm,0.139,14.28,14.141,night,autumn,-0.5,0.866025,0.866025,-0.5,autumn_night
216473_clip015_s001,resources/site_257_bowra-dry-a/downloaded_clips/site_257_item_216473/site_257_item_216473_clip_015.webm,34.435,47.067,12.632,night,autumn,-0.5,0.866025,0.866025,-0.5,autumn_night
216473_clip015_s002,resources/site_257_bowra-dry-a/downloaded_clips/site_257_item_216473/site_257_item_216473_clip_015.webm,131.68,142.71,11.029,night,autumn,-0.5,0.866025,0.866025,-0.5,autumn_night
216473_clip015_s003,resources/site_257_bowra-dry-a/downloaded_clips/site_257_item_216473/site_257_item_216473_clip_015.webm,222.331,237.749,15.418,night,autumn,-0.5,0.866025,0.866025,-0.5,autumn_night
216473_clip015_s004,resources/site_257_bowra-dry-a/downloaded_clips/site_257_item_216473/site_257_item_216473_clip_015.webm,251.82,262.873,11.053,night,autumn,-0.5,0.866025,0.866025,-0.5,autumn_night
216473_clip015_s005,resources/site_257_bowra-dry-a/downloaded_clips/site_257_item_216473/site_257_item_216473_clip_015.webm,273.183,285.768,12.585,night,autumn,-0.5,0.866025,0.866025,-0.5,autumn_night
216473_clip016_s000,resources/site_257_bowra-dry-a/downloaded_clips/site_257_item_216473/site_257_item_216473_clip_016.webm,27.098,37.175,10.077,night,autumn,-0.5,0.866025,0.866025,-0.5,autumn_night
216473_clip016_s001,resources/site_257_bowra-dry-a/downloaded_clips/site_257_item_216473/site_257_item_216473_clip_016.webm,145.659,156.294,10.635,night,autumn,-0.5,0.866025,0.866025,-0.5,autumn_night
216473_clip016_s002,resources/site_257_bowra-dry-a/downloaded_clips/site_257_item_216473/site_257_item_216473_clip_016.webm,240.93,257.765,16.834,night,autumn,-0.5,0.866025,0.866025,-0.5,autumn_night
216473_clip017_s000,resources/site_257_bowra-dry-a/downloaded_clips/site_257_item_216473/site_257_item_216473_clip_017.webm,92.787,107.114,14.327,night,autumn,-0.5,0.866025,0.866025,-0.5,autumn_night
216473_clip017_s001,resources/site_257_bowra-dry-a/downloaded_clips/site_257_item_216473/site_257_item_216473_clip_017.webm,207.656,218.5,10.844,night,autumn,-0.5,0.866025,0.866025,-0.5,autumn_night
216473_clip018_s000,resources/site_257_bowra-dry-a/downloaded_clips/site_257_item_216473/site_257_item_216473_clip_018.webm,86.587,98.151,11.564,night,autumn,-0.5,0.866025,0.866025,-0.5,autumn_night
216473_clip018_s001,resources/site_257_bowra-dry-a/downloaded_clips/site_257_item_216473/site_257_item_216473_clip_018.webm,216.665,231.224,14.559,night,autumn,-0.5,0.866025,0.866025,-0.5,autumn_night
216473_clip021_s000,resources/site_257_bowra-dry-a/downloaded_clips/site_257_item_216473/site_257_item_216473_clip_021.webm,8.475,18.878,10.403,night,autumn,-0.5,0.866025,0.866025,-0.5,autumn_night
216473_clip021_s001,resources/site_257_bowra-dry-a/downloaded_clips/site_257_item_216473/site_257_item_216473_clip_021.webm,91.765,103.584,11.819,night,autumn,-0.5,0.866025,0.866025,-0.5,autumn_night
216473_clip021_s002,resources/site_257_bowra-dry-a/downloaded_clips/site_257_item_216473/site_257_item_216473_clip_021.webm,256.441,268.33,11.889,night,autumn,-0.5,0.866025,0.866025,-0.5,autumn_night
216473_clip022_s000,resources/site_257_bowra-dry-a/downloaded_clips/site_257_item_216473/site_257_item_216473_clip_022.webm,160.775,172.315,11.54,night,autumn,-0.5,0.866025,0.866025,-0.5,autumn_night
216473_clip023_s000,resources/site_257_bowra-dry-a/downloaded_clips/site_257_item_216473/site_257_item_216473_clip_023.webm,139.064,153.53,14.466,night,autumn,-0.5,0.866025,0.866025,-0.5,autumn_night
216473_clip023_s001,resources/site_257_bowra-dry-a/downloaded_clips/site_257_item_216473/site_257_item_216473_clip_023.webm,187.06,197.973,10.913,night,autumn,-0.5,0.866025,0.866025,-0.5,autumn_night
216473_clip024_s000,resources/site_257_bowra-dry-a/downloaded_clips/site_257_item_216473/site_257_item_216473_clip_024.webm,57.516,68.151,10.635,night,autumn,-0.5,0.866025,0.866025,-0.5,autumn_night
216586_clip001_s000,resources/site_257_bowra-dry-a/downloaded_clips/site_257_item_216586/site_257_item_216586_clip_001.webm,103.816,121.301,17.485,night,autumn,-0.5,0.866025,0.866025,-0.5,autumn_night
216586_clip002_s000,resources/site_257_bowra-dry-a/downloaded_clips/site_257_item_216586/site_257_item_216586_clip_002.webm,33.135,45.209,12.074,night,autumn,-0.5,0.866025,0.866025,-0.5,autumn_night
216586_clip003_s000,resources/site_257_bowra-dry-a/downloaded_clips/site_257_item_216586/site_257_item_216586_clip_003.webm,20.039,31.649,11.61,night,autumn,-0.5,0.866025,0.866025,-0.5,autumn_night
216630_clip016_s000,resources/site_257_bowra-dry-a/downloaded_clips/site_257_item_216630/site_257_item_216630_clip_016.webm,281.17,291.457,10.286,night,autumn,-0.5,0.866025,0.866025,-0.5,autumn_night
1312963_clip003_s000,resources/site_257_bowra-dry-a/downloaded_clips/site_257_item_1312963/site_257_item_1312963_clip_003.webm,7.129,17.485,10.356,night,autumn,-0.5,0.866025,0.866025,-0.5,autumn_night
1312963_clip005_s000,resources/site_257_bowra-dry-a/downloaded_clips/site_257_item_1312963/site_257_item_1312963_clip_005.webm,135.117,145.682,10.565,night,autumn,-0.5,0.866025,0.866025,-0.5,autumn_night
1312963_clip010_s000,resources/site_257_bowra-dry-a/downloaded_clips/site_257_item_1312963/site_257_item_1312963_clip_010.webm,188.546,200.829,12.283,night,autumn,-0.5,0.866025,0.866025,-0.5,autumn_night
1312963_clip012_s000,resources/site_257_bowra-dry-a/downloaded_clips/site_257_item_1312963/site_257_item_1312963_clip_012.webm,172.455,183.298,10.844,night,autumn,-0.5,0.866025,0.866025,-0.5,autumn_night
1312963_clip013_s000,resources/site_257_bowra-dry-a/downloaded_clips/site_257_item_1312963/site_257_item_1312963_clip_013.webm,110.666,122.834,12.167,night,autumn,-0.5,0.866025,0.866025,-0.5,autumn_night
1312963_clip013_s001,resources/site_257_bowra-dry-a/downloaded_clips/site_257_item_1312963/site_257_item_1312963_clip_013.webm,226.604,241.58,14.977,night,autumn,-0.5,0.866025,0.866025,-0.5,autumn_night
1312963_clip014_s000,resources/site_257_bowra-dry-a/downloaded_clips/site_257_item_1312963/site_257_item_1312963_clip_014.webm,177.191,187.571,10.379,night,autumn,-0.5,0.866025,0.866025,-0.5,autumn_night
1312963_clip017_s000,resources/site_257_bowra-dry-a/downloaded_clips/site_257_item_1312963/site_257_item_1312963_clip_017.webm,258.601,269.444,10.844,night,autumn,-0.5,0.866025,0.866025,-0.5,autumn_night
1312963_clip018_s000,resources/site_257_bowra-dry-a/downloaded_clips/site_257_item_1312963/site_257_item_1312963_clip_018.webm,103.12,114.939,11.819,night,autumn,-0.5,0.866025,0.866025,-0.5,autumn_night
1312963_clip019_s000,resources/site_257_bowra-dry-a/downloaded_clips/site_257_item_1312963/site_257_item_1312963_clip_019.webm,96.99,109.296,12.307,night,autumn,-0.5,0.866025,0.866025,-0.5,autumn_night
1312963_clip022_s000,resources/site_257_bowra-dry-a/downloaded_clips/site_257_item_1312963/site_257_item_1312963_clip_022.webm,101.634,111.92,10.286,night,autumn,-0.5,0.866025,0.866025,-0.5,autumn_night
1312963_clip022_s001,resources/site_257_bowra-dry-a/downloaded_clips/site_257_item_1312963/site_257_item_1312963_clip_022.webm,119.699,136.278,16.579,night,autumn,-0.5,0.866025,0.866025,-0.5,autumn_night
1312963_clip023_s000,resources/site_257_bowra-dry-a/downloaded_clips/site_257_item_1312963/site_257_item_1312963_clip_023.webm,184.459,194.676,10.217,night,autumn,-0.5,0.866025,0.866025,-0.5,autumn_night
1313157_clip001_s000,resources/site_257_bowra-dry-a/downloaded_clips/site_257_item_1313157/site_257_item_1313157_clip_001.webm,114.381,125.759,11.378,night,autumn,-0.5,0.866025,0.866025,-0.5,autumn_night
1313157_clip001_s001,resources/site_257_bowra-dry-a/downloaded_clips/site_257_item_1313157/site_257_item_1313157_clip_001.webm,180.976,195.024,14.048,night,autumn,-0.5,0.866025,0.866025,-0.5,autumn_night
1313157_clip005_s000,resources/site_257_bowra-dry-a/downloaded_clips/site_257_item_1313157/site_257_item_1313157_clip_005.webm,0.813,11.912,11.099,night,autumn,-0.5,0.866025,0.866025,-0.5,autumn_night
1313157_clip005_s001,resources/site_257_bowra-dry-a/downloaded_clips/site_257_item_1313157/site_257_item_1313157_clip_005.webm,91.463,104.002,12.539,night,autumn,-0.5,0.866025,0.866025,-0.5,autumn_night
1313157_clip005_s002,resources/site_257_bowra-dry-a/downloaded_clips/site_257_item_1313157/site_257_item_1313157_clip_005.webm,123.368,135.605,12.237,night,autumn,-0.5,0.866025,0.866025,-0.5,autumn_night
1313157_clip005_s003,resources/site_257_bowra-dry-a/downloaded_clips/site_257_item_1313157/site_257_item_1313157_clip_005.webm,277.246,287.951,10.704,night,autumn,-0.5,0.866025,0.866025,-0.5,autumn_night
1313157_clip006_s000,resources/site_257_bowra-dry-a/downloaded_clips/site_257_item_1313157/site_257_item_1313157_clip_006.webm,26.842,39.753,12.91,night,autumn,-0.5,0.866025,0.866025,-0.5,autumn_night
1313157_clip006_s001,resources/site_257_bowra-dry-a/downloaded_clips/site_257_item_1313157/site_257_item_1313157_clip_006.webm,161.89,174.475,12.585,night,autumn,-0.5,0.866025,0.866025,-0.5,autumn_night
1313157_clip006_s002,resources/site_257_bowra-dry-a/downloaded_clips/site_257_item_1313157/site_257_item_1313157_clip_006.webm,207.401,217.803,10.403,night,autumn,-0.5,0.866025,0.866025,-0.5,autumn_night
1313157_clip007_s000,resources/site_257_bowra-dry-a/downloaded_clips/site_257_item_1313157/site_257_item_1313157_clip_007.webm,24.033,34.598,10.565,night,autumn,-0.5,0.866025,0.866025,-0.5,autumn_night
1313157_clip007_s001,resources/site_257_bowra-dry-a/downloaded_clips/site_257_item_1313157/site_257_item_1313157_clip_007.webm,184.436,197.021,12.585,night,autumn,-0.5,0.866025,0.866025,-0.5,autumn_night
1313157_clip007_s002,resources/site_257_bowra-dry-a/downloaded_clips/site_257_item_1313157/site_257_item_1313157_clip_007.webm,205.497,215.806,10.31,night,autumn,-0.5,0.866025,0.866025,-0.5,autumn_night
1313157_clip008_s000,resources/site_257_bowra-dry-a/downloaded_clips/site_257_item_1313157/site_257_item_1313157_clip_008.webm,287.556,298.841,11.285,night,autumn,-0.5,0.866025,0.866025,-0.5,autumn_night
1313157_clip009_s000,resources/site_257_bowra-dry-a/downloaded_clips/site_257_item_1313157/site_257_item_1313157_clip_009.webm,60.906,73.213,12.307,night,autumn,-0.5,0.866025,0.866025,-0.5,autumn_night
1313157_clip009_s001,resources/site_257_bowra-dry-a/downloaded_clips/site_257_item_1313157/site_257_item_1313157_clip_009.webm,244.576,255.025,10.449,night,autumn,-0.5,0.866025,0.866025,-0.5,autumn_night
1313157_clip009_s002,resources/site_257_bowra-dry-a/downloaded_clips/site_257_item_1313157/site_257_item_1313157_clip_009.webm,279.591,289.692,10.101,night,autumn,-0.5,0.866025,0.866025,-0.5,autumn_night
1313157_clip010_s000,resources/site_257_bowra-dry-a/downloaded_clips/site_257_item_1313157/site_257_item_1313157_clip_010.webm,118.979,132.725,13.746,night,autumn,-0.5,0.866025,0.866025,-0.5,autumn_night
1313157_clip011_s000,resources/site_257_bowra-dry-a/downloaded_clips/site_257_item_1313157/site_257_item_1313157_clip_011.webm,56.146,67.245,11.099,night,autumn,-0.5,0.866025,0.866025,-0.5,autumn_night
1313157_clip011_s001,resources/site_257_bowra-dry-a/downloaded_clips/site_257_item_1313157/site_257_item_1313157_clip_011.webm,70.333,81.154,10.82,night,autumn,-0.5,0.866025,0.866025,-0.5,autumn_night
1313157_clip011_s002,resources/site_257_bowra-dry-a/downloaded_clips/site_257_item_1313157/site_257_item_1313157_clip_011.webm,105.372,120.535,15.163,night,autumn,-0.5,0.866025,0.866025,-0.5,autumn_night
1313157_clip011_s003,resources/site_257_bowra-dry-a/downloaded_clips/site_257_item_1313157/site_257_item_1313157_clip_011.webm,136.58,147.818,11.238,night,autumn,-0.5,0.866025,0.866025,-0.5,autumn_night
1313157_clip011_s004,resources/site_257_bowra-dry-a/downloaded_clips/site_257_item_1313157/site_257_item_1313157_clip_011.webm,150.349,163.608,13.259,night,autumn,-0.5,0.866025,0.866025,-0.5,autumn_night
1313157_clip011_s005,resources/site_257_bowra-dry-a/downloaded_clips/site_257_item_1313157/site_257_item_1313157_clip_011.webm,203.894,214.622,10.728,night,autumn,-0.5,0.866025,0.866025,-0.5,autumn_night
1313157_clip011_s006,resources/site_257_bowra-dry-a/downloaded_clips/site_257_item_1313157/site_257_item_1313157_clip_011.webm,256.093,266.426,10.333,night,autumn,-0.5,0.866025,0.866025,-0.5,autumn_night
1313157_clip012_s000,resources/site_257_bowra-dry-a/downloaded_clips/site_257_item_1313157/site_257_item_1313157_clip_012.webm,3.251,15.627,12.376,night,autumn,-0.5,0.866025,0.866025,-0.5,autumn_night
1313157_clip014_s000,resources/site_257_bowra-dry-a/downloaded_clips/site_257_item_1313157/site_257_item_1313157_clip_014.webm,76.208,87.353,11.146,night,autumn,-0.5,0.866025,0.866025,-0.5,autumn_night
1313157_clip015_s000,resources/site_257_bowra-dry-a/downloaded_clips/site_257_item_1313157/site_257_item_1313157_clip_015.webm,171.804,184.041,12.237,night,autumn,-0.5,0.866025,0.866025,-0.5,autumn_night
1313157_clip017_s000,resources/site_257_bowra-dry-a/downloaded_clips/site_257_item_1313157/site_257_item_1313157_clip_017.webm,41.866,55.681,13.816,night,autumn,-0.5,0.866025,0.866025,-0.5,autumn_night
1313157_clip018_s000,resources/site_257_bowra-dry-a/downloaded_clips/site_257_item_1313157/site_257_item_1313157_clip_018.webm,32.392,44.466,12.074,night,autumn,-0.5,0.866025,0.866025,-0.5,autumn_night
1313157_clip018_s001,resources/site_257_bowra-dry-a/downloaded_clips/site_257_item_1313157/site_257_item_1313157_clip_018.webm,60.999,71.61,10.612,night,autumn,-0.5,0.866025,0.866025,-0.5,autumn_night
1313157_clip018_s002,resources/site_257_bowra-dry-a/downloaded_clips/site_257_item_1313157/site_257_item_1313157_clip_018.webm,99.196,109.761,10.565,night,autumn,-0.5,0.866025,0.866025,-0.5,autumn_night
1313157_clip019_s000,resources/site_257_bowra-dry-a/downloaded_clips/site_257_item_1313157/site_257_item_1313157_clip_019.webm,175.775,189.986,14.211,night,autumn,-0.5,0.866025,0.866025,-0.5,autumn_night
1313157_clip019_s001,resources/site_257_bowra-dry-a/downloaded_clips/site_257_item_1313157/site_257_item_1313157_clip_019.webm,212.207,222.656,10.449,night,autumn,-0.5,0.866025,0.866025,-0.5,autumn_night
1313157_clip019_s002,resources/site_257_bowra-dry-a/downloaded_clips/site_257_item_1313157/site_257_item_1313157_clip_019.webm,262.409,281.147,18.739,night,autumn,-0.5,0.866025,0.866025,-0.5,autumn_night
1313157_clip020_s000,resources/site_257_bowra-dry-a/downloaded_clips/site_257_item_1313157/site_257_item_1313157_clip_020.webm,129.474,140.69,11.215,night,autumn,-0.5,0.866025,0.866025,-0.5,autumn_night
1313157_clip021_s000,resources/site_257_bowra-dry-a/downloaded_clips/site_257_item_1313157/site_257_item_1313157_clip_021.webm,43.584,54.729,11.146,night,autumn,-0.5,0.866025,0.866025,-0.5,autumn_night
1313157_clip024_s000,resources/site_257_bowra-dry-a/downloaded_clips/site_257_item_1313157/site_257_item_1313157_clip_024.webm,89.165,99.892,10.728,night,autumn,-0.5,0.866025,0.866025,-0.5,autumn_night
1313177_clip002_s000,resources/site_257_bowra-dry-a/downloaded_clips/site_257_item_1313177/site_257_item_1313177_clip_002.webm,164.003,174.289,10.286,night,autumn,-0.5,0.866025,0.866025,-0.5,autumn_night
1313177_clip004_s000,resources/site_257_bowra-dry-a/downloaded_clips/site_257_item_1313177/site_257_item_1313177_clip_004.webm,261.805,271.999,10.194,night,autumn,-0.5,0.866025,0.866025,-0.5,autumn_night
1313177_clip008_s000,resources/site_257_bowra-dry-a/downloaded_clips/site_257_item_1313177/site_257_item_1313177_clip_008.webm,25.124,35.41,10.286,night,autumn,-0.5,0.866025,0.866025,-0.5,autumn_night
1313177_clip008_s001,resources/site_257_bowra-dry-a/downloaded_clips/site_257_item_1313177/site_257_item_1313177_clip_008.webm,172.222,185.853,13.63,night,autumn,-0.5,0.866025,0.866025,-0.5,autumn_night
1313177_clip011_s000,resources/site_257_bowra-dry-a/downloaded_clips/site_257_item_1313177/site_257_item_1313177_clip_011.webm,164.629,175.636,11.006,night,autumn,-0.5,0.866025,0.866025,-0.5,autumn_night
1313177_clip012_s000,resources/site_257_bowra-dry-a/downloaded_clips/site_257_item_1313177/site_257_item_1313177_clip_012.webm,112.919,125.016,12.098,night,autumn,-0.5,0.866025,0.866025,-0.5,autumn_night
1313177_clip014_s000,resources/site_257_bowra-dry-a/downloaded_clips/site_257_item_1313177/site_257_item_1313177_clip_014.webm,154.297,164.397,10.101,night,autumn,-0.5,0.866025,0.866025,-0.5,autumn_night
1313177_clip016_s000,resources/site_257_bowra-dry-a/downloaded_clips/site_257_item_1313177/site_257_item_1313177_clip_016.webm,127.687,139.111,11.424,night,autumn,-0.5,0.866025,0.866025,-0.5,autumn_night
1313177_clip023_s000,resources/site_257_bowra-dry-a/downloaded_clips/site_257_item_1313177/site_257_item_1313177_clip_023.webm,272.881,284.839,11.958,night,autumn,-0.5,0.866025,0.866025,-0.5,autumn_night
1313425_clip006_s000,resources/site_257_bowra-dry-a/downloaded_clips/site_257_item_1313425/site_257_item_1313425_clip_006.webm,57.284,67.477,10.194,night,autumn,-0.5,0.866025,0.866025,-0.5,autumn_night
1313425_clip009_s000,resources/site_257_bowra-dry-a/downloaded_clips/site_257_item_1313425/site_257_item_1313425_clip_009.webm,125.597,136.301,10.704,night,autumn,-0.5,0.866025,0.866025,-0.5,autumn_night
1313425_clip015_s000,resources/site_257_bowra-dry-a/downloaded_clips/site_257_item_1313425/site_257_item_1313425_clip_015.webm,140.643,155.922,15.279,night,autumn,-0.5,0.866025,0.866025,-0.5,autumn_night
1313425_clip022_s000,resources/site_257_bowra-dry-a/downloaded_clips/site_257_item_1313425/site_257_item_1313425_clip_022.webm,229.367,239.955,10.588,night,autumn,-0.5,0.866025,0.866025,-0.5,autumn_night
1535900_clip009_s000,resources/site_257_bowra-dry-a/downloaded_clips/site_257_item_1535900/site_257_item_1535900_clip_009.webm,238.933,254.05,15.116,night,autumn,-0.5,0.866025,1.0,0.0,autumn_night
1535900_clip012_s000,resources/site_257_bowra-dry-a/downloaded_clips/site_257_item_1535900/site_257_item_1535900_clip_012.webm,120.651,132.098,11.447,night,autumn,-0.5,0.866025,1.0,0.0,autumn_night
1535914_clip001_s000,resources/site_257_bowra-dry-a/downloaded_clips/site_257_item_1535914/site_257_item_1535914_clip_001.webm,44.884,56.773,11.889,night,autumn,-0.5,0.866025,1.0,0.0,autumn_night
1535914_clip006_s000,resources/site_257_bowra-dry-a/downloaded_clips/site_257_item_1535914/site_257_item_1535914_clip_006.webm,192.006,203.5,11.494,night,autumn,-0.5,0.866025,1.0,0.0,autumn_night
1535914_clip016_s000,resources/site_257_bowra-dry-a/downloaded_clips/site_257_item_1535914/site_257_item_1535914_clip_016.webm,262.827,273.694,10.867,night,autumn,-0.5,0.866025,1.0,0.0,autumn_night
1535914_clip019_s000,resources/site_257_bowra-dry-a/downloaded_clips/site_257_item_1535914/site_257_item_1535914_clip_019.webm,160.055,170.434,10.379,night,autumn,-0.5,0.866025,1.0,0.0,autumn_night
1535914_clip021_s000,resources/site_257_bowra-dry-a/downloaded_clips/site_257_item_1535914/site_257_item_1535914_clip_021.webm,11.517,22.129,10.612,night,autumn,-0.5,0.866025,1.0,0.0,autumn_night
1535914_clip021_s001,resources/site_257_bowra-dry-a/downloaded_clips/site_257_item_1535914/site_257_item_1535914_clip_021.webm,42.887,53.592,10.704,night,autumn,-0.5,0.866025,1.0,0.0,autumn_night
1535914_clip023_s000,resources/site_257_bowra-dry-a/downloaded_clips/site_257_item_1535914/site_257_item_1535914_clip_023.webm,27.91,39.149,11.238,night,autumn,-0.5,0.866025,1.0,0.0,autumn_night
1535914_clip023_s001,resources/site_257_bowra-dry-a/downloaded_clips/site_257_item_1535914/site_257_item_1535914_clip_023.webm,185.829,196.766,10.937,night,autumn,-0.5,0.866025,1.0,0.0,autumn_night
1534222_clip001_s000,resources/site_257_bowra-dry-a/downloaded_clips/site_257_item_1534222/site_257_item_1534222_clip_001.webm,167.416,177.702,10.286,night,autumn,-0.5,0.866025,0.866025,-0.5,autumn_night
1535462_clip002_s000,resources/site_257_bowra-dry-a/downloaded_clips/site_257_item_1535462/site_257_item_1535462_clip_002.webm,285.141,296.124,10.983,night,autumn,-0.258819,0.965926,0.866025,-0.5,autumn_night
1535462_clip003_s000,resources/site_257_bowra-dry-a/downloaded_clips/site_257_item_1535462/site_257_item_1535462_clip_003.webm,99.381,113.894,14.512,night,autumn,-0.258819,0.965926,0.866025,-0.5,autumn_night
1536152_clip016_s000,resources/site_257_bowra-dry-a/downloaded_clips/site_257_item_1536152/site_257_item_1536152_clip_016.webm,252.192,262.548,10.356,night,autumn,-0.5,0.866025,0.866025,-0.5,autumn_night
1536185_clip003_s000,resources/site_257_bowra-dry-a/downloaded_clips/site_257_item_1536185/site_257_item_1536185_clip_003.webm,83.592,97.152,13.56,night,autumn,-0.5,0.866025,0.866025,-0.5,autumn_night
1536185_clip005_s000,resources/site_257_bowra-dry-a/downloaded_clips/site_257_item_1536185/site_257_item_1536185_clip_005.webm,62.578,73.375,10.797,night,autumn,-0.5,0.866025,0.866025,-0.5,autumn_night
1536185_clip019_s000,resources/site_257_bowra-dry-a/downloaded_clips/site_257_item_1536185/site_257_item_1536185_clip_019.webm,215.272,225.28,10.008,night,autumn,-0.5,0.866025,0.866025,-0.5,autumn_night
1536689_clip002_s000,resources/site_257_bowra-dry-a/downloaded_clips/site_257_item_1536689/site_257_item_1536689_clip_002.webm,245.342,258.601,13.259,night,autumn,-0.5,0.866025,0.5,-0.866025,autumn_night
1536689_clip004_s000,resources/site_257_bowra-dry-a/downloaded_clips/site_257_item_1536689/site_257_item_1536689_clip_004.webm,62.508,72.887,10.379,night,autumn,-0.5,0.866025,0.5,-0.866025,autumn_night
1536689_clip006_s000,resources/site_257_bowra-dry-a/downloaded_clips/site_257_item_1536689/site_257_item_1536689_clip_006.webm,53.963,64.296,10.333,night,autumn,-0.5,0.866025,0.5,-0.866025,autumn_night
1536689_clip007_s000,resources/site_257_bowra-dry-a/downloaded_clips/site_257_item_1536689/site_257_item_1536689_clip_007.webm,153.507,169.993,16.486,night,autumn,-0.5,0.866025,0.5,-0.866025,autumn_night
1536689_clip007_s001,resources/site_257_bowra-dry-a/downloaded_clips/site_257_item_1536689/site_257_item_1536689_clip_007.webm,228.299,240.35,12.051,night,autumn,-0.5,0.866025,0.5,-0.866025,autumn_night
1536689_clip008_s000,resources/site_257_bowra-dry-a/downloaded_clips/site_257_item_1536689/site_257_item_1536689_clip_008.webm,100.659,112.013,11.355,night,autumn,-0.5,0.866025,0.5,-0.866025,autumn_night
1536689_clip009_s000,resources/site_257_bowra-dry-a/downloaded_clips/site_257_item_1536689/site_257_item_1536689_clip_009.webm,0.139,12.794,12.655,night,autumn,-0.5,0.866025,0.5,-0.866025,autumn_night
1536689_clip009_s001,resources/site_257_bowra-dry-a/downloaded_clips/site_257_item_1536689/site_257_item_1536689_clip_009.webm,97.477,116.541,19.064,night,autumn,-0.5,0.866025,0.5,-0.866025,autumn_night
1536689_clip010_s000,resources/site_257_bowra-dry-a/downloaded_clips/site_257_item_1536689/site_257_item_1536689_clip_010.webm,68.22,79.528,11.308,night,autumn,-0.5,0.866025,0.5,-0.866025,autumn_night
1536689_clip010_s001,resources/site_257_bowra-dry-a/downloaded_clips/site_257_item_1536689/site_257_item_1536689_clip_010.webm,186.085,198.159,12.074,night,autumn,-0.5,0.866025,0.5,-0.866025,autumn_night
1536689_clip011_s000,resources/site_257_bowra-dry-a/downloaded_clips/site_257_item_1536689/site_257_item_1536689_clip_011.webm,5.875,17.113,11.238,night,autumn,-0.5,0.866025,0.5,-0.866025,autumn_night
1536689_clip011_s001,resources/site_257_bowra-dry-a/downloaded_clips/site_257_item_1536689/site_257_item_1536689_clip_011.webm,59.048,75.511,16.463,night,autumn,-0.5,0.866025,0.5,-0.866025,autumn_night
1536689_clip012_s000,resources/site_257_bowra-dry-a/downloaded_clips/site_257_item_1536689/site_257_item_1536689_clip_012.webm,151.789,163.91,12.121,night,autumn,-0.5,0.866025,0.5,-0.866025,autumn_night
1536689_clip012_s001,resources/site_257_bowra-dry-a/downloaded_clips/site_257_item_1536689/site_257_item_1536689_clip_012.webm,182.277,192.517,10.24,night,autumn,-0.5,0.866025,0.5,-0.866025,autumn_night
1536689_clip012_s002,resources/site_257_bowra-dry-a/downloaded_clips/site_257_item_1536689/site_257_item_1536689_clip_012.webm,256.952,267.564,10.612,night,autumn,-0.5,0.866025,0.5,-0.866025,autumn_night
1536689_clip014_s000,resources/site_257_bowra-dry-a/downloaded_clips/site_257_item_1536689/site_257_item_1536689_clip_014.webm,153.252,164.235,10.983,night,autumn,-0.5,0.866025,0.5,-0.866025,autumn_night
1536689_clip014_s001,resources/site_257_bowra-dry-a/downloaded_clips/site_257_item_1536689/site_257_item_1536689_clip_014.webm,275.04,285.931,10.89,night,autumn,-0.5,0.866025,0.5,-0.866025,autumn_night
1536689_clip015_s000,resources/site_257_bowra-dry-a/downloaded_clips/site_257_item_1536689/site_257_item_1536689_clip_015.webm,86.889,102.191,15.302,night,autumn,-0.5,0.866025,0.5,-0.866025,autumn_night
1536689_clip015_s001,resources/site_257_bowra-dry-a/downloaded_clips/site_257_item_1536689/site_257_item_1536689_clip_015.webm,142.803,154.436,11.633,night,autumn,-0.5,0.866025,0.5,-0.866025,autumn_night
1536689_clip015_s002,resources/site_257_bowra-dry-a/downloaded_clips/site_257_item_1536689/site_257_item_1536689_clip_015.webm,210.93,223.655,12.725,night,autumn,-0.5,0.866025,0.5,-0.866025,autumn_night
1536689_clip015_s003,resources/site_257_bowra-dry-a/downloaded_clips/site_257_item_1536689/site_257_item_1536689_clip_015.webm,287.417,297.424,10.008,night,autumn,-0.5,0.866025,0.5,-0.866025,autumn_night
1536689_clip017_s000,resources/site_257_bowra-dry-a/downloaded_clips/site_257_item_1536689/site_257_item_1536689_clip_017.webm,196.301,214.251,17.949,night,autumn,-0.5,0.866025,0.5,-0.866025,autumn_night
1536689_clip017_s001,resources/site_257_bowra-dry-a/downloaded_clips/site_257_item_1536689/site_257_item_1536689_clip_017.webm,247.803,258.322,10.519,night,autumn,-0.5,0.866025,0.5,-0.866025,autumn_night
1536689_clip018_s000,resources/site_257_bowra-dry-a/downloaded_clips/site_257_item_1536689/site_257_item_1536689_clip_018.webm,18.228,30.372,12.144,night,autumn,-0.5,0.866025,0.5,-0.866025,autumn_night
1536689_clip018_s001,resources/site_257_bowra-dry-a/downloaded_clips/site_257_item_1536689/site_257_item_1536689_clip_018.webm,164.165,177.702,13.537,night,autumn,-0.5,0.866025,0.5,-0.866025,autumn_night
1536689_clip021_s000,resources/site_257_bowra-dry-a/downloaded_clips/site_257_item_1536689/site_257_item_1536689_clip_021.webm,249.707,260.18,10.472,night,autumn,-0.5,0.866025,0.5,-0.866025,autumn_night
1536689_clip022_s000,resources/site_257_bowra-dry-a/downloaded_clips/site_257_item_1536689/site_257_item_1536689_clip_022.webm,151.951,161.982,10.031,night,autumn,-0.5,0.866025,0.5,-0.866025,autumn_night
1536862_clip002_s000,resources/site_257_bowra-dry-a/downloaded_clips/site_257_item_1536862/site_257_item_1536862_clip_002.webm,274.321,286.047,11.726,night,autumn,-0.5,0.866025,0.5,-0.866025,autumn_night
1536862_clip003_s000,resources/site_257_bowra-dry-a/downloaded_clips/site_257_item_1536862/site_257_item_1536862_clip_003.webm,12.005,30.116,18.112,night,autumn,-0.5,0.866025,0.5,-0.866025,autumn_night
1536862_clip003_s001,resources/site_257_bowra-dry-a/downloaded_clips/site_257_item_1536862/site_257_item_1536862_clip_003.webm,239.328,253.353,14.025,night,autumn,-0.5,0.866025,0.5,-0.866025,autumn_night
1536862_clip004_s000,resources/site_257_bowra-dry-a/downloaded_clips/site_257_item_1536862/site_257_item_1536862_clip_004.webm,10.681,23.406,12.725,night,autumn,-0.5,0.866025,0.5,-0.866025,autumn_night
1536862_clip006_s000,resources/site_257_bowra-dry-a/downloaded_clips/site_257_item_1536862/site_257_item_1536862_clip_006.webm,166.603,176.75,10.147,night,autumn,-0.5,0.866025,0.5,-0.866025,autumn_night
1536862_clip006_s001,resources/site_257_bowra-dry-a/downloaded_clips/site_257_item_1536862/site_257_item_1536862_clip_006.webm,273.903,284.793,10.89,night,autumn,-0.5,0.866025,0.5,-0.866025,autumn_night
1536862_clip008_s000,resources/site_257_bowra-dry-a/downloaded_clips/site_257_item_1536862/site_257_item_1536862_clip_008.webm,58.329,69.103,10.774,night,autumn,-0.5,0.866025,0.5,-0.866025,autumn_night
1536862_clip011_s000,resources/site_257_bowra-dry-a/downloaded_clips/site_257_item_1536862/site_257_item_1536862_clip_011.webm,136.464,147.632,11.169,night,autumn,-0.5,0.866025,0.5,-0.866025,autumn_night
1536862_clip012_s000,resources/site_257_bowra-dry-a/downloaded_clips/site_257_item_1536862/site_257_item_1536862_clip_012.webm,254.862,265.474,10.612,night,autumn,-0.5,0.866025,0.5,-0.866025,autumn_night
1536862_clip013_s000,resources/site_257_bowra-dry-a/downloaded_clips/site_257_item_1536862/site_257_item_1536862_clip_013.webm,102.493,113.522,11.029,night,autumn,-0.5,0.866025,0.5,-0.866025,autumn_night
1536862_clip016_s000,resources/site_257_bowra-dry-a/downloaded_clips/site_257_item_1536862/site_257_item_1536862_clip_016.webm,110.434,127.269,16.834,night,autumn,-0.5,0.866025,0.5,-0.866025,autumn_night
1536862_clip016_s001,resources/site_257_bowra-dry-a/downloaded_clips/site_257_item_1536862/site_257_item_1536862_clip_016.webm,152.462,163.306,10.844,night,autumn,-0.5,0.866025,0.5,-0.866025,autumn_night
1536862_clip017_s000,resources/site_257_bowra-dry-a/downloaded_clips/site_257_item_1536862/site_257_item_1536862_clip_017.webm,139.598,152.787,13.189,night,autumn,-0.5,0.866025,0.5,-0.866025,autumn_night
1536862_clip023_s000,resources/site_257_bowra-dry-a/downloaded_clips/site_257_item_1536862/site_257_item_1536862_clip_023.webm,150.187,162.354,12.167,night,autumn,-0.5,0.866025,0.5,-0.866025,autumn_night
1536862_clip023_s001,resources/site_257_bowra-dry-a/downloaded_clips/site_257_item_1536862/site_257_item_1536862_clip_023.webm,210.28,222.61,12.33,night,autumn,-0.5,0.866025,0.5,-0.866025,autumn_night
1536862_clip024_s000,resources/site_257_bowra-dry-a/downloaded_clips/site_257_item_1536862/site_257_item_1536862_clip_024.webm,146.123,159.126,13.003,night,autumn,-0.5,0.866025,0.5,-0.866025,autumn_night
1536895_clip017_s000,resources/site_257_bowra-dry-a/downloaded_clips/site_257_item_1536895/site_257_item_1536895_clip_017.webm,207.935,218.593,10.658,night,autumn,-0.5,0.866025,0.5,-0.866025,autumn_night
1671086_clip008_s000,resources/site_257_bowra-dry-a/downloaded_clips/site_257_item_1671086/site_257_item_1671086_clip_008.webm,205.264,216.34,11.076,night,autumn,-0.5,0.866025,1.0,0.0,autumn_night
1671086_clip017_s000,resources/site_257_bowra-dry-a/downloaded_clips/site_257_item_1671086/site_257_item_1671086_clip_017.webm,77.16,88.538,11.378,night,autumn,-0.5,0.866025,1.0,0.0,autumn_night
1681746_clip005_s000,resources/site_257_bowra-dry-a/downloaded_clips/site_257_item_1681746/site_257_item_1681746_clip_005.webm,168.136,178.747,10.612,night,autumn,-0.5,0.866025,1.0,0.0,autumn_night
1681746_clip007_s000,resources/site_257_bowra-dry-a/downloaded_clips/site_257_item_1681746/site_257_item_1681746_clip_007.webm,7.964,18.855,10.89,night,autumn,-0.5,0.866025,1.0,0.0,autumn_night
1681746_clip007_s001,resources/site_257_bowra-dry-a/downloaded_clips/site_257_item_1681746/site_257_item_1681746_clip_007.webm,56.285,67.082,10.797,night,autumn,-0.5,0.866025,1.0,0.0,autumn_night
1681746_clip013_s000,resources/site_257_bowra-dry-a/downloaded_clips/site_257_item_1681746/site_257_item_1681746_clip_013.webm,189.034,201.99,12.957,night,autumn,-0.5,0.866025,1.0,0.0,autumn_night
1671762_clip006_s000,resources/site_257_bowra-dry-a/downloaded_clips/site_257_item_1671762/site_257_item_1671762_clip_006.webm,29.722,39.799,10.077,night,autumn,-0.5,0.866025,0.866025,-0.5,autumn_night
1671762_clip010_s000,resources/site_257_bowra-dry-a/downloaded_clips/site_257_item_1671762/site_257_item_1671762_clip_010.webm,19.226,30.557,11.331,night,autumn,-0.5,0.866025,0.866025,-0.5,autumn_night
1671762_clip010_s001,resources/site_257_bowra-dry-a/downloaded_clips/site_257_item_1671762/site_257_item_1671762_clip_010.webm,40.588,52.152,11.564,night,autumn,-0.5,0.866025,0.866025,-0.5,autumn_night
1671762_clip012_s000,resources/site_257_bowra-dry-a/downloaded_clips/site_257_item_1671762/site_257_item_1671762_clip_012.webm,176.239,187.942,11.703,night,autumn,-0.5,0.866025,0.866025,-0.5,autumn_night
1671762_clip018_s000,resources/site_257_bowra-dry-a/downloaded_clips/site_257_item_1671762/site_257_item_1671762_clip_018.webm,193.794,203.987,10.194,night,autumn,-0.5,0.866025,0.866025,-0.5,autumn_night
1671762_clip019_s000,resources/site_257_bowra-dry-a/downloaded_clips/site_257_item_1671762/site_257_item_1671762_clip_019.webm,31.463,43.886,12.423,night,autumn,-0.5,0.866025,0.866025,-0.5,autumn_night
1672601_clip023_s000,resources/site_257_bowra-dry-a/downloaded_clips/site_257_item_1672601/site_257_item_1672601_clip_023.webm,28.468,39.66,11.192,night,autumn,-0.5,0.866025,0.866025,-0.5,autumn_night
1673056_clip011_s000,resources/site_257_bowra-dry-a/downloaded_clips/site_257_item_1673056/site_257_item_1673056_clip_011.webm,15.232,25.658,10.426,night,autumn,-0.5,0.866025,0.5,-0.866025,autumn_night
1673056_clip013_s000,resources/site_257_bowra-dry-a/downloaded_clips/site_257_item_1673056/site_257_item_1673056_clip_013.webm,58.839,73.839,15.0,night,autumn,-0.5,0.866025,0.5,-0.866025,autumn_night
1673421_clip003_s000,resources/site_257_bowra-dry-a/downloaded_clips/site_257_item_1673421/site_257_item_1673421_clip_003.webm,40.054,50.457,10.403,night,autumn,-0.5,0.866025,0.5,-0.866025,autumn_night
1673421_clip010_s000,resources/site_257_bowra-dry-a/downloaded_clips/site_257_item_1673421/site_257_item_1673421_clip_010.webm,64.203,74.884,10.681,night,autumn,-0.5,0.866025,0.5,-0.866025,autumn_night
1673421_clip021_s000,resources/site_257_bowra-dry-a/downloaded_clips/site_257_item_1673421/site_257_item_1673421_clip_021.webm,109.064,119.443,10.379,night,autumn,-0.5,0.866025,0.5,-0.866025,autumn_night
1675903_clip007_s000,resources/site_257_bowra-dry-a/downloaded_clips/site_257_item_1675903/site_257_item_1675903_clip_007.webm,119.049,130.775,11.726,night,autumn,-0.5,0.866025,0.5,-0.866025,autumn_night
1675903_clip007_s001,resources/site_257_bowra-dry-a/downloaded_clips/site_257_item_1675903/site_257_item_1675903_clip_007.webm,273.786,284.143,10.356,night,autumn,-0.5,0.866025,0.5,-0.866025,autumn_night
1675903_clip008_s000,resources/site_257_bowra-dry-a/downloaded_clips/site_257_item_1675903/site_257_item_1675903_clip_008.webm,263.105,273.856,10.751,night,autumn,-0.5,0.866025,0.5,-0.866025,autumn_night
1675903_clip011_s000,resources/site_257_bowra-dry-a/downloaded_clips/site_257_item_1675903/site_257_item_1675903_clip_011.webm,178.26,190.404,12.144,night,autumn,-0.5,0.866025,0.5,-0.866025,autumn_night
1675903_clip011_s001,resources/site_257_bowra-dry-a/downloaded_clips/site_257_item_1675903/site_257_item_1675903_clip_011.webm,204.336,216.317,11.981,night,autumn,-0.5,0.866025,0.5,-0.866025,autumn_night
1675903_clip012_s000,resources/site_257_bowra-dry-a/downloaded_clips/site_257_item_1675903/site_257_item_1675903_clip_012.webm,38.058,49.157,11.099,night,autumn,-0.5,0.866025,0.5,-0.866025,autumn_night
1680399_clip001_s000,resources/site_257_bowra-dry-a/downloaded_clips/site_257_item_1680399/site_257_item_1680399_clip_001.webm,51.014,62.973,11.958,night,autumn,-0.5,0.866025,0.866025,-0.5,autumn_night
1680399_clip007_s000,resources/site_257_bowra-dry-a/downloaded_clips/site_257_item_1680399/site_257_item_1680399_clip_007.webm,67.245,79.018,11.773,night,autumn,-0.5,0.866025,0.866025,-0.5,autumn_night
1680399_clip007_s001,resources/site_257_bowra-dry-a/downloaded_clips/site_257_item_1680399/site_257_item_1680399_clip_007.webm,149.002,161.959,12.957,night,autumn,-0.5,0.866025,0.866025,-0.5,autumn_night
1680399_clip008_s000,resources/site_257_bowra-dry-a/downloaded_clips/site_257_item_1680399/site_257_item_1680399_clip_008.webm,179.212,196.789,17.578,night,autumn,-0.5,0.866025,0.866025,-0.5,autumn_night
1680399_clip008_s001,resources/site_257_bowra-dry-a/downloaded_clips/site_257_item_1680399/site_257_item_1680399_clip_008.webm,207.401,217.594,10.194,night,autumn,-0.5,0.866025,0.866025,-0.5,autumn_night
1680399_clip008_s002,resources/site_257_bowra-dry-a/downloaded_clips/site_257_item_1680399/site_257_item_1680399_clip_008.webm,259.947,271.975,12.028,night,autumn,-0.5,0.866025,0.866025,-0.5,autumn_night
1680399_clip011_s000,resources/site_257_bowra-dry-a/downloaded_clips/site_257_item_1680399/site_257_item_1680399_clip_011.webm,80.991,94.505,13.514,night,autumn,-0.5,0.866025,0.866025,-0.5,autumn_night
1680399_clip011_s001,resources/site_257_bowra-dry-a/downloaded_clips/site_257_item_1680399/site_257_item_1680399_clip_011.webm,150.628,161.239,10.612,night,autumn,-0.5,0.866025,0.866025,-0.5,autumn_night
1680399_clip011_s002,resources/site_257_bowra-dry-a/downloaded_clips/site_257_item_1680399/site_257_item_1680399_clip_011.webm,276.341,292.618,16.277,night,autumn,-0.5,0.866025,0.866025,-0.5,autumn_night
1680399_clip014_s000,resources/site_257_bowra-dry-a/downloaded_clips/site_257_item_1680399/site_257_item_1680399_clip_014.webm,153.855,167.462,13.607,night,autumn,-0.5,0.866025,0.866025,-0.5,autumn_night
1680399_clip014_s001,resources/site_257_bowra-dry-a/downloaded_clips/site_257_item_1680399/site_257_item_1680399_clip_014.webm,187.64,202.223,14.582,night,autumn,-0.5,0.866025,0.866025,-0.5,autumn_night
1680399_clip016_s000,resources/site_257_bowra-dry-a/downloaded_clips/site_257_item_1680399/site_257_item_1680399_clip_016.webm,136.487,146.727,10.24,night,autumn,-0.5,0.866025,0.866025,-0.5,autumn_night
1680399_clip018_s000,resources/site_257_bowra-dry-a/downloaded_clips/site_257_item_1680399/site_257_item_1680399_clip_018.webm,62.531,77.183,14.652,night,autumn,-0.5,0.866025,0.866025,-0.5,autumn_night
1680399_clip019_s000,resources/site_257_bowra-dry-a/downloaded_clips/site_257_item_1680399/site_257_item_1680399_clip_019.webm,233.709,243.717,10.008,night,autumn,-0.5,0.866025,0.866025,-0.5,autumn_night
1680399_clip021_s000,resources/site_257_bowra-dry-a/downloaded_clips/site_257_item_1680399/site_257_item_1680399_clip_021.webm,29.931,40.937,11.006,night,autumn,-0.5,0.866025,0.866025,-0.5,autumn_night
1680399_clip021_s001,resources/site_257_bowra-dry-a/downloaded_clips/site_257_item_1680399/site_257_item_1680399_clip_021.webm,79.784,92.067,12.283,night,autumn,-0.5,0.866025,0.866025,-0.5,autumn_night
1680399_clip024_s000,resources/site_257_bowra-dry-a/downloaded_clips/site_257_item_1680399/site_257_item_1680399_clip_024.webm,51.154,61.835,10.681,night,autumn,-0.5,0.866025,0.866025,-0.5,autumn_night
1680399_clip024_s001,resources/site_257_bowra-dry-a/downloaded_clips/site_257_item_1680399/site_257_item_1680399_clip_024.webm,101.309,113.917,12.608,night,autumn,-0.5,0.866025,0.866025,-0.5,autumn_night
1313802_clip001_s000,resources/site_257_bowra-dry-a/downloaded_clips/site_257_item_1313802/site_257_item_1313802_clip_001.webm,65.527,78.065,12.539,dawn,winter,1.0,0.0,0.0,-1.0,winter_dawn
1313802_clip001_s001,resources/site_257_bowra-dry-a/downloaded_clips/site_257_item_1313802/site_257_item_1313802_clip_001.webm,124.436,138.391,13.955,dawn,winter,1.0,0.0,0.0,-1.0,winter_dawn
1313802_clip001_s002,resources/site_257_bowra-dry-a/downloaded_clips/site_257_item_1313802/site_257_item_1313802_clip_001.webm,141.549,153.902,12.353,dawn,winter,1.0,0.0,0.0,-1.0,winter_dawn
1313802_clip002_s000,resources/site_257_bowra-dry-a/downloaded_clips/site_257_item_1313802/site_257_item_1313802_clip_002.webm,239.305,252.122,12.817,dawn,winter,1.0,0.0,0.0,-1.0,winter_dawn
1313802_clip002_s001,resources/site_257_bowra-dry-a/downloaded_clips/site_257_item_1313802/site_257_item_1313802_clip_002.webm,258.972,271.325,12.353,dawn,winter,1.0,0.0,0.0,-1.0,winter_dawn
1313802_clip003_s000,resources/site_257_bowra-dry-a/downloaded_clips/site_257_item_1313802/site_257_item_1313802_clip_003.webm,94.761,107.09,12.33,dawn,winter,1.0,0.0,0.0,-1.0,winter_dawn
1313802_clip003_s001,resources/site_257_bowra-dry-a/downloaded_clips/site_257_item_1313802/site_257_item_1313802_clip_003.webm,198.066,208.446,10.379,dawn,winter,1.0,0.0,0.0,-1.0,winter_dawn
1313802_clip004_s000,resources/site_257_bowra-dry-a/downloaded_clips/site_257_item_1313802/site_257_item_1313802_clip_004.webm,118.05,132.47,14.42,dawn,winter,1.0,0.0,0.0,-1.0,winter_dawn
1313802_clip004_s001,resources/site_257_bowra-dry-a/downloaded_clips/site_257_item_1313802/site_257_item_1313802_clip_004.webm,159.684,169.97,10.286,dawn,winter,1.0,0.0,0.0,-1.0,winter_dawn
1313802_clip005_s000,resources/site_257_bowra-dry-a/downloaded_clips/site_257_item_1313802/site_257_item_1313802_clip_005.webm,45.906,57.423,11.517,dawn,winter,1.0,0.0,0.0,-1.0,winter_dawn
1313802_clip007_s000,resources/site_257_bowra-dry-a/downloaded_clips/site_257_item_1313802/site_257_item_1313802_clip_007.webm,3.204,13.351,10.147,dawn,winter,1.0,0.0,0.0,-1.0,winter_dawn
1313802_clip007_s001,resources/site_257_bowra-dry-a/downloaded_clips/site_257_item_1313802/site_257_item_1313802_clip_007.webm,39.195,49.366,10.17,dawn,winter,1.0,0.0,0.0,-1.0,winter_dawn
1313802_clip009_s000,resources/site_257_bowra-dry-a/downloaded_clips/site_257_item_1313802/site_257_item_1313802_clip_009.webm,1.974,13.235,11.262,dawn,winter,1.0,0.0,0.0,-1.0,winter_dawn
1313828_clip002_s000,resources/site_257_bowra-dry-a/downloaded_clips/site_257_item_1313828/site_257_item_1313828_clip_002.webm,81.2,97.013,15.813,dawn,winter,1.0,0.0,0.0,-1.0,winter_dawn
1313828_clip002_s001,resources/site_257_bowra-dry-a/downloaded_clips/site_257_item_1313828/site_257_item_1313828_clip_002.webm,107.369,128.685,21.316,dawn,winter,1.0,0.0,0.0,-1.0,winter_dawn
1313828_clip004_s000,resources/site_257_bowra-dry-a/downloaded_clips/site_257_item_1313828/site_257_item_1313828_clip_004.webm,54.962,65.178,10.217,dawn,winter,1.0,0.0,0.0,-1.0,winter_dawn
1313828_clip006_s000,resources/site_257_bowra-dry-a/downloaded_clips/site_257_item_1313828/site_257_item_1313828_clip_006.webm,114.683,127.594,12.91,dawn,winter,1.0,0.0,0.0,-1.0,winter_dawn
1313828_clip007_s000,resources/site_257_bowra-dry-a/downloaded_clips/site_257_item_1313828/site_257_item_1313828_clip_007.webm,158.685,171.294,12.608,dawn,winter,1.0,0.0,0.0,-1.0,winter_dawn
1313828_clip007_s001,resources/site_257_bowra-dry-a/downloaded_clips/site_257_item_1313828/site_257_item_1313828_clip_007.webm,215.412,233.244,17.833,dawn,winter,1.0,0.0,0.0,-1.0,winter_dawn
1313828_clip008_s000,resources/site_257_bowra-dry-a/downloaded_clips/site_257_item_1313828/site_257_item_1313828_clip_008.webm,171.34,182.857,11.517,dawn,winter,1.0,0.0,0.0,-1.0,winter_dawn
1313828_clip008_s001,resources/site_257_bowra-dry-a/downloaded_clips/site_257_item_1313828/site_257_item_1313828_clip_008.webm,195.024,208.12,13.096,dawn,winter,1.0,0.0,0.0,-1.0,winter_dawn
1313828_clip012_s000,resources/site_257_bowra-dry-a/downloaded_clips/site_257_item_1313828/site_257_item_1313828_clip_012.webm,40.101,52.082,11.981,dawn,winter,1.0,0.0,0.0,-1.0,winter_dawn
1313828_clip012_s001,resources/site_257_bowra-dry-a/downloaded_clips/site_257_item_1313828/site_257_item_1313828_clip_012.webm,119.722,132.191,12.469,dawn,winter,1.0,0.0,0.0,-1.0,winter_dawn
1313828_clip013_s000,resources/site_257_bowra-dry-a/downloaded_clips/site_257_item_1313828/site_257_item_1313828_clip_013.webm,37.454,49.621,12.167,dawn,winter,1.0,0.0,0.0,-1.0,winter_dawn
1313828_clip013_s001,resources/site_257_bowra-dry-a/downloaded_clips/site_257_item_1313828/site_257_item_1313828_clip_013.webm,108.368,118.77,10.403,dawn,winter,1.0,0.0,0.0,-1.0,winter_dawn
1313828_clip014_s000,resources/site_257_bowra-dry-a/downloaded_clips/site_257_item_1313828/site_257_item_1313828_clip_014.webm,272.115,287.347,15.232,dawn,winter,1.0,0.0,0.0,-1.0,winter_dawn
1313828_clip015_s000,resources/site_257_bowra-dry-a/downloaded_clips/site_257_item_1313828/site_257_item_1313828_clip_015.webm,58.05,72.748,14.698,dawn,winter,1.0,0.0,0.0,-1.0,winter_dawn
1313828_clip016_s000,resources/site_257_bowra-dry-a/downloaded_clips/site_257_item_1313828/site_257_item_1313828_clip_016.webm,31.695,42.539,10.844,dawn,winter,1.0,0.0,0.0,-1.0,winter_dawn
1313828_clip020_s000,resources/site_257_bowra-dry-a/downloaded_clips/site_257_item_1313828/site_257_item_1313828_clip_020.webm,13.886,24.195,10.31,dawn,winter,1.0,0.0,0.0,-1.0,winter_dawn
1313828_clip021_s000,resources/site_257_bowra-dry-a/downloaded_clips/site_257_item_1313828/site_257_item_1313828_clip_021.webm,10.379,21.06,10.681,dawn,winter,1.0,0.0,0.0,-1.0,winter_dawn
1313828_clip021_s001,resources/site_257_bowra-dry-a/downloaded_clips/site_257_item_1313828/site_257_item_1313828_clip_021.webm,155.179,166.789,11.61,dawn,winter,1.0,0.0,0.0,-1.0,winter_dawn
1314116_clip001_s000,resources/site_257_bowra-dry-a/downloaded_clips/site_257_item_1314116/site_257_item_1314116_clip_001.webm,183.252,194.56,11.308,dawn,winter,1.0,0.0,-0.5,-0.866025,winter_dawn
1314116_clip003_s000,resources/site_257_bowra-dry-a/downloaded_clips/site_257_item_1314116/site_257_item_1314116_clip_003.webm,256.488,268.678,12.19,dawn,winter,1.0,0.0,-0.5,-0.866025,winter_dawn
1314116_clip005_s000,resources/site_257_bowra-dry-a/downloaded_clips/site_257_item_1314116/site_257_item_1314116_clip_005.webm,32.601,44.35,11.749,dawn,winter,1.0,0.0,-0.5,-0.866025,winter_dawn
1314116_clip005_s001,resources/site_257_bowra-dry-a/downloaded_clips/site_257_item_1314116/site_257_item_1314116_clip_005.webm,104.211,117.632,13.421,dawn,winter,1.0,0.0,-0.5,-0.866025,winter_dawn
1536798_clip001_s000,resources/site_257_bowra-dry-a/downloaded_clips/site_257_item_1536798/site_257_item_1536798_clip_001.webm,93.855,106.533,12.678,dawn,winter,1.0,0.0,0.0,-1.0,winter_dawn
1536798_clip001_s001,resources/site_257_bowra-dry-a/downloaded_clips/site_257_item_1536798/site_257_item_1536798_clip_001.webm,155.202,165.558,10.356,dawn,winter,1.0,0.0,0.0,-1.0,winter_dawn
1536798_clip003_s000,resources/site_257_bowra-dry-a/downloaded_clips/site_257_item_1536798/site_257_item_1536798_clip_003.webm,46.44,56.633,10.194,dawn,winter,1.0,0.0,0.0,-1.0,winter_dawn
1536798_clip003_s001,resources/site_257_bowra-dry-a/downloaded_clips/site_257_item_1536798/site_257_item_1536798_clip_003.webm,82.431,93.878,11.447,dawn,winter,1.0,0.0,0.0,-1.0,winter_dawn
1536798_clip003_s002,resources/site_257_bowra-dry-a/downloaded_clips/site_257_item_1536798/site_257_item_1536798_clip_003.webm,137.16,149.467,12.307,dawn,winter,1.0,0.0,0.0,-1.0,winter_dawn
1536798_clip011_s000,resources/site_257_bowra-dry-a/downloaded_clips/site_257_item_1536798/site_257_item_1536798_clip_011.webm,43.979,55.008,11.029,dawn,winter,1.0,0.0,0.0,-1.0,winter_dawn
1539111_clip003_s000,resources/site_257_bowra-dry-a/downloaded_clips/site_257_item_1539111/site_257_item_1539111_clip_003.webm,8.336,18.785,10.449,dawn,winter,1.0,0.0,0.0,-1.0,winter_dawn
1539111_clip003_s001,resources/site_257_bowra-dry-a/downloaded_clips/site_257_item_1539111/site_257_item_1539111_clip_003.webm,41.424,52.384,10.96,dawn,winter,1.0,0.0,0.0,-1.0,winter_dawn
1539111_clip004_s000,resources/site_257_bowra-dry-a/downloaded_clips/site_257_item_1539111/site_257_item_1539111_clip_004.webm,165.001,175.938,10.937,dawn,winter,1.0,0.0,0.0,-1.0,winter_dawn
1539111_clip004_s001,resources/site_257_bowra-dry-a/downloaded_clips/site_257_item_1539111/site_257_item_1539111_clip_004.webm,193.678,204.22,10.542,dawn,winter,1.0,0.0,0.0,-1.0,winter_dawn
1539111_clip004_s002,resources/site_257_bowra-dry-a/downloaded_clips/site_257_item_1539111/site_257_item_1539111_clip_004.webm,221.425,231.665,10.24,dawn,winter,1.0,0.0,0.0,-1.0,winter_dawn
1539111_clip004_s003,resources/site_257_bowra-dry-a/downloaded_clips/site_257_item_1539111/site_257_item_1539111_clip_004.webm,252.076,267.006,14.93,dawn,winter,1.0,0.0,0.0,-1.0,winter_dawn
1539111_clip015_s000,resources/site_257_bowra-dry-a/downloaded_clips/site_257_item_1539111/site_257_item_1539111_clip_015.webm,218.314,229.204,10.89,dawn,winter,1.0,0.0,0.0,-1.0,winter_dawn
1539171_clip003_s000,resources/site_257_bowra-dry-a/downloaded_clips/site_257_item_1539171/site_257_item_1539171_clip_003.webm,69.962,83.406,13.444,dawn,winter,1.0,0.0,-0.5,-0.866025,winter_dawn
1539171_clip003_s001,resources/site_257_bowra-dry-a/downloaded_clips/site_257_item_1539171/site_257_item_1539171_clip_003.webm,109.83,119.838,10.008,dawn,winter,1.0,0.0,-0.5,-0.866025,winter_dawn
1539171_clip007_s000,resources/site_257_bowra-dry-a/downloaded_clips/site_257_item_1539171/site_257_item_1539171_clip_007.webm,82.709,94.691,11.981,dawn,winter,1.0,0.0,-0.5,-0.866025,winter_dawn
1539171_clip016_s000,resources/site_257_bowra-dry-a/downloaded_clips/site_257_item_1539171/site_257_item_1539171_clip_016.webm,167.695,178.097,10.403,dawn,winter,1.0,0.0,-0.5,-0.866025,winter_dawn
1672451_clip014_s000,resources/site_257_bowra-dry-a/downloaded_clips/site_257_item_1672451/site_257_item_1672451_clip_014.webm,135.837,146.425,10.588,dawn,winter,0.866025,0.5,0.0,-1.0,winter_dawn
1672451_clip017_s000,resources/site_257_bowra-dry-a/downloaded_clips/site_257_item_1672451/site_257_item_1672451_clip_017.webm,223.399,234.429,11.029,dawn,winter,0.866025,0.5,0.0,-1.0,winter_dawn
1672451_clip021_s000,resources/site_257_bowra-dry-a/downloaded_clips/site_257_item_1672451/site_257_item_1672451_clip_021.webm,236.565,247.223,10.658,dawn,winter,0.866025,0.5,0.0,-1.0,winter_dawn
1672819_clip002_s000,resources/site_257_bowra-dry-a/downloaded_clips/site_257_item_1672819/site_257_item_1672819_clip_002.webm,196.743,207.354,10.612,dawn,winter,1.0,0.0,0.0,-1.0,winter_dawn
1672819_clip005_s000,resources/site_257_bowra-dry-a/downloaded_clips/site_257_item_1672819/site_257_item_1672819_clip_005.webm,35.062,48.832,13.769,dawn,winter,1.0,0.0,0.0,-1.0,winter_dawn
1672819_clip008_s000,resources/site_257_bowra-dry-a/downloaded_clips/site_257_item_1672819/site_257_item_1672819_clip_008.webm,164.328,176.123,11.796,dawn,winter,1.0,0.0,0.0,-1.0,winter_dawn
445525_clip012_s000,resources/site_257_bowra-dry-a/downloaded_clips/site_257_item_445525/site_257_item_445525_clip_012.webm,105.349,118.445,13.096,dawn,winter,1.0,0.0,-0.866025,-0.5,winter_dawn
445525_clip012_s001,resources/site_257_bowra-dry-a/downloaded_clips/site_257_item_445525/site_257_item_445525_clip_012.webm,157.826,168.205,10.379,dawn,winter,1.0,0.0,-0.866025,-0.5,winter_dawn
5495_clip011_s000,resources/site_257_bowra-dry-a/downloaded_clips/site_257_item_5495/site_257_item_5495_clip_011.webm,163.747,174.359,10.612,dawn,winter,1.0,0.0,-0.866025,-0.5,winter_dawn
5495_clip018_s000,resources/site_257_bowra-dry-a/downloaded_clips/site_257_item_5495/site_257_item_5495_clip_018.webm,76.812,89.327,12.516,dawn,winter,1.0,0.0,-0.866025,-0.5,winter_dawn
5495_clip022_s000,resources/site_257_bowra-dry-a/downloaded_clips/site_257_item_5495/site_257_item_5495_clip_022.webm,241.464,251.797,10.333,dawn,winter,1.0,0.0,-0.866025,-0.5,winter_dawn
4897_clip013_s000,resources/site_257_bowra-dry-a/downloaded_clips/site_257_item_4897/site_257_item_4897_clip_013.webm,201.456,213.252,11.796,dawn,winter,1.0,0.0,-0.866025,-0.5,winter_dawn
4897_clip017_s000,resources/site_257_bowra-dry-a/downloaded_clips/site_257_item_4897/site_257_item_4897_clip_017.webm,241.325,251.681,10.356,dawn,winter,1.0,0.0,-0.866025,-0.5,winter_dawn
4972_clip013_s000,resources/site_257_bowra-dry-a/downloaded_clips/site_257_item_4972/site_257_item_4972_clip_013.webm,26.401,37.547,11.146,dawn,winter,1.0,0.0,-0.866025,-0.5,winter_dawn
5027_clip001_s000,resources/site_257_bowra-dry-a/downloaded_clips/site_257_item_5027/site_257_item_5027_clip_001.webm,67.059,78.507,11.447,dawn,winter,1.0,0.0,-0.866025,-0.5,winter_dawn
5027_clip001_s001,resources/site_257_bowra-dry-a/downloaded_clips/site_257_item_5027/site_257_item_5027_clip_001.webm,229.808,241.72,11.912,dawn,winter,1.0,0.0,-0.866025,-0.5,winter_dawn
5027_clip013_s000,resources/site_257_bowra-dry-a/downloaded_clips/site_257_item_5027/site_257_item_5027_clip_013.webm,238.957,249.963,11.006,dawn,winter,1.0,0.0,-0.866025,-0.5,winter_dawn
5297_clip003_s000,resources/site_257_bowra-dry-a/downloaded_clips/site_257_item_5297/site_257_item_5297_clip_003.webm,101.193,112.895,11.703,dawn,winter,0.866025,0.5,-0.866025,-0.5,winter_dawn
5297_clip003_s001,resources/site_257_bowra-dry-a/downloaded_clips/site_257_item_5297/site_257_item_5297_clip_003.webm,189.637,201.34,11.703,dawn,winter,0.866025,0.5,-0.866025,-0.5,winter_dawn
5297_clip004_s000,resources/site_257_bowra-dry-a/downloaded_clips/site_257_item_5297/site_257_item_5297_clip_004.webm,97.176,107.648,10.472,dawn,winter,0.866025,0.5,-0.866025,-0.5,winter_dawn
5297_clip005_s000,resources/site_257_bowra-dry-a/downloaded_clips/site_257_item_5297/site_257_item_5297_clip_005.webm,100.682,110.806,10.124,dawn,winter,0.866025,0.5,-0.866025,-0.5,winter_dawn
5297_clip005_s001,resources/site_257_bowra-dry-a/downloaded_clips/site_257_item_5297/site_257_item_5297_clip_005.webm,163.051,177.308,14.257,dawn,winter,0.866025,0.5,-0.866025,-0.5,winter_dawn
5297_clip006_s000,resources/site_257_bowra-dry-a/downloaded_clips/site_257_item_5297/site_257_item_5297_clip_006.webm,257.509,267.517,10.008,dawn,winter,0.866025,0.5,-0.866025,-0.5,winter_dawn
5297_clip007_s000,resources/site_257_bowra-dry-a/downloaded_clips/site_257_item_5297/site_257_item_5297_clip_007.webm,120.604,132.214,11.61,dawn,winter,0.866025,0.5,-0.866025,-0.5,winter_dawn
5297_clip008_s000,resources/site_257_bowra-dry-a/downloaded_clips/site_257_item_5297/site_257_item_5297_clip_008.webm,50.573,63.46,12.887,dawn,winter,0.866025,0.5,-0.866025,-0.5,winter_dawn
5297_clip008_s001,resources/site_257_bowra-dry-a/downloaded_clips/site_257_item_5297/site_257_item_5297_clip_008.webm,245.806,255.907,10.101,dawn,winter,0.866025,0.5,-0.866025,-0.5,winter_dawn
5297_clip016_s000,resources/site_257_bowra-dry-a/downloaded_clips/site_257_item_5297/site_257_item_5297_clip_016.webm,30.65,42.307,11.656,dawn,winter,0.866025,0.5,-0.866025,-0.5,winter_dawn
5487_clip007_s000,resources/site_257_bowra-dry-a/downloaded_clips/site_257_item_5487/site_257_item_5487_clip_007.webm,64.226,75.836,11.61,dawn,winter,0.866025,0.5,-0.866025,-0.5,winter_dawn
5487_clip011_s000,resources/site_257_bowra-dry-a/downloaded_clips/site_257_item_5487/site_257_item_5487_clip_011.webm,210.512,220.636,10.124,dawn,winter,0.866025,0.5,-0.866025,-0.5,winter_dawn
5487_clip011_s001,resources/site_257_bowra-dry-a/downloaded_clips/site_257_item_5487/site_257_item_5487_clip_011.webm,275.342,285.536,10.194,dawn,winter,0.866025,0.5,-0.866025,-0.5,winter_dawn
5487_clip014_s000,resources/site_257_bowra-dry-a/downloaded_clips/site_257_item_5487/site_257_item_5487_clip_014.webm,35.364,46.579,11.215,dawn,winter,0.866025,0.5,-0.866025,-0.5,winter_dawn
5487_clip016_s000,resources/site_257_bowra-dry-a/downloaded_clips/site_257_item_5487/site_257_item_5487_clip_016.webm,79.319,89.652,10.333,dawn,winter,0.866025,0.5,-0.866025,-0.5,winter_dawn
5487_clip016_s001,resources/site_257_bowra-dry-a/downloaded_clips/site_257_item_5487/site_257_item_5487_clip_016.webm,108.414,119.838,11.424,dawn,winter,0.866025,0.5,-0.866025,-0.5,winter_dawn
5487_clip017_s000,resources/site_257_bowra-dry-a/downloaded_clips/site_257_item_5487/site_257_item_5487_clip_017.webm,42.539,56.146,13.607,dawn,winter,0.866025,0.5,-0.866025,-0.5,winter_dawn
5487_clip018_s000,resources/site_257_bowra-dry-a/downloaded_clips/site_257_item_5487/site_257_item_5487_clip_018.webm,52.315,64.969,12.655,dawn,winter,0.866025,0.5,-0.866025,-0.5,winter_dawn
5487_clip018_s001,resources/site_257_bowra-dry-a/downloaded_clips/site_257_item_5487/site_257_item_5487_clip_018.webm,99.405,114.173,14.768,dawn,winter,0.866025,0.5,-0.866025,-0.5,winter_dawn
5487_clip018_s002,resources/site_257_bowra-dry-a/downloaded_clips/site_257_item_5487/site_257_item_5487_clip_018.webm,171.015,181.418,10.403,dawn,winter,0.866025,0.5,-0.866025,-0.5,winter_dawn
5487_clip018_s003,resources/site_257_bowra-dry-a/downloaded_clips/site_257_item_5487/site_257_item_5487_clip_018.webm,253.144,266.008,12.864,dawn,winter,0.866025,0.5,-0.866025,-0.5,winter_dawn
5487_clip019_s000,resources/site_257_bowra-dry-a/downloaded_clips/site_257_item_5487/site_257_item_5487_clip_019.webm,201.967,212.834,10.867,dawn,winter,0.866025,0.5,-0.866025,-0.5,winter_dawn
5487_clip020_s000,resources/site_257_bowra-dry-a/downloaded_clips/site_257_item_5487/site_257_item_5487_clip_020.webm,251.728,261.921,10.194,dawn,winter,0.866025,0.5,-0.866025,-0.5,winter_dawn
5487_clip022_s000,resources/site_257_bowra-dry-a/downloaded_clips/site_257_item_5487/site_257_item_5487_clip_022.webm,75.07,87.586,12.516,dawn,winter,0.866025,0.5,-0.866025,-0.5,winter_dawn
445518_clip018_s000,resources/site_257_bowra-dry-a/downloaded_clips/site_257_item_445518/site_257_item_445518_clip_018.webm,34.575,51.386,16.811,dawn,winter,1.0,0.0,-0.866025,-0.5,winter_dawn
445518_clip018_s001,resources/site_257_bowra-dry-a/downloaded_clips/site_257_item_445518/site_257_item_445518_clip_018.webm,126.502,141.038,14.536,dawn,winter,1.0,0.0,-0.866025,-0.5,winter_dawn
445518_clip019_s000,resources/site_257_bowra-dry-a/downloaded_clips/site_257_item_445518/site_257_item_445518_clip_019.webm,188.314,204.243,15.929,dawn,winter,1.0,0.0,-0.866025,-0.5,winter_dawn
445518_clip021_s000,resources/site_257_bowra-dry-a/downloaded_clips/site_257_item_445518/site_257_item_445518_clip_021.webm,27.678,38.731,11.053,dawn,winter,1.0,0.0,-0.866025,-0.5,winter_dawn
445518_clip021_s001,resources/site_257_bowra-dry-a/downloaded_clips/site_257_item_445518/site_257_item_445518_clip_021.webm,187.966,201.642,13.677,dawn,winter,1.0,0.0,-0.866025,-0.5,winter_dawn
445518_clip023_s000,resources/site_257_bowra-dry-a/downloaded_clips/site_257_item_445518/site_257_item_445518_clip_023.webm,21.362,32.74,11.378,dawn,winter,1.0,0.0,-0.866025,-0.5,winter_dawn
445518_clip023_s001,resources/site_257_bowra-dry-a/downloaded_clips/site_257_item_445518/site_257_item_445518_clip_023.webm,237.215,252.099,14.884,dawn,winter,1.0,0.0,-0.866025,-0.5,winter_dawn
445527_clip003_s000,resources/site_257_bowra-dry-a/downloaded_clips/site_257_item_445527/site_257_item_445527_clip_003.webm,102.446,112.57,10.124,dawn,winter,0.866025,0.5,-0.866025,-0.5,winter_dawn
445527_clip005_s000,resources/site_257_bowra-dry-a/downloaded_clips/site_257_item_445527/site_257_item_445527_clip_005.webm,11.447,23.266,11.819,dawn,winter,0.866025,0.5,-0.866025,-0.5,winter_dawn
445527_clip005_s001,resources/site_257_bowra-dry-a/downloaded_clips/site_257_item_445527/site_257_item_445527_clip_005.webm,128.569,140.156,11.587,dawn,winter,0.866025,0.5,-0.866025,-0.5,winter_dawn
445527_clip005_s002,resources/site_257_bowra-dry-a/downloaded_clips/site_257_item_445527/site_257_item_445527_clip_005.webm,142.269,154.668,12.399,dawn,winter,0.866025,0.5,-0.866025,-0.5,winter_dawn
445527_clip006_s000,resources/site_257_bowra-dry-a/downloaded_clips/site_257_item_445527/site_257_item_445527_clip_006.webm,118.027,129.451,11.424,dawn,winter,0.866025,0.5,-0.866025,-0.5,winter_dawn
445527_clip008_s000,resources/site_257_bowra-dry-a/downloaded_clips/site_257_item_445527/site_257_item_445527_clip_008.webm,118.027,128.383,10.356,dawn,winter,0.866025,0.5,-0.866025,-0.5,winter_dawn
445527_clip009_s000,resources/site_257_bowra-dry-a/downloaded_clips/site_257_item_445527/site_257_item_445527_clip_009.webm,108.994,125.597,16.602,dawn,winter,0.866025,0.5,-0.866025,-0.5,winter_dawn
445527_clip009_s001,resources/site_257_bowra-dry-a/downloaded_clips/site_257_item_445527/site_257_item_445527_clip_009.webm,144.66,155.504,10.844,dawn,winter,0.866025,0.5,-0.866025,-0.5,winter_dawn
445527_clip010_s000,resources/site_257_bowra-dry-a/downloaded_clips/site_257_item_445527/site_257_item_445527_clip_010.webm,256.139,267.192,11.053,dawn,winter,0.866025,0.5,-0.866025,-0.5,winter_dawn
445527_clip011_s000,resources/site_257_bowra-dry-a/downloaded_clips/site_257_item_445527/site_257_item_445527_clip_011.webm,0.139,14.327,14.187,dawn,winter,0.866025,0.5,-0.866025,-0.5,winter_dawn
445527_clip011_s001,resources/site_257_bowra-dry-a/downloaded_clips/site_257_item_445527/site_257_item_445527_clip_011.webm,145.287,156.363,11.076,dawn,winter,0.866025,0.5,-0.866025,-0.5,winter_dawn
445527_clip011_s002,resources/site_257_bowra-dry-a/downloaded_clips/site_257_item_445527/site_257_item_445527_clip_011.webm,283.771,296.449,12.678,dawn,winter,0.866025,0.5,-0.866025,-0.5,winter_dawn
445527_clip012_s000,resources/site_257_bowra-dry-a/downloaded_clips/site_257_item_445527/site_257_item_445527_clip_012.webm,3.135,13.955,10.82,dawn,winter,0.866025,0.5,-0.866025,-0.5,winter_dawn
445527_clip012_s001,resources/site_257_bowra-dry-a/downloaded_clips/site_257_item_445527/site_257_item_445527_clip_012.webm,30.07,41.146,11.076,dawn,winter,0.866025,0.5,-0.866025,-0.5,winter_dawn
445527_clip012_s002,resources/site_257_bowra-dry-a/downloaded_clips/site_257_item_445527/site_257_item_445527_clip_012.webm,130.055,141.99,11.935,dawn,winter,0.866025,0.5,-0.866025,-0.5,winter_dawn
445527_clip013_s000,resources/site_257_bowra-dry-a/downloaded_clips/site_257_item_445527/site_257_item_445527_clip_013.webm,21.571,34.528,12.957,dawn,winter,0.866025,0.5,-0.866025,-0.5,winter_dawn
445527_clip013_s001,resources/site_257_bowra-dry-a/downloaded_clips/site_257_item_445527/site_257_item_445527_clip_013.webm,42.678,55.449,12.771,dawn,winter,0.866025,0.5,-0.866025,-0.5,winter_dawn
445527_clip013_s002,resources/site_257_bowra-dry-a/downloaded_clips/site_257_item_445527/site_257_item_445527_clip_013.webm,263.593,275.946,12.353,dawn,winter,0.866025,0.5,-0.866025,-0.5,winter_dawn
445527_clip014_s000,resources/site_257_bowra-dry-a/downloaded_clips/site_257_item_445527/site_257_item_445527_clip_014.webm,51.688,62.09,10.403,dawn,winter,0.866025,0.5,-0.866025,-0.5,winter_dawn
445527_clip014_s001,resources/site_257_bowra-dry-a/downloaded_clips/site_257_item_445527/site_257_item_445527_clip_014.webm,253.306,264.081,10.774,dawn,winter,0.866025,0.5,-0.866025,-0.5,winter_dawn
445527_clip014_s002,resources/site_257_bowra-dry-a/downloaded_clips/site_257_item_445527/site_257_item_445527_clip_014.webm,268.516,293.338,24.822,dawn,winter,0.866025,0.5,-0.866025,-0.5,winter_dawn
445527_clip015_s000,resources/site_257_bowra-dry-a/downloaded_clips/site_257_item_445527/site_257_item_445527_clip_015.webm,114.335,130.055,15.72,dawn,winter,0.866025,0.5,-0.866025,-0.5,winter_dawn
445527_clip015_s001,resources/site_257_bowra-dry-a/downloaded_clips/site_257_item_445527/site_257_item_445527_clip_015.webm,197.509,211.441,13.932,dawn,winter,0.866025,0.5,-0.866025,-0.5,winter_dawn
445527_clip015_s002,resources/site_257_bowra-dry-a/downloaded_clips/site_257_item_445527/site_257_item_445527_clip_015.webm,276.852,287.068,10.217,dawn,winter,0.866025,0.5,-0.866025,-0.5,winter_dawn
445527_clip017_s000,resources/site_257_bowra-dry-a/downloaded_clips/site_257_item_445527/site_257_item_445527_clip_017.webm,190.427,201.642,11.215,dawn,winter,0.866025,0.5,-0.866025,-0.5,winter_dawn
445527_clip017_s001,resources/site_257_bowra-dry-a/downloaded_clips/site_257_item_445527/site_257_item_445527_clip_017.webm,224.537,234.591,10.054,dawn,winter,0.866025,0.5,-0.866025,-0.5,winter_dawn
445527_clip020_s000,resources/site_257_bowra-dry-a/downloaded_clips/site_257_item_445527/site_257_item_445527_clip_020.webm,169.877,181.441,11.564,dawn,winter,0.866025,0.5,-0.866025,-0.5,winter_dawn
445527_clip020_s001,resources/site_257_bowra-dry-a/downloaded_clips/site_257_item_445527/site_257_item_445527_clip_020.webm,276.317,286.627,10.31,dawn,winter,0.866025,0.5,-0.866025,-0.5,winter_dawn
1536792_clip002_s000,resources/site_257_bowra-dry-a/downloaded_clips/site_257_item_1536792/site_257_item_1536792_clip_002.webm,253.028,263.779,10.751,dawn,winter,1.0,0.0,0.0,-1.0,winter_dawn
1536792_clip007_s000,resources/site_257_bowra-dry-a/downloaded_clips/site_257_item_1536792/site_257_item_1536792_clip_007.webm,157.246,167.439,10.194,dawn,winter,1.0,0.0,0.0,-1.0,winter_dawn
1539750_clip019_s000,resources/site_257_bowra-dry-a/downloaded_clips/site_257_item_1539750/site_257_item_1539750_clip_019.webm,118.608,129.544,10.937,dawn,winter,1.0,0.0,0.0,-1.0,winter_dawn
1539109_clip001_s000,resources/site_257_bowra-dry-a/downloaded_clips/site_257_item_1539109/site_257_item_1539109_clip_001.webm,242.788,255.814,13.026,dawn,winter,0.866025,0.5,0.0,-1.0,winter_dawn
1539109_clip003_s000,resources/site_257_bowra-dry-a/downloaded_clips/site_257_item_1539109/site_257_item_1539109_clip_003.webm,82.802,93.785,10.983,dawn,winter,0.866025,0.5,0.0,-1.0,winter_dawn
1539109_clip004_s000,resources/site_257_bowra-dry-a/downloaded_clips/site_257_item_1539109/site_257_item_1539109_clip_004.webm,157.64,169.273,11.633,dawn,winter,0.866025,0.5,0.0,-1.0,winter_dawn
1539109_clip007_s000,resources/site_257_bowra-dry-a/downloaded_clips/site_257_item_1539109/site_257_item_1539109_clip_007.webm,71.959,82.57,10.612,dawn,winter,0.866025,0.5,0.0,-1.0,winter_dawn
1539109_clip009_s000,resources/site_257_bowra-dry-a/downloaded_clips/site_257_item_1539109/site_257_item_1539109_clip_009.webm,38.104,51.084,12.98,dawn,winter,0.866025,0.5,0.0,-1.0,winter_dawn
1539109_clip009_s001,resources/site_257_bowra-dry-a/downloaded_clips/site_257_item_1539109/site_257_item_1539109_clip_009.webm,64.923,75.999,11.076,dawn,winter,0.866025,0.5,0.0,-1.0,winter_dawn
1539109_clip009_s002,resources/site_257_bowra-dry-a/downloaded_clips/site_257_item_1539109/site_257_item_1539109_clip_009.webm,212.555,223.19,10.635,dawn,winter,0.866025,0.5,0.0,-1.0,winter_dawn
1539109_clip011_s000,resources/site_257_bowra-dry-a/downloaded_clips/site_257_item_1539109/site_257_item_1539109_clip_011.webm,134.142,145.473,11.331,dawn,winter,0.866025,0.5,0.0,-1.0,winter_dawn
1539109_clip013_s000,resources/site_257_bowra-dry-a/downloaded_clips/site_257_item_1539109/site_257_item_1539109_clip_013.webm,201.874,213.043,11.169,dawn,winter,0.866025,0.5,0.0,-1.0,winter_dawn
1539109_clip015_s000,resources/site_257_bowra-dry-a/downloaded_clips/site_257_item_1539109/site_257_item_1539109_clip_015.webm,29.025,40.89,11.865,dawn,winter,0.866025,0.5,0.0,-1.0,winter_dawn
1539109_clip015_s001,resources/site_257_bowra-dry-a/downloaded_clips/site_257_item_1539109/site_257_item_1539109_clip_015.webm,67.686,79.273,11.587,dawn,winter,0.866025,0.5,0.0,-1.0,winter_dawn
1539109_clip016_s000,resources/site_257_bowra-dry-a/downloaded_clips/site_257_item_1539109/site_257_item_1539109_clip_016.webm,259.228,269.305,10.077,dawn,winter,0.866025,0.5,0.0,-1.0,winter_dawn
1539109_clip018_s000,resources/site_257_bowra-dry-a/downloaded_clips/site_257_item_1539109/site_257_item_1539109_clip_018.webm,49.459,60.767,11.308,dawn,winter,0.866025,0.5,0.0,-1.0,winter_dawn
1539109_clip018_s001,resources/site_257_bowra-dry-a/downloaded_clips/site_257_item_1539109/site_257_item_1539109_clip_018.webm,142.849,153.136,10.286,dawn,winter,0.866025,0.5,0.0,-1.0,winter_dawn
1539109_clip019_s000,resources/site_257_bowra-dry-a/downloaded_clips/site_257_item_1539109/site_257_item_1539109_clip_019.webm,213.809,227.091,13.282,dawn,winter,0.866025,0.5,0.0,-1.0,winter_dawn
1539109_clip022_s000,resources/site_257_bowra-dry-a/downloaded_clips/site_257_item_1539109/site_257_item_1539109_clip_022.webm,202.153,214.46,12.307,dawn,winter,0.866025,0.5,0.0,-1.0,winter_dawn
1539109_clip023_s000,resources/site_257_bowra-dry-a/downloaded_clips/site_257_item_1539109/site_257_item_1539109_clip_023.webm,201.154,211.58,10.426,dawn,winter,0.866025,0.5,0.0,-1.0,winter_dawn
1539147_clip002_s000,resources/site_257_bowra-dry-a/downloaded_clips/site_257_item_1539147/site_257_item_1539147_clip_002.webm,60.836,71.053,10.217,dawn,winter,0.965926,0.258819,0.0,-1.0,winter_dawn
1539147_clip002_s001,resources/site_257_bowra-dry-a/downloaded_clips/site_257_item_1539147/site_257_item_1539147_clip_002.webm,284.63,295.544,10.913,dawn,winter,0.965926,0.258819,0.0,-1.0,winter_dawn
1539147_clip003_s000,resources/site_257_bowra-dry-a/downloaded_clips/site_257_item_1539147/site_257_item_1539147_clip_003.webm,278.338,290.11,11.773,dawn,winter,0.965926,0.258819,0.0,-1.0,winter_dawn
1539350_clip001_s000,resources/site_257_bowra-dry-a/downloaded_clips/site_257_item_1539350/site_257_item_1539350_clip_001.webm,15.209,26.61,11.401,dawn,winter,1.0,0.0,0.0,-1.0,winter_dawn
1539350_clip002_s000,resources/site_257_bowra-dry-a/downloaded_clips/site_257_item_1539350/site_257_item_1539350_clip_002.webm,36.548,51.804,15.256,dawn,winter,1.0,0.0,0.0,-1.0,winter_dawn
1539350_clip005_s000,resources/site_257_bowra-dry-a/downloaded_clips/site_257_item_1539350/site_257_item_1539350_clip_005.webm,177.935,188.151,10.217,dawn,winter,1.0,0.0,0.0,-1.0,winter_dawn
1539350_clip015_s000,resources/site_257_bowra-dry-a/downloaded_clips/site_257_item_1539350/site_257_item_1539350_clip_015.webm,117.934,128.569,10.635,dawn,winter,1.0,0.0,0.0,-1.0,winter_dawn
1539350_clip015_s001,resources/site_257_bowra-dry-a/downloaded_clips/site_257_item_1539350/site_257_item_1539350_clip_015.webm,211.998,223.004,11.006,dawn,winter,1.0,0.0,0.0,-1.0,winter_dawn
1539350_clip020_s000,resources/site_257_bowra-dry-a/downloaded_clips/site_257_item_1539350/site_257_item_1539350_clip_020.webm,116.982,127.083,10.101,dawn,winter,1.0,0.0,0.0,-1.0,winter_dawn
1539379_clip001_s000,resources/site_257_bowra-dry-a/downloaded_clips/site_257_item_1539379/site_257_item_1539379_clip_001.webm,288.996,299.909,10.913,dawn,winter,1.0,0.0,0.0,-1.0,winter_dawn
1539379_clip020_s000,resources/site_257_bowra-dry-a/downloaded_clips/site_257_item_1539379/site_257_item_1539379_clip_020.webm,184.715,194.746,10.031,dawn,winter,1.0,0.0,0.0,-1.0,winter_dawn
1539379_clip024_s000,resources/site_257_bowra-dry-a/downloaded_clips/site_257_item_1539379/site_257_item_1539379_clip_024.webm,70.821,80.852,10.031,dawn,winter,1.0,0.0,0.0,-1.0,winter_dawn
1539495_clip014_s000,resources/site_257_bowra-dry-a/downloaded_clips/site_257_item_1539495/site_257_item_1539495_clip_014.webm,193.213,204.08,10.867,dawn,winter,0.866025,0.5,-0.5,-0.866025,winter_dawn
1539563_clip004_s000,resources/site_257_bowra-dry-a/downloaded_clips/site_257_item_1539563/site_257_item_1539563_clip_004.webm,267.587,277.943,10.356,dawn,winter,1.0,0.0,-0.5,-0.866025,winter_dawn
1539724_clip003_s000,resources/site_257_bowra-dry-a/downloaded_clips/site_257_item_1539724/site_257_item_1539724_clip_003.webm,263.268,273.624,10.356,dawn,winter,0.965926,0.258819,0.0,-1.0,winter_dawn
1539724_clip004_s000,resources/site_257_bowra-dry-a/downloaded_clips/site_257_item_1539724/site_257_item_1539724_clip_004.webm,62.973,73.259,10.286,dawn,winter,0.965926,0.258819,0.0,-1.0,winter_dawn
1539724_clip006_s000,resources/site_257_bowra-dry-a/downloaded_clips/site_257_item_1539724/site_257_item_1539724_clip_006.webm,52.013,66.432,14.42,dawn,winter,0.965926,0.258819,0.0,-1.0,winter_dawn
1539724_clip006_s001,resources/site_257_bowra-dry-a/downloaded_clips/site_257_item_1539724/site_257_item_1539724_clip_006.webm,212.021,222.656,10.635,dawn,winter,0.965926,0.258819,0.0,-1.0,winter_dawn
1540025_clip002_s000,resources/site_257_bowra-dry-a/downloaded_clips/site_257_item_1540025/site_257_item_1540025_clip_002.webm,51.339,62.88,11.54,dawn,winter,1.0,0.0,0.0,-1.0,winter_dawn
1540025_clip003_s000,resources/site_257_bowra-dry-a/downloaded_clips/site_257_item_1540025/site_257_item_1540025_clip_003.webm,16.579,27.841,11.262,dawn,winter,1.0,0.0,0.0,-1.0,winter_dawn
1540025_clip003_s001,resources/site_257_bowra-dry-a/downloaded_clips/site_257_item_1540025/site_257_item_1540025_clip_003.webm,112.895,124.83,11.935,dawn,winter,1.0,0.0,0.0,-1.0,winter_dawn
1540025_clip005_s000,resources/site_257_bowra-dry-a/downloaded_clips/site_257_item_1540025/site_257_item_1540025_clip_005.webm,130.032,141.456,11.424,dawn,winter,1.0,0.0,0.0,-1.0,winter_dawn
1540025_clip014_s000,resources/site_257_bowra-dry-a/downloaded_clips/site_257_item_1540025/site_257_item_1540025_clip_014.webm,101.796,115.125,13.328,dawn,winter,1.0,0.0,0.0,-1.0,winter_dawn
1535713_clip004_s000,resources/site_257_bowra-dry-a/downloaded_clips/site_257_item_1535713/site_257_item_1535713_clip_004.webm,129.962,140.086,10.124,dawn,winter,1.0,0.0,-0.866025,-0.5,winter_dawn
1539275_clip002_s000,resources/site_257_bowra-dry-a/downloaded_clips/site_257_item_1539275/site_257_item_1539275_clip_002.webm,100.635,111.665,11.029,dawn,winter,0.866025,0.5,-0.5,-0.866025,winter_dawn
1539275_clip009_s000,resources/site_257_bowra-dry-a/downloaded_clips/site_257_item_1539275/site_257_item_1539275_clip_009.webm,179.328,190.079,10.751,dawn,winter,0.866025,0.5,-0.5,-0.866025,winter_dawn
1539275_clip014_s000,resources/site_257_bowra-dry-a/downloaded_clips/site_257_item_1539275/site_257_item_1539275_clip_014.webm,238.26,251.728,13.468,dawn,winter,0.866025,0.5,-0.5,-0.866025,winter_dawn
1539275_clip017_s000,resources/site_257_bowra-dry-a/downloaded_clips/site_257_item_1539275/site_257_item_1539275_clip_017.webm,11.865,22.756,10.89,dawn,winter,0.866025,0.5,-0.5,-0.866025,winter_dawn
1539275_clip019_s000,resources/site_257_bowra-dry-a/downloaded_clips/site_257_item_1539275/site_257_item_1539275_clip_019.webm,220.218,231.596,11.378,dawn,winter,0.866025,0.5,-0.5,-0.866025,winter_dawn
1539275_clip024_s000,resources/site_257_bowra-dry-a/downloaded_clips/site_257_item_1539275/site_257_item_1539275_clip_024.webm,211.673,223.492,11.819,dawn,winter,0.866025,0.5,-0.5,-0.866025,winter_dawn
1539403_clip002_s000,resources/site_257_bowra-dry-a/downloaded_clips/site_257_item_1539403/site_257_item_1539403_clip_002.webm,52.431,65.55,13.119,dawn,winter,1.0,0.0,-0.5,-0.866025,winter_dawn
1539617_clip006_s000,resources/site_257_bowra-dry-a/downloaded_clips/site_257_item_1539617/site_257_item_1539617_clip_006.webm,49.017,59.373,10.356,dawn,winter,0.866025,0.5,-0.5,-0.866025,winter_dawn
1539617_clip006_s001,resources/site_257_bowra-dry-a/downloaded_clips/site_257_item_1539617/site_257_item_1539617_clip_006.webm,61.881,85.24,23.359,dawn,winter,0.866025,0.5,-0.5,-0.866025,winter_dawn
1539617_clip010_s000,resources/site_257_bowra-dry-a/downloaded_clips/site_257_item_1539617/site_257_item_1539617_clip_010.webm,181.952,195.303,13.351,dawn,winter,0.866025,0.5,-0.5,-0.866025,winter_dawn
1539617_clip012_s000,resources/site_257_bowra-dry-a/downloaded_clips/site_257_item_1539617/site_257_item_1539617_clip_012.webm,239.421,249.452,10.031,dawn,winter,0.866025,0.5,-0.5,-0.866025,winter_dawn
1539617_clip014_s000,resources/site_257_bowra-dry-a/downloaded_clips/site_257_item_1539617/site_257_item_1539617_clip_014.webm,153.693,163.747,10.054,dawn,winter,0.866025,0.5,-0.5,-0.866025,winter_dawn
1539617_clip021_s000,resources/site_257_bowra-dry-a/downloaded_clips/site_257_item_1539617/site_257_item_1539617_clip_021.webm,284.003,296.171,12.167,dawn,winter,0.866025,0.5,-0.5,-0.866025,winter_dawn
1539676_clip001_s000,resources/site_257_bowra-dry-a/downloaded_clips/site_257_item_1539676/site_257_item_1539676_clip_001.webm,253.028,263.848,10.82,dawn,winter,1.0,0.0,-0.866025,-0.5,winter_dawn
1539676_clip002_s000,resources/site_257_bowra-dry-a/downloaded_clips/site_257_item_1539676/site_257_item_1539676_clip_002.webm,103.329,113.685,10.356,dawn,winter,1.0,0.0,-0.866025,-0.5,winter_dawn
1671945_clip002_s000,resources/site_257_bowra-dry-a/downloaded_clips/site_257_item_1671945/site_257_item_1671945_clip_002.webm,127.245,144.73,17.485,dawn,winter,1.0,0.0,0.0,-1.0,winter_dawn
1680688_clip001_s000,resources/site_257_bowra-dry-a/downloaded_clips/site_257_item_1680688/site_257_item_1680688_clip_001.webm,230.551,240.977,10.426,dawn,winter,1.0,0.0,0.0,-1.0,winter_dawn
1680688_clip002_s000,resources/site_257_bowra-dry-a/downloaded_clips/site_257_item_1680688/site_257_item_1680688_clip_002.webm,46.486,56.541,10.054,dawn,winter,1.0,0.0,0.0,-1.0,winter_dawn
1680688_clip007_s000,resources/site_257_bowra-dry-a/downloaded_clips/site_257_item_1680688/site_257_item_1680688_clip_007.webm,159.614,169.738,10.124,dawn,winter,1.0,0.0,0.0,-1.0,winter_dawn
1681475_clip010_s000,resources/site_257_bowra-dry-a/downloaded_clips/site_257_item_1681475/site_257_item_1681475_clip_010.webm,184.227,195.744,11.517,dawn,winter,1.0,0.0,0.0,-1.0,winter_dawn
1681475_clip011_s000,resources/site_257_bowra-dry-a/downloaded_clips/site_257_item_1681475/site_257_item_1681475_clip_011.webm,32.183,45.976,13.793,dawn,winter,1.0,0.0,0.0,-1.0,winter_dawn
1681475_clip011_s001,resources/site_257_bowra-dry-a/downloaded_clips/site_257_item_1681475/site_257_item_1681475_clip_011.webm,286.047,299.909,13.862,dawn,winter,1.0,0.0,0.0,-1.0,winter_dawn
1672490_clip002_s000,resources/site_257_bowra-dry-a/downloaded_clips/site_257_item_1672490/site_257_item_1672490_clip_002.webm,255.164,266.472,11.308,dawn,winter,0.965926,0.258819,0.0,-1.0,winter_dawn
1672845_clip002_s000,resources/site_257_bowra-dry-a/downloaded_clips/site_257_item_1672845/site_257_item_1672845_clip_002.webm,138.344,151.603,13.259,dawn,winter,1.0,0.0,0.0,-1.0,winter_dawn
1672845_clip003_s000,resources/site_257_bowra-dry-a/downloaded_clips/site_257_item_1672845/site_257_item_1672845_clip_003.webm,14.211,32.136,17.926,dawn,winter,1.0,0.0,0.0,-1.0,winter_dawn
1672845_clip003_s001,resources/site_257_bowra-dry-a/downloaded_clips/site_257_item_1672845/site_257_item_1672845_clip_003.webm,34.923,45.279,10.356,dawn,winter,1.0,0.0,0.0,-1.0,winter_dawn
1672845_clip003_s002,resources/site_257_bowra-dry-a/downloaded_clips/site_257_item_1672845/site_257_item_1672845_clip_003.webm,65.968,77.183,11.215,dawn,winter,1.0,0.0,0.0,-1.0,winter_dawn
1672845_clip004_s000,resources/site_257_bowra-dry-a/downloaded_clips/site_257_item_1672845/site_257_item_1672845_clip_004.webm,58.491,69.01,10.519,dawn,winter,1.0,0.0,0.0,-1.0,winter_dawn
1672845_clip007_s000,resources/site_257_bowra-dry-a/downloaded_clips/site_257_item_1672845/site_257_item_1672845_clip_007.webm,34.575,46.811,12.237,dawn,winter,1.0,0.0,0.0,-1.0,winter_dawn
1672845_clip007_s001,resources/site_257_bowra-dry-a/downloaded_clips/site_257_item_1672845/site_257_item_1672845_clip_007.webm,105.535,119.885,14.35,dawn,winter,1.0,0.0,0.0,-1.0,winter_dawn
1672845_clip007_s002,resources/site_257_bowra-dry-a/downloaded_clips/site_257_item_1672845/site_257_item_1672845_clip_007.webm,152.532,162.633,10.101,dawn,winter,1.0,0.0,0.0,-1.0,winter_dawn
1672845_clip008_s000,resources/site_257_bowra-dry-a/downloaded_clips/site_257_item_1672845/site_257_item_1672845_clip_008.webm,119.931,130.543,10.612,dawn,winter,1.0,0.0,0.0,-1.0,winter_dawn
1672914_clip005_s000,resources/site_257_bowra-dry-a/downloaded_clips/site_257_item_1672914/site_257_item_1672914_clip_005.webm,57.539,67.686,10.147,dawn,winter,1.0,0.0,0.0,-1.0,winter_dawn
1681554_clip002_s000,resources/site_257_bowra-dry-a/downloaded_clips/site_257_item_1681554/site_257_item_1681554_clip_002.webm,174.428,187.78,13.351,dawn,winter,1.0,0.0,0.0,-1.0,winter_dawn
1681554_clip003_s000,resources/site_257_bowra-dry-a/downloaded_clips/site_257_item_1681554/site_257_item_1681554_clip_003.webm,133.747,151.371,17.624,dawn,winter,1.0,0.0,0.0,-1.0,winter_dawn
1313804_clip002_s000,resources/site_257_bowra-dry-a/downloaded_clips/site_257_item_1313804/site_257_item_1313804_clip_002.webm,82.826,112.013,29.187,afternoon,winter,-0.5,-0.866025,0.0,-1.0,winter_afternoon
1313804_clip005_s000,resources/site_257_bowra-dry-a/downloaded_clips/site_257_item_1313804/site_257_item_1313804_clip_005.webm,211.65,221.913,10.263,afternoon,winter,-0.5,-0.866025,0.0,-1.0,winter_afternoon
1313804_clip006_s000,resources/site_257_bowra-dry-a/downloaded_clips/site_257_item_1313804/site_257_item_1313804_clip_006.webm,42.446,53.638,11.192,afternoon,winter,-0.5,-0.866025,0.0,-1.0,winter_afternoon
1313804_clip008_s000,resources/site_257_bowra-dry-a/downloaded_clips/site_257_item_1313804/site_257_item_1313804_clip_008.webm,86.587,98.847,12.26,afternoon,winter,-0.5,-0.866025,0.0,-1.0,winter_afternoon
1313804_clip008_s001,resources/site_257_bowra-dry-a/downloaded_clips/site_257_item_1313804/site_257_item_1313804_clip_008.webm,211.0,221.89,10.89,afternoon,winter,-0.5,-0.866025,0.0,-1.0,winter_afternoon
1313804_clip008_s002,resources/site_257_bowra-dry-a/downloaded_clips/site_257_item_1313804/site_257_item_1313804_clip_008.webm,230.458,246.735,16.277,afternoon,winter,-0.5,-0.866025,0.0,-1.0,winter_afternoon
1313804_clip008_s003,resources/site_257_bowra-dry-a/downloaded_clips/site_257_item_1313804/site_257_item_1313804_clip_008.webm,279.243,290.969,11.726,afternoon,winter,-0.5,-0.866025,0.0,-1.0,winter_afternoon
1313804_clip009_s000,resources/site_257_bowra-dry-a/downloaded_clips/site_257_item_1313804/site_257_item_1313804_clip_009.webm,103.468,117.423,13.955,afternoon,winter,-0.5,-0.866025,0.0,-1.0,winter_afternoon
1313804_clip011_s000,resources/site_257_bowra-dry-a/downloaded_clips/site_257_item_1313804/site_257_item_1313804_clip_011.webm,162.54,177.122,14.582,afternoon,winter,-0.5,-0.866025,0.0,-1.0,winter_afternoon
1313804_clip017_s000,resources/site_257_bowra-dry-a/downloaded_clips/site_257_item_1313804/site_257_item_1313804_clip_017.webm,112.663,123.182,10.519,afternoon,winter,-0.5,-0.866025,0.0,-1.0,winter_afternoon
1313804_clip017_s001,resources/site_257_bowra-dry-a/downloaded_clips/site_257_item_1313804/site_257_item_1313804_clip_017.webm,164.304,179.072,14.768,afternoon,winter,-0.5,-0.866025,0.0,-1.0,winter_afternoon
1313804_clip020_s000,resources/site_257_bowra-dry-a/downloaded_clips/site_257_item_1313804/site_257_item_1313804_clip_020.webm,201.596,214.181,12.585,afternoon,winter,-0.5,-0.866025,0.0,-1.0,winter_afternoon
1313831_clip011_s000,resources/site_257_bowra-dry-a/downloaded_clips/site_257_item_1313831/site_257_item_1313831_clip_011.webm,158.941,169.599,10.658,afternoon,winter,0.0,-1.0,0.0,-1.0,winter_afternoon
1313831_clip014_s000,resources/site_257_bowra-dry-a/downloaded_clips/site_257_item_1313831/site_257_item_1313831_clip_014.webm,5.039,17.136,12.098,afternoon,winter,0.0,-1.0,0.0,-1.0,winter_afternoon
1313831_clip014_s001,resources/site_257_bowra-dry-a/downloaded_clips/site_257_item_1313831/site_257_item_1313831_clip_014.webm,193.469,204.08,10.612,afternoon,winter,0.0,-1.0,0.0,-1.0,winter_afternoon
1313831_clip014_s002,resources/site_257_bowra-dry-a/downloaded_clips/site_257_item_1313831/site_257_item_1313831_clip_014.webm,243.113,257.579,14.466,afternoon,winter,0.0,-1.0,0.0,-1.0,winter_afternoon
1313831_clip015_s000,resources/site_257_bowra-dry-a/downloaded_clips/site_257_item_1313831/site_257_item_1313831_clip_015.webm,190.148,201.805,11.656,afternoon,winter,0.0,-1.0,0.0,-1.0,winter_afternoon
1313831_clip016_s000,resources/site_257_bowra-dry-a/downloaded_clips/site_257_item_1313831/site_257_item_1313831_clip_016.webm,136.394,147.888,11.494,afternoon,winter,0.0,-1.0,0.0,-1.0,winter_afternoon
1313831_clip016_s001,resources/site_257_bowra-dry-a/downloaded_clips/site_257_item_1313831/site_257_item_1313831_clip_016.webm,148.097,163.306,15.209,afternoon,winter,0.0,-1.0,0.0,-1.0,winter_afternoon
1313831_clip017_s000,resources/site_257_bowra-dry-a/downloaded_clips/site_257_item_1313831/site_257_item_1313831_clip_017.webm,149.769,160.845,11.076,afternoon,winter,0.0,-1.0,0.0,-1.0,winter_afternoon
1313831_clip019_s000,resources/site_257_bowra-dry-a/downloaded_clips/site_257_item_1313831/site_257_item_1313831_clip_019.webm,47.508,70.589,23.081,afternoon,winter,0.0,-1.0,0.0,-1.0,winter_afternoon
1313831_clip019_s001,resources/site_257_bowra-dry-a/downloaded_clips/site_257_item_1313831/site_257_item_1313831_clip_019.webm,160.38,171.317,10.937,afternoon,winter,0.0,-1.0,0.0,-1.0,winter_afternoon
1313831_clip019_s002,resources/site_257_bowra-dry-a/downloaded_clips/site_257_item_1313831/site_257_item_1313831_clip_019.webm,261.851,278.547,16.695,afternoon,winter,0.0,-1.0,0.0,-1.0,winter_afternoon
1313831_clip020_s000,resources/site_257_bowra-dry-a/downloaded_clips/site_257_item_1313831/site_257_item_1313831_clip_020.webm,107.996,119.467,11.471,afternoon,winter,0.0,-1.0,0.0,-1.0,winter_afternoon
1534156_clip001_s000,resources/site_257_bowra-dry-a/downloaded_clips/site_257_item_1534156/site_257_item_1534156_clip_001.webm,35.55,49.226,13.677,afternoon,winter,-0.5,-0.866025,0.0,-1.0,winter_afternoon
1534156_clip002_s000,resources/site_257_bowra-dry-a/downloaded_clips/site_257_item_1534156/site_257_item_1534156_clip_002.webm,167.3,180.071,12.771,afternoon,winter,-0.5,-0.866025,0.0,-1.0,winter_afternoon
1534156_clip004_s000,resources/site_257_bowra-dry-a/downloaded_clips/site_257_item_1534156/site_257_item_1534156_clip_004.webm,270.907,285.536,14.629,afternoon,winter,-0.5,-0.866025,0.0,-1.0,winter_afternoon
1534156_clip007_s000,resources/site_257_bowra-dry-a/downloaded_clips/site_257_item_1534156/site_257_item_1534156_clip_007.webm,29.629,41.54,11.912,afternoon,winter,-0.5,-0.866025,0.0,-1.0,winter_afternoon
1534156_clip009_s000,resources/site_257_bowra-dry-a/downloaded_clips/site_257_item_1534156/site_257_item_1534156_clip_009.webm,185.969,196.232,10.263,afternoon,winter,-0.5,-0.866025,0.0,-1.0,winter_afternoon
1534156_clip011_s000,resources/site_257_bowra-dry-a/downloaded_clips/site_257_item_1534156/site_257_item_1534156_clip_011.webm,134.049,144.707,10.658,afternoon,winter,-0.5,-0.866025,0.0,-1.0,winter_afternoon
1534156_clip012_s000,resources/site_257_bowra-dry-a/downloaded_clips/site_257_item_1534156/site_257_item_1534156_clip_012.webm,52.036,62.276,10.24,afternoon,winter,-0.5,-0.866025,0.0,-1.0,winter_afternoon
1534156_clip013_s000,resources/site_257_bowra-dry-a/downloaded_clips/site_257_item_1534156/site_257_item_1534156_clip_013.webm,169.9,183.74,13.839,afternoon,winter,-0.5,-0.866025,0.0,-1.0,winter_afternoon
1534156_clip014_s000,resources/site_257_bowra-dry-a/downloaded_clips/site_257_item_1534156/site_257_item_1534156_clip_014.webm,0.0,14.396,14.396,afternoon,winter,-0.5,-0.866025,0.0,-1.0,winter_afternoon
1534156_clip017_s000,resources/site_257_bowra-dry-a/downloaded_clips/site_257_item_1534156/site_257_item_1534156_clip_017.webm,2.461,14.257,11.796,afternoon,winter,-0.5,-0.866025,0.0,-1.0,winter_afternoon
1534156_clip017_s001,resources/site_257_bowra-dry-a/downloaded_clips/site_257_item_1534156/site_257_item_1534156_clip_017.webm,20.735,32.322,11.587,afternoon,winter,-0.5,-0.866025,0.0,-1.0,winter_afternoon
1534156_clip017_s002,resources/site_257_bowra-dry-a/downloaded_clips/site_257_item_1534156/site_257_item_1534156_clip_017.webm,37.314,48.506,11.192,afternoon,winter,-0.5,-0.866025,0.0,-1.0,winter_afternoon
1534156_clip018_s000,resources/site_257_bowra-dry-a/downloaded_clips/site_257_item_1534156/site_257_item_1534156_clip_018.webm,141.804,153.53,11.726,afternoon,winter,-0.5,-0.866025,0.0,-1.0,winter_afternoon
1534156_clip021_s000,resources/site_257_bowra-dry-a/downloaded_clips/site_257_item_1534156/site_257_item_1534156_clip_021.webm,189.127,202.199,13.073,afternoon,winter,-0.5,-0.866025,0.0,-1.0,winter_afternoon
1534156_clip021_s001,resources/site_257_bowra-dry-a/downloaded_clips/site_257_item_1534156/site_257_item_1534156_clip_021.webm,275.923,286.465,10.542,afternoon,winter,-0.5,-0.866025,0.0,-1.0,winter_afternoon
1534156_clip023_s000,resources/site_257_bowra-dry-a/downloaded_clips/site_257_item_1534156/site_257_item_1534156_clip_023.webm,257.045,271.372,14.327,afternoon,winter,-0.5,-0.866025,0.0,-1.0,winter_afternoon
1535837_clip001_s000,resources/site_257_bowra-dry-a/downloaded_clips/site_257_item_1535837/site_257_item_1535837_clip_001.webm,74.954,85.983,11.029,afternoon,winter,-0.258819,-0.965926,-0.866025,-0.5,winter_afternoon
1535837_clip004_s000,resources/site_257_bowra-dry-a/downloaded_clips/site_257_item_1535837/site_257_item_1535837_clip_004.webm,282.657,293.036,10.379,afternoon,winter,-0.258819,-0.965926,-0.866025,-0.5,winter_afternoon
1535837_clip006_s000,resources/site_257_bowra-dry-a/downloaded_clips/site_257_item_1535837/site_257_item_1535837_clip_006.webm,208.19,222.401,14.211,afternoon,winter,-0.258819,-0.965926,-0.866025,-0.5,winter_afternoon
1536797_clip008_s000,resources/site_257_bowra-dry-a/downloaded_clips/site_257_item_1536797/site_257_item_1536797_clip_008.webm,47.485,58.468,10.983,afternoon,winter,-0.5,-0.866025,0.0,-1.0,winter_afternoon
1536797_clip008_s001,resources/site_257_bowra-dry-a/downloaded_clips/site_257_item_1536797/site_257_item_1536797_clip_008.webm,90.767,101.146,10.379,afternoon,winter,-0.5,-0.866025,0.0,-1.0,winter_afternoon
1536797_clip010_s000,resources/site_257_bowra-dry-a/downloaded_clips/site_257_item_1536797/site_257_item_1536797_clip_010.webm,205.102,215.574,10.472,afternoon,winter,-0.5,-0.866025,0.0,-1.0,winter_afternoon
1536797_clip011_s000,resources/site_257_bowra-dry-a/downloaded_clips/site_257_item_1536797/site_257_item_1536797_clip_011.webm,269.05,280.822,11.773,afternoon,winter,-0.5,-0.866025,0.0,-1.0,winter_afternoon
1536797_clip013_s000,resources/site_257_bowra-dry-a/downloaded_clips/site_257_item_1536797/site_257_item_1536797_clip_013.webm,70.612,82.338,11.726,afternoon,winter,-0.5,-0.866025,0.0,-1.0,winter_afternoon
1536797_clip017_s000,resources/site_257_bowra-dry-a/downloaded_clips/site_257_item_1536797/site_257_item_1536797_clip_017.webm,257.718,268.469,10.751,afternoon,winter,-0.5,-0.866025,0.0,-1.0,winter_afternoon
1536797_clip019_s000,resources/site_257_bowra-dry-a/downloaded_clips/site_257_item_1536797/site_257_item_1536797_clip_019.webm,114.149,128.615,14.466,afternoon,winter,-0.5,-0.866025,0.0,-1.0,winter_afternoon
1536797_clip022_s000,resources/site_257_bowra-dry-a/downloaded_clips/site_257_item_1536797/site_257_item_1536797_clip_022.webm,65.596,76.649,11.053,afternoon,winter,-0.5,-0.866025,0.0,-1.0,winter_afternoon
1539520_clip010_s000,resources/site_257_bowra-dry-a/downloaded_clips/site_257_item_1539520/site_257_item_1539520_clip_010.webm,10.82,50.782,39.962,afternoon,winter,-0.258819,-0.965926,-0.5,-0.866025,winter_afternoon
1539520_clip010_s001,resources/site_257_bowra-dry-a/downloaded_clips/site_257_item_1539520/site_257_item_1539520_clip_010.webm,65.527,78.019,12.492,afternoon,winter,-0.258819,-0.965926,-0.5,-0.866025,winter_afternoon
1539520_clip010_s002,resources/site_257_bowra-dry-a/downloaded_clips/site_257_item_1539520/site_257_item_1539520_clip_010.webm,78.344,88.747,10.403,afternoon,winter,-0.258819,-0.965926,-0.5,-0.866025,winter_afternoon
1539520_clip010_s003,resources/site_257_bowra-dry-a/downloaded_clips/site_257_item_1539520/site_257_item_1539520_clip_010.webm,88.979,100.96,11.981,afternoon,winter,-0.258819,-0.965926,-0.5,-0.866025,winter_afternoon
1675748_clip013_s000,resources/site_257_bowra-dry-a/downloaded_clips/site_257_item_1675748/site_257_item_1675748_clip_013.webm,51.595,61.974,10.379,afternoon,winter,0.0,-1.0,0.0,-1.0,winter_afternoon
1675748_clip015_s000,resources/site_257_bowra-dry-a/downloaded_clips/site_257_item_1675748/site_257_item_1675748_clip_015.webm,145.496,155.504,10.008,afternoon,winter,0.0,-1.0,0.0,-1.0,winter_afternoon
1675748_clip016_s000,resources/site_257_bowra-dry-a/downloaded_clips/site_257_item_1675748/site_257_item_1675748_clip_016.webm,61.022,74.025,13.003,afternoon,winter,0.0,-1.0,0.0,-1.0,winter_afternoon
1681129_clip003_s000,resources/site_257_bowra-dry-a/downloaded_clips/site_257_item_1681129/site_257_item_1681129_clip_003.webm,276.921,289.019,12.098,afternoon,winter,0.0,-1.0,0.0,-1.0,winter_afternoon
1681129_clip022_s000,resources/site_257_bowra-dry-a/downloaded_clips/site_257_item_1681129/site_257_item_1681129_clip_022.webm,259.019,289.321,30.302,afternoon,winter,0.0,-1.0,0.0,-1.0,winter_afternoon
445532_clip004_s000,resources/site_257_bowra-dry-a/downloaded_clips/site_257_item_445532/site_257_item_445532_clip_004.webm,57.237,68.36,11.122,afternoon,winter,-0.5,-0.866025,-0.866025,-0.5,winter_afternoon
445532_clip008_s000,resources/site_257_bowra-dry-a/downloaded_clips/site_257_item_445532/site_257_item_445532_clip_008.webm,53.917,66.641,12.725,afternoon,winter,-0.5,-0.866025,-0.866025,-0.5,winter_afternoon
445532_clip019_s000,resources/site_257_bowra-dry-a/downloaded_clips/site_257_item_445532/site_257_item_445532_clip_019.webm,137.346,149.792,12.446,afternoon,winter,-0.5,-0.866025,-0.866025,-0.5,winter_afternoon
445532_clip020_s000,resources/site_257_bowra-dry-a/downloaded_clips/site_257_item_445532/site_257_item_445532_clip_020.webm,100.287,112.524,12.237,afternoon,winter,-0.5,-0.866025,-0.866025,-0.5,winter_afternoon
5293_clip002_s000,resources/site_257_bowra-dry-a/downloaded_clips/site_257_item_5293/site_257_item_5293_clip_002.webm,56.866,71.355,14.489,afternoon,winter,-0.5,-0.866025,-0.866025,-0.5,winter_afternoon
5293_clip008_s000,resources/site_257_bowra-dry-a/downloaded_clips/site_257_item_5293/site_257_item_5293_clip_008.webm,203.964,220.613,16.649,afternoon,winter,-0.5,-0.866025,-0.866025,-0.5,winter_afternoon
5293_clip024_s000,resources/site_257_bowra-dry-a/downloaded_clips/site_257_item_5293/site_257_item_5293_clip_024.webm,220.706,230.783,10.077,afternoon,winter,-0.5,-0.866025,-0.866025,-0.5,winter_afternoon
5493_clip001_s000,resources/site_257_bowra-dry-a/downloaded_clips/site_257_item_5493/site_257_item_5493_clip_001.webm,17.74,27.794,10.054,afternoon,winter,-0.5,-0.866025,-0.866025,-0.5,winter_afternoon
5493_clip006_s000,resources/site_257_bowra-dry-a/downloaded_clips/site_257_item_5493/site_257_item_5493_clip_006.webm,94.505,110.55,16.045,afternoon,winter,-0.5,-0.866025,-0.866025,-0.5,winter_afternoon
5493_clip008_s000,resources/site_257_bowra-dry-a/downloaded_clips/site_257_item_5493/site_257_item_5493_clip_008.webm,97.292,107.833,10.542,afternoon,winter,-0.5,-0.866025,-0.866025,-0.5,winter_afternoon
5493_clip011_s000,resources/site_257_bowra-dry-a/downloaded_clips/site_257_item_5493/site_257_item_5493_clip_011.webm,217.571,228.159,10.588,afternoon,winter,-0.5,-0.866025,-0.866025,-0.5,winter_afternoon
5493_clip011_s001,resources/site_257_bowra-dry-a/downloaded_clips/site_257_item_5493/site_257_item_5493_clip_011.webm,282.146,292.943,10.797,afternoon,winter,-0.5,-0.866025,-0.866025,-0.5,winter_afternoon
5493_clip012_s000,resources/site_257_bowra-dry-a/downloaded_clips/site_257_item_5493/site_257_item_5493_clip_012.webm,20.341,31.022,10.681,afternoon,winter,-0.5,-0.866025,-0.866025,-0.5,winter_afternoon
5493_clip012_s001,resources/site_257_bowra-dry-a/downloaded_clips/site_257_item_5493/site_257_item_5493_clip_012.webm,258.206,270.35,12.144,afternoon,winter,-0.5,-0.866025,-0.866025,-0.5,winter_afternoon
5493_clip013_s000,resources/site_257_bowra-dry-a/downloaded_clips/site_257_item_5493/site_257_item_5493_clip_013.webm,237.679,248.361,10.681,afternoon,winter,-0.5,-0.866025,-0.866025,-0.5,winter_afternoon
5493_clip016_s000,resources/site_257_bowra-dry-a/downloaded_clips/site_257_item_5493/site_257_item_5493_clip_016.webm,211.464,222.076,10.612,afternoon,winter,-0.5,-0.866025,-0.866025,-0.5,winter_afternoon
4900_clip001_s000,resources/site_257_bowra-dry-a/downloaded_clips/site_257_item_4900/site_257_item_4900_clip_001.webm,27.818,38.127,10.31,afternoon,winter,-0.5,-0.866025,-0.866025,-0.5,winter_afternoon
4900_clip023_s000,resources/site_257_bowra-dry-a/downloaded_clips/site_257_item_4900/site_257_item_4900_clip_023.webm,72.284,82.454,10.17,afternoon,winter,-0.5,-0.866025,-0.866025,-0.5,winter_afternoon
4984_clip004_s000,resources/site_257_bowra-dry-a/downloaded_clips/site_257_item_4984/site_257_item_4984_clip_004.webm,263.361,273.461,10.101,afternoon,winter,-0.5,-0.866025,-0.866025,-0.5,winter_afternoon
4984_clip022_s000,resources/site_257_bowra-dry-a/downloaded_clips/site_257_item_4984/site_257_item_4984_clip_022.webm,93.437,103.909,10.472,afternoon,winter,-0.5,-0.866025,-0.866025,-0.5,winter_afternoon
5026_clip024_s000,resources/site_257_bowra-dry-a/downloaded_clips/site_257_item_5026/site_257_item_5026_clip_024.webm,172.455,190.404,17.949,afternoon,winter,-0.5,-0.866025,-0.866025,-0.5,winter_afternoon
5302_clip003_s000,resources/site_257_bowra-dry-a/downloaded_clips/site_257_item_5302/site_257_item_5302_clip_003.webm,241.209,253.817,12.608,afternoon,winter,0.0,-1.0,-0.866025,-0.5,winter_afternoon
5302_clip006_s000,resources/site_257_bowra-dry-a/downloaded_clips/site_257_item_5302/site_257_item_5302_clip_006.webm,40.38,52.616,12.237,afternoon,winter,0.0,-1.0,-0.866025,-0.5,winter_afternoon
5302_clip012_s000,resources/site_257_bowra-dry-a/downloaded_clips/site_257_item_5302/site_257_item_5302_clip_012.webm,150.396,162.029,11.633,afternoon,winter,0.0,-1.0,-0.866025,-0.5,winter_afternoon
5302_clip013_s000,resources/site_257_bowra-dry-a/downloaded_clips/site_257_item_5302/site_257_item_5302_clip_013.webm,235.938,248.059,12.121,afternoon,winter,0.0,-1.0,-0.866025,-0.5,winter_afternoon
5302_clip024_s000,resources/site_257_bowra-dry-a/downloaded_clips/site_257_item_5302/site_257_item_5302_clip_024.webm,97.245,113.104,15.859,afternoon,winter,0.0,-1.0,-0.866025,-0.5,winter_afternoon
5302_clip024_s001,resources/site_257_bowra-dry-a/downloaded_clips/site_257_item_5302/site_257_item_5302_clip_024.webm,138.739,148.817,10.077,afternoon,winter,0.0,-1.0,-0.866025,-0.5,winter_afternoon
5415_clip002_s000,resources/site_257_bowra-dry-a/downloaded_clips/site_257_item_5415/site_257_item_5415_clip_002.webm,124.227,135.558,11.331,afternoon,winter,-0.5,-0.866025,-0.866025,-0.5,winter_afternoon
5415_clip012_s000,resources/site_257_bowra-dry-a/downloaded_clips/site_257_item_5415/site_257_item_5415_clip_012.webm,115.148,125.899,10.751,afternoon,winter,-0.5,-0.866025,-0.866025,-0.5,winter_afternoon
5415_clip016_s000,resources/site_257_bowra-dry-a/downloaded_clips/site_257_item_5415/site_257_item_5415_clip_016.webm,110.411,123.112,12.701,afternoon,winter,-0.5,-0.866025,-0.866025,-0.5,winter_afternoon
5415_clip016_s001,resources/site_257_bowra-dry-a/downloaded_clips/site_257_item_5415/site_257_item_5415_clip_016.webm,248.546,260.783,12.237,afternoon,winter,-0.5,-0.866025,-0.866025,-0.5,winter_afternoon
5415_clip023_s000,resources/site_257_bowra-dry-a/downloaded_clips/site_257_item_5415/site_257_item_5415_clip_023.webm,130.496,141.526,11.029,afternoon,winter,-0.5,-0.866025,-0.866025,-0.5,winter_afternoon
5497_clip004_s000,resources/site_257_bowra-dry-a/downloaded_clips/site_257_item_5497/site_257_item_5497_clip_004.webm,35.387,47.554,12.167,afternoon,winter,0.0,-1.0,-0.866025,-0.5,winter_afternoon
5497_clip006_s000,resources/site_257_bowra-dry-a/downloaded_clips/site_257_item_5497/site_257_item_5497_clip_006.webm,121.696,134.583,12.887,afternoon,winter,0.0,-1.0,-0.866025,-0.5,winter_afternoon
5497_clip010_s000,resources/site_257_bowra-dry-a/downloaded_clips/site_257_item_5497/site_257_item_5497_clip_010.webm,116.077,127.338,11.262,afternoon,winter,0.0,-1.0,-0.866025,-0.5,winter_afternoon
5497_clip014_s000,resources/site_257_bowra-dry-a/downloaded_clips/site_257_item_5497/site_257_item_5497_clip_014.webm,77.578,89.699,12.121,afternoon,winter,0.0,-1.0,-0.866025,-0.5,winter_afternoon
5497_clip017_s000,resources/site_257_bowra-dry-a/downloaded_clips/site_257_item_5497/site_257_item_5497_clip_017.webm,51.339,62.392,11.053,afternoon,winter,0.0,-1.0,-0.866025,-0.5,winter_afternoon
445522_clip009_s000,resources/site_257_bowra-dry-a/downloaded_clips/site_257_item_445522/site_257_item_445522_clip_009.webm,133.445,143.592,10.147,afternoon,winter,-0.5,-0.866025,-0.866025,-0.5,winter_afternoon
445522_clip021_s000,resources/site_257_bowra-dry-a/downloaded_clips/site_257_item_445522/site_257_item_445522_clip_021.webm,189.173,202.385,13.212,afternoon,winter,-0.5,-0.866025,-0.866025,-0.5,winter_afternoon
445535_clip019_s000,resources/site_257_bowra-dry-a/downloaded_clips/site_257_item_445535/site_257_item_445535_clip_019.webm,270.977,281.681,10.704,afternoon,winter,0.0,-1.0,-0.866025,-0.5,winter_afternoon
445535_clip022_s000,resources/site_257_bowra-dry-a/downloaded_clips/site_257_item_445535/site_257_item_445535_clip_022.webm,123.6,134.327,10.728,afternoon,winter,0.0,-1.0,-0.866025,-0.5,winter_afternoon
445535_clip022_s001,resources/site_257_bowra-dry-a/downloaded_clips/site_257_item_445535/site_257_item_445535_clip_022.webm,188.244,201.503,13.259,afternoon,winter,0.0,-1.0,-0.866025,-0.5,winter_afternoon
445535_clip023_s000,resources/site_257_bowra-dry-a/downloaded_clips/site_257_item_445535/site_257_item_445535_clip_023.webm,32.253,44.257,12.005,afternoon,winter,0.0,-1.0,-0.866025,-0.5,winter_afternoon
445535_clip024_s000,resources/site_257_bowra-dry-a/downloaded_clips/site_257_item_445535/site_257_item_445535_clip_024.webm,166.975,178.19,11.215,afternoon,winter,0.0,-1.0,-0.866025,-0.5,winter_afternoon
1536793_clip001_s000,resources/site_257_bowra-dry-a/downloaded_clips/site_257_item_1536793/site_257_item_1536793_clip_001.webm,39.706,50.387,10.681,afternoon,winter,0.0,-1.0,0.0,-1.0,winter_afternoon
1536793_clip002_s000,resources/site_257_bowra-dry-a/downloaded_clips/site_257_item_1536793/site_257_item_1536793_clip_002.webm,73.538,84.079,10.542,afternoon,winter,0.0,-1.0,0.0,-1.0,winter_afternoon
1536793_clip003_s000,resources/site_257_bowra-dry-a/downloaded_clips/site_257_item_1536793/site_257_item_1536793_clip_003.webm,55.798,68.661,12.864,afternoon,winter,0.0,-1.0,0.0,-1.0,winter_afternoon
1536793_clip003_s001,resources/site_257_bowra-dry-a/downloaded_clips/site_257_item_1536793/site_257_item_1536793_clip_003.webm,106.858,118.677,11.819,afternoon,winter,0.0,-1.0,0.0,-1.0,winter_afternoon
1536793_clip004_s000,resources/site_257_bowra-dry-a/downloaded_clips/site_257_item_1536793/site_257_item_1536793_clip_004.webm,90.21,101.169,10.96,afternoon,winter,0.0,-1.0,0.0,-1.0,winter_afternoon
1536793_clip005_s000,resources/site_257_bowra-dry-a/downloaded_clips/site_257_item_1536793/site_257_item_1536793_clip_005.webm,182.161,196.952,14.791,afternoon,winter,0.0,-1.0,0.0,-1.0,winter_afternoon
1536793_clip005_s001,resources/site_257_bowra-dry-a/downloaded_clips/site_257_item_1536793/site_257_item_1536793_clip_005.webm,205.961,231.294,25.333,afternoon,winter,0.0,-1.0,0.0,-1.0,winter_afternoon
1536793_clip009_s000,resources/site_257_bowra-dry-a/downloaded_clips/site_257_item_1536793/site_257_item_1536793_clip_009.webm,259.297,271.07,11.773,afternoon,winter,0.0,-1.0,0.0,-1.0,winter_afternoon
1536793_clip010_s000,resources/site_257_bowra-dry-a/downloaded_clips/site_257_item_1536793/site_257_item_1536793_clip_010.webm,28.328,48.205,19.876,afternoon,winter,0.0,-1.0,0.0,-1.0,winter_afternoon
1536793_clip010_s001,resources/site_257_bowra-dry-a/downloaded_clips/site_257_item_1536793/site_257_item_1536793_clip_010.webm,128.685,142.338,13.653,afternoon,winter,0.0,-1.0,0.0,-1.0,winter_afternoon
1536793_clip010_s002,resources/site_257_bowra-dry-a/downloaded_clips/site_257_item_1536793/site_257_item_1536793_clip_010.webm,237.703,253.492,15.79,afternoon,winter,0.0,-1.0,0.0,-1.0,winter_afternoon
1536793_clip010_s003,resources/site_257_bowra-dry-a/downloaded_clips/site_257_item_1536793/site_257_item_1536793_clip_010.webm,255.094,268.19,13.096,afternoon,winter,0.0,-1.0,0.0,-1.0,winter_afternoon
1536793_clip011_s000,resources/site_257_bowra-dry-a/downloaded_clips/site_257_item_1536793/site_257_item_1536793_clip_011.webm,76.115,96.665,20.55,afternoon,winter,0.0,-1.0,0.0,-1.0,winter_afternoon
1536793_clip011_s001,resources/site_257_bowra-dry-a/downloaded_clips/site_257_item_1536793/site_257_item_1536793_clip_011.webm,103.631,117.075,13.444,afternoon,winter,0.0,-1.0,0.0,-1.0,winter_afternoon
1536793_clip013_s000,resources/site_257_bowra-dry-a/downloaded_clips/site_257_item_1536793/site_257_item_1536793_clip_013.webm,28.003,42.353,14.35,afternoon,winter,0.0,-1.0,0.0,-1.0,winter_afternoon
1536793_clip016_s000,resources/site_257_bowra-dry-a/downloaded_clips/site_257_item_1536793/site_257_item_1536793_clip_016.webm,8.034,18.158,10.124,afternoon,winter,0.0,-1.0,0.0,-1.0,winter_afternoon
1536793_clip016_s001,resources/site_257_bowra-dry-a/downloaded_clips/site_257_item_1536793/site_257_item_1536793_clip_016.webm,80.318,90.349,10.031,afternoon,winter,0.0,-1.0,0.0,-1.0,winter_afternoon
1536793_clip016_s002,resources/site_257_bowra-dry-a/downloaded_clips/site_257_item_1536793/site_257_item_1536793_clip_016.webm,239.792,251.217,11.424,afternoon,winter,0.0,-1.0,0.0,-1.0,winter_afternoon
1539749_clip001_s000,resources/site_257_bowra-dry-a/downloaded_clips/site_257_item_1539749/site_257_item_1539749_clip_001.webm,44.838,54.962,10.124,afternoon,winter,-0.258819,-0.965926,0.0,-1.0,winter_afternoon
1539749_clip004_s000,resources/site_257_bowra-dry-a/downloaded_clips/site_257_item_1539749/site_257_item_1539749_clip_004.webm,19.226,29.977,10.751,afternoon,winter,-0.258819,-0.965926,0.0,-1.0,winter_afternoon
1539749_clip006_s000,resources/site_257_bowra-dry-a/downloaded_clips/site_257_item_1539749/site_257_item_1539749_clip_006.webm,286.883,298.353,11.471,afternoon,winter,-0.258819,-0.965926,0.0,-1.0,winter_afternoon
1539749_clip008_s000,resources/site_257_bowra-dry-a/downloaded_clips/site_257_item_1539749/site_257_item_1539749_clip_008.webm,80.991,94.877,13.886,afternoon,winter,-0.258819,-0.965926,0.0,-1.0,winter_afternoon
1539749_clip008_s001,resources/site_257_bowra-dry-a/downloaded_clips/site_257_item_1539749/site_257_item_1539749_clip_008.webm,159.568,169.808,10.24,afternoon,winter,-0.258819,-0.965926,0.0,-1.0,winter_afternoon
1539749_clip012_s000,resources/site_257_bowra-dry-a/downloaded_clips/site_257_item_1539749/site_257_item_1539749_clip_012.webm,46.022,56.726,10.704,afternoon,winter,-0.258819,-0.965926,0.0,-1.0,winter_afternoon
1539749_clip012_s001,resources/site_257_bowra-dry-a/downloaded_clips/site_257_item_1539749/site_257_item_1539749_clip_012.webm,127.896,138.879,10.983,afternoon,winter,-0.258819,-0.965926,0.0,-1.0,winter_afternoon
1535159_clip016_s000,resources/site_257_bowra-dry-a/downloaded_clips/site_257_item_1535159/site_257_item_1535159_clip_016.webm,223.91,234.104,10.194,afternoon,winter,0.0,-1.0,0.0,-1.0,winter_afternoon
1536769_clip002_s000,resources/site_257_bowra-dry-a/downloaded_clips/site_257_item_1536769/site_257_item_1536769_clip_002.webm,24.59,39.033,14.443,afternoon,winter,-0.5,-0.866025,0.0,-1.0,winter_afternoon
1536769_clip002_s001,resources/site_257_bowra-dry-a/downloaded_clips/site_257_item_1536769/site_257_item_1536769_clip_002.webm,227.114,237.215,10.101,afternoon,winter,-0.5,-0.866025,0.0,-1.0,winter_afternoon
1536769_clip003_s000,resources/site_257_bowra-dry-a/downloaded_clips/site_257_item_1536769/site_257_item_1536769_clip_003.webm,185.365,198.182,12.817,afternoon,winter,-0.5,-0.866025,0.0,-1.0,winter_afternoon
1536769_clip006_s000,resources/site_257_bowra-dry-a/downloaded_clips/site_257_item_1536769/site_257_item_1536769_clip_006.webm,209.258,220.404,11.146,afternoon,winter,-0.5,-0.866025,0.0,-1.0,winter_afternoon
1536817_clip005_s000,resources/site_257_bowra-dry-a/downloaded_clips/site_257_item_1536817/site_257_item_1536817_clip_005.webm,241.232,252.285,11.053,afternoon,winter,-0.5,-0.866025,-0.5,-0.866025,winter_afternoon
1536817_clip010_s000,resources/site_257_bowra-dry-a/downloaded_clips/site_257_item_1536817/site_257_item_1536817_clip_010.webm,178.306,188.314,10.008,afternoon,winter,-0.5,-0.866025,-0.5,-0.866025,winter_afternoon
1536817_clip013_s000,resources/site_257_bowra-dry-a/downloaded_clips/site_257_item_1536817/site_257_item_1536817_clip_013.webm,135.163,146.588,11.424,afternoon,winter,-0.5,-0.866025,-0.5,-0.866025,winter_afternoon
1539118_clip010_s000,resources/site_257_bowra-dry-a/downloaded_clips/site_257_item_1539118/site_257_item_1539118_clip_010.webm,192.47,203.384,10.913,afternoon,winter,0.0,-1.0,0.0,-1.0,winter_afternoon
1539118_clip010_s001,resources/site_257_bowra-dry-a/downloaded_clips/site_257_item_1539118/site_257_item_1539118_clip_010.webm,280.985,295.149,14.164,afternoon,winter,0.0,-1.0,0.0,-1.0,winter_afternoon
1539118_clip011_s000,resources/site_257_bowra-dry-a/downloaded_clips/site_257_item_1539118/site_257_item_1539118_clip_011.webm,60.233,73.189,12.957,afternoon,winter,0.0,-1.0,0.0,-1.0,winter_afternoon
1539118_clip017_s000,resources/site_257_bowra-dry-a/downloaded_clips/site_257_item_1539118/site_257_item_1539118_clip_017.webm,196.162,208.562,12.399,afternoon,winter,0.0,-1.0,0.0,-1.0,winter_afternoon
1539186_clip006_s000,resources/site_257_bowra-dry-a/downloaded_clips/site_257_item_1539186/site_257_item_1539186_clip_006.webm,71.912,83.081,11.169,afternoon,winter,-0.5,-0.866025,-0.5,-0.866025,winter_afternoon
1539186_clip006_s001,resources/site_257_bowra-dry-a/downloaded_clips/site_257_item_1539186/site_257_item_1539186_clip_006.webm,163.561,175.473,11.912,afternoon,winter,-0.5,-0.866025,-0.5,-0.866025,winter_afternoon
1539376_clip001_s000,resources/site_257_bowra-dry-a/downloaded_clips/site_257_item_1539376/site_257_item_1539376_clip_001.webm,190.032,201.874,11.842,afternoon,winter,-0.5,-0.866025,0.0,-1.0,winter_afternoon
1539376_clip003_s000,resources/site_257_bowra-dry-a/downloaded_clips/site_257_item_1539376/site_257_item_1539376_clip_003.webm,37.384,49.76,12.376,afternoon,winter,-0.5,-0.866025,0.0,-1.0,winter_afternoon
1539376_clip004_s000,resources/site_257_bowra-dry-a/downloaded_clips/site_257_item_1539376/site_257_item_1539376_clip_004.webm,119.652,130.403,10.751,afternoon,winter,-0.5,-0.866025,0.0,-1.0,winter_afternoon
1539376_clip007_s000,resources/site_257_bowra-dry-a/downloaded_clips/site_257_item_1539376/site_257_item_1539376_clip_007.webm,145.334,157.826,12.492,afternoon,winter,-0.5,-0.866025,0.0,-1.0,winter_afternoon
1539376_clip009_s000,resources/site_257_bowra-dry-a/downloaded_clips/site_257_item_1539376/site_257_item_1539376_clip_009.webm,208.074,219.312,11.238,afternoon,winter,-0.5,-0.866025,0.0,-1.0,winter_afternoon
1539593_clip013_s000,resources/site_257_bowra-dry-a/downloaded_clips/site_257_item_1539593/site_257_item_1539593_clip_013.webm,102.818,113.453,10.635,afternoon,winter,-0.5,-0.866025,-0.5,-0.866025,winter_afternoon
1539737_clip002_s000,resources/site_257_bowra-dry-a/downloaded_clips/site_257_item_1539737/site_257_item_1539737_clip_002.webm,207.54,217.803,10.263,afternoon,winter,-0.5,-0.866025,0.0,-1.0,winter_afternoon
1539737_clip003_s000,resources/site_257_bowra-dry-a/downloaded_clips/site_257_item_1539737/site_257_item_1539737_clip_003.webm,26.865,51.339,24.474,afternoon,winter,-0.5,-0.866025,0.0,-1.0,winter_afternoon
1539737_clip003_s001,resources/site_257_bowra-dry-a/downloaded_clips/site_257_item_1539737/site_257_item_1539737_clip_003.webm,77.346,88.723,11.378,afternoon,winter,-0.5,-0.866025,0.0,-1.0,winter_afternoon
1539737_clip013_s000,resources/site_257_bowra-dry-a/downloaded_clips/site_257_item_1539737/site_257_item_1539737_clip_013.webm,162.424,175.891,13.468,afternoon,winter,-0.5,-0.866025,0.0,-1.0,winter_afternoon
1539737_clip013_s001,resources/site_257_bowra-dry-a/downloaded_clips/site_257_item_1539737/site_257_item_1539737_clip_013.webm,278.198,291.085,12.887,afternoon,winter,-0.5,-0.866025,0.0,-1.0,winter_afternoon
1539737_clip016_s000,resources/site_257_bowra-dry-a/downloaded_clips/site_257_item_1539737/site_257_item_1539737_clip_016.webm,56.053,66.827,10.774,afternoon,winter,-0.5,-0.866025,0.0,-1.0,winter_afternoon
1539737_clip019_s000,resources/site_257_bowra-dry-a/downloaded_clips/site_257_item_1539737/site_257_item_1539737_clip_019.webm,264.94,275.807,10.867,afternoon,winter,-0.5,-0.866025,0.0,-1.0,winter_afternoon
1539737_clip022_s000,resources/site_257_bowra-dry-a/downloaded_clips/site_257_item_1539737/site_257_item_1539737_clip_022.webm,259.785,270.93,11.146,afternoon,winter,-0.5,-0.866025,0.0,-1.0,winter_afternoon
1535998_clip002_s000,resources/site_257_bowra-dry-a/downloaded_clips/site_257_item_1535998/site_257_item_1535998_clip_002.webm,155.016,165.605,10.588,afternoon,winter,-0.707107,-0.707107,-0.866025,-0.5,winter_afternoon
1536108_clip018_s000,resources/site_257_bowra-dry-a/downloaded_clips/site_257_item_1536108/site_257_item_1536108_clip_018.webm,235.775,246.967,11.192,afternoon,winter,0.0,-1.0,-0.866025,-0.5,winter_afternoon
1536300_clip010_s000,resources/site_257_bowra-dry-a/downloaded_clips/site_257_item_1536300/site_257_item_1536300_clip_010.webm,40.914,53.22,12.307,afternoon,winter,-0.5,-0.866025,-0.866025,-0.5,winter_afternoon
1539238_clip004_s000,resources/site_257_bowra-dry-a/downloaded_clips/site_257_item_1539238/site_257_item_1539238_clip_004.webm,130.752,143.685,12.934,afternoon,winter,-0.5,-0.866025,-0.5,-0.866025,winter_afternoon
1539238_clip004_s001,resources/site_257_bowra-dry-a/downloaded_clips/site_257_item_1539238/site_257_item_1539238_clip_004.webm,152.137,171.921,19.783,afternoon,winter,-0.5,-0.866025,-0.5,-0.866025,winter_afternoon
1539238_clip006_s000,resources/site_257_bowra-dry-a/downloaded_clips/site_257_item_1539238/site_257_item_1539238_clip_006.webm,209.769,223.98,14.211,afternoon,winter,-0.5,-0.866025,-0.5,-0.866025,winter_afternoon
1539238_clip009_s000,resources/site_257_bowra-dry-a/downloaded_clips/site_257_item_1539238/site_257_item_1539238_clip_009.webm,235.056,245.946,10.89,afternoon,winter,-0.5,-0.866025,-0.5,-0.866025,winter_afternoon
1539238_clip011_s000,resources/site_257_bowra-dry-a/downloaded_clips/site_257_item_1539238/site_257_item_1539238_clip_011.webm,9.636,33.53,23.893,afternoon,winter,-0.5,-0.866025,-0.5,-0.866025,winter_afternoon
1539238_clip011_s001,resources/site_257_bowra-dry-a/downloaded_clips/site_257_item_1539238/site_257_item_1539238_clip_011.webm,254.537,276.944,22.407,afternoon,winter,-0.5,-0.866025,-0.5,-0.866025,winter_afternoon
1539238_clip013_s000,resources/site_257_bowra-dry-a/downloaded_clips/site_257_item_1539238/site_257_item_1539238_clip_013.webm,112.849,124.784,11.935,afternoon,winter,-0.5,-0.866025,-0.5,-0.866025,winter_afternoon
1539271_clip002_s000,resources/site_257_bowra-dry-a/downloaded_clips/site_257_item_1539271/site_257_item_1539271_clip_002.webm,30.325,43.677,13.351,afternoon,winter,0.0,-1.0,-0.5,-0.866025,winter_afternoon
1539271_clip006_s000,resources/site_257_bowra-dry-a/downloaded_clips/site_257_item_1539271/site_257_item_1539271_clip_006.webm,83.313,93.6,10.286,afternoon,winter,0.0,-1.0,-0.5,-0.866025,winter_afternoon
1539271_clip008_s000,resources/site_257_bowra-dry-a/downloaded_clips/site_257_item_1539271/site_257_item_1539271_clip_008.webm,138.391,154.506,16.115,afternoon,winter,0.0,-1.0,-0.5,-0.866025,winter_afternoon
1539271_clip008_s001,resources/site_257_bowra-dry-a/downloaded_clips/site_257_item_1539271/site_257_item_1539271_clip_008.webm,185.481,197.764,12.283,afternoon,winter,0.0,-1.0,-0.5,-0.866025,winter_afternoon
1539271_clip009_s000,resources/site_257_bowra-dry-a/downloaded_clips/site_257_item_1539271/site_257_item_1539271_clip_009.webm,73.073,85.728,12.655,afternoon,winter,0.0,-1.0,-0.5,-0.866025,winter_afternoon
1539271_clip011_s000,resources/site_257_bowra-dry-a/downloaded_clips/site_257_item_1539271/site_257_item_1539271_clip_011.webm,26.703,36.804,10.101,afternoon,winter,0.0,-1.0,-0.5,-0.866025,winter_afternoon
1539271_clip013_s000,resources/site_257_bowra-dry-a/downloaded_clips/site_257_item_1539271/site_257_item_1539271_clip_013.webm,231.41,241.58,10.17,afternoon,winter,0.0,-1.0,-0.5,-0.866025,winter_afternoon
1539271_clip014_s000,resources/site_257_bowra-dry-a/downloaded_clips/site_257_item_1539271/site_257_item_1539271_clip_014.webm,203.476,215.458,11.981,afternoon,winter,0.0,-1.0,-0.5,-0.866025,winter_afternoon
1539271_clip015_s000,resources/site_257_bowra-dry-a/downloaded_clips/site_257_item_1539271/site_257_item_1539271_clip_015.webm,63.507,75.418,11.912,afternoon,winter,0.0,-1.0,-0.5,-0.866025,winter_afternoon
1539271_clip015_s001,resources/site_257_bowra-dry-a/downloaded_clips/site_257_item_1539271/site_257_item_1539271_clip_015.webm,277.595,292.92,15.325,afternoon,winter,0.0,-1.0,-0.5,-0.866025,winter_afternoon
1539271_clip016_s000,resources/site_257_bowra-dry-a/downloaded_clips/site_257_item_1539271/site_257_item_1539271_clip_016.webm,28.932,45.65,16.718,afternoon,winter,0.0,-1.0,-0.5,-0.866025,winter_afternoon
1539271_clip016_s001,resources/site_257_bowra-dry-a/downloaded_clips/site_257_item_1539271/site_257_item_1539271_clip_016.webm,65.271,86.285,21.014,afternoon,winter,0.0,-1.0,-0.5,-0.866025,winter_afternoon
1539271_clip016_s002,resources/site_257_bowra-dry-a/downloaded_clips/site_257_item_1539271/site_257_item_1539271_clip_016.webm,192.122,208.144,16.022,afternoon,winter,0.0,-1.0,-0.5,-0.866025,winter_afternoon
1539271_clip017_s000,resources/site_257_bowra-dry-a/downloaded_clips/site_257_item_1539271/site_257_item_1539271_clip_017.webm,218.337,235.566,17.229,afternoon,winter,0.0,-1.0,-0.5,-0.866025,winter_afternoon
1539686_clip001_s000,resources/site_257_bowra-dry-a/downloaded_clips/site_257_item_1539686/site_257_item_1539686_clip_001.webm,20.619,33.437,12.817,afternoon,winter,-0.5,-0.866025,-0.866025,-0.5,winter_afternoon
1539686_clip002_s000,resources/site_257_bowra-dry-a/downloaded_clips/site_257_item_1539686/site_257_item_1539686_clip_002.webm,83.244,93.623,10.379,afternoon,winter,-0.5,-0.866025,-0.866025,-0.5,winter_afternoon
1539686_clip008_s000,resources/site_257_bowra-dry-a/downloaded_clips/site_257_item_1539686/site_257_item_1539686_clip_008.webm,117.47,132.632,15.163,afternoon,winter,-0.5,-0.866025,-0.866025,-0.5,winter_afternoon
1539686_clip008_s001,resources/site_257_bowra-dry-a/downloaded_clips/site_257_item_1539686/site_257_item_1539686_clip_008.webm,141.502,158.592,17.09,afternoon,winter,-0.5,-0.866025,-0.866025,-0.5,winter_afternoon
1539686_clip015_s000,resources/site_257_bowra-dry-a/downloaded_clips/site_257_item_1539686/site_257_item_1539686_clip_015.webm,27.771,50.411,22.639,afternoon,winter,-0.5,-0.866025,-0.866025,-0.5,winter_afternoon
1539686_clip015_s001,resources/site_257_bowra-dry-a/downloaded_clips/site_257_item_1539686/site_257_item_1539686_clip_015.webm,71.494,84.706,13.212,afternoon,winter,-0.5,-0.866025,-0.866025,-0.5,winter_afternoon
1539686_clip021_s000,resources/site_257_bowra-dry-a/downloaded_clips/site_257_item_1539686/site_257_item_1539686_clip_021.webm,161.077,188.337,27.26,afternoon,winter,-0.5,-0.866025,-0.866025,-0.5,winter_afternoon
1539686_clip021_s001,resources/site_257_bowra-dry-a/downloaded_clips/site_257_item_1539686/site_257_item_1539686_clip_021.webm,194.212,204.963,10.751,afternoon,winter,-0.5,-0.866025,-0.866025,-0.5,winter_afternoon
1539686_clip021_s002,resources/site_257_bowra-dry-a/downloaded_clips/site_257_item_1539686/site_257_item_1539686_clip_021.webm,211.789,229.274,17.485,afternoon,winter,-0.5,-0.866025,-0.866025,-0.5,winter_afternoon
1539686_clip021_s003,resources/site_257_bowra-dry-a/downloaded_clips/site_257_item_1539686/site_257_item_1539686_clip_021.webm,229.483,247.014,17.531,afternoon,winter,-0.5,-0.866025,-0.866025,-0.5,winter_afternoon
1539686_clip021_s004,resources/site_257_bowra-dry-a/downloaded_clips/site_257_item_1539686/site_257_item_1539686_clip_021.webm,252.912,265.102,12.19,afternoon,winter,-0.5,-0.866025,-0.866025,-0.5,winter_afternoon
1540019_clip011_s000,resources/site_257_bowra-dry-a/downloaded_clips/site_257_item_1540019/site_257_item_1540019_clip_011.webm,133.097,144.707,11.61,afternoon,winter,-0.5,-0.866025,-0.866025,-0.5,winter_afternoon
1535712_clip002_s000,resources/site_257_bowra-dry-a/downloaded_clips/site_257_item_1535712/site_257_item_1535712_clip_002.webm,261.294,272.161,10.867,afternoon,winter,-0.5,-0.866025,-0.866025,-0.5,winter_afternoon
1535712_clip007_s000,resources/site_257_bowra-dry-a/downloaded_clips/site_257_item_1535712/site_257_item_1535712_clip_007.webm,29.187,42.005,12.817,afternoon,winter,-0.5,-0.866025,-0.866025,-0.5,winter_afternoon
1535712_clip011_s000,resources/site_257_bowra-dry-a/downloaded_clips/site_257_item_1535712/site_257_item_1535712_clip_011.webm,219.87,231.364,11.494,afternoon,winter,-0.5,-0.866025,-0.866025,-0.5,winter_afternoon
1681469_clip010_s000,resources/site_257_bowra-dry-a/downloaded_clips/site_257_item_1681469/site_257_item_1681469_clip_010.webm,275.807,288.345,12.539,afternoon,winter,-0.5,-0.866025,0.0,-1.0,winter_afternoon
1681469_clip015_s000,resources/site_257_bowra-dry-a/downloaded_clips/site_257_item_1681469/site_257_item_1681469_clip_015.webm,47.787,58.468,10.681,afternoon,winter,-0.5,-0.866025,0.0,-1.0,winter_afternoon
1681469_clip017_s000,resources/site_257_bowra-dry-a/downloaded_clips/site_257_item_1681469/site_257_item_1681469_clip_017.webm,178.631,188.871,10.24,afternoon,winter,-0.5,-0.866025,0.0,-1.0,winter_afternoon
1681562_clip004_s000,resources/site_257_bowra-dry-a/downloaded_clips/site_257_item_1681562/site_257_item_1681562_clip_004.webm,16.834,28.677,11.842,afternoon,winter,-0.5,-0.866025,0.0,-1.0,winter_afternoon
1681562_clip004_s001,resources/site_257_bowra-dry-a/downloaded_clips/site_257_item_1681562/site_257_item_1681562_clip_004.webm,55.728,84.381,28.653,afternoon,winter,-0.5,-0.866025,0.0,-1.0,winter_afternoon
1681562_clip008_s000,resources/site_257_bowra-dry-a/downloaded_clips/site_257_item_1681562/site_257_item_1681562_clip_008.webm,21.525,31.788,10.263,afternoon,winter,-0.5,-0.866025,0.0,-1.0,winter_afternoon
1681562_clip009_s000,resources/site_257_bowra-dry-a/downloaded_clips/site_257_item_1681562/site_257_item_1681562_clip_009.webm,67.895,79.25,11.355,afternoon,winter,-0.5,-0.866025,0.0,-1.0,winter_afternoon
1681562_clip010_s000,resources/site_257_bowra-dry-a/downloaded_clips/site_257_item_1681562/site_257_item_1681562_clip_010.webm,0.0,15.906,15.906,afternoon,winter,-0.5,-0.866025,0.0,-1.0,winter_afternoon
1681562_clip010_s001,resources/site_257_bowra-dry-a/downloaded_clips/site_257_item_1681562/site_257_item_1681562_clip_010.webm,22.57,48.506,25.937,afternoon,winter,-0.5,-0.866025,0.0,-1.0,winter_afternoon
1681562_clip010_s002,resources/site_257_bowra-dry-a/downloaded_clips/site_257_item_1681562/site_257_item_1681562_clip_010.webm,51.873,64.11,12.237,afternoon,winter,-0.5,-0.866025,0.0,-1.0,winter_afternoon
1681562_clip010_s003,resources/site_257_bowra-dry-a/downloaded_clips/site_257_item_1681562/site_257_item_1681562_clip_010.webm,74.165,108.739,34.575,afternoon,winter,-0.5,-0.866025,0.0,-1.0,winter_afternoon
1681562_clip012_s000,resources/site_257_bowra-dry-a/downloaded_clips/site_257_item_1681562/site_257_item_1681562_clip_012.webm,121.487,133.329,11.842,afternoon,winter,-0.5,-0.866025,0.0,-1.0,winter_afternoon
1681562_clip012_s001,resources/site_257_bowra-dry-a/downloaded_clips/site_257_item_1681562/site_257_item_1681562_clip_012.webm,161.193,177.749,16.556,afternoon,winter,-0.5,-0.866025,0.0,-1.0,winter_afternoon
1681562_clip012_s002,resources/site_257_bowra-dry-a/downloaded_clips/site_257_item_1681562/site_257_item_1681562_clip_012.webm,185.086,196.534,11.447,afternoon,winter,-0.5,-0.866025,0.0,-1.0,winter_afternoon
1681562_clip015_s000,resources/site_257_bowra-dry-a/downloaded_clips/site_257_item_1681562/site_257_item_1681562_clip_015.webm,97.036,108.135,11.099,afternoon,winter,-0.5,-0.866025,0.0,-1.0,winter_afternoon
1681562_clip015_s001,resources/site_257_bowra-dry-a/downloaded_clips/site_257_item_1681562/site_257_item_1681562_clip_015.webm,281.287,291.387,10.101,afternoon,winter,-0.5,-0.866025,0.0,-1.0,winter_afternoon
1681562_clip016_s000,resources/site_257_bowra-dry-a/downloaded_clips/site_257_item_1681562/site_257_item_1681562_clip_016.webm,204.428,216.317,11.889,afternoon,winter,-0.5,-0.866025,0.0,-1.0,winter_afternoon
1681562_clip018_s000,resources/site_257_bowra-dry-a/downloaded_clips/site_257_item_1681562/site_257_item_1681562_clip_018.webm,255.837,269.166,13.328,afternoon,winter,-0.5,-0.866025,0.0,-1.0,winter_afternoon
1681562_clip018_s001,resources/site_257_bowra-dry-a/downloaded_clips/site_257_item_1681562/site_257_item_1681562_clip_018.webm,269.375,291.364,21.989,afternoon,winter,-0.5,-0.866025,0.0,-1.0,winter_afternoon
1681562_clip019_s000,resources/site_257_bowra-dry-a/downloaded_clips/site_257_item_1681562/site_257_item_1681562_clip_019.webm,48.321,60.024,11.703,afternoon,winter,-0.5,-0.866025,0.0,-1.0,winter_afternoon
1681562_clip019_s001,resources/site_257_bowra-dry-a/downloaded_clips/site_257_item_1681562/site_257_item_1681562_clip_019.webm,204.359,215.528,11.169,afternoon,winter,-0.5,-0.866025,0.0,-1.0,winter_afternoon
1681562_clip019_s002,resources/site_257_bowra-dry-a/downloaded_clips/site_257_item_1681562/site_257_item_1681562_clip_019.webm,234.498,249.336,14.838,afternoon,winter,-0.5,-0.866025,0.0,-1.0,winter_afternoon
1681562_clip019_s003,resources/site_257_bowra-dry-a/downloaded_clips/site_257_item_1681562/site_257_item_1681562_clip_019.webm,271.047,281.263,10.217,afternoon,winter,-0.5,-0.866025,0.0,-1.0,winter_afternoon
1675738_clip003_s000,resources/site_257_bowra-dry-a/downloaded_clips/site_257_item_1675738/site_257_item_1675738_clip_003.webm,37.756,48.135,10.379,afternoon,winter,-0.5,-0.866025,0.0,-1.0,winter_afternoon
1675738_clip003_s001,resources/site_257_bowra-dry-a/downloaded_clips/site_257_item_1675738/site_257_item_1675738_clip_003.webm,192.702,204.87,12.167,afternoon,winter,-0.5,-0.866025,0.0,-1.0,winter_afternoon
1675738_clip003_s002,resources/site_257_bowra-dry-a/downloaded_clips/site_257_item_1675738/site_257_item_1675738_clip_003.webm,208.12,243.02,34.9,afternoon,winter,-0.5,-0.866025,0.0,-1.0,winter_afternoon
1675738_clip003_s003,resources/site_257_bowra-dry-a/downloaded_clips/site_257_item_1675738/site_257_item_1675738_clip_003.webm,243.229,256.302,13.073,afternoon,winter,-0.5,-0.866025,0.0,-1.0,winter_afternoon
1675738_clip004_s000,resources/site_257_bowra-dry-a/downloaded_clips/site_257_item_1675738/site_257_item_1675738_clip_004.webm,112.361,124.32,11.958,afternoon,winter,-0.5,-0.866025,0.0,-1.0,winter_afternoon
1675738_clip004_s001,resources/site_257_bowra-dry-a/downloaded_clips/site_257_item_1675738/site_257_item_1675738_clip_004.webm,184.018,196.766,12.748,afternoon,winter,-0.5,-0.866025,0.0,-1.0,winter_afternoon
1675738_clip006_s000,resources/site_257_bowra-dry-a/downloaded_clips/site_257_item_1675738/site_257_item_1675738_clip_006.webm,100.984,113.012,12.028,afternoon,winter,-0.5,-0.866025,0.0,-1.0,winter_afternoon
1675738_clip008_s000,resources/site_257_bowra-dry-a/downloaded_clips/site_257_item_1675738/site_257_item_1675738_clip_008.webm,281.728,292.827,11.099,afternoon,winter,-0.5,-0.866025,0.0,-1.0,winter_afternoon
1675738_clip011_s000,resources/site_257_bowra-dry-a/downloaded_clips/site_257_item_1675738/site_257_item_1675738_clip_011.webm,28.607,39.149,10.542,afternoon,winter,-0.5,-0.866025,0.0,-1.0,winter_afternoon
1675738_clip013_s000,resources/site_257_bowra-dry-a/downloaded_clips/site_257_item_1675738/site_257_item_1675738_clip_013.webm,191.75,202.223,10.472,afternoon,winter,-0.5,-0.866025,0.0,-1.0,winter_afternoon
1675738_clip014_s000,resources/site_257_bowra-dry-a/downloaded_clips/site_257_item_1675738/site_257_item_1675738_clip_014.webm,121.069,133.793,12.725,afternoon,winter,-0.5,-0.866025,0.0,-1.0,winter_afternoon
1675738_clip022_s000,resources/site_257_bowra-dry-a/downloaded_clips/site_257_item_1675738/site_257_item_1675738_clip_022.webm,137.044,147.191,10.147,afternoon,winter,-0.5,-0.866025,0.0,-1.0,winter_afternoon
1681142_clip011_s000,resources/site_257_bowra-dry-a/downloaded_clips/site_257_item_1681142/site_257_item_1681142_clip_011.webm,136.975,147.284,10.31,afternoon,winter,-0.5,-0.866025,0.0,-1.0,winter_afternoon
1681503_clip003_s000,resources/site_257_bowra-dry-a/downloaded_clips/site_257_item_1681503/site_257_item_1681503_clip_003.webm,234.545,250.497,15.952,afternoon,winter,-0.5,-0.866025,0.0,-1.0,winter_afternoon
1681503_clip003_s001,resources/site_257_bowra-dry-a/downloaded_clips/site_257_item_1681503/site_257_item_1681503_clip_003.webm,285.396,300.025,14.629,afternoon,winter,-0.5,-0.866025,0.0,-1.0,winter_afternoon
1681503_clip004_s000,resources/site_257_bowra-dry-a/downloaded_clips/site_257_item_1681503/site_257_item_1681503_clip_004.webm,54.242,64.9,10.658,afternoon,winter,-0.5,-0.866025,0.0,-1.0,winter_afternoon
1681503_clip007_s000,resources/site_257_bowra-dry-a/downloaded_clips/site_257_item_1681503/site_257_item_1681503_clip_007.webm,128.824,140.597,11.773,afternoon,winter,-0.5,-0.866025,0.0,-1.0,winter_afternoon
1681503_clip011_s000,resources/site_257_bowra-dry-a/downloaded_clips/site_257_item_1681503/site_257_item_1681503_clip_011.webm,40.658,52.616,11.958,afternoon,winter,-0.5,-0.866025,0.0,-1.0,winter_afternoon
1681555_clip001_s000,resources/site_257_bowra-dry-a/downloaded_clips/site_257_item_1681555/site_257_item_1681555_clip_001.webm,57.144,67.431,10.286,afternoon,winter,-0.5,-0.866025,0.0,-1.0,winter_afternoon
1681555_clip001_s001,resources/site_257_bowra-dry-a/downloaded_clips/site_257_item_1681555/site_257_item_1681555_clip_001.webm,68.429,79.598,11.169,afternoon,winter,-0.5,-0.866025,0.0,-1.0,winter_afternoon
1681555_clip001_s002,resources/site_257_bowra-dry-a/downloaded_clips/site_257_item_1681555/site_257_item_1681555_clip_001.webm,87.771,101.982,14.211,afternoon,winter,-0.5,-0.866025,0.0,-1.0,winter_afternoon
1681555_clip002_s000,resources/site_257_bowra-dry-a/downloaded_clips/site_257_item_1681555/site_257_item_1681555_clip_002.webm,134.676,156.177,21.502,afternoon,winter,-0.5,-0.866025,0.0,-1.0,winter_afternoon
1681555_clip004_s000,resources/site_257_bowra-dry-a/downloaded_clips/site_257_item_1681555/site_257_item_1681555_clip_004.webm,274.924,287.277,12.353,afternoon,winter,-0.5,-0.866025,0.0,-1.0,winter_afternoon
1681555_clip006_s000,resources/site_257_bowra-dry-a/downloaded_clips/site_257_item_1681555/site_257_item_1681555_clip_006.webm,142.06,152.369,10.31,afternoon,winter,-0.5,-0.866025,0.0,-1.0,winter_afternoon
1681555_clip012_s000,resources/site_257_bowra-dry-a/downloaded_clips/site_257_item_1681555/site_257_item_1681555_clip_012.webm,83.754,94.087,10.333,afternoon,winter,-0.5,-0.866025,0.0,-1.0,winter_afternoon
1681555_clip012_s001,resources/site_257_bowra-dry-a/downloaded_clips/site_257_item_1681555/site_257_item_1681555_clip_012.webm,200.017,210.094,10.077,afternoon,winter,-0.5,-0.866025,0.0,-1.0,winter_afternoon
1681555_clip019_s000,resources/site_257_bowra-dry-a/downloaded_clips/site_257_item_1681555/site_257_item_1681555_clip_019.webm,119.722,130.264,10.542,afternoon,winter,-0.5,-0.866025,0.0,-1.0,winter_afternoon
1313809_clip017_s000,resources/site_257_bowra-dry-a/downloaded_clips/site_257_item_1313809/site_257_item_1313809_clip_017.webm,239.166,250.404,11.238,night,winter,-0.5,0.866025,0.0,-1.0,winter_night
1313809_clip022_s000,resources/site_257_bowra-dry-a/downloaded_clips/site_257_item_1313809/site_257_item_1313809_clip_022.webm,34.482,45.14,10.658,night,winter,-0.5,0.866025,0.0,-1.0,winter_night
1313809_clip022_s001,resources/site_257_bowra-dry-a/downloaded_clips/site_257_item_1313809/site_257_item_1313809_clip_022.webm,74.304,87.864,13.56,night,winter,-0.5,0.866025,0.0,-1.0,winter_night
1313809_clip022_s002,resources/site_257_bowra-dry-a/downloaded_clips/site_257_item_1313809/site_257_item_1313809_clip_022.webm,114.451,130.844,16.393,night,winter,-0.5,0.866025,0.0,-1.0,winter_night
1313833_clip003_s000,resources/site_257_bowra-dry-a/downloaded_clips/site_257_item_1313833/site_257_item_1313833_clip_003.webm,78.321,88.352,10.031,night,winter,-0.5,0.866025,0.0,-1.0,winter_night
1313833_clip009_s000,resources/site_257_bowra-dry-a/downloaded_clips/site_257_item_1313833/site_257_item_1313833_clip_009.webm,283.307,293.454,10.147,night,winter,-0.5,0.866025,0.0,-1.0,winter_night
1313833_clip014_s000,resources/site_257_bowra-dry-a/downloaded_clips/site_257_item_1313833/site_257_item_1313833_clip_014.webm,123.53,135.14,11.61,night,winter,-0.5,0.866025,0.0,-1.0,winter_night
1313833_clip018_s000,resources/site_257_bowra-dry-a/downloaded_clips/site_257_item_1313833/site_257_item_1313833_clip_018.webm,59.141,73.004,13.862,night,winter,-0.5,0.866025,0.0,-1.0,winter_night
1313833_clip019_s000,resources/site_257_bowra-dry-a/downloaded_clips/site_257_item_1313833/site_257_item_1313833_clip_019.webm,217.176,228.229,11.053,night,winter,-0.5,0.866025,0.0,-1.0,winter_night
1313833_clip022_s000,resources/site_257_bowra-dry-a/downloaded_clips/site_257_item_1313833/site_257_item_1313833_clip_022.webm,254.119,266.704,12.585,night,winter,-0.5,0.866025,0.0,-1.0,winter_night
1314130_clip002_s000,resources/site_257_bowra-dry-a/downloaded_clips/site_257_item_1314130/site_257_item_1314130_clip_002.webm,85.844,95.945,10.101,night,winter,-0.5,0.866025,-0.5,-0.866025,winter_night
1314130_clip003_s000,resources/site_257_bowra-dry-a/downloaded_clips/site_257_item_1314130/site_257_item_1314130_clip_003.webm,134.351,145.287,10.937,night,winter,-0.5,0.866025,-0.5,-0.866025,winter_night
1314130_clip017_s000,resources/site_257_bowra-dry-a/downloaded_clips/site_257_item_1314130/site_257_item_1314130_clip_017.webm,68.87,79.203,10.333,night,winter,-0.5,0.866025,-0.5,-0.866025,winter_night
1314130_clip019_s000,resources/site_257_bowra-dry-a/downloaded_clips/site_257_item_1314130/site_257_item_1314130_clip_019.webm,163.794,173.801,10.008,night,winter,-0.5,0.866025,-0.5,-0.866025,winter_night
1534143_clip001_s000,resources/site_257_bowra-dry-a/downloaded_clips/site_257_item_1534143/site_257_item_1534143_clip_001.webm,286.534,296.914,10.379,night,winter,-0.5,0.866025,0.0,-1.0,winter_night
1534143_clip002_s000,resources/site_257_bowra-dry-a/downloaded_clips/site_257_item_1534143/site_257_item_1534143_clip_002.webm,45.674,55.821,10.147,night,winter,-0.5,0.866025,0.0,-1.0,winter_night
1534143_clip002_s001,resources/site_257_bowra-dry-a/downloaded_clips/site_257_item_1534143/site_257_item_1534143_clip_002.webm,121.44,131.611,10.17,night,winter,-0.5,0.866025,0.0,-1.0,winter_night
1534143_clip002_s002,resources/site_257_bowra-dry-a/downloaded_clips/site_257_item_1534143/site_257_item_1534143_clip_002.webm,183.066,196.766,13.7,night,winter,-0.5,0.866025,0.0,-1.0,winter_night
1534143_clip004_s000,resources/site_257_bowra-dry-a/downloaded_clips/site_257_item_1534143/site_257_item_1534143_clip_004.webm,241.766,257.324,15.557,night,winter,-0.5,0.866025,0.0,-1.0,winter_night
1534143_clip008_s000,resources/site_257_bowra-dry-a/downloaded_clips/site_257_item_1534143/site_257_item_1534143_clip_008.webm,253.771,265.381,11.61,night,winter,-0.5,0.866025,0.0,-1.0,winter_night
1534143_clip011_s000,resources/site_257_bowra-dry-a/downloaded_clips/site_257_item_1534143/site_257_item_1534143_clip_011.webm,224.885,237.494,12.608,night,winter,-0.5,0.866025,0.0,-1.0,winter_night
1534143_clip011_s001,resources/site_257_bowra-dry-a/downloaded_clips/site_257_item_1534143/site_257_item_1534143_clip_011.webm,243.926,256.72,12.794,night,winter,-0.5,0.866025,0.0,-1.0,winter_night
1534143_clip016_s000,resources/site_257_bowra-dry-a/downloaded_clips/site_257_item_1534143/site_257_item_1534143_clip_016.webm,33.53,45.349,11.819,night,winter,-0.5,0.866025,0.0,-1.0,winter_night
1534143_clip016_s001,resources/site_257_bowra-dry-a/downloaded_clips/site_257_item_1534143/site_257_item_1534143_clip_016.webm,171.851,182.625,10.774,night,winter,-0.5,0.866025,0.0,-1.0,winter_night
1534143_clip020_s000,resources/site_257_bowra-dry-a/downloaded_clips/site_257_item_1534143/site_257_item_1534143_clip_020.webm,140.063,152.718,12.655,night,winter,-0.5,0.866025,0.0,-1.0,winter_night
1535645_clip001_s000,resources/site_257_bowra-dry-a/downloaded_clips/site_257_item_1535645/site_257_item_1535645_clip_001.webm,93.391,103.909,10.519,night,winter,-0.5,0.866025,-0.866025,-0.5,winter_night
1535645_clip005_s000,resources/site_257_bowra-dry-a/downloaded_clips/site_257_item_1535645/site_257_item_1535645_clip_005.webm,53.615,64.366,10.751,night,winter,-0.5,0.866025,-0.866025,-0.5,winter_night
1535645_clip015_s000,resources/site_257_bowra-dry-a/downloaded_clips/site_257_item_1535645/site_257_item_1535645_clip_015.webm,137.3,155.992,18.692,night,winter,-0.5,0.866025,-0.866025,-0.5,winter_night
1536811_clip002_s000,resources/site_257_bowra-dry-a/downloaded_clips/site_257_item_1536811/site_257_item_1536811_clip_002.webm,276.689,287.092,10.403,night,winter,-0.5,0.866025,0.0,-1.0,winter_night
1536811_clip002_s001,resources/site_257_bowra-dry-a/downloaded_clips/site_257_item_1536811/site_257_item_1536811_clip_002.webm,288.624,299.909,11.285,night,winter,-0.5,0.866025,0.0,-1.0,winter_night
1536811_clip006_s000,resources/site_257_bowra-dry-a/downloaded_clips/site_257_item_1536811/site_257_item_1536811_clip_006.webm,114.637,128.244,13.607,night,winter,-0.5,0.866025,0.0,-1.0,winter_night
1536811_clip013_s000,resources/site_257_bowra-dry-a/downloaded_clips/site_257_item_1536811/site_257_item_1536811_clip_013.webm,78.669,89.838,11.169,night,winter,-0.5,0.866025,0.0,-1.0,winter_night
1539208_clip004_s000,resources/site_257_bowra-dry-a/downloaded_clips/site_257_item_1539208/site_257_item_1539208_clip_004.webm,192.517,207.168,14.652,night,winter,-0.5,0.866025,-0.5,-0.866025,winter_night
1539208_clip005_s000,resources/site_257_bowra-dry-a/downloaded_clips/site_257_item_1539208/site_257_item_1539208_clip_005.webm,63.553,74.281,10.728,night,winter,-0.5,0.866025,-0.5,-0.866025,winter_night
1539208_clip007_s000,resources/site_257_bowra-dry-a/downloaded_clips/site_257_item_1539208/site_257_item_1539208_clip_007.webm,65.387,76.951,11.564,night,winter,-0.5,0.866025,-0.5,-0.866025,winter_night
1539208_clip010_s000,resources/site_257_bowra-dry-a/downloaded_clips/site_257_item_1539208/site_257_item_1539208_clip_010.webm,22.616,33.367,10.751,night,winter,-0.5,0.866025,-0.5,-0.866025,winter_night
1539208_clip011_s000,resources/site_257_bowra-dry-a/downloaded_clips/site_257_item_1539208/site_257_item_1539208_clip_011.webm,107.485,119.118,11.633,night,winter,-0.5,0.866025,-0.5,-0.866025,winter_night
1539525_clip002_s000,resources/site_257_bowra-dry-a/downloaded_clips/site_257_item_1539525/site_257_item_1539525_clip_002.webm,53.15,63.808,10.658,night,winter,-0.5,0.866025,-0.5,-0.866025,winter_night
1539525_clip005_s000,resources/site_257_bowra-dry-a/downloaded_clips/site_257_item_1539525/site_257_item_1539525_clip_005.webm,8.034,18.065,10.031,night,winter,-0.5,0.866025,-0.5,-0.866025,winter_night
1539719_clip004_s000,resources/site_257_bowra-dry-a/downloaded_clips/site_257_item_1539719/site_257_item_1539719_clip_004.webm,120.465,132.47,12.005,night,winter,-0.5,0.866025,-0.866025,-0.5,winter_night
1539719_clip008_s000,resources/site_257_bowra-dry-a/downloaded_clips/site_257_item_1539719/site_257_item_1539719_clip_008.webm,124.436,136.255,11.819,night,winter,-0.5,0.866025,-0.866025,-0.5,winter_night
1539719_clip009_s000,resources/site_257_bowra-dry-a/downloaded_clips/site_257_item_1539719/site_257_item_1539719_clip_009.webm,163.468,175.009,11.54,night,winter,-0.5,0.866025,-0.866025,-0.5,winter_night
1539719_clip014_s000,resources/site_257_bowra-dry-a/downloaded_clips/site_257_item_1539719/site_257_item_1539719_clip_014.webm,52.965,64.993,12.028,night,winter,-0.5,0.866025,-0.866025,-0.5,winter_night
1672840_clip004_s000,resources/site_257_bowra-dry-a/downloaded_clips/site_257_item_1672840/site_257_item_1672840_clip_004.webm,35.573,48.367,12.794,night,winter,-0.5,0.866025,0.0,-1.0,winter_night
1672840_clip004_s001,resources/site_257_bowra-dry-a/downloaded_clips/site_257_item_1672840/site_257_item_1672840_clip_004.webm,242.231,252.424,10.194,night,winter,-0.5,0.866025,0.0,-1.0,winter_night
1672840_clip005_s000,resources/site_257_bowra-dry-a/downloaded_clips/site_257_item_1672840/site_257_item_1672840_clip_005.webm,149.002,162.4,13.398,night,winter,-0.5,0.866025,0.0,-1.0,winter_night
1672840_clip005_s001,resources/site_257_bowra-dry-a/downloaded_clips/site_257_item_1672840/site_257_item_1672840_clip_005.webm,195.21,207.888,12.678,night,winter,-0.5,0.866025,0.0,-1.0,winter_night
1672840_clip008_s000,resources/site_257_bowra-dry-a/downloaded_clips/site_257_item_1672840/site_257_item_1672840_clip_008.webm,14.048,26.633,12.585,night,winter,-0.5,0.866025,0.0,-1.0,winter_night
1672840_clip008_s001,resources/site_257_bowra-dry-a/downloaded_clips/site_257_item_1672840/site_257_item_1672840_clip_008.webm,90.419,101.843,11.424,night,winter,-0.5,0.866025,0.0,-1.0,winter_night
1672840_clip008_s002,resources/site_257_bowra-dry-a/downloaded_clips/site_257_item_1672840/site_257_item_1672840_clip_008.webm,145.078,158.058,12.98,night,winter,-0.5,0.866025,0.0,-1.0,winter_night
1672840_clip008_s003,resources/site_257_bowra-dry-a/downloaded_clips/site_257_item_1672840/site_257_item_1672840_clip_008.webm,219.289,232.734,13.444,night,winter,-0.5,0.866025,0.0,-1.0,winter_night
1672840_clip010_s000,resources/site_257_bowra-dry-a/downloaded_clips/site_257_item_1672840/site_257_item_1672840_clip_010.webm,280.636,291.434,10.797,night,winter,-0.5,0.866025,0.0,-1.0,winter_night
1672840_clip016_s000,resources/site_257_bowra-dry-a/downloaded_clips/site_257_item_1672840/site_257_item_1672840_clip_016.webm,50.039,61.997,11.958,night,winter,-0.5,0.866025,0.0,-1.0,winter_night
1680712_clip003_s000,resources/site_257_bowra-dry-a/downloaded_clips/site_257_item_1680712/site_257_item_1680712_clip_003.webm,11.169,22.454,11.285,night,winter,-0.5,0.866025,0.0,-1.0,winter_night
1680712_clip005_s000,resources/site_257_bowra-dry-a/downloaded_clips/site_257_item_1680712/site_257_item_1680712_clip_005.webm,123.716,135.558,11.842,night,winter,-0.5,0.866025,0.0,-1.0,winter_night
1680712_clip007_s000,resources/site_257_bowra-dry-a/downloaded_clips/site_257_item_1680712/site_257_item_1680712_clip_007.webm,179.049,192.122,13.073,night,winter,-0.5,0.866025,0.0,-1.0,winter_night
1680712_clip008_s000,resources/site_257_bowra-dry-a/downloaded_clips/site_257_item_1680712/site_257_item_1680712_clip_008.webm,279.011,290.064,11.053,night,winter,-0.5,0.866025,0.0,-1.0,winter_night
445534_clip002_s000,resources/site_257_bowra-dry-a/downloaded_clips/site_257_item_445534/site_257_item_445534_clip_002.webm,275.064,285.234,10.17,night,winter,-0.5,0.866025,-0.866025,-0.5,winter_night
445534_clip004_s000,resources/site_257_bowra-dry-a/downloaded_clips/site_257_item_445534/site_257_item_445534_clip_004.webm,192.238,202.71,10.472,night,winter,-0.5,0.866025,-0.866025,-0.5,winter_night
445534_clip006_s000,resources/site_257_bowra-dry-a/downloaded_clips/site_257_item_445534/site_257_item_445534_clip_006.webm,132.029,142.269,10.24,night,winter,-0.5,0.866025,-0.866025,-0.5,winter_night
445534_clip010_s000,resources/site_257_bowra-dry-a/downloaded_clips/site_257_item_445534/site_257_item_445534_clip_010.webm,227.277,238.074,10.797,night,winter,-0.5,0.866025,-0.866025,-0.5,winter_night
445534_clip011_s000,resources/site_257_bowra-dry-a/downloaded_clips/site_257_item_445534/site_257_item_445534_clip_011.webm,9.079,19.9,10.82,night,winter,-0.5,0.866025,-0.866025,-0.5,winter_night
445534_clip011_s001,resources/site_257_bowra-dry-a/downloaded_clips/site_257_item_445534/site_257_item_445534_clip_011.webm,261.666,272.625,10.96,night,winter,-0.5,0.866025,-0.866025,-0.5,winter_night
445534_clip015_s000,resources/site_257_bowra-dry-a/downloaded_clips/site_257_item_445534/site_257_item_445534_clip_015.webm,0.139,11.285,11.146,night,winter,-0.5,0.866025,-0.866025,-0.5,winter_night
445534_clip015_s001,resources/site_257_bowra-dry-a/downloaded_clips/site_257_item_445534/site_257_item_445534_clip_015.webm,223.585,236.309,12.725,night,winter,-0.5,0.866025,-0.866025,-0.5,winter_night
445534_clip020_s000,resources/site_257_bowra-dry-a/downloaded_clips/site_257_item_445534/site_257_item_445534_clip_020.webm,100.566,113.22,12.655,night,winter,-0.5,0.866025,-0.866025,-0.5,winter_night
445534_clip023_s000,resources/site_257_bowra-dry-a/downloaded_clips/site_257_item_445534/site_257_item_445534_clip_023.webm,34.249,45.558,11.308,night,winter,-0.5,0.866025,-0.866025,-0.5,winter_night
5296_clip001_s000,resources/site_257_bowra-dry-a/downloaded_clips/site_257_item_5296/site_257_item_5296_clip_001.webm,31.347,42.771,11.424,night,winter,-0.5,0.866025,-0.866025,-0.5,winter_night
5296_clip001_s001,resources/site_257_bowra-dry-a/downloaded_clips/site_257_item_5296/site_257_item_5296_clip_001.webm,62.183,72.748,10.565,night,winter,-0.5,0.866025,-0.866025,-0.5,winter_night
5296_clip001_s002,resources/site_257_bowra-dry-a/downloaded_clips/site_257_item_5296/site_257_item_5296_clip_001.webm,151.696,162.261,10.565,night,winter,-0.5,0.866025,-0.866025,-0.5,winter_night
5296_clip001_s003,resources/site_257_bowra-dry-a/downloaded_clips/site_257_item_5296/site_257_item_5296_clip_001.webm,221.356,235.357,14.002,night,winter,-0.5,0.866025,-0.866025,-0.5,winter_night
5296_clip002_s000,resources/site_257_bowra-dry-a/downloaded_clips/site_257_item_5296/site_257_item_5296_clip_002.webm,171.897,184.993,13.096,night,winter,-0.5,0.866025,-0.866025,-0.5,winter_night
5296_clip002_s001,resources/site_257_bowra-dry-a/downloaded_clips/site_257_item_5296/site_257_item_5296_clip_002.webm,203.825,215.086,11.262,night,winter,-0.5,0.866025,-0.866025,-0.5,winter_night
5296_clip002_s002,resources/site_257_bowra-dry-a/downloaded_clips/site_257_item_5296/site_257_item_5296_clip_002.webm,254.444,267.355,12.91,night,winter,-0.5,0.866025,-0.866025,-0.5,winter_night
5296_clip003_s000,resources/site_257_bowra-dry-a/downloaded_clips/site_257_item_5296/site_257_item_5296_clip_003.webm,65.829,76.092,10.263,night,winter,-0.5,0.866025,-0.866025,-0.5,winter_night
5296_clip007_s000,resources/site_257_bowra-dry-a/downloaded_clips/site_257_item_5296/site_257_item_5296_clip_007.webm,260.087,271.72,11.633,night,winter,-0.5,0.866025,-0.866025,-0.5,winter_night
5296_clip008_s000,resources/site_257_bowra-dry-a/downloaded_clips/site_257_item_5296/site_257_item_5296_clip_008.webm,102.33,113.081,10.751,night,winter,-0.5,0.866025,-0.866025,-0.5,winter_night
5296_clip009_s000,resources/site_257_bowra-dry-a/downloaded_clips/site_257_item_5296/site_257_item_5296_clip_009.webm,56.262,67.361,11.099,night,winter,-0.5,0.866025,-0.866025,-0.5,winter_night
5296_clip013_s000,resources/site_257_bowra-dry-a/downloaded_clips/site_257_item_5296/site_257_item_5296_clip_013.webm,284.653,296.472,11.819,night,winter,-0.5,0.866025,-0.866025,-0.5,winter_night
5296_clip019_s000,resources/site_257_bowra-dry-a/downloaded_clips/site_257_item_5296/site_257_item_5296_clip_019.webm,275.064,286.743,11.68,night,winter,-0.5,0.866025,-0.866025,-0.5,winter_night
5296_clip022_s000,resources/site_257_bowra-dry-a/downloaded_clips/site_257_item_5296/site_257_item_5296_clip_022.webm,213.345,225.094,11.749,night,winter,-0.5,0.866025,-0.866025,-0.5,winter_night
5296_clip022_s001,resources/site_257_bowra-dry-a/downloaded_clips/site_257_item_5296/site_257_item_5296_clip_022.webm,281.588,291.898,10.31,night,winter,-0.5,0.866025,-0.866025,-0.5,winter_night
5486_clip008_s000,resources/site_257_bowra-dry-a/downloaded_clips/site_257_item_5486/site_257_item_5486_clip_008.webm,270.536,282.865,12.33,night,winter,-0.5,0.866025,-0.866025,-0.5,winter_night
5486_clip013_s000,resources/site_257_bowra-dry-a/downloaded_clips/site_257_item_5486/site_257_item_5486_clip_013.webm,271.163,281.96,10.797,night,winter,-0.5,0.866025,-0.866025,-0.5,winter_night
5486_clip015_s000,resources/site_257_bowra-dry-a/downloaded_clips/site_257_item_5486/site_257_item_5486_clip_015.webm,276.132,289.135,13.003,night,winter,-0.5,0.866025,-0.866025,-0.5,winter_night
5486_clip016_s000,resources/site_257_bowra-dry-a/downloaded_clips/site_257_item_5486/site_257_item_5486_clip_016.webm,12.283,23.615,11.331,night,winter,-0.5,0.866025,-0.866025,-0.5,winter_night
5486_clip016_s001,resources/site_257_bowra-dry-a/downloaded_clips/site_257_item_5486/site_257_item_5486_clip_016.webm,241.859,255.582,13.723,night,winter,-0.5,0.866025,-0.866025,-0.5,winter_night
5486_clip016_s002,resources/site_257_bowra-dry-a/downloaded_clips/site_257_item_5486/site_257_item_5486_clip_016.webm,263.895,274.739,10.844,night,winter,-0.5,0.866025,-0.866025,-0.5,winter_night
5486_clip018_s000,resources/site_257_bowra-dry-a/downloaded_clips/site_257_item_5486/site_257_item_5486_clip_018.webm,22.43,34.598,12.167,night,winter,-0.5,0.866025,-0.866025,-0.5,winter_night
5486_clip019_s000,resources/site_257_bowra-dry-a/downloaded_clips/site_257_item_5486/site_257_item_5486_clip_019.webm,270.373,288.624,18.251,night,winter,-0.5,0.866025,-0.866025,-0.5,winter_night
5486_clip021_s000,resources/site_257_bowra-dry-a/downloaded_clips/site_257_item_5486/site_257_item_5486_clip_021.webm,28.468,39.451,10.983,night,winter,-0.5,0.866025,-0.866025,-0.5,winter_night
5486_clip021_s001,resources/site_257_bowra-dry-a/downloaded_clips/site_257_item_5486/site_257_item_5486_clip_021.webm,217.362,229.436,12.074,night,winter,-0.5,0.866025,-0.866025,-0.5,winter_night
5486_clip023_s000,resources/site_257_bowra-dry-a/downloaded_clips/site_257_item_5486/site_257_item_5486_clip_023.webm,65.248,75.697,10.449,night,winter,-0.5,0.866025,-0.866025,-0.5,winter_night
4899_clip001_s000,resources/site_257_bowra-dry-a/downloaded_clips/site_257_item_4899/site_257_item_4899_clip_001.webm,144.8,165.581,20.782,night,winter,-0.5,0.866025,-0.866025,-0.5,winter_night
4899_clip001_s001,resources/site_257_bowra-dry-a/downloaded_clips/site_257_item_4899/site_257_item_4899_clip_001.webm,218.407,230.969,12.562,night,winter,-0.5,0.866025,-0.866025,-0.5,winter_night
4899_clip001_s002,resources/site_257_bowra-dry-a/downloaded_clips/site_257_item_4899/site_257_item_4899_clip_001.webm,243.415,253.585,10.17,night,winter,-0.5,0.866025,-0.866025,-0.5,winter_night
4899_clip001_s003,resources/site_257_bowra-dry-a/downloaded_clips/site_257_item_4899/site_257_item_4899_clip_001.webm,271.859,282.122,10.263,night,winter,-0.5,0.866025,-0.866025,-0.5,winter_night
4899_clip002_s000,resources/site_257_bowra-dry-a/downloaded_clips/site_257_item_4899/site_257_item_4899_clip_002.webm,26.517,40.751,14.234,night,winter,-0.5,0.866025,-0.866025,-0.5,winter_night
4899_clip002_s001,resources/site_257_bowra-dry-a/downloaded_clips/site_257_item_4899/site_257_item_4899_clip_002.webm,47.044,59.095,12.051,night,winter,-0.5,0.866025,-0.866025,-0.5,winter_night
4899_clip004_s000,resources/site_257_bowra-dry-a/downloaded_clips/site_257_item_4899/site_257_item_4899_clip_004.webm,53.22,63.483,10.263,night,winter,-0.5,0.866025,-0.866025,-0.5,winter_night
4899_clip004_s001,resources/site_257_bowra-dry-a/downloaded_clips/site_257_item_4899/site_257_item_4899_clip_004.webm,63.762,75.558,11.796,night,winter,-0.5,0.866025,-0.866025,-0.5,winter_night
4899_clip004_s002,resources/site_257_bowra-dry-a/downloaded_clips/site_257_item_4899/site_257_item_4899_clip_004.webm,174.893,187.594,12.701,night,winter,-0.5,0.866025,-0.866025,-0.5,winter_night
4899_clip005_s000,resources/site_257_bowra-dry-a/downloaded_clips/site_257_item_4899/site_257_item_4899_clip_005.webm,84.892,97.547,12.655,night,winter,-0.5,0.866025,-0.866025,-0.5,winter_night
4899_clip006_s000,resources/site_257_bowra-dry-a/downloaded_clips/site_257_item_4899/site_257_item_4899_clip_006.webm,44.768,57.841,13.073,night,winter,-0.5,0.866025,-0.866025,-0.5,winter_night
4899_clip007_s000,resources/site_257_bowra-dry-a/downloaded_clips/site_257_item_4899/site_257_item_4899_clip_007.webm,24.567,37.663,13.096,night,winter,-0.5,0.866025,-0.866025,-0.5,winter_night
4899_clip007_s001,resources/site_257_bowra-dry-a/downloaded_clips/site_257_item_4899/site_257_item_4899_clip_007.webm,52.477,65.155,12.678,night,winter,-0.5,0.866025,-0.866025,-0.5,winter_night
4899_clip007_s002,resources/site_257_bowra-dry-a/downloaded_clips/site_257_item_4899/site_257_item_4899_clip_007.webm,231.503,242.184,10.681,night,winter,-0.5,0.866025,-0.866025,-0.5,winter_night
4899_clip007_s003,resources/site_257_bowra-dry-a/downloaded_clips/site_257_item_4899/site_257_item_4899_clip_007.webm,269.468,280.102,10.635,night,winter,-0.5,0.866025,-0.866025,-0.5,winter_night
4899_clip008_s000,resources/site_257_bowra-dry-a/downloaded_clips/site_257_item_4899/site_257_item_4899_clip_008.webm,174.173,184.924,10.751,night,winter,-0.5,0.866025,-0.866025,-0.5,winter_night
4899_clip008_s001,resources/site_257_bowra-dry-a/downloaded_clips/site_257_item_4899/site_257_item_4899_clip_008.webm,189.777,204.823,15.047,night,winter,-0.5,0.866025,-0.866025,-0.5,winter_night
4899_clip008_s002,resources/site_257_bowra-dry-a/downloaded_clips/site_257_item_4899/site_257_item_4899_clip_008.webm,205.032,217.153,12.121,night,winter,-0.5,0.866025,-0.866025,-0.5,winter_night
4899_clip009_s000,resources/site_257_bowra-dry-a/downloaded_clips/site_257_item_4899/site_257_item_4899_clip_009.webm,98.29,111.038,12.748,night,winter,-0.5,0.866025,-0.866025,-0.5,winter_night
4899_clip010_s000,resources/site_257_bowra-dry-a/downloaded_clips/site_257_item_4899/site_257_item_4899_clip_010.webm,34.11,52.802,18.692,night,winter,-0.5,0.866025,-0.866025,-0.5,winter_night
4899_clip010_s001,resources/site_257_bowra-dry-a/downloaded_clips/site_257_item_4899/site_257_item_4899_clip_010.webm,64.366,78.367,14.002,night,winter,-0.5,0.866025,-0.866025,-0.5,winter_night
4899_clip012_s000,resources/site_257_bowra-dry-a/downloaded_clips/site_257_item_4899/site_257_item_4899_clip_012.webm,267.099,279.638,12.539,night,winter,-0.5,0.866025,-0.866025,-0.5,winter_night
4899_clip017_s000,resources/site_257_bowra-dry-a/downloaded_clips/site_257_item_4899/site_257_item_4899_clip_017.webm,39.451,50.945,11.494,night,winter,-0.5,0.866025,-0.866025,-0.5,winter_night
4899_clip018_s000,resources/site_257_bowra-dry-a/downloaded_clips/site_257_item_4899/site_257_item_4899_clip_018.webm,133.631,143.708,10.077,night,winter,-0.5,0.866025,-0.866025,-0.5,winter_night
4899_clip018_s001,resources/site_257_bowra-dry-a/downloaded_clips/site_257_item_4899/site_257_item_4899_clip_018.webm,270.42,282.773,12.353,night,winter,-0.5,0.866025,-0.866025,-0.5,winter_night
4899_clip020_s000,resources/site_257_bowra-dry-a/downloaded_clips/site_257_item_4899/site_257_item_4899_clip_020.webm,44.791,57.493,12.701,night,winter,-0.5,0.866025,-0.866025,-0.5,winter_night
4899_clip021_s000,resources/site_257_bowra-dry-a/downloaded_clips/site_257_item_4899/site_257_item_4899_clip_021.webm,46.951,57.144,10.194,night,winter,-0.5,0.866025,-0.866025,-0.5,winter_night
4959_clip002_s000,resources/site_257_bowra-dry-a/downloaded_clips/site_257_item_4959/site_257_item_4959_clip_002.webm,33.181,47.903,14.721,night,winter,-0.5,0.866025,-0.866025,-0.5,winter_night
4959_clip002_s001,resources/site_257_bowra-dry-a/downloaded_clips/site_257_item_4959/site_257_item_4959_clip_002.webm,104.467,115.868,11.401,night,winter,-0.5,0.866025,-0.866025,-0.5,winter_night
4959_clip002_s002,resources/site_257_bowra-dry-a/downloaded_clips/site_257_item_4959/site_257_item_4959_clip_002.webm,122.369,132.957,10.588,night,winter,-0.5,0.866025,-0.866025,-0.5,winter_night
4959_clip002_s003,resources/site_257_bowra-dry-a/downloaded_clips/site_257_item_4959/site_257_item_4959_clip_002.webm,197.184,208.631,11.447,night,winter,-0.5,0.866025,-0.866025,-0.5,winter_night
4959_clip003_s000,resources/site_257_bowra-dry-a/downloaded_clips/site_257_item_4959/site_257_item_4959_clip_003.webm,19.435,30.929,11.494,night,winter,-0.5,0.866025,-0.866025,-0.5,winter_night
4959_clip003_s001,resources/site_257_bowra-dry-a/downloaded_clips/site_257_item_4959/site_257_item_4959_clip_003.webm,34.691,45.836,11.146,night,winter,-0.5,0.866025,-0.866025,-0.5,winter_night
4959_clip003_s002,resources/site_257_bowra-dry-a/downloaded_clips/site_257_item_4959/site_257_item_4959_clip_003.webm,58.793,71.634,12.841,night,winter,-0.5,0.866025,-0.866025,-0.5,winter_night
4959_clip003_s003,resources/site_257_bowra-dry-a/downloaded_clips/site_257_item_4959/site_257_item_4959_clip_003.webm,140.016,150.883,10.867,night,winter,-0.5,0.866025,-0.866025,-0.5,winter_night
4959_clip003_s004,resources/site_257_bowra-dry-a/downloaded_clips/site_257_item_4959/site_257_item_4959_clip_003.webm,151.092,162.215,11.122,night,winter,-0.5,0.866025,-0.866025,-0.5,winter_night
4959_clip003_s005,resources/site_257_bowra-dry-a/downloaded_clips/site_257_item_4959/site_257_item_4959_clip_003.webm,162.424,172.826,10.403,night,winter,-0.5,0.866025,-0.866025,-0.5,winter_night
4959_clip003_s006,resources/site_257_bowra-dry-a/downloaded_clips/site_257_item_4959/site_257_item_4959_clip_003.webm,260.737,272.091,11.355,night,winter,-0.5,0.866025,-0.866025,-0.5,winter_night
4959_clip003_s007,resources/site_257_bowra-dry-a/downloaded_clips/site_257_item_4959/site_257_item_4959_clip_003.webm,277.246,292.78,15.534,night,winter,-0.5,0.866025,-0.866025,-0.5,winter_night
4959_clip004_s000,resources/site_257_bowra-dry-a/downloaded_clips/site_257_item_4959/site_257_item_4959_clip_004.webm,0.139,13.212,13.073,night,winter,-0.5,0.866025,-0.866025,-0.5,winter_night
4959_clip004_s001,resources/site_257_bowra-dry-a/downloaded_clips/site_257_item_4959/site_257_item_4959_clip_004.webm,67.64,78.623,10.983,night,winter,-0.5,0.866025,-0.866025,-0.5,winter_night
4959_clip004_s002,resources/site_257_bowra-dry-a/downloaded_clips/site_257_item_4959/site_257_item_4959_clip_004.webm,118.12,134.513,16.393,night,winter,-0.5,0.866025,-0.866025,-0.5,winter_night
4959_clip004_s003,resources/site_257_bowra-dry-a/downloaded_clips/site_257_item_4959/site_257_item_4959_clip_004.webm,263.616,274.947,11.331,night,winter,-0.5,0.866025,-0.866025,-0.5,winter_night
4959_clip004_s004,resources/site_257_bowra-dry-a/downloaded_clips/site_257_item_4959/site_257_item_4959_clip_004.webm,282.517,294.986,12.469,night,winter,-0.5,0.866025,-0.866025,-0.5,winter_night
4959_clip006_s000,resources/site_257_bowra-dry-a/downloaded_clips/site_257_item_4959/site_257_item_4959_clip_006.webm,53.522,64.528,11.006,night,winter,-0.5,0.866025,-0.866025,-0.5,winter_night
4959_clip006_s001,resources/site_257_bowra-dry-a/downloaded_clips/site_257_item_4959/site_257_item_4959_clip_006.webm,148.027,166.325,18.297,night,winter,-0.5,0.866025,-0.866025,-0.5,winter_night
4959_clip006_s002,resources/site_257_bowra-dry-a/downloaded_clips/site_257_item_4959/site_257_item_4959_clip_006.webm,205.172,215.319,10.147,night,winter,-0.5,0.866025,-0.866025,-0.5,winter_night
4959_clip007_s000,resources/site_257_bowra-dry-a/downloaded_clips/site_257_item_4959/site_257_item_4959_clip_007.webm,106.556,120.14,13.584,night,winter,-0.5,0.866025,-0.866025,-0.5,winter_night
4959_clip007_s001,resources/site_257_bowra-dry-a/downloaded_clips/site_257_item_4959/site_257_item_4959_clip_007.webm,254.189,264.777,10.588,night,winter,-0.5,0.866025,-0.866025,-0.5,winter_night
4959_clip007_s002,resources/site_257_bowra-dry-a/downloaded_clips/site_257_item_4959/site_257_item_4959_clip_007.webm,271.418,285.559,14.141,night,winter,-0.5,0.866025,-0.866025,-0.5,winter_night
4959_clip007_s003,resources/site_257_bowra-dry-a/downloaded_clips/site_257_item_4959/site_257_item_4959_clip_007.webm,285.768,299.909,14.141,night,winter,-0.5,0.866025,-0.866025,-0.5,winter_night
4959_clip008_s000,resources/site_257_bowra-dry-a/downloaded_clips/site_257_item_4959/site_257_item_4959_clip_008.webm,7.941,19.017,11.076,night,winter,-0.5,0.866025,-0.866025,-0.5,winter_night
4959_clip008_s001,resources/site_257_bowra-dry-a/downloaded_clips/site_257_item_4959/site_257_item_4959_clip_008.webm,56.308,66.757,10.449,night,winter,-0.5,0.866025,-0.866025,-0.5,winter_night
4959_clip008_s002,resources/site_257_bowra-dry-a/downloaded_clips/site_257_item_4959/site_257_item_4959_clip_008.webm,218.569,229.924,11.355,night,winter,-0.5,0.866025,-0.866025,-0.5,winter_night
4959_clip010_s000,resources/site_257_bowra-dry-a/downloaded_clips/site_257_item_4959/site_257_item_4959_clip_010.webm,6.13,17.485,11.355,night,winter,-0.5,0.866025,-0.866025,-0.5,winter_night
4959_clip010_s001,resources/site_257_bowra-dry-a/downloaded_clips/site_257_item_4959/site_257_item_4959_clip_010.webm,38.684,48.901,10.217,night,winter,-0.5,0.866025,-0.866025,-0.5,winter_night
4959_clip010_s002,resources/site_257_bowra-dry-a/downloaded_clips/site_257_item_4959/site_257_item_4959_clip_010.webm,121.231,133.933,12.701,night,winter,-0.5,0.866025,-0.866025,-0.5,winter_night
4959_clip010_s003,resources/site_257_bowra-dry-a/downloaded_clips/site_257_item_4959/site_257_item_4959_clip_010.webm,162.168,173.987,11.819,night,winter,-0.5,0.866025,-0.866025,-0.5,winter_night
4959_clip011_s000,resources/site_257_bowra-dry-a/downloaded_clips/site_257_item_4959/site_257_item_4959_clip_011.webm,27.864,45.976,18.112,night,winter,-0.5,0.866025,-0.866025,-0.5,winter_night
4959_clip011_s001,resources/site_257_bowra-dry-a/downloaded_clips/site_257_item_4959/site_257_item_4959_clip_011.webm,197.741,210.373,12.632,night,winter,-0.5,0.866025,-0.866025,-0.5,winter_night
4959_clip011_s002,resources/site_257_bowra-dry-a/downloaded_clips/site_257_item_4959/site_257_item_4959_clip_011.webm,229.529,239.839,10.31,night,winter,-0.5,0.866025,-0.866025,-0.5,winter_night
4959_clip011_s003,resources/site_257_bowra-dry-a/downloaded_clips/site_257_item_4959/site_257_item_4959_clip_011.webm,285.698,298.794,13.096,night,winter,-0.5,0.866025,-0.866025,-0.5,winter_night
4959_clip012_s000,resources/site_257_bowra-dry-a/downloaded_clips/site_257_item_4959/site_257_item_4959_clip_012.webm,230.226,240.721,10.495,night,winter,-0.5,0.866025,-0.866025,-0.5,winter_night
4959_clip012_s001,resources/site_257_bowra-dry-a/downloaded_clips/site_257_item_4959/site_257_item_4959_clip_012.webm,245.737,258.368,12.632,night,winter,-0.5,0.866025,-0.866025,-0.5,winter_night
4959_clip012_s002,resources/site_257_bowra-dry-a/downloaded_clips/site_257_item_4959/site_257_item_4959_clip_012.webm,269.119,279.429,10.31,night,winter,-0.5,0.866025,-0.866025,-0.5,winter_night
4959_clip012_s003,resources/site_257_bowra-dry-a/downloaded_clips/site_257_item_4959/site_257_item_4959_clip_012.webm,286.256,298.307,12.051,night,winter,-0.5,0.866025,-0.866025,-0.5,winter_night
4959_clip013_s000,resources/site_257_bowra-dry-a/downloaded_clips/site_257_item_4959/site_257_item_4959_clip_013.webm,18.112,28.584,10.472,night,winter,-0.5,0.866025,-0.866025,-0.5,winter_night
4959_clip013_s001,resources/site_257_bowra-dry-a/downloaded_clips/site_257_item_4959/site_257_item_4959_clip_013.webm,138.67,149.42,10.751,night,winter,-0.5,0.866025,-0.866025,-0.5,winter_night
4959_clip013_s002,resources/site_257_bowra-dry-a/downloaded_clips/site_257_item_4959/site_257_item_4959_clip_013.webm,169.111,181.069,11.958,night,winter,-0.5,0.866025,-0.866025,-0.5,winter_night
4959_clip016_s000,resources/site_257_bowra-dry-a/downloaded_clips/site_257_item_4959/site_257_item_4959_clip_016.webm,17.786,31.533,13.746,night,winter,-0.5,0.866025,-0.866025,-0.5,winter_night
4959_clip016_s001,resources/site_257_bowra-dry-a/downloaded_clips/site_257_item_4959/site_257_item_4959_clip_016.webm,120.604,133.399,12.794,night,winter,-0.5,0.866025,-0.866025,-0.5,winter_night
4959_clip016_s002,resources/site_257_bowra-dry-a/downloaded_clips/site_257_item_4959/site_257_item_4959_clip_016.webm,195.814,208.817,13.003,night,winter,-0.5,0.866025,-0.866025,-0.5,winter_night
4959_clip018_s000,resources/site_257_bowra-dry-a/downloaded_clips/site_257_item_4959/site_257_item_4959_clip_018.webm,176.309,186.99,10.681,night,winter,-0.5,0.866025,-0.866025,-0.5,winter_night
4959_clip018_s001,resources/site_257_bowra-dry-a/downloaded_clips/site_257_item_4959/site_257_item_4959_clip_018.webm,192.354,203.476,11.122,night,winter,-0.5,0.866025,-0.866025,-0.5,winter_night
4959_clip019_s000,resources/site_257_bowra-dry-a/downloaded_clips/site_257_item_4959/site_257_item_4959_clip_019.webm,75.047,86.796,11.749,night,winter,-0.5,0.866025,-0.866025,-0.5,winter_night
4959_clip019_s001,resources/site_257_bowra-dry-a/downloaded_clips/site_257_item_4959/site_257_item_4959_clip_019.webm,278.152,288.229,10.077,night,winter,-0.5,0.866025,-0.866025,-0.5,winter_night
4959_clip021_s000,resources/site_257_bowra-dry-a/downloaded_clips/site_257_item_4959/site_257_item_4959_clip_021.webm,57.493,70.38,12.887,night,winter,-0.5,0.866025,-0.866025,-0.5,winter_night
4959_clip021_s001,resources/site_257_bowra-dry-a/downloaded_clips/site_257_item_4959/site_257_item_4959_clip_021.webm,119.815,139.784,19.969,night,winter,-0.5,0.866025,-0.866025,-0.5,winter_night
4959_clip021_s002,resources/site_257_bowra-dry-a/downloaded_clips/site_257_item_4959/site_257_item_4959_clip_021.webm,147.4,159.126,11.726,night,winter,-0.5,0.866025,-0.866025,-0.5,winter_night
4959_clip021_s003,resources/site_257_bowra-dry-a/downloaded_clips/site_257_item_4959/site_257_item_4959_clip_021.webm,194.815,206.17,11.355,night,winter,-0.5,0.866025,-0.866025,-0.5,winter_night
4959_clip022_s000,resources/site_257_bowra-dry-a/downloaded_clips/site_257_item_4959/site_257_item_4959_clip_022.webm,122.021,133.538,11.517,night,winter,-0.5,0.866025,-0.866025,-0.5,winter_night
4959_clip022_s001,resources/site_257_bowra-dry-a/downloaded_clips/site_257_item_4959/site_257_item_4959_clip_022.webm,153.066,164.769,11.703,night,winter,-0.5,0.866025,-0.866025,-0.5,winter_night
4959_clip022_s002,resources/site_257_bowra-dry-a/downloaded_clips/site_257_item_4959/site_257_item_4959_clip_022.webm,191.704,203.291,11.587,night,winter,-0.5,0.866025,-0.866025,-0.5,winter_night
4959_clip022_s003,resources/site_257_bowra-dry-a/downloaded_clips/site_257_item_4959/site_257_item_4959_clip_022.webm,203.662,217.199,13.537,night,winter,-0.5,0.866025,-0.866025,-0.5,winter_night
4959_clip023_s000,resources/site_257_bowra-dry-a/downloaded_clips/site_257_item_4959/site_257_item_4959_clip_023.webm,59.745,69.892,10.147,night,winter,-0.5,0.866025,-0.866025,-0.5,winter_night
4959_clip023_s001,resources/site_257_bowra-dry-a/downloaded_clips/site_257_item_4959/site_257_item_4959_clip_023.webm,152.184,164.606,12.423,night,winter,-0.5,0.866025,-0.866025,-0.5,winter_night
4959_clip023_s002,resources/site_257_bowra-dry-a/downloaded_clips/site_257_item_4959/site_257_item_4959_clip_023.webm,277.06,287.626,10.565,night,winter,-0.5,0.866025,-0.866025,-0.5,winter_night
4959_clip024_s000,resources/site_257_bowra-dry-a/downloaded_clips/site_257_item_4959/site_257_item_4959_clip_024.webm,42.516,60.093,17.578,night,winter,-0.5,0.866025,-0.866025,-0.5,winter_night
4959_clip024_s001,resources/site_257_bowra-dry-a/downloaded_clips/site_257_item_4959/site_257_item_4959_clip_024.webm,271.906,283.33,11.424,night,winter,-0.5,0.866025,-0.866025,-0.5,winter_night
4970_clip010_s000,resources/site_257_bowra-dry-a/downloaded_clips/site_257_item_4970/site_257_item_4970_clip_010.webm,84.869,97.686,12.817,night,winter,-0.5,0.866025,-0.866025,-0.5,winter_night
4970_clip011_s000,resources/site_257_bowra-dry-a/downloaded_clips/site_257_item_4970/site_257_item_4970_clip_011.webm,190.798,201.154,10.356,night,winter,-0.5,0.866025,-0.866025,-0.5,winter_night
4970_clip021_s000,resources/site_257_bowra-dry-a/downloaded_clips/site_257_item_4970/site_257_item_4970_clip_021.webm,98.29,108.507,10.217,night,winter,-0.5,0.866025,-0.866025,-0.5,winter_night
4970_clip023_s000,resources/site_257_bowra-dry-a/downloaded_clips/site_257_item_4970/site_257_item_4970_clip_023.webm,160.868,173.012,12.144,night,winter,-0.5,0.866025,-0.866025,-0.5,winter_night
5023_clip001_s000,resources/site_257_bowra-dry-a/downloaded_clips/site_257_item_5023/site_257_item_5023_clip_001.webm,12.074,22.825,10.751,night,winter,-0.5,0.866025,-0.866025,-0.5,winter_night
5023_clip001_s001,resources/site_257_bowra-dry-a/downloaded_clips/site_257_item_5023/site_257_item_5023_clip_001.webm,23.034,33.065,10.031,night,winter,-0.5,0.866025,-0.866025,-0.5,winter_night
5023_clip001_s002,resources/site_257_bowra-dry-a/downloaded_clips/site_257_item_5023/site_257_item_5023_clip_001.webm,281.844,297.796,15.952,night,winter,-0.5,0.866025,-0.866025,-0.5,winter_night
5023_clip002_s000,resources/site_257_bowra-dry-a/downloaded_clips/site_257_item_5023/site_257_item_5023_clip_002.webm,18.46,30.511,12.051,night,winter,-0.5,0.866025,-0.866025,-0.5,winter_night
5023_clip004_s000,resources/site_257_bowra-dry-a/downloaded_clips/site_257_item_5023/site_257_item_5023_clip_004.webm,91.069,101.1,10.031,night,winter,-0.5,0.866025,-0.866025,-0.5,winter_night
5023_clip004_s001,resources/site_257_bowra-dry-a/downloaded_clips/site_257_item_5023/site_257_item_5023_clip_004.webm,216.967,228.833,11.865,night,winter,-0.5,0.866025,-0.866025,-0.5,winter_night
5023_clip005_s000,resources/site_257_bowra-dry-a/downloaded_clips/site_257_item_5023/site_257_item_5023_clip_005.webm,44.698,55.24,10.542,night,winter,-0.5,0.866025,-0.866025,-0.5,winter_night
5023_clip005_s001,resources/site_257_bowra-dry-a/downloaded_clips/site_257_item_5023/site_257_item_5023_clip_005.webm,178.027,191.75,13.723,night,winter,-0.5,0.866025,-0.866025,-0.5,winter_night
5023_clip006_s000,resources/site_257_bowra-dry-a/downloaded_clips/site_257_item_5023/site_257_item_5023_clip_006.webm,111.665,122.23,10.565,night,winter,-0.5,0.866025,-0.866025,-0.5,winter_night
5023_clip006_s001,resources/site_257_bowra-dry-a/downloaded_clips/site_257_item_5023/site_257_item_5023_clip_006.webm,153.716,168.995,15.279,night,winter,-0.5,0.866025,-0.866025,-0.5,winter_night
5023_clip006_s002,resources/site_257_bowra-dry-a/downloaded_clips/site_257_item_5023/site_257_item_5023_clip_006.webm,189.823,210.559,20.735,night,winter,-0.5,0.866025,-0.866025,-0.5,winter_night
5023_clip008_s000,resources/site_257_bowra-dry-a/downloaded_clips/site_257_item_5023/site_257_item_5023_clip_008.webm,8.313,24.149,15.836,night,winter,-0.5,0.866025,-0.866025,-0.5,winter_night
5023_clip008_s001,resources/site_257_bowra-dry-a/downloaded_clips/site_257_item_5023/site_257_item_5023_clip_008.webm,51.92,65.086,13.166,night,winter,-0.5,0.866025,-0.866025,-0.5,winter_night
5023_clip009_s000,resources/site_257_bowra-dry-a/downloaded_clips/site_257_item_5023/site_257_item_5023_clip_009.webm,113.383,126.642,13.259,night,winter,-0.5,0.866025,-0.866025,-0.5,winter_night
5023_clip009_s001,resources/site_257_bowra-dry-a/downloaded_clips/site_257_item_5023/site_257_item_5023_clip_009.webm,126.967,139.32,12.353,night,winter,-0.5,0.866025,-0.866025,-0.5,winter_night
5023_clip010_s000,resources/site_257_bowra-dry-a/downloaded_clips/site_257_item_5023/site_257_item_5023_clip_010.webm,148.979,159.498,10.519,night,winter,-0.5,0.866025,-0.866025,-0.5,winter_night
5023_clip010_s001,resources/site_257_bowra-dry-a/downloaded_clips/site_257_item_5023/site_257_item_5023_clip_010.webm,216.967,229.135,12.167,night,winter,-0.5,0.866025,-0.866025,-0.5,winter_night
5023_clip012_s000,resources/site_257_bowra-dry-a/downloaded_clips/site_257_item_5023/site_257_item_5023_clip_012.webm,249.707,259.808,10.101,night,winter,-0.5,0.866025,-0.866025,-0.5,winter_night
5023_clip013_s000,resources/site_257_bowra-dry-a/downloaded_clips/site_257_item_5023/site_257_item_5023_clip_013.webm,122.207,137.346,15.139,night,winter,-0.5,0.866025,-0.866025,-0.5,winter_night
5023_clip013_s001,resources/site_257_bowra-dry-a/downloaded_clips/site_257_item_5023/site_257_item_5023_clip_013.webm,177.633,190.613,12.98,night,winter,-0.5,0.866025,-0.866025,-0.5,winter_night
5023_clip015_s000,resources/site_257_bowra-dry-a/downloaded_clips/site_257_item_5023/site_257_item_5023_clip_015.webm,119.188,131.146,11.958,night,winter,-0.5,0.866025,-0.866025,-0.5,winter_night
5023_clip016_s000,resources/site_257_bowra-dry-a/downloaded_clips/site_257_item_5023/site_257_item_5023_clip_016.webm,251.913,263.198,11.285,night,winter,-0.5,0.866025,-0.866025,-0.5,winter_night
5023_clip020_s000,resources/site_257_bowra-dry-a/downloaded_clips/site_257_item_5023/site_257_item_5023_clip_020.webm,80.202,93.716,13.514,night,winter,-0.5,0.866025,-0.866025,-0.5,winter_night
5023_clip024_s000,resources/site_257_bowra-dry-a/downloaded_clips/site_257_item_5023/site_257_item_5023_clip_024.webm,135.883,146.727,10.844,night,winter,-0.5,0.866025,-0.866025,-0.5,winter_night
5023_clip024_s001,resources/site_257_bowra-dry-a/downloaded_clips/site_257_item_5023/site_257_item_5023_clip_024.webm,219.266,229.878,10.612,night,winter,-0.5,0.866025,-0.866025,-0.5,winter_night
5023_clip024_s002,resources/site_257_bowra-dry-a/downloaded_clips/site_257_item_5023/site_257_item_5023_clip_024.webm,275.04,285.768,10.728,night,winter,-0.5,0.866025,-0.866025,-0.5,winter_night
5401_clip001_s000,resources/site_257_bowra-dry-a/downloaded_clips/site_257_item_5401/site_257_item_5401_clip_001.webm,48.274,62.764,14.489,night,winter,-0.5,0.866025,-0.866025,-0.5,winter_night
5401_clip003_s000,resources/site_257_bowra-dry-a/downloaded_clips/site_257_item_5401/site_257_item_5401_clip_003.webm,135.93,146.82,10.89,night,winter,-0.5,0.866025,-0.866025,-0.5,winter_night
5401_clip003_s001,resources/site_257_bowra-dry-a/downloaded_clips/site_257_item_5401/site_257_item_5401_clip_003.webm,259.158,270.675,11.517,night,winter,-0.5,0.866025,-0.866025,-0.5,winter_night
5401_clip004_s000,resources/site_257_bowra-dry-a/downloaded_clips/site_257_item_5401/site_257_item_5401_clip_004.webm,120.906,131.053,10.147,night,winter,-0.5,0.866025,-0.866025,-0.5,winter_night
5401_clip008_s000,resources/site_257_bowra-dry-a/downloaded_clips/site_257_item_5401/site_257_item_5401_clip_008.webm,273.903,295.776,21.873,night,winter,-0.5,0.866025,-0.866025,-0.5,winter_night
5401_clip010_s000,resources/site_257_bowra-dry-a/downloaded_clips/site_257_item_5401/site_257_item_5401_clip_010.webm,213.925,227.881,13.955,night,winter,-0.5,0.866025,-0.866025,-0.5,winter_night
5401_clip011_s000,resources/site_257_bowra-dry-a/downloaded_clips/site_257_item_5401/site_257_item_5401_clip_011.webm,62.415,73.282,10.867,night,winter,-0.5,0.866025,-0.866025,-0.5,winter_night
5401_clip012_s000,resources/site_257_bowra-dry-a/downloaded_clips/site_257_item_5401/site_257_item_5401_clip_012.webm,35.387,51.084,15.697,night,winter,-0.5,0.866025,-0.866025,-0.5,winter_night
5401_clip012_s001,resources/site_257_bowra-dry-a/downloaded_clips/site_257_item_5401/site_257_item_5401_clip_012.webm,154.877,164.955,10.077,night,winter,-0.5,0.866025,-0.866025,-0.5,winter_night
5401_clip013_s000,resources/site_257_bowra-dry-a/downloaded_clips/site_257_item_5401/site_257_item_5401_clip_013.webm,122.253,133.909,11.656,night,winter,-0.5,0.866025,-0.866025,-0.5,winter_night
5401_clip014_s000,resources/site_257_bowra-dry-a/downloaded_clips/site_257_item_5401/site_257_item_5401_clip_014.webm,10.031,22.523,12.492,night,winter,-0.5,0.866025,-0.866025,-0.5,winter_night
5401_clip014_s001,resources/site_257_bowra-dry-a/downloaded_clips/site_257_item_5401/site_257_item_5401_clip_014.webm,31.068,41.332,10.263,night,winter,-0.5,0.866025,-0.866025,-0.5,winter_night
5401_clip014_s002,resources/site_257_bowra-dry-a/downloaded_clips/site_257_item_5401/site_257_item_5401_clip_014.webm,99.962,116.518,16.556,night,winter,-0.5,0.866025,-0.866025,-0.5,winter_night
5401_clip014_s003,resources/site_257_bowra-dry-a/downloaded_clips/site_257_item_5401/site_257_item_5401_clip_014.webm,130.218,142.245,12.028,night,winter,-0.5,0.866025,-0.866025,-0.5,winter_night
5401_clip014_s004,resources/site_257_bowra-dry-a/downloaded_clips/site_257_item_5401/site_257_item_5401_clip_014.webm,174.312,190.032,15.72,night,winter,-0.5,0.866025,-0.866025,-0.5,winter_night
5401_clip015_s000,resources/site_257_bowra-dry-a/downloaded_clips/site_257_item_5401/site_257_item_5401_clip_015.webm,19.667,30.0,10.333,night,winter,-0.5,0.866025,-0.866025,-0.5,winter_night
5401_clip015_s001,resources/site_257_bowra-dry-a/downloaded_clips/site_257_item_5401/site_257_item_5401_clip_015.webm,211.139,222.354,11.215,night,winter,-0.5,0.866025,-0.866025,-0.5,winter_night
5401_clip015_s002,resources/site_257_bowra-dry-a/downloaded_clips/site_257_item_5401/site_257_item_5401_clip_015.webm,267.726,283.237,15.511,night,winter,-0.5,0.866025,-0.866025,-0.5,winter_night
5401_clip016_s000,resources/site_257_bowra-dry-a/downloaded_clips/site_257_item_5401/site_257_item_5401_clip_016.webm,41.564,54.381,12.817,night,winter,-0.5,0.866025,-0.866025,-0.5,winter_night
5401_clip016_s001,resources/site_257_bowra-dry-a/downloaded_clips/site_257_item_5401/site_257_item_5401_clip_016.webm,130.682,144.219,13.537,night,winter,-0.5,0.866025,-0.866025,-0.5,winter_night
5401_clip017_s000,resources/site_257_bowra-dry-a/downloaded_clips/site_257_item_5401/site_257_item_5401_clip_017.webm,217.455,234.011,16.556,night,winter,-0.5,0.866025,-0.866025,-0.5,winter_night
5401_clip018_s000,resources/site_257_bowra-dry-a/downloaded_clips/site_257_item_5401/site_257_item_5401_clip_018.webm,23.615,35.225,11.61,night,winter,-0.5,0.866025,-0.866025,-0.5,winter_night
5401_clip018_s001,resources/site_257_bowra-dry-a/downloaded_clips/site_257_item_5401/site_257_item_5401_clip_018.webm,157.222,171.131,13.909,night,winter,-0.5,0.866025,-0.866025,-0.5,winter_night
5401_clip018_s002,resources/site_257_bowra-dry-a/downloaded_clips/site_257_item_5401/site_257_item_5401_clip_018.webm,198.066,208.98,10.913,night,winter,-0.5,0.866025,-0.866025,-0.5,winter_night
5401_clip019_s000,resources/site_257_bowra-dry-a/downloaded_clips/site_257_item_5401/site_257_item_5401_clip_019.webm,132.447,143.685,11.238,night,winter,-0.5,0.866025,-0.866025,-0.5,winter_night
5401_clip020_s000,resources/site_257_bowra-dry-a/downloaded_clips/site_257_item_5401/site_257_item_5401_clip_020.webm,10.751,20.968,10.217,night,winter,-0.5,0.866025,-0.866025,-0.5,winter_night
5401_clip020_s001,resources/site_257_bowra-dry-a/downloaded_clips/site_257_item_5401/site_257_item_5401_clip_020.webm,58.979,70.542,11.564,night,winter,-0.5,0.866025,-0.866025,-0.5,winter_night
5401_clip020_s002,resources/site_257_bowra-dry-a/downloaded_clips/site_257_item_5401/site_257_item_5401_clip_020.webm,130.148,146.402,16.254,night,winter,-0.5,0.866025,-0.866025,-0.5,winter_night
5401_clip020_s003,resources/site_257_bowra-dry-a/downloaded_clips/site_257_item_5401/site_257_item_5401_clip_020.webm,185.876,198.74,12.864,night,winter,-0.5,0.866025,-0.866025,-0.5,winter_night
5401_clip020_s004,resources/site_257_bowra-dry-a/downloaded_clips/site_257_item_5401/site_257_item_5401_clip_020.webm,212.254,225.605,13.351,night,winter,-0.5,0.866025,-0.866025,-0.5,winter_night
5401_clip020_s005,resources/site_257_bowra-dry-a/downloaded_clips/site_257_item_5401/site_257_item_5401_clip_020.webm,246.921,258.694,11.773,night,winter,-0.5,0.866025,-0.866025,-0.5,winter_night
5401_clip020_s006,resources/site_257_bowra-dry-a/downloaded_clips/site_257_item_5401/site_257_item_5401_clip_020.webm,285.907,299.375,13.468,night,winter,-0.5,0.866025,-0.866025,-0.5,winter_night
5401_clip021_s000,resources/site_257_bowra-dry-a/downloaded_clips/site_257_item_5401/site_257_item_5401_clip_021.webm,84.985,96.363,11.378,night,winter,-0.5,0.866025,-0.866025,-0.5,winter_night
5401_clip021_s001,resources/site_257_bowra-dry-a/downloaded_clips/site_257_item_5401/site_257_item_5401_clip_021.webm,193.492,217.083,23.591,night,winter,-0.5,0.866025,-0.866025,-0.5,winter_night
5401_clip021_s002,resources/site_257_bowra-dry-a/downloaded_clips/site_257_item_5401/site_257_item_5401_clip_021.webm,278.547,291.016,12.469,night,winter,-0.5,0.866025,-0.866025,-0.5,winter_night
5401_clip022_s000,resources/site_257_bowra-dry-a/downloaded_clips/site_257_item_5401/site_257_item_5401_clip_022.webm,88.956,100.96,12.005,night,winter,-0.5,0.866025,-0.866025,-0.5,winter_night
5401_clip022_s001,resources/site_257_bowra-dry-a/downloaded_clips/site_257_item_5401/site_257_item_5401_clip_022.webm,118.538,130.357,11.819,night,winter,-0.5,0.866025,-0.866025,-0.5,winter_night
5401_clip022_s002,resources/site_257_bowra-dry-a/downloaded_clips/site_257_item_5401/site_257_item_5401_clip_022.webm,131.727,142.362,10.635,night,winter,-0.5,0.866025,-0.866025,-0.5,winter_night
5401_clip022_s003,resources/site_257_bowra-dry-a/downloaded_clips/site_257_item_5401/site_257_item_5401_clip_022.webm,176.565,186.642,10.077,night,winter,-0.5,0.866025,-0.866025,-0.5,winter_night
5401_clip022_s004,resources/site_257_bowra-dry-a/downloaded_clips/site_257_item_5401/site_257_item_5401_clip_022.webm,213.554,225.675,12.121,night,winter,-0.5,0.866025,-0.866025,-0.5,winter_night
5401_clip022_s005,resources/site_257_bowra-dry-a/downloaded_clips/site_257_item_5401/site_257_item_5401_clip_022.webm,257.649,276.852,19.203,night,winter,-0.5,0.866025,-0.866025,-0.5,winter_night
5401_clip023_s000,resources/site_257_bowra-dry-a/downloaded_clips/site_257_item_5401/site_257_item_5401_clip_023.webm,104.629,115.125,10.495,night,winter,-0.5,0.866025,-0.866025,-0.5,winter_night
5401_clip023_s001,resources/site_257_bowra-dry-a/downloaded_clips/site_257_item_5401/site_257_item_5401_clip_023.webm,154.529,167.88,13.351,night,winter,-0.5,0.866025,-0.866025,-0.5,winter_night
5401_clip023_s002,resources/site_257_bowra-dry-a/downloaded_clips/site_257_item_5401/site_257_item_5401_clip_023.webm,276.457,287.324,10.867,night,winter,-0.5,0.866025,-0.866025,-0.5,winter_night
5401_clip024_s000,resources/site_257_bowra-dry-a/downloaded_clips/site_257_item_5401/site_257_item_5401_clip_024.webm,89.954,100.867,10.913,night,winter,-0.5,0.866025,-0.866025,-0.5,winter_night
5401_clip024_s001,resources/site_257_bowra-dry-a/downloaded_clips/site_257_item_5401/site_257_item_5401_clip_024.webm,248.57,263.152,14.582,night,winter,-0.5,0.866025,-0.866025,-0.5,winter_night
5401_clip024_s002,resources/site_257_bowra-dry-a/downloaded_clips/site_257_item_5401/site_257_item_5401_clip_024.webm,275.365,287.417,12.051,night,winter,-0.5,0.866025,-0.866025,-0.5,winter_night
445512_clip001_s000,resources/site_257_bowra-dry-a/downloaded_clips/site_257_item_445512/site_257_item_445512_clip_001.webm,22.338,33.135,10.797,night,winter,-0.5,0.866025,-0.866025,-0.5,winter_night
445512_clip001_s001,resources/site_257_bowra-dry-a/downloaded_clips/site_257_item_445512/site_257_item_445512_clip_001.webm,113.662,125.899,12.237,night,winter,-0.5,0.866025,-0.866025,-0.5,winter_night
445512_clip001_s002,resources/site_257_bowra-dry-a/downloaded_clips/site_257_item_445512/site_257_item_445512_clip_001.webm,176.982,190.798,13.816,night,winter,-0.5,0.866025,-0.866025,-0.5,winter_night
445512_clip001_s003,resources/site_257_bowra-dry-a/downloaded_clips/site_257_item_445512/site_257_item_445512_clip_001.webm,200.156,213.949,13.793,night,winter,-0.5,0.866025,-0.866025,-0.5,winter_night
445512_clip003_s000,resources/site_257_bowra-dry-a/downloaded_clips/site_257_item_445512/site_257_item_445512_clip_003.webm,156.804,168.507,11.703,night,winter,-0.5,0.866025,-0.866025,-0.5,winter_night
445512_clip003_s001,resources/site_257_bowra-dry-a/downloaded_clips/site_257_item_445512/site_257_item_445512_clip_003.webm,215.504,229.808,14.303,night,winter,-0.5,0.866025,-0.866025,-0.5,winter_night
445512_clip004_s000,resources/site_257_bowra-dry-a/downloaded_clips/site_257_item_445512/site_257_item_445512_clip_004.webm,181.58,195.953,14.373,night,winter,-0.5,0.866025,-0.866025,-0.5,winter_night
445512_clip006_s000,resources/site_257_bowra-dry-a/downloaded_clips/site_257_item_445512/site_257_item_445512_clip_006.webm,79.737,94.784,15.047,night,winter,-0.5,0.866025,-0.866025,-0.5,winter_night
445512_clip009_s000,resources/site_257_bowra-dry-a/downloaded_clips/site_257_item_445512/site_257_item_445512_clip_009.webm,174.173,184.274,10.101,night,winter,-0.5,0.866025,-0.866025,-0.5,winter_night
445512_clip010_s000,resources/site_257_bowra-dry-a/downloaded_clips/site_257_item_445512/site_257_item_445512_clip_010.webm,81.734,91.905,10.17,night,winter,-0.5,0.866025,-0.866025,-0.5,winter_night
445512_clip010_s001,resources/site_257_bowra-dry-a/downloaded_clips/site_257_item_445512/site_257_item_445512_clip_010.webm,208.329,220.218,11.889,night,winter,-0.5,0.866025,-0.866025,-0.5,winter_night
445526_clip001_s000,resources/site_257_bowra-dry-a/downloaded_clips/site_257_item_445526/site_257_item_445526_clip_001.webm,63.878,77.717,13.839,night,winter,-0.5,0.866025,-0.866025,-0.5,winter_night
445526_clip001_s001,resources/site_257_bowra-dry-a/downloaded_clips/site_257_item_445526/site_257_item_445526_clip_001.webm,160.984,171.247,10.263,night,winter,-0.5,0.866025,-0.866025,-0.5,winter_night
445526_clip001_s002,resources/site_257_bowra-dry-a/downloaded_clips/site_257_item_445526/site_257_item_445526_clip_001.webm,277.455,287.881,10.426,night,winter,-0.5,0.866025,-0.866025,-0.5,winter_night
445526_clip003_s000,resources/site_257_bowra-dry-a/downloaded_clips/site_257_item_445526/site_257_item_445526_clip_003.webm,286.07,297.657,11.587,night,winter,-0.5,0.866025,-0.866025,-0.5,winter_night
445526_clip004_s000,resources/site_257_bowra-dry-a/downloaded_clips/site_257_item_445526/site_257_item_445526_clip_004.webm,53.615,64.644,11.029,night,winter,-0.5,0.866025,-0.866025,-0.5,winter_night
445526_clip004_s001,resources/site_257_bowra-dry-a/downloaded_clips/site_257_item_445526/site_257_item_445526_clip_004.webm,92.114,105.837,13.723,night,winter,-0.5,0.866025,-0.866025,-0.5,winter_night
445526_clip004_s002,resources/site_257_bowra-dry-a/downloaded_clips/site_257_item_445526/site_257_item_445526_clip_004.webm,206.356,219.638,13.282,night,winter,-0.5,0.866025,-0.866025,-0.5,winter_night
445526_clip004_s003,resources/site_257_bowra-dry-a/downloaded_clips/site_257_item_445526/site_257_item_445526_clip_004.webm,278.616,291.132,12.516,night,winter,-0.5,0.866025,-0.866025,-0.5,winter_night
445526_clip005_s000,resources/site_257_bowra-dry-a/downloaded_clips/site_257_item_445526/site_257_item_445526_clip_005.webm,171.178,181.998,10.82,night,winter,-0.5,0.866025,-0.866025,-0.5,winter_night
445526_clip010_s000,resources/site_257_bowra-dry-a/downloaded_clips/site_257_item_445526/site_257_item_445526_clip_010.webm,27.492,40.867,13.375,night,winter,-0.5,0.866025,-0.866025,-0.5,winter_night
445526_clip011_s000,resources/site_257_bowra-dry-a/downloaded_clips/site_257_item_445526/site_257_item_445526_clip_011.webm,175.868,188.082,12.214,night,winter,-0.5,0.866025,-0.866025,-0.5,winter_night
445526_clip013_s000,resources/site_257_bowra-dry-a/downloaded_clips/site_257_item_445526/site_257_item_445526_clip_013.webm,148.747,159.637,10.89,night,winter,-0.5,0.866025,-0.866025,-0.5,winter_night
445526_clip014_s000,resources/site_257_bowra-dry-a/downloaded_clips/site_257_item_445526/site_257_item_445526_clip_014.webm,60.767,73.816,13.05,night,winter,-0.5,0.866025,-0.866025,-0.5,winter_night
445526_clip015_s000,resources/site_257_bowra-dry-a/downloaded_clips/site_257_item_445526/site_257_item_445526_clip_015.webm,19.551,30.093,10.542,night,winter,-0.5,0.866025,-0.866025,-0.5,winter_night
445526_clip015_s001,resources/site_257_bowra-dry-a/downloaded_clips/site_257_item_445526/site_257_item_445526_clip_015.webm,67.454,77.787,10.333,night,winter,-0.5,0.866025,-0.866025,-0.5,winter_night
445526_clip015_s002,resources/site_257_bowra-dry-a/downloaded_clips/site_257_item_445526/site_257_item_445526_clip_015.webm,208.167,220.822,12.655,night,winter,-0.5,0.866025,-0.866025,-0.5,winter_night
445526_clip016_s000,resources/site_257_bowra-dry-a/downloaded_clips/site_257_item_445526/site_257_item_445526_clip_016.webm,75.627,87.144,11.517,night,winter,-0.5,0.866025,-0.866025,-0.5,winter_night
445526_clip016_s001,resources/site_257_bowra-dry-a/downloaded_clips/site_257_item_445526/site_257_item_445526_clip_016.webm,247.13,258.647,11.517,night,winter,-0.5,0.866025,-0.866025,-0.5,winter_night
445526_clip017_s000,resources/site_257_bowra-dry-a/downloaded_clips/site_257_item_445526/site_257_item_445526_clip_017.webm,78.878,89.35,10.472,night,winter,-0.5,0.866025,-0.866025,-0.5,winter_night
445526_clip017_s001,resources/site_257_bowra-dry-a/downloaded_clips/site_257_item_445526/site_257_item_445526_clip_017.webm,151.951,164.699,12.748,night,winter,-0.5,0.866025,-0.866025,-0.5,winter_night
445526_clip017_s002,resources/site_257_bowra-dry-a/downloaded_clips/site_257_item_445526/site_257_item_445526_clip_017.webm,191.797,206.913,15.116,night,winter,-0.5,0.866025,-0.866025,-0.5,winter_night
445526_clip018_s000,resources/site_257_bowra-dry-a/downloaded_clips/site_257_item_445526/site_257_item_445526_clip_018.webm,10.194,20.643,10.449,night,winter,-0.5,0.866025,-0.866025,-0.5,winter_night
445526_clip018_s001,resources/site_257_bowra-dry-a/downloaded_clips/site_257_item_445526/site_257_item_445526_clip_018.webm,171.015,183.623,12.608,night,winter,-0.5,0.866025,-0.866025,-0.5,winter_night
445526_clip019_s000,resources/site_257_bowra-dry-a/downloaded_clips/site_257_item_445526/site_257_item_445526_clip_019.webm,88.677,101.843,13.166,night,winter,-0.5,0.866025,-0.866025,-0.5,winter_night
445526_clip020_s000,resources/site_257_bowra-dry-a/downloaded_clips/site_257_item_445526/site_257_item_445526_clip_020.webm,17.717,27.934,10.217,night,winter,-0.5,0.866025,-0.866025,-0.5,winter_night
445526_clip020_s001,resources/site_257_bowra-dry-a/downloaded_clips/site_257_item_445526/site_257_item_445526_clip_020.webm,275.412,286.627,11.215,night,winter,-0.5,0.866025,-0.866025,-0.5,winter_night
445526_clip021_s000,resources/site_257_bowra-dry-a/downloaded_clips/site_257_item_445526/site_257_item_445526_clip_021.webm,65.527,77.16,11.633,night,winter,-0.5,0.866025,-0.866025,-0.5,winter_night
445526_clip022_s000,resources/site_257_bowra-dry-a/downloaded_clips/site_257_item_445526/site_257_item_445526_clip_022.webm,31.626,42.818,11.192,night,winter,-0.5,0.866025,-0.866025,-0.5,winter_night
445526_clip022_s001,resources/site_257_bowra-dry-a/downloaded_clips/site_257_item_445526/site_257_item_445526_clip_022.webm,130.473,142.176,11.703,night,winter,-0.5,0.866025,-0.866025,-0.5,winter_night
445526_clip024_s000,resources/site_257_bowra-dry-a/downloaded_clips/site_257_item_445526/site_257_item_445526_clip_024.webm,42.934,55.914,12.98,night,winter,-0.5,0.866025,-0.866025,-0.5,winter_night
445526_clip024_s001,resources/site_257_bowra-dry-a/downloaded_clips/site_257_item_445526/site_257_item_445526_clip_024.webm,62.624,73.282,10.658,night,winter,-0.5,0.866025,-0.866025,-0.5,winter_night
445526_clip024_s002,resources/site_257_bowra-dry-a/downloaded_clips/site_257_item_445526/site_257_item_445526_clip_024.webm,137.671,147.818,10.147,night,winter,-0.5,0.866025,-0.866025,-0.5,winter_night
445526_clip024_s003,resources/site_257_bowra-dry-a/downloaded_clips/site_257_item_445526/site_257_item_445526_clip_024.webm,170.713,183.066,12.353,night,winter,-0.5,0.866025,-0.866025,-0.5,winter_night
445526_clip024_s004,resources/site_257_bowra-dry-a/downloaded_clips/site_257_item_445526/site_257_item_445526_clip_024.webm,211.116,224.63,13.514,night,winter,-0.5,0.866025,-0.866025,-0.5,winter_night
445526_clip024_s005,resources/site_257_bowra-dry-a/downloaded_clips/site_257_item_445526/site_257_item_445526_clip_024.webm,227.207,240.118,12.91,night,winter,-0.5,0.866025,-0.866025,-0.5,winter_night
1539769_clip001_s000,resources/site_257_bowra-dry-a/downloaded_clips/site_257_item_1539769/site_257_item_1539769_clip_001.webm,12.051,22.105,10.054,night,winter,-0.5,0.866025,0.0,-1.0,winter_night
1539769_clip001_s001,resources/site_257_bowra-dry-a/downloaded_clips/site_257_item_1539769/site_257_item_1539769_clip_001.webm,186.503,196.859,10.356,night,winter,-0.5,0.866025,0.0,-1.0,winter_night
1539769_clip002_s000,resources/site_257_bowra-dry-a/downloaded_clips/site_257_item_1539769/site_257_item_1539769_clip_002.webm,262.803,274.715,11.912,night,winter,-0.5,0.866025,0.0,-1.0,winter_night
1539769_clip005_s000,resources/site_257_bowra-dry-a/downloaded_clips/site_257_item_1539769/site_257_item_1539769_clip_005.webm,14.002,27.167,13.166,night,winter,-0.5,0.866025,0.0,-1.0,winter_night
1539769_clip006_s000,resources/site_257_bowra-dry-a/downloaded_clips/site_257_item_1539769/site_257_item_1539769_clip_006.webm,136.278,147.168,10.89,night,winter,-0.5,0.866025,0.0,-1.0,winter_night
1539769_clip006_s001,resources/site_257_bowra-dry-a/downloaded_clips/site_257_item_1539769/site_257_item_1539769_clip_006.webm,269.073,279.499,10.426,night,winter,-0.5,0.866025,0.0,-1.0,winter_night
1539769_clip009_s000,resources/site_257_bowra-dry-a/downloaded_clips/site_257_item_1539769/site_257_item_1539769_clip_009.webm,90.511,103.027,12.516,night,winter,-0.5,0.866025,0.0,-1.0,winter_night
1539769_clip009_s001,resources/site_257_bowra-dry-a/downloaded_clips/site_257_item_1539769/site_257_item_1539769_clip_009.webm,164.955,177.726,12.771,night,winter,-0.5,0.866025,0.0,-1.0,winter_night
1539769_clip011_s000,resources/site_257_bowra-dry-a/downloaded_clips/site_257_item_1539769/site_257_item_1539769_clip_011.webm,132.54,145.845,13.305,night,winter,-0.5,0.866025,0.0,-1.0,winter_night
1539769_clip012_s000,resources/site_257_bowra-dry-a/downloaded_clips/site_257_item_1539769/site_257_item_1539769_clip_012.webm,278.988,289.019,10.031,night,winter,-0.5,0.866025,0.0,-1.0,winter_night
1539769_clip015_s000,resources/site_257_bowra-dry-a/downloaded_clips/site_257_item_1539769/site_257_item_1539769_clip_015.webm,14.838,25.008,10.17,night,winter,-0.5,0.866025,0.0,-1.0,winter_night
1539769_clip015_s001,resources/site_257_bowra-dry-a/downloaded_clips/site_257_item_1539769/site_257_item_1539769_clip_015.webm,222.703,234.011,11.308,night,winter,-0.5,0.866025,0.0,-1.0,winter_night
1539769_clip016_s000,resources/site_257_bowra-dry-a/downloaded_clips/site_257_item_1539769/site_257_item_1539769_clip_016.webm,113.429,127.036,13.607,night,winter,-0.5,0.866025,0.0,-1.0,winter_night
1539769_clip016_s001,resources/site_257_bowra-dry-a/downloaded_clips/site_257_item_1539769/site_257_item_1539769_clip_016.webm,270.303,280.543,10.24,night,winter,-0.5,0.866025,0.0,-1.0,winter_night
1539769_clip017_s000,resources/site_257_bowra-dry-a/downloaded_clips/site_257_item_1539769/site_257_item_1539769_clip_017.webm,63.019,76.672,13.653,night,winter,-0.5,0.866025,0.0,-1.0,winter_night
1539769_clip018_s000,resources/site_257_bowra-dry-a/downloaded_clips/site_257_item_1539769/site_257_item_1539769_clip_018.webm,249.382,259.831,10.449,night,winter,-0.5,0.866025,0.0,-1.0,winter_night
1539769_clip019_s000,resources/site_257_bowra-dry-a/downloaded_clips/site_257_item_1539769/site_257_item_1539769_clip_019.webm,103.166,113.615,10.449,night,winter,-0.5,0.866025,0.0,-1.0,winter_night
1539769_clip019_s001,resources/site_257_bowra-dry-a/downloaded_clips/site_257_item_1539769/site_257_item_1539769_clip_019.webm,170.365,182.602,12.237,night,winter,-0.5,0.866025,0.0,-1.0,winter_night
1539769_clip019_s002,resources/site_257_bowra-dry-a/downloaded_clips/site_257_item_1539769/site_257_item_1539769_clip_019.webm,232.966,244.878,11.912,night,winter,-0.5,0.866025,0.0,-1.0,winter_night
1539769_clip021_s000,resources/site_257_bowra-dry-a/downloaded_clips/site_257_item_1539769/site_257_item_1539769_clip_021.webm,129.707,139.807,10.101,night,winter,-0.5,0.866025,0.0,-1.0,winter_night
1539769_clip022_s000,resources/site_257_bowra-dry-a/downloaded_clips/site_257_item_1539769/site_257_item_1539769_clip_022.webm,91.138,103.816,12.678,night,winter,-0.5,0.866025,0.0,-1.0,winter_night
1539769_clip022_s001,resources/site_257_bowra-dry-a/downloaded_clips/site_257_item_1539769/site_257_item_1539769_clip_022.webm,104.025,114.381,10.356,night,winter,-0.5,0.866025,0.0,-1.0,winter_night
1539769_clip022_s002,resources/site_257_bowra-dry-a/downloaded_clips/site_257_item_1539769/site_257_item_1539769_clip_022.webm,264.127,277.246,13.119,night,winter,-0.5,0.866025,0.0,-1.0,winter_night
1539769_clip023_s000,resources/site_257_bowra-dry-a/downloaded_clips/site_257_item_1539769/site_257_item_1539769_clip_023.webm,40.983,52.059,11.076,night,winter,-0.5,0.866025,0.0,-1.0,winter_night
1534151_clip020_s000,resources/site_257_bowra-dry-a/downloaded_clips/site_257_item_1534151/site_257_item_1534151_clip_020.webm,190.52,201.108,10.588,night,winter,-0.5,0.866025,0.0,-1.0,winter_night
1534151_clip022_s000,resources/site_257_bowra-dry-a/downloaded_clips/site_257_item_1534151/site_257_item_1534151_clip_022.webm,272.393,283.33,10.937,night,winter,-0.5,0.866025,0.0,-1.0,winter_night
1535161_clip006_s000,resources/site_257_bowra-dry-a/downloaded_clips/site_257_item_1535161/site_257_item_1535161_clip_006.webm,78.483,88.584,10.101,night,winter,-0.5,0.866025,-0.5,-0.866025,winter_night
1535161_clip011_s000,resources/site_257_bowra-dry-a/downloaded_clips/site_257_item_1535161/site_257_item_1535161_clip_011.webm,181.743,194.397,12.655,night,winter,-0.5,0.866025,-0.5,-0.866025,winter_night
1536777_clip001_s000,resources/site_257_bowra-dry-a/downloaded_clips/site_257_item_1536777/site_257_item_1536777_clip_001.webm,221.634,232.641,11.006,night,winter,-0.5,0.866025,0.0,-1.0,winter_night
1536777_clip003_s000,resources/site_257_bowra-dry-a/downloaded_clips/site_257_item_1536777/site_257_item_1536777_clip_003.webm,74.931,87.028,12.098,night,winter,-0.5,0.866025,0.0,-1.0,winter_night
1536777_clip003_s001,resources/site_257_bowra-dry-a/downloaded_clips/site_257_item_1536777/site_257_item_1536777_clip_003.webm,138.484,152.16,13.677,night,winter,-0.5,0.866025,0.0,-1.0,winter_night
1536777_clip006_s000,resources/site_257_bowra-dry-a/downloaded_clips/site_257_item_1536777/site_257_item_1536777_clip_006.webm,91.997,102.098,10.101,night,winter,-0.5,0.866025,0.0,-1.0,winter_night
1536777_clip007_s000,resources/site_257_bowra-dry-a/downloaded_clips/site_257_item_1536777/site_257_item_1536777_clip_007.webm,244.251,257.834,13.584,night,winter,-0.5,0.866025,0.0,-1.0,winter_night
1536777_clip009_s000,resources/site_257_bowra-dry-a/downloaded_clips/site_257_item_1536777/site_257_item_1536777_clip_009.webm,163.608,175.496,11.889,night,winter,-0.5,0.866025,0.0,-1.0,winter_night
1536777_clip009_s001,resources/site_257_bowra-dry-a/downloaded_clips/site_257_item_1536777/site_257_item_1536777_clip_009.webm,278.175,293.547,15.372,night,winter,-0.5,0.866025,0.0,-1.0,winter_night
1536777_clip012_s000,resources/site_257_bowra-dry-a/downloaded_clips/site_257_item_1536777/site_257_item_1536777_clip_012.webm,275.946,286.72,10.774,night,winter,-0.5,0.866025,0.0,-1.0,winter_night
1536777_clip014_s000,resources/site_257_bowra-dry-a/downloaded_clips/site_257_item_1536777/site_257_item_1536777_clip_014.webm,70.356,81.665,11.308,night,winter,-0.5,0.866025,0.0,-1.0,winter_night
1536777_clip014_s001,resources/site_257_bowra-dry-a/downloaded_clips/site_257_item_1536777/site_257_item_1536777_clip_014.webm,288.299,299.537,11.238,night,winter,-0.5,0.866025,0.0,-1.0,winter_night
1536777_clip015_s000,resources/site_257_bowra-dry-a/downloaded_clips/site_257_item_1536777/site_257_item_1536777_clip_015.webm,76.347,87.052,10.704,night,winter,-0.5,0.866025,0.0,-1.0,winter_night
1536777_clip019_s000,resources/site_257_bowra-dry-a/downloaded_clips/site_257_item_1536777/site_257_item_1536777_clip_019.webm,23.777,37.129,13.351,night,winter,-0.5,0.866025,0.0,-1.0,winter_night
1536777_clip019_s001,resources/site_257_bowra-dry-a/downloaded_clips/site_257_item_1536777/site_257_item_1536777_clip_019.webm,280.822,292.409,11.587,night,winter,-0.5,0.866025,0.0,-1.0,winter_night
1536777_clip020_s000,resources/site_257_bowra-dry-a/downloaded_clips/site_257_item_1536777/site_257_item_1536777_clip_020.webm,41.448,53.174,11.726,night,winter,-0.5,0.866025,0.0,-1.0,winter_night
1536777_clip021_s000,resources/site_257_bowra-dry-a/downloaded_clips/site_257_item_1536777/site_257_item_1536777_clip_021.webm,119.304,133.468,14.164,night,winter,-0.5,0.866025,0.0,-1.0,winter_night
1536777_clip024_s000,resources/site_257_bowra-dry-a/downloaded_clips/site_257_item_1536777/site_257_item_1536777_clip_024.webm,57.33,69.962,12.632,night,winter,-0.5,0.866025,0.0,-1.0,winter_night
1539191_clip002_s000,resources/site_257_bowra-dry-a/downloaded_clips/site_257_item_1539191/site_257_item_1539191_clip_002.webm,288.67,299.05,10.379,night,winter,-0.5,0.866025,-0.5,-0.866025,winter_night
1539191_clip008_s000,resources/site_257_bowra-dry-a/downloaded_clips/site_257_item_1539191/site_257_item_1539191_clip_008.webm,71.517,84.939,13.421,night,winter,-0.5,0.866025,-0.5,-0.866025,winter_night
1539191_clip008_s001,resources/site_257_bowra-dry-a/downloaded_clips/site_257_item_1539191/site_257_item_1539191_clip_008.webm,183.856,194.653,10.797,night,winter,-0.5,0.866025,-0.5,-0.866025,winter_night
1539191_clip008_s002,resources/site_257_bowra-dry-a/downloaded_clips/site_257_item_1539191/site_257_item_1539191_clip_008.webm,223.121,233.361,10.24,night,winter,-0.5,0.866025,-0.5,-0.866025,winter_night
1539191_clip009_s000,resources/site_257_bowra-dry-a/downloaded_clips/site_257_item_1539191/site_257_item_1539191_clip_009.webm,88.886,99.103,10.217,night,winter,-0.5,0.866025,-0.5,-0.866025,winter_night
1539191_clip009_s001,resources/site_257_bowra-dry-a/downloaded_clips/site_257_item_1539191/site_257_item_1539191_clip_009.webm,108.739,119.234,10.495,night,winter,-0.5,0.866025,-0.5,-0.866025,winter_night
1539191_clip011_s000,resources/site_257_bowra-dry-a/downloaded_clips/site_257_item_1539191/site_257_item_1539191_clip_011.webm,55.867,66.734,10.867,night,winter,-0.5,0.866025,-0.5,-0.866025,winter_night
1539191_clip013_s000,resources/site_257_bowra-dry-a/downloaded_clips/site_257_item_1539191/site_257_item_1539191_clip_013.webm,167.648,182.37,14.721,night,winter,-0.5,0.866025,-0.5,-0.866025,winter_night
1539191_clip020_s000,resources/site_257_bowra-dry-a/downloaded_clips/site_257_item_1539191/site_257_item_1539191_clip_020.webm,4.69,15.232,10.542,night,winter,-0.5,0.866025,-0.5,-0.866025,winter_night
1539191_clip020_s001,resources/site_257_bowra-dry-a/downloaded_clips/site_257_item_1539191/site_257_item_1539191_clip_020.webm,40.867,52.315,11.447,night,winter,-0.5,0.866025,-0.5,-0.866025,winter_night
1539191_clip021_s000,resources/site_257_bowra-dry-a/downloaded_clips/site_257_item_1539191/site_257_item_1539191_clip_021.webm,125.643,137.137,11.494,night,winter,-0.5,0.866025,-0.5,-0.866025,winter_night
1539378_clip007_s000,resources/site_257_bowra-dry-a/downloaded_clips/site_257_item_1539378/site_257_item_1539378_clip_007.webm,22.895,33.158,10.263,night,winter,-0.5,0.866025,0.0,-1.0,winter_night
1539378_clip007_s001,resources/site_257_bowra-dry-a/downloaded_clips/site_257_item_1539378/site_257_item_1539378_clip_007.webm,43.932,57.748,13.816,night,winter,-0.5,0.866025,0.0,-1.0,winter_night
1539378_clip008_s000,resources/site_257_bowra-dry-a/downloaded_clips/site_257_item_1539378/site_257_item_1539378_clip_008.webm,268.98,280.311,11.331,night,winter,-0.5,0.866025,0.0,-1.0,winter_night
1539378_clip009_s000,resources/site_257_bowra-dry-a/downloaded_clips/site_257_item_1539378/site_257_item_1539378_clip_009.webm,48.367,64.946,16.579,night,winter,-0.5,0.866025,0.0,-1.0,winter_night
1539378_clip009_s001,resources/site_257_bowra-dry-a/downloaded_clips/site_257_item_1539378/site_257_item_1539378_clip_009.webm,253.748,270.954,17.206,night,winter,-0.5,0.866025,0.0,-1.0,winter_night
1539378_clip010_s000,resources/site_257_bowra-dry-a/downloaded_clips/site_257_item_1539378/site_257_item_1539378_clip_010.webm,28.189,39.056,10.867,night,winter,-0.5,0.866025,0.0,-1.0,winter_night
1539378_clip013_s000,resources/site_257_bowra-dry-a/downloaded_clips/site_257_item_1539378/site_257_item_1539378_clip_013.webm,196.418,208.91,12.492,night,winter,-0.5,0.866025,0.0,-1.0,winter_night
1539378_clip013_s001,resources/site_257_bowra-dry-a/downloaded_clips/site_257_item_1539378/site_257_item_1539378_clip_013.webm,213.09,223.376,10.286,night,winter,-0.5,0.866025,0.0,-1.0,winter_night
1539378_clip016_s000,resources/site_257_bowra-dry-a/downloaded_clips/site_257_item_1539378/site_257_item_1539378_clip_016.webm,131.704,142.06,10.356,night,winter,-0.5,0.866025,0.0,-1.0,winter_night
1539378_clip017_s000,resources/site_257_bowra-dry-a/downloaded_clips/site_257_item_1539378/site_257_item_1539378_clip_017.webm,245.412,263.314,17.903,night,winter,-0.5,0.866025,0.0,-1.0,winter_night
1539378_clip020_s000,resources/site_257_bowra-dry-a/downloaded_clips/site_257_item_1539378/site_257_item_1539378_clip_020.webm,40.147,50.55,10.403,night,winter,-0.5,0.866025,0.0,-1.0,winter_night
1539575_clip001_s000,resources/site_257_bowra-dry-a/downloaded_clips/site_257_item_1539575/site_257_item_1539575_clip_001.webm,123.646,135.605,11.958,night,winter,-0.5,0.866025,-0.5,-0.866025,winter_night
1539575_clip001_s001,resources/site_257_bowra-dry-a/downloaded_clips/site_257_item_1539575/site_257_item_1539575_clip_001.webm,178.306,191.541,13.235,night,winter,-0.5,0.866025,-0.5,-0.866025,winter_night
1539575_clip003_s000,resources/site_257_bowra-dry-a/downloaded_clips/site_257_item_1539575/site_257_item_1539575_clip_003.webm,13.7,25.17,11.471,night,winter,-0.5,0.866025,-0.5,-0.866025,winter_night
1539575_clip005_s000,resources/site_257_bowra-dry-a/downloaded_clips/site_257_item_1539575/site_257_item_1539575_clip_005.webm,211.673,224.746,13.073,night,winter,-0.5,0.866025,-0.5,-0.866025,winter_night
1539575_clip006_s000,resources/site_257_bowra-dry-a/downloaded_clips/site_257_item_1539575/site_257_item_1539575_clip_006.webm,5.178,18.715,13.537,night,winter,-0.5,0.866025,-0.5,-0.866025,winter_night
1539575_clip006_s001,resources/site_257_bowra-dry-a/downloaded_clips/site_257_item_1539575/site_257_item_1539575_clip_006.webm,209.49,221.286,11.796,night,winter,-0.5,0.866025,-0.5,-0.866025,winter_night
1539575_clip006_s002,resources/site_257_bowra-dry-a/downloaded_clips/site_257_item_1539575/site_257_item_1539575_clip_006.webm,284.979,295.474,10.495,night,winter,-0.5,0.866025,-0.5,-0.866025,winter_night
1539575_clip007_s000,resources/site_257_bowra-dry-a/downloaded_clips/site_257_item_1539575/site_257_item_1539575_clip_007.webm,107.926,118.886,10.96,night,winter,-0.5,0.866025,-0.5,-0.866025,winter_night
1539575_clip009_s000,resources/site_257_bowra-dry-a/downloaded_clips/site_257_item_1539575/site_257_item_1539575_clip_009.webm,222.912,234.475,11.564,night,winter,-0.5,0.866025,-0.5,-0.866025,winter_night
1539575_clip009_s001,resources/site_257_bowra-dry-a/downloaded_clips/site_257_item_1539575/site_257_item_1539575_clip_009.webm,234.684,244.692,10.008,night,winter,-0.5,0.866025,-0.5,-0.866025,winter_night
1539575_clip012_s000,resources/site_257_bowra-dry-a/downloaded_clips/site_257_item_1539575/site_257_item_1539575_clip_012.webm,249.104,263.941,14.838,night,winter,-0.5,0.866025,-0.5,-0.866025,winter_night
1539575_clip018_s000,resources/site_257_bowra-dry-a/downloaded_clips/site_257_item_1539575/site_257_item_1539575_clip_018.webm,27.028,39.126,12.098,night,winter,-0.5,0.866025,-0.5,-0.866025,winter_night
1539575_clip018_s001,resources/site_257_bowra-dry-a/downloaded_clips/site_257_item_1539575/site_257_item_1539575_clip_018.webm,256.139,267.308,11.169,night,winter,-0.5,0.866025,-0.5,-0.866025,winter_night
1539575_clip020_s000,resources/site_257_bowra-dry-a/downloaded_clips/site_257_item_1539575/site_257_item_1539575_clip_020.webm,139.134,150.256,11.122,night,winter,-0.5,0.866025,-0.5,-0.866025,winter_night
1539575_clip022_s000,resources/site_257_bowra-dry-a/downloaded_clips/site_257_item_1539575/site_257_item_1539575_clip_022.webm,50.875,67.222,16.347,night,winter,-0.5,0.866025,-0.5,-0.866025,winter_night
1539575_clip022_s001,resources/site_257_bowra-dry-a/downloaded_clips/site_257_item_1539575/site_257_item_1539575_clip_022.webm,196.371,211.464,15.093,night,winter,-0.5,0.866025,-0.5,-0.866025,winter_night
1539575_clip022_s002,resources/site_257_bowra-dry-a/downloaded_clips/site_257_item_1539575/site_257_item_1539575_clip_022.webm,288.09,298.167,10.077,night,winter,-0.5,0.866025,-0.5,-0.866025,winter_night
1539575_clip023_s000,resources/site_257_bowra-dry-a/downloaded_clips/site_257_item_1539575/site_257_item_1539575_clip_023.webm,99.753,114.59,14.838,night,winter,-0.5,0.866025,-0.5,-0.866025,winter_night
1539575_clip023_s001,resources/site_257_bowra-dry-a/downloaded_clips/site_257_item_1539575/site_257_item_1539575_clip_023.webm,242.881,263.152,20.271,night,winter,-0.5,0.866025,-0.5,-0.866025,winter_night
1539575_clip024_s000,resources/site_257_bowra-dry-a/downloaded_clips/site_257_item_1539575/site_257_item_1539575_clip_024.webm,100.984,116.448,15.464,night,winter,-0.5,0.866025,-0.5,-0.866025,winter_night
1539757_clip001_s000,resources/site_257_bowra-dry-a/downloaded_clips/site_257_item_1539757/site_257_item_1539757_clip_001.webm,217.664,230.342,12.678,night,winter,-0.5,0.866025,0.0,-1.0,winter_night
1539757_clip002_s000,resources/site_257_bowra-dry-a/downloaded_clips/site_257_item_1539757/site_257_item_1539757_clip_002.webm,64.668,78.065,13.398,night,winter,-0.5,0.866025,0.0,-1.0,winter_night
1539757_clip002_s001,resources/site_257_bowra-dry-a/downloaded_clips/site_257_item_1539757/site_257_item_1539757_clip_002.webm,242.765,256.975,14.211,night,winter,-0.5,0.866025,0.0,-1.0,winter_night
1539757_clip003_s000,resources/site_257_bowra-dry-a/downloaded_clips/site_257_item_1539757/site_257_item_1539757_clip_003.webm,3.506,13.7,10.194,night,winter,-0.5,0.866025,0.0,-1.0,winter_night
1539757_clip004_s000,resources/site_257_bowra-dry-a/downloaded_clips/site_257_item_1539757/site_257_item_1539757_clip_004.webm,0.139,11.192,11.053,night,winter,-0.5,0.866025,0.0,-1.0,winter_night
1539757_clip004_s001,resources/site_257_bowra-dry-a/downloaded_clips/site_257_item_1539757/site_257_item_1539757_clip_004.webm,263.245,278.872,15.627,night,winter,-0.5,0.866025,0.0,-1.0,winter_night
1539757_clip005_s000,resources/site_257_bowra-dry-a/downloaded_clips/site_257_item_1539757/site_257_item_1539757_clip_005.webm,45.418,55.612,10.194,night,winter,-0.5,0.866025,0.0,-1.0,winter_night
1539757_clip006_s000,resources/site_257_bowra-dry-a/downloaded_clips/site_257_item_1539757/site_257_item_1539757_clip_006.webm,168.693,178.863,10.17,night,winter,-0.5,0.866025,0.0,-1.0,winter_night
1539757_clip007_s000,resources/site_257_bowra-dry-a/downloaded_clips/site_257_item_1539757/site_257_item_1539757_clip_007.webm,132.354,148.352,15.999,night,winter,-0.5,0.866025,0.0,-1.0,winter_night
1539757_clip007_s001,resources/site_257_bowra-dry-a/downloaded_clips/site_257_item_1539757/site_257_item_1539757_clip_007.webm,229.599,239.746,10.147,night,winter,-0.5,0.866025,0.0,-1.0,winter_night
1539757_clip008_s000,resources/site_257_bowra-dry-a/downloaded_clips/site_257_item_1539757/site_257_item_1539757_clip_008.webm,106.998,119.722,12.725,night,winter,-0.5,0.866025,0.0,-1.0,winter_night
1539757_clip008_s001,resources/site_257_bowra-dry-a/downloaded_clips/site_257_item_1539757/site_257_item_1539757_clip_008.webm,272.393,285.327,12.934,night,winter,-0.5,0.866025,0.0,-1.0,winter_night
1539757_clip015_s000,resources/site_257_bowra-dry-a/downloaded_clips/site_257_item_1539757/site_257_item_1539757_clip_015.webm,266.054,276.225,10.17,night,winter,-0.5,0.866025,0.0,-1.0,winter_night
1539757_clip017_s000,resources/site_257_bowra-dry-a/downloaded_clips/site_257_item_1539757/site_257_item_1539757_clip_017.webm,89.327,105.929,16.602,night,winter,-0.5,0.866025,0.0,-1.0,winter_night
1539757_clip018_s000,resources/site_257_bowra-dry-a/downloaded_clips/site_257_item_1539757/site_257_item_1539757_clip_018.webm,53.336,64.157,10.82,night,winter,-0.5,0.866025,0.0,-1.0,winter_night
1539757_clip019_s000,resources/site_257_bowra-dry-a/downloaded_clips/site_257_item_1539757/site_257_item_1539757_clip_019.webm,209.49,220.52,11.029,night,winter,-0.5,0.866025,0.0,-1.0,winter_night
1539757_clip021_s000,resources/site_257_bowra-dry-a/downloaded_clips/site_257_item_1539757/site_257_item_1539757_clip_021.webm,144.776,156.851,12.074,night,winter,-0.5,0.866025,0.0,-1.0,winter_night
1539757_clip022_s000,resources/site_257_bowra-dry-a/downloaded_clips/site_257_item_1539757/site_257_item_1539757_clip_022.webm,59.907,76.324,16.417,night,winter,-0.5,0.866025,0.0,-1.0,winter_night
1539757_clip023_s000,resources/site_257_bowra-dry-a/downloaded_clips/site_257_item_1539757/site_257_item_1539757_clip_023.webm,24.729,41.285,16.556,night,winter,-0.5,0.866025,0.0,-1.0,winter_night
1539757_clip023_s001,resources/site_257_bowra-dry-a/downloaded_clips/site_257_item_1539757/site_257_item_1539757_clip_023.webm,41.517,53.034,11.517,night,winter,-0.5,0.866025,0.0,-1.0,winter_night
1539757_clip023_s002,resources/site_257_bowra-dry-a/downloaded_clips/site_257_item_1539757/site_257_item_1539757_clip_023.webm,125.179,137.276,12.098,night,winter,-0.5,0.866025,0.0,-1.0,winter_night
1539757_clip023_s003,resources/site_257_bowra-dry-a/downloaded_clips/site_257_item_1539757/site_257_item_1539757_clip_023.webm,182.532,193.051,10.519,night,winter,-0.5,0.866025,0.0,-1.0,winter_night
1534249_clip019_s000,resources/site_257_bowra-dry-a/downloaded_clips/site_257_item_1534249/site_257_item_1534249_clip_019.webm,44.025,54.474,10.449,night,winter,-0.5,0.866025,-0.5,-0.866025,winter_night
1534249_clip022_s000,resources/site_257_bowra-dry-a/downloaded_clips/site_257_item_1534249/site_257_item_1534249_clip_022.webm,31.068,47.137,16.068,night,winter,-0.5,0.866025,-0.5,-0.866025,winter_night
1535659_clip001_s000,resources/site_257_bowra-dry-a/downloaded_clips/site_257_item_1535659/site_257_item_1535659_clip_001.webm,153.414,167.3,13.886,night,winter,-0.5,0.866025,-0.866025,-0.5,winter_night
1535659_clip002_s000,resources/site_257_bowra-dry-a/downloaded_clips/site_257_item_1535659/site_257_item_1535659_clip_002.webm,193.051,204.545,11.494,night,winter,-0.5,0.866025,-0.866025,-0.5,winter_night
1535659_clip003_s000,resources/site_257_bowra-dry-a/downloaded_clips/site_257_item_1535659/site_257_item_1535659_clip_003.webm,23.197,34.18,10.983,night,winter,-0.5,0.866025,-0.866025,-0.5,winter_night
1535659_clip003_s001,resources/site_257_bowra-dry-a/downloaded_clips/site_257_item_1535659/site_257_item_1535659_clip_003.webm,162.307,173.151,10.844,night,winter,-0.5,0.866025,-0.866025,-0.5,winter_night
1535659_clip004_s000,resources/site_257_bowra-dry-a/downloaded_clips/site_257_item_1535659/site_257_item_1535659_clip_004.webm,287.022,298.539,11.517,night,winter,-0.5,0.866025,-0.866025,-0.5,winter_night
1535659_clip005_s000,resources/site_257_bowra-dry-a/downloaded_clips/site_257_item_1535659/site_257_item_1535659_clip_005.webm,195.605,205.729,10.124,night,winter,-0.5,0.866025,-0.866025,-0.5,winter_night
1535659_clip007_s000,resources/site_257_bowra-dry-a/downloaded_clips/site_257_item_1535659/site_257_item_1535659_clip_007.webm,56.587,67.617,11.029,night,winter,-0.5,0.866025,-0.866025,-0.5,winter_night
1535659_clip007_s001,resources/site_257_bowra-dry-a/downloaded_clips/site_257_item_1535659/site_257_item_1535659_clip_007.webm,81.363,92.067,10.704,night,winter,-0.5,0.866025,-0.866025,-0.5,winter_night
1535659_clip017_s000,resources/site_257_bowra-dry-a/downloaded_clips/site_257_item_1535659/site_257_item_1535659_clip_017.webm,159.335,170.179,10.844,night,winter,-0.5,0.866025,-0.866025,-0.5,winter_night
1535659_clip019_s000,resources/site_257_bowra-dry-a/downloaded_clips/site_257_item_1535659/site_257_item_1535659_clip_019.webm,52.245,70.101,17.856,night,winter,-0.5,0.866025,-0.866025,-0.5,winter_night
1535659_clip019_s001,resources/site_257_bowra-dry-a/downloaded_clips/site_257_item_1535659/site_257_item_1535659_clip_019.webm,118.05,128.221,10.17,night,winter,-0.5,0.866025,-0.866025,-0.5,winter_night
1535659_clip021_s000,resources/site_257_bowra-dry-a/downloaded_clips/site_257_item_1535659/site_257_item_1535659_clip_021.webm,186.456,200.133,13.677,night,winter,-0.5,0.866025,-0.866025,-0.5,winter_night
1535659_clip023_s000,resources/site_257_bowra-dry-a/downloaded_clips/site_257_item_1535659/site_257_item_1535659_clip_023.webm,184.552,195.117,10.565,night,winter,-0.5,0.866025,-0.866025,-0.5,winter_night
1535659_clip024_s000,resources/site_257_bowra-dry-a/downloaded_clips/site_257_item_1535659/site_257_item_1535659_clip_024.webm,23.499,33.808,10.31,night,winter,-0.5,0.866025,-0.866025,-0.5,winter_night
1535659_clip024_s001,resources/site_257_bowra-dry-a/downloaded_clips/site_257_item_1535659/site_257_item_1535659_clip_024.webm,51.85,63.414,11.564,night,winter,-0.5,0.866025,-0.866025,-0.5,winter_night
1535659_clip024_s002,resources/site_257_bowra-dry-a/downloaded_clips/site_257_item_1535659/site_257_item_1535659_clip_024.webm,272.115,283.005,10.89,night,winter,-0.5,0.866025,-0.866025,-0.5,winter_night
1536094_clip001_s000,resources/site_257_bowra-dry-a/downloaded_clips/site_257_item_1536094/site_257_item_1536094_clip_001.webm,52.918,63.483,10.565,night,winter,-0.5,0.866025,-0.866025,-0.5,winter_night
1536094_clip016_s000,resources/site_257_bowra-dry-a/downloaded_clips/site_257_item_1536094/site_257_item_1536094_clip_016.webm,220.52,234.847,14.327,night,winter,-0.5,0.866025,-0.866025,-0.5,winter_night
1536310_clip005_s000,resources/site_257_bowra-dry-a/downloaded_clips/site_257_item_1536310/site_257_item_1536310_clip_005.webm,214.46,225.071,10.612,night,winter,-0.5,0.866025,-0.866025,-0.5,winter_night
1536310_clip007_s000,resources/site_257_bowra-dry-a/downloaded_clips/site_257_item_1536310/site_257_item_1536310_clip_007.webm,217.432,228.6,11.169,night,winter,-0.5,0.866025,-0.866025,-0.5,winter_night
1536310_clip009_s000,resources/site_257_bowra-dry-a/downloaded_clips/site_257_item_1536310/site_257_item_1536310_clip_009.webm,47.647,58.445,10.797,night,winter,-0.5,0.866025,-0.866025,-0.5,winter_night
1536310_clip016_s000,resources/site_257_bowra-dry-a/downloaded_clips/site_257_item_1536310/site_257_item_1536310_clip_016.webm,155.713,166.417,10.704,night,winter,-0.5,0.866025,-0.866025,-0.5,winter_night
1536310_clip020_s000,resources/site_257_bowra-dry-a/downloaded_clips/site_257_item_1536310/site_257_item_1536310_clip_020.webm,49.459,61.672,12.214,night,winter,-0.5,0.866025,-0.866025,-0.5,winter_night
1539260_clip008_s000,resources/site_257_bowra-dry-a/downloaded_clips/site_257_item_1539260/site_257_item_1539260_clip_008.webm,198.531,209.142,10.612,night,winter,-0.5,0.866025,-0.5,-0.866025,winter_night
1539260_clip014_s000,resources/site_257_bowra-dry-a/downloaded_clips/site_257_item_1539260/site_257_item_1539260_clip_014.webm,281.704,292.688,10.983,night,winter,-0.5,0.866025,-0.5,-0.866025,winter_night
1539260_clip020_s000,resources/site_257_bowra-dry-a/downloaded_clips/site_257_item_1539260/site_257_item_1539260_clip_020.webm,248.709,264.684,15.975,night,winter,-0.5,0.866025,-0.5,-0.866025,winter_night
1539260_clip020_s001,resources/site_257_bowra-dry-a/downloaded_clips/site_257_item_1539260/site_257_item_1539260_clip_020.webm,264.916,280.892,15.975,night,winter,-0.5,0.866025,-0.5,-0.866025,winter_night
1539260_clip024_s000,resources/site_257_bowra-dry-a/downloaded_clips/site_257_item_1539260/site_257_item_1539260_clip_024.webm,140.179,152.091,11.912,night,winter,-0.5,0.866025,-0.5,-0.866025,winter_night
1539260_clip024_s001,resources/site_257_bowra-dry-a/downloaded_clips/site_257_item_1539260/site_257_item_1539260_clip_024.webm,152.3,162.377,10.077,night,winter,-0.5,0.866025,-0.5,-0.866025,winter_night
1539260_clip024_s002,resources/site_257_bowra-dry-a/downloaded_clips/site_257_item_1539260/site_257_item_1539260_clip_024.webm,278.082,288.81,10.728,night,winter,-0.5,0.866025,-0.5,-0.866025,winter_night
1539268_clip016_s000,resources/site_257_bowra-dry-a/downloaded_clips/site_257_item_1539268/site_257_item_1539268_clip_016.webm,210.675,225.535,14.861,night,winter,-0.5,0.866025,-0.5,-0.866025,winter_night
1539268_clip017_s000,resources/site_257_bowra-dry-a/downloaded_clips/site_257_item_1539268/site_257_item_1539268_clip_017.webm,183.113,195.187,12.074,night,winter,-0.5,0.866025,-0.5,-0.866025,winter_night
1539268_clip018_s000,resources/site_257_bowra-dry-a/downloaded_clips/site_257_item_1539268/site_257_item_1539268_clip_018.webm,82.849,93.228,10.379,night,winter,-0.5,0.866025,-0.5,-0.866025,winter_night
1539268_clip018_s001,resources/site_257_bowra-dry-a/downloaded_clips/site_257_item_1539268/site_257_item_1539268_clip_018.webm,185.086,198.995,13.909,night,winter,-0.5,0.866025,-0.5,-0.866025,winter_night
1539268_clip020_s000,resources/site_257_bowra-dry-a/downloaded_clips/site_257_item_1539268/site_257_item_1539268_clip_020.webm,55.171,65.62,10.449,night,winter,-0.5,0.866025,-0.5,-0.866025,winter_night
1539268_clip020_s001,resources/site_257_bowra-dry-a/downloaded_clips/site_257_item_1539268/site_257_item_1539268_clip_020.webm,181.0,195.28,14.28,night,winter,-0.5,0.866025,-0.5,-0.866025,winter_night
1539268_clip022_s000,resources/site_257_bowra-dry-a/downloaded_clips/site_257_item_1539268/site_257_item_1539268_clip_022.webm,133.538,145.078,11.54,night,winter,-0.5,0.866025,-0.5,-0.866025,winter_night
1539268_clip022_s001,resources/site_257_bowra-dry-a/downloaded_clips/site_257_item_1539268/site_257_item_1539268_clip_022.webm,154.506,165.256,10.751,night,winter,-0.5,0.866025,-0.5,-0.866025,winter_night
1539268_clip023_s000,resources/site_257_bowra-dry-a/downloaded_clips/site_257_item_1539268/site_257_item_1539268_clip_023.webm,16.951,27.841,10.89,night,winter,-0.5,0.866025,-0.5,-0.866025,winter_night
1539268_clip024_s000,resources/site_257_bowra-dry-a/downloaded_clips/site_257_item_1539268/site_257_item_1539268_clip_024.webm,103.375,114.823,11.447,night,winter,-0.5,0.866025,-0.5,-0.866025,winter_night
1539638_clip003_s000,resources/site_257_bowra-dry-a/downloaded_clips/site_257_item_1539638/site_257_item_1539638_clip_003.webm,18.344,30.697,12.353,night,winter,-0.5,0.866025,-0.5,-0.866025,winter_night
1539638_clip003_s001,resources/site_257_bowra-dry-a/downloaded_clips/site_257_item_1539638/site_257_item_1539638_clip_003.webm,193.26,204.661,11.401,night,winter,-0.5,0.866025,-0.5,-0.866025,winter_night
1539638_clip003_s002,resources/site_257_bowra-dry-a/downloaded_clips/site_257_item_1539638/site_257_item_1539638_clip_003.webm,269.096,281.194,12.098,night,winter,-0.5,0.866025,-0.5,-0.866025,winter_night
1539638_clip004_s000,resources/site_257_bowra-dry-a/downloaded_clips/site_257_item_1539638/site_257_item_1539638_clip_004.webm,225.837,237.029,11.192,night,winter,-0.5,0.866025,-0.5,-0.866025,winter_night
1539638_clip005_s000,resources/site_257_bowra-dry-a/downloaded_clips/site_257_item_1539638/site_257_item_1539638_clip_005.webm,144.405,159.544,15.139,night,winter,-0.5,0.866025,-0.5,-0.866025,winter_night
1539638_clip005_s001,resources/site_257_bowra-dry-a/downloaded_clips/site_257_item_1539638/site_257_item_1539638_clip_005.webm,268.91,281.797,12.887,night,winter,-0.5,0.866025,-0.5,-0.866025,winter_night
1539638_clip006_s000,resources/site_257_bowra-dry-a/downloaded_clips/site_257_item_1539638/site_257_item_1539638_clip_006.webm,0.139,11.099,10.96,night,winter,-0.5,0.866025,-0.5,-0.866025,winter_night
1539638_clip006_s001,resources/site_257_bowra-dry-a/downloaded_clips/site_257_item_1539638/site_257_item_1539638_clip_006.webm,164.095,182.811,18.715,night,winter,-0.5,0.866025,-0.5,-0.866025,winter_night
1539638_clip007_s000,resources/site_257_bowra-dry-a/downloaded_clips/site_257_item_1539638/site_257_item_1539638_clip_007.webm,251.611,266.17,14.559,night,winter,-0.5,0.866025,-0.5,-0.866025,winter_night
1539638_clip008_s000,resources/site_257_bowra-dry-a/downloaded_clips/site_257_item_1539638/site_257_item_1539638_clip_008.webm,170.086,182.021,11.935,night,winter,-0.5,0.866025,-0.5,-0.866025,winter_night
1539638_clip008_s001,resources/site_257_bowra-dry-a/downloaded_clips/site_257_item_1539638/site_257_item_1539638_clip_008.webm,282.448,293.965,11.517,night,winter,-0.5,0.866025,-0.5,-0.866025,winter_night
1539638_clip009_s000,resources/site_257_bowra-dry-a/downloaded_clips/site_257_item_1539638/site_257_item_1539638_clip_009.webm,150.837,167.741,16.904,night,winter,-0.5,0.866025,-0.5,-0.866025,winter_night
1539638_clip009_s001,resources/site_257_bowra-dry-a/downloaded_clips/site_257_item_1539638/site_257_item_1539638_clip_009.webm,270.721,283.771,13.05,night,winter,-0.5,0.866025,-0.5,-0.866025,winter_night
1539638_clip010_s000,resources/site_257_bowra-dry-a/downloaded_clips/site_257_item_1539638/site_257_item_1539638_clip_010.webm,255.861,269.444,13.584,night,winter,-0.5,0.866025,-0.5,-0.866025,winter_night
1539638_clip010_s001,resources/site_257_bowra-dry-a/downloaded_clips/site_257_item_1539638/site_257_item_1539638_clip_010.webm,278.756,291.016,12.26,night,winter,-0.5,0.866025,-0.5,-0.866025,winter_night
1539638_clip011_s000,resources/site_257_bowra-dry-a/downloaded_clips/site_257_item_1539638/site_257_item_1539638_clip_011.webm,0.139,12.376,12.237,night,winter,-0.5,0.866025,-0.5,-0.866025,winter_night
1539638_clip011_s001,resources/site_257_bowra-dry-a/downloaded_clips/site_257_item_1539638/site_257_item_1539638_clip_011.webm,58.723,69.846,11.122,night,winter,-0.5,0.866025,-0.5,-0.866025,winter_night
1539638_clip011_s002,resources/site_257_bowra-dry-a/downloaded_clips/site_257_item_1539638/site_257_item_1539638_clip_011.webm,230.922,243.531,12.608,night,winter,-0.5,0.866025,-0.5,-0.866025,winter_night
1539638_clip011_s003,resources/site_257_bowra-dry-a/downloaded_clips/site_257_item_1539638/site_257_item_1539638_clip_011.webm,248.964,269.142,20.178,night,winter,-0.5,0.866025,-0.5,-0.866025,winter_night
1539638_clip013_s000,resources/site_257_bowra-dry-a/downloaded_clips/site_257_item_1539638/site_257_item_1539638_clip_013.webm,177.911,189.01,11.099,night,winter,-0.5,0.866025,-0.5,-0.866025,winter_night
1539638_clip014_s000,resources/site_257_bowra-dry-a/downloaded_clips/site_257_item_1539638/site_257_item_1539638_clip_014.webm,3.599,14.466,10.867,night,winter,-0.5,0.866025,-0.5,-0.866025,winter_night
1539638_clip014_s001,resources/site_257_bowra-dry-a/downloaded_clips/site_257_item_1539638/site_257_item_1539638_clip_014.webm,72.934,90.976,18.042,night,winter,-0.5,0.866025,-0.5,-0.866025,winter_night
1539638_clip014_s002,resources/site_257_bowra-dry-a/downloaded_clips/site_257_item_1539638/site_257_item_1539638_clip_014.webm,198.159,208.237,10.077,night,winter,-0.5,0.866025,-0.5,-0.866025,winter_night
1539638_clip014_s003,resources/site_257_bowra-dry-a/downloaded_clips/site_257_item_1539638/site_257_item_1539638_clip_014.webm,244.529,261.016,16.486,night,winter,-0.5,0.866025,-0.5,-0.866025,winter_night
1539638_clip015_s000,resources/site_257_bowra-dry-a/downloaded_clips/site_257_item_1539638/site_257_item_1539638_clip_015.webm,74.861,85.682,10.82,night,winter,-0.5,0.866025,-0.5,-0.866025,winter_night
1539638_clip015_s001,resources/site_257_bowra-dry-a/downloaded_clips/site_257_item_1539638/site_257_item_1539638_clip_015.webm,230.458,244.019,13.56,night,winter,-0.5,0.866025,-0.5,-0.866025,winter_night
1539638_clip021_s000,resources/site_257_bowra-dry-a/downloaded_clips/site_257_item_1539638/site_257_item_1539638_clip_021.webm,83.081,95.062,11.981,night,winter,-0.5,0.866025,-0.5,-0.866025,winter_night
1539679_clip002_s000,resources/site_257_bowra-dry-a/downloaded_clips/site_257_item_1539679/site_257_item_1539679_clip_002.webm,227.579,238.399,10.82,night,winter,-0.5,0.866025,-0.866025,-0.5,winter_night
1539679_clip009_s000,resources/site_257_bowra-dry-a/downloaded_clips/site_257_item_1539679/site_257_item_1539679_clip_009.webm,58.468,69.753,11.285,night,winter,-0.5,0.866025,-0.866025,-0.5,winter_night
1539679_clip012_s000,resources/site_257_bowra-dry-a/downloaded_clips/site_257_item_1539679/site_257_item_1539679_clip_012.webm,241.279,252.331,11.053,night,winter,-0.5,0.866025,-0.866025,-0.5,winter_night
1539679_clip017_s000,resources/site_257_bowra-dry-a/downloaded_clips/site_257_item_1539679/site_257_item_1539679_clip_017.webm,26.587,36.827,10.24,night,winter,-0.5,0.866025,-0.866025,-0.5,winter_night
1540014_clip008_s000,resources/site_257_bowra-dry-a/downloaded_clips/site_257_item_1540014/site_257_item_1540014_clip_008.webm,150.024,163.143,13.119,night,winter,-0.5,0.866025,-0.866025,-0.5,winter_night
1540014_clip008_s001,resources/site_257_bowra-dry-a/downloaded_clips/site_257_item_1540014/site_257_item_1540014_clip_008.webm,260.342,274.483,14.141,night,winter,-0.5,0.866025,-0.866025,-0.5,winter_night
1540014_clip012_s000,resources/site_257_bowra-dry-a/downloaded_clips/site_257_item_1540014/site_257_item_1540014_clip_012.webm,76.951,87.191,10.24,night,winter,-0.5,0.866025,-0.866025,-0.5,winter_night
1540014_clip012_s001,resources/site_257_bowra-dry-a/downloaded_clips/site_257_item_1540014/site_257_item_1540014_clip_012.webm,181.998,197.045,15.047,night,winter,-0.5,0.866025,-0.866025,-0.5,winter_night
1540014_clip019_s000,resources/site_257_bowra-dry-a/downloaded_clips/site_257_item_1540014/site_257_item_1540014_clip_019.webm,26.262,38.313,12.051,night,winter,-0.5,0.866025,-0.866025,-0.5,winter_night
1535818_clip001_s000,resources/site_257_bowra-dry-a/downloaded_clips/site_257_item_1535818/site_257_item_1535818_clip_001.webm,163.956,174.869,10.913,night,winter,-0.258819,0.965926,-0.866025,-0.5,winter_night
1535818_clip003_s000,resources/site_257_bowra-dry-a/downloaded_clips/site_257_item_1535818/site_257_item_1535818_clip_003.webm,87.47,99.056,11.587,night,winter,-0.258819,0.965926,-0.866025,-0.5,winter_night
1536084_clip011_s000,resources/site_257_bowra-dry-a/downloaded_clips/site_257_item_1536084/site_257_item_1536084_clip_011.webm,209.374,221.077,11.703,night,winter,-0.5,0.866025,-0.866025,-0.5,winter_night
1536084_clip012_s000,resources/site_257_bowra-dry-a/downloaded_clips/site_257_item_1536084/site_257_item_1536084_clip_012.webm,176.379,188.407,12.028,night,winter,-0.5,0.866025,-0.866025,-0.5,winter_night
1536084_clip013_s000,resources/site_257_bowra-dry-a/downloaded_clips/site_257_item_1536084/site_257_item_1536084_clip_013.webm,65.109,77.648,12.539,night,winter,-0.5,0.866025,-0.866025,-0.5,winter_night
1536084_clip013_s001,resources/site_257_bowra-dry-a/downloaded_clips/site_257_item_1536084/site_257_item_1536084_clip_013.webm,109.482,121.882,12.399,night,winter,-0.5,0.866025,-0.866025,-0.5,winter_night
1672736_clip006_s000,resources/site_257_bowra-dry-a/downloaded_clips/site_257_item_1672736/site_257_item_1672736_clip_006.webm,143.639,153.763,10.124,night,winter,-0.5,0.866025,0.0,-1.0,winter_night
1672736_clip009_s000,resources/site_257_bowra-dry-a/downloaded_clips/site_257_item_1672736/site_257_item_1672736_clip_009.webm,153.507,165.744,12.237,night,winter,-0.5,0.866025,0.0,-1.0,winter_night
1672736_clip012_s000,resources/site_257_bowra-dry-a/downloaded_clips/site_257_item_1672736/site_257_item_1672736_clip_012.webm,41.703,54.706,13.003,night,winter,-0.5,0.866025,0.0,-1.0,winter_night
1672736_clip012_s001,resources/site_257_bowra-dry-a/downloaded_clips/site_257_item_1672736/site_257_item_1672736_clip_012.webm,64.528,78.576,14.048,night,winter,-0.5,0.866025,0.0,-1.0,winter_night
1672736_clip012_s002,resources/site_257_bowra-dry-a/downloaded_clips/site_257_item_1672736/site_257_item_1672736_clip_012.webm,155.086,168.53,13.444,night,winter,-0.5,0.866025,0.0,-1.0,winter_night
1672736_clip015_s000,resources/site_257_bowra-dry-a/downloaded_clips/site_257_item_1672736/site_257_item_1672736_clip_015.webm,71.425,82.477,11.053,night,winter,-0.5,0.866025,0.0,-1.0,winter_night
1672736_clip017_s000,resources/site_257_bowra-dry-a/downloaded_clips/site_257_item_1672736/site_257_item_1672736_clip_017.webm,253.864,267.447,13.584,night,winter,-0.5,0.866025,0.0,-1.0,winter_night
1681456_clip002_s000,resources/site_257_bowra-dry-a/downloaded_clips/site_257_item_1681456/site_257_item_1681456_clip_002.webm,4.249,17.694,13.444,night,winter,-0.5,0.866025,0.0,-1.0,winter_night
1681456_clip002_s001,resources/site_257_bowra-dry-a/downloaded_clips/site_257_item_1681456/site_257_item_1681456_clip_002.webm,261.689,271.906,10.217,night,winter,-0.5,0.866025,0.0,-1.0,winter_night
1681456_clip003_s000,resources/site_257_bowra-dry-a/downloaded_clips/site_257_item_1681456/site_257_item_1681456_clip_003.webm,98.011,110.829,12.817,night,winter,-0.5,0.866025,0.0,-1.0,winter_night
1681456_clip006_s000,resources/site_257_bowra-dry-a/downloaded_clips/site_257_item_1681456/site_257_item_1681456_clip_006.webm,92.74,104.815,12.074,night,winter,-0.5,0.866025,0.0,-1.0,winter_night
1681456_clip006_s001,resources/site_257_bowra-dry-a/downloaded_clips/site_257_item_1681456/site_257_item_1681456_clip_006.webm,178.492,191.866,13.375,night,winter,-0.5,0.866025,0.0,-1.0,winter_night
1681456_clip008_s000,resources/site_257_bowra-dry-a/downloaded_clips/site_257_item_1681456/site_257_item_1681456_clip_008.webm,202.617,216.573,13.955,night,winter,-0.5,0.866025,0.0,-1.0,winter_night
1681456_clip011_s000,resources/site_257_bowra-dry-a/downloaded_clips/site_257_item_1681456/site_257_item_1681456_clip_011.webm,191.17,205.334,14.164,night,winter,-0.5,0.866025,0.0,-1.0,winter_night
1681456_clip011_s001,resources/site_257_bowra-dry-a/downloaded_clips/site_257_item_1681456/site_257_item_1681456_clip_011.webm,285.42,295.729,10.31,night,winter,-0.5,0.866025,0.0,-1.0,winter_night
1681456_clip015_s000,resources/site_257_bowra-dry-a/downloaded_clips/site_257_item_1681456/site_257_item_1681456_clip_015.webm,3.738,18.599,14.861,night,winter,-0.5,0.866025,0.0,-1.0,winter_night
1681456_clip015_s001,resources/site_257_bowra-dry-a/downloaded_clips/site_257_item_1681456/site_257_item_1681456_clip_015.webm,64.877,80.039,15.163,night,winter,-0.5,0.866025,0.0,-1.0,winter_night
1681456_clip015_s002,resources/site_257_bowra-dry-a/downloaded_clips/site_257_item_1681456/site_257_item_1681456_clip_015.webm,245.574,259.715,14.141,night,winter,-0.5,0.866025,0.0,-1.0,winter_night
1681456_clip016_s000,resources/site_257_bowra-dry-a/downloaded_clips/site_257_item_1681456/site_257_item_1681456_clip_016.webm,116.332,130.937,14.605,night,winter,-0.5,0.866025,0.0,-1.0,winter_night
1681456_clip016_s001,resources/site_257_bowra-dry-a/downloaded_clips/site_257_item_1681456/site_257_item_1681456_clip_016.webm,210.768,222.819,12.051,night,winter,-0.5,0.866025,0.0,-1.0,winter_night
1681456_clip017_s000,resources/site_257_bowra-dry-a/downloaded_clips/site_257_item_1681456/site_257_item_1681456_clip_017.webm,277.757,287.835,10.077,night,winter,-0.5,0.866025,0.0,-1.0,winter_night
1681456_clip019_s000,resources/site_257_bowra-dry-a/downloaded_clips/site_257_item_1681456/site_257_item_1681456_clip_019.webm,271.464,282.982,11.517,night,winter,-0.5,0.866025,0.0,-1.0,winter_night
1681456_clip020_s000,resources/site_257_bowra-dry-a/downloaded_clips/site_257_item_1681456/site_257_item_1681456_clip_020.webm,69.683,79.807,10.124,night,winter,-0.5,0.866025,0.0,-1.0,winter_night
1681456_clip020_s001,resources/site_257_bowra-dry-a/downloaded_clips/site_257_item_1681456/site_257_item_1681456_clip_020.webm,120.581,130.891,10.31,night,winter,-0.5,0.866025,0.0,-1.0,winter_night
1681456_clip020_s002,resources/site_257_bowra-dry-a/downloaded_clips/site_257_item_1681456/site_257_item_1681456_clip_020.webm,221.17,237.308,16.138,night,winter,-0.5,0.866025,0.0,-1.0,winter_night
1681456_clip020_s003,resources/site_257_bowra-dry-a/downloaded_clips/site_257_item_1681456/site_257_item_1681456_clip_020.webm,255.512,267.447,11.935,night,winter,-0.5,0.866025,0.0,-1.0,winter_night
1681456_clip020_s004,resources/site_257_bowra-dry-a/downloaded_clips/site_257_item_1681456/site_257_item_1681456_clip_020.webm,289.901,299.909,10.008,night,winter,-0.5,0.866025,0.0,-1.0,winter_night
1681456_clip021_s000,resources/site_257_bowra-dry-a/downloaded_clips/site_257_item_1681456/site_257_item_1681456_clip_021.webm,35.689,48.251,12.562,night,winter,-0.5,0.866025,0.0,-1.0,winter_night
1681456_clip021_s001,resources/site_257_bowra-dry-a/downloaded_clips/site_257_item_1681456/site_257_item_1681456_clip_021.webm,127.338,137.694,10.356,night,winter,-0.5,0.866025,0.0,-1.0,winter_night
1681456_clip021_s002,resources/site_257_bowra-dry-a/downloaded_clips/site_257_item_1681456/site_257_item_1681456_clip_021.webm,275.737,286.209,10.472,night,winter,-0.5,0.866025,0.0,-1.0,winter_night
1681456_clip023_s000,resources/site_257_bowra-dry-a/downloaded_clips/site_257_item_1681456/site_257_item_1681456_clip_023.webm,119.281,133.724,14.443,night,winter,-0.5,0.866025,0.0,-1.0,winter_night
1681456_clip023_s001,resources/site_257_bowra-dry-a/downloaded_clips/site_257_item_1681456/site_257_item_1681456_clip_023.webm,286.766,298.214,11.447,night,winter,-0.5,0.866025,0.0,-1.0,winter_night
1681456_clip024_s000,resources/site_257_bowra-dry-a/downloaded_clips/site_257_item_1681456/site_257_item_1681456_clip_024.webm,115.194,125.922,10.728,night,winter,-0.5,0.866025,0.0,-1.0,winter_night
1672101_clip001_s000,resources/site_257_bowra-dry-a/downloaded_clips/site_257_item_1672101/site_257_item_1672101_clip_001.webm,6.641,17.183,10.542,night,winter,-0.5,0.866025,0.0,-1.0,winter_night
1672101_clip003_s000,resources/site_257_bowra-dry-a/downloaded_clips/site_257_item_1672101/site_257_item_1672101_clip_003.webm,72.052,85.31,13.259,night,winter,-0.5,0.866025,0.0,-1.0,winter_night
1672101_clip006_s000,resources/site_257_bowra-dry-a/downloaded_clips/site_257_item_1672101/site_257_item_1672101_clip_006.webm,88.677,104.513,15.836,night,winter,-0.5,0.866025,0.0,-1.0,winter_night
1672101_clip006_s001,resources/site_257_bowra-dry-a/downloaded_clips/site_257_item_1672101/site_257_item_1672101_clip_006.webm,124.97,135.024,10.054,night,winter,-0.5,0.866025,0.0,-1.0,winter_night
1672101_clip007_s000,resources/site_257_bowra-dry-a/downloaded_clips/site_257_item_1672101/site_257_item_1672101_clip_007.webm,45.883,64.644,18.762,night,winter,-0.5,0.866025,0.0,-1.0,winter_night
1672101_clip007_s001,resources/site_257_bowra-dry-a/downloaded_clips/site_257_item_1672101/site_257_item_1672101_clip_007.webm,96.015,110.713,14.698,night,winter,-0.5,0.866025,0.0,-1.0,winter_night
1672101_clip007_s002,resources/site_257_bowra-dry-a/downloaded_clips/site_257_item_1672101/site_257_item_1672101_clip_007.webm,244.065,254.584,10.519,night,winter,-0.5,0.866025,0.0,-1.0,winter_night
1672101_clip008_s000,resources/site_257_bowra-dry-a/downloaded_clips/site_257_item_1672101/site_257_item_1672101_clip_008.webm,54.195,66.479,12.283,night,winter,-0.5,0.866025,0.0,-1.0,winter_night
1672101_clip008_s001,resources/site_257_bowra-dry-a/downloaded_clips/site_257_item_1672101/site_257_item_1672101_clip_008.webm,241.162,251.24,10.077,night,winter,-0.5,0.866025,0.0,-1.0,winter_night
1672101_clip008_s002,resources/site_257_bowra-dry-a/downloaded_clips/site_257_item_1672101/site_257_item_1672101_clip_008.webm,275.273,294.266,18.994,night,winter,-0.5,0.866025,0.0,-1.0,winter_night
1672101_clip009_s000,resources/site_257_bowra-dry-a/downloaded_clips/site_257_item_1672101/site_257_item_1672101_clip_009.webm,36.664,48.878,12.214,night,winter,-0.5,0.866025,0.0,-1.0,winter_night
1672101_clip009_s001,resources/site_257_bowra-dry-a/downloaded_clips/site_257_item_1672101/site_257_item_1672101_clip_009.webm,103.004,122.439,19.435,night,winter,-0.5,0.866025,0.0,-1.0,winter_night
1672101_clip010_s000,resources/site_257_bowra-dry-a/downloaded_clips/site_257_item_1672101/site_257_item_1672101_clip_010.webm,0.139,11.587,11.447,night,winter,-0.5,0.866025,0.0,-1.0,winter_night
1672101_clip010_s001,resources/site_257_bowra-dry-a/downloaded_clips/site_257_item_1672101/site_257_item_1672101_clip_010.webm,225.628,237.261,11.633,night,winter,-0.5,0.866025,0.0,-1.0,winter_night
1672101_clip012_s000,resources/site_257_bowra-dry-a/downloaded_clips/site_257_item_1672101/site_257_item_1672101_clip_012.webm,18.367,33.831,15.464,night,winter,-0.5,0.866025,0.0,-1.0,winter_night
1672101_clip012_s001,resources/site_257_bowra-dry-a/downloaded_clips/site_257_item_1672101/site_257_item_1672101_clip_012.webm,121.046,133.004,11.958,night,winter,-0.5,0.866025,0.0,-1.0,winter_night
1672101_clip012_s002,resources/site_257_bowra-dry-a/downloaded_clips/site_257_item_1672101/site_257_item_1672101_clip_012.webm,133.933,144.382,10.449,night,winter,-0.5,0.866025,0.0,-1.0,winter_night
1672101_clip013_s000,resources/site_257_bowra-dry-a/downloaded_clips/site_257_item_1672101/site_257_item_1672101_clip_013.webm,240.814,250.984,10.17,night,winter,-0.5,0.866025,0.0,-1.0,winter_night
1672101_clip014_s000,resources/site_257_bowra-dry-a/downloaded_clips/site_257_item_1672101/site_257_item_1672101_clip_014.webm,1.022,12.051,11.029,night,winter,-0.5,0.866025,0.0,-1.0,winter_night
1672101_clip014_s001,resources/site_257_bowra-dry-a/downloaded_clips/site_257_item_1672101/site_257_item_1672101_clip_014.webm,31.835,41.842,10.008,night,winter,-0.5,0.866025,0.0,-1.0,winter_night
1672101_clip016_s000,resources/site_257_bowra-dry-a/downloaded_clips/site_257_item_1672101/site_257_item_1672101_clip_016.webm,163.027,175.45,12.423,night,winter,-0.5,0.866025,0.0,-1.0,winter_night
1672101_clip016_s001,resources/site_257_bowra-dry-a/downloaded_clips/site_257_item_1672101/site_257_item_1672101_clip_016.webm,232.2,244.622,12.423,night,winter,-0.5,0.866025,0.0,-1.0,winter_night
1672101_clip016_s002,resources/site_257_bowra-dry-a/downloaded_clips/site_257_item_1672101/site_257_item_1672101_clip_016.webm,276.294,287.045,10.751,night,winter,-0.5,0.866025,0.0,-1.0,winter_night
1672101_clip017_s000,resources/site_257_bowra-dry-a/downloaded_clips/site_257_item_1672101/site_257_item_1672101_clip_017.webm,22.268,34.505,12.237,night,winter,-0.5,0.866025,0.0,-1.0,winter_night
1672101_clip017_s001,resources/site_257_bowra-dry-a/downloaded_clips/site_257_item_1672101/site_257_item_1672101_clip_017.webm,34.714,46.417,11.703,night,winter,-0.5,0.866025,0.0,-1.0,winter_night
1672101_clip017_s002,resources/site_257_bowra-dry-a/downloaded_clips/site_257_item_1672101/site_257_item_1672101_clip_017.webm,219.8,230.365,10.565,night,winter,-0.5,0.866025,0.0,-1.0,winter_night
1672101_clip018_s000,resources/site_257_bowra-dry-a/downloaded_clips/site_257_item_1672101/site_257_item_1672101_clip_018.webm,130.078,142.687,12.608,night,winter,-0.5,0.866025,0.0,-1.0,winter_night
1672101_clip018_s001,resources/site_257_bowra-dry-a/downloaded_clips/site_257_item_1672101/site_257_item_1672101_clip_018.webm,261.991,273.763,11.773,night,winter,-0.5,0.866025,0.0,-1.0,winter_night
1672101_clip019_s000,resources/site_257_bowra-dry-a/downloaded_clips/site_257_item_1672101/site_257_item_1672101_clip_019.webm,178.561,191.309,12.748,night,winter,-0.5,0.866025,0.0,-1.0,winter_night
1672101_clip019_s001,resources/site_257_bowra-dry-a/downloaded_clips/site_257_item_1672101/site_257_item_1672101_clip_019.webm,232.455,242.486,10.031,night,winter,-0.5,0.866025,0.0,-1.0,winter_night
1672101_clip019_s002,resources/site_257_bowra-dry-a/downloaded_clips/site_257_item_1672101/site_257_item_1672101_clip_019.webm,289.53,299.77,10.24,night,winter,-0.5,0.866025,0.0,-1.0,winter_night
1672101_clip020_s000,resources/site_257_bowra-dry-a/downloaded_clips/site_257_item_1672101/site_257_item_1672101_clip_020.webm,94.412,104.49,10.077,night,winter,-0.5,0.866025,0.0,-1.0,winter_night
1672101_clip021_s000,resources/site_257_bowra-dry-a/downloaded_clips/site_257_item_1672101/site_257_item_1672101_clip_021.webm,265.776,278.268,12.492,night,winter,-0.5,0.866025,0.0,-1.0,winter_night
1672101_clip022_s000,resources/site_257_bowra-dry-a/downloaded_clips/site_257_item_1672101/site_257_item_1672101_clip_022.webm,255.303,267.656,12.353,night,winter,-0.5,0.866025,0.0,-1.0,winter_night
1672101_clip022_s001,resources/site_257_bowra-dry-a/downloaded_clips/site_257_item_1672101/site_257_item_1672101_clip_022.webm,268.794,279.406,10.612,night,winter,-0.5,0.866025,0.0,-1.0,winter_night
1672101_clip022_s002,resources/site_257_bowra-dry-a/downloaded_clips/site_257_item_1672101/site_257_item_1672101_clip_022.webm,286.557,299.909,13.351,night,winter,-0.5,0.866025,0.0,-1.0,winter_night
1672101_clip023_s000,resources/site_257_bowra-dry-a/downloaded_clips/site_257_item_1672101/site_257_item_1672101_clip_023.webm,75.906,87.075,11.169,night,winter,-0.5,0.866025,0.0,-1.0,winter_night
1672101_clip023_s001,resources/site_257_bowra-dry-a/downloaded_clips/site_257_item_1672101/site_257_item_1672101_clip_023.webm,98.197,108.716,10.519,night,winter,-0.5,0.866025,0.0,-1.0,winter_night
1672101_clip023_s002,resources/site_257_bowra-dry-a/downloaded_clips/site_257_item_1672101/site_257_item_1672101_clip_023.webm,216.898,228.949,12.051,night,winter,-0.5,0.866025,0.0,-1.0,winter_night
1672101_clip023_s003,resources/site_257_bowra-dry-a/downloaded_clips/site_257_item_1672101/site_257_item_1672101_clip_023.webm,273.461,283.794,10.333,night,winter,-0.5,0.866025,0.0,-1.0,winter_night
1672101_clip024_s000,resources/site_257_bowra-dry-a/downloaded_clips/site_257_item_1672101/site_257_item_1672101_clip_024.webm,70.356,82.245,11.889,night,winter,-0.5,0.866025,0.0,-1.0,winter_night
1672101_clip024_s001,resources/site_257_bowra-dry-a/downloaded_clips/site_257_item_1672101/site_257_item_1672101_clip_024.webm,107.996,119.722,11.726,night,winter,-0.5,0.866025,0.0,-1.0,winter_night
1672101_clip024_s002,resources/site_257_bowra-dry-a/downloaded_clips/site_257_item_1672101/site_257_item_1672101_clip_024.webm,241.093,252.308,11.215,night,winter,-0.5,0.866025,0.0,-1.0,winter_night
1672867_clip013_s000,resources/site_257_bowra-dry-a/downloaded_clips/site_257_item_1672867/site_257_item_1672867_clip_013.webm,77.113,89.908,12.794,night,winter,-0.5,0.866025,0.0,-1.0,winter_night
1672867_clip013_s001,resources/site_257_bowra-dry-a/downloaded_clips/site_257_item_1672867/site_257_item_1672867_clip_013.webm,95.364,106.487,11.122,night,winter,-0.5,0.866025,0.0,-1.0,winter_night
1672867_clip013_s002,resources/site_257_bowra-dry-a/downloaded_clips/site_257_item_1672867/site_257_item_1672867_clip_013.webm,230.481,241.464,10.983,night,winter,-0.5,0.866025,0.0,-1.0,winter_night
1672867_clip013_s003,resources/site_257_bowra-dry-a/downloaded_clips/site_257_item_1672867/site_257_item_1672867_clip_013.webm,274.321,284.7,10.379,night,winter,-0.5,0.866025,0.0,-1.0,winter_night
1672867_clip014_s000,resources/site_257_bowra-dry-a/downloaded_clips/site_257_item_1672867/site_257_item_1672867_clip_014.webm,38.963,50.387,11.424,night,winter,-0.5,0.866025,0.0,-1.0,winter_night
1672867_clip014_s001,resources/site_257_bowra-dry-a/downloaded_clips/site_257_item_1672867/site_257_item_1672867_clip_014.webm,256.395,267.471,11.076,night,winter,-0.5,0.866025,0.0,-1.0,winter_night
1672867_clip023_s000,resources/site_257_bowra-dry-a/downloaded_clips/site_257_item_1672867/site_257_item_1672867_clip_023.webm,125.318,135.93,10.612,night,winter,-0.5,0.866025,0.0,-1.0,winter_night
1675693_clip003_s000,resources/site_257_bowra-dry-a/downloaded_clips/site_257_item_1675693/site_257_item_1675693_clip_003.webm,162.122,172.339,10.217,night,winter,-0.5,0.866025,0.0,-1.0,winter_night
1675693_clip005_s000,resources/site_257_bowra-dry-a/downloaded_clips/site_257_item_1675693/site_257_item_1675693_clip_005.webm,28.7,39.52,10.82,night,winter,-0.5,0.866025,0.0,-1.0,winter_night
1675693_clip011_s000,resources/site_257_bowra-dry-a/downloaded_clips/site_257_item_1675693/site_257_item_1675693_clip_011.webm,1.811,13.816,12.005,night,winter,-0.5,0.866025,0.0,-1.0,winter_night
1675693_clip013_s000,resources/site_257_bowra-dry-a/downloaded_clips/site_257_item_1675693/site_257_item_1675693_clip_013.webm,193.562,204.127,10.565,night,winter,-0.5,0.866025,0.0,-1.0,winter_night
1675693_clip013_s001,resources/site_257_bowra-dry-a/downloaded_clips/site_257_item_1675693/site_257_item_1675693_clip_013.webm,209.49,220.032,10.542,night,winter,-0.5,0.866025,0.0,-1.0,winter_night
1675693_clip018_s000,resources/site_257_bowra-dry-a/downloaded_clips/site_257_item_1675693/site_257_item_1675693_clip_018.webm,36.037,48.948,12.91,night,winter,-0.5,0.866025,0.0,-1.0,winter_night
1680718_clip001_s000,resources/site_257_bowra-dry-a/downloaded_clips/site_257_item_1680718/site_257_item_1680718_clip_001.webm,132.632,145.659,13.026,night,winter,-0.5,0.866025,0.0,-1.0,winter_night
1680718_clip002_s000,resources/site_257_bowra-dry-a/downloaded_clips/site_257_item_1680718/site_257_item_1680718_clip_002.webm,146.17,161.123,14.954,night,winter,-0.5,0.866025,0.0,-1.0,winter_night
1680718_clip003_s000,resources/site_257_bowra-dry-a/downloaded_clips/site_257_item_1680718/site_257_item_1680718_clip_003.webm,267.215,278.059,10.844,night,winter,-0.5,0.866025,0.0,-1.0,winter_night
1680718_clip007_s000,resources/site_257_bowra-dry-a/downloaded_clips/site_257_item_1680718/site_257_item_1680718_clip_007.webm,280.869,293.756,12.887,night,winter,-0.5,0.866025,0.0,-1.0,winter_night
1680718_clip008_s000,resources/site_257_bowra-dry-a/downloaded_clips/site_257_item_1680718/site_257_item_1680718_clip_008.webm,65.295,75.79,10.495,night,winter,-0.5,0.866025,0.0,-1.0,winter_night
1680718_clip009_s000,resources/site_257_bowra-dry-a/downloaded_clips/site_257_item_1680718/site_257_item_1680718_clip_009.webm,4.18,19.017,14.838,night,winter,-0.5,0.866025,0.0,-1.0,winter_night
1680718_clip009_s001,resources/site_257_bowra-dry-a/downloaded_clips/site_257_item_1680718/site_257_item_1680718_clip_009.webm,28.119,39.149,11.029,night,winter,-0.5,0.866025,0.0,-1.0,winter_night
1680718_clip009_s002,resources/site_257_bowra-dry-a/downloaded_clips/site_257_item_1680718/site_257_item_1680718_clip_009.webm,137.95,148.213,10.263,night,winter,-0.5,0.866025,0.0,-1.0,winter_night
1680718_clip009_s003,resources/site_257_bowra-dry-a/downloaded_clips/site_257_item_1680718/site_257_item_1680718_clip_009.webm,177.099,190.171,13.073,night,winter,-0.5,0.866025,0.0,-1.0,winter_night
1680718_clip010_s000,resources/site_257_bowra-dry-a/downloaded_clips/site_257_item_1680718/site_257_item_1680718_clip_010.webm,75.511,85.519,10.008,night,winter,-0.5,0.866025,0.0,-1.0,winter_night
1680718_clip011_s000,resources/site_257_bowra-dry-a/downloaded_clips/site_257_item_1680718/site_257_item_1680718_clip_011.webm,87.818,98.36,10.542,night,winter,-0.5,0.866025,0.0,-1.0,winter_night
1680718_clip012_s000,resources/site_257_bowra-dry-a/downloaded_clips/site_257_item_1680718/site_257_item_1680718_clip_012.webm,98.337,112.919,14.582,night,winter,-0.5,0.866025,0.0,-1.0,winter_night
1680718_clip012_s001,resources/site_257_bowra-dry-a/downloaded_clips/site_257_item_1680718/site_257_item_1680718_clip_012.webm,119.699,132.563,12.864,night,winter,-0.5,0.866025,0.0,-1.0,winter_night
1680718_clip012_s002,resources/site_257_bowra-dry-a/downloaded_clips/site_257_item_1680718/site_257_item_1680718_clip_012.webm,170.017,180.257,10.24,night,winter,-0.5,0.866025,0.0,-1.0,winter_night
1680718_clip013_s000,resources/site_257_bowra-dry-a/downloaded_clips/site_257_item_1680718/site_257_item_1680718_clip_013.webm,101.494,119.211,17.717,night,winter,-0.5,0.866025,0.0,-1.0,winter_night
1680718_clip013_s001,resources/site_257_bowra-dry-a/downloaded_clips/site_257_item_1680718/site_257_item_1680718_clip_013.webm,182.95,193.956,11.006,night,winter,-0.5,0.866025,0.0,-1.0,winter_night
1680718_clip013_s002,resources/site_257_bowra-dry-a/downloaded_clips/site_257_item_1680718/site_257_item_1680718_clip_013.webm,215.597,233.918,18.321,night,winter,-0.5,0.866025,0.0,-1.0,winter_night
1680718_clip014_s000,resources/site_257_bowra-dry-a/downloaded_clips/site_257_item_1680718/site_257_item_1680718_clip_014.webm,187.617,199.111,11.494,night,winter,-0.5,0.866025,0.0,-1.0,winter_night
1680718_clip015_s000,resources/site_257_bowra-dry-a/downloaded_clips/site_257_item_1680718/site_257_item_1680718_clip_015.webm,27.051,43.816,16.765,night,winter,-0.5,0.866025,0.0,-1.0,winter_night
1680718_clip015_s001,resources/site_257_bowra-dry-a/downloaded_clips/site_257_item_1680718/site_257_item_1680718_clip_015.webm,188.151,198.322,10.17,night,winter,-0.5,0.866025,0.0,-1.0,winter_night
1680718_clip015_s002,resources/site_257_bowra-dry-a/downloaded_clips/site_257_item_1680718/site_257_item_1680718_clip_015.webm,208.608,219.475,10.867,night,winter,-0.5,0.866025,0.0,-1.0,winter_night
1680718_clip016_s000,resources/site_257_bowra-dry-a/downloaded_clips/site_257_item_1680718/site_257_item_1680718_clip_016.webm,154.459,165.698,11.238,night,winter,-0.5,0.866025,0.0,-1.0,winter_night
1680718_clip017_s000,resources/site_257_bowra-dry-a/downloaded_clips/site_257_item_1680718/site_257_item_1680718_clip_017.webm,158.569,169.97,11.401,night,winter,-0.5,0.866025,0.0,-1.0,winter_night
1680718_clip018_s000,resources/site_257_bowra-dry-a/downloaded_clips/site_257_item_1680718/site_257_item_1680718_clip_018.webm,113.755,125.643,11.889,night,winter,-0.5,0.866025,0.0,-1.0,winter_night
1680718_clip018_s001,resources/site_257_bowra-dry-a/downloaded_clips/site_257_item_1680718/site_257_item_1680718_clip_018.webm,153.623,164.351,10.728,night,winter,-0.5,0.866025,0.0,-1.0,winter_night
1680718_clip018_s002,resources/site_257_bowra-dry-a/downloaded_clips/site_257_item_1680718/site_257_item_1680718_clip_018.webm,280.915,290.992,10.077,night,winter,-0.5,0.866025,0.0,-1.0,winter_night
1680718_clip019_s000,resources/site_257_bowra-dry-a/downloaded_clips/site_257_item_1680718/site_257_item_1680718_clip_019.webm,5.782,22.663,16.881,night,winter,-0.5,0.866025,0.0,-1.0,winter_night
1680718_clip019_s001,resources/site_257_bowra-dry-a/downloaded_clips/site_257_item_1680718/site_257_item_1680718_clip_019.webm,38.684,48.832,10.147,night,winter,-0.5,0.866025,0.0,-1.0,winter_night
1680718_clip019_s002,resources/site_257_bowra-dry-a/downloaded_clips/site_257_item_1680718/site_257_item_1680718_clip_019.webm,73.956,86.239,12.283,night,winter,-0.5,0.866025,0.0,-1.0,winter_night
1680718_clip019_s003,resources/site_257_bowra-dry-a/downloaded_clips/site_257_item_1680718/site_257_item_1680718_clip_019.webm,203.012,213.066,10.054,night,winter,-0.5,0.866025,0.0,-1.0,winter_night
1680718_clip020_s000,resources/site_257_bowra-dry-a/downloaded_clips/site_257_item_1680718/site_257_item_1680718_clip_020.webm,191.797,207.772,15.975,night,winter,-0.5,0.866025,0.0,-1.0,winter_night
1680718_clip020_s001,resources/site_257_bowra-dry-a/downloaded_clips/site_257_item_1680718/site_257_item_1680718_clip_020.webm,245.714,255.954,10.24,night,winter,-0.5,0.866025,0.0,-1.0,winter_night
1680718_clip020_s002,resources/site_257_bowra-dry-a/downloaded_clips/site_257_item_1680718/site_257_item_1680718_clip_020.webm,272.138,283.167,11.029,night,winter,-0.5,0.866025,0.0,-1.0,winter_night
1680718_clip023_s000,resources/site_257_bowra-dry-a/downloaded_clips/site_257_item_1680718/site_257_item_1680718_clip_023.webm,6.246,17.09,10.844,night,winter,-0.5,0.866025,0.0,-1.0,winter_night
1680718_clip023_s001,resources/site_257_bowra-dry-a/downloaded_clips/site_257_item_1680718/site_257_item_1680718_clip_023.webm,44.095,68.87,24.776,night,winter,-0.5,0.866025,0.0,-1.0,winter_night
1680718_clip023_s002,resources/site_257_bowra-dry-a/downloaded_clips/site_257_item_1680718/site_257_item_1680718_clip_023.webm,182.857,194.723,11.865,night,winter,-0.5,0.866025,0.0,-1.0,winter_night
1680718_clip023_s003,resources/site_257_bowra-dry-a/downloaded_clips/site_257_item_1680718/site_257_item_1680718_clip_023.webm,207.749,226.0,18.251,night,winter,-0.5,0.866025,0.0,-1.0,winter_night
1680718_clip024_s000,resources/site_257_bowra-dry-a/downloaded_clips/site_257_item_1680718/site_257_item_1680718_clip_024.webm,14.884,27.214,12.33,night,winter,-0.5,0.866025,0.0,-1.0,winter_night
1680718_clip024_s001,resources/site_257_bowra-dry-a/downloaded_clips/site_257_item_1680718/site_257_item_1680718_clip_024.webm,59.559,72.052,12.492,night,winter,-0.5,0.866025,0.0,-1.0,winter_night
1680718_clip024_s002,resources/site_257_bowra-dry-a/downloaded_clips/site_257_item_1680718/site_257_item_1680718_clip_024.webm,115.937,128.801,12.864,night,winter,-0.5,0.866025,0.0,-1.0,winter_night
1680718_clip024_s003,resources/site_257_bowra-dry-a/downloaded_clips/site_257_item_1680718/site_257_item_1680718_clip_024.webm,147.307,160.938,13.63,night,winter,-0.5,0.866025,0.0,-1.0,winter_night
1681110_clip003_s000,resources/site_257_bowra-dry-a/downloaded_clips/site_257_item_1681110/site_257_item_1681110_clip_003.webm,184.181,195.048,10.867,night,winter,-0.5,0.866025,0.0,-1.0,winter_night
1681110_clip005_s000,resources/site_257_bowra-dry-a/downloaded_clips/site_257_item_1681110/site_257_item_1681110_clip_005.webm,64.11,75.79,11.68,night,winter,-0.5,0.866025,0.0,-1.0,winter_night
1681110_clip005_s001,resources/site_257_bowra-dry-a/downloaded_clips/site_257_item_1681110/site_257_item_1681110_clip_005.webm,76.626,86.657,10.031,night,winter,-0.5,0.866025,0.0,-1.0,winter_night
1681110_clip006_s000,resources/site_257_bowra-dry-a/downloaded_clips/site_257_item_1681110/site_257_item_1681110_clip_006.webm,17.276,27.655,10.379,night,winter,-0.5,0.866025,0.0,-1.0,winter_night
1681110_clip007_s000,resources/site_257_bowra-dry-a/downloaded_clips/site_257_item_1681110/site_257_item_1681110_clip_007.webm,138.6,151.324,12.725,night,winter,-0.5,0.866025,0.0,-1.0,winter_night
1681110_clip008_s000,resources/site_257_bowra-dry-a/downloaded_clips/site_257_item_1681110/site_257_item_1681110_clip_008.webm,32.717,45.511,12.794,night,winter,-0.5,0.866025,0.0,-1.0,winter_night
1681110_clip010_s000,resources/site_257_bowra-dry-a/downloaded_clips/site_257_item_1681110/site_257_item_1681110_clip_010.webm,213.368,223.492,10.124,night,winter,-0.5,0.866025,0.0,-1.0,winter_night
1681110_clip010_s001,resources/site_257_bowra-dry-a/downloaded_clips/site_257_item_1681110/site_257_item_1681110_clip_010.webm,226.255,236.704,10.449,night,winter,-0.5,0.866025,0.0,-1.0,winter_night
1681110_clip012_s000,resources/site_257_bowra-dry-a/downloaded_clips/site_257_item_1681110/site_257_item_1681110_clip_012.webm,88.7,101.727,13.026,night,winter,-0.5,0.866025,0.0,-1.0,winter_night
1681110_clip012_s001,resources/site_257_bowra-dry-a/downloaded_clips/site_257_item_1681110/site_257_item_1681110_clip_012.webm,157.594,167.834,10.24,night,winter,-0.5,0.866025,0.0,-1.0,winter_night
1681110_clip012_s002,resources/site_257_bowra-dry-a/downloaded_clips/site_257_item_1681110/site_257_item_1681110_clip_012.webm,214.599,225.326,10.728,night,winter,-0.5,0.866025,0.0,-1.0,winter_night
1681110_clip012_s003,resources/site_257_bowra-dry-a/downloaded_clips/site_257_item_1681110/site_257_item_1681110_clip_012.webm,226.0,236.635,10.635,night,winter,-0.5,0.866025,0.0,-1.0,winter_night
1681110_clip014_s000,resources/site_257_bowra-dry-a/downloaded_clips/site_257_item_1681110/site_257_item_1681110_clip_014.webm,178.027,194.026,15.999,night,winter,-0.5,0.866025,0.0,-1.0,winter_night
1681110_clip014_s001,resources/site_257_bowra-dry-a/downloaded_clips/site_257_item_1681110/site_257_item_1681110_clip_014.webm,205.311,215.342,10.031,night,winter,-0.5,0.866025,0.0,-1.0,winter_night
1681110_clip015_s000,resources/site_257_bowra-dry-a/downloaded_clips/site_257_item_1681110/site_257_item_1681110_clip_015.webm,0.139,15.186,15.047,night,winter,-0.5,0.866025,0.0,-1.0,winter_night
1681110_clip015_s001,resources/site_257_bowra-dry-a/downloaded_clips/site_257_item_1681110/site_257_item_1681110_clip_015.webm,135.674,145.984,10.31,night,winter,-0.5,0.866025,0.0,-1.0,winter_night
1681110_clip016_s000,resources/site_257_bowra-dry-a/downloaded_clips/site_257_item_1681110/site_257_item_1681110_clip_016.webm,22.547,36.223,13.677,night,winter,-0.5,0.866025,0.0,-1.0,winter_night
1681110_clip016_s001,resources/site_257_bowra-dry-a/downloaded_clips/site_257_item_1681110/site_257_item_1681110_clip_016.webm,62.578,73.282,10.704,night,winter,-0.5,0.866025,0.0,-1.0,winter_night
1681110_clip016_s002,resources/site_257_bowra-dry-a/downloaded_clips/site_257_item_1681110/site_257_item_1681110_clip_016.webm,152.718,163.236,10.519,night,winter,-0.5,0.866025,0.0,-1.0,winter_night
1681110_clip016_s003,resources/site_257_bowra-dry-a/downloaded_clips/site_257_item_1681110/site_257_item_1681110_clip_016.webm,163.77,174.15,10.379,night,winter,-0.5,0.866025,0.0,-1.0,winter_night
1681110_clip016_s004,resources/site_257_bowra-dry-a/downloaded_clips/site_257_item_1681110/site_257_item_1681110_clip_016.webm,224.258,235.032,10.774,night,winter,-0.5,0.866025,0.0,-1.0,winter_night
1681110_clip022_s000,resources/site_257_bowra-dry-a/downloaded_clips/site_257_item_1681110/site_257_item_1681110_clip_022.webm,202.014,213.322,11.308,night,winter,-0.5,0.866025,0.0,-1.0,winter_night
1681110_clip023_s000,resources/site_257_bowra-dry-a/downloaded_clips/site_257_item_1681110/site_257_item_1681110_clip_023.webm,127.779,138.019,10.24,night,winter,-0.5,0.866025,0.0,-1.0,winter_night
1681110_clip023_s001,resources/site_257_bowra-dry-a/downloaded_clips/site_257_item_1681110/site_257_item_1681110_clip_023.webm,160.845,172.547,11.703,night,winter,-0.5,0.866025,0.0,-1.0,winter_night
1681110_clip023_s002,resources/site_257_bowra-dry-a/downloaded_clips/site_257_item_1681110/site_257_item_1681110_clip_023.webm,183.693,198.275,14.582,night,winter,-0.5,0.866025,0.0,-1.0,winter_night
1314118_clip012_s000,resources/site_257_bowra-dry-a/downloaded_clips/site_257_item_1314118/site_257_item_1314118_clip_012.webm,279.568,289.808,10.24,morning,winter,0.866025,-0.5,-0.5,-0.866025,winter_morning
1534162_clip012_s000,resources/site_257_bowra-dry-a/downloaded_clips/site_257_item_1534162/site_257_item_1534162_clip_012.webm,188.291,199.134,10.844,morning,winter,0.866025,-0.5,-0.866025,-0.5,winter_morning
1535172_clip009_s000,resources/site_257_bowra-dry-a/downloaded_clips/site_257_item_1535172/site_257_item_1535172_clip_009.webm,248.686,259.738,11.053,morning,winter,0.866025,-0.5,0.0,-1.0,winter_morning
1539107_clip004_s000,resources/site_257_bowra-dry-a/downloaded_clips/site_257_item_1539107/site_257_item_1539107_clip_004.webm,229.924,241.836,11.912,morning,winter,0.707107,-0.707107,0.0,-1.0,winter_morning
1539107_clip009_s000,resources/site_257_bowra-dry-a/downloaded_clips/site_257_item_1539107/site_257_item_1539107_clip_009.webm,51.989,66.873,14.884,morning,winter,0.707107,-0.707107,0.0,-1.0,winter_morning
1672466_clip001_s000,resources/site_257_bowra-dry-a/downloaded_clips/site_257_item_1672466/site_257_item_1672466_clip_001.webm,14.512,26.61,12.098,morning,winter,0.707107,-0.707107,0.0,-1.0,winter_morning
1672466_clip001_s001,resources/site_257_bowra-dry-a/downloaded_clips/site_257_item_1672466/site_257_item_1672466_clip_001.webm,200.806,211.255,10.449,morning,winter,0.707107,-0.707107,0.0,-1.0,winter_morning
1672466_clip005_s000,resources/site_257_bowra-dry-a/downloaded_clips/site_257_item_1672466/site_257_item_1672466_clip_005.webm,120.163,130.798,10.635,morning,winter,0.707107,-0.707107,0.0,-1.0,winter_morning
5299_clip018_s000,resources/site_257_bowra-dry-a/downloaded_clips/site_257_item_5299/site_257_item_5299_clip_018.webm,78.46,89.768,11.308,morning,winter,0.866025,-0.5,-0.866025,-0.5,winter_morning
5489_clip003_s000,resources/site_257_bowra-dry-a/downloaded_clips/site_257_item_5489/site_257_item_5489_clip_003.webm,238.748,249.011,10.263,morning,winter,0.866025,-0.5,-0.866025,-0.5,winter_morning
5489_clip005_s000,resources/site_257_bowra-dry-a/downloaded_clips/site_257_item_5489/site_257_item_5489_clip_005.webm,183.368,198.6,15.232,morning,winter,0.866025,-0.5,-0.866025,-0.5,winter_morning
5489_clip006_s000,resources/site_257_bowra-dry-a/downloaded_clips/site_257_item_5489/site_257_item_5489_clip_006.webm,205.497,217.919,12.423,morning,winter,0.866025,-0.5,-0.866025,-0.5,winter_morning
5489_clip007_s000,resources/site_257_bowra-dry-a/downloaded_clips/site_257_item_5489/site_257_item_5489_clip_007.webm,14.211,24.845,10.635,morning,winter,0.866025,-0.5,-0.866025,-0.5,winter_morning
5489_clip010_s000,resources/site_257_bowra-dry-a/downloaded_clips/site_257_item_5489/site_257_item_5489_clip_010.webm,234.893,246.758,11.865,morning,winter,0.866025,-0.5,-0.866025,-0.5,winter_morning
5489_clip018_s000,resources/site_257_bowra-dry-a/downloaded_clips/site_257_item_5489/site_257_item_5489_clip_018.webm,93.623,103.816,10.194,morning,winter,0.866025,-0.5,-0.866025,-0.5,winter_morning
5489_clip021_s000,resources/site_257_bowra-dry-a/downloaded_clips/site_257_item_5489/site_257_item_5489_clip_021.webm,255.234,268.678,13.444,morning,winter,0.866025,-0.5,-0.866025,-0.5,winter_morning
5489_clip023_s000,resources/site_257_bowra-dry-a/downloaded_clips/site_257_item_5489/site_257_item_5489_clip_023.webm,27.539,38.475,10.937,morning,winter,0.866025,-0.5,-0.866025,-0.5,winter_morning
4904_clip010_s000,resources/site_257_bowra-dry-a/downloaded_clips/site_257_item_4904/site_257_item_4904_clip_010.webm,142.013,152.625,10.612,morning,winter,0.866025,-0.5,-0.866025,-0.5,winter_morning
5019_clip022_s000,resources/site_257_bowra-dry-a/downloaded_clips/site_257_item_5019/site_257_item_5019_clip_022.webm,158.639,172.106,13.468,morning,winter,0.866025,-0.5,-0.866025,-0.5,winter_morning
5295_clip006_s000,resources/site_257_bowra-dry-a/downloaded_clips/site_257_item_5295/site_257_item_5295_clip_006.webm,23.29,34.133,10.844,morning,winter,0.5,-0.866025,-0.866025,-0.5,winter_morning
5295_clip006_s001,resources/site_257_bowra-dry-a/downloaded_clips/site_257_item_5295/site_257_item_5295_clip_006.webm,163.701,175.798,12.098,morning,winter,0.5,-0.866025,-0.866025,-0.5,winter_morning
5295_clip008_s000,resources/site_257_bowra-dry-a/downloaded_clips/site_257_item_5295/site_257_item_5295_clip_008.webm,36.386,46.858,10.472,morning,winter,0.5,-0.866025,-0.866025,-0.5,winter_morning
5295_clip008_s001,resources/site_257_bowra-dry-a/downloaded_clips/site_257_item_5295/site_257_item_5295_clip_008.webm,119.049,131.866,12.817,morning,winter,0.5,-0.866025,-0.866025,-0.5,winter_morning
5295_clip010_s000,resources/site_257_bowra-dry-a/downloaded_clips/site_257_item_5295/site_257_item_5295_clip_010.webm,277.966,290.389,12.423,morning,winter,0.5,-0.866025,-0.866025,-0.5,winter_morning
5295_clip014_s000,resources/site_257_bowra-dry-a/downloaded_clips/site_257_item_5295/site_257_item_5295_clip_014.webm,41.564,52.036,10.472,morning,winter,0.5,-0.866025,-0.866025,-0.5,winter_morning
5295_clip014_s001,resources/site_257_bowra-dry-a/downloaded_clips/site_257_item_5295/site_257_item_5295_clip_014.webm,234.94,246.108,11.169,morning,winter,0.5,-0.866025,-0.866025,-0.5,winter_morning
5295_clip015_s000,resources/site_257_bowra-dry-a/downloaded_clips/site_257_item_5295/site_257_item_5295_clip_015.webm,170.922,182.091,11.169,morning,winter,0.5,-0.866025,-0.866025,-0.5,winter_morning
5295_clip015_s001,resources/site_257_bowra-dry-a/downloaded_clips/site_257_item_5295/site_257_item_5295_clip_015.webm,258.461,269.026,10.565,morning,winter,0.5,-0.866025,-0.866025,-0.5,winter_morning
5403_clip015_s000,resources/site_257_bowra-dry-a/downloaded_clips/site_257_item_5403/site_257_item_5403_clip_015.webm,192.284,202.641,10.356,morning,winter,0.866025,-0.5,-0.866025,-0.5,winter_morning
5496_clip004_s000,resources/site_257_bowra-dry-a/downloaded_clips/site_257_item_5496/site_257_item_5496_clip_004.webm,251.449,261.526,10.077,morning,winter,0.5,-0.866025,-0.866025,-0.5,winter_morning
5496_clip007_s000,resources/site_257_bowra-dry-a/downloaded_clips/site_257_item_5496/site_257_item_5496_clip_007.webm,39.729,53.081,13.351,morning,winter,0.5,-0.866025,-0.866025,-0.5,winter_morning
5496_clip008_s000,resources/site_257_bowra-dry-a/downloaded_clips/site_257_item_5496/site_257_item_5496_clip_008.webm,169.831,181.023,11.192,morning,winter,0.5,-0.866025,-0.866025,-0.5,winter_morning
5496_clip008_s001,resources/site_257_bowra-dry-a/downloaded_clips/site_257_item_5496/site_257_item_5496_clip_008.webm,218.5,229.831,11.331,morning,winter,0.5,-0.866025,-0.866025,-0.5,winter_morning
5496_clip014_s000,resources/site_257_bowra-dry-a/downloaded_clips/site_257_item_5496/site_257_item_5496_clip_014.webm,234.15,247.409,13.259,morning,winter,0.5,-0.866025,-0.866025,-0.5,winter_morning
5496_clip016_s000,resources/site_257_bowra-dry-a/downloaded_clips/site_257_item_5496/site_257_item_5496_clip_016.webm,84.079,97.036,12.957,morning,winter,0.5,-0.866025,-0.866025,-0.5,winter_morning
5496_clip017_s000,resources/site_257_bowra-dry-a/downloaded_clips/site_257_item_5496/site_257_item_5496_clip_017.webm,64.598,81.363,16.765,morning,winter,0.5,-0.866025,-0.866025,-0.5,winter_morning
5496_clip017_s001,resources/site_257_bowra-dry-a/downloaded_clips/site_257_item_5496/site_257_item_5496_clip_017.webm,183.02,193.817,10.797,morning,winter,0.5,-0.866025,-0.866025,-0.5,winter_morning
5496_clip018_s000,resources/site_257_bowra-dry-a/downloaded_clips/site_257_item_5496/site_257_item_5496_clip_018.webm,172.06,183.786,11.726,morning,winter,0.5,-0.866025,-0.866025,-0.5,winter_morning
5496_clip019_s000,resources/site_257_bowra-dry-a/downloaded_clips/site_257_item_5496/site_257_item_5496_clip_019.webm,43.212,53.336,10.124,morning,winter,0.5,-0.866025,-0.866025,-0.5,winter_morning
5496_clip021_s000,resources/site_257_bowra-dry-a/downloaded_clips/site_257_item_5496/site_257_item_5496_clip_021.webm,214.042,227.323,13.282,morning,winter,0.5,-0.866025,-0.866025,-0.5,winter_morning
445516_clip003_s000,resources/site_257_bowra-dry-a/downloaded_clips/site_257_item_445516/site_257_item_445516_clip_003.webm,116.75,129.358,12.608,morning,winter,0.866025,-0.5,-0.866025,-0.5,winter_morning
445516_clip003_s001,resources/site_257_bowra-dry-a/downloaded_clips/site_257_item_445516/site_257_item_445516_clip_003.webm,144.637,161.681,17.043,morning,winter,0.866025,-0.5,-0.866025,-0.5,winter_morning
445516_clip003_s002,resources/site_257_bowra-dry-a/downloaded_clips/site_257_item_445516/site_257_item_445516_clip_003.webm,216.294,232.362,16.068,morning,winter,0.866025,-0.5,-0.866025,-0.5,winter_morning
445516_clip004_s000,resources/site_257_bowra-dry-a/downloaded_clips/site_257_item_445516/site_257_item_445516_clip_004.webm,18.669,28.723,10.054,morning,winter,0.866025,-0.5,-0.866025,-0.5,winter_morning
445516_clip004_s001,resources/site_257_bowra-dry-a/downloaded_clips/site_257_item_445516/site_257_item_445516_clip_004.webm,144.01,154.529,10.519,morning,winter,0.866025,-0.5,-0.866025,-0.5,winter_morning
445516_clip007_s000,resources/site_257_bowra-dry-a/downloaded_clips/site_257_item_445516/site_257_item_445516_clip_007.webm,132.098,152.973,20.875,morning,winter,0.866025,-0.5,-0.866025,-0.5,winter_morning
445516_clip008_s000,resources/site_257_bowra-dry-a/downloaded_clips/site_257_item_445516/site_257_item_445516_clip_008.webm,82.431,93.507,11.076,morning,winter,0.866025,-0.5,-0.866025,-0.5,winter_morning
445516_clip008_s001,resources/site_257_bowra-dry-a/downloaded_clips/site_257_item_445516/site_257_item_445516_clip_008.webm,168.02,178.12,10.101,morning,winter,0.866025,-0.5,-0.866025,-0.5,winter_morning
445516_clip010_s000,resources/site_257_bowra-dry-a/downloaded_clips/site_257_item_445516/site_257_item_445516_clip_010.webm,27.446,39.195,11.749,morning,winter,0.866025,-0.5,-0.866025,-0.5,winter_morning
445516_clip012_s000,resources/site_257_bowra-dry-a/downloaded_clips/site_257_item_445516/site_257_item_445516_clip_012.webm,238.562,249.498,10.937,morning,winter,0.866025,-0.5,-0.866025,-0.5,winter_morning
445516_clip013_s000,resources/site_257_bowra-dry-a/downloaded_clips/site_257_item_445516/site_257_item_445516_clip_013.webm,186.549,196.812,10.263,morning,winter,0.866025,-0.5,-0.866025,-0.5,winter_morning
445516_clip018_s000,resources/site_257_bowra-dry-a/downloaded_clips/site_257_item_445516/site_257_item_445516_clip_018.webm,60.813,73.05,12.237,morning,winter,0.866025,-0.5,-0.866025,-0.5,winter_morning
445516_clip018_s001,resources/site_257_bowra-dry-a/downloaded_clips/site_257_item_445516/site_257_item_445516_clip_018.webm,255.907,270.698,14.791,morning,winter,0.866025,-0.5,-0.866025,-0.5,winter_morning
445516_clip020_s000,resources/site_257_bowra-dry-a/downloaded_clips/site_257_item_445516/site_257_item_445516_clip_020.webm,135.279,145.31,10.031,morning,winter,0.866025,-0.5,-0.866025,-0.5,winter_morning
445530_clip015_s000,resources/site_257_bowra-dry-a/downloaded_clips/site_257_item_445530/site_257_item_445530_clip_015.webm,20.782,34.667,13.886,morning,winter,0.5,-0.866025,-0.866025,-0.5,winter_morning
445530_clip016_s000,resources/site_257_bowra-dry-a/downloaded_clips/site_257_item_445530/site_257_item_445530_clip_016.webm,215.504,227.834,12.33,morning,winter,0.5,-0.866025,-0.866025,-0.5,winter_morning
1536789_clip007_s000,resources/site_257_bowra-dry-a/downloaded_clips/site_257_item_1536789/site_257_item_1536789_clip_007.webm,9.288,21.293,12.005,morning,winter,0.866025,-0.5,0.0,-1.0,winter_morning
1536789_clip015_s000,resources/site_257_bowra-dry-a/downloaded_clips/site_257_item_1536789/site_257_item_1536789_clip_015.webm,92.555,102.864,10.31,morning,winter,0.866025,-0.5,0.0,-1.0,winter_morning
1536789_clip020_s000,resources/site_257_bowra-dry-a/downloaded_clips/site_257_item_1536789/site_257_item_1536789_clip_020.webm,205.659,216.874,11.215,morning,winter,0.866025,-0.5,0.0,-1.0,winter_morning
1536789_clip023_s000,resources/site_257_bowra-dry-a/downloaded_clips/site_257_item_1536789/site_257_item_1536789_clip_023.webm,73.305,84.892,11.587,morning,winter,0.866025,-0.5,0.0,-1.0,winter_morning
1535156_clip003_s000,resources/site_257_bowra-dry-a/downloaded_clips/site_257_item_1535156/site_257_item_1535156_clip_003.webm,135.326,148.12,12.794,morning,winter,0.707107,-0.707107,-0.5,-0.866025,winter_morning
1539112_clip010_s000,resources/site_257_bowra-dry-a/downloaded_clips/site_257_item_1539112/site_257_item_1539112_clip_010.webm,193.654,204.405,10.751,morning,winter,0.5,-0.866025,0.0,-1.0,winter_morning
1539112_clip013_s000,resources/site_257_bowra-dry-a/downloaded_clips/site_257_item_1539112/site_257_item_1539112_clip_013.webm,282.842,295.172,12.33,morning,winter,0.5,-0.866025,0.0,-1.0,winter_morning
1539112_clip019_s000,resources/site_257_bowra-dry-a/downloaded_clips/site_257_item_1539112/site_257_item_1539112_clip_019.webm,28.793,40.681,11.889,morning,winter,0.5,-0.866025,0.0,-1.0,winter_morning
1539353_clip010_s000,resources/site_257_bowra-dry-a/downloaded_clips/site_257_item_1539353/site_257_item_1539353_clip_010.webm,38.081,49.737,11.656,morning,winter,0.866025,-0.5,0.0,-1.0,winter_morning
1539353_clip014_s000,resources/site_257_bowra-dry-a/downloaded_clips/site_257_item_1539353/site_257_item_1539353_clip_014.webm,187.06,199.111,12.051,morning,winter,0.866025,-0.5,0.0,-1.0,winter_morning
1539353_clip015_s000,resources/site_257_bowra-dry-a/downloaded_clips/site_257_item_1539353/site_257_item_1539353_clip_015.webm,124.9,135.605,10.704,morning,winter,0.866025,-0.5,0.0,-1.0,winter_morning
1539353_clip018_s000,resources/site_257_bowra-dry-a/downloaded_clips/site_257_item_1539353/site_257_item_1539353_clip_018.webm,238.446,250.636,12.19,morning,winter,0.866025,-0.5,0.0,-1.0,winter_morning
1539375_clip011_s000,resources/site_257_bowra-dry-a/downloaded_clips/site_257_item_1539375/site_257_item_1539375_clip_011.webm,140.736,151.812,11.076,morning,winter,0.866025,-0.5,0.0,-1.0,winter_morning
1539567_clip024_s000,resources/site_257_bowra-dry-a/downloaded_clips/site_257_item_1539567/site_257_item_1539567_clip_024.webm,161.611,171.781,10.17,morning,winter,0.866025,-0.5,-0.5,-0.866025,winter_morning
1535567_clip008_s000,resources/site_257_bowra-dry-a/downloaded_clips/site_257_item_1535567/site_257_item_1535567_clip_008.webm,226.139,236.147,10.008,morning,winter,0.866025,-0.5,-0.866025,-0.5,winter_morning
1535567_clip017_s000,resources/site_257_bowra-dry-a/downloaded_clips/site_257_item_1535567/site_257_item_1535567_clip_017.webm,267.378,279.011,11.633,morning,winter,0.866025,-0.5,-0.866025,-0.5,winter_morning
1535988_clip016_s000,resources/site_257_bowra-dry-a/downloaded_clips/site_257_item_1535988/site_257_item_1535988_clip_016.webm,210.419,220.822,10.403,morning,winter,0.5,-0.866025,-0.866025,-0.5,winter_morning
1535988_clip023_s000,resources/site_257_bowra-dry-a/downloaded_clips/site_257_item_1535988/site_257_item_1535988_clip_023.webm,37.825,50.666,12.841,morning,winter,0.5,-0.866025,-0.866025,-0.5,winter_morning
1539240_clip011_s000,resources/site_257_bowra-dry-a/downloaded_clips/site_257_item_1539240/site_257_item_1539240_clip_011.webm,37.338,49.807,12.469,morning,winter,0.866025,-0.5,-0.5,-0.866025,winter_morning
1539240_clip021_s000,resources/site_257_bowra-dry-a/downloaded_clips/site_257_item_1539240/site_257_item_1539240_clip_021.webm,28.235,40.008,11.773,morning,winter,0.866025,-0.5,-0.5,-0.866025,winter_morning
1539259_clip002_s000,resources/site_257_bowra-dry-a/downloaded_clips/site_257_item_1539259/site_257_item_1539259_clip_002.webm,247.571,258.299,10.728,morning,winter,0.866025,-0.5,-0.5,-0.866025,winter_morning
1539259_clip004_s000,resources/site_257_bowra-dry-a/downloaded_clips/site_257_item_1539259/site_257_item_1539259_clip_004.webm,277.246,290.946,13.7,morning,winter,0.866025,-0.5,-0.5,-0.866025,winter_morning
1539259_clip005_s000,resources/site_257_bowra-dry-a/downloaded_clips/site_257_item_1539259/site_257_item_1539259_clip_005.webm,138.205,153.066,14.861,morning,winter,0.866025,-0.5,-0.5,-0.866025,winter_morning
1539259_clip006_s000,resources/site_257_bowra-dry-a/downloaded_clips/site_257_item_1539259/site_257_item_1539259_clip_006.webm,283.934,295.544,11.61,morning,winter,0.866025,-0.5,-0.5,-0.866025,winter_morning
1539259_clip008_s000,resources/site_257_bowra-dry-a/downloaded_clips/site_257_item_1539259/site_257_item_1539259_clip_008.webm,177.818,191.727,13.909,morning,winter,0.866025,-0.5,-0.5,-0.866025,winter_morning
1539259_clip017_s000,resources/site_257_bowra-dry-a/downloaded_clips/site_257_item_1539259/site_257_item_1539259_clip_017.webm,170.272,185.667,15.395,morning,winter,0.866025,-0.5,-0.5,-0.866025,winter_morning
1539259_clip022_s000,resources/site_257_bowra-dry-a/downloaded_clips/site_257_item_1539259/site_257_item_1539259_clip_022.webm,27.934,40.101,12.167,morning,winter,0.866025,-0.5,-0.5,-0.866025,winter_morning
1539627_clip020_s000,resources/site_257_bowra-dry-a/downloaded_clips/site_257_item_1539627/site_257_item_1539627_clip_020.webm,61.788,72.26,10.472,morning,winter,0.866025,-0.5,-0.5,-0.866025,winter_morning
1539671_clip007_s000,resources/site_257_bowra-dry-a/downloaded_clips/site_257_item_1539671/site_257_item_1539671_clip_007.webm,51.711,62.438,10.728,morning,winter,0.707107,-0.707107,-0.866025,-0.5,winter_morning
1539671_clip008_s000,resources/site_257_bowra-dry-a/downloaded_clips/site_257_item_1539671/site_257_item_1539671_clip_008.webm,9.892,22.013,12.121,morning,winter,0.707107,-0.707107,-0.866025,-0.5,winter_morning
1540020_clip009_s000,resources/site_257_bowra-dry-a/downloaded_clips/site_257_item_1540020/site_257_item_1540020_clip_009.webm,214.785,224.885,10.101,morning,winter,0.866025,-0.5,-0.866025,-0.5,winter_morning
1672337_clip001_s000,resources/site_257_bowra-dry-a/downloaded_clips/site_257_item_1672337/site_257_item_1672337_clip_001.webm,231.387,242.184,10.797,morning,winter,0.866025,-0.5,0.0,-1.0,winter_morning
1672337_clip001_s001,resources/site_257_bowra-dry-a/downloaded_clips/site_257_item_1672337/site_257_item_1672337_clip_001.webm,249.08,260.667,11.587,morning,winter,0.866025,-0.5,0.0,-1.0,winter_morning
1672337_clip007_s000,resources/site_257_bowra-dry-a/downloaded_clips/site_257_item_1672337/site_257_item_1672337_clip_007.webm,181.743,193.863,12.121,morning,winter,0.866025,-0.5,0.0,-1.0,winter_morning
1672337_clip011_s000,resources/site_257_bowra-dry-a/downloaded_clips/site_257_item_1672337/site_257_item_1672337_clip_011.webm,158.105,169.599,11.494,morning,winter,0.866025,-0.5,0.0,-1.0,winter_morning
1672337_clip011_s001,resources/site_257_bowra-dry-a/downloaded_clips/site_257_item_1672337/site_257_item_1672337_clip_011.webm,243.09,254.839,11.749,morning,winter,0.866025,-0.5,0.0,-1.0,winter_morning
1672337_clip014_s000,resources/site_257_bowra-dry-a/downloaded_clips/site_257_item_1672337/site_257_item_1672337_clip_014.webm,251.449,263.152,11.703,morning,winter,0.866025,-0.5,0.0,-1.0,winter_morning
1672337_clip016_s000,resources/site_257_bowra-dry-a/downloaded_clips/site_257_item_1672337/site_257_item_1672337_clip_016.webm,144.962,157.524,12.562,morning,winter,0.866025,-0.5,0.0,-1.0,winter_morning
1672337_clip018_s000,resources/site_257_bowra-dry-a/downloaded_clips/site_257_item_1672337/site_257_item_1672337_clip_018.webm,81.316,91.696,10.379,morning,winter,0.866025,-0.5,0.0,-1.0,winter_morning
1672337_clip023_s000,resources/site_257_bowra-dry-a/downloaded_clips/site_257_item_1672337/site_257_item_1672337_clip_023.webm,269.932,283.632,13.7,morning,winter,0.866025,-0.5,0.0,-1.0,winter_morning
1677772_clip010_s000,resources/site_257_bowra-dry-a/downloaded_clips/site_257_item_1677772/site_257_item_1677772_clip_010.webm,227.718,239.328,11.61,morning,winter,0.866025,-0.5,0.0,-1.0,winter_morning
1681511_clip016_s000,resources/site_257_bowra-dry-a/downloaded_clips/site_257_item_1681511/site_257_item_1681511_clip_016.webm,64.319,75.535,11.215,morning,winter,0.866025,-0.5,0.0,-1.0,winter_morning
1672915_clip023_s000,resources/site_257_bowra-dry-a/downloaded_clips/site_257_item_1672915/site_257_item_1672915_clip_023.webm,182.532,193.492,10.96,morning,winter,0.866025,-0.5,0.0,-1.0,winter_morning
1680749_clip002_s000,resources/site_257_bowra-dry-a/downloaded_clips/site_257_item_1680749/site_257_item_1680749_clip_002.webm,201.781,213.182,11.401,morning,winter,0.866025,-0.5,0.0,-1.0,winter_morning
1680749_clip009_s000,resources/site_257_bowra-dry-a/downloaded_clips/site_257_item_1680749/site_257_item_1680749_clip_009.webm,240.791,252.424,11.633,morning,winter,0.866025,-0.5,0.0,-1.0,winter_morning
1680749_clip009_s001,resources/site_257_bowra-dry-a/downloaded_clips/site_257_item_1680749/site_257_item_1680749_clip_009.webm,276.596,289.622,13.026,morning,winter,0.866025,-0.5,0.0,-1.0,winter_morning
1680749_clip016_s000,resources/site_257_bowra-dry-a/downloaded_clips/site_257_item_1680749/site_257_item_1680749_clip_016.webm,172.339,187.014,14.675,morning,winter,0.866025,-0.5,0.0,-1.0,winter_morning
1680749_clip018_s000,resources/site_257_bowra-dry-a/downloaded_clips/site_257_item_1680749/site_257_item_1680749_clip_018.webm,73.932,85.612,11.68,morning,winter,0.866025,-0.5,0.0,-1.0,winter_morning
1680749_clip021_s000,resources/site_257_bowra-dry-a/downloaded_clips/site_257_item_1680749/site_257_item_1680749_clip_021.webm,220.752,231.201,10.449,morning,winter,0.866025,-0.5,0.0,-1.0,winter_morning
1399601_clip001_s000,resources/site_257_bowra-dry-a/downloaded_clips/site_257_item_1399601/site_257_item_1399601_clip_001.webm,120.906,131.634,10.728,dawn,spring,1.0,0.0,-1.0,-0.0,spring_dawn
1401105_clip003_s000,resources/site_257_bowra-dry-a/downloaded_clips/site_257_item_1401105/site_257_item_1401105_clip_003.webm,74.165,84.521,10.356,dawn,spring,0.866025,0.5,-0.5,0.866025,spring_dawn
1401105_clip005_s000,resources/site_257_bowra-dry-a/downloaded_clips/site_257_item_1401105/site_257_item_1401105_clip_005.webm,5.132,15.302,10.17,dawn,spring,0.866025,0.5,-0.5,0.866025,spring_dawn
1401105_clip006_s000,resources/site_257_bowra-dry-a/downloaded_clips/site_257_item_1401105/site_257_item_1401105_clip_006.webm,83.429,93.785,10.356,dawn,spring,0.866025,0.5,-0.5,0.866025,spring_dawn
1401105_clip006_s001,resources/site_257_bowra-dry-a/downloaded_clips/site_257_item_1401105/site_257_item_1401105_clip_006.webm,143.801,154.18,10.379,dawn,spring,0.866025,0.5,-0.5,0.866025,spring_dawn
1401105_clip006_s002,resources/site_257_bowra-dry-a/downloaded_clips/site_257_item_1401105/site_257_item_1401105_clip_006.webm,197.254,208.655,11.401,dawn,spring,0.866025,0.5,-0.5,0.866025,spring_dawn
1401105_clip006_s003,resources/site_257_bowra-dry-a/downloaded_clips/site_257_item_1401105/site_257_item_1401105_clip_006.webm,210.93,221.565,10.635,dawn,spring,0.866025,0.5,-0.5,0.866025,spring_dawn
1401105_clip007_s000,resources/site_257_bowra-dry-a/downloaded_clips/site_257_item_1401105/site_257_item_1401105_clip_007.webm,38.777,52.825,14.048,dawn,spring,0.866025,0.5,-0.5,0.866025,spring_dawn
1401105_clip007_s001,resources/site_257_bowra-dry-a/downloaded_clips/site_257_item_1401105/site_257_item_1401105_clip_007.webm,53.708,66.804,13.096,dawn,spring,0.866025,0.5,-0.5,0.866025,spring_dawn
1401105_clip007_s002,resources/site_257_bowra-dry-a/downloaded_clips/site_257_item_1401105/site_257_item_1401105_clip_007.webm,162.447,174.684,12.237,dawn,spring,0.866025,0.5,-0.5,0.866025,spring_dawn
1401105_clip012_s000,resources/site_257_bowra-dry-a/downloaded_clips/site_257_item_1401105/site_257_item_1401105_clip_012.webm,46.324,62.903,16.579,dawn,spring,0.866025,0.5,-0.5,0.866025,spring_dawn
1401105_clip014_s000,resources/site_257_bowra-dry-a/downloaded_clips/site_257_item_1401105/site_257_item_1401105_clip_014.webm,156.085,167.021,10.937,dawn,spring,0.866025,0.5,-0.5,0.866025,spring_dawn
1401105_clip015_s000,resources/site_257_bowra-dry-a/downloaded_clips/site_257_item_1401105/site_257_item_1401105_clip_015.webm,171.99,184.041,12.051,dawn,spring,0.866025,0.5,-0.5,0.866025,spring_dawn
1401105_clip015_s001,resources/site_257_bowra-dry-a/downloaded_clips/site_257_item_1401105/site_257_item_1401105_clip_015.webm,195.442,207.099,11.656,dawn,spring,0.866025,0.5,-0.5,0.866025,spring_dawn
1401563_clip001_s000,resources/site_257_bowra-dry-a/downloaded_clips/site_257_item_1401563/site_257_item_1401563_clip_001.webm,2.368,12.376,10.008,dawn,spring,1.0,0.0,-0.866025,0.5,spring_dawn
1401563_clip015_s000,resources/site_257_bowra-dry-a/downloaded_clips/site_257_item_1401563/site_257_item_1401563_clip_015.webm,99.521,109.598,10.077,dawn,spring,1.0,0.0,-0.866025,0.5,spring_dawn
1401599_clip013_s000,resources/site_257_bowra-dry-a/downloaded_clips/site_257_item_1401599/site_257_item_1401599_clip_013.webm,241.395,252.633,11.238,dawn,spring,1.0,0.0,-0.5,0.866025,spring_dawn
1535362_clip006_s000,resources/site_257_bowra-dry-a/downloaded_clips/site_257_item_1535362/site_257_item_1535362_clip_006.webm,194.397,207.006,12.608,dawn,spring,1.0,0.0,-1.0,-0.0,spring_dawn
1535362_clip009_s000,resources/site_257_bowra-dry-a/downloaded_clips/site_257_item_1535362/site_257_item_1535362_clip_009.webm,227.068,238.91,11.842,dawn,spring,1.0,0.0,-1.0,-0.0,spring_dawn
1535362_clip011_s000,resources/site_257_bowra-dry-a/downloaded_clips/site_257_item_1535362/site_257_item_1535362_clip_011.webm,123.344,136.487,13.142,dawn,spring,1.0,0.0,-1.0,-0.0,spring_dawn
1535362_clip012_s000,resources/site_257_bowra-dry-a/downloaded_clips/site_257_item_1535362/site_257_item_1535362_clip_012.webm,112.524,126.293,13.769,dawn,spring,1.0,0.0,-1.0,-0.0,spring_dawn
1535362_clip012_s001,resources/site_257_bowra-dry-a/downloaded_clips/site_257_item_1535362/site_257_item_1535362_clip_012.webm,247.06,257.44,10.379,dawn,spring,1.0,0.0,-1.0,-0.0,spring_dawn
1535362_clip012_s002,resources/site_257_bowra-dry-a/downloaded_clips/site_257_item_1535362/site_257_item_1535362_clip_012.webm,283.376,293.872,10.495,dawn,spring,1.0,0.0,-1.0,-0.0,spring_dawn
1535362_clip014_s000,resources/site_257_bowra-dry-a/downloaded_clips/site_257_item_1535362/site_257_item_1535362_clip_014.webm,205.195,219.661,14.466,dawn,spring,1.0,0.0,-1.0,-0.0,spring_dawn
1535362_clip016_s000,resources/site_257_bowra-dry-a/downloaded_clips/site_257_item_1535362/site_257_item_1535362_clip_016.webm,67.175,79.018,11.842,dawn,spring,1.0,0.0,-1.0,-0.0,spring_dawn
1535362_clip020_s000,resources/site_257_bowra-dry-a/downloaded_clips/site_257_item_1535362/site_257_item_1535362_clip_020.webm,233.964,248.314,14.35,dawn,spring,1.0,0.0,-1.0,-0.0,spring_dawn
1535362_clip020_s001,resources/site_257_bowra-dry-a/downloaded_clips/site_257_item_1535362/site_257_item_1535362_clip_020.webm,266.867,279.615,12.748,dawn,spring,1.0,0.0,-1.0,-0.0,spring_dawn
1535362_clip021_s000,resources/site_257_bowra-dry-a/downloaded_clips/site_257_item_1535362/site_257_item_1535362_clip_021.webm,145.101,157.037,11.935,dawn,spring,1.0,0.0,-1.0,-0.0,spring_dawn
1668454_clip005_s000,resources/site_257_bowra-dry-a/downloaded_clips/site_257_item_1668454/site_257_item_1668454_clip_005.webm,45.023,56.262,11.238,dawn,spring,1.0,0.0,-0.5,0.866025,spring_dawn
1668454_clip013_s000,resources/site_257_bowra-dry-a/downloaded_clips/site_257_item_1668454/site_257_item_1668454_clip_013.webm,244.878,255.025,10.147,dawn,spring,1.0,0.0,-0.5,0.866025,spring_dawn
1668454_clip019_s000,resources/site_257_bowra-dry-a/downloaded_clips/site_257_item_1668454/site_257_item_1668454_clip_019.webm,121.278,134.235,12.957,dawn,spring,1.0,0.0,-0.5,0.866025,spring_dawn
1668454_clip021_s000,resources/site_257_bowra-dry-a/downloaded_clips/site_257_item_1668454/site_257_item_1668454_clip_021.webm,32.787,44.095,11.308,dawn,spring,1.0,0.0,-0.5,0.866025,spring_dawn
1668454_clip022_s000,resources/site_257_bowra-dry-a/downloaded_clips/site_257_item_1668454/site_257_item_1668454_clip_022.webm,255.396,265.776,10.379,dawn,spring,1.0,0.0,-0.5,0.866025,spring_dawn
1678484_clip004_s000,resources/site_257_bowra-dry-a/downloaded_clips/site_257_item_1678484/site_257_item_1678484_clip_004.webm,216.549,226.859,10.31,dawn,spring,1.0,0.0,-0.866025,0.5,spring_dawn
1678484_clip008_s000,resources/site_257_bowra-dry-a/downloaded_clips/site_257_item_1678484/site_257_item_1678484_clip_008.webm,235.474,248.361,12.887,dawn,spring,1.0,0.0,-0.866025,0.5,spring_dawn
1678484_clip016_s000,resources/site_257_bowra-dry-a/downloaded_clips/site_257_item_1678484/site_257_item_1678484_clip_016.webm,200.644,212.834,12.19,dawn,spring,1.0,0.0,-0.866025,0.5,spring_dawn
1678484_clip017_s000,resources/site_257_bowra-dry-a/downloaded_clips/site_257_item_1678484/site_257_item_1678484_clip_017.webm,272.625,286.093,13.468,dawn,spring,1.0,0.0,-0.866025,0.5,spring_dawn
1678484_clip020_s000,resources/site_257_bowra-dry-a/downloaded_clips/site_257_item_1678484/site_257_item_1678484_clip_020.webm,256.464,274.971,18.506,dawn,spring,1.0,0.0,-0.866025,0.5,spring_dawn
1682477_clip017_s000,resources/site_257_bowra-dry-a/downloaded_clips/site_257_item_1682477/site_257_item_1682477_clip_017.webm,273.485,283.725,10.24,dawn,spring,1.0,0.0,-0.5,0.866025,spring_dawn
1682477_clip024_s000,resources/site_257_bowra-dry-a/downloaded_clips/site_257_item_1682477/site_257_item_1682477_clip_024.webm,66.456,77.973,11.517,dawn,spring,1.0,0.0,-0.5,0.866025,spring_dawn
214503_clip012_s000,resources/site_257_bowra-dry-a/downloaded_clips/site_257_item_214503/site_257_item_214503_clip_012.webm,119.188,130.403,11.215,dawn,spring,1.0,0.0,-0.866025,0.5,spring_dawn
214503_clip012_s001,resources/site_257_bowra-dry-a/downloaded_clips/site_257_item_214503/site_257_item_214503_clip_012.webm,138.762,152.067,13.305,dawn,spring,1.0,0.0,-0.866025,0.5,spring_dawn
214503_clip013_s000,resources/site_257_bowra-dry-a/downloaded_clips/site_257_item_214503/site_257_item_214503_clip_013.webm,205.009,216.665,11.656,dawn,spring,1.0,0.0,-0.866025,0.5,spring_dawn
214503_clip015_s000,resources/site_257_bowra-dry-a/downloaded_clips/site_257_item_214503/site_257_item_214503_clip_015.webm,196.325,211.952,15.627,dawn,spring,1.0,0.0,-0.866025,0.5,spring_dawn
214503_clip023_s000,resources/site_257_bowra-dry-a/downloaded_clips/site_257_item_214503/site_257_item_214503_clip_023.webm,37.988,48.715,10.728,dawn,spring,1.0,0.0,-0.866025,0.5,spring_dawn
214654_clip001_s000,resources/site_257_bowra-dry-a/downloaded_clips/site_257_item_214654/site_257_item_214654_clip_001.webm,145.032,156.595,11.564,dawn,spring,1.0,0.0,-0.5,0.866025,spring_dawn
445574_clip008_s000,resources/site_257_bowra-dry-a/downloaded_clips/site_257_item_445574/site_257_item_445574_clip_008.webm,236.542,247.13,10.588,dawn,spring,1.0,0.0,-1.0,-0.0,spring_dawn
445574_clip013_s000,resources/site_257_bowra-dry-a/downloaded_clips/site_257_item_445574/site_257_item_445574_clip_013.webm,89.211,99.474,10.263,dawn,spring,1.0,0.0,-1.0,-0.0,spring_dawn
445574_clip013_s001,resources/site_257_bowra-dry-a/downloaded_clips/site_257_item_445574/site_257_item_445574_clip_013.webm,144.358,155.992,11.633,dawn,spring,1.0,0.0,-1.0,-0.0,spring_dawn
445574_clip016_s000,resources/site_257_bowra-dry-a/downloaded_clips/site_257_item_445574/site_257_item_445574_clip_016.webm,237.006,248.036,11.029,dawn,spring,1.0,0.0,-1.0,-0.0,spring_dawn
445574_clip019_s000,resources/site_257_bowra-dry-a/downloaded_clips/site_257_item_445574/site_257_item_445574_clip_019.webm,71.448,82.733,11.285,dawn,spring,1.0,0.0,-1.0,-0.0,spring_dawn
445574_clip019_s001,resources/site_257_bowra-dry-a/downloaded_clips/site_257_item_445574/site_257_item_445574_clip_019.webm,137.439,150.79,13.351,dawn,spring,1.0,0.0,-1.0,-0.0,spring_dawn
445574_clip019_s002,resources/site_257_bowra-dry-a/downloaded_clips/site_257_item_445574/site_257_item_445574_clip_019.webm,163.445,176.936,13.491,dawn,spring,1.0,0.0,-1.0,-0.0,spring_dawn
445574_clip022_s000,resources/site_257_bowra-dry-a/downloaded_clips/site_257_item_445574/site_257_item_445574_clip_022.webm,77.833,90.836,13.003,dawn,spring,1.0,0.0,-1.0,-0.0,spring_dawn
445574_clip023_s000,resources/site_257_bowra-dry-a/downloaded_clips/site_257_item_445574/site_257_item_445574_clip_023.webm,55.031,66.038,11.006,dawn,spring,1.0,0.0,-1.0,-0.0,spring_dawn
445759_clip002_s000,resources/site_257_bowra-dry-a/downloaded_clips/site_257_item_445759/site_257_item_445759_clip_002.webm,281.565,293.384,11.819,dawn,spring,1.0,0.0,-1.0,-0.0,spring_dawn
445759_clip005_s000,resources/site_257_bowra-dry-a/downloaded_clips/site_257_item_445759/site_257_item_445759_clip_005.webm,64.505,77.833,13.328,dawn,spring,1.0,0.0,-1.0,-0.0,spring_dawn
445759_clip005_s001,resources/site_257_bowra-dry-a/downloaded_clips/site_257_item_445759/site_257_item_445759_clip_005.webm,185.922,198.949,13.026,dawn,spring,1.0,0.0,-1.0,-0.0,spring_dawn
445759_clip005_s002,resources/site_257_bowra-dry-a/downloaded_clips/site_257_item_445759/site_257_item_445759_clip_005.webm,262.455,277.687,15.232,dawn,spring,1.0,0.0,-1.0,-0.0,spring_dawn
445759_clip006_s000,resources/site_257_bowra-dry-a/downloaded_clips/site_257_item_445759/site_257_item_445759_clip_006.webm,222.795,238.074,15.279,dawn,spring,1.0,0.0,-1.0,-0.0,spring_dawn
445759_clip007_s000,resources/site_257_bowra-dry-a/downloaded_clips/site_257_item_445759/site_257_item_445759_clip_007.webm,50.109,60.163,10.054,dawn,spring,1.0,0.0,-1.0,-0.0,spring_dawn
445759_clip007_s001,resources/site_257_bowra-dry-a/downloaded_clips/site_257_item_445759/site_257_item_445759_clip_007.webm,125.643,142.524,16.881,dawn,spring,1.0,0.0,-1.0,-0.0,spring_dawn
445759_clip008_s000,resources/site_257_bowra-dry-a/downloaded_clips/site_257_item_445759/site_257_item_445759_clip_008.webm,162.633,175.311,12.678,dawn,spring,1.0,0.0,-1.0,-0.0,spring_dawn
445759_clip009_s000,resources/site_257_bowra-dry-a/downloaded_clips/site_257_item_445759/site_257_item_445759_clip_009.webm,123.228,133.515,10.286,dawn,spring,1.0,0.0,-1.0,-0.0,spring_dawn
445759_clip009_s001,resources/site_257_bowra-dry-a/downloaded_clips/site_257_item_445759/site_257_item_445759_clip_009.webm,200.365,210.884,10.519,dawn,spring,1.0,0.0,-1.0,-0.0,spring_dawn
445759_clip015_s000,resources/site_257_bowra-dry-a/downloaded_clips/site_257_item_445759/site_257_item_445759_clip_015.webm,252.587,263.5,10.913,dawn,spring,1.0,0.0,-1.0,-0.0,spring_dawn
445759_clip016_s000,resources/site_257_bowra-dry-a/downloaded_clips/site_257_item_445759/site_257_item_445759_clip_016.webm,254.259,264.382,10.124,dawn,spring,1.0,0.0,-1.0,-0.0,spring_dawn
445759_clip018_s000,resources/site_257_bowra-dry-a/downloaded_clips/site_257_item_445759/site_257_item_445759_clip_018.webm,181.348,192.842,11.494,dawn,spring,1.0,0.0,-1.0,-0.0,spring_dawn
445759_clip018_s001,resources/site_257_bowra-dry-a/downloaded_clips/site_257_item_445759/site_257_item_445759_clip_018.webm,206.658,218.128,11.471,dawn,spring,1.0,0.0,-1.0,-0.0,spring_dawn
445759_clip024_s000,resources/site_257_bowra-dry-a/downloaded_clips/site_257_item_445759/site_257_item_445759_clip_024.webm,182.904,193.12,10.217,dawn,spring,1.0,0.0,-1.0,-0.0,spring_dawn
4881_clip001_s000,resources/site_257_bowra-dry-a/downloaded_clips/site_257_item_4881/site_257_item_4881_clip_001.webm,259.994,270.907,10.913,dawn,spring,1.0,0.0,-0.866025,0.5,spring_dawn
4881_clip003_s000,resources/site_257_bowra-dry-a/downloaded_clips/site_257_item_4881/site_257_item_4881_clip_003.webm,101.1,111.363,10.263,dawn,spring,1.0,0.0,-0.866025,0.5,spring_dawn
4881_clip004_s000,resources/site_257_bowra-dry-a/downloaded_clips/site_257_item_4881/site_257_item_4881_clip_004.webm,127.431,145.032,17.601,dawn,spring,1.0,0.0,-0.866025,0.5,spring_dawn
4881_clip005_s000,resources/site_257_bowra-dry-a/downloaded_clips/site_257_item_4881/site_257_item_4881_clip_005.webm,249.243,262.734,13.491,dawn,spring,1.0,0.0,-0.866025,0.5,spring_dawn
4881_clip008_s000,resources/site_257_bowra-dry-a/downloaded_clips/site_257_item_4881/site_257_item_4881_clip_008.webm,184.761,199.297,14.536,dawn,spring,1.0,0.0,-0.866025,0.5,spring_dawn
4881_clip008_s001,resources/site_257_bowra-dry-a/downloaded_clips/site_257_item_4881/site_257_item_4881_clip_008.webm,219.127,229.924,10.797,dawn,spring,1.0,0.0,-0.866025,0.5,spring_dawn
4881_clip008_s002,resources/site_257_bowra-dry-a/downloaded_clips/site_257_item_4881/site_257_item_4881_clip_008.webm,245.087,256.906,11.819,dawn,spring,1.0,0.0,-0.866025,0.5,spring_dawn
4881_clip009_s000,resources/site_257_bowra-dry-a/downloaded_clips/site_257_item_4881/site_257_item_4881_clip_009.webm,205.636,218.384,12.748,dawn,spring,1.0,0.0,-0.866025,0.5,spring_dawn
4881_clip014_s000,resources/site_257_bowra-dry-a/downloaded_clips/site_257_item_4881/site_257_item_4881_clip_014.webm,61.951,73.514,11.564,dawn,spring,1.0,0.0,-0.866025,0.5,spring_dawn
4881_clip014_s001,resources/site_257_bowra-dry-a/downloaded_clips/site_257_item_4881/site_257_item_4881_clip_014.webm,106.974,120.837,13.862,dawn,spring,1.0,0.0,-0.866025,0.5,spring_dawn
4881_clip014_s002,resources/site_257_bowra-dry-a/downloaded_clips/site_257_item_4881/site_257_item_4881_clip_014.webm,168.67,179.165,10.495,dawn,spring,1.0,0.0,-0.866025,0.5,spring_dawn
4881_clip016_s000,resources/site_257_bowra-dry-a/downloaded_clips/site_257_item_4881/site_257_item_4881_clip_016.webm,153.321,166.371,13.05,dawn,spring,1.0,0.0,-0.866025,0.5,spring_dawn
4881_clip019_s000,resources/site_257_bowra-dry-a/downloaded_clips/site_257_item_4881/site_257_item_4881_clip_019.webm,15.999,26.448,10.449,dawn,spring,1.0,0.0,-0.866025,0.5,spring_dawn
4881_clip019_s001,resources/site_257_bowra-dry-a/downloaded_clips/site_257_item_4881/site_257_item_4881_clip_019.webm,142.919,154.088,11.169,dawn,spring,1.0,0.0,-0.866025,0.5,spring_dawn
4881_clip019_s002,resources/site_257_bowra-dry-a/downloaded_clips/site_257_item_4881/site_257_item_4881_clip_019.webm,193.863,204.336,10.472,dawn,spring,1.0,0.0,-0.866025,0.5,spring_dawn
4881_clip020_s000,resources/site_257_bowra-dry-a/downloaded_clips/site_257_item_4881/site_257_item_4881_clip_020.webm,204.22,214.46,10.24,dawn,spring,1.0,0.0,-0.866025,0.5,spring_dawn
4881_clip022_s000,resources/site_257_bowra-dry-a/downloaded_clips/site_257_item_4881/site_257_item_4881_clip_022.webm,78.414,88.561,10.147,dawn,spring,1.0,0.0,-0.866025,0.5,spring_dawn
4881_clip023_s000,resources/site_257_bowra-dry-a/downloaded_clips/site_257_item_4881/site_257_item_4881_clip_023.webm,226.069,236.774,10.704,dawn,spring,1.0,0.0,-0.866025,0.5,spring_dawn
4796_clip002_s000,resources/site_257_bowra-dry-a/downloaded_clips/site_257_item_4796/site_257_item_4796_clip_002.webm,261.387,275.04,13.653,dawn,spring,1.0,0.0,-1.0,-0.0,spring_dawn
4796_clip006_s000,resources/site_257_bowra-dry-a/downloaded_clips/site_257_item_4796/site_257_item_4796_clip_006.webm,98.151,108.716,10.565,dawn,spring,1.0,0.0,-1.0,-0.0,spring_dawn
4796_clip023_s000,resources/site_257_bowra-dry-a/downloaded_clips/site_257_item_4796/site_257_item_4796_clip_023.webm,138.902,150.744,11.842,dawn,spring,1.0,0.0,-1.0,-0.0,spring_dawn
5005_clip015_s000,resources/site_257_bowra-dry-a/downloaded_clips/site_257_item_5005/site_257_item_5005_clip_015.webm,197.091,208.329,11.238,dawn,spring,1.0,0.0,-1.0,-0.0,spring_dawn
5036_clip002_s000,resources/site_257_bowra-dry-a/downloaded_clips/site_257_item_5036/site_257_item_5036_clip_002.webm,153.832,168.321,14.489,dawn,spring,1.0,0.0,-0.866025,0.5,spring_dawn
5036_clip002_s001,resources/site_257_bowra-dry-a/downloaded_clips/site_257_item_5036/site_257_item_5036_clip_002.webm,249.8,260.063,10.263,dawn,spring,1.0,0.0,-0.866025,0.5,spring_dawn
5036_clip002_s002,resources/site_257_bowra-dry-a/downloaded_clips/site_257_item_5036/site_257_item_5036_clip_002.webm,285.954,296.333,10.379,dawn,spring,1.0,0.0,-0.866025,0.5,spring_dawn
5036_clip006_s000,resources/site_257_bowra-dry-a/downloaded_clips/site_257_item_5036/site_257_item_5036_clip_006.webm,147.006,157.896,10.89,dawn,spring,1.0,0.0,-0.866025,0.5,spring_dawn
5036_clip006_s001,resources/site_257_bowra-dry-a/downloaded_clips/site_257_item_5036/site_257_item_5036_clip_006.webm,185.249,198.6,13.351,dawn,spring,1.0,0.0,-0.866025,0.5,spring_dawn
5036_clip024_s000,resources/site_257_bowra-dry-a/downloaded_clips/site_257_item_5036/site_257_item_5036_clip_024.webm,197.811,207.888,10.077,dawn,spring,1.0,0.0,-0.866025,0.5,spring_dawn
5330_clip014_s000,resources/site_257_bowra-dry-a/downloaded_clips/site_257_item_5330/site_257_item_5330_clip_014.webm,133.724,151.092,17.369,dawn,spring,1.0,0.0,-1.0,-0.0,spring_dawn
5330_clip014_s001,resources/site_257_bowra-dry-a/downloaded_clips/site_257_item_5330/site_257_item_5330_clip_014.webm,172.083,182.346,10.263,dawn,spring,1.0,0.0,-1.0,-0.0,spring_dawn
5330_clip015_s000,resources/site_257_bowra-dry-a/downloaded_clips/site_257_item_5330/site_257_item_5330_clip_015.webm,177.911,188.012,10.101,dawn,spring,1.0,0.0,-1.0,-0.0,spring_dawn
5330_clip022_s000,resources/site_257_bowra-dry-a/downloaded_clips/site_257_item_5330/site_257_item_5330_clip_022.webm,12.887,22.918,10.031,dawn,spring,1.0,0.0,-1.0,-0.0,spring_dawn
5467_clip006_s000,resources/site_257_bowra-dry-a/downloaded_clips/site_257_item_5467/site_257_item_5467_clip_006.webm,259.971,270.257,10.286,dawn,spring,1.0,0.0,-1.0,-0.0,spring_dawn
5467_clip016_s000,resources/site_257_bowra-dry-a/downloaded_clips/site_257_item_5467/site_257_item_5467_clip_016.webm,110.829,121.858,11.029,dawn,spring,1.0,0.0,-1.0,-0.0,spring_dawn
5467_clip016_s001,resources/site_257_bowra-dry-a/downloaded_clips/site_257_item_5467/site_257_item_5467_clip_016.webm,169.622,181.116,11.494,dawn,spring,1.0,0.0,-1.0,-0.0,spring_dawn
214445_clip014_s000,resources/site_257_bowra-dry-a/downloaded_clips/site_257_item_214445/site_257_item_214445_clip_014.webm,237.796,249.197,11.401,dawn,spring,1.0,0.0,-0.866025,0.5,spring_dawn
214445_clip023_s000,resources/site_257_bowra-dry-a/downloaded_clips/site_257_item_214445/site_257_item_214445_clip_023.webm,244.692,263.291,18.599,dawn,spring,1.0,0.0,-0.866025,0.5,spring_dawn
214445_clip024_s000,resources/site_257_bowra-dry-a/downloaded_clips/site_257_item_214445/site_257_item_214445_clip_024.webm,148.329,158.592,10.263,dawn,spring,1.0,0.0,-0.866025,0.5,spring_dawn
214784_clip001_s000,resources/site_257_bowra-dry-a/downloaded_clips/site_257_item_214784/site_257_item_214784_clip_001.webm,181.348,195.071,13.723,dawn,spring,1.0,0.0,-0.5,0.866025,spring_dawn
214784_clip024_s000,resources/site_257_bowra-dry-a/downloaded_clips/site_257_item_214784/site_257_item_214784_clip_024.webm,116.262,129.149,12.887,dawn,spring,1.0,0.0,-0.5,0.866025,spring_dawn
214888_clip014_s000,resources/site_257_bowra-dry-a/downloaded_clips/site_257_item_214888/site_257_item_214888_clip_014.webm,176.123,187.222,11.099,dawn,spring,1.0,0.0,-0.5,0.866025,spring_dawn
5084_clip001_s000,resources/site_257_bowra-dry-a/downloaded_clips/site_257_item_5084/site_257_item_5084_clip_001.webm,60.581,76.115,15.534,dawn,spring,1.0,0.0,-0.866025,0.5,spring_dawn
5084_clip001_s001,resources/site_257_bowra-dry-a/downloaded_clips/site_257_item_5084/site_257_item_5084_clip_001.webm,218.477,231.573,13.096,dawn,spring,1.0,0.0,-0.866025,0.5,spring_dawn
5084_clip001_s002,resources/site_257_bowra-dry-a/downloaded_clips/site_257_item_5084/site_257_item_5084_clip_001.webm,231.782,242.37,10.588,dawn,spring,1.0,0.0,-0.866025,0.5,spring_dawn
5084_clip007_s000,resources/site_257_bowra-dry-a/downloaded_clips/site_257_item_5084/site_257_item_5084_clip_007.webm,102.098,114.869,12.771,dawn,spring,1.0,0.0,-0.866025,0.5,spring_dawn
5084_clip008_s000,resources/site_257_bowra-dry-a/downloaded_clips/site_257_item_5084/site_257_item_5084_clip_008.webm,107.16,117.423,10.263,dawn,spring,1.0,0.0,-0.866025,0.5,spring_dawn
5084_clip010_s000,resources/site_257_bowra-dry-a/downloaded_clips/site_257_item_5084/site_257_item_5084_clip_010.webm,210.442,221.379,10.937,dawn,spring,1.0,0.0,-0.866025,0.5,spring_dawn
5084_clip021_s000,resources/site_257_bowra-dry-a/downloaded_clips/site_257_item_5084/site_257_item_5084_clip_021.webm,145.705,155.806,10.101,dawn,spring,1.0,0.0,-0.866025,0.5,spring_dawn
5518_clip005_s000,resources/site_257_bowra-dry-a/downloaded_clips/site_257_item_5518/site_257_item_5518_clip_005.webm,52.756,63.46,10.704,dawn,spring,1.0,0.0,-0.866025,0.5,spring_dawn
5518_clip006_s000,resources/site_257_bowra-dry-a/downloaded_clips/site_257_item_5518/site_257_item_5518_clip_006.webm,38.174,49.366,11.192,dawn,spring,1.0,0.0,-0.866025,0.5,spring_dawn
445696_clip024_s000,resources/site_257_bowra-dry-a/downloaded_clips/site_257_item_445696/site_257_item_445696_clip_024.webm,44.931,55.449,10.519,dawn,spring,1.0,0.0,-1.0,-0.0,spring_dawn
445732_clip011_s000,resources/site_257_bowra-dry-a/downloaded_clips/site_257_item_445732/site_257_item_445732_clip_011.webm,8.777,20.178,11.401,dawn,spring,1.0,0.0,-1.0,-0.0,spring_dawn
445732_clip016_s000,resources/site_257_bowra-dry-a/downloaded_clips/site_257_item_445732/site_257_item_445732_clip_016.webm,233.035,243.415,10.379,dawn,spring,1.0,0.0,-1.0,-0.0,spring_dawn
445732_clip017_s000,resources/site_257_bowra-dry-a/downloaded_clips/site_257_item_445732/site_257_item_445732_clip_017.webm,83.824,99.985,16.161,dawn,spring,1.0,0.0,-1.0,-0.0,spring_dawn
445732_clip023_s000,resources/site_257_bowra-dry-a/downloaded_clips/site_257_item_445732/site_257_item_445732_clip_023.webm,95.155,106.487,11.331,dawn,spring,1.0,0.0,-1.0,-0.0,spring_dawn
445732_clip023_s001,resources/site_257_bowra-dry-a/downloaded_clips/site_257_item_445732/site_257_item_445732_clip_023.webm,255.907,269.189,13.282,dawn,spring,1.0,0.0,-1.0,-0.0,spring_dawn
445757_clip012_s000,resources/site_257_bowra-dry-a/downloaded_clips/site_257_item_445757/site_257_item_445757_clip_012.webm,203.918,216.317,12.399,dawn,spring,0.866025,0.5,-1.0,-0.0,spring_dawn
445757_clip014_s000,resources/site_257_bowra-dry-a/downloaded_clips/site_257_item_445757/site_257_item_445757_clip_014.webm,124.18,134.56,10.379,dawn,spring,0.866025,0.5,-1.0,-0.0,spring_dawn
445757_clip017_s000,resources/site_257_bowra-dry-a/downloaded_clips/site_257_item_445757/site_257_item_445757_clip_017.webm,24.961,41.215,16.254,dawn,spring,0.866025,0.5,-1.0,-0.0,spring_dawn
445757_clip017_s001,resources/site_257_bowra-dry-a/downloaded_clips/site_257_item_445757/site_257_item_445757_clip_017.webm,53.894,64.226,10.333,dawn,spring,0.866025,0.5,-1.0,-0.0,spring_dawn
445757_clip017_s002,resources/site_257_bowra-dry-a/downloaded_clips/site_257_item_445757/site_257_item_445757_clip_017.webm,144.73,157.315,12.585,dawn,spring,0.866025,0.5,-1.0,-0.0,spring_dawn
445757_clip018_s000,resources/site_257_bowra-dry-a/downloaded_clips/site_257_item_445757/site_257_item_445757_clip_018.webm,98.638,109.668,11.029,dawn,spring,0.866025,0.5,-1.0,-0.0,spring_dawn
445757_clip020_s000,resources/site_257_bowra-dry-a/downloaded_clips/site_257_item_445757/site_257_item_445757_clip_020.webm,18.297,29.443,11.146,dawn,spring,0.866025,0.5,-1.0,-0.0,spring_dawn
1399542_clip002_s000,resources/site_257_bowra-dry-a/downloaded_clips/site_257_item_1399542/site_257_item_1399542_clip_002.webm,88.723,99.242,10.519,dawn,spring,1.0,0.0,-1.0,-0.0,spring_dawn
1399542_clip002_s001,resources/site_257_bowra-dry-a/downloaded_clips/site_257_item_1399542/site_257_item_1399542_clip_002.webm,285.373,298.864,13.491,dawn,spring,1.0,0.0,-1.0,-0.0,spring_dawn
1399542_clip003_s000,resources/site_257_bowra-dry-a/downloaded_clips/site_257_item_1399542/site_257_item_1399542_clip_003.webm,182.462,193.097,10.635,dawn,spring,1.0,0.0,-1.0,-0.0,spring_dawn
1399542_clip006_s000,resources/site_257_bowra-dry-a/downloaded_clips/site_257_item_1399542/site_257_item_1399542_clip_006.webm,227.463,239.792,12.33,dawn,spring,1.0,0.0,-1.0,-0.0,spring_dawn
1399743_clip014_s000,resources/site_257_bowra-dry-a/downloaded_clips/site_257_item_1399743/site_257_item_1399743_clip_014.webm,62.787,72.841,10.054,dawn,spring,1.0,0.0,-1.0,-0.0,spring_dawn
1399743_clip014_s001,resources/site_257_bowra-dry-a/downloaded_clips/site_257_item_1399743/site_257_item_1399743_clip_014.webm,99.126,112.222,13.096,dawn,spring,1.0,0.0,-1.0,-0.0,spring_dawn
1399743_clip024_s000,resources/site_257_bowra-dry-a/downloaded_clips/site_257_item_1399743/site_257_item_1399743_clip_024.webm,217.687,227.857,10.17,dawn,spring,1.0,0.0,-1.0,-0.0,spring_dawn
1400650_clip019_s000,resources/site_257_bowra-dry-a/downloaded_clips/site_257_item_1400650/site_257_item_1400650_clip_019.webm,122.741,134.838,12.098,dawn,spring,1.0,0.0,-1.0,-0.0,spring_dawn
1400793_clip021_s000,resources/site_257_bowra-dry-a/downloaded_clips/site_257_item_1400793/site_257_item_1400793_clip_021.webm,125.852,135.999,10.147,dawn,spring,1.0,0.0,-0.866025,0.5,spring_dawn
1400793_clip024_s000,resources/site_257_bowra-dry-a/downloaded_clips/site_257_item_1400793/site_257_item_1400793_clip_024.webm,16.625,27.098,10.472,dawn,spring,1.0,0.0,-0.866025,0.5,spring_dawn
1400848_clip004_s000,resources/site_257_bowra-dry-a/downloaded_clips/site_257_item_1400848/site_257_item_1400848_clip_004.webm,161.959,172.849,10.89,dawn,spring,1.0,0.0,-0.866025,0.5,spring_dawn
1400848_clip006_s000,resources/site_257_bowra-dry-a/downloaded_clips/site_257_item_1400848/site_257_item_1400848_clip_006.webm,121.533,134.118,12.585,dawn,spring,1.0,0.0,-0.866025,0.5,spring_dawn
1400848_clip006_s001,resources/site_257_bowra-dry-a/downloaded_clips/site_257_item_1400848/site_257_item_1400848_clip_006.webm,184.738,196.209,11.471,dawn,spring,1.0,0.0,-0.866025,0.5,spring_dawn
1400848_clip011_s000,resources/site_257_bowra-dry-a/downloaded_clips/site_257_item_1400848/site_257_item_1400848_clip_011.webm,54.219,71.959,17.74,dawn,spring,1.0,0.0,-0.866025,0.5,spring_dawn
1400848_clip014_s000,resources/site_257_bowra-dry-a/downloaded_clips/site_257_item_1400848/site_257_item_1400848_clip_014.webm,17.972,31.626,13.653,dawn,spring,1.0,0.0,-0.866025,0.5,spring_dawn
1400848_clip017_s000,resources/site_257_bowra-dry-a/downloaded_clips/site_257_item_1400848/site_257_item_1400848_clip_017.webm,64.459,81.525,17.067,dawn,spring,1.0,0.0,-0.866025,0.5,spring_dawn
1400848_clip017_s001,resources/site_257_bowra-dry-a/downloaded_clips/site_257_item_1400848/site_257_item_1400848_clip_017.webm,93.182,115.078,21.896,dawn,spring,1.0,0.0,-0.866025,0.5,spring_dawn
1400848_clip017_s002,resources/site_257_bowra-dry-a/downloaded_clips/site_257_item_1400848/site_257_item_1400848_clip_017.webm,140.643,153.832,13.189,dawn,spring,1.0,0.0,-0.866025,0.5,spring_dawn
1400848_clip017_s003,resources/site_257_bowra-dry-a/downloaded_clips/site_257_item_1400848/site_257_item_1400848_clip_017.webm,228.113,250.172,22.059,dawn,spring,1.0,0.0,-0.866025,0.5,spring_dawn
1400848_clip022_s000,resources/site_257_bowra-dry-a/downloaded_clips/site_257_item_1400848/site_257_item_1400848_clip_022.webm,199.343,214.622,15.279,dawn,spring,1.0,0.0,-0.866025,0.5,spring_dawn
1400848_clip022_s001,resources/site_257_bowra-dry-a/downloaded_clips/site_257_item_1400848/site_257_item_1400848_clip_022.webm,264.87,275.528,10.658,dawn,spring,1.0,0.0,-0.866025,0.5,spring_dawn
1400848_clip024_s000,resources/site_257_bowra-dry-a/downloaded_clips/site_257_item_1400848/site_257_item_1400848_clip_024.webm,225.582,239.258,13.677,dawn,spring,1.0,0.0,-0.866025,0.5,spring_dawn
1401313_clip010_s000,resources/site_257_bowra-dry-a/downloaded_clips/site_257_item_1401313/site_257_item_1401313_clip_010.webm,79.18,91.58,12.399,dawn,spring,0.866025,0.5,-0.866025,0.5,spring_dawn
1401313_clip020_s000,resources/site_257_bowra-dry-a/downloaded_clips/site_257_item_1401313/site_257_item_1401313_clip_020.webm,37.407,48.855,11.447,dawn,spring,0.866025,0.5,-0.866025,0.5,spring_dawn
1401313_clip021_s000,resources/site_257_bowra-dry-a/downloaded_clips/site_257_item_1401313/site_257_item_1401313_clip_021.webm,60.72,71.959,11.238,dawn,spring,0.866025,0.5,-0.866025,0.5,spring_dawn
1401313_clip021_s001,resources/site_257_bowra-dry-a/downloaded_clips/site_257_item_1401313/site_257_item_1401313_clip_021.webm,203.337,214.622,11.285,dawn,spring,0.866025,0.5,-0.866025,0.5,spring_dawn
1401562_clip004_s000,resources/site_257_bowra-dry-a/downloaded_clips/site_257_item_1401562/site_257_item_1401562_clip_004.webm,23.568,33.924,10.356,dawn,spring,0.866025,0.5,-0.866025,0.5,spring_dawn
1401562_clip006_s000,resources/site_257_bowra-dry-a/downloaded_clips/site_257_item_1401562/site_257_item_1401562_clip_006.webm,2.229,12.864,10.635,dawn,spring,0.866025,0.5,-0.866025,0.5,spring_dawn
1401562_clip007_s000,resources/site_257_bowra-dry-a/downloaded_clips/site_257_item_1401562/site_257_item_1401562_clip_007.webm,254.723,265.358,10.635,dawn,spring,0.866025,0.5,-0.866025,0.5,spring_dawn
1401562_clip008_s000,resources/site_257_bowra-dry-a/downloaded_clips/site_257_item_1401562/site_257_item_1401562_clip_008.webm,104.211,115.496,11.285,dawn,spring,0.866025,0.5,-0.866025,0.5,spring_dawn
1401562_clip008_s001,resources/site_257_bowra-dry-a/downloaded_clips/site_257_item_1401562/site_257_item_1401562_clip_008.webm,176.82,200.365,23.545,dawn,spring,0.866025,0.5,-0.866025,0.5,spring_dawn
1401562_clip010_s000,resources/site_257_bowra-dry-a/downloaded_clips/site_257_item_1401562/site_257_item_1401562_clip_010.webm,19.551,35.039,15.488,dawn,spring,0.866025,0.5,-0.866025,0.5,spring_dawn
1401562_clip010_s001,resources/site_257_bowra-dry-a/downloaded_clips/site_257_item_1401562/site_257_item_1401562_clip_010.webm,145.543,155.667,10.124,dawn,spring,0.866025,0.5,-0.866025,0.5,spring_dawn
1401562_clip010_s002,resources/site_257_bowra-dry-a/downloaded_clips/site_257_item_1401562/site_257_item_1401562_clip_010.webm,172.292,182.509,10.217,dawn,spring,0.866025,0.5,-0.866025,0.5,spring_dawn
1401562_clip016_s000,resources/site_257_bowra-dry-a/downloaded_clips/site_257_item_1401562/site_257_item_1401562_clip_016.webm,179.931,192.424,12.492,dawn,spring,0.866025,0.5,-0.866025,0.5,spring_dawn
1401562_clip018_s000,resources/site_257_bowra-dry-a/downloaded_clips/site_257_item_1401562/site_257_item_1401562_clip_018.webm,242.556,253.724,11.169,dawn,spring,0.866025,0.5,-0.866025,0.5,spring_dawn
1401562_clip019_s000,resources/site_257_bowra-dry-a/downloaded_clips/site_257_item_1401562/site_257_item_1401562_clip_019.webm,106.278,116.309,10.031,dawn,spring,0.866025,0.5,-0.866025,0.5,spring_dawn
1401562_clip019_s001,resources/site_257_bowra-dry-a/downloaded_clips/site_257_item_1401562/site_257_item_1401562_clip_019.webm,248.036,258.81,10.774,dawn,spring,0.866025,0.5,-0.866025,0.5,spring_dawn
1401562_clip020_s000,resources/site_257_bowra-dry-a/downloaded_clips/site_257_item_1401562/site_257_item_1401562_clip_020.webm,5.248,15.464,10.217,dawn,spring,0.866025,0.5,-0.866025,0.5,spring_dawn
1400979_clip016_s000,resources/site_257_bowra-dry-a/downloaded_clips/site_257_item_1400979/site_257_item_1400979_clip_016.webm,10.82,21.711,10.89,dawn,spring,1.0,0.0,-0.5,0.866025,spring_dawn
1400979_clip018_s000,resources/site_257_bowra-dry-a/downloaded_clips/site_257_item_1400979/site_257_item_1400979_clip_018.webm,250.45,263.848,13.398,dawn,spring,1.0,0.0,-0.5,0.866025,spring_dawn
1400979_clip023_s000,resources/site_257_bowra-dry-a/downloaded_clips/site_257_item_1400979/site_257_item_1400979_clip_023.webm,98.151,108.902,10.751,dawn,spring,1.0,0.0,-0.5,0.866025,spring_dawn
1401877_clip002_s000,resources/site_257_bowra-dry-a/downloaded_clips/site_257_item_1401877/site_257_item_1401877_clip_002.webm,48.715,70.774,22.059,dawn,spring,1.0,0.0,-0.5,0.866025,spring_dawn
1401877_clip002_s001,resources/site_257_bowra-dry-a/downloaded_clips/site_257_item_1401877/site_257_item_1401877_clip_002.webm,267.447,282.006,14.559,dawn,spring,1.0,0.0,-0.5,0.866025,spring_dawn
1401877_clip007_s000,resources/site_257_bowra-dry-a/downloaded_clips/site_257_item_1401877/site_257_item_1401877_clip_007.webm,74.861,85.682,10.82,dawn,spring,1.0,0.0,-0.5,0.866025,spring_dawn
1401877_clip008_s000,resources/site_257_bowra-dry-a/downloaded_clips/site_257_item_1401877/site_257_item_1401877_clip_008.webm,245.063,258.995,13.932,dawn,spring,1.0,0.0,-0.5,0.866025,spring_dawn
1401877_clip009_s000,resources/site_257_bowra-dry-a/downloaded_clips/site_257_item_1401877/site_257_item_1401877_clip_009.webm,84.799,94.993,10.194,dawn,spring,1.0,0.0,-0.5,0.866025,spring_dawn
1401877_clip010_s000,resources/site_257_bowra-dry-a/downloaded_clips/site_257_item_1401877/site_257_item_1401877_clip_010.webm,275.807,296.821,21.014,dawn,spring,1.0,0.0,-0.5,0.866025,spring_dawn
1401877_clip013_s000,resources/site_257_bowra-dry-a/downloaded_clips/site_257_item_1401877/site_257_item_1401877_clip_013.webm,101.355,113.22,11.865,dawn,spring,1.0,0.0,-0.5,0.866025,spring_dawn
1401877_clip013_s001,resources/site_257_bowra-dry-a/downloaded_clips/site_257_item_1401877/site_257_item_1401877_clip_013.webm,140.086,150.372,10.286,dawn,spring,1.0,0.0,-0.5,0.866025,spring_dawn
1401877_clip013_s002,resources/site_257_bowra-dry-a/downloaded_clips/site_257_item_1401877/site_257_item_1401877_clip_013.webm,226.186,245.574,19.389,dawn,spring,1.0,0.0,-0.5,0.866025,spring_dawn
1401877_clip013_s003,resources/site_257_bowra-dry-a/downloaded_clips/site_257_item_1401877/site_257_item_1401877_clip_013.webm,286.279,297.076,10.797,dawn,spring,1.0,0.0,-0.5,0.866025,spring_dawn
1401877_clip014_s000,resources/site_257_bowra-dry-a/downloaded_clips/site_257_item_1401877/site_257_item_1401877_clip_014.webm,0.0,19.319,19.319,dawn,spring,1.0,0.0,-0.5,0.866025,spring_dawn
1401877_clip014_s001,resources/site_257_bowra-dry-a/downloaded_clips/site_257_item_1401877/site_257_item_1401877_clip_014.webm,35.782,50.689,14.907,dawn,spring,1.0,0.0,-0.5,0.866025,spring_dawn
1401877_clip016_s000,resources/site_257_bowra-dry-a/downloaded_clips/site_257_item_1401877/site_257_item_1401877_clip_016.webm,121.835,137.625,15.79,dawn,spring,1.0,0.0,-0.5,0.866025,spring_dawn
1401887_clip002_s000,resources/site_257_bowra-dry-a/downloaded_clips/site_257_item_1401887/site_257_item_1401887_clip_002.webm,75.767,86.146,10.379,dawn,spring,1.0,0.0,-0.5,0.866025,spring_dawn
1401887_clip005_s000,resources/site_257_bowra-dry-a/downloaded_clips/site_257_item_1401887/site_257_item_1401887_clip_005.webm,219.127,241.116,21.989,dawn,spring,1.0,0.0,-0.5,0.866025,spring_dawn
1401887_clip005_s001,resources/site_257_bowra-dry-a/downloaded_clips/site_257_item_1401887/site_257_item_1401887_clip_005.webm,274.204,285.35,11.146,dawn,spring,1.0,0.0,-0.5,0.866025,spring_dawn
1401887_clip008_s000,resources/site_257_bowra-dry-a/downloaded_clips/site_257_item_1401887/site_257_item_1401887_clip_008.webm,222.447,236.008,13.56,dawn,spring,1.0,0.0,-0.5,0.866025,spring_dawn
1401887_clip011_s000,resources/site_257_bowra-dry-a/downloaded_clips/site_257_item_1401887/site_257_item_1401887_clip_011.webm,178.352,193.91,15.557,dawn,spring,1.0,0.0,-0.5,0.866025,spring_dawn
1401887_clip013_s000,resources/site_257_bowra-dry-a/downloaded_clips/site_257_item_1401887/site_257_item_1401887_clip_013.webm,123.252,134.629,11.378,dawn,spring,1.0,0.0,-0.5,0.866025,spring_dawn
1401887_clip013_s001,resources/site_257_bowra-dry-a/downloaded_clips/site_257_item_1401887/site_257_item_1401887_clip_013.webm,198.972,212.439,13.468,dawn,spring,1.0,0.0,-0.5,0.866025,spring_dawn
1401947_clip014_s000,resources/site_257_bowra-dry-a/downloaded_clips/site_257_item_1401947/site_257_item_1401947_clip_014.webm,111.456,123.391,11.935,dawn,spring,1.0,0.0,-0.5,0.866025,spring_dawn
1536200_clip010_s000,resources/site_257_bowra-dry-a/downloaded_clips/site_257_item_1536200/site_257_item_1536200_clip_010.webm,106.463,121.649,15.186,dawn,spring,1.0,0.0,-1.0,-0.0,spring_dawn
1536200_clip011_s000,resources/site_257_bowra-dry-a/downloaded_clips/site_257_item_1536200/site_257_item_1536200_clip_011.webm,126.502,137.044,10.542,dawn,spring,1.0,0.0,-1.0,-0.0,spring_dawn
1677316_clip001_s000,resources/site_257_bowra-dry-a/downloaded_clips/site_257_item_1677316/site_257_item_1677316_clip_001.webm,276.944,288.81,11.865,dawn,spring,1.0,0.0,-0.5,0.866025,spring_dawn
1677316_clip006_s000,resources/site_257_bowra-dry-a/downloaded_clips/site_257_item_1677316/site_257_item_1677316_clip_006.webm,81.502,96.827,15.325,dawn,spring,1.0,0.0,-0.5,0.866025,spring_dawn
1677316_clip006_s001,resources/site_257_bowra-dry-a/downloaded_clips/site_257_item_1677316/site_257_item_1677316_clip_006.webm,97.036,113.058,16.022,dawn,spring,1.0,0.0,-0.5,0.866025,spring_dawn
1677316_clip006_s002,resources/site_257_bowra-dry-a/downloaded_clips/site_257_item_1677316/site_257_item_1677316_clip_006.webm,125.341,136.557,11.215,dawn,spring,1.0,0.0,-0.5,0.866025,spring_dawn
1677316_clip006_s003,resources/site_257_bowra-dry-a/downloaded_clips/site_257_item_1677316/site_257_item_1677316_clip_006.webm,142.617,159.66,17.043,dawn,spring,1.0,0.0,-0.5,0.866025,spring_dawn
1677316_clip006_s004,resources/site_257_bowra-dry-a/downloaded_clips/site_257_item_1677316/site_257_item_1677316_clip_006.webm,241.882,259.483,17.601,dawn,spring,1.0,0.0,-0.5,0.866025,spring_dawn
1677316_clip006_s005,resources/site_257_bowra-dry-a/downloaded_clips/site_257_item_1677316/site_257_item_1677316_clip_006.webm,284.398,295.381,10.983,dawn,spring,1.0,0.0,-0.5,0.866025,spring_dawn
1677316_clip007_s000,resources/site_257_bowra-dry-a/downloaded_clips/site_257_item_1677316/site_257_item_1677316_clip_007.webm,46.208,70.751,24.543,dawn,spring,1.0,0.0,-0.5,0.866025,spring_dawn
1677316_clip007_s001,resources/site_257_bowra-dry-a/downloaded_clips/site_257_item_1677316/site_257_item_1677316_clip_007.webm,74.025,94.273,20.248,dawn,spring,1.0,0.0,-0.5,0.866025,spring_dawn
1677316_clip007_s002,resources/site_257_bowra-dry-a/downloaded_clips/site_257_item_1677316/site_257_item_1677316_clip_007.webm,176.17,186.317,10.147,dawn,spring,1.0,0.0,-0.5,0.866025,spring_dawn
1677316_clip007_s003,resources/site_257_bowra-dry-a/downloaded_clips/site_257_item_1677316/site_257_item_1677316_clip_007.webm,252.958,268.214,15.256,dawn,spring,1.0,0.0,-0.5,0.866025,spring_dawn
1677316_clip009_s000,resources/site_257_bowra-dry-a/downloaded_clips/site_257_item_1677316/site_257_item_1677316_clip_009.webm,45.302,72.609,27.307,dawn,spring,1.0,0.0,-0.5,0.866025,spring_dawn
1677316_clip010_s000,resources/site_257_bowra-dry-a/downloaded_clips/site_257_item_1677316/site_257_item_1677316_clip_010.webm,0.116,11.099,10.983,dawn,spring,1.0,0.0,-0.5,0.866025,spring_dawn
1677316_clip011_s000,resources/site_257_bowra-dry-a/downloaded_clips/site_257_item_1677316/site_257_item_1677316_clip_011.webm,127.454,139.25,11.796,dawn,spring,1.0,0.0,-0.5,0.866025,spring_dawn
1677316_clip011_s001,resources/site_257_bowra-dry-a/downloaded_clips/site_257_item_1677316/site_257_item_1677316_clip_011.webm,150.86,168.229,17.369,dawn,spring,1.0,0.0,-0.5,0.866025,spring_dawn
1677316_clip012_s000,resources/site_257_bowra-dry-a/downloaded_clips/site_257_item_1677316/site_257_item_1677316_clip_012.webm,253.817,280.776,26.958,dawn,spring,1.0,0.0,-0.5,0.866025,spring_dawn
1677316_clip013_s000,resources/site_257_bowra-dry-a/downloaded_clips/site_257_item_1677316/site_257_item_1677316_clip_013.webm,17.554,29.118,11.564,dawn,spring,1.0,0.0,-0.5,0.866025,spring_dawn
1677316_clip013_s001,resources/site_257_bowra-dry-a/downloaded_clips/site_257_item_1677316/site_257_item_1677316_clip_013.webm,50.48,88.909,38.429,dawn,spring,1.0,0.0,-0.5,0.866025,spring_dawn
1677316_clip013_s002,resources/site_257_bowra-dry-a/downloaded_clips/site_257_item_1677316/site_257_item_1677316_clip_013.webm,103.422,117.052,13.63,dawn,spring,1.0,0.0,-0.5,0.866025,spring_dawn
1677316_clip013_s003,resources/site_257_bowra-dry-a/downloaded_clips/site_257_item_1677316/site_257_item_1677316_clip_013.webm,117.261,127.361,10.101,dawn,spring,1.0,0.0,-0.5,0.866025,spring_dawn
1677316_clip013_s004,resources/site_257_bowra-dry-a/downloaded_clips/site_257_item_1677316/site_257_item_1677316_clip_013.webm,193.12,205.566,12.446,dawn,spring,1.0,0.0,-0.5,0.866025,spring_dawn
1677316_clip016_s000,resources/site_257_bowra-dry-a/downloaded_clips/site_257_item_1677316/site_257_item_1677316_clip_016.webm,6.014,29.257,23.243,dawn,spring,1.0,0.0,-0.5,0.866025,spring_dawn
1677316_clip016_s001,resources/site_257_bowra-dry-a/downloaded_clips/site_257_item_1677316/site_257_item_1677316_clip_016.webm,116.564,134.211,17.647,dawn,spring,1.0,0.0,-0.5,0.866025,spring_dawn
1677316_clip017_s000,resources/site_257_bowra-dry-a/downloaded_clips/site_257_item_1677316/site_257_item_1677316_clip_017.webm,24.474,43.236,18.762,dawn,spring,1.0,0.0,-0.5,0.866025,spring_dawn
1677316_clip017_s001,resources/site_257_bowra-dry-a/downloaded_clips/site_257_item_1677316/site_257_item_1677316_clip_017.webm,222.703,235.543,12.841,dawn,spring,1.0,0.0,-0.5,0.866025,spring_dawn
1677316_clip019_s000,resources/site_257_bowra-dry-a/downloaded_clips/site_257_item_1677316/site_257_item_1677316_clip_019.webm,159.335,176.657,17.322,dawn,spring,1.0,0.0,-0.5,0.866025,spring_dawn
1678407_clip024_s000,resources/site_257_bowra-dry-a/downloaded_clips/site_257_item_1678407/site_257_item_1678407_clip_024.webm,123.739,134.165,10.426,dawn,spring,1.0,0.0,-1.0,-0.0,spring_dawn
1682511_clip001_s000,resources/site_257_bowra-dry-a/downloaded_clips/site_257_item_1682511/site_257_item_1682511_clip_001.webm,153.6,165.256,11.656,dawn,spring,1.0,0.0,-0.866025,0.5,spring_dawn
1682511_clip001_s001,resources/site_257_bowra-dry-a/downloaded_clips/site_257_item_1682511/site_257_item_1682511_clip_001.webm,188.058,200.829,12.771,dawn,spring,1.0,0.0,-0.866025,0.5,spring_dawn
1682511_clip006_s000,resources/site_257_bowra-dry-a/downloaded_clips/site_257_item_1682511/site_257_item_1682511_clip_006.webm,36.177,50.132,13.955,dawn,spring,1.0,0.0,-0.866025,0.5,spring_dawn
1682511_clip007_s000,resources/site_257_bowra-dry-a/downloaded_clips/site_257_item_1682511/site_257_item_1682511_clip_007.webm,49.9,63.135,13.235,dawn,spring,1.0,0.0,-0.866025,0.5,spring_dawn
1682511_clip012_s000,resources/site_257_bowra-dry-a/downloaded_clips/site_257_item_1682511/site_257_item_1682511_clip_012.webm,186.294,197.509,11.215,dawn,spring,1.0,0.0,-0.866025,0.5,spring_dawn
1668620_clip002_s000,resources/site_257_bowra-dry-a/downloaded_clips/site_257_item_1668620/site_257_item_1668620_clip_002.webm,204.661,214.808,10.147,dawn,spring,1.0,0.0,-0.5,0.866025,spring_dawn
1668620_clip004_s000,resources/site_257_bowra-dry-a/downloaded_clips/site_257_item_1668620/site_257_item_1668620_clip_004.webm,54.404,66.038,11.633,dawn,spring,1.0,0.0,-0.5,0.866025,spring_dawn
1668620_clip004_s001,resources/site_257_bowra-dry-a/downloaded_clips/site_257_item_1668620/site_257_item_1668620_clip_004.webm,177.54,189.08,11.54,dawn,spring,1.0,0.0,-0.5,0.866025,spring_dawn
1668620_clip004_s002,resources/site_257_bowra-dry-a/downloaded_clips/site_257_item_1668620/site_257_item_1668620_clip_004.webm,240.025,255.048,15.023,dawn,spring,1.0,0.0,-0.5,0.866025,spring_dawn
1668620_clip005_s000,resources/site_257_bowra-dry-a/downloaded_clips/site_257_item_1668620/site_257_item_1668620_clip_005.webm,163.979,177.54,13.56,dawn,spring,1.0,0.0,-0.5,0.866025,spring_dawn
1668620_clip011_s000,resources/site_257_bowra-dry-a/downloaded_clips/site_257_item_1668620/site_257_item_1668620_clip_011.webm,266.17,277.78,11.61,dawn,spring,1.0,0.0,-0.5,0.866025,spring_dawn
1668620_clip012_s000,resources/site_257_bowra-dry-a/downloaded_clips/site_257_item_1668620/site_257_item_1668620_clip_012.webm,145.009,155.063,10.054,dawn,spring,1.0,0.0,-0.5,0.866025,spring_dawn
1668620_clip013_s000,resources/site_257_bowra-dry-a/downloaded_clips/site_257_item_1668620/site_257_item_1668620_clip_013.webm,157.083,168.391,11.308,dawn,spring,1.0,0.0,-0.5,0.866025,spring_dawn
1668620_clip013_s001,resources/site_257_bowra-dry-a/downloaded_clips/site_257_item_1668620/site_257_item_1668620_clip_013.webm,204.428,217.71,13.282,dawn,spring,1.0,0.0,-0.5,0.866025,spring_dawn
1668620_clip014_s000,resources/site_257_bowra-dry-a/downloaded_clips/site_257_item_1668620/site_257_item_1668620_clip_014.webm,106.789,117.168,10.379,dawn,spring,1.0,0.0,-0.5,0.866025,spring_dawn
1668620_clip015_s000,resources/site_257_bowra-dry-a/downloaded_clips/site_257_item_1668620/site_257_item_1668620_clip_015.webm,33.135,45.325,12.19,dawn,spring,1.0,0.0,-0.5,0.866025,spring_dawn
1668620_clip017_s000,resources/site_257_bowra-dry-a/downloaded_clips/site_257_item_1668620/site_257_item_1668620_clip_017.webm,20.41,31.393,10.983,dawn,spring,1.0,0.0,-0.5,0.866025,spring_dawn
1668620_clip017_s001,resources/site_257_bowra-dry-a/downloaded_clips/site_257_item_1668620/site_257_item_1668620_clip_017.webm,110.852,121.905,11.053,dawn,spring,1.0,0.0,-0.5,0.866025,spring_dawn
1668620_clip018_s000,resources/site_257_bowra-dry-a/downloaded_clips/site_257_item_1668620/site_257_item_1668620_clip_018.webm,113.731,125.179,11.447,dawn,spring,1.0,0.0,-0.5,0.866025,spring_dawn
1668620_clip019_s000,resources/site_257_bowra-dry-a/downloaded_clips/site_257_item_1668620/site_257_item_1668620_clip_019.webm,37.849,48.53,10.681,dawn,spring,1.0,0.0,-0.5,0.866025,spring_dawn
1668620_clip019_s001,resources/site_257_bowra-dry-a/downloaded_clips/site_257_item_1668620/site_257_item_1668620_clip_019.webm,197.462,213.531,16.068,dawn,spring,1.0,0.0,-0.5,0.866025,spring_dawn
1676967_clip006_s000,resources/site_257_bowra-dry-a/downloaded_clips/site_257_item_1676967/site_257_item_1676967_clip_006.webm,152.369,163.12,10.751,dawn,spring,1.0,0.0,-0.5,0.866025,spring_dawn
1676967_clip007_s000,resources/site_257_bowra-dry-a/downloaded_clips/site_257_item_1676967/site_257_item_1676967_clip_007.webm,225.721,236.008,10.286,dawn,spring,1.0,0.0,-0.5,0.866025,spring_dawn
1399606_clip014_s000,resources/site_257_bowra-dry-a/downloaded_clips/site_257_item_1399606/site_257_item_1399606_clip_014.webm,77.764,88.05,10.286,morning,spring,0.866025,-0.5,-1.0,-0.0,spring_morning
1399606_clip014_s001,resources/site_257_bowra-dry-a/downloaded_clips/site_257_item_1399606/site_257_item_1399606_clip_014.webm,183.345,196.487,13.142,morning,spring,0.866025,-0.5,-1.0,-0.0,spring_morning
1399606_clip022_s000,resources/site_257_bowra-dry-a/downloaded_clips/site_257_item_1399606/site_257_item_1399606_clip_022.webm,15.279,26.331,11.053,morning,spring,0.866025,-0.5,-1.0,-0.0,spring_morning
1401564_clip017_s000,resources/site_257_bowra-dry-a/downloaded_clips/site_257_item_1401564/site_257_item_1401564_clip_017.webm,59.907,70.751,10.844,morning,spring,0.866025,-0.5,-0.866025,0.5,spring_morning
1401564_clip018_s000,resources/site_257_bowra-dry-a/downloaded_clips/site_257_item_1401564/site_257_item_1401564_clip_018.webm,217.942,229.204,11.262,morning,spring,0.866025,-0.5,-0.866025,0.5,spring_morning
1401603_clip003_s000,resources/site_257_bowra-dry-a/downloaded_clips/site_257_item_1401603/site_257_item_1401603_clip_003.webm,236.611,247.455,10.844,morning,spring,0.866025,-0.5,-0.5,0.866025,spring_morning
1401603_clip018_s000,resources/site_257_bowra-dry-a/downloaded_clips/site_257_item_1401603/site_257_item_1401603_clip_018.webm,258.206,268.492,10.286,morning,spring,0.866025,-0.5,-0.5,0.866025,spring_morning
1536675_clip001_s000,resources/site_257_bowra-dry-a/downloaded_clips/site_257_item_1536675/site_257_item_1536675_clip_001.webm,13.421,24.636,11.215,morning,spring,0.866025,-0.5,-1.0,-0.0,spring_morning
1536675_clip002_s000,resources/site_257_bowra-dry-a/downloaded_clips/site_257_item_1536675/site_257_item_1536675_clip_002.webm,25.913,36.107,10.194,morning,spring,0.866025,-0.5,-1.0,-0.0,spring_morning
1536675_clip002_s001,resources/site_257_bowra-dry-a/downloaded_clips/site_257_item_1536675/site_257_item_1536675_clip_002.webm,261.573,271.65,10.077,morning,spring,0.866025,-0.5,-1.0,-0.0,spring_morning
1536675_clip003_s000,resources/site_257_bowra-dry-a/downloaded_clips/site_257_item_1536675/site_257_item_1536675_clip_003.webm,255.652,266.449,10.797,morning,spring,0.866025,-0.5,-1.0,-0.0,spring_morning
1536675_clip006_s000,resources/site_257_bowra-dry-a/downloaded_clips/site_257_item_1536675/site_257_item_1536675_clip_006.webm,272.277,283.818,11.54,morning,spring,0.866025,-0.5,-1.0,-0.0,spring_morning
1536675_clip011_s000,resources/site_257_bowra-dry-a/downloaded_clips/site_257_item_1536675/site_257_item_1536675_clip_011.webm,18.483,31.347,12.864,morning,spring,0.866025,-0.5,-1.0,-0.0,spring_morning
1536675_clip011_s001,resources/site_257_bowra-dry-a/downloaded_clips/site_257_item_1536675/site_257_item_1536675_clip_011.webm,65.248,77.88,12.632,morning,spring,0.866025,-0.5,-1.0,-0.0,spring_morning
1536675_clip013_s000,resources/site_257_bowra-dry-a/downloaded_clips/site_257_item_1536675/site_257_item_1536675_clip_013.webm,239.607,251.379,11.773,morning,spring,0.866025,-0.5,-1.0,-0.0,spring_morning
1536675_clip013_s001,resources/site_257_bowra-dry-a/downloaded_clips/site_257_item_1536675/site_257_item_1536675_clip_013.webm,279.406,293.105,13.7,morning,spring,0.866025,-0.5,-1.0,-0.0,spring_morning
1536675_clip014_s000,resources/site_257_bowra-dry-a/downloaded_clips/site_257_item_1536675/site_257_item_1536675_clip_014.webm,9.358,24.869,15.511,morning,spring,0.866025,-0.5,-1.0,-0.0,spring_morning
1536675_clip017_s000,resources/site_257_bowra-dry-a/downloaded_clips/site_257_item_1536675/site_257_item_1536675_clip_017.webm,68.011,80.805,12.794,morning,spring,0.866025,-0.5,-1.0,-0.0,spring_morning
1536675_clip018_s000,resources/site_257_bowra-dry-a/downloaded_clips/site_257_item_1536675/site_257_item_1536675_clip_018.webm,15.906,26.146,10.24,morning,spring,0.866025,-0.5,-1.0,-0.0,spring_morning
1536675_clip020_s000,resources/site_257_bowra-dry-a/downloaded_clips/site_257_item_1536675/site_257_item_1536675_clip_020.webm,89.234,105.767,16.533,morning,spring,0.866025,-0.5,-1.0,-0.0,spring_morning
1536675_clip021_s000,resources/site_257_bowra-dry-a/downloaded_clips/site_257_item_1536675/site_257_item_1536675_clip_021.webm,237.145,249.475,12.33,morning,spring,0.866025,-0.5,-1.0,-0.0,spring_morning
1536675_clip022_s000,resources/site_257_bowra-dry-a/downloaded_clips/site_257_item_1536675/site_257_item_1536675_clip_022.webm,117.075,131.587,14.512,morning,spring,0.866025,-0.5,-1.0,-0.0,spring_morning
1536675_clip022_s001,resources/site_257_bowra-dry-a/downloaded_clips/site_257_item_1536675/site_257_item_1536675_clip_022.webm,151.069,163.585,12.516,morning,spring,0.866025,-0.5,-1.0,-0.0,spring_morning
1536675_clip022_s002,resources/site_257_bowra-dry-a/downloaded_clips/site_257_item_1536675/site_257_item_1536675_clip_022.webm,205.079,216.712,11.633,morning,spring,0.866025,-0.5,-1.0,-0.0,spring_morning
1536675_clip023_s000,resources/site_257_bowra-dry-a/downloaded_clips/site_257_item_1536675/site_257_item_1536675_clip_023.webm,169.808,181.58,11.773,morning,spring,0.866025,-0.5,-1.0,-0.0,spring_morning
1668395_clip020_s000,resources/site_257_bowra-dry-a/downloaded_clips/site_257_item_1668395/site_257_item_1668395_clip_020.webm,195.489,208.817,13.328,morning,spring,0.866025,-0.5,-0.5,0.866025,spring_morning
1668453_clip006_s000,resources/site_257_bowra-dry-a/downloaded_clips/site_257_item_1668453/site_257_item_1668453_clip_006.webm,228.74,239.142,10.403,morning,spring,0.866025,-0.5,-0.5,0.866025,spring_morning
1668453_clip011_s000,resources/site_257_bowra-dry-a/downloaded_clips/site_257_item_1668453/site_257_item_1668453_clip_011.webm,173.244,185.736,12.492,morning,spring,0.866025,-0.5,-0.5,0.866025,spring_morning
1668453_clip018_s000,resources/site_257_bowra-dry-a/downloaded_clips/site_257_item_1668453/site_257_item_1668453_clip_018.webm,46.068,57.841,11.773,morning,spring,0.866025,-0.5,-0.5,0.866025,spring_morning
1668453_clip019_s000,resources/site_257_bowra-dry-a/downloaded_clips/site_257_item_1668453/site_257_item_1668453_clip_019.webm,196.232,206.588,10.356,morning,spring,0.866025,-0.5,-0.5,0.866025,spring_morning
1668453_clip020_s000,resources/site_257_bowra-dry-a/downloaded_clips/site_257_item_1668453/site_257_item_1668453_clip_020.webm,131.471,144.405,12.934,morning,spring,0.866025,-0.5,-0.5,0.866025,spring_morning
1668453_clip020_s001,resources/site_257_bowra-dry-a/downloaded_clips/site_257_item_1668453/site_257_item_1668453_clip_020.webm,155.016,169.877,14.861,morning,spring,0.866025,-0.5,-0.5,0.866025,spring_morning
1668453_clip020_s002,resources/site_257_bowra-dry-a/downloaded_clips/site_257_item_1668453/site_257_item_1668453_clip_020.webm,223.771,243.229,19.458,morning,spring,0.866025,-0.5,-0.5,0.866025,spring_morning
1668453_clip021_s000,resources/site_257_bowra-dry-a/downloaded_clips/site_257_item_1668453/site_257_item_1668453_clip_021.webm,168.6,181.069,12.469,morning,spring,0.866025,-0.5,-0.5,0.866025,spring_morning
1668453_clip023_s000,resources/site_257_bowra-dry-a/downloaded_clips/site_257_item_1668453/site_257_item_1668453_clip_023.webm,122.996,133.7,10.704,morning,spring,0.866025,-0.5,-0.5,0.866025,spring_morning
1677131_clip001_s000,resources/site_257_bowra-dry-a/downloaded_clips/site_257_item_1677131/site_257_item_1677131_clip_001.webm,256.418,270.025,13.607,morning,spring,0.866025,-0.5,-0.866025,0.5,spring_morning
1677131_clip012_s000,resources/site_257_bowra-dry-a/downloaded_clips/site_257_item_1677131/site_257_item_1677131_clip_012.webm,173.778,184.111,10.333,morning,spring,0.866025,-0.5,-0.866025,0.5,spring_morning
1677131_clip012_s001,resources/site_257_bowra-dry-a/downloaded_clips/site_257_item_1677131/site_257_item_1677131_clip_012.webm,198.507,209.467,10.96,morning,spring,0.866025,-0.5,-0.866025,0.5,spring_morning
1677131_clip013_s000,resources/site_257_bowra-dry-a/downloaded_clips/site_257_item_1677131/site_257_item_1677131_clip_013.webm,90.767,101.448,10.681,morning,spring,0.866025,-0.5,-0.866025,0.5,spring_morning
1677131_clip015_s000,resources/site_257_bowra-dry-a/downloaded_clips/site_257_item_1677131/site_257_item_1677131_clip_015.webm,219.266,232.176,12.91,morning,spring,0.866025,-0.5,-0.866025,0.5,spring_morning
1677131_clip016_s000,resources/site_257_bowra-dry-a/downloaded_clips/site_257_item_1677131/site_257_item_1677131_clip_016.webm,178.747,190.45,11.703,morning,spring,0.866025,-0.5,-0.866025,0.5,spring_morning
1677131_clip016_s001,resources/site_257_bowra-dry-a/downloaded_clips/site_257_item_1677131/site_257_item_1677131_clip_016.webm,276.155,289.019,12.864,morning,spring,0.866025,-0.5,-0.866025,0.5,spring_morning
1677131_clip017_s000,resources/site_257_bowra-dry-a/downloaded_clips/site_257_item_1677131/site_257_item_1677131_clip_017.webm,229.413,239.444,10.031,morning,spring,0.866025,-0.5,-0.866025,0.5,spring_morning
1677131_clip018_s000,resources/site_257_bowra-dry-a/downloaded_clips/site_257_item_1677131/site_257_item_1677131_clip_018.webm,170.202,182.114,11.912,morning,spring,0.866025,-0.5,-0.866025,0.5,spring_morning
1677131_clip018_s001,resources/site_257_bowra-dry-a/downloaded_clips/site_257_item_1677131/site_257_item_1677131_clip_018.webm,194.305,206.007,11.703,morning,spring,0.866025,-0.5,-0.866025,0.5,spring_morning
1677131_clip020_s000,resources/site_257_bowra-dry-a/downloaded_clips/site_257_item_1677131/site_257_item_1677131_clip_020.webm,76.626,86.843,10.217,morning,spring,0.866025,-0.5,-0.866025,0.5,spring_morning
1677131_clip024_s000,resources/site_257_bowra-dry-a/downloaded_clips/site_257_item_1677131/site_257_item_1677131_clip_024.webm,150.071,160.287,10.217,morning,spring,0.866025,-0.5,-0.866025,0.5,spring_morning
1678750_clip016_s000,resources/site_257_bowra-dry-a/downloaded_clips/site_257_item_1678750/site_257_item_1678750_clip_016.webm,18.413,32.694,14.28,morning,spring,0.866025,-0.5,-0.866025,0.5,spring_morning
1678750_clip018_s000,resources/site_257_bowra-dry-a/downloaded_clips/site_257_item_1678750/site_257_item_1678750_clip_018.webm,169.088,180.257,11.169,morning,spring,0.866025,-0.5,-0.866025,0.5,spring_morning
1678750_clip021_s000,resources/site_257_bowra-dry-a/downloaded_clips/site_257_item_1678750/site_257_item_1678750_clip_021.webm,69.66,79.83,10.17,morning,spring,0.866025,-0.5,-0.866025,0.5,spring_morning
214510_clip010_s000,resources/site_257_bowra-dry-a/downloaded_clips/site_257_item_214510/site_257_item_214510_clip_010.webm,201.41,211.65,10.24,morning,spring,0.866025,-0.5,-0.866025,0.5,spring_morning
214510_clip013_s000,resources/site_257_bowra-dry-a/downloaded_clips/site_257_item_214510/site_257_item_214510_clip_013.webm,151.65,162.4,10.751,morning,spring,0.866025,-0.5,-0.866025,0.5,spring_morning
214510_clip016_s000,resources/site_257_bowra-dry-a/downloaded_clips/site_257_item_214510/site_257_item_214510_clip_016.webm,246.364,258.09,11.726,morning,spring,0.866025,-0.5,-0.866025,0.5,spring_morning
214510_clip018_s000,resources/site_257_bowra-dry-a/downloaded_clips/site_257_item_214510/site_257_item_214510_clip_018.webm,187.757,197.788,10.031,morning,spring,0.866025,-0.5,-0.866025,0.5,spring_morning
214510_clip018_s001,resources/site_257_bowra-dry-a/downloaded_clips/site_257_item_214510/site_257_item_214510_clip_018.webm,204.545,214.715,10.17,morning,spring,0.866025,-0.5,-0.866025,0.5,spring_morning
214510_clip020_s000,resources/site_257_bowra-dry-a/downloaded_clips/site_257_item_214510/site_257_item_214510_clip_020.webm,32.136,46.811,14.675,morning,spring,0.866025,-0.5,-0.866025,0.5,spring_morning
214510_clip021_s000,resources/site_257_bowra-dry-a/downloaded_clips/site_257_item_214510/site_257_item_214510_clip_021.webm,53.847,64.505,10.658,morning,spring,0.866025,-0.5,-0.866025,0.5,spring_morning
214510_clip024_s000,resources/site_257_bowra-dry-a/downloaded_clips/site_257_item_214510/site_257_item_214510_clip_024.webm,208.701,221.077,12.376,morning,spring,0.866025,-0.5,-0.866025,0.5,spring_morning
214655_clip003_s000,resources/site_257_bowra-dry-a/downloaded_clips/site_257_item_214655/site_257_item_214655_clip_003.webm,259.971,276.41,16.44,morning,spring,0.866025,-0.5,-0.5,0.866025,spring_morning
214655_clip004_s000,resources/site_257_bowra-dry-a/downloaded_clips/site_257_item_214655/site_257_item_214655_clip_004.webm,32.206,44.698,12.492,morning,spring,0.866025,-0.5,-0.5,0.866025,spring_morning
214655_clip008_s000,resources/site_257_bowra-dry-a/downloaded_clips/site_257_item_214655/site_257_item_214655_clip_008.webm,60.256,71.657,11.401,morning,spring,0.866025,-0.5,-0.5,0.866025,spring_morning
214655_clip009_s000,resources/site_257_bowra-dry-a/downloaded_clips/site_257_item_214655/site_257_item_214655_clip_009.webm,86.123,104.652,18.53,morning,spring,0.866025,-0.5,-0.5,0.866025,spring_morning
214655_clip009_s001,resources/site_257_bowra-dry-a/downloaded_clips/site_257_item_214655/site_257_item_214655_clip_009.webm,222.238,233.035,10.797,morning,spring,0.866025,-0.5,-0.5,0.866025,spring_morning
214655_clip010_s000,resources/site_257_bowra-dry-a/downloaded_clips/site_257_item_214655/site_257_item_214655_clip_010.webm,112.06,122.392,10.333,morning,spring,0.866025,-0.5,-0.5,0.866025,spring_morning
214655_clip010_s001,resources/site_257_bowra-dry-a/downloaded_clips/site_257_item_214655/site_257_item_214655_clip_010.webm,257.974,268.725,10.751,morning,spring,0.866025,-0.5,-0.5,0.866025,spring_morning
214655_clip012_s000,resources/site_257_bowra-dry-a/downloaded_clips/site_257_item_214655/site_257_item_214655_clip_012.webm,61.022,78.274,17.252,morning,spring,0.866025,-0.5,-0.5,0.866025,spring_morning
214655_clip012_s001,resources/site_257_bowra-dry-a/downloaded_clips/site_257_item_214655/site_257_item_214655_clip_012.webm,133.608,144.08,10.472,morning,spring,0.866025,-0.5,-0.5,0.866025,spring_morning
214655_clip013_s000,resources/site_257_bowra-dry-a/downloaded_clips/site_257_item_214655/site_257_item_214655_clip_013.webm,66.618,81.595,14.977,morning,spring,0.866025,-0.5,-0.5,0.866025,spring_morning
214655_clip021_s000,resources/site_257_bowra-dry-a/downloaded_clips/site_257_item_214655/site_257_item_214655_clip_021.webm,152.811,163.422,10.612,morning,spring,0.866025,-0.5,-0.5,0.866025,spring_morning
214836_clip017_s000,resources/site_257_bowra-dry-a/downloaded_clips/site_257_item_214836/site_257_item_214836_clip_017.webm,156.851,167.439,10.588,morning,spring,0.866025,-0.5,-0.5,0.866025,spring_morning
445580_clip011_s000,resources/site_257_bowra-dry-a/downloaded_clips/site_257_item_445580/site_257_item_445580_clip_011.webm,80.829,94.923,14.095,morning,spring,0.866025,-0.5,-1.0,-0.0,spring_morning
445580_clip012_s000,resources/site_257_bowra-dry-a/downloaded_clips/site_257_item_445580/site_257_item_445580_clip_012.webm,71.401,81.409,10.008,morning,spring,0.866025,-0.5,-1.0,-0.0,spring_morning
445580_clip013_s000,resources/site_257_bowra-dry-a/downloaded_clips/site_257_item_445580/site_257_item_445580_clip_013.webm,101.355,114.103,12.748,morning,spring,0.866025,-0.5,-1.0,-0.0,spring_morning
445580_clip014_s000,resources/site_257_bowra-dry-a/downloaded_clips/site_257_item_445580/site_257_item_445580_clip_014.webm,139.9,150.767,10.867,morning,spring,0.866025,-0.5,-1.0,-0.0,spring_morning
445580_clip016_s000,resources/site_257_bowra-dry-a/downloaded_clips/site_257_item_445580/site_257_item_445580_clip_016.webm,236.147,249.615,13.468,morning,spring,0.866025,-0.5,-1.0,-0.0,spring_morning
445580_clip019_s000,resources/site_257_bowra-dry-a/downloaded_clips/site_257_item_445580/site_257_item_445580_clip_019.webm,139.854,151.348,11.494,morning,spring,0.866025,-0.5,-1.0,-0.0,spring_morning
445765_clip001_s000,resources/site_257_bowra-dry-a/downloaded_clips/site_257_item_445765/site_257_item_445765_clip_001.webm,163.863,177.424,13.56,morning,spring,0.866025,-0.5,-1.0,-0.0,spring_morning
445765_clip002_s000,resources/site_257_bowra-dry-a/downloaded_clips/site_257_item_445765/site_257_item_445765_clip_002.webm,218.059,228.391,10.333,morning,spring,0.866025,-0.5,-1.0,-0.0,spring_morning
445765_clip018_s000,resources/site_257_bowra-dry-a/downloaded_clips/site_257_item_445765/site_257_item_445765_clip_018.webm,51.641,62.694,11.053,morning,spring,0.866025,-0.5,-1.0,-0.0,spring_morning
445765_clip022_s000,resources/site_257_bowra-dry-a/downloaded_clips/site_257_item_445765/site_257_item_445765_clip_022.webm,95.086,107.276,12.19,morning,spring,0.866025,-0.5,-1.0,-0.0,spring_morning
445765_clip022_s001,resources/site_257_bowra-dry-a/downloaded_clips/site_257_item_445765/site_257_item_445765_clip_022.webm,239.375,250.032,10.658,morning,spring,0.866025,-0.5,-1.0,-0.0,spring_morning
445765_clip024_s000,resources/site_257_bowra-dry-a/downloaded_clips/site_257_item_445765/site_257_item_445765_clip_024.webm,63.414,80.248,16.834,morning,spring,0.866025,-0.5,-1.0,-0.0,spring_morning
4887_clip002_s000,resources/site_257_bowra-dry-a/downloaded_clips/site_257_item_4887/site_257_item_4887_clip_002.webm,138.832,149.862,11.029,morning,spring,0.866025,-0.5,-0.866025,0.5,spring_morning
4887_clip002_s001,resources/site_257_bowra-dry-a/downloaded_clips/site_257_item_4887/site_257_item_4887_clip_002.webm,176.077,189.73,13.653,morning,spring,0.866025,-0.5,-0.866025,0.5,spring_morning
4887_clip004_s000,resources/site_257_bowra-dry-a/downloaded_clips/site_257_item_4887/site_257_item_4887_clip_004.webm,269.189,279.313,10.124,morning,spring,0.866025,-0.5,-0.866025,0.5,spring_morning
4887_clip008_s000,resources/site_257_bowra-dry-a/downloaded_clips/site_257_item_4887/site_257_item_4887_clip_008.webm,43.445,57.168,13.723,morning,spring,0.866025,-0.5,-0.866025,0.5,spring_morning
4887_clip008_s001,resources/site_257_bowra-dry-a/downloaded_clips/site_257_item_4887/site_257_item_4887_clip_008.webm,84.939,95.132,10.194,morning,spring,0.866025,-0.5,-0.866025,0.5,spring_morning
4887_clip009_s000,resources/site_257_bowra-dry-a/downloaded_clips/site_257_item_4887/site_257_item_4887_clip_009.webm,173.244,184.088,10.844,morning,spring,0.866025,-0.5,-0.866025,0.5,spring_morning
4887_clip009_s001,resources/site_257_bowra-dry-a/downloaded_clips/site_257_item_4887/site_257_item_4887_clip_009.webm,204.057,214.158,10.101,morning,spring,0.866025,-0.5,-0.866025,0.5,spring_morning
4887_clip011_s000,resources/site_257_bowra-dry-a/downloaded_clips/site_257_item_4887/site_257_item_4887_clip_011.webm,219.591,231.457,11.865,morning,spring,0.866025,-0.5,-0.866025,0.5,spring_morning
4887_clip019_s000,resources/site_257_bowra-dry-a/downloaded_clips/site_257_item_4887/site_257_item_4887_clip_019.webm,9.009,19.505,10.495,morning,spring,0.866025,-0.5,-0.866025,0.5,spring_morning
4887_clip019_s001,resources/site_257_bowra-dry-a/downloaded_clips/site_257_item_4887/site_257_item_4887_clip_019.webm,80.666,93.344,12.678,morning,spring,0.866025,-0.5,-0.866025,0.5,spring_morning
4887_clip019_s002,resources/site_257_bowra-dry-a/downloaded_clips/site_257_item_4887/site_257_item_4887_clip_019.webm,106.278,116.959,10.681,morning,spring,0.866025,-0.5,-0.866025,0.5,spring_morning
4887_clip021_s000,resources/site_257_bowra-dry-a/downloaded_clips/site_257_item_4887/site_257_item_4887_clip_021.webm,68.476,81.502,13.026,morning,spring,0.866025,-0.5,-0.866025,0.5,spring_morning
4887_clip023_s000,resources/site_257_bowra-dry-a/downloaded_clips/site_257_item_4887/site_257_item_4887_clip_023.webm,257.765,268.005,10.24,morning,spring,0.866025,-0.5,-0.866025,0.5,spring_morning
5425_clip005_s000,resources/site_257_bowra-dry-a/downloaded_clips/site_257_item_5425/site_257_item_5425_clip_005.webm,213.763,225.419,11.656,morning,spring,0.866025,-0.5,-1.0,-0.0,spring_morning
5425_clip005_s001,resources/site_257_bowra-dry-a/downloaded_clips/site_257_item_5425/site_257_item_5425_clip_005.webm,261.968,271.975,10.008,morning,spring,0.866025,-0.5,-1.0,-0.0,spring_morning
5425_clip018_s000,resources/site_257_bowra-dry-a/downloaded_clips/site_257_item_5425/site_257_item_5425_clip_018.webm,199.506,211.859,12.353,morning,spring,0.866025,-0.5,-1.0,-0.0,spring_morning
5425_clip023_s000,resources/site_257_bowra-dry-a/downloaded_clips/site_257_item_5425/site_257_item_5425_clip_023.webm,185.597,196.696,11.099,morning,spring,0.866025,-0.5,-1.0,-0.0,spring_morning
4801_clip006_s000,resources/site_257_bowra-dry-a/downloaded_clips/site_257_item_4801/site_257_item_4801_clip_006.webm,192.122,204.939,12.817,morning,spring,0.866025,-0.5,-1.0,-0.0,spring_morning
4801_clip010_s000,resources/site_257_bowra-dry-a/downloaded_clips/site_257_item_4801/site_257_item_4801_clip_010.webm,104.327,116.286,11.958,morning,spring,0.866025,-0.5,-1.0,-0.0,spring_morning
4801_clip015_s000,resources/site_257_bowra-dry-a/downloaded_clips/site_257_item_4801/site_257_item_4801_clip_015.webm,250.59,261.41,10.82,morning,spring,0.866025,-0.5,-1.0,-0.0,spring_morning
4801_clip016_s000,resources/site_257_bowra-dry-a/downloaded_clips/site_257_item_4801/site_257_item_4801_clip_016.webm,185.388,195.767,10.379,morning,spring,0.866025,-0.5,-1.0,-0.0,spring_morning
4801_clip017_s000,resources/site_257_bowra-dry-a/downloaded_clips/site_257_item_4801/site_257_item_4801_clip_017.webm,117.841,128.848,11.006,morning,spring,0.866025,-0.5,-1.0,-0.0,spring_morning
4801_clip018_s000,resources/site_257_bowra-dry-a/downloaded_clips/site_257_item_4801/site_257_item_4801_clip_018.webm,9.497,19.807,10.31,morning,spring,0.866025,-0.5,-1.0,-0.0,spring_morning
5018_clip016_s000,resources/site_257_bowra-dry-a/downloaded_clips/site_257_item_5018/site_257_item_5018_clip_016.webm,210.303,221.425,11.122,morning,spring,0.866025,-0.5,-1.0,-0.0,spring_morning
5018_clip023_s000,resources/site_257_bowra-dry-a/downloaded_clips/site_257_item_5018/site_257_item_5018_clip_023.webm,178.585,189.591,11.006,morning,spring,0.866025,-0.5,-1.0,-0.0,spring_morning
5340_clip009_s000,resources/site_257_bowra-dry-a/downloaded_clips/site_257_item_5340/site_257_item_5340_clip_009.webm,0.139,10.681,10.542,morning,spring,0.866025,-0.5,-1.0,-0.0,spring_morning
5340_clip016_s000,resources/site_257_bowra-dry-a/downloaded_clips/site_257_item_5340/site_257_item_5340_clip_016.webm,57.539,70.171,12.632,morning,spring,0.866025,-0.5,-1.0,-0.0,spring_morning
5472_clip006_s000,resources/site_257_bowra-dry-a/downloaded_clips/site_257_item_5472/site_257_item_5472_clip_006.webm,70.867,83.035,12.167,morning,spring,0.866025,-0.5,-1.0,-0.0,spring_morning
5472_clip006_s001,resources/site_257_bowra-dry-a/downloaded_clips/site_257_item_5472/site_257_item_5472_clip_006.webm,101.03,112.176,11.146,morning,spring,0.866025,-0.5,-1.0,-0.0,spring_morning
5472_clip018_s000,resources/site_257_bowra-dry-a/downloaded_clips/site_257_item_5472/site_257_item_5472_clip_018.webm,64.18,75.302,11.122,morning,spring,0.866025,-0.5,-1.0,-0.0,spring_morning
5472_clip019_s000,resources/site_257_bowra-dry-a/downloaded_clips/site_257_item_5472/site_257_item_5472_clip_019.webm,83.429,95.271,11.842,morning,spring,0.866025,-0.5,-1.0,-0.0,spring_morning
5472_clip020_s000,resources/site_257_bowra-dry-a/downloaded_clips/site_257_item_5472/site_257_item_5472_clip_020.webm,55.658,65.945,10.286,morning,spring,0.866025,-0.5,-1.0,-0.0,spring_morning
5472_clip020_s001,resources/site_257_bowra-dry-a/downloaded_clips/site_257_item_5472/site_257_item_5472_clip_020.webm,103.77,114.173,10.403,morning,spring,0.866025,-0.5,-1.0,-0.0,spring_morning
5472_clip022_s000,resources/site_257_bowra-dry-a/downloaded_clips/site_257_item_5472/site_257_item_5472_clip_022.webm,162.563,173.035,10.472,morning,spring,0.866025,-0.5,-1.0,-0.0,spring_morning
214452_clip006_s000,resources/site_257_bowra-dry-a/downloaded_clips/site_257_item_214452/site_257_item_214452_clip_006.webm,71.076,82.431,11.355,morning,spring,0.866025,-0.5,-0.866025,0.5,spring_morning
214452_clip009_s000,resources/site_257_bowra-dry-a/downloaded_clips/site_257_item_214452/site_257_item_214452_clip_009.webm,85.751,96.015,10.263,morning,spring,0.866025,-0.5,-0.866025,0.5,spring_morning
214452_clip012_s000,resources/site_257_bowra-dry-a/downloaded_clips/site_257_item_214452/site_257_item_214452_clip_012.webm,129.892,140.759,10.867,morning,spring,0.866025,-0.5,-0.866025,0.5,spring_morning
214452_clip013_s000,resources/site_257_bowra-dry-a/downloaded_clips/site_257_item_214452/site_257_item_214452_clip_013.webm,167.718,179.258,11.54,morning,spring,0.866025,-0.5,-0.866025,0.5,spring_morning
214667_clip014_s000,resources/site_257_bowra-dry-a/downloaded_clips/site_257_item_214667/site_257_item_214667_clip_014.webm,50.62,60.743,10.124,morning,spring,0.866025,-0.5,-0.5,0.866025,spring_morning
214793_clip018_s000,resources/site_257_bowra-dry-a/downloaded_clips/site_257_item_214793/site_257_item_214793_clip_018.webm,107.648,123.739,16.091,morning,spring,0.866025,-0.5,-0.5,0.866025,spring_morning
214793_clip022_s000,resources/site_257_bowra-dry-a/downloaded_clips/site_257_item_214793/site_257_item_214793_clip_022.webm,44.629,56.192,11.564,morning,spring,0.866025,-0.5,-0.5,0.866025,spring_morning
214793_clip024_s000,resources/site_257_bowra-dry-a/downloaded_clips/site_257_item_214793/site_257_item_214793_clip_024.webm,227.95,244.483,16.533,morning,spring,0.866025,-0.5,-0.5,0.866025,spring_morning
214897_clip001_s000,resources/site_257_bowra-dry-a/downloaded_clips/site_257_item_214897/site_257_item_214897_clip_001.webm,121.603,133.19,11.587,morning,spring,0.866025,-0.5,-0.5,0.866025,spring_morning
214897_clip018_s000,resources/site_257_bowra-dry-a/downloaded_clips/site_257_item_214897/site_257_item_214897_clip_018.webm,141.27,153.043,11.773,morning,spring,0.866025,-0.5,-0.5,0.866025,spring_morning
5033_clip008_s000,resources/site_257_bowra-dry-a/downloaded_clips/site_257_item_5033/site_257_item_5033_clip_008.webm,85.775,96.874,11.099,morning,spring,0.866025,-0.5,-0.866025,0.5,spring_morning
5033_clip013_s000,resources/site_257_bowra-dry-a/downloaded_clips/site_257_item_5033/site_257_item_5033_clip_013.webm,80.387,91.765,11.378,morning,spring,0.866025,-0.5,-0.866025,0.5,spring_morning
5033_clip013_s001,resources/site_257_bowra-dry-a/downloaded_clips/site_257_item_5033/site_257_item_5033_clip_013.webm,242.881,252.912,10.031,morning,spring,0.866025,-0.5,-0.866025,0.5,spring_morning
5082_clip017_s000,resources/site_257_bowra-dry-a/downloaded_clips/site_257_item_5082/site_257_item_5082_clip_017.webm,66.386,80.48,14.095,morning,spring,0.866025,-0.5,-0.866025,0.5,spring_morning
5082_clip019_s000,resources/site_257_bowra-dry-a/downloaded_clips/site_257_item_5082/site_257_item_5082_clip_019.webm,32.415,43.816,11.401,morning,spring,0.866025,-0.5,-0.866025,0.5,spring_morning
445598_clip017_s000,resources/site_257_bowra-dry-a/downloaded_clips/site_257_item_445598/site_257_item_445598_clip_017.webm,89.908,101.634,11.726,morning,spring,0.866025,-0.5,-1.0,-0.0,spring_morning
445699_clip005_s000,resources/site_257_bowra-dry-a/downloaded_clips/site_257_item_445699/site_257_item_445699_clip_005.webm,233.082,244.274,11.192,morning,spring,0.866025,-0.5,-1.0,-0.0,spring_morning
445735_clip001_s000,resources/site_257_bowra-dry-a/downloaded_clips/site_257_item_445735/site_257_item_445735_clip_001.webm,137.88,148.097,10.217,morning,spring,0.866025,-0.5,-1.0,-0.0,spring_morning
445735_clip001_s001,resources/site_257_bowra-dry-a/downloaded_clips/site_257_item_445735/site_257_item_445735_clip_001.webm,158.778,176.356,17.578,morning,spring,0.866025,-0.5,-1.0,-0.0,spring_morning
445735_clip004_s000,resources/site_257_bowra-dry-a/downloaded_clips/site_257_item_445735/site_257_item_445735_clip_004.webm,115.984,126.572,10.588,morning,spring,0.866025,-0.5,-1.0,-0.0,spring_morning
445735_clip005_s000,resources/site_257_bowra-dry-a/downloaded_clips/site_257_item_445735/site_257_item_445735_clip_005.webm,65.318,77.996,12.678,morning,spring,0.866025,-0.5,-1.0,-0.0,spring_morning
445735_clip005_s001,resources/site_257_bowra-dry-a/downloaded_clips/site_257_item_445735/site_257_item_445735_clip_005.webm,142.872,157.06,14.187,morning,spring,0.866025,-0.5,-1.0,-0.0,spring_morning
445735_clip006_s000,resources/site_257_bowra-dry-a/downloaded_clips/site_257_item_445735/site_257_item_445735_clip_006.webm,67.222,78.53,11.308,morning,spring,0.866025,-0.5,-1.0,-0.0,spring_morning
445735_clip007_s000,resources/site_257_bowra-dry-a/downloaded_clips/site_257_item_445735/site_257_item_445735_clip_007.webm,213.949,224.258,10.31,morning,spring,0.866025,-0.5,-1.0,-0.0,spring_morning
445735_clip008_s000,resources/site_257_bowra-dry-a/downloaded_clips/site_257_item_445735/site_257_item_445735_clip_008.webm,115.334,130.218,14.884,morning,spring,0.866025,-0.5,-1.0,-0.0,spring_morning
445735_clip008_s001,resources/site_257_bowra-dry-a/downloaded_clips/site_257_item_445735/site_257_item_445735_clip_008.webm,178.492,194.746,16.254,morning,spring,0.866025,-0.5,-1.0,-0.0,spring_morning
445735_clip008_s002,resources/site_257_bowra-dry-a/downloaded_clips/site_257_item_445735/site_257_item_445735_clip_008.webm,219.173,230.412,11.238,morning,spring,0.866025,-0.5,-1.0,-0.0,spring_morning
445735_clip009_s000,resources/site_257_bowra-dry-a/downloaded_clips/site_257_item_445735/site_257_item_445735_clip_009.webm,194.955,209.839,14.884,morning,spring,0.866025,-0.5,-1.0,-0.0,spring_morning
445735_clip012_s000,resources/site_257_bowra-dry-a/downloaded_clips/site_257_item_445735/site_257_item_445735_clip_012.webm,38.266,50.202,11.935,morning,spring,0.866025,-0.5,-1.0,-0.0,spring_morning
445735_clip013_s000,resources/site_257_bowra-dry-a/downloaded_clips/site_257_item_445735/site_257_item_445735_clip_013.webm,28.886,40.31,11.424,morning,spring,0.866025,-0.5,-1.0,-0.0,spring_morning
445735_clip014_s000,resources/site_257_bowra-dry-a/downloaded_clips/site_257_item_445735/site_257_item_445735_clip_014.webm,30.395,44.466,14.071,morning,spring,0.866025,-0.5,-1.0,-0.0,spring_morning
445735_clip017_s000,resources/site_257_bowra-dry-a/downloaded_clips/site_257_item_445735/site_257_item_445735_clip_017.webm,90.767,101.378,10.612,morning,spring,0.866025,-0.5,-1.0,-0.0,spring_morning
445735_clip017_s001,resources/site_257_bowra-dry-a/downloaded_clips/site_257_item_445735/site_257_item_445735_clip_017.webm,147.934,158.43,10.495,morning,spring,0.866025,-0.5,-1.0,-0.0,spring_morning
445735_clip018_s000,resources/site_257_bowra-dry-a/downloaded_clips/site_257_item_445735/site_257_item_445735_clip_018.webm,214.297,225.35,11.053,morning,spring,0.866025,-0.5,-1.0,-0.0,spring_morning
1399541_clip013_s000,resources/site_257_bowra-dry-a/downloaded_clips/site_257_item_1399541/site_257_item_1399541_clip_013.webm,154.227,165.047,10.82,morning,spring,0.866025,-0.5,-1.0,-0.0,spring_morning
1400177_clip003_s000,resources/site_257_bowra-dry-a/downloaded_clips/site_257_item_1400177/site_257_item_1400177_clip_003.webm,33.808,46.37,12.562,morning,spring,0.866025,-0.5,-1.0,-0.0,spring_morning
1400177_clip005_s000,resources/site_257_bowra-dry-a/downloaded_clips/site_257_item_1400177/site_257_item_1400177_clip_005.webm,5.944,19.807,13.862,morning,spring,0.866025,-0.5,-1.0,-0.0,spring_morning
1400177_clip020_s000,resources/site_257_bowra-dry-a/downloaded_clips/site_257_item_1400177/site_257_item_1400177_clip_020.webm,213.391,223.864,10.472,morning,spring,0.866025,-0.5,-1.0,-0.0,spring_morning
1400383_clip014_s000,resources/site_257_bowra-dry-a/downloaded_clips/site_257_item_1400383/site_257_item_1400383_clip_014.webm,65.039,75.511,10.472,morning,spring,0.5,-0.866025,-0.866025,0.5,spring_morning
1400645_clip007_s000,resources/site_257_bowra-dry-a/downloaded_clips/site_257_item_1400645/site_257_item_1400645_clip_007.webm,24.172,34.482,10.31,morning,spring,0.866025,-0.5,-1.0,-0.0,spring_morning
1400645_clip007_s001,resources/site_257_bowra-dry-a/downloaded_clips/site_257_item_1400645/site_257_item_1400645_clip_007.webm,52.825,64.412,11.587,morning,spring,0.866025,-0.5,-1.0,-0.0,spring_morning
1400645_clip007_s002,resources/site_257_bowra-dry-a/downloaded_clips/site_257_item_1400645/site_257_item_1400645_clip_007.webm,244.994,255.048,10.054,morning,spring,0.866025,-0.5,-1.0,-0.0,spring_morning
1400645_clip016_s000,resources/site_257_bowra-dry-a/downloaded_clips/site_257_item_1400645/site_257_item_1400645_clip_016.webm,40.867,52.849,11.981,morning,spring,0.866025,-0.5,-1.0,-0.0,spring_morning
1400803_clip004_s000,resources/site_257_bowra-dry-a/downloaded_clips/site_257_item_1400803/site_257_item_1400803_clip_004.webm,140.736,152.996,12.26,morning,spring,0.707107,-0.707107,-0.866025,0.5,spring_morning
1400846_clip003_s000,resources/site_257_bowra-dry-a/downloaded_clips/site_257_item_1400846/site_257_item_1400846_clip_003.webm,240.768,252.401,11.633,morning,spring,0.866025,-0.5,-0.866025,0.5,spring_morning
1400846_clip008_s000,resources/site_257_bowra-dry-a/downloaded_clips/site_257_item_1400846/site_257_item_1400846_clip_008.webm,185.086,195.814,10.728,morning,spring,0.866025,-0.5,-0.866025,0.5,spring_morning
1400846_clip010_s000,resources/site_257_bowra-dry-a/downloaded_clips/site_257_item_1400846/site_257_item_1400846_clip_010.webm,259.413,270.512,11.099,morning,spring,0.866025,-0.5,-0.866025,0.5,spring_morning
1400846_clip011_s000,resources/site_257_bowra-dry-a/downloaded_clips/site_257_item_1400846/site_257_item_1400846_clip_011.webm,185.644,195.93,10.286,morning,spring,0.866025,-0.5,-0.866025,0.5,spring_morning
1400846_clip011_s001,resources/site_257_bowra-dry-a/downloaded_clips/site_257_item_1400846/site_257_item_1400846_clip_011.webm,242.579,254.212,11.633,morning,spring,0.866025,-0.5,-0.866025,0.5,spring_morning
1400846_clip013_s000,resources/site_257_bowra-dry-a/downloaded_clips/site_257_item_1400846/site_257_item_1400846_clip_013.webm,146.773,157.501,10.728,morning,spring,0.866025,-0.5,-0.866025,0.5,spring_morning
1400846_clip015_s000,resources/site_257_bowra-dry-a/downloaded_clips/site_257_item_1400846/site_257_item_1400846_clip_015.webm,10.751,22.105,11.355,morning,spring,0.866025,-0.5,-0.866025,0.5,spring_morning
1400846_clip017_s000,resources/site_257_bowra-dry-a/downloaded_clips/site_257_item_1400846/site_257_item_1400846_clip_017.webm,216.967,227.602,10.635,morning,spring,0.866025,-0.5,-0.866025,0.5,spring_morning
1400846_clip018_s000,resources/site_257_bowra-dry-a/downloaded_clips/site_257_item_1400846/site_257_item_1400846_clip_018.webm,262.641,274.042,11.401,morning,spring,0.866025,-0.5,-0.866025,0.5,spring_morning
1400846_clip020_s000,resources/site_257_bowra-dry-a/downloaded_clips/site_257_item_1400846/site_257_item_1400846_clip_020.webm,185.899,197.346,11.447,morning,spring,0.866025,-0.5,-0.866025,0.5,spring_morning
1400846_clip021_s000,resources/site_257_bowra-dry-a/downloaded_clips/site_257_item_1400846/site_257_item_1400846_clip_021.webm,55.612,68.383,12.771,morning,spring,0.866025,-0.5,-0.866025,0.5,spring_morning
1400846_clip021_s001,resources/site_257_bowra-dry-a/downloaded_clips/site_257_item_1400846/site_257_item_1400846_clip_021.webm,200.365,212.881,12.516,morning,spring,0.866025,-0.5,-0.866025,0.5,spring_morning
1400846_clip021_s002,resources/site_257_bowra-dry-a/downloaded_clips/site_257_item_1400846/site_257_item_1400846_clip_021.webm,240.652,255.234,14.582,morning,spring,0.866025,-0.5,-0.866025,0.5,spring_morning
1400846_clip022_s000,resources/site_257_bowra-dry-a/downloaded_clips/site_257_item_1400846/site_257_item_1400846_clip_022.webm,226.998,237.192,10.194,morning,spring,0.866025,-0.5,-0.866025,0.5,spring_morning
1400846_clip023_s000,resources/site_257_bowra-dry-a/downloaded_clips/site_257_item_1400846/site_257_item_1400846_clip_023.webm,159.985,173.058,13.073,morning,spring,0.866025,-0.5,-0.866025,0.5,spring_morning
1401565_clip004_s000,resources/site_257_bowra-dry-a/downloaded_clips/site_257_item_1401565/site_257_item_1401565_clip_004.webm,198.159,210.93,12.771,morning,spring,0.5,-0.866025,-0.866025,0.5,spring_morning
1401565_clip018_s000,resources/site_257_bowra-dry-a/downloaded_clips/site_257_item_1401565/site_257_item_1401565_clip_018.webm,79.528,89.675,10.147,morning,spring,0.5,-0.866025,-0.866025,0.5,spring_morning
1401565_clip019_s000,resources/site_257_bowra-dry-a/downloaded_clips/site_257_item_1401565/site_257_item_1401565_clip_019.webm,169.808,180.071,10.263,morning,spring,0.5,-0.866025,-0.866025,0.5,spring_morning
1401878_clip011_s000,resources/site_257_bowra-dry-a/downloaded_clips/site_257_item_1401878/site_257_item_1401878_clip_011.webm,271.581,282.749,11.169,morning,spring,0.866025,-0.5,-0.5,0.866025,spring_morning
1401889_clip001_s000,resources/site_257_bowra-dry-a/downloaded_clips/site_257_item_1401889/site_257_item_1401889_clip_001.webm,64.598,76.045,11.447,morning,spring,0.866025,-0.5,-0.5,0.866025,spring_morning
1401889_clip004_s000,resources/site_257_bowra-dry-a/downloaded_clips/site_257_item_1401889/site_257_item_1401889_clip_004.webm,138.344,153.066,14.721,morning,spring,0.866025,-0.5,-0.5,0.866025,spring_morning
1401889_clip004_s001,resources/site_257_bowra-dry-a/downloaded_clips/site_257_item_1401889/site_257_item_1401889_clip_004.webm,185.922,197.95,12.028,morning,spring,0.866025,-0.5,-0.5,0.866025,spring_morning
1401889_clip009_s000,resources/site_257_bowra-dry-a/downloaded_clips/site_257_item_1401889/site_257_item_1401889_clip_009.webm,260.969,273.995,13.026,morning,spring,0.866025,-0.5,-0.5,0.866025,spring_morning
1401889_clip011_s000,resources/site_257_bowra-dry-a/downloaded_clips/site_257_item_1401889/site_257_item_1401889_clip_011.webm,161.379,172.826,11.447,morning,spring,0.866025,-0.5,-0.5,0.866025,spring_morning
1401889_clip012_s000,resources/site_257_bowra-dry-a/downloaded_clips/site_257_item_1401889/site_257_item_1401889_clip_012.webm,233.709,246.898,13.189,morning,spring,0.866025,-0.5,-0.5,0.866025,spring_morning
1401889_clip014_s000,resources/site_257_bowra-dry-a/downloaded_clips/site_257_item_1401889/site_257_item_1401889_clip_014.webm,252.865,263.825,10.96,morning,spring,0.866025,-0.5,-0.5,0.866025,spring_morning
1401889_clip014_s001,resources/site_257_bowra-dry-a/downloaded_clips/site_257_item_1401889/site_257_item_1401889_clip_014.webm,278.268,292.85,14.582,morning,spring,0.866025,-0.5,-0.5,0.866025,spring_morning
1401889_clip015_s000,resources/site_257_bowra-dry-a/downloaded_clips/site_257_item_1401889/site_257_item_1401889_clip_015.webm,172.222,183.066,10.844,morning,spring,0.866025,-0.5,-0.5,0.866025,spring_morning
1401889_clip016_s000,resources/site_257_bowra-dry-a/downloaded_clips/site_257_item_1401889/site_257_item_1401889_clip_016.webm,236.704,248.105,11.401,morning,spring,0.866025,-0.5,-0.5,0.866025,spring_morning
1401889_clip017_s000,resources/site_257_bowra-dry-a/downloaded_clips/site_257_item_1401889/site_257_item_1401889_clip_017.webm,201.967,214.529,12.562,morning,spring,0.866025,-0.5,-0.5,0.866025,spring_morning
1401889_clip020_s000,resources/site_257_bowra-dry-a/downloaded_clips/site_257_item_1401889/site_257_item_1401889_clip_020.webm,151.719,161.797,10.077,morning,spring,0.866025,-0.5,-0.5,0.866025,spring_morning
1401889_clip020_s001,resources/site_257_bowra-dry-a/downloaded_clips/site_257_item_1401889/site_257_item_1401889_clip_020.webm,239.909,251.356,11.447,morning,spring,0.866025,-0.5,-0.5,0.866025,spring_morning
1401889_clip021_s000,resources/site_257_bowra-dry-a/downloaded_clips/site_257_item_1401889/site_257_item_1401889_clip_021.webm,173.708,185.017,11.308,morning,spring,0.866025,-0.5,-0.5,0.866025,spring_morning
1401889_clip023_s000,resources/site_257_bowra-dry-a/downloaded_clips/site_257_item_1401889/site_257_item_1401889_clip_023.webm,3.971,19.691,15.72,morning,spring,0.866025,-0.5,-0.5,0.866025,spring_morning
1401889_clip023_s001,resources/site_257_bowra-dry-a/downloaded_clips/site_257_item_1401889/site_257_item_1401889_clip_023.webm,87.377,100.217,12.841,morning,spring,0.866025,-0.5,-0.5,0.866025,spring_morning
1401889_clip024_s000,resources/site_257_bowra-dry-a/downloaded_clips/site_257_item_1401889/site_257_item_1401889_clip_024.webm,225.977,237.865,11.889,morning,spring,0.866025,-0.5,-0.5,0.866025,spring_morning
1401889_clip024_s001,resources/site_257_bowra-dry-a/downloaded_clips/site_257_item_1401889/site_257_item_1401889_clip_024.webm,252.61,265.056,12.446,morning,spring,0.866025,-0.5,-0.5,0.866025,spring_morning
1536217_clip024_s000,resources/site_257_bowra-dry-a/downloaded_clips/site_257_item_1536217/site_257_item_1536217_clip_024.webm,180.907,190.938,10.031,morning,spring,0.866025,-0.5,-1.0,-0.0,spring_morning
1667862_clip005_s000,resources/site_257_bowra-dry-a/downloaded_clips/site_257_item_1667862/site_257_item_1667862_clip_005.webm,179.258,189.707,10.449,morning,spring,0.707107,-0.707107,-0.866025,0.5,spring_morning
1667862_clip006_s000,resources/site_257_bowra-dry-a/downloaded_clips/site_257_item_1667862/site_257_item_1667862_clip_006.webm,201.154,213.461,12.307,morning,spring,0.707107,-0.707107,-0.866025,0.5,spring_morning
1667862_clip007_s000,resources/site_257_bowra-dry-a/downloaded_clips/site_257_item_1667862/site_257_item_1667862_clip_007.webm,247.269,262.85,15.581,morning,spring,0.707107,-0.707107,-0.866025,0.5,spring_morning
1668219_clip002_s000,resources/site_257_bowra-dry-a/downloaded_clips/site_257_item_1668219/site_257_item_1668219_clip_002.webm,16.022,41.239,25.217,morning,spring,0.866025,-0.5,-0.866025,0.5,spring_morning
1668219_clip002_s001,resources/site_257_bowra-dry-a/downloaded_clips/site_257_item_1668219/site_257_item_1668219_clip_002.webm,41.448,54.915,13.468,morning,spring,0.866025,-0.5,-0.866025,0.5,spring_morning
1668219_clip002_s002,resources/site_257_bowra-dry-a/downloaded_clips/site_257_item_1668219/site_257_item_1668219_clip_002.webm,69.404,99.706,30.302,morning,spring,0.866025,-0.5,-0.866025,0.5,spring_morning
1668219_clip002_s003,resources/site_257_bowra-dry-a/downloaded_clips/site_257_item_1668219/site_257_item_1668219_clip_002.webm,140.736,154.157,13.421,morning,spring,0.866025,-0.5,-0.866025,0.5,spring_morning
1668219_clip002_s004,resources/site_257_bowra-dry-a/downloaded_clips/site_257_item_1668219/site_257_item_1668219_clip_002.webm,169.854,186.061,16.208,morning,spring,0.866025,-0.5,-0.866025,0.5,spring_morning
1668219_clip002_s005,resources/site_257_bowra-dry-a/downloaded_clips/site_257_item_1668219/site_257_item_1668219_clip_002.webm,186.712,202.85,16.138,morning,spring,0.866025,-0.5,-0.866025,0.5,spring_morning
1668219_clip002_s006,resources/site_257_bowra-dry-a/downloaded_clips/site_257_item_1668219/site_257_item_1668219_clip_002.webm,203.5,218.825,15.325,morning,spring,0.866025,-0.5,-0.866025,0.5,spring_morning
1668219_clip002_s007,resources/site_257_bowra-dry-a/downloaded_clips/site_257_item_1668219/site_257_item_1668219_clip_002.webm,229.065,243.066,14.002,morning,spring,0.866025,-0.5,-0.866025,0.5,spring_morning
1668219_clip006_s000,resources/site_257_bowra-dry-a/downloaded_clips/site_257_item_1668219/site_257_item_1668219_clip_006.webm,198.113,208.144,10.031,morning,spring,0.866025,-0.5,-0.866025,0.5,spring_morning
1668219_clip006_s001,resources/site_257_bowra-dry-a/downloaded_clips/site_257_item_1668219/site_257_item_1668219_clip_006.webm,211.696,225.396,13.7,morning,spring,0.866025,-0.5,-0.866025,0.5,spring_morning
1668219_clip006_s002,resources/site_257_bowra-dry-a/downloaded_clips/site_257_item_1668219/site_257_item_1668219_clip_006.webm,229.251,256.766,27.516,morning,spring,0.866025,-0.5,-0.866025,0.5,spring_morning
1668219_clip007_s000,resources/site_257_bowra-dry-a/downloaded_clips/site_257_item_1668219/site_257_item_1668219_clip_007.webm,53.708,65.759,12.051,morning,spring,0.866025,-0.5,-0.866025,0.5,spring_morning
1668219_clip007_s001,resources/site_257_bowra-dry-a/downloaded_clips/site_257_item_1668219/site_257_item_1668219_clip_007.webm,168.345,183.623,15.279,morning,spring,0.866025,-0.5,-0.866025,0.5,spring_morning
1668219_clip009_s000,resources/site_257_bowra-dry-a/downloaded_clips/site_257_item_1668219/site_257_item_1668219_clip_009.webm,22.477,40.705,18.228,morning,spring,0.866025,-0.5,-0.866025,0.5,spring_morning
1668219_clip010_s000,resources/site_257_bowra-dry-a/downloaded_clips/site_257_item_1668219/site_257_item_1668219_clip_010.webm,156.572,179.026,22.454,morning,spring,0.866025,-0.5,-0.866025,0.5,spring_morning
1668219_clip010_s001,resources/site_257_bowra-dry-a/downloaded_clips/site_257_item_1668219/site_257_item_1668219_clip_010.webm,179.235,191.495,12.26,morning,spring,0.866025,-0.5,-0.866025,0.5,spring_morning
1668219_clip012_s000,resources/site_257_bowra-dry-a/downloaded_clips/site_257_item_1668219/site_257_item_1668219_clip_012.webm,101.425,112.036,10.612,morning,spring,0.866025,-0.5,-0.866025,0.5,spring_morning
1668219_clip012_s001,resources/site_257_bowra-dry-a/downloaded_clips/site_257_item_1668219/site_257_item_1668219_clip_012.webm,177.4,187.617,10.217,morning,spring,0.866025,-0.5,-0.866025,0.5,spring_morning
1668219_clip016_s000,resources/site_257_bowra-dry-a/downloaded_clips/site_257_item_1668219/site_257_item_1668219_clip_016.webm,102.145,114.219,12.074,morning,spring,0.866025,-0.5,-0.866025,0.5,spring_morning
1668219_clip017_s000,resources/site_257_bowra-dry-a/downloaded_clips/site_257_item_1668219/site_257_item_1668219_clip_017.webm,26.239,39.753,13.514,morning,spring,0.866025,-0.5,-0.866025,0.5,spring_morning
1668219_clip017_s001,resources/site_257_bowra-dry-a/downloaded_clips/site_257_item_1668219/site_257_item_1668219_clip_017.webm,220.543,235.868,15.325,morning,spring,0.866025,-0.5,-0.866025,0.5,spring_morning
1668219_clip018_s000,resources/site_257_bowra-dry-a/downloaded_clips/site_257_item_1668219/site_257_item_1668219_clip_018.webm,17.995,28.839,10.844,morning,spring,0.866025,-0.5,-0.866025,0.5,spring_morning
1668219_clip024_s000,resources/site_257_bowra-dry-a/downloaded_clips/site_257_item_1668219/site_257_item_1668219_clip_024.webm,95.782,106.255,10.472,morning,spring,0.866025,-0.5,-0.866025,0.5,spring_morning
1668219_clip024_s001,resources/site_257_bowra-dry-a/downloaded_clips/site_257_item_1668219/site_257_item_1668219_clip_024.webm,198.252,208.701,10.449,morning,spring,0.866025,-0.5,-0.866025,0.5,spring_morning
1677374_clip010_s000,resources/site_257_bowra-dry-a/downloaded_clips/site_257_item_1677374/site_257_item_1677374_clip_010.webm,15.372,31.44,16.068,morning,spring,0.866025,-0.5,-0.866025,0.5,spring_morning
1677374_clip013_s000,resources/site_257_bowra-dry-a/downloaded_clips/site_257_item_1677374/site_257_item_1677374_clip_013.webm,236.542,247.084,10.542,morning,spring,0.866025,-0.5,-0.866025,0.5,spring_morning
1677374_clip020_s000,resources/site_257_bowra-dry-a/downloaded_clips/site_257_item_1677374/site_257_item_1677374_clip_020.webm,37.314,51.688,14.373,morning,spring,0.866025,-0.5,-0.866025,0.5,spring_morning
1677374_clip020_s001,resources/site_257_bowra-dry-a/downloaded_clips/site_257_item_1677374/site_257_item_1677374_clip_020.webm,274.483,285.513,11.029,morning,spring,0.866025,-0.5,-0.866025,0.5,spring_morning
1677374_clip021_s000,resources/site_257_bowra-dry-a/downloaded_clips/site_257_item_1677374/site_257_item_1677374_clip_021.webm,16.858,27.423,10.565,morning,spring,0.866025,-0.5,-0.866025,0.5,spring_morning
1677374_clip021_s001,resources/site_257_bowra-dry-a/downloaded_clips/site_257_item_1677374/site_257_item_1677374_clip_021.webm,84.103,97.547,13.444,morning,spring,0.866025,-0.5,-0.866025,0.5,spring_morning
1677448_clip010_s000,resources/site_257_bowra-dry-a/downloaded_clips/site_257_item_1677448/site_257_item_1677448_clip_010.webm,156.874,169.575,12.701,morning,spring,0.866025,-0.5,-0.866025,0.5,spring_morning
1677448_clip015_s000,resources/site_257_bowra-dry-a/downloaded_clips/site_257_item_1677448/site_257_item_1677448_clip_015.webm,28.491,40.867,12.376,morning,spring,0.866025,-0.5,-0.866025,0.5,spring_morning
1677448_clip022_s000,resources/site_257_bowra-dry-a/downloaded_clips/site_257_item_1677448/site_257_item_1677448_clip_022.webm,34.992,45.813,10.82,morning,spring,0.866025,-0.5,-0.866025,0.5,spring_morning
1677448_clip024_s000,resources/site_257_bowra-dry-a/downloaded_clips/site_257_item_1677448/site_257_item_1677448_clip_024.webm,131.309,142.71,11.401,morning,spring,0.866025,-0.5,-0.866025,0.5,spring_morning
1678402_clip002_s000,resources/site_257_bowra-dry-a/downloaded_clips/site_257_item_1678402/site_257_item_1678402_clip_002.webm,230.853,241.627,10.774,morning,spring,0.866025,-0.5,-1.0,-0.0,spring_morning
1678402_clip004_s000,resources/site_257_bowra-dry-a/downloaded_clips/site_257_item_1678402/site_257_item_1678402_clip_004.webm,111.781,123.46,11.68,morning,spring,0.866025,-0.5,-1.0,-0.0,spring_morning
1678402_clip004_s001,resources/site_257_bowra-dry-a/downloaded_clips/site_257_item_1678402/site_257_item_1678402_clip_004.webm,180.164,190.566,10.403,morning,spring,0.866025,-0.5,-1.0,-0.0,spring_morning
1678402_clip006_s000,resources/site_257_bowra-dry-a/downloaded_clips/site_257_item_1678402/site_257_item_1678402_clip_006.webm,176.565,192.401,15.836,morning,spring,0.866025,-0.5,-1.0,-0.0,spring_morning
1678402_clip007_s000,resources/site_257_bowra-dry-a/downloaded_clips/site_257_item_1678402/site_257_item_1678402_clip_007.webm,242.718,252.819,10.101,morning,spring,0.866025,-0.5,-1.0,-0.0,spring_morning
1678402_clip008_s000,resources/site_257_bowra-dry-a/downloaded_clips/site_257_item_1678402/site_257_item_1678402_clip_008.webm,262.107,274.042,11.935,morning,spring,0.866025,-0.5,-1.0,-0.0,spring_morning
1678402_clip009_s000,resources/site_257_bowra-dry-a/downloaded_clips/site_257_item_1678402/site_257_item_1678402_clip_009.webm,127.222,142.245,15.023,morning,spring,0.866025,-0.5,-1.0,-0.0,spring_morning
1678402_clip011_s000,resources/site_257_bowra-dry-a/downloaded_clips/site_257_item_1678402/site_257_item_1678402_clip_011.webm,106.022,117.145,11.122,morning,spring,0.866025,-0.5,-1.0,-0.0,spring_morning
1399626_clip001_s000,resources/site_257_bowra-dry-a/downloaded_clips/site_257_item_1399626/site_257_item_1399626_clip_001.webm,257.904,270.048,12.144,night,spring,-0.5,0.866025,-1.0,-0.0,spring_night
1399626_clip002_s000,resources/site_257_bowra-dry-a/downloaded_clips/site_257_item_1399626/site_257_item_1399626_clip_002.webm,31.068,48.855,17.786,night,spring,-0.5,0.866025,-1.0,-0.0,spring_night
1399626_clip002_s001,resources/site_257_bowra-dry-a/downloaded_clips/site_257_item_1399626/site_257_item_1399626_clip_002.webm,51.525,63.925,12.399,night,spring,-0.5,0.866025,-1.0,-0.0,spring_night
1399626_clip002_s002,resources/site_257_bowra-dry-a/downloaded_clips/site_257_item_1399626/site_257_item_1399626_clip_002.webm,129.66,140.458,10.797,night,spring,-0.5,0.866025,-1.0,-0.0,spring_night
1399626_clip003_s000,resources/site_257_bowra-dry-a/downloaded_clips/site_257_item_1399626/site_257_item_1399626_clip_003.webm,97.756,109.505,11.749,night,spring,-0.5,0.866025,-1.0,-0.0,spring_night
1399626_clip003_s001,resources/site_257_bowra-dry-a/downloaded_clips/site_257_item_1399626/site_257_item_1399626_clip_003.webm,171.061,185.829,14.768,night,spring,-0.5,0.866025,-1.0,-0.0,spring_night
1399626_clip003_s002,resources/site_257_bowra-dry-a/downloaded_clips/site_257_item_1399626/site_257_item_1399626_clip_003.webm,200.319,210.907,10.588,night,spring,-0.5,0.866025,-1.0,-0.0,spring_night
1399626_clip003_s003,resources/site_257_bowra-dry-a/downloaded_clips/site_257_item_1399626/site_257_item_1399626_clip_003.webm,222.517,234.382,11.865,night,spring,-0.5,0.866025,-1.0,-0.0,spring_night
1399626_clip003_s004,resources/site_257_bowra-dry-a/downloaded_clips/site_257_item_1399626/site_257_item_1399626_clip_003.webm,283.121,299.909,16.788,night,spring,-0.5,0.866025,-1.0,-0.0,spring_night
1399626_clip005_s000,resources/site_257_bowra-dry-a/downloaded_clips/site_257_item_1399626/site_257_item_1399626_clip_005.webm,98.244,115.194,16.951,night,spring,-0.5,0.866025,-1.0,-0.0,spring_night
1399626_clip007_s000,resources/site_257_bowra-dry-a/downloaded_clips/site_257_item_1399626/site_257_item_1399626_clip_007.webm,115.032,129.498,14.466,night,spring,-0.5,0.866025,-1.0,-0.0,spring_night
1399626_clip007_s001,resources/site_257_bowra-dry-a/downloaded_clips/site_257_item_1399626/site_257_item_1399626_clip_007.webm,211.766,223.817,12.051,night,spring,-0.5,0.866025,-1.0,-0.0,spring_night
1399626_clip008_s000,resources/site_257_bowra-dry-a/downloaded_clips/site_257_item_1399626/site_257_item_1399626_clip_008.webm,47.415,59.954,12.539,night,spring,-0.5,0.866025,-1.0,-0.0,spring_night
1399626_clip008_s001,resources/site_257_bowra-dry-a/downloaded_clips/site_257_item_1399626/site_257_item_1399626_clip_008.webm,154.436,166.789,12.353,night,spring,-0.5,0.866025,-1.0,-0.0,spring_night
1399626_clip008_s002,resources/site_257_bowra-dry-a/downloaded_clips/site_257_item_1399626/site_257_item_1399626_clip_008.webm,187.64,210.419,22.779,night,spring,-0.5,0.866025,-1.0,-0.0,spring_night
1399626_clip008_s003,resources/site_257_bowra-dry-a/downloaded_clips/site_257_item_1399626/site_257_item_1399626_clip_008.webm,263.036,276.759,13.723,night,spring,-0.5,0.866025,-1.0,-0.0,spring_night
1399626_clip008_s004,resources/site_257_bowra-dry-a/downloaded_clips/site_257_item_1399626/site_257_item_1399626_clip_008.webm,283.957,295.706,11.749,night,spring,-0.5,0.866025,-1.0,-0.0,spring_night
1399626_clip009_s000,resources/site_257_bowra-dry-a/downloaded_clips/site_257_item_1399626/site_257_item_1399626_clip_009.webm,141.851,152.485,10.635,night,spring,-0.5,0.866025,-1.0,-0.0,spring_night
1399626_clip009_s001,resources/site_257_bowra-dry-a/downloaded_clips/site_257_item_1399626/site_257_item_1399626_clip_009.webm,203.593,217.176,13.584,night,spring,-0.5,0.866025,-1.0,-0.0,spring_night
1399626_clip009_s002,resources/site_257_bowra-dry-a/downloaded_clips/site_257_item_1399626/site_257_item_1399626_clip_009.webm,258.531,270.443,11.912,night,spring,-0.5,0.866025,-1.0,-0.0,spring_night
1399626_clip010_s000,resources/site_257_bowra-dry-a/downloaded_clips/site_257_item_1399626/site_257_item_1399626_clip_010.webm,4.923,18.204,13.282,night,spring,-0.5,0.866025,-1.0,-0.0,spring_night
1399626_clip010_s001,resources/site_257_bowra-dry-a/downloaded_clips/site_257_item_1399626/site_257_item_1399626_clip_010.webm,48.065,58.212,10.147,night,spring,-0.5,0.866025,-1.0,-0.0,spring_night
1399626_clip010_s002,resources/site_257_bowra-dry-a/downloaded_clips/site_257_item_1399626/site_257_item_1399626_clip_010.webm,65.852,76.022,10.17,night,spring,-0.5,0.866025,-1.0,-0.0,spring_night
1399626_clip010_s003,resources/site_257_bowra-dry-a/downloaded_clips/site_257_item_1399626/site_257_item_1399626_clip_010.webm,245.946,259.297,13.351,night,spring,-0.5,0.866025,-1.0,-0.0,spring_night
1399626_clip012_s000,resources/site_257_bowra-dry-a/downloaded_clips/site_257_item_1399626/site_257_item_1399626_clip_012.webm,74.118,84.799,10.681,night,spring,-0.5,0.866025,-1.0,-0.0,spring_night
1399626_clip012_s001,resources/site_257_bowra-dry-a/downloaded_clips/site_257_item_1399626/site_257_item_1399626_clip_012.webm,90.14,101.285,11.146,night,spring,-0.5,0.866025,-1.0,-0.0,spring_night
1399626_clip013_s000,resources/site_257_bowra-dry-a/downloaded_clips/site_257_item_1399626/site_257_item_1399626_clip_013.webm,58.305,69.428,11.122,night,spring,-0.5,0.866025,-1.0,-0.0,spring_night
1399626_clip013_s001,resources/site_257_bowra-dry-a/downloaded_clips/site_257_item_1399626/site_257_item_1399626_clip_013.webm,147.749,158.987,11.238,night,spring,-0.5,0.866025,-1.0,-0.0,spring_night
1399626_clip013_s002,resources/site_257_bowra-dry-a/downloaded_clips/site_257_item_1399626/site_257_item_1399626_clip_013.webm,272.579,283.121,10.542,night,spring,-0.5,0.866025,-1.0,-0.0,spring_night
1399626_clip014_s000,resources/site_257_bowra-dry-a/downloaded_clips/site_257_item_1399626/site_257_item_1399626_clip_014.webm,21.223,33.158,11.935,night,spring,-0.5,0.866025,-1.0,-0.0,spring_night
1399626_clip015_s000,resources/site_257_bowra-dry-a/downloaded_clips/site_257_item_1399626/site_257_item_1399626_clip_015.webm,37.361,48.414,11.053,night,spring,-0.5,0.866025,-1.0,-0.0,spring_night
1399626_clip015_s001,resources/site_257_bowra-dry-a/downloaded_clips/site_257_item_1399626/site_257_item_1399626_clip_015.webm,139.575,152.857,13.282,night,spring,-0.5,0.866025,-1.0,-0.0,spring_night
1399626_clip015_s002,resources/site_257_bowra-dry-a/downloaded_clips/site_257_item_1399626/site_257_item_1399626_clip_015.webm,261.991,276.294,14.303,night,spring,-0.5,0.866025,-1.0,-0.0,spring_night
1399626_clip016_s000,resources/site_257_bowra-dry-a/downloaded_clips/site_257_item_1399626/site_257_item_1399626_clip_016.webm,67.825,78.739,10.913,night,spring,-0.5,0.866025,-1.0,-0.0,spring_night
1399626_clip016_s001,resources/site_257_bowra-dry-a/downloaded_clips/site_257_item_1399626/site_257_item_1399626_clip_016.webm,276.875,287.788,10.913,night,spring,-0.5,0.866025,-1.0,-0.0,spring_night
1399626_clip017_s000,resources/site_257_bowra-dry-a/downloaded_clips/site_257_item_1399626/site_257_item_1399626_clip_017.webm,86.587,106.394,19.807,night,spring,-0.5,0.866025,-1.0,-0.0,spring_night
1399626_clip017_s001,resources/site_257_bowra-dry-a/downloaded_clips/site_257_item_1399626/site_257_item_1399626_clip_017.webm,197.671,209.398,11.726,night,spring,-0.5,0.866025,-1.0,-0.0,spring_night
1399626_clip017_s002,resources/site_257_bowra-dry-a/downloaded_clips/site_257_item_1399626/site_257_item_1399626_clip_017.webm,273.485,285.536,12.051,night,spring,-0.5,0.866025,-1.0,-0.0,spring_night
1399626_clip019_s000,resources/site_257_bowra-dry-a/downloaded_clips/site_257_item_1399626/site_257_item_1399626_clip_019.webm,67.384,82.524,15.139,night,spring,-0.5,0.866025,-1.0,-0.0,spring_night
1399626_clip019_s001,resources/site_257_bowra-dry-a/downloaded_clips/site_257_item_1399626/site_257_item_1399626_clip_019.webm,82.756,97.477,14.721,night,spring,-0.5,0.866025,-1.0,-0.0,spring_night
1399626_clip019_s002,resources/site_257_bowra-dry-a/downloaded_clips/site_257_item_1399626/site_257_item_1399626_clip_019.webm,97.686,107.81,10.124,night,spring,-0.5,0.866025,-1.0,-0.0,spring_night
1399626_clip019_s003,resources/site_257_bowra-dry-a/downloaded_clips/site_257_item_1399626/site_257_item_1399626_clip_019.webm,115.891,127.083,11.192,night,spring,-0.5,0.866025,-1.0,-0.0,spring_night
1399626_clip019_s004,resources/site_257_bowra-dry-a/downloaded_clips/site_257_item_1399626/site_257_item_1399626_clip_019.webm,263.082,278.43,15.348,night,spring,-0.5,0.866025,-1.0,-0.0,spring_night
1399626_clip020_s000,resources/site_257_bowra-dry-a/downloaded_clips/site_257_item_1399626/site_257_item_1399626_clip_020.webm,60.465,72.539,12.074,night,spring,-0.5,0.866025,-1.0,-0.0,spring_night
1399626_clip020_s001,resources/site_257_bowra-dry-a/downloaded_clips/site_257_item_1399626/site_257_item_1399626_clip_020.webm,77.833,95.109,17.276,night,spring,-0.5,0.866025,-1.0,-0.0,spring_night
1399626_clip020_s002,resources/site_257_bowra-dry-a/downloaded_clips/site_257_item_1399626/site_257_item_1399626_clip_020.webm,119.374,134.235,14.861,night,spring,-0.5,0.866025,-1.0,-0.0,spring_night
1399626_clip020_s003,resources/site_257_bowra-dry-a/downloaded_clips/site_257_item_1399626/site_257_item_1399626_clip_020.webm,220.566,231.503,10.937,night,spring,-0.5,0.866025,-1.0,-0.0,spring_night
1399626_clip021_s000,resources/site_257_bowra-dry-a/downloaded_clips/site_257_item_1399626/site_257_item_1399626_clip_021.webm,8.963,22.059,13.096,night,spring,-0.5,0.866025,-1.0,-0.0,spring_night
1399626_clip021_s001,resources/site_257_bowra-dry-a/downloaded_clips/site_257_item_1399626/site_257_item_1399626_clip_021.webm,137.276,147.749,10.472,night,spring,-0.5,0.866025,-1.0,-0.0,spring_night
1399626_clip021_s002,resources/site_257_bowra-dry-a/downloaded_clips/site_257_item_1399626/site_257_item_1399626_clip_021.webm,154.32,170.179,15.859,night,spring,-0.5,0.866025,-1.0,-0.0,spring_night
1399626_clip022_s000,resources/site_257_bowra-dry-a/downloaded_clips/site_257_item_1399626/site_257_item_1399626_clip_022.webm,36.362,48.808,12.446,night,spring,-0.5,0.866025,-1.0,-0.0,spring_night
1399626_clip022_s001,resources/site_257_bowra-dry-a/downloaded_clips/site_257_item_1399626/site_257_item_1399626_clip_022.webm,147.563,160.102,12.539,night,spring,-0.5,0.866025,-1.0,-0.0,spring_night
1399626_clip022_s002,resources/site_257_bowra-dry-a/downloaded_clips/site_257_item_1399626/site_257_item_1399626_clip_022.webm,262.641,277.2,14.559,night,spring,-0.5,0.866025,-1.0,-0.0,spring_night
1399626_clip023_s000,resources/site_257_bowra-dry-a/downloaded_clips/site_257_item_1399626/site_257_item_1399626_clip_023.webm,159.219,173.639,14.42,night,spring,-0.5,0.866025,-1.0,-0.0,spring_night
1399626_clip024_s000,resources/site_257_bowra-dry-a/downloaded_clips/site_257_item_1399626/site_257_item_1399626_clip_024.webm,49.017,59.397,10.379,night,spring,-0.5,0.866025,-1.0,-0.0,spring_night
1399626_clip024_s001,resources/site_257_bowra-dry-a/downloaded_clips/site_257_item_1399626/site_257_item_1399626_clip_024.webm,61.997,72.423,10.426,night,spring,-0.5,0.866025,-1.0,-0.0,spring_night
1399626_clip024_s002,resources/site_257_bowra-dry-a/downloaded_clips/site_257_item_1399626/site_257_item_1399626_clip_024.webm,257.95,269.073,11.122,night,spring,-0.5,0.866025,-1.0,-0.0,spring_night
1400040_clip001_s000,resources/site_257_bowra-dry-a/downloaded_clips/site_257_item_1400040/site_257_item_1400040_clip_001.webm,276.039,290.9,14.861,night,spring,-0.5,0.866025,-1.0,-0.0,spring_night
1400040_clip003_s000,resources/site_257_bowra-dry-a/downloaded_clips/site_257_item_1400040/site_257_item_1400040_clip_003.webm,230.76,242.602,11.842,night,spring,-0.5,0.866025,-1.0,-0.0,spring_night
1400040_clip006_s000,resources/site_257_bowra-dry-a/downloaded_clips/site_257_item_1400040/site_257_item_1400040_clip_006.webm,41.192,52.106,10.913,night,spring,-0.5,0.866025,-1.0,-0.0,spring_night
1400040_clip006_s001,resources/site_257_bowra-dry-a/downloaded_clips/site_257_item_1400040/site_257_item_1400040_clip_006.webm,211.325,225.953,14.629,night,spring,-0.5,0.866025,-1.0,-0.0,spring_night
1400040_clip010_s000,resources/site_257_bowra-dry-a/downloaded_clips/site_257_item_1400040/site_257_item_1400040_clip_010.webm,114.219,125.156,10.937,night,spring,-0.5,0.866025,-1.0,-0.0,spring_night
1400040_clip010_s001,resources/site_257_bowra-dry-a/downloaded_clips/site_257_item_1400040/site_257_item_1400040_clip_010.webm,266.983,279.661,12.678,night,spring,-0.5,0.866025,-1.0,-0.0,spring_night
1400040_clip011_s000,resources/site_257_bowra-dry-a/downloaded_clips/site_257_item_1400040/site_257_item_1400040_clip_011.webm,167.903,179.839,11.935,night,spring,-0.5,0.866025,-1.0,-0.0,spring_night
1400040_clip013_s000,resources/site_257_bowra-dry-a/downloaded_clips/site_257_item_1400040/site_257_item_1400040_clip_013.webm,4.296,14.443,10.147,night,spring,-0.5,0.866025,-1.0,-0.0,spring_night
1400040_clip013_s001,resources/site_257_bowra-dry-a/downloaded_clips/site_257_item_1400040/site_257_item_1400040_clip_013.webm,110.829,121.951,11.122,night,spring,-0.5,0.866025,-1.0,-0.0,spring_night
1400040_clip013_s002,resources/site_257_bowra-dry-a/downloaded_clips/site_257_item_1400040/site_257_item_1400040_clip_013.webm,164.444,175.195,10.751,night,spring,-0.5,0.866025,-1.0,-0.0,spring_night
1400040_clip014_s000,resources/site_257_bowra-dry-a/downloaded_clips/site_257_item_1400040/site_257_item_1400040_clip_014.webm,164.281,176.402,12.121,night,spring,-0.5,0.866025,-1.0,-0.0,spring_night
1400040_clip015_s000,resources/site_257_bowra-dry-a/downloaded_clips/site_257_item_1400040/site_257_item_1400040_clip_015.webm,102.214,113.894,11.68,night,spring,-0.5,0.866025,-1.0,-0.0,spring_night
1400040_clip016_s000,resources/site_257_bowra-dry-a/downloaded_clips/site_257_item_1400040/site_257_item_1400040_clip_016.webm,101.587,113.824,12.237,night,spring,-0.5,0.866025,-1.0,-0.0,spring_night
1400040_clip016_s001,resources/site_257_bowra-dry-a/downloaded_clips/site_257_item_1400040/site_257_item_1400040_clip_016.webm,157.269,168.763,11.494,night,spring,-0.5,0.866025,-1.0,-0.0,spring_night
1400040_clip017_s000,resources/site_257_bowra-dry-a/downloaded_clips/site_257_item_1400040/site_257_item_1400040_clip_017.webm,6.362,24.892,18.53,night,spring,-0.5,0.866025,-1.0,-0.0,spring_night
1400040_clip017_s001,resources/site_257_bowra-dry-a/downloaded_clips/site_257_item_1400040/site_257_item_1400040_clip_017.webm,216.294,228.949,12.655,night,spring,-0.5,0.866025,-1.0,-0.0,spring_night
1400040_clip018_s000,resources/site_257_bowra-dry-a/downloaded_clips/site_257_item_1400040/site_257_item_1400040_clip_018.webm,88.422,98.778,10.356,night,spring,-0.5,0.866025,-1.0,-0.0,spring_night
1400040_clip020_s000,resources/site_257_bowra-dry-a/downloaded_clips/site_257_item_1400040/site_257_item_1400040_clip_020.webm,257.695,268.957,11.262,night,spring,-0.5,0.866025,-1.0,-0.0,spring_night
1400040_clip020_s001,resources/site_257_bowra-dry-a/downloaded_clips/site_257_item_1400040/site_257_item_1400040_clip_020.webm,275.923,299.909,23.986,night,spring,-0.5,0.866025,-1.0,-0.0,spring_night
1400040_clip021_s000,resources/site_257_bowra-dry-a/downloaded_clips/site_257_item_1400040/site_257_item_1400040_clip_021.webm,22.43,33.367,10.937,night,spring,-0.5,0.866025,-1.0,-0.0,spring_night
1400040_clip024_s000,resources/site_257_bowra-dry-a/downloaded_clips/site_257_item_1400040/site_257_item_1400040_clip_024.webm,56.448,70.24,13.793,night,spring,-0.5,0.866025,-1.0,-0.0,spring_night
1400040_clip024_s001,resources/site_257_bowra-dry-a/downloaded_clips/site_257_item_1400040/site_257_item_1400040_clip_024.webm,218.616,230.156,11.54,night,spring,-0.5,0.866025,-1.0,-0.0,spring_night
1401113_clip008_s000,resources/site_257_bowra-dry-a/downloaded_clips/site_257_item_1401113/site_257_item_1401113_clip_008.webm,146.518,159.196,12.678,night,spring,-0.5,0.866025,-0.5,0.866025,spring_night
1401113_clip011_s000,resources/site_257_bowra-dry-a/downloaded_clips/site_257_item_1401113/site_257_item_1401113_clip_011.webm,121.742,132.748,11.006,night,spring,-0.5,0.866025,-0.5,0.866025,spring_night
1401113_clip017_s000,resources/site_257_bowra-dry-a/downloaded_clips/site_257_item_1401113/site_257_item_1401113_clip_017.webm,199.274,211.511,12.237,night,spring,-0.5,0.866025,-0.5,0.866025,spring_night
1401113_clip019_s000,resources/site_257_bowra-dry-a/downloaded_clips/site_257_item_1401113/site_257_item_1401113_clip_019.webm,183.322,195.117,11.796,night,spring,-0.5,0.866025,-0.5,0.866025,spring_night
1401305_clip006_s000,resources/site_257_bowra-dry-a/downloaded_clips/site_257_item_1401305/site_257_item_1401305_clip_006.webm,272.974,285.559,12.585,night,spring,-0.5,0.866025,-0.866025,0.5,spring_night
1401305_clip016_s000,resources/site_257_bowra-dry-a/downloaded_clips/site_257_item_1401305/site_257_item_1401305_clip_016.webm,117.145,130.752,13.607,night,spring,-0.5,0.866025,-0.866025,0.5,spring_night
1401305_clip016_s001,resources/site_257_bowra-dry-a/downloaded_clips/site_257_item_1401305/site_257_item_1401305_clip_016.webm,245.946,259.738,13.793,night,spring,-0.5,0.866025,-0.866025,0.5,spring_night
1401569_clip003_s000,resources/site_257_bowra-dry-a/downloaded_clips/site_257_item_1401569/site_257_item_1401569_clip_003.webm,123.228,134.467,11.238,night,spring,-0.5,0.866025,-0.866025,0.5,spring_night
1401569_clip004_s000,resources/site_257_bowra-dry-a/downloaded_clips/site_257_item_1401569/site_257_item_1401569_clip_004.webm,159.126,170.017,10.89,night,spring,-0.5,0.866025,-0.866025,0.5,spring_night
1401569_clip004_s001,resources/site_257_bowra-dry-a/downloaded_clips/site_257_item_1401569/site_257_item_1401569_clip_004.webm,246.364,257.556,11.192,night,spring,-0.5,0.866025,-0.866025,0.5,spring_night
1401569_clip005_s000,resources/site_257_bowra-dry-a/downloaded_clips/site_257_item_1401569/site_257_item_1401569_clip_005.webm,91.115,103.422,12.307,night,spring,-0.5,0.866025,-0.866025,0.5,spring_night
1401569_clip005_s001,resources/site_257_bowra-dry-a/downloaded_clips/site_257_item_1401569/site_257_item_1401569_clip_005.webm,156.317,167.021,10.704,night,spring,-0.5,0.866025,-0.866025,0.5,spring_night
1401569_clip006_s000,resources/site_257_bowra-dry-a/downloaded_clips/site_257_item_1401569/site_257_item_1401569_clip_006.webm,88.747,102.702,13.955,night,spring,-0.5,0.866025,-0.866025,0.5,spring_night
1401569_clip006_s001,resources/site_257_bowra-dry-a/downloaded_clips/site_257_item_1401569/site_257_item_1401569_clip_006.webm,207.029,218.221,11.192,night,spring,-0.5,0.866025,-0.866025,0.5,spring_night
1401569_clip007_s000,resources/site_257_bowra-dry-a/downloaded_clips/site_257_item_1401569/site_257_item_1401569_clip_007.webm,167.718,178.074,10.356,night,spring,-0.5,0.866025,-0.866025,0.5,spring_night
1401569_clip007_s001,resources/site_257_bowra-dry-a/downloaded_clips/site_257_item_1401569/site_257_item_1401569_clip_007.webm,204.73,215.04,10.31,night,spring,-0.5,0.866025,-0.866025,0.5,spring_night
1401569_clip008_s000,resources/site_257_bowra-dry-a/downloaded_clips/site_257_item_1401569/site_257_item_1401569_clip_008.webm,136.208,148.167,11.958,night,spring,-0.5,0.866025,-0.866025,0.5,spring_night
1401569_clip010_s000,resources/site_257_bowra-dry-a/downloaded_clips/site_257_item_1401569/site_257_item_1401569_clip_010.webm,83.035,93.646,10.612,night,spring,-0.5,0.866025,-0.866025,0.5,spring_night
1401569_clip010_s001,resources/site_257_bowra-dry-a/downloaded_clips/site_257_item_1401569/site_257_item_1401569_clip_010.webm,114.939,128.708,13.769,night,spring,-0.5,0.866025,-0.866025,0.5,spring_night
1401569_clip012_s000,resources/site_257_bowra-dry-a/downloaded_clips/site_257_item_1401569/site_257_item_1401569_clip_012.webm,146.564,159.777,13.212,night,spring,-0.5,0.866025,-0.866025,0.5,spring_night
1401569_clip012_s001,resources/site_257_bowra-dry-a/downloaded_clips/site_257_item_1401569/site_257_item_1401569_clip_012.webm,233.244,246.735,13.491,night,spring,-0.5,0.866025,-0.866025,0.5,spring_night
1401569_clip014_s000,resources/site_257_bowra-dry-a/downloaded_clips/site_257_item_1401569/site_257_item_1401569_clip_014.webm,218.105,229.158,11.053,night,spring,-0.5,0.866025,-0.866025,0.5,spring_night
1401569_clip014_s001,resources/site_257_bowra-dry-a/downloaded_clips/site_257_item_1401569/site_257_item_1401569_clip_014.webm,271.627,282.61,10.983,night,spring,-0.5,0.866025,-0.866025,0.5,spring_night
1401569_clip015_s000,resources/site_257_bowra-dry-a/downloaded_clips/site_257_item_1401569/site_257_item_1401569_clip_015.webm,236.286,246.596,10.31,night,spring,-0.5,0.866025,-0.866025,0.5,spring_night
1401569_clip017_s000,resources/site_257_bowra-dry-a/downloaded_clips/site_257_item_1401569/site_257_item_1401569_clip_017.webm,147.47,159.707,12.237,night,spring,-0.5,0.866025,-0.866025,0.5,spring_night
1401569_clip017_s001,resources/site_257_bowra-dry-a/downloaded_clips/site_257_item_1401569/site_257_item_1401569_clip_017.webm,223.237,233.291,10.054,night,spring,-0.5,0.866025,-0.866025,0.5,spring_night
1401569_clip019_s000,resources/site_257_bowra-dry-a/downloaded_clips/site_257_item_1401569/site_257_item_1401569_clip_019.webm,0.139,12.678,12.539,night,spring,-0.5,0.866025,-0.866025,0.5,spring_night
1401569_clip022_s000,resources/site_257_bowra-dry-a/downloaded_clips/site_257_item_1401569/site_257_item_1401569_clip_022.webm,25.821,37.523,11.703,night,spring,-0.5,0.866025,-0.866025,0.5,spring_night
1401569_clip022_s001,resources/site_257_bowra-dry-a/downloaded_clips/site_257_item_1401569/site_257_item_1401569_clip_022.webm,51.711,65.62,13.909,night,spring,-0.5,0.866025,-0.866025,0.5,spring_night
1401569_clip022_s002,resources/site_257_bowra-dry-a/downloaded_clips/site_257_item_1401569/site_257_item_1401569_clip_022.webm,243.786,256.279,12.492,night,spring,-0.5,0.866025,-0.866025,0.5,spring_night
1401569_clip022_s003,resources/site_257_bowra-dry-a/downloaded_clips/site_257_item_1401569/site_257_item_1401569_clip_022.webm,261.991,274.019,12.028,night,spring,-0.5,0.866025,-0.866025,0.5,spring_night
1401569_clip023_s000,resources/site_257_bowra-dry-a/downloaded_clips/site_257_item_1401569/site_257_item_1401569_clip_023.webm,270.977,282.146,11.169,night,spring,-0.5,0.866025,-0.866025,0.5,spring_night
1401569_clip024_s000,resources/site_257_bowra-dry-a/downloaded_clips/site_257_item_1401569/site_257_item_1401569_clip_024.webm,47.137,57.191,10.054,night,spring,-0.5,0.866025,-0.866025,0.5,spring_night
1401569_clip024_s001,resources/site_257_bowra-dry-a/downloaded_clips/site_257_item_1401569/site_257_item_1401569_clip_024.webm,82.779,93.391,10.612,night,spring,-0.5,0.866025,-0.866025,0.5,spring_night
1401569_clip024_s002,resources/site_257_bowra-dry-a/downloaded_clips/site_257_item_1401569/site_257_item_1401569_clip_024.webm,118.329,133.77,15.441,night,spring,-0.5,0.866025,-0.866025,0.5,spring_night
1401611_clip001_s000,resources/site_257_bowra-dry-a/downloaded_clips/site_257_item_1401611/site_257_item_1401611_clip_001.webm,198.6,210.512,11.912,night,spring,-0.5,0.866025,-0.5,0.866025,spring_night
1401611_clip005_s000,resources/site_257_bowra-dry-a/downloaded_clips/site_257_item_1401611/site_257_item_1401611_clip_005.webm,225.234,236.286,11.053,night,spring,-0.5,0.866025,-0.5,0.866025,spring_night
1401611_clip006_s000,resources/site_257_bowra-dry-a/downloaded_clips/site_257_item_1401611/site_257_item_1401611_clip_006.webm,70.983,84.753,13.769,night,spring,-0.5,0.866025,-0.5,0.866025,spring_night
1401611_clip007_s000,resources/site_257_bowra-dry-a/downloaded_clips/site_257_item_1401611/site_257_item_1401611_clip_007.webm,149.095,160.775,11.68,night,spring,-0.5,0.866025,-0.5,0.866025,spring_night
1401611_clip007_s001,resources/site_257_bowra-dry-a/downloaded_clips/site_257_item_1401611/site_257_item_1401611_clip_007.webm,224.885,236.658,11.773,night,spring,-0.5,0.866025,-0.5,0.866025,spring_night
1401611_clip008_s000,resources/site_257_bowra-dry-a/downloaded_clips/site_257_item_1401611/site_257_item_1401611_clip_008.webm,201.735,212.672,10.937,night,spring,-0.5,0.866025,-0.5,0.866025,spring_night
1401611_clip010_s000,resources/site_257_bowra-dry-a/downloaded_clips/site_257_item_1401611/site_257_item_1401611_clip_010.webm,58.538,69.358,10.82,night,spring,-0.5,0.866025,-0.5,0.866025,spring_night
1401611_clip012_s000,resources/site_257_bowra-dry-a/downloaded_clips/site_257_item_1401611/site_257_item_1401611_clip_012.webm,255.884,272.045,16.161,night,spring,-0.5,0.866025,-0.5,0.866025,spring_night
1401611_clip013_s000,resources/site_257_bowra-dry-a/downloaded_clips/site_257_item_1401611/site_257_item_1401611_clip_013.webm,168.229,179.165,10.937,night,spring,-0.5,0.866025,-0.5,0.866025,spring_night
1401611_clip015_s000,resources/site_257_bowra-dry-a/downloaded_clips/site_257_item_1401611/site_257_item_1401611_clip_015.webm,89.35,101.193,11.842,night,spring,-0.5,0.866025,-0.5,0.866025,spring_night
1401611_clip015_s001,resources/site_257_bowra-dry-a/downloaded_clips/site_257_item_1401611/site_257_item_1401611_clip_015.webm,161.077,172.571,11.494,night,spring,-0.5,0.866025,-0.5,0.866025,spring_night
1401611_clip019_s000,resources/site_257_bowra-dry-a/downloaded_clips/site_257_item_1401611/site_257_item_1401611_clip_019.webm,7.012,17.879,10.867,night,spring,-0.5,0.866025,-0.5,0.866025,spring_night
1401611_clip019_s001,resources/site_257_bowra-dry-a/downloaded_clips/site_257_item_1401611/site_257_item_1401611_clip_019.webm,56.773,68.127,11.355,night,spring,-0.5,0.866025,-0.5,0.866025,spring_night
1401611_clip019_s002,resources/site_257_bowra-dry-a/downloaded_clips/site_257_item_1401611/site_257_item_1401611_clip_019.webm,124.459,140.504,16.045,night,spring,-0.5,0.866025,-0.5,0.866025,spring_night
1401611_clip023_s000,resources/site_257_bowra-dry-a/downloaded_clips/site_257_item_1401611/site_257_item_1401611_clip_023.webm,41.215,55.124,13.909,night,spring,-0.5,0.866025,-0.5,0.866025,spring_night
1401611_clip024_s000,resources/site_257_bowra-dry-a/downloaded_clips/site_257_item_1401611/site_257_item_1401611_clip_024.webm,16.277,28.003,11.726,night,spring,-0.5,0.866025,-0.5,0.866025,spring_night
1535454_clip001_s000,resources/site_257_bowra-dry-a/downloaded_clips/site_257_item_1535454/site_257_item_1535454_clip_001.webm,231.41,242.068,10.658,night,spring,-0.5,0.866025,-1.0,-0.0,spring_night
1535454_clip003_s000,resources/site_257_bowra-dry-a/downloaded_clips/site_257_item_1535454/site_257_item_1535454_clip_003.webm,12.307,25.333,13.026,night,spring,-0.5,0.866025,-1.0,-0.0,spring_night
1535454_clip006_s000,resources/site_257_bowra-dry-a/downloaded_clips/site_257_item_1535454/site_257_item_1535454_clip_006.webm,223.771,235.822,12.051,night,spring,-0.5,0.866025,-1.0,-0.0,spring_night
1535454_clip009_s000,resources/site_257_bowra-dry-a/downloaded_clips/site_257_item_1535454/site_257_item_1535454_clip_009.webm,55.589,67.733,12.144,night,spring,-0.5,0.866025,-1.0,-0.0,spring_night
1535454_clip014_s000,resources/site_257_bowra-dry-a/downloaded_clips/site_257_item_1535454/site_257_item_1535454_clip_014.webm,154.413,165.28,10.867,night,spring,-0.5,0.866025,-1.0,-0.0,spring_night
1535454_clip019_s000,resources/site_257_bowra-dry-a/downloaded_clips/site_257_item_1535454/site_257_item_1535454_clip_019.webm,74.536,85.194,10.658,night,spring,-0.5,0.866025,-1.0,-0.0,spring_night
1535454_clip021_s000,resources/site_257_bowra-dry-a/downloaded_clips/site_257_item_1535454/site_257_item_1535454_clip_021.webm,47.787,58.468,10.681,night,spring,-0.5,0.866025,-1.0,-0.0,spring_night
1677392_clip001_s000,resources/site_257_bowra-dry-a/downloaded_clips/site_257_item_1677392/site_257_item_1677392_clip_001.webm,241.58,251.867,10.286,night,spring,-0.5,0.866025,-0.866025,0.5,spring_night
1677392_clip024_s000,resources/site_257_bowra-dry-a/downloaded_clips/site_257_item_1677392/site_257_item_1677392_clip_024.webm,246.015,260.226,14.211,night,spring,-0.5,0.866025,-0.866025,0.5,spring_night
1678513_clip004_s000,resources/site_257_bowra-dry-a/downloaded_clips/site_257_item_1678513/site_257_item_1678513_clip_004.webm,118.468,130.241,11.773,night,spring,-0.258819,0.965926,-0.866025,0.5,spring_night
1679156_clip002_s000,resources/site_257_bowra-dry-a/downloaded_clips/site_257_item_1679156/site_257_item_1679156_clip_002.webm,101.007,112.57,11.564,night,spring,-0.5,0.866025,-0.5,0.866025,spring_night
1679156_clip005_s000,resources/site_257_bowra-dry-a/downloaded_clips/site_257_item_1679156/site_257_item_1679156_clip_005.webm,196.673,207.029,10.356,night,spring,-0.5,0.866025,-0.5,0.866025,spring_night
1679156_clip006_s000,resources/site_257_bowra-dry-a/downloaded_clips/site_257_item_1679156/site_257_item_1679156_clip_006.webm,151.232,162.331,11.099,night,spring,-0.5,0.866025,-0.5,0.866025,spring_night
1679156_clip006_s001,resources/site_257_bowra-dry-a/downloaded_clips/site_257_item_1679156/site_257_item_1679156_clip_006.webm,251.704,261.712,10.008,night,spring,-0.5,0.866025,-0.5,0.866025,spring_night
1679156_clip009_s000,resources/site_257_bowra-dry-a/downloaded_clips/site_257_item_1679156/site_257_item_1679156_clip_009.webm,164.026,175.682,11.656,night,spring,-0.5,0.866025,-0.5,0.866025,spring_night
1679156_clip011_s000,resources/site_257_bowra-dry-a/downloaded_clips/site_257_item_1679156/site_257_item_1679156_clip_011.webm,49.366,60.72,11.355,night,spring,-0.5,0.866025,-0.5,0.866025,spring_night
1679156_clip013_s000,resources/site_257_bowra-dry-a/downloaded_clips/site_257_item_1679156/site_257_item_1679156_clip_013.webm,267.006,277.014,10.008,night,spring,-0.5,0.866025,-0.5,0.866025,spring_night
1679156_clip014_s000,resources/site_257_bowra-dry-a/downloaded_clips/site_257_item_1679156/site_257_item_1679156_clip_014.webm,136.185,146.193,10.008,night,spring,-0.5,0.866025,-0.5,0.866025,spring_night
1679156_clip022_s000,resources/site_257_bowra-dry-a/downloaded_clips/site_257_item_1679156/site_257_item_1679156_clip_022.webm,105.976,118.445,12.469,night,spring,-0.5,0.866025,-0.5,0.866025,spring_night
1679156_clip022_s001,resources/site_257_bowra-dry-a/downloaded_clips/site_257_item_1679156/site_257_item_1679156_clip_022.webm,154.25,164.722,10.472,night,spring,-0.5,0.866025,-0.5,0.866025,spring_night
1682291_clip010_s000,resources/site_257_bowra-dry-a/downloaded_clips/site_257_item_1682291/site_257_item_1682291_clip_010.webm,205.822,215.853,10.031,night,spring,-0.5,0.866025,-0.5,0.866025,spring_night
1682291_clip013_s000,resources/site_257_bowra-dry-a/downloaded_clips/site_257_item_1682291/site_257_item_1682291_clip_013.webm,168.786,181.092,12.307,night,spring,-0.5,0.866025,-0.5,0.866025,spring_night
1682291_clip014_s000,resources/site_257_bowra-dry-a/downloaded_clips/site_257_item_1682291/site_257_item_1682291_clip_014.webm,70.055,80.411,10.356,night,spring,-0.5,0.866025,-0.5,0.866025,spring_night
1682291_clip019_s000,resources/site_257_bowra-dry-a/downloaded_clips/site_257_item_1682291/site_257_item_1682291_clip_019.webm,64.9,75.14,10.24,night,spring,-0.5,0.866025,-0.5,0.866025,spring_night
1682291_clip024_s000,resources/site_257_bowra-dry-a/downloaded_clips/site_257_item_1682291/site_257_item_1682291_clip_024.webm,94.854,108.205,13.351,night,spring,-0.5,0.866025,-0.5,0.866025,spring_night
214518_clip001_s000,resources/site_257_bowra-dry-a/downloaded_clips/site_257_item_214518/site_257_item_214518_clip_001.webm,94.714,104.815,10.101,night,spring,-0.5,0.866025,-0.866025,0.5,spring_night
214518_clip003_s000,resources/site_257_bowra-dry-a/downloaded_clips/site_257_item_214518/site_257_item_214518_clip_003.webm,124.598,135.744,11.146,night,spring,-0.5,0.866025,-0.866025,0.5,spring_night
214518_clip003_s001,resources/site_257_bowra-dry-a/downloaded_clips/site_257_item_214518/site_257_item_214518_clip_003.webm,262.478,272.625,10.147,night,spring,-0.5,0.866025,-0.866025,0.5,spring_night
214518_clip005_s000,resources/site_257_bowra-dry-a/downloaded_clips/site_257_item_214518/site_257_item_214518_clip_005.webm,221.379,231.805,10.426,night,spring,-0.5,0.866025,-0.866025,0.5,spring_night
214518_clip007_s000,resources/site_257_bowra-dry-a/downloaded_clips/site_257_item_214518/site_257_item_214518_clip_007.webm,19.365,34.667,15.302,night,spring,-0.5,0.866025,-0.866025,0.5,spring_night
214518_clip010_s000,resources/site_257_bowra-dry-a/downloaded_clips/site_257_item_214518/site_257_item_214518_clip_010.webm,40.263,51.966,11.703,night,spring,-0.5,0.866025,-0.866025,0.5,spring_night
214518_clip012_s000,resources/site_257_bowra-dry-a/downloaded_clips/site_257_item_214518/site_257_item_214518_clip_012.webm,65.364,77.74,12.376,night,spring,-0.5,0.866025,-0.866025,0.5,spring_night
214518_clip019_s000,resources/site_257_bowra-dry-a/downloaded_clips/site_257_item_214518/site_257_item_214518_clip_019.webm,37.825,51.409,13.584,night,spring,-0.5,0.866025,-0.866025,0.5,spring_night
214518_clip020_s000,resources/site_257_bowra-dry-a/downloaded_clips/site_257_item_214518/site_257_item_214518_clip_020.webm,104.885,115.612,10.728,night,spring,-0.5,0.866025,-0.866025,0.5,spring_night
214518_clip021_s000,resources/site_257_bowra-dry-a/downloaded_clips/site_257_item_214518/site_257_item_214518_clip_021.webm,10.728,22.523,11.796,night,spring,-0.5,0.866025,-0.866025,0.5,spring_night
214665_clip001_s000,resources/site_257_bowra-dry-a/downloaded_clips/site_257_item_214665/site_257_item_214665_clip_001.webm,262.223,272.765,10.542,night,spring,-0.5,0.866025,-0.5,0.866025,spring_night
214665_clip014_s000,resources/site_257_bowra-dry-a/downloaded_clips/site_257_item_214665/site_257_item_214665_clip_014.webm,48.832,59.931,11.099,night,spring,-0.5,0.866025,-0.5,0.866025,spring_night
214665_clip014_s001,resources/site_257_bowra-dry-a/downloaded_clips/site_257_item_214665/site_257_item_214665_clip_014.webm,277.084,289.251,12.167,night,spring,-0.5,0.866025,-0.5,0.866025,spring_night
214665_clip015_s000,resources/site_257_bowra-dry-a/downloaded_clips/site_257_item_214665/site_257_item_214665_clip_015.webm,71.61,82.315,10.704,night,spring,-0.5,0.866025,-0.5,0.866025,spring_night
214665_clip015_s001,resources/site_257_bowra-dry-a/downloaded_clips/site_257_item_214665/site_257_item_214665_clip_015.webm,234.731,245.528,10.797,night,spring,-0.5,0.866025,-0.5,0.866025,spring_night
214665_clip016_s000,resources/site_257_bowra-dry-a/downloaded_clips/site_257_item_214665/site_257_item_214665_clip_016.webm,121.998,134.653,12.655,night,spring,-0.5,0.866025,-0.5,0.866025,spring_night
214665_clip016_s001,resources/site_257_bowra-dry-a/downloaded_clips/site_257_item_214665/site_257_item_214665_clip_016.webm,279.174,289.553,10.379,night,spring,-0.5,0.866025,-0.5,0.866025,spring_night
214665_clip017_s000,resources/site_257_bowra-dry-a/downloaded_clips/site_257_item_214665/site_257_item_214665_clip_017.webm,56.842,68.336,11.494,night,spring,-0.5,0.866025,-0.5,0.866025,spring_night
214665_clip018_s000,resources/site_257_bowra-dry-a/downloaded_clips/site_257_item_214665/site_257_item_214665_clip_018.webm,250.567,261.944,11.378,night,spring,-0.5,0.866025,-0.5,0.866025,spring_night
214665_clip018_s001,resources/site_257_bowra-dry-a/downloaded_clips/site_257_item_214665/site_257_item_214665_clip_018.webm,271.65,284.235,12.585,night,spring,-0.5,0.866025,-0.5,0.866025,spring_night
214665_clip020_s000,resources/site_257_bowra-dry-a/downloaded_clips/site_257_item_214665/site_257_item_214665_clip_020.webm,4.853,17.531,12.678,night,spring,-0.5,0.866025,-0.5,0.866025,spring_night
214665_clip020_s001,resources/site_257_bowra-dry-a/downloaded_clips/site_257_item_214665/site_257_item_214665_clip_020.webm,19.83,31.672,11.842,night,spring,-0.5,0.866025,-0.5,0.866025,spring_night
214665_clip022_s000,resources/site_257_bowra-dry-a/downloaded_clips/site_257_item_214665/site_257_item_214665_clip_022.webm,50.666,61.44,10.774,night,spring,-0.5,0.866025,-0.5,0.866025,spring_night
214665_clip022_s001,resources/site_257_bowra-dry-a/downloaded_clips/site_257_item_214665/site_257_item_214665_clip_022.webm,280.961,292.386,11.424,night,spring,-0.5,0.866025,-0.5,0.866025,spring_night
214665_clip024_s000,resources/site_257_bowra-dry-a/downloaded_clips/site_257_item_214665/site_257_item_214665_clip_024.webm,252.54,263.198,10.658,night,spring,-0.5,0.866025,-0.5,0.866025,spring_night
214665_clip024_s001,resources/site_257_bowra-dry-a/downloaded_clips/site_257_item_214665/site_257_item_214665_clip_024.webm,273.392,285.002,11.61,night,spring,-0.5,0.866025,-0.5,0.866025,spring_night
214835_clip001_s000,resources/site_257_bowra-dry-a/downloaded_clips/site_257_item_214835/site_257_item_214835_clip_001.webm,26.285,41.215,14.93,night,spring,-0.5,0.866025,-0.5,0.866025,spring_night
214835_clip001_s001,resources/site_257_bowra-dry-a/downloaded_clips/site_257_item_214835/site_257_item_214835_clip_001.webm,172.71,183.298,10.588,night,spring,-0.5,0.866025,-0.5,0.866025,spring_night
214835_clip001_s002,resources/site_257_bowra-dry-a/downloaded_clips/site_257_item_214835/site_257_item_214835_clip_001.webm,258.229,269.351,11.122,night,spring,-0.5,0.866025,-0.5,0.866025,spring_night
214835_clip002_s000,resources/site_257_bowra-dry-a/downloaded_clips/site_257_item_214835/site_257_item_214835_clip_002.webm,247.966,267.006,19.04,night,spring,-0.5,0.866025,-0.5,0.866025,spring_night
214835_clip003_s000,resources/site_257_bowra-dry-a/downloaded_clips/site_257_item_214835/site_257_item_214835_clip_003.webm,19.946,30.232,10.286,night,spring,-0.5,0.866025,-0.5,0.866025,spring_night
214835_clip003_s001,resources/site_257_bowra-dry-a/downloaded_clips/site_257_item_214835/site_257_item_214835_clip_003.webm,36.293,49.737,13.444,night,spring,-0.5,0.866025,-0.5,0.866025,spring_night
214835_clip003_s002,resources/site_257_bowra-dry-a/downloaded_clips/site_257_item_214835/site_257_item_214835_clip_003.webm,63.925,75.558,11.633,night,spring,-0.5,0.866025,-0.5,0.866025,spring_night
214835_clip003_s003,resources/site_257_bowra-dry-a/downloaded_clips/site_257_item_214835/site_257_item_214835_clip_003.webm,107.299,126.247,18.947,night,spring,-0.5,0.866025,-0.5,0.866025,spring_night
214835_clip003_s004,resources/site_257_bowra-dry-a/downloaded_clips/site_257_item_214835/site_257_item_214835_clip_003.webm,258.136,271.72,13.584,night,spring,-0.5,0.866025,-0.5,0.866025,spring_night
214835_clip004_s000,resources/site_257_bowra-dry-a/downloaded_clips/site_257_item_214835/site_257_item_214835_clip_004.webm,96.804,108.089,11.285,night,spring,-0.5,0.866025,-0.5,0.866025,spring_night
214835_clip004_s001,resources/site_257_bowra-dry-a/downloaded_clips/site_257_item_214835/site_257_item_214835_clip_004.webm,213.438,224.514,11.076,night,spring,-0.5,0.866025,-0.5,0.866025,spring_night
214835_clip004_s002,resources/site_257_bowra-dry-a/downloaded_clips/site_257_item_214835/site_257_item_214835_clip_004.webm,233.639,245.597,11.958,night,spring,-0.5,0.866025,-0.5,0.866025,spring_night
214835_clip005_s000,resources/site_257_bowra-dry-a/downloaded_clips/site_257_item_214835/site_257_item_214835_clip_005.webm,9.961,25.983,16.022,night,spring,-0.5,0.866025,-0.5,0.866025,spring_night
214835_clip005_s001,resources/site_257_bowra-dry-a/downloaded_clips/site_257_item_214835/site_257_item_214835_clip_005.webm,43.305,58.909,15.604,night,spring,-0.5,0.866025,-0.5,0.866025,spring_night
214835_clip006_s000,resources/site_257_bowra-dry-a/downloaded_clips/site_257_item_214835/site_257_item_214835_clip_006.webm,4.737,17.763,13.026,night,spring,-0.5,0.866025,-0.5,0.866025,spring_night
214835_clip006_s001,resources/site_257_bowra-dry-a/downloaded_clips/site_257_item_214835/site_257_item_214835_clip_006.webm,133.166,143.221,10.054,night,spring,-0.5,0.866025,-0.5,0.866025,spring_night
214835_clip006_s002,resources/site_257_bowra-dry-a/downloaded_clips/site_257_item_214835/site_257_item_214835_clip_006.webm,143.43,168.182,24.752,night,spring,-0.5,0.866025,-0.5,0.866025,spring_night
214835_clip006_s003,resources/site_257_bowra-dry-a/downloaded_clips/site_257_item_214835/site_257_item_214835_clip_006.webm,173.732,188.569,14.838,night,spring,-0.5,0.866025,-0.5,0.866025,spring_night
214835_clip007_s000,resources/site_257_bowra-dry-a/downloaded_clips/site_257_item_214835/site_257_item_214835_clip_007.webm,89.861,100.682,10.82,night,spring,-0.5,0.866025,-0.5,0.866025,spring_night
214835_clip008_s000,resources/site_257_bowra-dry-a/downloaded_clips/site_257_item_214835/site_257_item_214835_clip_008.webm,2.601,14.071,11.471,night,spring,-0.5,0.866025,-0.5,0.866025,spring_night
214835_clip008_s001,resources/site_257_bowra-dry-a/downloaded_clips/site_257_item_214835/site_257_item_214835_clip_008.webm,93.367,107.021,13.653,night,spring,-0.5,0.866025,-0.5,0.866025,spring_night
214835_clip009_s000,resources/site_257_bowra-dry-a/downloaded_clips/site_257_item_214835/site_257_item_214835_clip_009.webm,114.521,125.922,11.401,night,spring,-0.5,0.866025,-0.5,0.866025,spring_night
214835_clip009_s001,resources/site_257_bowra-dry-a/downloaded_clips/site_257_item_214835/site_257_item_214835_clip_009.webm,160.612,172.733,12.121,night,spring,-0.5,0.866025,-0.5,0.866025,spring_night
214835_clip009_s002,resources/site_257_bowra-dry-a/downloaded_clips/site_257_item_214835/site_257_item_214835_clip_009.webm,198.322,210.814,12.492,night,spring,-0.5,0.866025,-0.5,0.866025,spring_night
214835_clip010_s000,resources/site_257_bowra-dry-a/downloaded_clips/site_257_item_214835/site_257_item_214835_clip_010.webm,57.214,70.612,13.398,night,spring,-0.5,0.866025,-0.5,0.866025,spring_night
214835_clip010_s001,resources/site_257_bowra-dry-a/downloaded_clips/site_257_item_214835/site_257_item_214835_clip_010.webm,76.579,90.093,13.514,night,spring,-0.5,0.866025,-0.5,0.866025,spring_night
214835_clip010_s002,resources/site_257_bowra-dry-a/downloaded_clips/site_257_item_214835/site_257_item_214835_clip_010.webm,102.493,114.637,12.144,night,spring,-0.5,0.866025,-0.5,0.866025,spring_night
214835_clip010_s003,resources/site_257_bowra-dry-a/downloaded_clips/site_257_item_214835/site_257_item_214835_clip_010.webm,127.663,138.623,10.96,night,spring,-0.5,0.866025,-0.5,0.866025,spring_night
214835_clip011_s000,resources/site_257_bowra-dry-a/downloaded_clips/site_257_item_214835/site_257_item_214835_clip_011.webm,11.424,25.937,14.512,night,spring,-0.5,0.866025,-0.5,0.866025,spring_night
214835_clip011_s001,resources/site_257_bowra-dry-a/downloaded_clips/site_257_item_214835/site_257_item_214835_clip_011.webm,50.178,60.186,10.008,night,spring,-0.5,0.866025,-0.5,0.866025,spring_night
214835_clip012_s000,resources/site_257_bowra-dry-a/downloaded_clips/site_257_item_214835/site_257_item_214835_clip_012.webm,19.574,33.948,14.373,night,spring,-0.5,0.866025,-0.5,0.866025,spring_night
214835_clip012_s001,resources/site_257_bowra-dry-a/downloaded_clips/site_257_item_214835/site_257_item_214835_clip_012.webm,42.376,53.476,11.099,night,spring,-0.5,0.866025,-0.5,0.866025,spring_night
214835_clip012_s002,resources/site_257_bowra-dry-a/downloaded_clips/site_257_item_214835/site_257_item_214835_clip_012.webm,98.244,111.734,13.491,night,spring,-0.5,0.866025,-0.5,0.866025,spring_night
214835_clip012_s003,resources/site_257_bowra-dry-a/downloaded_clips/site_257_item_214835/site_257_item_214835_clip_012.webm,174.8,189.684,14.884,night,spring,-0.5,0.866025,-0.5,0.866025,spring_night
214835_clip012_s004,resources/site_257_bowra-dry-a/downloaded_clips/site_257_item_214835/site_257_item_214835_clip_012.webm,218.825,229.947,11.122,night,spring,-0.5,0.866025,-0.5,0.866025,spring_night
214835_clip013_s000,resources/site_257_bowra-dry-a/downloaded_clips/site_257_item_214835/site_257_item_214835_clip_013.webm,176.982,188.082,11.099,night,spring,-0.5,0.866025,-0.5,0.866025,spring_night
214835_clip013_s001,resources/site_257_bowra-dry-a/downloaded_clips/site_257_item_214835/site_257_item_214835_clip_013.webm,207.401,220.218,12.817,night,spring,-0.5,0.866025,-0.5,0.866025,spring_night
214835_clip014_s000,resources/site_257_bowra-dry-a/downloaded_clips/site_257_item_214835/site_257_item_214835_clip_014.webm,37.036,51.107,14.071,night,spring,-0.5,0.866025,-0.5,0.866025,spring_night
214835_clip014_s001,resources/site_257_bowra-dry-a/downloaded_clips/site_257_item_214835/site_257_item_214835_clip_014.webm,154.366,167.16,12.794,night,spring,-0.5,0.866025,-0.5,0.866025,spring_night
214835_clip015_s000,resources/site_257_bowra-dry-a/downloaded_clips/site_257_item_214835/site_257_item_214835_clip_015.webm,50.085,65.782,15.697,night,spring,-0.5,0.866025,-0.5,0.866025,spring_night
214835_clip015_s001,resources/site_257_bowra-dry-a/downloaded_clips/site_257_item_214835/site_257_item_214835_clip_015.webm,103.189,113.755,10.565,night,spring,-0.5,0.866025,-0.5,0.866025,spring_night
214835_clip017_s000,resources/site_257_bowra-dry-a/downloaded_clips/site_257_item_214835/site_257_item_214835_clip_017.webm,186.178,201.108,14.93,night,spring,-0.5,0.866025,-0.5,0.866025,spring_night
214835_clip017_s001,resources/site_257_bowra-dry-a/downloaded_clips/site_257_item_214835/site_257_item_214835_clip_017.webm,255.257,267.912,12.655,night,spring,-0.5,0.866025,-0.5,0.866025,spring_night
4883_clip001_s000,resources/site_257_bowra-dry-a/downloaded_clips/site_257_item_4883/site_257_item_4883_clip_001.webm,17.879,30.999,13.119,night,spring,-0.5,0.866025,-0.866025,0.5,spring_night
4883_clip001_s001,resources/site_257_bowra-dry-a/downloaded_clips/site_257_item_4883/site_257_item_4883_clip_001.webm,142.454,154.459,12.005,night,spring,-0.5,0.866025,-0.866025,0.5,spring_night
4883_clip001_s002,resources/site_257_bowra-dry-a/downloaded_clips/site_257_item_4883/site_257_item_4883_clip_001.webm,267.192,278.756,11.564,night,spring,-0.5,0.866025,-0.866025,0.5,spring_night
4883_clip001_s003,resources/site_257_bowra-dry-a/downloaded_clips/site_257_item_4883/site_257_item_4883_clip_001.webm,285.814,296.078,10.263,night,spring,-0.5,0.866025,-0.866025,0.5,spring_night
4883_clip005_s000,resources/site_257_bowra-dry-a/downloaded_clips/site_257_item_4883/site_257_item_4883_clip_005.webm,272.417,283.353,10.937,night,spring,-0.5,0.866025,-0.866025,0.5,spring_night
4883_clip008_s000,resources/site_257_bowra-dry-a/downloaded_clips/site_257_item_4883/site_257_item_4883_clip_008.webm,152.16,165.303,13.142,night,spring,-0.5,0.866025,-0.866025,0.5,spring_night
4883_clip009_s000,resources/site_257_bowra-dry-a/downloaded_clips/site_257_item_4883/site_257_item_4883_clip_009.webm,281.728,292.943,11.215,night,spring,-0.5,0.866025,-0.866025,0.5,spring_night
4883_clip011_s000,resources/site_257_bowra-dry-a/downloaded_clips/site_257_item_4883/site_257_item_4883_clip_011.webm,53.267,63.925,10.658,night,spring,-0.5,0.866025,-0.866025,0.5,spring_night
4883_clip012_s000,resources/site_257_bowra-dry-a/downloaded_clips/site_257_item_4883/site_257_item_4883_clip_012.webm,221.054,232.409,11.355,night,spring,-0.5,0.866025,-0.866025,0.5,spring_night
4883_clip013_s000,resources/site_257_bowra-dry-a/downloaded_clips/site_257_item_4883/site_257_item_4883_clip_013.webm,0.627,11.262,10.635,night,spring,-0.5,0.866025,-0.866025,0.5,spring_night
4883_clip013_s001,resources/site_257_bowra-dry-a/downloaded_clips/site_257_item_4883/site_257_item_4883_clip_013.webm,95.271,107.299,12.028,night,spring,-0.5,0.866025,-0.866025,0.5,spring_night
4883_clip014_s000,resources/site_257_bowra-dry-a/downloaded_clips/site_257_item_4883/site_257_item_4883_clip_014.webm,11.401,23.22,11.819,night,spring,-0.5,0.866025,-0.866025,0.5,spring_night
4883_clip014_s001,resources/site_257_bowra-dry-a/downloaded_clips/site_257_item_4883/site_257_item_4883_clip_014.webm,141.502,151.882,10.379,night,spring,-0.5,0.866025,-0.866025,0.5,spring_night
4883_clip015_s000,resources/site_257_bowra-dry-a/downloaded_clips/site_257_item_4883/site_257_item_4883_clip_015.webm,173.546,184.018,10.472,night,spring,-0.5,0.866025,-0.866025,0.5,spring_night
4883_clip015_s001,resources/site_257_bowra-dry-a/downloaded_clips/site_257_item_4883/site_257_item_4883_clip_015.webm,273.926,290.9,16.974,night,spring,-0.5,0.866025,-0.866025,0.5,spring_night
4883_clip016_s000,resources/site_257_bowra-dry-a/downloaded_clips/site_257_item_4883/site_257_item_4883_clip_016.webm,198.763,208.98,10.217,night,spring,-0.5,0.866025,-0.866025,0.5,spring_night
4883_clip016_s001,resources/site_257_bowra-dry-a/downloaded_clips/site_257_item_4883/site_257_item_4883_clip_016.webm,255.814,266.217,10.403,night,spring,-0.5,0.866025,-0.866025,0.5,spring_night
4883_clip017_s000,resources/site_257_bowra-dry-a/downloaded_clips/site_257_item_4883/site_257_item_4883_clip_017.webm,18.622,32.113,13.491,night,spring,-0.5,0.866025,-0.866025,0.5,spring_night
4883_clip017_s001,resources/site_257_bowra-dry-a/downloaded_clips/site_257_item_4883/site_257_item_4883_clip_017.webm,84.381,96.479,12.098,night,spring,-0.5,0.866025,-0.866025,0.5,spring_night
4883_clip017_s002,resources/site_257_bowra-dry-a/downloaded_clips/site_257_item_4883/site_257_item_4883_clip_017.webm,140.736,151.115,10.379,night,spring,-0.5,0.866025,-0.866025,0.5,spring_night
4883_clip018_s000,resources/site_257_bowra-dry-a/downloaded_clips/site_257_item_4883/site_257_item_4883_clip_018.webm,115.844,126.595,10.751,night,spring,-0.5,0.866025,-0.866025,0.5,spring_night
4883_clip021_s000,resources/site_257_bowra-dry-a/downloaded_clips/site_257_item_4883/site_257_item_4883_clip_021.webm,55.751,67.942,12.19,night,spring,-0.5,0.866025,-0.866025,0.5,spring_night
4883_clip021_s001,resources/site_257_bowra-dry-a/downloaded_clips/site_257_item_4883/site_257_item_4883_clip_021.webm,84.079,98.337,14.257,night,spring,-0.5,0.866025,-0.866025,0.5,spring_night
4883_clip021_s002,resources/site_257_bowra-dry-a/downloaded_clips/site_257_item_4883/site_257_item_4883_clip_021.webm,104.606,120.14,15.534,night,spring,-0.5,0.866025,-0.866025,0.5,spring_night
4883_clip023_s000,resources/site_257_bowra-dry-a/downloaded_clips/site_257_item_4883/site_257_item_4883_clip_023.webm,5.642,16.44,10.797,night,spring,-0.5,0.866025,-0.866025,0.5,spring_night
4883_clip023_s001,resources/site_257_bowra-dry-a/downloaded_clips/site_257_item_4883/site_257_item_4883_clip_023.webm,28.607,40.542,11.935,night,spring,-0.5,0.866025,-0.866025,0.5,spring_night
4883_clip023_s002,resources/site_257_bowra-dry-a/downloaded_clips/site_257_item_4883/site_257_item_4883_clip_023.webm,124.18,138.182,14.002,night,spring,-0.5,0.866025,-0.866025,0.5,spring_night
4883_clip023_s003,resources/site_257_bowra-dry-a/downloaded_clips/site_257_item_4883/site_257_item_4883_clip_023.webm,232.292,242.486,10.194,night,spring,-0.5,0.866025,-0.866025,0.5,spring_night
4883_clip023_s004,resources/site_257_bowra-dry-a/downloaded_clips/site_257_item_4883/site_257_item_4883_clip_023.webm,278.57,290.133,11.564,night,spring,-0.5,0.866025,-0.866025,0.5,spring_night
4883_clip024_s000,resources/site_257_bowra-dry-a/downloaded_clips/site_257_item_4883/site_257_item_4883_clip_024.webm,109.412,123.623,14.211,night,spring,-0.5,0.866025,-0.866025,0.5,spring_night
5392_clip001_s000,resources/site_257_bowra-dry-a/downloaded_clips/site_257_item_5392/site_257_item_5392_clip_001.webm,179.699,192.795,13.096,night,spring,-0.5,0.866025,-1.0,-0.0,spring_night
5392_clip001_s001,resources/site_257_bowra-dry-a/downloaded_clips/site_257_item_5392/site_257_item_5392_clip_001.webm,287.811,298.051,10.24,night,spring,-0.5,0.866025,-1.0,-0.0,spring_night
5392_clip002_s000,resources/site_257_bowra-dry-a/downloaded_clips/site_257_item_5392/site_257_item_5392_clip_002.webm,2.368,13.932,11.564,night,spring,-0.5,0.866025,-1.0,-0.0,spring_night
5392_clip002_s001,resources/site_257_bowra-dry-a/downloaded_clips/site_257_item_5392/site_257_item_5392_clip_002.webm,142.919,157.385,14.466,night,spring,-0.5,0.866025,-1.0,-0.0,spring_night
5392_clip002_s002,resources/site_257_bowra-dry-a/downloaded_clips/site_257_item_5392/site_257_item_5392_clip_002.webm,190.938,207.076,16.138,night,spring,-0.5,0.866025,-1.0,-0.0,spring_night
5392_clip002_s003,resources/site_257_bowra-dry-a/downloaded_clips/site_257_item_5392/site_257_item_5392_clip_002.webm,289.669,299.909,10.24,night,spring,-0.5,0.866025,-1.0,-0.0,spring_night
5392_clip003_s000,resources/site_257_bowra-dry-a/downloaded_clips/site_257_item_5392/site_257_item_5392_clip_003.webm,0.139,16.417,16.277,night,spring,-0.5,0.866025,-1.0,-0.0,spring_night
5392_clip003_s001,resources/site_257_bowra-dry-a/downloaded_clips/site_257_item_5392/site_257_item_5392_clip_003.webm,103.259,117.354,14.095,night,spring,-0.5,0.866025,-1.0,-0.0,spring_night
5392_clip003_s002,resources/site_257_bowra-dry-a/downloaded_clips/site_257_item_5392/site_257_item_5392_clip_003.webm,120.186,133.468,13.282,night,spring,-0.5,0.866025,-1.0,-0.0,spring_night
5392_clip003_s003,resources/site_257_bowra-dry-a/downloaded_clips/site_257_item_5392/site_257_item_5392_clip_003.webm,195.442,208.631,13.189,night,spring,-0.5,0.866025,-1.0,-0.0,spring_night
5392_clip003_s004,resources/site_257_bowra-dry-a/downloaded_clips/site_257_item_5392/site_257_item_5392_clip_003.webm,218.987,232.13,13.142,night,spring,-0.5,0.866025,-1.0,-0.0,spring_night
5392_clip005_s000,resources/site_257_bowra-dry-a/downloaded_clips/site_257_item_5392/site_257_item_5392_clip_005.webm,81.107,92.16,11.053,night,spring,-0.5,0.866025,-1.0,-0.0,spring_night
5392_clip005_s001,resources/site_257_bowra-dry-a/downloaded_clips/site_257_item_5392/site_257_item_5392_clip_005.webm,178.19,190.45,12.26,night,spring,-0.5,0.866025,-1.0,-0.0,spring_night
5392_clip005_s002,resources/site_257_bowra-dry-a/downloaded_clips/site_257_item_5392/site_257_item_5392_clip_005.webm,286.256,296.542,10.286,night,spring,-0.5,0.866025,-1.0,-0.0,spring_night
5392_clip006_s000,resources/site_257_bowra-dry-a/downloaded_clips/site_257_item_5392/site_257_item_5392_clip_006.webm,283.539,293.849,10.31,night,spring,-0.5,0.866025,-1.0,-0.0,spring_night
5392_clip008_s000,resources/site_257_bowra-dry-a/downloaded_clips/site_257_item_5392/site_257_item_5392_clip_008.webm,208.933,223.747,14.814,night,spring,-0.5,0.866025,-1.0,-0.0,spring_night
5392_clip008_s001,resources/site_257_bowra-dry-a/downloaded_clips/site_257_item_5392/site_257_item_5392_clip_008.webm,287.463,298.028,10.565,night,spring,-0.5,0.866025,-1.0,-0.0,spring_night
5392_clip009_s000,resources/site_257_bowra-dry-a/downloaded_clips/site_257_item_5392/site_257_item_5392_clip_009.webm,48.135,60.488,12.353,night,spring,-0.5,0.866025,-1.0,-0.0,spring_night
5392_clip009_s001,resources/site_257_bowra-dry-a/downloaded_clips/site_257_item_5392/site_257_item_5392_clip_009.webm,150.442,168.391,17.949,night,spring,-0.5,0.866025,-1.0,-0.0,spring_night
5392_clip009_s002,resources/site_257_bowra-dry-a/downloaded_clips/site_257_item_5392/site_257_item_5392_clip_009.webm,179.188,191.077,11.889,night,spring,-0.5,0.866025,-1.0,-0.0,spring_night
5392_clip009_s003,resources/site_257_bowra-dry-a/downloaded_clips/site_257_item_5392/site_257_item_5392_clip_009.webm,238.562,248.732,10.17,night,spring,-0.5,0.866025,-1.0,-0.0,spring_night
5392_clip010_s000,resources/site_257_bowra-dry-a/downloaded_clips/site_257_item_5392/site_257_item_5392_clip_010.webm,133.724,147.749,14.025,night,spring,-0.5,0.866025,-1.0,-0.0,spring_night
5392_clip010_s001,resources/site_257_bowra-dry-a/downloaded_clips/site_257_item_5392/site_257_item_5392_clip_010.webm,223.98,234.08,10.101,night,spring,-0.5,0.866025,-1.0,-0.0,spring_night
5392_clip010_s002,resources/site_257_bowra-dry-a/downloaded_clips/site_257_item_5392/site_257_item_5392_clip_010.webm,266.844,278.105,11.262,night,spring,-0.5,0.866025,-1.0,-0.0,spring_night
5392_clip011_s000,resources/site_257_bowra-dry-a/downloaded_clips/site_257_item_5392/site_257_item_5392_clip_011.webm,134.699,147.911,13.212,night,spring,-0.5,0.866025,-1.0,-0.0,spring_night
5392_clip012_s000,resources/site_257_bowra-dry-a/downloaded_clips/site_257_item_5392/site_257_item_5392_clip_012.webm,150.094,160.311,10.217,night,spring,-0.5,0.866025,-1.0,-0.0,spring_night
5392_clip012_s001,resources/site_257_bowra-dry-a/downloaded_clips/site_257_item_5392/site_257_item_5392_clip_012.webm,210.303,222.563,12.26,night,spring,-0.5,0.866025,-1.0,-0.0,spring_night
5392_clip014_s000,resources/site_257_bowra-dry-a/downloaded_clips/site_257_item_5392/site_257_item_5392_clip_014.webm,286.093,297.215,11.122,night,spring,-0.5,0.866025,-1.0,-0.0,spring_night
5392_clip015_s000,resources/site_257_bowra-dry-a/downloaded_clips/site_257_item_5392/site_257_item_5392_clip_015.webm,57.655,68.081,10.426,night,spring,-0.5,0.866025,-1.0,-0.0,spring_night
5392_clip015_s001,resources/site_257_bowra-dry-a/downloaded_clips/site_257_item_5392/site_257_item_5392_clip_015.webm,255.303,267.378,12.074,night,spring,-0.5,0.866025,-1.0,-0.0,spring_night
5392_clip016_s000,resources/site_257_bowra-dry-a/downloaded_clips/site_257_item_5392/site_257_item_5392_clip_016.webm,100.984,112.919,11.935,night,spring,-0.5,0.866025,-1.0,-0.0,spring_night
5392_clip016_s001,resources/site_257_bowra-dry-a/downloaded_clips/site_257_item_5392/site_257_item_5392_clip_016.webm,134.072,147.679,13.607,night,spring,-0.5,0.866025,-1.0,-0.0,spring_night
5392_clip016_s002,resources/site_257_bowra-dry-a/downloaded_clips/site_257_item_5392/site_257_item_5392_clip_016.webm,223.655,234.08,10.426,night,spring,-0.5,0.866025,-1.0,-0.0,spring_night
5392_clip016_s003,resources/site_257_bowra-dry-a/downloaded_clips/site_257_item_5392/site_257_item_5392_clip_016.webm,279.15,293.059,13.909,night,spring,-0.5,0.866025,-1.0,-0.0,spring_night
5392_clip018_s000,resources/site_257_bowra-dry-a/downloaded_clips/site_257_item_5392/site_257_item_5392_clip_018.webm,94.366,108.623,14.257,night,spring,-0.5,0.866025,-1.0,-0.0,spring_night
5392_clip019_s000,resources/site_257_bowra-dry-a/downloaded_clips/site_257_item_5392/site_257_item_5392_clip_019.webm,146.704,158.151,11.447,night,spring,-0.5,0.866025,-1.0,-0.0,spring_night
5392_clip020_s000,resources/site_257_bowra-dry-a/downloaded_clips/site_257_item_5392/site_257_item_5392_clip_020.webm,219.8,231.41,11.61,night,spring,-0.5,0.866025,-1.0,-0.0,spring_night
5392_clip022_s000,resources/site_257_bowra-dry-a/downloaded_clips/site_257_item_5392/site_257_item_5392_clip_022.webm,155.086,168.925,13.839,night,spring,-0.5,0.866025,-1.0,-0.0,spring_night
5392_clip024_s000,resources/site_257_bowra-dry-a/downloaded_clips/site_257_item_5392/site_257_item_5392_clip_024.webm,197.904,208.817,10.913,night,spring,-0.5,0.866025,-1.0,-0.0,spring_night
5421_clip006_s000,resources/site_257_bowra-dry-a/downloaded_clips/site_257_item_5421/site_257_item_5421_clip_006.webm,21.641,32.67,11.029,night,spring,-0.5,0.866025,-1.0,-0.0,spring_night
4803_clip003_s000,resources/site_257_bowra-dry-a/downloaded_clips/site_257_item_4803/site_257_item_4803_clip_003.webm,152.648,166.139,13.491,night,spring,-0.5,0.866025,-1.0,-0.0,spring_night
4803_clip009_s000,resources/site_257_bowra-dry-a/downloaded_clips/site_257_item_4803/site_257_item_4803_clip_009.webm,113.894,125.063,11.169,night,spring,-0.5,0.866025,-1.0,-0.0,spring_night
4803_clip009_s001,resources/site_257_bowra-dry-a/downloaded_clips/site_257_item_4803/site_257_item_4803_clip_009.webm,130.496,141.201,10.704,night,spring,-0.5,0.866025,-1.0,-0.0,spring_night
4803_clip012_s000,resources/site_257_bowra-dry-a/downloaded_clips/site_257_item_4803/site_257_item_4803_clip_012.webm,93.507,106.185,12.678,night,spring,-0.5,0.866025,-1.0,-0.0,spring_night
4803_clip024_s000,resources/site_257_bowra-dry-a/downloaded_clips/site_257_item_4803/site_257_item_4803_clip_024.webm,163.213,173.871,10.658,night,spring,-0.5,0.866025,-1.0,-0.0,spring_night
5013_clip007_s000,resources/site_257_bowra-dry-a/downloaded_clips/site_257_item_5013/site_257_item_5013_clip_007.webm,266.008,278.082,12.074,night,spring,-0.5,0.866025,-1.0,-0.0,spring_night
5013_clip019_s000,resources/site_257_bowra-dry-a/downloaded_clips/site_257_item_5013/site_257_item_5013_clip_019.webm,129.591,141.247,11.656,night,spring,-0.5,0.866025,-1.0,-0.0,spring_night
5013_clip019_s001,resources/site_257_bowra-dry-a/downloaded_clips/site_257_item_5013/site_257_item_5013_clip_019.webm,186.294,196.371,10.077,night,spring,-0.5,0.866025,-1.0,-0.0,spring_night
5013_clip021_s000,resources/site_257_bowra-dry-a/downloaded_clips/site_257_item_5013/site_257_item_5013_clip_021.webm,30.465,40.774,10.31,night,spring,-0.5,0.866025,-1.0,-0.0,spring_night
5346_clip011_s000,resources/site_257_bowra-dry-a/downloaded_clips/site_257_item_5346/site_257_item_5346_clip_011.webm,79.087,90.627,11.54,night,spring,-0.5,0.866025,-1.0,-0.0,spring_night
5346_clip011_s001,resources/site_257_bowra-dry-a/downloaded_clips/site_257_item_5346/site_257_item_5346_clip_011.webm,116.889,127.71,10.82,night,spring,-0.5,0.866025,-1.0,-0.0,spring_night
5346_clip011_s002,resources/site_257_bowra-dry-a/downloaded_clips/site_257_item_5346/site_257_item_5346_clip_011.webm,246.364,256.534,10.17,night,spring,-0.5,0.866025,-1.0,-0.0,spring_night
5346_clip012_s000,resources/site_257_bowra-dry-a/downloaded_clips/site_257_item_5346/site_257_item_5346_clip_012.webm,212.323,225.025,12.701,night,spring,-0.5,0.866025,-1.0,-0.0,spring_night
5346_clip012_s001,resources/site_257_bowra-dry-a/downloaded_clips/site_257_item_5346/site_257_item_5346_clip_012.webm,232.78,244.042,11.262,night,spring,-0.5,0.866025,-1.0,-0.0,spring_night
5346_clip013_s000,resources/site_257_bowra-dry-a/downloaded_clips/site_257_item_5346/site_257_item_5346_clip_013.webm,29.025,42.91,13.886,night,spring,-0.5,0.866025,-1.0,-0.0,spring_night
5346_clip015_s000,resources/site_257_bowra-dry-a/downloaded_clips/site_257_item_5346/site_257_item_5346_clip_015.webm,105.72,116.796,11.076,night,spring,-0.5,0.866025,-1.0,-0.0,spring_night
5346_clip015_s001,resources/site_257_bowra-dry-a/downloaded_clips/site_257_item_5346/site_257_item_5346_clip_015.webm,273.995,286.186,12.19,night,spring,-0.5,0.866025,-1.0,-0.0,spring_night
5346_clip016_s000,resources/site_257_bowra-dry-a/downloaded_clips/site_257_item_5346/site_257_item_5346_clip_016.webm,12.469,22.965,10.495,night,spring,-0.5,0.866025,-1.0,-0.0,spring_night
5346_clip016_s001,resources/site_257_bowra-dry-a/downloaded_clips/site_257_item_5346/site_257_item_5346_clip_016.webm,235.775,248.988,13.212,night,spring,-0.5,0.866025,-1.0,-0.0,spring_night
5346_clip018_s000,resources/site_257_bowra-dry-a/downloaded_clips/site_257_item_5346/site_257_item_5346_clip_018.webm,63.553,75.999,12.446,night,spring,-0.5,0.866025,-1.0,-0.0,spring_night
5346_clip018_s001,resources/site_257_bowra-dry-a/downloaded_clips/site_257_item_5346/site_257_item_5346_clip_018.webm,196.093,209.328,13.235,night,spring,-0.5,0.866025,-1.0,-0.0,spring_night
5346_clip018_s002,resources/site_257_bowra-dry-a/downloaded_clips/site_257_item_5346/site_257_item_5346_clip_018.webm,254.305,264.824,10.519,night,spring,-0.5,0.866025,-1.0,-0.0,spring_night
5346_clip019_s000,resources/site_257_bowra-dry-a/downloaded_clips/site_257_item_5346/site_257_item_5346_clip_019.webm,14.118,26.796,12.678,night,spring,-0.5,0.866025,-1.0,-0.0,spring_night
5346_clip019_s001,resources/site_257_bowra-dry-a/downloaded_clips/site_257_item_5346/site_257_item_5346_clip_019.webm,72.516,83.545,11.029,night,spring,-0.5,0.866025,-1.0,-0.0,spring_night
5346_clip020_s000,resources/site_257_bowra-dry-a/downloaded_clips/site_257_item_5346/site_257_item_5346_clip_020.webm,62.949,75.209,12.26,night,spring,-0.5,0.866025,-1.0,-0.0,spring_night
5346_clip020_s001,resources/site_257_bowra-dry-a/downloaded_clips/site_257_item_5346/site_257_item_5346_clip_020.webm,109.134,122.95,13.816,night,spring,-0.5,0.866025,-1.0,-0.0,spring_night
5346_clip020_s002,resources/site_257_bowra-dry-a/downloaded_clips/site_257_item_5346/site_257_item_5346_clip_020.webm,182.811,193.26,10.449,night,spring,-0.5,0.866025,-1.0,-0.0,spring_night
5346_clip021_s000,resources/site_257_bowra-dry-a/downloaded_clips/site_257_item_5346/site_257_item_5346_clip_021.webm,0.139,10.379,10.24,night,spring,-0.5,0.866025,-1.0,-0.0,spring_night
5346_clip021_s001,resources/site_257_bowra-dry-a/downloaded_clips/site_257_item_5346/site_257_item_5346_clip_021.webm,144.707,156.874,12.167,night,spring,-0.5,0.866025,-1.0,-0.0,spring_night
5346_clip022_s000,resources/site_257_bowra-dry-a/downloaded_clips/site_257_item_5346/site_257_item_5346_clip_022.webm,55.496,65.596,10.101,night,spring,-0.5,0.866025,-1.0,-0.0,spring_night
5346_clip022_s001,resources/site_257_bowra-dry-a/downloaded_clips/site_257_item_5346/site_257_item_5346_clip_022.webm,122.137,135.999,13.862,night,spring,-0.5,0.866025,-1.0,-0.0,spring_night
5346_clip022_s002,resources/site_257_bowra-dry-a/downloaded_clips/site_257_item_5346/site_257_item_5346_clip_022.webm,212.045,223.492,11.447,night,spring,-0.5,0.866025,-1.0,-0.0,spring_night
5346_clip023_s000,resources/site_257_bowra-dry-a/downloaded_clips/site_257_item_5346/site_257_item_5346_clip_023.webm,70.798,80.922,10.124,night,spring,-0.5,0.866025,-1.0,-0.0,spring_night
5462_clip006_s000,resources/site_257_bowra-dry-a/downloaded_clips/site_257_item_5462/site_257_item_5462_clip_006.webm,257.834,268.051,10.217,night,spring,-0.5,0.866025,-1.0,-0.0,spring_night
5462_clip006_s001,resources/site_257_bowra-dry-a/downloaded_clips/site_257_item_5462/site_257_item_5462_clip_006.webm,278.709,289.576,10.867,night,spring,-0.5,0.866025,-1.0,-0.0,spring_night
5462_clip007_s000,resources/site_257_bowra-dry-a/downloaded_clips/site_257_item_5462/site_257_item_5462_clip_007.webm,200.202,214.622,14.42,night,spring,-0.5,0.866025,-1.0,-0.0,spring_night
5462_clip009_s000,resources/site_257_bowra-dry-a/downloaded_clips/site_257_item_5462/site_257_item_5462_clip_009.webm,40.078,55.519,15.441,night,spring,-0.5,0.866025,-1.0,-0.0,spring_night
5462_clip009_s001,resources/site_257_bowra-dry-a/downloaded_clips/site_257_item_5462/site_257_item_5462_clip_009.webm,116.611,127.965,11.355,night,spring,-0.5,0.866025,-1.0,-0.0,spring_night
5462_clip010_s000,resources/site_257_bowra-dry-a/downloaded_clips/site_257_item_5462/site_257_item_5462_clip_010.webm,167.741,178.352,10.612,night,spring,-0.5,0.866025,-1.0,-0.0,spring_night
5462_clip013_s000,resources/site_257_bowra-dry-a/downloaded_clips/site_257_item_5462/site_257_item_5462_clip_013.webm,178.724,194.142,15.418,night,spring,-0.5,0.866025,-1.0,-0.0,spring_night
5462_clip014_s000,resources/site_257_bowra-dry-a/downloaded_clips/site_257_item_5462/site_257_item_5462_clip_014.webm,73.538,84.869,11.331,night,spring,-0.5,0.866025,-1.0,-0.0,spring_night
5462_clip014_s001,resources/site_257_bowra-dry-a/downloaded_clips/site_257_item_5462/site_257_item_5462_clip_014.webm,100.96,111.851,10.89,night,spring,-0.5,0.866025,-1.0,-0.0,spring_night
5462_clip016_s000,resources/site_257_bowra-dry-a/downloaded_clips/site_257_item_5462/site_257_item_5462_clip_016.webm,5.689,22.593,16.904,night,spring,-0.5,0.866025,-1.0,-0.0,spring_night
5462_clip016_s001,resources/site_257_bowra-dry-a/downloaded_clips/site_257_item_5462/site_257_item_5462_clip_016.webm,263.175,276.526,13.351,night,spring,-0.5,0.866025,-1.0,-0.0,spring_night
5462_clip017_s000,resources/site_257_bowra-dry-a/downloaded_clips/site_257_item_5462/site_257_item_5462_clip_017.webm,91.045,101.146,10.101,night,spring,-0.5,0.866025,-1.0,-0.0,spring_night
5462_clip020_s000,resources/site_257_bowra-dry-a/downloaded_clips/site_257_item_5462/site_257_item_5462_clip_020.webm,37.825,53.034,15.209,night,spring,-0.5,0.866025,-1.0,-0.0,spring_night
5462_clip020_s001,resources/site_257_bowra-dry-a/downloaded_clips/site_257_item_5462/site_257_item_5462_clip_020.webm,157.872,171.061,13.189,night,spring,-0.5,0.866025,-1.0,-0.0,spring_night
5462_clip020_s002,resources/site_257_bowra-dry-a/downloaded_clips/site_257_item_5462/site_257_item_5462_clip_020.webm,186.619,204.661,18.042,night,spring,-0.5,0.866025,-1.0,-0.0,spring_night
5462_clip020_s003,resources/site_257_bowra-dry-a/downloaded_clips/site_257_item_5462/site_257_item_5462_clip_020.webm,211.696,230.412,18.715,night,spring,-0.5,0.866025,-1.0,-0.0,spring_night
5462_clip020_s004,resources/site_257_bowra-dry-a/downloaded_clips/site_257_item_5462/site_257_item_5462_clip_020.webm,278.129,288.624,10.495,night,spring,-0.5,0.866025,-1.0,-0.0,spring_night
5462_clip021_s000,resources/site_257_bowra-dry-a/downloaded_clips/site_257_item_5462/site_257_item_5462_clip_021.webm,245.365,256.441,11.076,night,spring,-0.5,0.866025,-1.0,-0.0,spring_night
5462_clip022_s000,resources/site_257_bowra-dry-a/downloaded_clips/site_257_item_5462/site_257_item_5462_clip_022.webm,197.045,207.819,10.774,night,spring,-0.5,0.866025,-1.0,-0.0,spring_night
5462_clip022_s001,resources/site_257_bowra-dry-a/downloaded_clips/site_257_item_5462/site_257_item_5462_clip_022.webm,260.389,270.466,10.077,night,spring,-0.5,0.866025,-1.0,-0.0,spring_night
5462_clip024_s000,resources/site_257_bowra-dry-a/downloaded_clips/site_257_item_5462/site_257_item_5462_clip_024.webm,76.835,88.654,11.819,night,spring,-0.5,0.866025,-1.0,-0.0,spring_night
5462_clip024_s001,resources/site_257_bowra-dry-a/downloaded_clips/site_257_item_5462/site_257_item_5462_clip_024.webm,254.467,266.263,11.796,night,spring,-0.5,0.866025,-1.0,-0.0,spring_night
214431_clip001_s000,resources/site_257_bowra-dry-a/downloaded_clips/site_257_item_214431/site_257_item_214431_clip_001.webm,49.11,63.762,14.652,night,spring,-0.5,0.866025,-0.866025,0.5,spring_night
214431_clip001_s001,resources/site_257_bowra-dry-a/downloaded_clips/site_257_item_214431/site_257_item_214431_clip_001.webm,67.477,79.064,11.587,night,spring,-0.5,0.866025,-0.866025,0.5,spring_night
214431_clip002_s000,resources/site_257_bowra-dry-a/downloaded_clips/site_257_item_214431/site_257_item_214431_clip_002.webm,188.267,198.438,10.17,night,spring,-0.5,0.866025,-0.866025,0.5,spring_night
214431_clip002_s001,resources/site_257_bowra-dry-a/downloaded_clips/site_257_item_214431/site_257_item_214431_clip_002.webm,267.471,282.61,15.139,night,spring,-0.5,0.866025,-0.866025,0.5,spring_night
214431_clip002_s002,resources/site_257_bowra-dry-a/downloaded_clips/site_257_item_214431/site_257_item_214431_clip_002.webm,288.694,299.003,10.31,night,spring,-0.5,0.866025,-0.866025,0.5,spring_night
214431_clip005_s000,resources/site_257_bowra-dry-a/downloaded_clips/site_257_item_214431/site_257_item_214431_clip_005.webm,277.92,288.02,10.101,night,spring,-0.5,0.866025,-0.866025,0.5,spring_night
214431_clip006_s000,resources/site_257_bowra-dry-a/downloaded_clips/site_257_item_214431/site_257_item_214431_clip_006.webm,27.655,40.008,12.353,night,spring,-0.5,0.866025,-0.866025,0.5,spring_night
214431_clip006_s001,resources/site_257_bowra-dry-a/downloaded_clips/site_257_item_214431/site_257_item_214431_clip_006.webm,66.85,82.222,15.372,night,spring,-0.5,0.866025,-0.866025,0.5,spring_night
214431_clip006_s002,resources/site_257_bowra-dry-a/downloaded_clips/site_257_item_214431/site_257_item_214431_clip_006.webm,214.808,225.35,10.542,night,spring,-0.5,0.866025,-0.866025,0.5,spring_night
214431_clip007_s000,resources/site_257_bowra-dry-a/downloaded_clips/site_257_item_214431/site_257_item_214431_clip_007.webm,261.503,273.81,12.307,night,spring,-0.5,0.866025,-0.866025,0.5,spring_night
214431_clip008_s000,resources/site_257_bowra-dry-a/downloaded_clips/site_257_item_214431/site_257_item_214431_clip_008.webm,1.765,12.353,10.588,night,spring,-0.5,0.866025,-0.866025,0.5,spring_night
214431_clip008_s001,resources/site_257_bowra-dry-a/downloaded_clips/site_257_item_214431/site_257_item_214431_clip_008.webm,30.929,43.166,12.237,night,spring,-0.5,0.866025,-0.866025,0.5,spring_night
214431_clip008_s002,resources/site_257_bowra-dry-a/downloaded_clips/site_257_item_214431/site_257_item_214431_clip_008.webm,155.04,166.278,11.238,night,spring,-0.5,0.866025,-0.866025,0.5,spring_night
214431_clip009_s000,resources/site_257_bowra-dry-a/downloaded_clips/site_257_item_214431/site_257_item_214431_clip_009.webm,117.725,127.826,10.101,night,spring,-0.5,0.866025,-0.866025,0.5,spring_night
214431_clip009_s001,resources/site_257_bowra-dry-a/downloaded_clips/site_257_item_214431/site_257_item_214431_clip_009.webm,218.987,231.549,12.562,night,spring,-0.5,0.866025,-0.866025,0.5,spring_night
214431_clip011_s000,resources/site_257_bowra-dry-a/downloaded_clips/site_257_item_214431/site_257_item_214431_clip_011.webm,119.815,136.928,17.113,night,spring,-0.5,0.866025,-0.866025,0.5,spring_night
214431_clip011_s001,resources/site_257_bowra-dry-a/downloaded_clips/site_257_item_214431/site_257_item_214431_clip_011.webm,193.747,205.38,11.633,night,spring,-0.5,0.866025,-0.866025,0.5,spring_night
214431_clip015_s000,resources/site_257_bowra-dry-a/downloaded_clips/site_257_item_214431/site_257_item_214431_clip_015.webm,51.386,62.647,11.262,night,spring,-0.5,0.866025,-0.866025,0.5,spring_night
214431_clip015_s001,resources/site_257_bowra-dry-a/downloaded_clips/site_257_item_214431/site_257_item_214431_clip_015.webm,225.21,235.474,10.263,night,spring,-0.5,0.866025,-0.866025,0.5,spring_night
214431_clip015_s002,resources/site_257_bowra-dry-a/downloaded_clips/site_257_item_214431/site_257_item_214431_clip_015.webm,278.5,288.787,10.286,night,spring,-0.5,0.866025,-0.866025,0.5,spring_night
214431_clip016_s000,resources/site_257_bowra-dry-a/downloaded_clips/site_257_item_214431/site_257_item_214431_clip_016.webm,78.878,91.324,12.446,night,spring,-0.5,0.866025,-0.866025,0.5,spring_night
214431_clip016_s001,resources/site_257_bowra-dry-a/downloaded_clips/site_257_item_214431/site_257_item_214431_clip_016.webm,146.588,157.153,10.565,night,spring,-0.5,0.866025,-0.866025,0.5,spring_night
214431_clip016_s002,resources/site_257_bowra-dry-a/downloaded_clips/site_257_item_214431/site_257_item_214431_clip_016.webm,271.79,285.373,13.584,night,spring,-0.5,0.866025,-0.866025,0.5,spring_night
214431_clip018_s000,resources/site_257_bowra-dry-a/downloaded_clips/site_257_item_214431/site_257_item_214431_clip_018.webm,27.632,40.844,13.212,night,spring,-0.5,0.866025,-0.866025,0.5,spring_night
214431_clip018_s001,resources/site_257_bowra-dry-a/downloaded_clips/site_257_item_214431/site_257_item_214431_clip_018.webm,74.629,86.657,12.028,night,spring,-0.5,0.866025,-0.866025,0.5,spring_night
214431_clip018_s002,resources/site_257_bowra-dry-a/downloaded_clips/site_257_item_214431/site_257_item_214431_clip_018.webm,187.083,198.229,11.146,night,spring,-0.5,0.866025,-0.866025,0.5,spring_night
214431_clip019_s000,resources/site_257_bowra-dry-a/downloaded_clips/site_257_item_214431/site_257_item_214431_clip_019.webm,148.933,159.475,10.542,night,spring,-0.5,0.866025,-0.866025,0.5,spring_night
214431_clip019_s001,resources/site_257_bowra-dry-a/downloaded_clips/site_257_item_214431/site_257_item_214431_clip_019.webm,233.848,247.989,14.141,night,spring,-0.5,0.866025,-0.866025,0.5,spring_night
214431_clip021_s000,resources/site_257_bowra-dry-a/downloaded_clips/site_257_item_214431/site_257_item_214431_clip_021.webm,65.736,84.265,18.53,night,spring,-0.5,0.866025,-0.866025,0.5,spring_night
214431_clip021_s001,resources/site_257_bowra-dry-a/downloaded_clips/site_257_item_214431/site_257_item_214431_clip_021.webm,169.924,195.233,25.31,night,spring,-0.5,0.866025,-0.866025,0.5,spring_night
214431_clip021_s002,resources/site_257_bowra-dry-a/downloaded_clips/site_257_item_214431/site_257_item_214431_clip_021.webm,210.164,220.729,10.565,night,spring,-0.5,0.866025,-0.866025,0.5,spring_night
214431_clip021_s003,resources/site_257_bowra-dry-a/downloaded_clips/site_257_item_214431/site_257_item_214431_clip_021.webm,257.277,267.517,10.24,night,spring,-0.5,0.866025,-0.866025,0.5,spring_night
214431_clip021_s004,resources/site_257_bowra-dry-a/downloaded_clips/site_257_item_214431/site_257_item_214431_clip_021.webm,284.537,295.869,11.331,night,spring,-0.5,0.866025,-0.866025,0.5,spring_night
214431_clip022_s000,resources/site_257_bowra-dry-a/downloaded_clips/site_257_item_214431/site_257_item_214431_clip_022.webm,91.138,103.004,11.865,night,spring,-0.5,0.866025,-0.866025,0.5,spring_night
214431_clip024_s000,resources/site_257_bowra-dry-a/downloaded_clips/site_257_item_214431/site_257_item_214431_clip_024.webm,174.962,185.62,10.658,night,spring,-0.5,0.866025,-0.866025,0.5,spring_night
214454_clip004_s000,resources/site_257_bowra-dry-a/downloaded_clips/site_257_item_214454/site_257_item_214454_clip_004.webm,97.802,109.25,11.447,night,spring,-0.5,0.866025,-0.866025,0.5,spring_night
214454_clip009_s000,resources/site_257_bowra-dry-a/downloaded_clips/site_257_item_214454/site_257_item_214454_clip_009.webm,125.69,135.744,10.054,night,spring,-0.5,0.866025,-0.866025,0.5,spring_night
214454_clip016_s000,resources/site_257_bowra-dry-a/downloaded_clips/site_257_item_214454/site_257_item_214454_clip_016.webm,150.79,162.656,11.865,night,spring,-0.5,0.866025,-0.866025,0.5,spring_night
214454_clip021_s000,resources/site_257_bowra-dry-a/downloaded_clips/site_257_item_214454/site_257_item_214454_clip_021.webm,98.615,109.111,10.495,night,spring,-0.5,0.866025,-0.866025,0.5,spring_night
214675_clip001_s000,resources/site_257_bowra-dry-a/downloaded_clips/site_257_item_214675/site_257_item_214675_clip_001.webm,239.444,249.731,10.286,night,spring,-0.5,0.866025,-0.5,0.866025,spring_night
214675_clip009_s000,resources/site_257_bowra-dry-a/downloaded_clips/site_257_item_214675/site_257_item_214675_clip_009.webm,75.558,86.216,10.658,night,spring,-0.5,0.866025,-0.5,0.866025,spring_night
214675_clip024_s000,resources/site_257_bowra-dry-a/downloaded_clips/site_257_item_214675/site_257_item_214675_clip_024.webm,143.708,157.431,13.723,night,spring,-0.5,0.866025,-0.5,0.866025,spring_night
214790_clip002_s000,resources/site_257_bowra-dry-a/downloaded_clips/site_257_item_214790/site_257_item_214790_clip_002.webm,0.139,14.373,14.234,night,spring,-0.5,0.866025,-0.5,0.866025,spring_night
214790_clip002_s001,resources/site_257_bowra-dry-a/downloaded_clips/site_257_item_214790/site_257_item_214790_clip_002.webm,79.482,92.74,13.259,night,spring,-0.5,0.866025,-0.5,0.866025,spring_night
214790_clip003_s000,resources/site_257_bowra-dry-a/downloaded_clips/site_257_item_214790/site_257_item_214790_clip_003.webm,47.508,58.166,10.658,night,spring,-0.5,0.866025,-0.5,0.866025,spring_night
214790_clip006_s000,resources/site_257_bowra-dry-a/downloaded_clips/site_257_item_214790/site_257_item_214790_clip_006.webm,85.542,96.061,10.519,night,spring,-0.5,0.866025,-0.5,0.866025,spring_night
214790_clip006_s001,resources/site_257_bowra-dry-a/downloaded_clips/site_257_item_214790/site_257_item_214790_clip_006.webm,189.01,202.524,13.514,night,spring,-0.5,0.866025,-0.5,0.866025,spring_night
214790_clip006_s002,resources/site_257_bowra-dry-a/downloaded_clips/site_257_item_214790/site_257_item_214790_clip_006.webm,214.808,229.692,14.884,night,spring,-0.5,0.866025,-0.5,0.866025,spring_night
214790_clip007_s000,resources/site_257_bowra-dry-a/downloaded_clips/site_257_item_214790/site_257_item_214790_clip_007.webm,20.41,38.22,17.81,night,spring,-0.5,0.866025,-0.5,0.866025,spring_night
214790_clip007_s001,resources/site_257_bowra-dry-a/downloaded_clips/site_257_item_214790/site_257_item_214790_clip_007.webm,53.801,64.366,10.565,night,spring,-0.5,0.866025,-0.5,0.866025,spring_night
214790_clip007_s002,resources/site_257_bowra-dry-a/downloaded_clips/site_257_item_214790/site_257_item_214790_clip_007.webm,85.055,95.364,10.31,night,spring,-0.5,0.866025,-0.5,0.866025,spring_night
214790_clip007_s003,resources/site_257_bowra-dry-a/downloaded_clips/site_257_item_214790/site_257_item_214790_clip_007.webm,101.239,112.083,10.844,night,spring,-0.5,0.866025,-0.5,0.866025,spring_night
214790_clip007_s004,resources/site_257_bowra-dry-a/downloaded_clips/site_257_item_214790/site_257_item_214790_clip_007.webm,256.209,268.121,11.912,night,spring,-0.5,0.866025,-0.5,0.866025,spring_night
214790_clip008_s000,resources/site_257_bowra-dry-a/downloaded_clips/site_257_item_214790/site_257_item_214790_clip_008.webm,113.708,123.739,10.031,night,spring,-0.5,0.866025,-0.5,0.866025,spring_night
214790_clip009_s000,resources/site_257_bowra-dry-a/downloaded_clips/site_257_item_214790/site_257_item_214790_clip_009.webm,43.398,53.452,10.054,night,spring,-0.5,0.866025,-0.5,0.866025,spring_night
214790_clip010_s000,resources/site_257_bowra-dry-a/downloaded_clips/site_257_item_214790/site_257_item_214790_clip_010.webm,105.929,116.495,10.565,night,spring,-0.5,0.866025,-0.5,0.866025,spring_night
214790_clip010_s001,resources/site_257_bowra-dry-a/downloaded_clips/site_257_item_214790/site_257_item_214790_clip_010.webm,138.019,148.445,10.426,night,spring,-0.5,0.866025,-0.5,0.866025,spring_night
214790_clip012_s000,resources/site_257_bowra-dry-a/downloaded_clips/site_257_item_214790/site_257_item_214790_clip_012.webm,103.724,117.447,13.723,night,spring,-0.5,0.866025,-0.5,0.866025,spring_night
214790_clip012_s001,resources/site_257_bowra-dry-a/downloaded_clips/site_257_item_214790/site_257_item_214790_clip_012.webm,144.08,154.343,10.263,night,spring,-0.5,0.866025,-0.5,0.866025,spring_night
214790_clip012_s002,resources/site_257_bowra-dry-a/downloaded_clips/site_257_item_214790/site_257_item_214790_clip_012.webm,222.47,235.381,12.91,night,spring,-0.5,0.866025,-0.5,0.866025,spring_night
214790_clip013_s000,resources/site_257_bowra-dry-a/downloaded_clips/site_257_item_214790/site_257_item_214790_clip_013.webm,174.103,184.274,10.17,night,spring,-0.5,0.866025,-0.5,0.866025,spring_night
214790_clip013_s001,resources/site_257_bowra-dry-a/downloaded_clips/site_257_item_214790/site_257_item_214790_clip_013.webm,184.483,195.326,10.844,night,spring,-0.5,0.866025,-0.5,0.866025,spring_night
214790_clip013_s002,resources/site_257_bowra-dry-a/downloaded_clips/site_257_item_214790/site_257_item_214790_clip_013.webm,198.066,208.399,10.333,night,spring,-0.5,0.866025,-0.5,0.866025,spring_night
214790_clip013_s003,resources/site_257_bowra-dry-a/downloaded_clips/site_257_item_214790/site_257_item_214790_clip_013.webm,215.272,228.879,13.607,night,spring,-0.5,0.866025,-0.5,0.866025,spring_night
214790_clip013_s004,resources/site_257_bowra-dry-a/downloaded_clips/site_257_item_214790/site_257_item_214790_clip_013.webm,229.088,239.189,10.101,night,spring,-0.5,0.866025,-0.5,0.866025,spring_night
214790_clip015_s000,resources/site_257_bowra-dry-a/downloaded_clips/site_257_item_214790/site_257_item_214790_clip_015.webm,272.022,282.401,10.379,night,spring,-0.5,0.866025,-0.5,0.866025,spring_night
214790_clip017_s000,resources/site_257_bowra-dry-a/downloaded_clips/site_257_item_214790/site_257_item_214790_clip_017.webm,41.819,51.873,10.054,night,spring,-0.5,0.866025,-0.5,0.866025,spring_night
214790_clip017_s001,resources/site_257_bowra-dry-a/downloaded_clips/site_257_item_214790/site_257_item_214790_clip_017.webm,149.954,162.052,12.098,night,spring,-0.5,0.866025,-0.5,0.866025,spring_night
214790_clip017_s002,resources/site_257_bowra-dry-a/downloaded_clips/site_257_item_214790/site_257_item_214790_clip_017.webm,187.966,202.873,14.907,night,spring,-0.5,0.866025,-0.5,0.866025,spring_night
214790_clip017_s003,resources/site_257_bowra-dry-a/downloaded_clips/site_257_item_214790/site_257_item_214790_clip_017.webm,203.082,214.877,11.796,night,spring,-0.5,0.866025,-0.5,0.866025,spring_night
214790_clip017_s004,resources/site_257_bowra-dry-a/downloaded_clips/site_257_item_214790/site_257_item_214790_clip_017.webm,237.122,248.036,10.913,night,spring,-0.5,0.866025,-0.5,0.866025,spring_night
214790_clip018_s000,resources/site_257_bowra-dry-a/downloaded_clips/site_257_item_214790/site_257_item_214790_clip_018.webm,0.139,11.958,11.819,night,spring,-0.5,0.866025,-0.5,0.866025,spring_night
214790_clip018_s001,resources/site_257_bowra-dry-a/downloaded_clips/site_257_item_214790/site_257_item_214790_clip_018.webm,71.564,92.462,20.898,night,spring,-0.5,0.866025,-0.5,0.866025,spring_night
214790_clip018_s002,resources/site_257_bowra-dry-a/downloaded_clips/site_257_item_214790/site_257_item_214790_clip_018.webm,171.456,187.13,15.673,night,spring,-0.5,0.866025,-0.5,0.866025,spring_night
214790_clip019_s000,resources/site_257_bowra-dry-a/downloaded_clips/site_257_item_214790/site_257_item_214790_clip_019.webm,37.895,54.776,16.881,night,spring,-0.5,0.866025,-0.5,0.866025,spring_night
214790_clip019_s001,resources/site_257_bowra-dry-a/downloaded_clips/site_257_item_214790/site_257_item_214790_clip_019.webm,145.891,157.385,11.494,night,spring,-0.5,0.866025,-0.5,0.866025,spring_night
214790_clip019_s002,resources/site_257_bowra-dry-a/downloaded_clips/site_257_item_214790/site_257_item_214790_clip_019.webm,181.557,193.631,12.074,night,spring,-0.5,0.866025,-0.5,0.866025,spring_night
214790_clip019_s003,resources/site_257_bowra-dry-a/downloaded_clips/site_257_item_214790/site_257_item_214790_clip_019.webm,225.396,240.698,15.302,night,spring,-0.5,0.866025,-0.5,0.866025,spring_night
214790_clip019_s004,resources/site_257_bowra-dry-a/downloaded_clips/site_257_item_214790/site_257_item_214790_clip_019.webm,276.294,288.369,12.074,night,spring,-0.5,0.866025,-0.5,0.866025,spring_night
214790_clip021_s000,resources/site_257_bowra-dry-a/downloaded_clips/site_257_item_214790/site_257_item_214790_clip_021.webm,51.014,62.369,11.355,night,spring,-0.5,0.866025,-0.5,0.866025,spring_night
214790_clip022_s000,resources/site_257_bowra-dry-a/downloaded_clips/site_257_item_214790/site_257_item_214790_clip_022.webm,21.316,31.602,10.286,night,spring,-0.5,0.866025,-0.5,0.866025,spring_night
214790_clip022_s001,resources/site_257_bowra-dry-a/downloaded_clips/site_257_item_214790/site_257_item_214790_clip_022.webm,206.89,221.333,14.443,night,spring,-0.5,0.866025,-0.5,0.866025,spring_night
214790_clip022_s002,resources/site_257_bowra-dry-a/downloaded_clips/site_257_item_214790/site_257_item_214790_clip_022.webm,274.831,286.07,11.238,night,spring,-0.5,0.866025,-0.5,0.866025,spring_night
214790_clip023_s000,resources/site_257_bowra-dry-a/downloaded_clips/site_257_item_214790/site_257_item_214790_clip_023.webm,169.273,182.068,12.794,night,spring,-0.5,0.866025,-0.5,0.866025,spring_night
214790_clip023_s001,resources/site_257_bowra-dry-a/downloaded_clips/site_257_item_214790/site_257_item_214790_clip_023.webm,195.721,209.769,14.048,night,spring,-0.5,0.866025,-0.5,0.866025,spring_night
214804_clip001_s000,resources/site_257_bowra-dry-a/downloaded_clips/site_257_item_214804/site_257_item_214804_clip_001.webm,205.218,215.922,10.704,night,spring,-0.5,0.866025,-0.5,0.866025,spring_night
214804_clip002_s000,resources/site_257_bowra-dry-a/downloaded_clips/site_257_item_214804/site_257_item_214804_clip_002.webm,99.939,109.97,10.031,night,spring,-0.5,0.866025,-0.5,0.866025,spring_night
214804_clip002_s001,resources/site_257_bowra-dry-a/downloaded_clips/site_257_item_214804/site_257_item_214804_clip_002.webm,111.386,125.248,13.862,night,spring,-0.5,0.866025,-0.5,0.866025,spring_night
214804_clip002_s002,resources/site_257_bowra-dry-a/downloaded_clips/site_257_item_214804/site_257_item_214804_clip_002.webm,166.325,178.236,11.912,night,spring,-0.5,0.866025,-0.5,0.866025,spring_night
214804_clip002_s003,resources/site_257_bowra-dry-a/downloaded_clips/site_257_item_214804/site_257_item_214804_clip_002.webm,178.445,191.704,13.259,night,spring,-0.5,0.866025,-0.5,0.866025,spring_night
214804_clip004_s000,resources/site_257_bowra-dry-a/downloaded_clips/site_257_item_214804/site_257_item_214804_clip_004.webm,127.361,137.787,10.426,night,spring,-0.5,0.866025,-0.5,0.866025,spring_night
214804_clip004_s001,resources/site_257_bowra-dry-a/downloaded_clips/site_257_item_214804/site_257_item_214804_clip_004.webm,246.248,257.254,11.006,night,spring,-0.5,0.866025,-0.5,0.866025,spring_night
214804_clip005_s000,resources/site_257_bowra-dry-a/downloaded_clips/site_257_item_214804/site_257_item_214804_clip_005.webm,1.765,11.958,10.194,night,spring,-0.5,0.866025,-0.5,0.866025,spring_night
214804_clip005_s001,resources/site_257_bowra-dry-a/downloaded_clips/site_257_item_214804/site_257_item_214804_clip_005.webm,207.633,220.891,13.259,night,spring,-0.5,0.866025,-0.5,0.866025,spring_night
214804_clip005_s002,resources/site_257_bowra-dry-a/downloaded_clips/site_257_item_214804/site_257_item_214804_clip_005.webm,231.851,250.009,18.158,night,spring,-0.5,0.866025,-0.5,0.866025,spring_night
214804_clip005_s003,resources/site_257_bowra-dry-a/downloaded_clips/site_257_item_214804/site_257_item_214804_clip_005.webm,279.336,291.875,12.539,night,spring,-0.5,0.866025,-0.5,0.866025,spring_night
214804_clip006_s000,resources/site_257_bowra-dry-a/downloaded_clips/site_257_item_214804/site_257_item_214804_clip_006.webm,9.242,24.381,15.139,night,spring,-0.5,0.866025,-0.5,0.866025,spring_night
214804_clip006_s001,resources/site_257_bowra-dry-a/downloaded_clips/site_257_item_214804/site_257_item_214804_clip_006.webm,198.832,211.766,12.934,night,spring,-0.5,0.866025,-0.5,0.866025,spring_night
214804_clip006_s002,resources/site_257_bowra-dry-a/downloaded_clips/site_257_item_214804/site_257_item_214804_clip_006.webm,272.788,283.864,11.076,night,spring,-0.5,0.866025,-0.5,0.866025,spring_night
214804_clip007_s000,resources/site_257_bowra-dry-a/downloaded_clips/site_257_item_214804/site_257_item_214804_clip_007.webm,3.855,16.138,12.283,night,spring,-0.5,0.866025,-0.5,0.866025,spring_night
214804_clip007_s001,resources/site_257_bowra-dry-a/downloaded_clips/site_257_item_214804/site_257_item_214804_clip_007.webm,109.877,120.79,10.913,night,spring,-0.5,0.866025,-0.5,0.866025,spring_night
214804_clip008_s000,resources/site_257_bowra-dry-a/downloaded_clips/site_257_item_214804/site_257_item_214804_clip_008.webm,142.036,153.345,11.308,night,spring,-0.5,0.866025,-0.5,0.866025,spring_night
214804_clip010_s000,resources/site_257_bowra-dry-a/downloaded_clips/site_257_item_214804/site_257_item_214804_clip_010.webm,36.479,50.852,14.373,night,spring,-0.5,0.866025,-0.5,0.866025,spring_night
214804_clip010_s001,resources/site_257_bowra-dry-a/downloaded_clips/site_257_item_214804/site_257_item_214804_clip_010.webm,148.143,161.541,13.398,night,spring,-0.5,0.866025,-0.5,0.866025,spring_night
214804_clip010_s002,resources/site_257_bowra-dry-a/downloaded_clips/site_257_item_214804/site_257_item_214804_clip_010.webm,162.981,174.405,11.424,night,spring,-0.5,0.866025,-0.5,0.866025,spring_night
214804_clip010_s003,resources/site_257_bowra-dry-a/downloaded_clips/site_257_item_214804/site_257_item_214804_clip_010.webm,260.621,272.533,11.912,night,spring,-0.5,0.866025,-0.5,0.866025,spring_night
214804_clip017_s000,resources/site_257_bowra-dry-a/downloaded_clips/site_257_item_214804/site_257_item_214804_clip_017.webm,169.506,182.184,12.678,night,spring,-0.5,0.866025,-0.5,0.866025,spring_night
214804_clip017_s001,resources/site_257_bowra-dry-a/downloaded_clips/site_257_item_214804/site_257_item_214804_clip_017.webm,246.271,256.859,10.588,night,spring,-0.5,0.866025,-0.5,0.866025,spring_night
214804_clip019_s000,resources/site_257_bowra-dry-a/downloaded_clips/site_257_item_214804/site_257_item_214804_clip_019.webm,72.516,82.918,10.403,night,spring,-0.5,0.866025,-0.5,0.866025,spring_night
214804_clip019_s001,resources/site_257_bowra-dry-a/downloaded_clips/site_257_item_214804/site_257_item_214804_clip_019.webm,251.519,261.875,10.356,night,spring,-0.5,0.866025,-0.5,0.866025,spring_night
214804_clip021_s000,resources/site_257_bowra-dry-a/downloaded_clips/site_257_item_214804/site_257_item_214804_clip_021.webm,93.298,103.77,10.472,night,spring,-0.5,0.866025,-0.5,0.866025,spring_night
214804_clip021_s001,resources/site_257_bowra-dry-a/downloaded_clips/site_257_item_214804/site_257_item_214804_clip_021.webm,215.458,226.116,10.658,night,spring,-0.5,0.866025,-0.5,0.866025,spring_night
214804_clip021_s002,resources/site_257_bowra-dry-a/downloaded_clips/site_257_item_214804/site_257_item_214804_clip_021.webm,253.608,268.423,14.814,night,spring,-0.5,0.866025,-0.5,0.866025,spring_night
214804_clip022_s000,resources/site_257_bowra-dry-a/downloaded_clips/site_257_item_214804/site_257_item_214804_clip_022.webm,10.333,22.57,12.237,night,spring,-0.5,0.866025,-0.5,0.866025,spring_night
214804_clip022_s001,resources/site_257_bowra-dry-a/downloaded_clips/site_257_item_214804/site_257_item_214804_clip_022.webm,29.536,39.776,10.24,night,spring,-0.5,0.866025,-0.5,0.866025,spring_night
214804_clip022_s002,resources/site_257_bowra-dry-a/downloaded_clips/site_257_item_214804/site_257_item_214804_clip_022.webm,77.671,89.443,11.773,night,spring,-0.5,0.866025,-0.5,0.866025,spring_night
214804_clip022_s003,resources/site_257_bowra-dry-a/downloaded_clips/site_257_item_214804/site_257_item_214804_clip_022.webm,99.451,110.179,10.728,night,spring,-0.5,0.866025,-0.5,0.866025,spring_night
214804_clip022_s004,resources/site_257_bowra-dry-a/downloaded_clips/site_257_item_214804/site_257_item_214804_clip_022.webm,115.287,128.824,13.537,night,spring,-0.5,0.866025,-0.5,0.866025,spring_night
214804_clip023_s000,resources/site_257_bowra-dry-a/downloaded_clips/site_257_item_214804/site_257_item_214804_clip_023.webm,138.368,151.673,13.305,night,spring,-0.5,0.866025,-0.5,0.866025,spring_night
214804_clip024_s000,resources/site_257_bowra-dry-a/downloaded_clips/site_257_item_214804/site_257_item_214804_clip_024.webm,173.708,184.715,11.006,night,spring,-0.5,0.866025,-0.5,0.866025,spring_night
214899_clip019_s000,resources/site_257_bowra-dry-a/downloaded_clips/site_257_item_214899/site_257_item_214899_clip_019.webm,129.614,139.691,10.077,night,spring,-0.5,0.866025,-0.5,0.866025,spring_night
214899_clip022_s000,resources/site_257_bowra-dry-a/downloaded_clips/site_257_item_214899/site_257_item_214899_clip_022.webm,28.375,38.94,10.565,night,spring,-0.5,0.866025,-0.5,0.866025,spring_night
214899_clip022_s001,resources/site_257_bowra-dry-a/downloaded_clips/site_257_item_214899/site_257_item_214899_clip_022.webm,57.377,67.593,10.217,night,spring,-0.5,0.866025,-0.5,0.866025,spring_night
214899_clip024_s000,resources/site_257_bowra-dry-a/downloaded_clips/site_257_item_214899/site_257_item_214899_clip_024.webm,6.873,18.042,11.169,night,spring,-0.5,0.866025,-0.5,0.866025,spring_night
214899_clip024_s001,resources/site_257_bowra-dry-a/downloaded_clips/site_257_item_214899/site_257_item_214899_clip_024.webm,234.104,252.215,18.112,night,spring,-0.5,0.866025,-0.5,0.866025,spring_night
5031_clip001_s000,resources/site_257_bowra-dry-a/downloaded_clips/site_257_item_5031/site_257_item_5031_clip_001.webm,125.225,135.396,10.17,night,spring,-0.5,0.866025,-0.866025,0.5,spring_night
5031_clip002_s000,resources/site_257_bowra-dry-a/downloaded_clips/site_257_item_5031/site_257_item_5031_clip_002.webm,121.928,137.485,15.557,night,spring,-0.5,0.866025,-0.866025,0.5,spring_night
5031_clip003_s000,resources/site_257_bowra-dry-a/downloaded_clips/site_257_item_5031/site_257_item_5031_clip_003.webm,121.162,131.657,10.495,night,spring,-0.5,0.866025,-0.866025,0.5,spring_night
5031_clip004_s000,resources/site_257_bowra-dry-a/downloaded_clips/site_257_item_5031/site_257_item_5031_clip_004.webm,55.914,68.824,12.91,night,spring,-0.5,0.866025,-0.866025,0.5,spring_night
5031_clip005_s000,resources/site_257_bowra-dry-a/downloaded_clips/site_257_item_5031/site_257_item_5031_clip_005.webm,19.644,31.045,11.401,night,spring,-0.5,0.866025,-0.866025,0.5,spring_night
5031_clip006_s000,resources/site_257_bowra-dry-a/downloaded_clips/site_257_item_5031/site_257_item_5031_clip_006.webm,64.203,85.566,21.362,night,spring,-0.5,0.866025,-0.866025,0.5,spring_night
5031_clip008_s000,resources/site_257_bowra-dry-a/downloaded_clips/site_257_item_5031/site_257_item_5031_clip_008.webm,0.139,12.307,12.167,night,spring,-0.5,0.866025,-0.866025,0.5,spring_night
5031_clip008_s001,resources/site_257_bowra-dry-a/downloaded_clips/site_257_item_5031/site_257_item_5031_clip_008.webm,106.255,117.795,11.54,night,spring,-0.5,0.866025,-0.866025,0.5,spring_night
5031_clip011_s000,resources/site_257_bowra-dry-a/downloaded_clips/site_257_item_5031/site_257_item_5031_clip_011.webm,270.42,280.497,10.077,night,spring,-0.5,0.866025,-0.866025,0.5,spring_night
5031_clip013_s000,resources/site_257_bowra-dry-a/downloaded_clips/site_257_item_5031/site_257_item_5031_clip_013.webm,221.936,234.893,12.957,night,spring,-0.5,0.866025,-0.866025,0.5,spring_night
5031_clip014_s000,resources/site_257_bowra-dry-a/downloaded_clips/site_257_item_5031/site_257_item_5031_clip_014.webm,72.678,83.592,10.913,night,spring,-0.5,0.866025,-0.866025,0.5,spring_night
5031_clip017_s000,resources/site_257_bowra-dry-a/downloaded_clips/site_257_item_5031/site_257_item_5031_clip_017.webm,93.019,103.073,10.054,night,spring,-0.5,0.866025,-0.866025,0.5,spring_night
5031_clip021_s000,resources/site_257_bowra-dry-a/downloaded_clips/site_257_item_5031/site_257_item_5031_clip_021.webm,97.547,110.481,12.934,night,spring,-0.5,0.866025,-0.866025,0.5,spring_night
5031_clip022_s000,resources/site_257_bowra-dry-a/downloaded_clips/site_257_item_5031/site_257_item_5031_clip_022.webm,194.072,205.218,11.146,night,spring,-0.5,0.866025,-0.866025,0.5,spring_night
5031_clip022_s001,resources/site_257_bowra-dry-a/downloaded_clips/site_257_item_5031/site_257_item_5031_clip_022.webm,243.206,253.608,10.403,night,spring,-0.5,0.866025,-0.866025,0.5,spring_night
5031_clip024_s000,resources/site_257_bowra-dry-a/downloaded_clips/site_257_item_5031/site_257_item_5031_clip_024.webm,8.591,20.875,12.283,night,spring,-0.5,0.866025,-0.866025,0.5,spring_night
5088_clip001_s000,resources/site_257_bowra-dry-a/downloaded_clips/site_257_item_5088/site_257_item_5088_clip_001.webm,268.423,278.941,10.519,night,spring,-0.5,0.866025,-0.866025,0.5,spring_night
5088_clip004_s000,resources/site_257_bowra-dry-a/downloaded_clips/site_257_item_5088/site_257_item_5088_clip_004.webm,154.993,171.503,16.509,night,spring,-0.5,0.866025,-0.866025,0.5,spring_night
5088_clip004_s001,resources/site_257_bowra-dry-a/downloaded_clips/site_257_item_5088/site_257_item_5088_clip_004.webm,205.38,219.405,14.025,night,spring,-0.5,0.866025,-0.866025,0.5,spring_night
5088_clip005_s000,resources/site_257_bowra-dry-a/downloaded_clips/site_257_item_5088/site_257_item_5088_clip_005.webm,177.563,196.905,19.342,night,spring,-0.5,0.866025,-0.866025,0.5,spring_night
5088_clip006_s000,resources/site_257_bowra-dry-a/downloaded_clips/site_257_item_5088/site_257_item_5088_clip_006.webm,47.554,62.485,14.93,night,spring,-0.5,0.866025,-0.866025,0.5,spring_night
5088_clip006_s001,resources/site_257_bowra-dry-a/downloaded_clips/site_257_item_5088/site_257_item_5088_clip_006.webm,74.838,86.169,11.331,night,spring,-0.5,0.866025,-0.866025,0.5,spring_night
5088_clip006_s002,resources/site_257_bowra-dry-a/downloaded_clips/site_257_item_5088/site_257_item_5088_clip_006.webm,152.462,162.981,10.519,night,spring,-0.5,0.866025,-0.866025,0.5,spring_night
5088_clip007_s000,resources/site_257_bowra-dry-a/downloaded_clips/site_257_item_5088/site_257_item_5088_clip_007.webm,18.413,29.513,11.099,night,spring,-0.5,0.866025,-0.866025,0.5,spring_night
5088_clip008_s000,resources/site_257_bowra-dry-a/downloaded_clips/site_257_item_5088/site_257_item_5088_clip_008.webm,56.285,68.87,12.585,night,spring,-0.5,0.866025,-0.866025,0.5,spring_night
5088_clip008_s001,resources/site_257_bowra-dry-a/downloaded_clips/site_257_item_5088/site_257_item_5088_clip_008.webm,241.882,253.91,12.028,night,spring,-0.5,0.866025,-0.866025,0.5,spring_night
5088_clip009_s000,resources/site_257_bowra-dry-a/downloaded_clips/site_257_item_5088/site_257_item_5088_clip_009.webm,6.409,19.273,12.864,night,spring,-0.5,0.866025,-0.866025,0.5,spring_night
5088_clip009_s001,resources/site_257_bowra-dry-a/downloaded_clips/site_257_item_5088/site_257_item_5088_clip_009.webm,61.417,74.257,12.841,night,spring,-0.5,0.866025,-0.866025,0.5,spring_night
5088_clip009_s002,resources/site_257_bowra-dry-a/downloaded_clips/site_257_item_5088/site_257_item_5088_clip_009.webm,154.041,164.397,10.356,night,spring,-0.5,0.866025,-0.866025,0.5,spring_night
5088_clip010_s000,resources/site_257_bowra-dry-a/downloaded_clips/site_257_item_5088/site_257_item_5088_clip_010.webm,43.7,61.185,17.485,night,spring,-0.5,0.866025,-0.866025,0.5,spring_night
5088_clip010_s001,resources/site_257_bowra-dry-a/downloaded_clips/site_257_item_5088/site_257_item_5088_clip_010.webm,96.038,113.917,17.879,night,spring,-0.5,0.866025,-0.866025,0.5,spring_night
5088_clip010_s002,resources/site_257_bowra-dry-a/downloaded_clips/site_257_item_5088/site_257_item_5088_clip_010.webm,178.631,190.009,11.378,night,spring,-0.5,0.866025,-0.866025,0.5,spring_night
5088_clip010_s003,resources/site_257_bowra-dry-a/downloaded_clips/site_257_item_5088/site_257_item_5088_clip_010.webm,240.327,251.472,11.146,night,spring,-0.5,0.866025,-0.866025,0.5,spring_night
5088_clip013_s000,resources/site_257_bowra-dry-a/downloaded_clips/site_257_item_5088/site_257_item_5088_clip_013.webm,26.703,37.477,10.774,night,spring,-0.5,0.866025,-0.866025,0.5,spring_night
5088_clip013_s001,resources/site_257_bowra-dry-a/downloaded_clips/site_257_item_5088/site_257_item_5088_clip_013.webm,180.048,191.054,11.006,night,spring,-0.5,0.866025,-0.866025,0.5,spring_night
5088_clip017_s000,resources/site_257_bowra-dry-a/downloaded_clips/site_257_item_5088/site_257_item_5088_clip_017.webm,6.734,22.477,15.743,night,spring,-0.5,0.866025,-0.866025,0.5,spring_night
5088_clip019_s000,resources/site_257_bowra-dry-a/downloaded_clips/site_257_item_5088/site_257_item_5088_clip_019.webm,16.486,27.237,10.751,night,spring,-0.5,0.866025,-0.866025,0.5,spring_night
5088_clip019_s001,resources/site_257_bowra-dry-a/downloaded_clips/site_257_item_5088/site_257_item_5088_clip_019.webm,52.198,67.825,15.627,night,spring,-0.5,0.866025,-0.866025,0.5,spring_night
5088_clip019_s002,resources/site_257_bowra-dry-a/downloaded_clips/site_257_item_5088/site_257_item_5088_clip_019.webm,68.034,78.762,10.728,night,spring,-0.5,0.866025,-0.866025,0.5,spring_night
5088_clip019_s003,resources/site_257_bowra-dry-a/downloaded_clips/site_257_item_5088/site_257_item_5088_clip_019.webm,83.963,96.015,12.051,night,spring,-0.5,0.866025,-0.866025,0.5,spring_night
5088_clip021_s000,resources/site_257_bowra-dry-a/downloaded_clips/site_257_item_5088/site_257_item_5088_clip_021.webm,76.208,86.262,10.054,night,spring,-0.5,0.866025,-0.866025,0.5,spring_night
5088_clip021_s001,resources/site_257_bowra-dry-a/downloaded_clips/site_257_item_5088/site_257_item_5088_clip_021.webm,228.717,240.652,11.935,night,spring,-0.5,0.866025,-0.866025,0.5,spring_night
5088_clip021_s002,resources/site_257_bowra-dry-a/downloaded_clips/site_257_item_5088/site_257_item_5088_clip_021.webm,261.666,274.088,12.423,night,spring,-0.5,0.866025,-0.866025,0.5,spring_night
5088_clip022_s000,resources/site_257_bowra-dry-a/downloaded_clips/site_257_item_5088/site_257_item_5088_clip_022.webm,68.313,78.762,10.449,night,spring,-0.5,0.866025,-0.866025,0.5,spring_night
5088_clip022_s001,resources/site_257_bowra-dry-a/downloaded_clips/site_257_item_5088/site_257_item_5088_clip_022.webm,181.557,191.565,10.008,night,spring,-0.5,0.866025,-0.866025,0.5,spring_night
5088_clip023_s000,resources/site_257_bowra-dry-a/downloaded_clips/site_257_item_5088/site_257_item_5088_clip_023.webm,0.139,10.913,10.774,night,spring,-0.5,0.866025,-0.866025,0.5,spring_night
5088_clip023_s001,resources/site_257_bowra-dry-a/downloaded_clips/site_257_item_5088/site_257_item_5088_clip_023.webm,176.982,188.175,11.192,night,spring,-0.5,0.866025,-0.866025,0.5,spring_night
5088_clip023_s002,resources/site_257_bowra-dry-a/downloaded_clips/site_257_item_5088/site_257_item_5088_clip_023.webm,279.708,291.201,11.494,night,spring,-0.5,0.866025,-0.866025,0.5,spring_night
445609_clip003_s000,resources/site_257_bowra-dry-a/downloaded_clips/site_257_item_445609/site_257_item_445609_clip_003.webm,146.959,157.478,10.519,night,spring,-0.5,0.866025,-1.0,-0.0,spring_night
445609_clip006_s000,resources/site_257_bowra-dry-a/downloaded_clips/site_257_item_445609/site_257_item_445609_clip_006.webm,69.66,80.852,11.192,night,spring,-0.5,0.866025,-1.0,-0.0,spring_night
445609_clip011_s000,resources/site_257_bowra-dry-a/downloaded_clips/site_257_item_445609/site_257_item_445609_clip_011.webm,88.514,101.03,12.516,night,spring,-0.5,0.866025,-1.0,-0.0,spring_night
445609_clip012_s000,resources/site_257_bowra-dry-a/downloaded_clips/site_257_item_445609/site_257_item_445609_clip_012.webm,92.903,108.298,15.395,night,spring,-0.5,0.866025,-1.0,-0.0,spring_night
445609_clip013_s000,resources/site_257_bowra-dry-a/downloaded_clips/site_257_item_445609/site_257_item_445609_clip_013.webm,38.383,49.203,10.82,night,spring,-0.5,0.866025,-1.0,-0.0,spring_night
445609_clip013_s001,resources/site_257_bowra-dry-a/downloaded_clips/site_257_item_445609/site_257_item_445609_clip_013.webm,212.997,225.628,12.632,night,spring,-0.5,0.866025,-1.0,-0.0,spring_night
445609_clip013_s002,resources/site_257_bowra-dry-a/downloaded_clips/site_257_item_445609/site_257_item_445609_clip_013.webm,238.167,249.591,11.424,night,spring,-0.5,0.866025,-1.0,-0.0,spring_night
445609_clip014_s000,resources/site_257_bowra-dry-a/downloaded_clips/site_257_item_445609/site_257_item_445609_clip_014.webm,185.202,195.466,10.263,night,spring,-0.5,0.866025,-1.0,-0.0,spring_night
445609_clip021_s000,resources/site_257_bowra-dry-a/downloaded_clips/site_257_item_445609/site_257_item_445609_clip_021.webm,24.52,36.571,12.051,night,spring,-0.5,0.866025,-1.0,-0.0,spring_night
445609_clip021_s001,resources/site_257_bowra-dry-a/downloaded_clips/site_257_item_445609/site_257_item_445609_clip_021.webm,173.871,186.224,12.353,night,spring,-0.5,0.866025,-1.0,-0.0,spring_night
445609_clip021_s002,resources/site_257_bowra-dry-a/downloaded_clips/site_257_item_445609/site_257_item_445609_clip_021.webm,212.393,225.257,12.864,night,spring,-0.5,0.866025,-1.0,-0.0,spring_night
445609_clip022_s000,resources/site_257_bowra-dry-a/downloaded_clips/site_257_item_445609/site_257_item_445609_clip_022.webm,45.836,60.674,14.838,night,spring,-0.5,0.866025,-1.0,-0.0,spring_night
445609_clip022_s001,resources/site_257_bowra-dry-a/downloaded_clips/site_257_item_445609/site_257_item_445609_clip_022.webm,194.072,205.218,11.146,night,spring,-0.5,0.866025,-1.0,-0.0,spring_night
445609_clip022_s002,resources/site_257_bowra-dry-a/downloaded_clips/site_257_item_445609/site_257_item_445609_clip_022.webm,209.189,221.263,12.074,night,spring,-0.5,0.866025,-1.0,-0.0,spring_night
445609_clip023_s000,resources/site_257_bowra-dry-a/downloaded_clips/site_257_item_445609/site_257_item_445609_clip_023.webm,72.795,86.355,13.56,night,spring,-0.5,0.866025,-1.0,-0.0,spring_night
445609_clip023_s001,resources/site_257_bowra-dry-a/downloaded_clips/site_257_item_445609/site_257_item_445609_clip_023.webm,149.769,160.009,10.24,night,spring,-0.5,0.866025,-1.0,-0.0,spring_night
445609_clip023_s002,resources/site_257_bowra-dry-a/downloaded_clips/site_257_item_445609/site_257_item_445609_clip_023.webm,196.185,206.936,10.751,night,spring,-0.5,0.866025,-1.0,-0.0,spring_night
445609_clip023_s003,resources/site_257_bowra-dry-a/downloaded_clips/site_257_item_445609/site_257_item_445609_clip_023.webm,249.336,264.893,15.557,night,spring,-0.5,0.866025,-1.0,-0.0,spring_night
445609_clip024_s000,resources/site_257_bowra-dry-a/downloaded_clips/site_257_item_445609/site_257_item_445609_clip_024.webm,2.81,15.139,12.33,night,spring,-0.5,0.866025,-1.0,-0.0,spring_night
445609_clip024_s001,resources/site_257_bowra-dry-a/downloaded_clips/site_257_item_445609/site_257_item_445609_clip_024.webm,61.881,72.446,10.565,night,spring,-0.5,0.866025,-1.0,-0.0,spring_night
445609_clip024_s002,resources/site_257_bowra-dry-a/downloaded_clips/site_257_item_445609/site_257_item_445609_clip_024.webm,156.549,167.439,10.89,night,spring,-0.5,0.866025,-1.0,-0.0,spring_night
445609_clip024_s003,resources/site_257_bowra-dry-a/downloaded_clips/site_257_item_445609/site_257_item_445609_clip_024.webm,171.479,192.308,20.828,night,spring,-0.5,0.866025,-1.0,-0.0,spring_night
445706_clip018_s000,resources/site_257_bowra-dry-a/downloaded_clips/site_257_item_445706/site_257_item_445706_clip_018.webm,249.243,263.593,14.35,night,spring,-0.5,0.866025,-1.0,-0.0,spring_night
445741_clip003_s000,resources/site_257_bowra-dry-a/downloaded_clips/site_257_item_445741/site_257_item_445741_clip_003.webm,66.897,77.764,10.867,night,spring,-0.5,0.866025,-1.0,-0.0,spring_night
445741_clip005_s000,resources/site_257_bowra-dry-a/downloaded_clips/site_257_item_445741/site_257_item_445741_clip_005.webm,44.025,58.398,14.373,night,spring,-0.5,0.866025,-1.0,-0.0,spring_night
445741_clip014_s000,resources/site_257_bowra-dry-a/downloaded_clips/site_257_item_445741/site_257_item_445741_clip_014.webm,108.739,119.513,10.774,night,spring,-0.5,0.866025,-1.0,-0.0,spring_night
445741_clip019_s000,resources/site_257_bowra-dry-a/downloaded_clips/site_257_item_445741/site_257_item_445741_clip_019.webm,257.37,277.084,19.714,night,spring,-0.5,0.866025,-1.0,-0.0,spring_night
1399444_clip002_s000,resources/site_257_bowra-dry-a/downloaded_clips/site_257_item_1399444/site_257_item_1399444_clip_002.webm,152.091,163.747,11.656,night,spring,-0.5,0.866025,-1.0,-0.0,spring_night
1399444_clip003_s000,resources/site_257_bowra-dry-a/downloaded_clips/site_257_item_1399444/site_257_item_1399444_clip_003.webm,149.862,161.17,11.308,night,spring,-0.5,0.866025,-1.0,-0.0,spring_night
1399444_clip003_s001,resources/site_257_bowra-dry-a/downloaded_clips/site_257_item_1399444/site_257_item_1399444_clip_003.webm,235.961,252.656,16.695,night,spring,-0.5,0.866025,-1.0,-0.0,spring_night
1399444_clip006_s000,resources/site_257_bowra-dry-a/downloaded_clips/site_257_item_1399444/site_257_item_1399444_clip_006.webm,170.969,182.741,11.773,night,spring,-0.5,0.866025,-1.0,-0.0,spring_night
1399444_clip007_s000,resources/site_257_bowra-dry-a/downloaded_clips/site_257_item_1399444/site_257_item_1399444_clip_007.webm,163.236,173.36,10.124,night,spring,-0.5,0.866025,-1.0,-0.0,spring_night
1399444_clip011_s000,resources/site_257_bowra-dry-a/downloaded_clips/site_257_item_1399444/site_257_item_1399444_clip_011.webm,272.951,283.167,10.217,night,spring,-0.5,0.866025,-1.0,-0.0,spring_night
1399550_clip003_s000,resources/site_257_bowra-dry-a/downloaded_clips/site_257_item_1399550/site_257_item_1399550_clip_003.webm,22.593,36.339,13.746,night,spring,-0.5,0.866025,-1.0,-0.0,spring_night
1399550_clip005_s000,resources/site_257_bowra-dry-a/downloaded_clips/site_257_item_1399550/site_257_item_1399550_clip_005.webm,187.246,197.857,10.612,night,spring,-0.5,0.866025,-1.0,-0.0,spring_night
1399550_clip007_s000,resources/site_257_bowra-dry-a/downloaded_clips/site_257_item_1399550/site_257_item_1399550_clip_007.webm,124.18,136.44,12.26,night,spring,-0.5,0.866025,-1.0,-0.0,spring_night
1399550_clip011_s000,resources/site_257_bowra-dry-a/downloaded_clips/site_257_item_1399550/site_257_item_1399550_clip_011.webm,37.245,47.647,10.403,night,spring,-0.5,0.866025,-1.0,-0.0,spring_night
1399550_clip013_s000,resources/site_257_bowra-dry-a/downloaded_clips/site_257_item_1399550/site_257_item_1399550_clip_013.webm,136.371,148.143,11.773,night,spring,-0.5,0.866025,-1.0,-0.0,spring_night
1399550_clip017_s000,resources/site_257_bowra-dry-a/downloaded_clips/site_257_item_1399550/site_257_item_1399550_clip_017.webm,239.328,251.356,12.028,night,spring,-0.5,0.866025,-1.0,-0.0,spring_night
1399550_clip020_s000,resources/site_257_bowra-dry-a/downloaded_clips/site_257_item_1399550/site_257_item_1399550_clip_020.webm,211.278,225.489,14.211,night,spring,-0.5,0.866025,-1.0,-0.0,spring_night
1399550_clip021_s000,resources/site_257_bowra-dry-a/downloaded_clips/site_257_item_1399550/site_257_item_1399550_clip_021.webm,286.372,296.844,10.472,night,spring,-0.5,0.866025,-1.0,-0.0,spring_night
1399550_clip022_s000,resources/site_257_bowra-dry-a/downloaded_clips/site_257_item_1399550/site_257_item_1399550_clip_022.webm,184.088,196.093,12.005,night,spring,-0.5,0.866025,-1.0,-0.0,spring_night
1399550_clip023_s000,resources/site_257_bowra-dry-a/downloaded_clips/site_257_item_1399550/site_257_item_1399550_clip_023.webm,65.411,79.714,14.303,night,spring,-0.5,0.866025,-1.0,-0.0,spring_night
1399550_clip024_s000,resources/site_257_bowra-dry-a/downloaded_clips/site_257_item_1399550/site_257_item_1399550_clip_024.webm,0.139,11.935,11.796,night,spring,-0.5,0.866025,-1.0,-0.0,spring_night
1399550_clip024_s001,resources/site_257_bowra-dry-a/downloaded_clips/site_257_item_1399550/site_257_item_1399550_clip_024.webm,95.875,106.556,10.681,night,spring,-0.5,0.866025,-1.0,-0.0,spring_night
1399550_clip024_s002,resources/site_257_bowra-dry-a/downloaded_clips/site_257_item_1399550/site_257_item_1399550_clip_024.webm,114.985,125.341,10.356,night,spring,-0.5,0.866025,-1.0,-0.0,spring_night
1399550_clip024_s003,resources/site_257_bowra-dry-a/downloaded_clips/site_257_item_1399550/site_257_item_1399550_clip_024.webm,246.666,257.416,10.751,night,spring,-0.5,0.866025,-1.0,-0.0,spring_night
1399884_clip003_s000,resources/site_257_bowra-dry-a/downloaded_clips/site_257_item_1399884/site_257_item_1399884_clip_003.webm,181.812,194.328,12.516,night,spring,-0.5,0.866025,-1.0,-0.0,spring_night
1399884_clip003_s001,resources/site_257_bowra-dry-a/downloaded_clips/site_257_item_1399884/site_257_item_1399884_clip_003.webm,259.901,270.303,10.403,night,spring,-0.5,0.866025,-1.0,-0.0,spring_night
1399884_clip006_s000,resources/site_257_bowra-dry-a/downloaded_clips/site_257_item_1399884/site_257_item_1399884_clip_006.webm,1.579,18.576,16.997,night,spring,-0.5,0.866025,-1.0,-0.0,spring_night
1399884_clip006_s001,resources/site_257_bowra-dry-a/downloaded_clips/site_257_item_1399884/site_257_item_1399884_clip_006.webm,59.002,72.655,13.653,night,spring,-0.5,0.866025,-1.0,-0.0,spring_night
1399884_clip009_s000,resources/site_257_bowra-dry-a/downloaded_clips/site_257_item_1399884/site_257_item_1399884_clip_009.webm,23.615,38.847,15.232,night,spring,-0.5,0.866025,-1.0,-0.0,spring_night
1399884_clip009_s001,resources/site_257_bowra-dry-a/downloaded_clips/site_257_item_1399884/site_257_item_1399884_clip_009.webm,98.337,110.62,12.283,night,spring,-0.5,0.866025,-1.0,-0.0,spring_night
1399884_clip009_s002,resources/site_257_bowra-dry-a/downloaded_clips/site_257_item_1399884/site_257_item_1399884_clip_009.webm,235.752,246.039,10.286,night,spring,-0.5,0.866025,-1.0,-0.0,spring_night
1399884_clip010_s000,resources/site_257_bowra-dry-a/downloaded_clips/site_257_item_1399884/site_257_item_1399884_clip_010.webm,259.924,269.978,10.054,night,spring,-0.5,0.866025,-1.0,-0.0,spring_night
1399884_clip011_s000,resources/site_257_bowra-dry-a/downloaded_clips/site_257_item_1399884/site_257_item_1399884_clip_011.webm,135.094,145.101,10.008,night,spring,-0.5,0.866025,-1.0,-0.0,spring_night
1399884_clip011_s001,resources/site_257_bowra-dry-a/downloaded_clips/site_257_item_1399884/site_257_item_1399884_clip_011.webm,191.007,201.805,10.797,night,spring,-0.5,0.866025,-1.0,-0.0,spring_night
1399884_clip013_s000,resources/site_257_bowra-dry-a/downloaded_clips/site_257_item_1399884/site_257_item_1399884_clip_013.webm,62.601,75.302,12.701,night,spring,-0.5,0.866025,-1.0,-0.0,spring_night
1399884_clip013_s001,resources/site_257_bowra-dry-a/downloaded_clips/site_257_item_1399884/site_257_item_1399884_clip_013.webm,177.377,188.175,10.797,night,spring,-0.5,0.866025,-1.0,-0.0,spring_night
1399884_clip013_s002,resources/site_257_bowra-dry-a/downloaded_clips/site_257_item_1399884/site_257_item_1399884_clip_013.webm,189.916,202.85,12.934,night,spring,-0.5,0.866025,-1.0,-0.0,spring_night
1399884_clip013_s003,resources/site_257_bowra-dry-a/downloaded_clips/site_257_item_1399884/site_257_item_1399884_clip_013.webm,239.328,251.588,12.26,night,spring,-0.5,0.866025,-1.0,-0.0,spring_night
1399884_clip014_s000,resources/site_257_bowra-dry-a/downloaded_clips/site_257_item_1399884/site_257_item_1399884_clip_014.webm,266.937,280.985,14.048,night,spring,-0.5,0.866025,-1.0,-0.0,spring_night
1399884_clip015_s000,resources/site_257_bowra-dry-a/downloaded_clips/site_257_item_1399884/site_257_item_1399884_clip_015.webm,264.057,276.178,12.121,night,spring,-0.5,0.866025,-1.0,-0.0,spring_night
1399884_clip016_s000,resources/site_257_bowra-dry-a/downloaded_clips/site_257_item_1399884/site_257_item_1399884_clip_016.webm,7.407,18.158,10.751,night,spring,-0.5,0.866025,-1.0,-0.0,spring_night
1399884_clip016_s001,resources/site_257_bowra-dry-a/downloaded_clips/site_257_item_1399884/site_257_item_1399884_clip_016.webm,276.898,290.226,13.328,night,spring,-0.5,0.866025,-1.0,-0.0,spring_night
1399884_clip017_s000,resources/site_257_bowra-dry-a/downloaded_clips/site_257_item_1399884/site_257_item_1399884_clip_017.webm,0.511,19.621,19.11,night,spring,-0.5,0.866025,-1.0,-0.0,spring_night
1399884_clip017_s001,resources/site_257_bowra-dry-a/downloaded_clips/site_257_item_1399884/site_257_item_1399884_clip_017.webm,84.428,96.084,11.656,night,spring,-0.5,0.866025,-1.0,-0.0,spring_night
1399884_clip019_s000,resources/site_257_bowra-dry-a/downloaded_clips/site_257_item_1399884/site_257_item_1399884_clip_019.webm,149.954,160.52,10.565,night,spring,-0.5,0.866025,-1.0,-0.0,spring_night
1399884_clip024_s000,resources/site_257_bowra-dry-a/downloaded_clips/site_257_item_1399884/site_257_item_1399884_clip_024.webm,55.356,65.805,10.449,night,spring,-0.5,0.866025,-1.0,-0.0,spring_night
1399884_clip024_s001,resources/site_257_bowra-dry-a/downloaded_clips/site_257_item_1399884/site_257_item_1399884_clip_024.webm,149.699,159.777,10.077,night,spring,-0.5,0.866025,-1.0,-0.0,spring_night
1400669_clip004_s000,resources/site_257_bowra-dry-a/downloaded_clips/site_257_item_1400669/site_257_item_1400669_clip_004.webm,128.197,141.433,13.235,night,spring,-0.5,0.866025,-1.0,-0.0,spring_night
1400669_clip004_s001,resources/site_257_bowra-dry-a/downloaded_clips/site_257_item_1400669/site_257_item_1400669_clip_004.webm,171.27,185.899,14.629,night,spring,-0.5,0.866025,-1.0,-0.0,spring_night
1400669_clip005_s000,resources/site_257_bowra-dry-a/downloaded_clips/site_257_item_1400669/site_257_item_1400669_clip_005.webm,246.132,258.229,12.098,night,spring,-0.5,0.866025,-1.0,-0.0,spring_night
1400669_clip006_s000,resources/site_257_bowra-dry-a/downloaded_clips/site_257_item_1400669/site_257_item_1400669_clip_006.webm,0.139,11.215,11.076,night,spring,-0.5,0.866025,-1.0,-0.0,spring_night
1400669_clip006_s001,resources/site_257_bowra-dry-a/downloaded_clips/site_257_item_1400669/site_257_item_1400669_clip_006.webm,28.398,38.824,10.426,night,spring,-0.5,0.866025,-1.0,-0.0,spring_night
1400669_clip006_s002,resources/site_257_bowra-dry-a/downloaded_clips/site_257_item_1400669/site_257_item_1400669_clip_006.webm,228.647,239.258,10.612,night,spring,-0.5,0.866025,-1.0,-0.0,spring_night
1400669_clip008_s000,resources/site_257_bowra-dry-a/downloaded_clips/site_257_item_1400669/site_257_item_1400669_clip_008.webm,114.01,128.639,14.629,night,spring,-0.5,0.866025,-1.0,-0.0,spring_night
1400669_clip008_s001,resources/site_257_bowra-dry-a/downloaded_clips/site_257_item_1400669/site_257_item_1400669_clip_008.webm,143.151,153.461,10.31,night,spring,-0.5,0.866025,-1.0,-0.0,spring_night
1400669_clip008_s002,resources/site_257_bowra-dry-a/downloaded_clips/site_257_item_1400669/site_257_item_1400669_clip_008.webm,244.831,258.694,13.862,night,spring,-0.5,0.866025,-1.0,-0.0,spring_night
1400669_clip010_s000,resources/site_257_bowra-dry-a/downloaded_clips/site_257_item_1400669/site_257_item_1400669_clip_010.webm,262.896,275.064,12.167,night,spring,-0.5,0.866025,-1.0,-0.0,spring_night
1400669_clip012_s000,resources/site_257_bowra-dry-a/downloaded_clips/site_257_item_1400669/site_257_item_1400669_clip_012.webm,160.45,170.69,10.24,night,spring,-0.5,0.866025,-1.0,-0.0,spring_night
1400669_clip015_s000,resources/site_257_bowra-dry-a/downloaded_clips/site_257_item_1400669/site_257_item_1400669_clip_015.webm,235.52,248.175,12.655,night,spring,-0.5,0.866025,-1.0,-0.0,spring_night
1400669_clip017_s000,resources/site_257_bowra-dry-a/downloaded_clips/site_257_item_1400669/site_257_item_1400669_clip_017.webm,4.087,18.646,14.559,night,spring,-0.5,0.866025,-1.0,-0.0,spring_night
1400669_clip018_s000,resources/site_257_bowra-dry-a/downloaded_clips/site_257_item_1400669/site_257_item_1400669_clip_018.webm,68.197,83.127,14.93,night,spring,-0.5,0.866025,-1.0,-0.0,spring_night
1400669_clip021_s000,resources/site_257_bowra-dry-a/downloaded_clips/site_257_item_1400669/site_257_item_1400669_clip_021.webm,38.058,49.435,11.378,night,spring,-0.5,0.866025,-1.0,-0.0,spring_night
1400669_clip021_s001,resources/site_257_bowra-dry-a/downloaded_clips/site_257_item_1400669/site_257_item_1400669_clip_021.webm,110.782,120.86,10.077,night,spring,-0.5,0.866025,-1.0,-0.0,spring_night
1400669_clip022_s000,resources/site_257_bowra-dry-a/downloaded_clips/site_257_item_1400669/site_257_item_1400669_clip_022.webm,13.537,23.963,10.426,night,spring,-0.5,0.866025,-1.0,-0.0,spring_night
1400669_clip023_s000,resources/site_257_bowra-dry-a/downloaded_clips/site_257_item_1400669/site_257_item_1400669_clip_023.webm,283.074,296.496,13.421,night,spring,-0.5,0.866025,-1.0,-0.0,spring_night
1400801_clip001_s000,resources/site_257_bowra-dry-a/downloaded_clips/site_257_item_1400801/site_257_item_1400801_clip_001.webm,21.339,41.262,19.923,night,spring,-0.5,0.866025,-0.866025,0.5,spring_night
1400801_clip001_s001,resources/site_257_bowra-dry-a/downloaded_clips/site_257_item_1400801/site_257_item_1400801_clip_001.webm,175.659,190.032,14.373,night,spring,-0.5,0.866025,-0.866025,0.5,spring_night
1400801_clip001_s002,resources/site_257_bowra-dry-a/downloaded_clips/site_257_item_1400801/site_257_item_1400801_clip_001.webm,202.594,220.241,17.647,night,spring,-0.5,0.866025,-0.866025,0.5,spring_night
1400801_clip003_s000,resources/site_257_bowra-dry-a/downloaded_clips/site_257_item_1400801/site_257_item_1400801_clip_003.webm,32.02,44.048,12.028,night,spring,-0.5,0.866025,-0.866025,0.5,spring_night
1400801_clip003_s001,resources/site_257_bowra-dry-a/downloaded_clips/site_257_item_1400801/site_257_item_1400801_clip_003.webm,62.113,73.63,11.517,night,spring,-0.5,0.866025,-0.866025,0.5,spring_night
1400801_clip004_s000,resources/site_257_bowra-dry-a/downloaded_clips/site_257_item_1400801/site_257_item_1400801_clip_004.webm,236.797,249.336,12.539,night,spring,-0.5,0.866025,-0.866025,0.5,spring_night
1400801_clip006_s000,resources/site_257_bowra-dry-a/downloaded_clips/site_257_item_1400801/site_257_item_1400801_clip_006.webm,200.574,211.069,10.495,night,spring,-0.5,0.866025,-0.866025,0.5,spring_night
1400801_clip006_s001,resources/site_257_bowra-dry-a/downloaded_clips/site_257_item_1400801/site_257_item_1400801_clip_006.webm,216.642,229.622,12.98,night,spring,-0.5,0.866025,-0.866025,0.5,spring_night
1400801_clip007_s000,resources/site_257_bowra-dry-a/downloaded_clips/site_257_item_1400801/site_257_item_1400801_clip_007.webm,107.717,117.864,10.147,night,spring,-0.5,0.866025,-0.866025,0.5,spring_night
1400801_clip011_s000,resources/site_257_bowra-dry-a/downloaded_clips/site_257_item_1400801/site_257_item_1400801_clip_011.webm,114.474,125.875,11.401,night,spring,-0.5,0.866025,-0.866025,0.5,spring_night
1400801_clip011_s001,resources/site_257_bowra-dry-a/downloaded_clips/site_257_item_1400801/site_257_item_1400801_clip_011.webm,238.144,249.197,11.053,night,spring,-0.5,0.866025,-0.866025,0.5,spring_night
1400801_clip014_s000,resources/site_257_bowra-dry-a/downloaded_clips/site_257_item_1400801/site_257_item_1400801_clip_014.webm,134.467,147.725,13.259,night,spring,-0.5,0.866025,-0.866025,0.5,spring_night
1400801_clip014_s001,resources/site_257_bowra-dry-a/downloaded_clips/site_257_item_1400801/site_257_item_1400801_clip_014.webm,155.876,166.65,10.774,night,spring,-0.5,0.866025,-0.866025,0.5,spring_night
1400801_clip014_s002,resources/site_257_bowra-dry-a/downloaded_clips/site_257_item_1400801/site_257_item_1400801_clip_014.webm,187.199,198.716,11.517,night,spring,-0.5,0.866025,-0.866025,0.5,spring_night
1400801_clip015_s000,resources/site_257_bowra-dry-a/downloaded_clips/site_257_item_1400801/site_257_item_1400801_clip_015.webm,58.352,71.587,13.235,night,spring,-0.5,0.866025,-0.866025,0.5,spring_night
1400801_clip015_s001,resources/site_257_bowra-dry-a/downloaded_clips/site_257_item_1400801/site_257_item_1400801_clip_015.webm,188.198,201.015,12.817,night,spring,-0.5,0.866025,-0.866025,0.5,spring_night
1400801_clip019_s000,resources/site_257_bowra-dry-a/downloaded_clips/site_257_item_1400801/site_257_item_1400801_clip_019.webm,12.91,25.287,12.376,night,spring,-0.5,0.866025,-0.866025,0.5,spring_night
1400801_clip020_s000,resources/site_257_bowra-dry-a/downloaded_clips/site_257_item_1400801/site_257_item_1400801_clip_020.webm,86.912,99.59,12.678,night,spring,-0.5,0.866025,-0.866025,0.5,spring_night
1400801_clip021_s000,resources/site_257_bowra-dry-a/downloaded_clips/site_257_item_1400801/site_257_item_1400801_clip_021.webm,87.121,100.032,12.91,night,spring,-0.5,0.866025,-0.866025,0.5,spring_night
1400801_clip022_s000,resources/site_257_bowra-dry-a/downloaded_clips/site_257_item_1400801/site_257_item_1400801_clip_022.webm,36.548,47.694,11.146,night,spring,-0.5,0.866025,-0.866025,0.5,spring_night
1400801_clip023_s000,resources/site_257_bowra-dry-a/downloaded_clips/site_257_item_1400801/site_257_item_1400801_clip_023.webm,38.22,49.923,11.703,night,spring,-0.5,0.866025,-0.866025,0.5,spring_night
1400801_clip024_s000,resources/site_257_bowra-dry-a/downloaded_clips/site_257_item_1400801/site_257_item_1400801_clip_024.webm,98.244,108.6,10.356,night,spring,-0.5,0.866025,-0.866025,0.5,spring_night
1400801_clip024_s001,resources/site_257_bowra-dry-a/downloaded_clips/site_257_item_1400801/site_257_item_1400801_clip_024.webm,268.539,278.663,10.124,night,spring,-0.5,0.866025,-0.866025,0.5,spring_night
1400935_clip001_s000,resources/site_257_bowra-dry-a/downloaded_clips/site_257_item_1400935/site_257_item_1400935_clip_001.webm,212.672,222.703,10.031,night,spring,-0.258819,0.965926,-0.866025,0.5,spring_night
1401896_clip001_s000,resources/site_257_bowra-dry-a/downloaded_clips/site_257_item_1401896/site_257_item_1401896_clip_001.webm,219.127,229.622,10.495,night,spring,-0.5,0.866025,-0.5,0.866025,spring_night
1401896_clip002_s000,resources/site_257_bowra-dry-a/downloaded_clips/site_257_item_1401896/site_257_item_1401896_clip_002.webm,43.793,56.099,12.307,night,spring,-0.5,0.866025,-0.5,0.866025,spring_night
1401896_clip002_s001,resources/site_257_bowra-dry-a/downloaded_clips/site_257_item_1401896/site_257_item_1401896_clip_002.webm,79.691,90.442,10.751,night,spring,-0.5,0.866025,-0.5,0.866025,spring_night
1401896_clip002_s002,resources/site_257_bowra-dry-a/downloaded_clips/site_257_item_1401896/site_257_item_1401896_clip_002.webm,126.108,137.834,11.726,night,spring,-0.5,0.866025,-0.5,0.866025,spring_night
1401896_clip002_s003,resources/site_257_bowra-dry-a/downloaded_clips/site_257_item_1401896/site_257_item_1401896_clip_002.webm,189.196,201.642,12.446,night,spring,-0.5,0.866025,-0.5,0.866025,spring_night
1401896_clip002_s004,resources/site_257_bowra-dry-a/downloaded_clips/site_257_item_1401896/site_257_item_1401896_clip_002.webm,259.367,269.514,10.147,night,spring,-0.5,0.866025,-0.5,0.866025,spring_night
1401896_clip003_s000,resources/site_257_bowra-dry-a/downloaded_clips/site_257_item_1401896/site_257_item_1401896_clip_003.webm,255.698,268.005,12.307,night,spring,-0.5,0.866025,-0.5,0.866025,spring_night
1401896_clip004_s000,resources/site_257_bowra-dry-a/downloaded_clips/site_257_item_1401896/site_257_item_1401896_clip_004.webm,58.329,69.474,11.146,night,spring,-0.5,0.866025,-0.5,0.866025,spring_night
1401896_clip004_s001,resources/site_257_bowra-dry-a/downloaded_clips/site_257_item_1401896/site_257_item_1401896_clip_004.webm,82.918,97.338,14.42,night,spring,-0.5,0.866025,-0.5,0.866025,spring_night
1401896_clip004_s002,resources/site_257_bowra-dry-a/downloaded_clips/site_257_item_1401896/site_257_item_1401896_clip_004.webm,207.401,219.661,12.26,night,spring,-0.5,0.866025,-0.5,0.866025,spring_night
1401896_clip005_s000,resources/site_257_bowra-dry-a/downloaded_clips/site_257_item_1401896/site_257_item_1401896_clip_005.webm,46.51,61.788,15.279,night,spring,-0.5,0.866025,-0.5,0.866025,spring_night
1401896_clip005_s001,resources/site_257_bowra-dry-a/downloaded_clips/site_257_item_1401896/site_257_item_1401896_clip_005.webm,85.101,99.242,14.141,night,spring,-0.5,0.866025,-0.5,0.866025,spring_night
1401896_clip008_s000,resources/site_257_bowra-dry-a/downloaded_clips/site_257_item_1401896/site_257_item_1401896_clip_008.webm,62.671,91.347,28.677,night,spring,-0.5,0.866025,-0.5,0.866025,spring_night
1401896_clip008_s001,resources/site_257_bowra-dry-a/downloaded_clips/site_257_item_1401896/site_257_item_1401896_clip_008.webm,91.556,101.657,10.101,night,spring,-0.5,0.866025,-0.5,0.866025,spring_night
1401896_clip008_s002,resources/site_257_bowra-dry-a/downloaded_clips/site_257_item_1401896/site_257_item_1401896_clip_008.webm,101.866,122.926,21.06,night,spring,-0.5,0.866025,-0.5,0.866025,spring_night
1401896_clip008_s003,resources/site_257_bowra-dry-a/downloaded_clips/site_257_item_1401896/site_257_item_1401896_clip_008.webm,123.135,135.396,12.26,night,spring,-0.5,0.866025,-0.5,0.866025,spring_night
1401896_clip008_s004,resources/site_257_bowra-dry-a/downloaded_clips/site_257_item_1401896/site_257_item_1401896_clip_008.webm,135.837,151.394,15.557,night,spring,-0.5,0.866025,-0.5,0.866025,spring_night
1401896_clip008_s005,resources/site_257_bowra-dry-a/downloaded_clips/site_257_item_1401896/site_257_item_1401896_clip_008.webm,153.228,170.365,17.136,night,spring,-0.5,0.866025,-0.5,0.866025,spring_night
1401896_clip016_s000,resources/site_257_bowra-dry-a/downloaded_clips/site_257_item_1401896/site_257_item_1401896_clip_016.webm,83.244,104.583,21.339,night,spring,-0.5,0.866025,-0.5,0.866025,spring_night
1401896_clip016_s001,resources/site_257_bowra-dry-a/downloaded_clips/site_257_item_1401896/site_257_item_1401896_clip_016.webm,104.792,126.526,21.734,night,spring,-0.5,0.866025,-0.5,0.866025,spring_night
1401896_clip016_s002,resources/site_257_bowra-dry-a/downloaded_clips/site_257_item_1401896/site_257_item_1401896_clip_016.webm,140.736,159.08,18.344,night,spring,-0.5,0.866025,-0.5,0.866025,spring_night
1401896_clip017_s000,resources/site_257_bowra-dry-a/downloaded_clips/site_257_item_1401896/site_257_item_1401896_clip_017.webm,85.496,103.538,18.042,night,spring,-0.5,0.866025,-0.5,0.866025,spring_night
1401896_clip021_s000,resources/site_257_bowra-dry-a/downloaded_clips/site_257_item_1401896/site_257_item_1401896_clip_021.webm,111.781,128.383,16.602,night,spring,-0.5,0.866025,-0.5,0.866025,spring_night
1401956_clip001_s000,resources/site_257_bowra-dry-a/downloaded_clips/site_257_item_1401956/site_257_item_1401956_clip_001.webm,112.477,124.505,12.028,night,spring,-0.5,0.866025,-0.5,0.866025,spring_night
1401956_clip004_s000,resources/site_257_bowra-dry-a/downloaded_clips/site_257_item_1401956/site_257_item_1401956_clip_004.webm,235.868,246.248,10.379,night,spring,-0.5,0.866025,-0.5,0.866025,spring_night
1401956_clip007_s000,resources/site_257_bowra-dry-a/downloaded_clips/site_257_item_1401956/site_257_item_1401956_clip_007.webm,81.641,98.963,17.322,night,spring,-0.5,0.866025,-0.5,0.866025,spring_night
1401956_clip009_s000,resources/site_257_bowra-dry-a/downloaded_clips/site_257_item_1401956/site_257_item_1401956_clip_009.webm,229.274,240.814,11.54,night,spring,-0.5,0.866025,-0.5,0.866025,spring_night
1401956_clip010_s000,resources/site_257_bowra-dry-a/downloaded_clips/site_257_item_1401956/site_257_item_1401956_clip_010.webm,153.228,164.304,11.076,night,spring,-0.5,0.866025,-0.5,0.866025,spring_night
1401956_clip013_s000,resources/site_257_bowra-dry-a/downloaded_clips/site_257_item_1401956/site_257_item_1401956_clip_013.webm,244.042,255.559,11.517,night,spring,-0.5,0.866025,-0.5,0.866025,spring_night
1401956_clip014_s000,resources/site_257_bowra-dry-a/downloaded_clips/site_257_item_1401956/site_257_item_1401956_clip_014.webm,81.177,94.412,13.235,night,spring,-0.5,0.866025,-0.5,0.866025,spring_night
1401956_clip016_s000,resources/site_257_bowra-dry-a/downloaded_clips/site_257_item_1401956/site_257_item_1401956_clip_016.webm,197.788,211.464,13.677,night,spring,-0.5,0.866025,-0.5,0.866025,spring_night
1401956_clip018_s000,resources/site_257_bowra-dry-a/downloaded_clips/site_257_item_1401956/site_257_item_1401956_clip_018.webm,62.578,76.812,14.234,night,spring,-0.5,0.866025,-0.5,0.866025,spring_night
1401956_clip019_s000,resources/site_257_bowra-dry-a/downloaded_clips/site_257_item_1401956/site_257_item_1401956_clip_019.webm,285.698,296.821,11.122,night,spring,-0.5,0.866025,-0.5,0.866025,spring_night
1401956_clip024_s000,resources/site_257_bowra-dry-a/downloaded_clips/site_257_item_1401956/site_257_item_1401956_clip_024.webm,130.101,141.317,11.215,night,spring,-0.5,0.866025,-0.5,0.866025,spring_night
1536223_clip014_s000,resources/site_257_bowra-dry-a/downloaded_clips/site_257_item_1536223/site_257_item_1536223_clip_014.webm,212.091,230.76,18.669,night,spring,-0.5,0.866025,-1.0,-0.0,spring_night
1536223_clip015_s000,resources/site_257_bowra-dry-a/downloaded_clips/site_257_item_1536223/site_257_item_1536223_clip_015.webm,165.14,175.636,10.495,night,spring,-0.5,0.866025,-1.0,-0.0,spring_night
1536223_clip019_s000,resources/site_257_bowra-dry-a/downloaded_clips/site_257_item_1536223/site_257_item_1536223_clip_019.webm,126.874,137.207,10.333,night,spring,-0.5,0.866025,-1.0,-0.0,spring_night
1677342_clip002_s000,resources/site_257_bowra-dry-a/downloaded_clips/site_257_item_1677342/site_257_item_1677342_clip_002.webm,284.421,295.567,11.146,night,spring,-0.5,0.866025,-0.866025,0.5,spring_night
1677342_clip003_s000,resources/site_257_bowra-dry-a/downloaded_clips/site_257_item_1677342/site_257_item_1677342_clip_003.webm,78.623,93.809,15.186,night,spring,-0.5,0.866025,-0.866025,0.5,spring_night
1677342_clip005_s000,resources/site_257_bowra-dry-a/downloaded_clips/site_257_item_1677342/site_257_item_1677342_clip_005.webm,238.957,248.988,10.031,night,spring,-0.5,0.866025,-0.866025,0.5,spring_night
1677342_clip006_s000,resources/site_257_bowra-dry-a/downloaded_clips/site_257_item_1677342/site_257_item_1677342_clip_006.webm,257.022,269.398,12.376,night,spring,-0.5,0.866025,-0.866025,0.5,spring_night
1677342_clip013_s000,resources/site_257_bowra-dry-a/downloaded_clips/site_257_item_1677342/site_257_item_1677342_clip_013.webm,222.749,232.873,10.124,night,spring,-0.5,0.866025,-0.866025,0.5,spring_night
1677342_clip018_s000,resources/site_257_bowra-dry-a/downloaded_clips/site_257_item_1677342/site_257_item_1677342_clip_018.webm,125.457,141.038,15.581,night,spring,-0.5,0.866025,-0.866025,0.5,spring_night
1677342_clip018_s001,resources/site_257_bowra-dry-a/downloaded_clips/site_257_item_1677342/site_257_item_1677342_clip_018.webm,267.471,278.988,11.517,night,spring,-0.5,0.866025,-0.866025,0.5,spring_night
1677342_clip019_s000,resources/site_257_bowra-dry-a/downloaded_clips/site_257_item_1677342/site_257_item_1677342_clip_019.webm,160.078,170.992,10.913,night,spring,-0.5,0.866025,-0.866025,0.5,spring_night
1677342_clip020_s000,resources/site_257_bowra-dry-a/downloaded_clips/site_257_item_1677342/site_257_item_1677342_clip_020.webm,145.055,155.109,10.054,night,spring,-0.5,0.866025,-0.866025,0.5,spring_night
1677342_clip024_s000,resources/site_257_bowra-dry-a/downloaded_clips/site_257_item_1677342/site_257_item_1677342_clip_024.webm,271.952,284.677,12.725,night,spring,-0.5,0.866025,-0.866025,0.5,spring_night
1678476_clip002_s000,resources/site_257_bowra-dry-a/downloaded_clips/site_257_item_1678476/site_257_item_1678476_clip_002.webm,109.97,121.301,11.331,night,spring,-0.5,0.866025,-0.866025,0.5,spring_night
1678476_clip008_s000,resources/site_257_bowra-dry-a/downloaded_clips/site_257_item_1678476/site_257_item_1678476_clip_008.webm,258.252,271.534,13.282,night,spring,-0.5,0.866025,-0.866025,0.5,spring_night
1678476_clip009_s000,resources/site_257_bowra-dry-a/downloaded_clips/site_257_item_1678476/site_257_item_1678476_clip_009.webm,32.624,44.211,11.587,night,spring,-0.5,0.866025,-0.866025,0.5,spring_night
1678476_clip013_s000,resources/site_257_bowra-dry-a/downloaded_clips/site_257_item_1678476/site_257_item_1678476_clip_013.webm,54.474,66.223,11.749,night,spring,-0.5,0.866025,-0.866025,0.5,spring_night
1678476_clip013_s001,resources/site_257_bowra-dry-a/downloaded_clips/site_257_item_1678476/site_257_item_1678476_clip_013.webm,69.822,80.62,10.797,night,spring,-0.5,0.866025,-0.866025,0.5,spring_night
1678476_clip022_s000,resources/site_257_bowra-dry-a/downloaded_clips/site_257_item_1678476/site_257_item_1678476_clip_022.webm,18.321,31.602,13.282,night,spring,-0.5,0.866025,-0.866025,0.5,spring_night
1678476_clip022_s001,resources/site_257_bowra-dry-a/downloaded_clips/site_257_item_1678476/site_257_item_1678476_clip_022.webm,164.769,174.893,10.124,night,spring,-0.5,0.866025,-0.866025,0.5,spring_night
1678476_clip022_s002,resources/site_257_bowra-dry-a/downloaded_clips/site_257_item_1678476/site_257_item_1678476_clip_022.webm,190.357,201.572,11.215,night,spring,-0.5,0.866025,-0.866025,0.5,spring_night
1678476_clip023_s000,resources/site_257_bowra-dry-a/downloaded_clips/site_257_item_1678476/site_257_item_1678476_clip_023.webm,110.945,123.716,12.771,night,spring,-0.5,0.866025,-0.866025,0.5,spring_night
1678476_clip024_s000,resources/site_257_bowra-dry-a/downloaded_clips/site_257_item_1678476/site_257_item_1678476_clip_024.webm,160.009,172.431,12.423,night,spring,-0.5,0.866025,-0.866025,0.5,spring_night
1678476_clip024_s001,resources/site_257_bowra-dry-a/downloaded_clips/site_257_item_1678476/site_257_item_1678476_clip_024.webm,277.525,287.765,10.24,night,spring,-0.5,0.866025,-0.866025,0.5,spring_night
1678563_clip001_s000,resources/site_257_bowra-dry-a/downloaded_clips/site_257_item_1678563/site_257_item_1678563_clip_001.webm,122.044,134.653,12.608,night,spring,-0.5,0.866025,-0.866025,0.5,spring_night
1678563_clip001_s001,resources/site_257_bowra-dry-a/downloaded_clips/site_257_item_1678563/site_257_item_1678563_clip_001.webm,224.932,235.241,10.31,night,spring,-0.5,0.866025,-0.866025,0.5,spring_night
1678563_clip002_s000,resources/site_257_bowra-dry-a/downloaded_clips/site_257_item_1678563/site_257_item_1678563_clip_002.webm,57.214,73.189,15.975,night,spring,-0.5,0.866025,-0.866025,0.5,spring_night
1678563_clip002_s001,resources/site_257_bowra-dry-a/downloaded_clips/site_257_item_1678563/site_257_item_1678563_clip_002.webm,219.011,232.014,13.003,night,spring,-0.5,0.866025,-0.866025,0.5,spring_night
1678563_clip002_s002,resources/site_257_bowra-dry-a/downloaded_clips/site_257_item_1678563/site_257_item_1678563_clip_002.webm,245.388,269.119,23.731,night,spring,-0.5,0.866025,-0.866025,0.5,spring_night
1678563_clip002_s003,resources/site_257_bowra-dry-a/downloaded_clips/site_257_item_1678563/site_257_item_1678563_clip_002.webm,269.328,282.889,13.56,night,spring,-0.5,0.866025,-0.866025,0.5,spring_night
1678563_clip003_s000,resources/site_257_bowra-dry-a/downloaded_clips/site_257_item_1678563/site_257_item_1678563_clip_003.webm,22.013,44.095,22.082,night,spring,-0.5,0.866025,-0.866025,0.5,spring_night
1678563_clip003_s001,resources/site_257_bowra-dry-a/downloaded_clips/site_257_item_1678563/site_257_item_1678563_clip_003.webm,58.421,68.778,10.356,night,spring,-0.5,0.866025,-0.866025,0.5,spring_night
1678563_clip006_s000,resources/site_257_bowra-dry-a/downloaded_clips/site_257_item_1678563/site_257_item_1678563_clip_006.webm,254.862,266.031,11.169,night,spring,-0.5,0.866025,-0.866025,0.5,spring_night
1678563_clip007_s000,resources/site_257_bowra-dry-a/downloaded_clips/site_257_item_1678563/site_257_item_1678563_clip_007.webm,11.656,27.562,15.906,night,spring,-0.5,0.866025,-0.866025,0.5,spring_night
1678563_clip010_s000,resources/site_257_bowra-dry-a/downloaded_clips/site_257_item_1678563/site_257_item_1678563_clip_010.webm,143.592,153.623,10.031,night,spring,-0.5,0.866025,-0.866025,0.5,spring_night
1678563_clip010_s001,resources/site_257_bowra-dry-a/downloaded_clips/site_257_item_1678563/site_257_item_1678563_clip_010.webm,188.918,199.715,10.797,night,spring,-0.5,0.866025,-0.866025,0.5,spring_night
1678563_clip011_s000,resources/site_257_bowra-dry-a/downloaded_clips/site_257_item_1678563/site_257_item_1678563_clip_011.webm,92.764,105.535,12.771,night,spring,-0.5,0.866025,-0.866025,0.5,spring_night
1678563_clip011_s001,resources/site_257_bowra-dry-a/downloaded_clips/site_257_item_1678563/site_257_item_1678563_clip_011.webm,184.877,197.161,12.283,night,spring,-0.5,0.866025,-0.866025,0.5,spring_night
1678563_clip014_s000,resources/site_257_bowra-dry-a/downloaded_clips/site_257_item_1678563/site_257_item_1678563_clip_014.webm,40.542,51.177,10.635,night,spring,-0.5,0.866025,-0.866025,0.5,spring_night
1668509_clip001_s000,resources/site_257_bowra-dry-a/downloaded_clips/site_257_item_1668509/site_257_item_1668509_clip_001.webm,22.245,32.624,10.379,night,spring,-0.5,0.866025,-0.5,0.866025,spring_night
1668509_clip001_s001,resources/site_257_bowra-dry-a/downloaded_clips/site_257_item_1668509/site_257_item_1668509_clip_001.webm,52.013,66.432,14.42,night,spring,-0.5,0.866025,-0.5,0.866025,spring_night
1668509_clip001_s002,resources/site_257_bowra-dry-a/downloaded_clips/site_257_item_1668509/site_257_item_1668509_clip_001.webm,176.82,186.828,10.008,night,spring,-0.5,0.866025,-0.5,0.866025,spring_night
1668509_clip002_s000,resources/site_257_bowra-dry-a/downloaded_clips/site_257_item_1668509/site_257_item_1668509_clip_002.webm,11.122,21.223,10.101,night,spring,-0.5,0.866025,-0.5,0.866025,spring_night
1668509_clip004_s000,resources/site_257_bowra-dry-a/downloaded_clips/site_257_item_1668509/site_257_item_1668509_clip_004.webm,0.139,19.342,19.203,night,spring,-0.5,0.866025,-0.5,0.866025,spring_night
1668509_clip004_s001,resources/site_257_bowra-dry-a/downloaded_clips/site_257_item_1668509/site_257_item_1668509_clip_004.webm,262.571,273.276,10.704,night,spring,-0.5,0.866025,-0.5,0.866025,spring_night
1668509_clip021_s000,resources/site_257_bowra-dry-a/downloaded_clips/site_257_item_1668509/site_257_item_1668509_clip_021.webm,93.623,105.953,12.33,night,spring,-0.5,0.866025,-0.5,0.866025,spring_night
1668529_clip008_s000,resources/site_257_bowra-dry-a/downloaded_clips/site_257_item_1668529/site_257_item_1668529_clip_008.webm,205.195,215.203,10.008,night,spring,-0.5,0.866025,-0.5,0.866025,spring_night
1668529_clip008_s001,resources/site_257_bowra-dry-a/downloaded_clips/site_257_item_1668529/site_257_item_1668529_clip_008.webm,235.683,252.076,16.393,night,spring,-0.5,0.866025,-0.5,0.866025,spring_night
1668529_clip010_s000,resources/site_257_bowra-dry-a/downloaded_clips/site_257_item_1668529/site_257_item_1668529_clip_010.webm,19.946,32.415,12.469,night,spring,-0.5,0.866025,-0.5,0.866025,spring_night
1668529_clip011_s000,resources/site_257_bowra-dry-a/downloaded_clips/site_257_item_1668529/site_257_item_1668529_clip_011.webm,64.923,82.245,17.322,night,spring,-0.5,0.866025,-0.5,0.866025,spring_night
1668529_clip012_s000,resources/site_257_bowra-dry-a/downloaded_clips/site_257_item_1668529/site_257_item_1668529_clip_012.webm,6.037,21.362,15.325,night,spring,-0.5,0.866025,-0.5,0.866025,spring_night
1668529_clip012_s001,resources/site_257_bowra-dry-a/downloaded_clips/site_257_item_1668529/site_257_item_1668529_clip_012.webm,154.575,165.465,10.89,night,spring,-0.5,0.866025,-0.5,0.866025,spring_night
1668529_clip012_s002,resources/site_257_bowra-dry-a/downloaded_clips/site_257_item_1668529/site_257_item_1668529_clip_012.webm,215.272,228.624,13.351,night,spring,-0.5,0.866025,-0.5,0.866025,spring_night
1668529_clip014_s000,resources/site_257_bowra-dry-a/downloaded_clips/site_257_item_1668529/site_257_item_1668529_clip_014.webm,69.915,86.425,16.509,night,spring,-0.5,0.866025,-0.5,0.866025,spring_night
1668529_clip015_s000,resources/site_257_bowra-dry-a/downloaded_clips/site_257_item_1668529/site_257_item_1668529_clip_015.webm,204.637,218.523,13.886,night,spring,-0.5,0.866025,-0.5,0.866025,spring_night
1668529_clip016_s000,resources/site_257_bowra-dry-a/downloaded_clips/site_257_item_1668529/site_257_item_1668529_clip_016.webm,38.592,50.085,11.494,night,spring,-0.5,0.866025,-0.5,0.866025,spring_night
1668529_clip017_s000,resources/site_257_bowra-dry-a/downloaded_clips/site_257_item_1668529/site_257_item_1668529_clip_017.webm,6.664,21.896,15.232,night,spring,-0.5,0.866025,-0.5,0.866025,spring_night
1668529_clip018_s000,resources/site_257_bowra-dry-a/downloaded_clips/site_257_item_1668529/site_257_item_1668529_clip_018.webm,168.716,184.483,15.766,night,spring,-0.5,0.866025,-0.5,0.866025,spring_night
1668529_clip019_s000,resources/site_257_bowra-dry-a/downloaded_clips/site_257_item_1668529/site_257_item_1668529_clip_019.webm,74.327,86.285,11.958,night,spring,-0.5,0.866025,-0.5,0.866025,spring_night
1668529_clip019_s001,resources/site_257_bowra-dry-a/downloaded_clips/site_257_item_1668529/site_257_item_1668529_clip_019.webm,156.92,168.159,11.238,night,spring,-0.5,0.866025,-0.5,0.866025,spring_night
1668529_clip019_s002,resources/site_257_bowra-dry-a/downloaded_clips/site_257_item_1668529/site_257_item_1668529_clip_019.webm,180.558,192.61,12.051,night,spring,-0.5,0.866025,-0.5,0.866025,spring_night
1668529_clip019_s003,resources/site_257_bowra-dry-a/downloaded_clips/site_257_item_1668529/site_257_item_1668529_clip_019.webm,241.72,253.074,11.355,night,spring,-0.5,0.866025,-0.5,0.866025,spring_night
1668529_clip020_s000,resources/site_257_bowra-dry-a/downloaded_clips/site_257_item_1668529/site_257_item_1668529_clip_020.webm,62.346,72.864,10.519,night,spring,-0.5,0.866025,-0.5,0.866025,spring_night
1668529_clip020_s001,resources/site_257_bowra-dry-a/downloaded_clips/site_257_item_1668529/site_257_item_1668529_clip_020.webm,80.852,94.273,13.421,night,spring,-0.5,0.866025,-0.5,0.866025,spring_night
1668529_clip020_s002,resources/site_257_bowra-dry-a/downloaded_clips/site_257_item_1668529/site_257_item_1668529_clip_020.webm,197.834,211.069,13.235,night,spring,-0.5,0.866025,-0.5,0.866025,spring_night
1668695_clip021_s000,resources/site_257_bowra-dry-a/downloaded_clips/site_257_item_1668695/site_257_item_1668695_clip_021.webm,14.118,24.311,10.194,night,spring,-0.5,0.866025,-0.5,0.866025,spring_night
1400024_clip001_s000,resources/site_257_bowra-dry-a/downloaded_clips/site_257_item_1400024/site_257_item_1400024_clip_001.webm,178.515,189.266,10.751,afternoon,spring,-0.5,-0.866025,-1.0,-0.0,spring_afternoon
1400024_clip002_s000,resources/site_257_bowra-dry-a/downloaded_clips/site_257_item_1400024/site_257_item_1400024_clip_002.webm,216.131,229.297,13.166,afternoon,spring,-0.5,-0.866025,-1.0,-0.0,spring_afternoon
1400024_clip005_s000,resources/site_257_bowra-dry-a/downloaded_clips/site_257_item_1400024/site_257_item_1400024_clip_005.webm,192.911,205.822,12.91,afternoon,spring,-0.5,-0.866025,-1.0,-0.0,spring_afternoon
1400024_clip008_s000,resources/site_257_bowra-dry-a/downloaded_clips/site_257_item_1400024/site_257_item_1400024_clip_008.webm,280.869,292.014,11.146,afternoon,spring,-0.5,-0.866025,-1.0,-0.0,spring_afternoon
1400024_clip024_s000,resources/site_257_bowra-dry-a/downloaded_clips/site_257_item_1400024/site_257_item_1400024_clip_024.webm,273.786,285.698,11.912,afternoon,spring,-0.5,-0.866025,-1.0,-0.0,spring_afternoon
1401104_clip014_s000,resources/site_257_bowra-dry-a/downloaded_clips/site_257_item_1401104/site_257_item_1401104_clip_014.webm,230.83,241.72,10.89,afternoon,spring,0.0,-1.0,-0.5,0.866025,spring_afternoon
1401311_clip004_s000,resources/site_257_bowra-dry-a/downloaded_clips/site_257_item_1401311/site_257_item_1401311_clip_004.webm,116.796,126.874,10.077,afternoon,spring,-0.5,-0.866025,-0.866025,0.5,spring_afternoon
1401567_clip001_s000,resources/site_257_bowra-dry-a/downloaded_clips/site_257_item_1401567/site_257_item_1401567_clip_001.webm,284.305,295.01,10.704,afternoon,spring,-0.5,-0.866025,-0.866025,0.5,spring_afternoon
1401567_clip009_s000,resources/site_257_bowra-dry-a/downloaded_clips/site_257_item_1401567/site_257_item_1401567_clip_009.webm,146.262,156.41,10.147,afternoon,spring,-0.5,-0.866025,-0.866025,0.5,spring_afternoon
1401567_clip010_s000,resources/site_257_bowra-dry-a/downloaded_clips/site_257_item_1401567/site_257_item_1401567_clip_010.webm,186.781,198.74,11.958,afternoon,spring,-0.5,-0.866025,-0.866025,0.5,spring_afternoon
1401567_clip010_s001,resources/site_257_bowra-dry-a/downloaded_clips/site_257_item_1401567/site_257_item_1401567_clip_010.webm,232.432,242.834,10.403,afternoon,spring,-0.5,-0.866025,-0.866025,0.5,spring_afternoon
1401567_clip010_s002,resources/site_257_bowra-dry-a/downloaded_clips/site_257_item_1401567/site_257_item_1401567_clip_010.webm,253.33,264.94,11.61,afternoon,spring,-0.5,-0.866025,-0.866025,0.5,spring_afternoon
1401567_clip010_s003,resources/site_257_bowra-dry-a/downloaded_clips/site_257_item_1401567/site_257_item_1401567_clip_010.webm,278.895,289.042,10.147,afternoon,spring,-0.5,-0.866025,-0.866025,0.5,spring_afternoon
1401567_clip011_s000,resources/site_257_bowra-dry-a/downloaded_clips/site_257_item_1401567/site_257_item_1401567_clip_011.webm,1.509,16.509,15.0,afternoon,spring,-0.5,-0.866025,-0.866025,0.5,spring_afternoon
1401567_clip011_s001,resources/site_257_bowra-dry-a/downloaded_clips/site_257_item_1401567/site_257_item_1401567_clip_011.webm,56.401,68.104,11.703,afternoon,spring,-0.5,-0.866025,-0.866025,0.5,spring_afternoon
1401567_clip011_s002,resources/site_257_bowra-dry-a/downloaded_clips/site_257_item_1401567/site_257_item_1401567_clip_011.webm,80.968,93.042,12.074,afternoon,spring,-0.5,-0.866025,-0.866025,0.5,spring_afternoon
1401567_clip011_s003,resources/site_257_bowra-dry-a/downloaded_clips/site_257_item_1401567/site_257_item_1401567_clip_011.webm,173.36,183.809,10.449,afternoon,spring,-0.5,-0.866025,-0.866025,0.5,spring_afternoon
1401567_clip016_s000,resources/site_257_bowra-dry-a/downloaded_clips/site_257_item_1401567/site_257_item_1401567_clip_016.webm,6.316,18.251,11.935,afternoon,spring,-0.5,-0.866025,-0.866025,0.5,spring_afternoon
1401567_clip017_s000,resources/site_257_bowra-dry-a/downloaded_clips/site_257_item_1401567/site_257_item_1401567_clip_017.webm,54.938,70.612,15.673,afternoon,spring,-0.5,-0.866025,-0.866025,0.5,spring_afternoon
1401567_clip017_s001,resources/site_257_bowra-dry-a/downloaded_clips/site_257_item_1401567/site_257_item_1401567_clip_017.webm,118.073,136.208,18.135,afternoon,spring,-0.5,-0.866025,-0.866025,0.5,spring_afternoon
1401607_clip001_s000,resources/site_257_bowra-dry-a/downloaded_clips/site_257_item_1401607/site_257_item_1401607_clip_001.webm,165.767,175.938,10.17,afternoon,spring,-0.5,-0.866025,-0.5,0.866025,spring_afternoon
1401607_clip002_s000,resources/site_257_bowra-dry-a/downloaded_clips/site_257_item_1401607/site_257_item_1401607_clip_002.webm,103.747,117.029,13.282,afternoon,spring,-0.5,-0.866025,-0.5,0.866025,spring_afternoon
1401607_clip010_s000,resources/site_257_bowra-dry-a/downloaded_clips/site_257_item_1401607/site_257_item_1401607_clip_010.webm,159.753,174.173,14.42,afternoon,spring,-0.5,-0.866025,-0.5,0.866025,spring_afternoon
1401607_clip017_s000,resources/site_257_bowra-dry-a/downloaded_clips/site_257_item_1401607/site_257_item_1401607_clip_017.webm,244.135,255.489,11.355,afternoon,spring,-0.5,-0.866025,-0.5,0.866025,spring_afternoon
1401607_clip018_s000,resources/site_257_bowra-dry-a/downloaded_clips/site_257_item_1401607/site_257_item_1401607_clip_018.webm,47.601,59.977,12.376,afternoon,spring,-0.5,-0.866025,-0.5,0.866025,spring_afternoon
1401607_clip018_s001,resources/site_257_bowra-dry-a/downloaded_clips/site_257_item_1401607/site_257_item_1401607_clip_018.webm,94.319,109.714,15.395,afternoon,spring,-0.5,-0.866025,-0.5,0.866025,spring_afternoon
1401607_clip019_s000,resources/site_257_bowra-dry-a/downloaded_clips/site_257_item_1401607/site_257_item_1401607_clip_019.webm,91.951,109.041,17.09,afternoon,spring,-0.5,-0.866025,-0.5,0.866025,spring_afternoon
1401607_clip022_s000,resources/site_257_bowra-dry-a/downloaded_clips/site_257_item_1401607/site_257_item_1401607_clip_022.webm,119.815,133.143,13.328,afternoon,spring,-0.5,-0.866025,-0.5,0.866025,spring_afternoon
1534211_clip004_s000,resources/site_257_bowra-dry-a/downloaded_clips/site_257_item_1534211/site_257_item_1534211_clip_004.webm,65.527,77.694,12.167,afternoon,spring,-0.5,-0.866025,-1.0,-0.0,spring_afternoon
1534211_clip004_s001,resources/site_257_bowra-dry-a/downloaded_clips/site_257_item_1534211/site_257_item_1534211_clip_004.webm,164.095,175.798,11.703,afternoon,spring,-0.5,-0.866025,-1.0,-0.0,spring_afternoon
1534211_clip007_s000,resources/site_257_bowra-dry-a/downloaded_clips/site_257_item_1534211/site_257_item_1534211_clip_007.webm,266.031,276.735,10.704,afternoon,spring,-0.5,-0.866025,-1.0,-0.0,spring_afternoon
1534211_clip010_s000,resources/site_257_bowra-dry-a/downloaded_clips/site_257_item_1534211/site_257_item_1534211_clip_010.webm,117.052,131.239,14.187,afternoon,spring,-0.5,-0.866025,-1.0,-0.0,spring_afternoon
1534211_clip010_s001,resources/site_257_bowra-dry-a/downloaded_clips/site_257_item_1534211/site_257_item_1534211_clip_010.webm,200.411,213.484,13.073,afternoon,spring,-0.5,-0.866025,-1.0,-0.0,spring_afternoon
1534211_clip014_s000,resources/site_257_bowra-dry-a/downloaded_clips/site_257_item_1534211/site_257_item_1534211_clip_014.webm,51.084,61.115,10.031,afternoon,spring,-0.5,-0.866025,-1.0,-0.0,spring_afternoon
1534211_clip014_s001,resources/site_257_bowra-dry-a/downloaded_clips/site_257_item_1534211/site_257_item_1534211_clip_014.webm,127.57,138.252,10.681,afternoon,spring,-0.5,-0.866025,-1.0,-0.0,spring_afternoon
1534211_clip018_s000,resources/site_257_bowra-dry-a/downloaded_clips/site_257_item_1534211/site_257_item_1534211_clip_018.webm,270.211,281.472,11.262,afternoon,spring,-0.5,-0.866025,-1.0,-0.0,spring_afternoon
1534211_clip019_s000,resources/site_257_bowra-dry-a/downloaded_clips/site_257_item_1534211/site_257_item_1534211_clip_019.webm,140.156,151.719,11.564,afternoon,spring,-0.5,-0.866025,-1.0,-0.0,spring_afternoon
1534211_clip023_s000,resources/site_257_bowra-dry-a/downloaded_clips/site_257_item_1534211/site_257_item_1534211_clip_023.webm,187.64,198.345,10.704,afternoon,spring,-0.5,-0.866025,-1.0,-0.0,spring_afternoon
1534211_clip023_s001,resources/site_257_bowra-dry-a/downloaded_clips/site_257_item_1534211/site_257_item_1534211_clip_023.webm,245.04,256.163,11.122,afternoon,spring,-0.5,-0.866025,-1.0,-0.0,spring_afternoon
1668481_clip012_s000,resources/site_257_bowra-dry-a/downloaded_clips/site_257_item_1668481/site_257_item_1668481_clip_012.webm,285.373,296.472,11.099,afternoon,spring,-0.5,-0.866025,-0.5,0.866025,spring_afternoon
1668481_clip013_s000,resources/site_257_bowra-dry-a/downloaded_clips/site_257_item_1668481/site_257_item_1668481_clip_013.webm,218.221,228.6,10.379,afternoon,spring,-0.5,-0.866025,-0.5,0.866025,spring_afternoon
1668481_clip016_s000,resources/site_257_bowra-dry-a/downloaded_clips/site_257_item_1668481/site_257_item_1668481_clip_016.webm,28.352,38.615,10.263,afternoon,spring,-0.5,-0.866025,-0.5,0.866025,spring_afternoon
1668481_clip019_s000,resources/site_257_bowra-dry-a/downloaded_clips/site_257_item_1668481/site_257_item_1668481_clip_019.webm,236.286,249.104,12.817,afternoon,spring,-0.5,-0.866025,-0.5,0.866025,spring_afternoon
1678704_clip006_s000,resources/site_257_bowra-dry-a/downloaded_clips/site_257_item_1678704/site_257_item_1678704_clip_006.webm,130.426,146.007,15.581,afternoon,spring,-0.5,-0.866025,-0.5,0.866025,spring_afternoon
1678704_clip007_s000,resources/site_257_bowra-dry-a/downloaded_clips/site_257_item_1678704/site_257_item_1678704_clip_007.webm,41.378,55.542,14.164,afternoon,spring,-0.5,-0.866025,-0.5,0.866025,spring_afternoon
1678704_clip008_s000,resources/site_257_bowra-dry-a/downloaded_clips/site_257_item_1678704/site_257_item_1678704_clip_008.webm,153.043,166.487,13.444,afternoon,spring,-0.5,-0.866025,-0.5,0.866025,spring_afternoon
1678704_clip008_s001,resources/site_257_bowra-dry-a/downloaded_clips/site_257_item_1678704/site_257_item_1678704_clip_008.webm,196.418,208.213,11.796,afternoon,spring,-0.5,-0.866025,-0.5,0.866025,spring_afternoon
1678704_clip008_s002,resources/site_257_bowra-dry-a/downloaded_clips/site_257_item_1678704/site_257_item_1678704_clip_008.webm,237.006,247.362,10.356,afternoon,spring,-0.5,-0.866025,-0.5,0.866025,spring_afternoon
1678704_clip008_s003,resources/site_257_bowra-dry-a/downloaded_clips/site_257_item_1678704/site_257_item_1678704_clip_008.webm,251.008,265.683,14.675,afternoon,spring,-0.5,-0.866025,-0.5,0.866025,spring_afternoon
1678704_clip009_s000,resources/site_257_bowra-dry-a/downloaded_clips/site_257_item_1678704/site_257_item_1678704_clip_009.webm,14.489,24.567,10.077,afternoon,spring,-0.5,-0.866025,-0.5,0.866025,spring_afternoon
1678704_clip009_s001,resources/site_257_bowra-dry-a/downloaded_clips/site_257_item_1678704/site_257_item_1678704_clip_009.webm,103.607,137.648,34.04,afternoon,spring,-0.5,-0.866025,-0.5,0.866025,spring_afternoon
1678704_clip010_s000,resources/site_257_bowra-dry-a/downloaded_clips/site_257_item_1678704/site_257_item_1678704_clip_010.webm,0.0,33.344,33.344,afternoon,spring,-0.5,-0.866025,-0.5,0.866025,spring_afternoon
1678704_clip010_s001,resources/site_257_bowra-dry-a/downloaded_clips/site_257_item_1678704/site_257_item_1678704_clip_010.webm,35.898,50.689,14.791,afternoon,spring,-0.5,-0.866025,-0.5,0.866025,spring_afternoon
1678704_clip014_s000,resources/site_257_bowra-dry-a/downloaded_clips/site_257_item_1678704/site_257_item_1678704_clip_014.webm,17.345,31.835,14.489,afternoon,spring,-0.5,-0.866025,-0.5,0.866025,spring_afternoon
1678704_clip019_s000,resources/site_257_bowra-dry-a/downloaded_clips/site_257_item_1678704/site_257_item_1678704_clip_019.webm,146.471,178.283,31.811,afternoon,spring,-0.5,-0.866025,-0.5,0.866025,spring_afternoon
1681319_clip002_s000,resources/site_257_bowra-dry-a/downloaded_clips/site_257_item_1681319/site_257_item_1681319_clip_002.webm,118.213,131.17,12.957,afternoon,spring,-0.258819,-0.965926,-0.866025,0.5,spring_afternoon
1681319_clip002_s001,resources/site_257_bowra-dry-a/downloaded_clips/site_257_item_1681319/site_257_item_1681319_clip_002.webm,259.831,271.232,11.401,afternoon,spring,-0.258819,-0.965926,-0.866025,0.5,spring_afternoon
1682413_clip005_s000,resources/site_257_bowra-dry-a/downloaded_clips/site_257_item_1682413/site_257_item_1682413_clip_005.webm,221.774,233.337,11.564,afternoon,spring,-0.5,-0.866025,-0.866025,0.5,spring_afternoon
1682413_clip006_s000,resources/site_257_bowra-dry-a/downloaded_clips/site_257_item_1682413/site_257_item_1682413_clip_006.webm,13.514,25.797,12.283,afternoon,spring,-0.5,-0.866025,-0.866025,0.5,spring_afternoon
1682413_clip006_s001,resources/site_257_bowra-dry-a/downloaded_clips/site_257_item_1682413/site_257_item_1682413_clip_006.webm,63.692,76.579,12.887,afternoon,spring,-0.5,-0.866025,-0.866025,0.5,spring_afternoon
1682413_clip006_s002,resources/site_257_bowra-dry-a/downloaded_clips/site_257_item_1682413/site_257_item_1682413_clip_006.webm,99.521,112.176,12.655,afternoon,spring,-0.5,-0.866025,-0.866025,0.5,spring_afternoon
1682413_clip007_s000,resources/site_257_bowra-dry-a/downloaded_clips/site_257_item_1682413/site_257_item_1682413_clip_007.webm,55.38,77.183,21.804,afternoon,spring,-0.5,-0.866025,-0.866025,0.5,spring_afternoon
1682413_clip007_s001,resources/site_257_bowra-dry-a/downloaded_clips/site_257_item_1682413/site_257_item_1682413_clip_007.webm,229.854,244.042,14.187,afternoon,spring,-0.5,-0.866025,-0.866025,0.5,spring_afternoon
1682413_clip012_s000,resources/site_257_bowra-dry-a/downloaded_clips/site_257_item_1682413/site_257_item_1682413_clip_012.webm,126.131,136.812,10.681,afternoon,spring,-0.5,-0.866025,-0.866025,0.5,spring_afternoon
1682413_clip012_s001,resources/site_257_bowra-dry-a/downloaded_clips/site_257_item_1682413/site_257_item_1682413_clip_012.webm,187.548,203.384,15.836,afternoon,spring,-0.5,-0.866025,-0.866025,0.5,spring_afternoon
1682413_clip012_s002,resources/site_257_bowra-dry-a/downloaded_clips/site_257_item_1682413/site_257_item_1682413_clip_012.webm,279.313,290.598,11.285,afternoon,spring,-0.5,-0.866025,-0.866025,0.5,spring_afternoon
1682413_clip013_s000,resources/site_257_bowra-dry-a/downloaded_clips/site_257_item_1682413/site_257_item_1682413_clip_013.webm,275.18,293.616,18.437,afternoon,spring,-0.5,-0.866025,-0.866025,0.5,spring_afternoon
1682413_clip014_s000,resources/site_257_bowra-dry-a/downloaded_clips/site_257_item_1682413/site_257_item_1682413_clip_014.webm,225.977,236.077,10.101,afternoon,spring,-0.5,-0.866025,-0.866025,0.5,spring_afternoon
1682413_clip015_s000,resources/site_257_bowra-dry-a/downloaded_clips/site_257_item_1682413/site_257_item_1682413_clip_015.webm,98.708,109.529,10.82,afternoon,spring,-0.5,-0.866025,-0.866025,0.5,spring_afternoon
1682413_clip015_s001,resources/site_257_bowra-dry-a/downloaded_clips/site_257_item_1682413/site_257_item_1682413_clip_015.webm,166.208,183.066,16.858,afternoon,spring,-0.5,-0.866025,-0.866025,0.5,spring_afternoon
1682413_clip018_s000,resources/site_257_bowra-dry-a/downloaded_clips/site_257_item_1682413/site_257_item_1682413_clip_018.webm,198.763,209.932,11.169,afternoon,spring,-0.5,-0.866025,-0.866025,0.5,spring_afternoon
1682413_clip019_s000,resources/site_257_bowra-dry-a/downloaded_clips/site_257_item_1682413/site_257_item_1682413_clip_019.webm,115.357,126.108,10.751,afternoon,spring,-0.5,-0.866025,-0.866025,0.5,spring_afternoon
1682413_clip022_s000,resources/site_257_bowra-dry-a/downloaded_clips/site_257_item_1682413/site_257_item_1682413_clip_022.webm,44.466,54.497,10.031,afternoon,spring,-0.5,-0.866025,-0.866025,0.5,spring_afternoon
1682413_clip022_s001,resources/site_257_bowra-dry-a/downloaded_clips/site_257_item_1682413/site_257_item_1682413_clip_022.webm,91.997,106.603,14.605,afternoon,spring,-0.5,-0.866025,-0.866025,0.5,spring_afternoon
1682413_clip022_s002,resources/site_257_bowra-dry-a/downloaded_clips/site_257_item_1682413/site_257_item_1682413_clip_022.webm,131.704,142.106,10.403,afternoon,spring,-0.5,-0.866025,-0.866025,0.5,spring_afternoon
1682413_clip022_s003,resources/site_257_bowra-dry-a/downloaded_clips/site_257_item_1682413/site_257_item_1682413_clip_022.webm,155.063,170.876,15.813,afternoon,spring,-0.5,-0.866025,-0.866025,0.5,spring_afternoon
1682413_clip022_s004,resources/site_257_bowra-dry-a/downloaded_clips/site_257_item_1682413/site_257_item_1682413_clip_022.webm,173.592,184.274,10.681,afternoon,spring,-0.5,-0.866025,-0.866025,0.5,spring_afternoon
1682413_clip022_s005,resources/site_257_bowra-dry-a/downloaded_clips/site_257_item_1682413/site_257_item_1682413_clip_022.webm,189.382,209.932,20.55,afternoon,spring,-0.5,-0.866025,-0.866025,0.5,spring_afternoon
1682413_clip022_s006,resources/site_257_bowra-dry-a/downloaded_clips/site_257_item_1682413/site_257_item_1682413_clip_022.webm,220.473,232.432,11.958,afternoon,spring,-0.5,-0.866025,-0.866025,0.5,spring_afternoon
1682413_clip022_s007,resources/site_257_bowra-dry-a/downloaded_clips/site_257_item_1682413/site_257_item_1682413_clip_022.webm,248.686,263.825,15.139,afternoon,spring,-0.5,-0.866025,-0.866025,0.5,spring_afternoon
1682413_clip023_s000,resources/site_257_bowra-dry-a/downloaded_clips/site_257_item_1682413/site_257_item_1682413_clip_023.webm,99.683,110.364,10.681,afternoon,spring,-0.5,-0.866025,-0.866025,0.5,spring_afternoon
1682413_clip023_s001,resources/site_257_bowra-dry-a/downloaded_clips/site_257_item_1682413/site_257_item_1682413_clip_023.webm,152.555,176.843,24.288,afternoon,spring,-0.5,-0.866025,-0.866025,0.5,spring_afternoon
214508_clip006_s000,resources/site_257_bowra-dry-a/downloaded_clips/site_257_item_214508/site_257_item_214508_clip_006.webm,81.014,91.649,10.635,afternoon,spring,-0.5,-0.866025,-0.866025,0.5,spring_afternoon
214508_clip008_s000,resources/site_257_bowra-dry-a/downloaded_clips/site_257_item_214508/site_257_item_214508_clip_008.webm,125.806,135.999,10.194,afternoon,spring,-0.5,-0.866025,-0.866025,0.5,spring_afternoon
214508_clip011_s000,resources/site_257_bowra-dry-a/downloaded_clips/site_257_item_214508/site_257_item_214508_clip_011.webm,249.243,259.599,10.356,afternoon,spring,-0.5,-0.866025,-0.866025,0.5,spring_afternoon
214508_clip014_s000,resources/site_257_bowra-dry-a/downloaded_clips/site_257_item_214508/site_257_item_214508_clip_014.webm,189.219,199.227,10.008,afternoon,spring,-0.5,-0.866025,-0.866025,0.5,spring_afternoon
214508_clip016_s000,resources/site_257_bowra-dry-a/downloaded_clips/site_257_item_214508/site_257_item_214508_clip_016.webm,45.465,57.562,12.098,afternoon,spring,-0.5,-0.866025,-0.866025,0.5,spring_afternoon
214659_clip002_s000,resources/site_257_bowra-dry-a/downloaded_clips/site_257_item_214659/site_257_item_214659_clip_002.webm,81.734,92.671,10.937,afternoon,spring,-0.5,-0.866025,-0.5,0.866025,spring_afternoon
214659_clip004_s000,resources/site_257_bowra-dry-a/downloaded_clips/site_257_item_214659/site_257_item_214659_clip_004.webm,241.325,253.306,11.981,afternoon,spring,-0.5,-0.866025,-0.5,0.866025,spring_afternoon
214659_clip005_s000,resources/site_257_bowra-dry-a/downloaded_clips/site_257_item_214659/site_257_item_214659_clip_005.webm,25.913,36.85,10.937,afternoon,spring,-0.5,-0.866025,-0.5,0.866025,spring_afternoon
214659_clip005_s001,resources/site_257_bowra-dry-a/downloaded_clips/site_257_item_214659/site_257_item_214659_clip_005.webm,257.649,268.26,10.612,afternoon,spring,-0.5,-0.866025,-0.5,0.866025,spring_afternoon
214659_clip006_s000,resources/site_257_bowra-dry-a/downloaded_clips/site_257_item_214659/site_257_item_214659_clip_006.webm,58.027,74.908,16.881,afternoon,spring,-0.5,-0.866025,-0.5,0.866025,spring_afternoon
214659_clip006_s001,resources/site_257_bowra-dry-a/downloaded_clips/site_257_item_214659/site_257_item_214659_clip_006.webm,150.047,165.86,15.813,afternoon,spring,-0.5,-0.866025,-0.5,0.866025,spring_afternoon
214659_clip007_s000,resources/site_257_bowra-dry-a/downloaded_clips/site_257_item_214659/site_257_item_214659_clip_007.webm,121.069,132.238,11.169,afternoon,spring,-0.5,-0.866025,-0.5,0.866025,spring_afternoon
214659_clip014_s000,resources/site_257_bowra-dry-a/downloaded_clips/site_257_item_214659/site_257_item_214659_clip_014.webm,55.589,69.126,13.537,afternoon,spring,-0.5,-0.866025,-0.5,0.866025,spring_afternoon
214659_clip014_s001,resources/site_257_bowra-dry-a/downloaded_clips/site_257_item_214659/site_257_item_214659_clip_014.webm,153.368,164.56,11.192,afternoon,spring,-0.5,-0.866025,-0.5,0.866025,spring_afternoon
214659_clip017_s000,resources/site_257_bowra-dry-a/downloaded_clips/site_257_item_214659/site_257_item_214659_clip_017.webm,81.223,91.556,10.333,afternoon,spring,-0.5,-0.866025,-0.5,0.866025,spring_afternoon
214659_clip019_s000,resources/site_257_bowra-dry-a/downloaded_clips/site_257_item_214659/site_257_item_214659_clip_019.webm,179.397,191.193,11.796,afternoon,spring,-0.5,-0.866025,-0.5,0.866025,spring_afternoon
214837_clip001_s000,resources/site_257_bowra-dry-a/downloaded_clips/site_257_item_214837/site_257_item_214837_clip_001.webm,190.798,201.967,11.169,afternoon,spring,-0.5,-0.866025,-0.5,0.866025,spring_afternoon
214837_clip008_s000,resources/site_257_bowra-dry-a/downloaded_clips/site_257_item_214837/site_257_item_214837_clip_008.webm,213.345,224.073,10.728,afternoon,spring,-0.5,-0.866025,-0.5,0.866025,spring_afternoon
445582_clip004_s000,resources/site_257_bowra-dry-a/downloaded_clips/site_257_item_445582/site_257_item_445582_clip_004.webm,160.682,171.34,10.658,afternoon,spring,-0.5,-0.866025,-1.0,-0.0,spring_afternoon
445582_clip009_s000,resources/site_257_bowra-dry-a/downloaded_clips/site_257_item_445582/site_257_item_445582_clip_009.webm,249.127,260.946,11.819,afternoon,spring,-0.5,-0.866025,-1.0,-0.0,spring_afternoon
445582_clip010_s000,resources/site_257_bowra-dry-a/downloaded_clips/site_257_item_445582/site_257_item_445582_clip_010.webm,207.772,218.128,10.356,afternoon,spring,-0.5,-0.866025,-1.0,-0.0,spring_afternoon
445582_clip016_s000,resources/site_257_bowra-dry-a/downloaded_clips/site_257_item_445582/site_257_item_445582_clip_016.webm,261.387,272.347,10.96,afternoon,spring,-0.5,-0.866025,-1.0,-0.0,spring_afternoon
445582_clip017_s000,resources/site_257_bowra-dry-a/downloaded_clips/site_257_item_445582/site_257_item_445582_clip_017.webm,105.302,118.19,12.887,afternoon,spring,-0.5,-0.866025,-1.0,-0.0,spring_afternoon
445582_clip018_s000,resources/site_257_bowra-dry-a/downloaded_clips/site_257_item_445582/site_257_item_445582_clip_018.webm,129.916,139.923,10.008,afternoon,spring,-0.5,-0.866025,-1.0,-0.0,spring_afternoon
445582_clip020_s000,resources/site_257_bowra-dry-a/downloaded_clips/site_257_item_445582/site_257_item_445582_clip_020.webm,185.69,198.461,12.771,afternoon,spring,-0.5,-0.866025,-1.0,-0.0,spring_afternoon
445582_clip022_s000,resources/site_257_bowra-dry-a/downloaded_clips/site_257_item_445582/site_257_item_445582_clip_022.webm,282.587,293.152,10.565,afternoon,spring,-0.5,-0.866025,-1.0,-0.0,spring_afternoon
4889_clip014_s000,resources/site_257_bowra-dry-a/downloaded_clips/site_257_item_4889/site_257_item_4889_clip_014.webm,42.841,56.401,13.56,afternoon,spring,-0.5,-0.866025,-0.866025,0.5,spring_afternoon
4889_clip019_s000,resources/site_257_bowra-dry-a/downloaded_clips/site_257_item_4889/site_257_item_4889_clip_019.webm,286.557,297.61,11.053,afternoon,spring,-0.5,-0.866025,-0.866025,0.5,spring_afternoon
5384_clip002_s000,resources/site_257_bowra-dry-a/downloaded_clips/site_257_item_5384/site_257_item_5384_clip_002.webm,134.699,147.238,12.539,afternoon,spring,-0.5,-0.866025,-1.0,-0.0,spring_afternoon
5384_clip010_s000,resources/site_257_bowra-dry-a/downloaded_clips/site_257_item_5384/site_257_item_5384_clip_010.webm,175.264,186.34,11.076,afternoon,spring,-0.5,-0.866025,-1.0,-0.0,spring_afternoon
5413_clip009_s000,resources/site_257_bowra-dry-a/downloaded_clips/site_257_item_5413/site_257_item_5413_clip_009.webm,271.766,282.401,10.635,afternoon,spring,-0.5,-0.866025,-1.0,-0.0,spring_afternoon
5009_clip001_s000,resources/site_257_bowra-dry-a/downloaded_clips/site_257_item_5009/site_257_item_5009_clip_001.webm,80.225,92.253,12.028,afternoon,spring,-0.5,-0.866025,-1.0,-0.0,spring_afternoon
5009_clip005_s000,resources/site_257_bowra-dry-a/downloaded_clips/site_257_item_5009/site_257_item_5009_clip_005.webm,17.949,29.373,11.424,afternoon,spring,-0.5,-0.866025,-1.0,-0.0,spring_afternoon
5009_clip008_s000,resources/site_257_bowra-dry-a/downloaded_clips/site_257_item_5009/site_257_item_5009_clip_008.webm,231.457,241.975,10.519,afternoon,spring,-0.5,-0.866025,-1.0,-0.0,spring_afternoon
5009_clip009_s000,resources/site_257_bowra-dry-a/downloaded_clips/site_257_item_5009/site_257_item_5009_clip_009.webm,162.331,172.71,10.379,afternoon,spring,-0.5,-0.866025,-1.0,-0.0,spring_afternoon
5009_clip011_s000,resources/site_257_bowra-dry-a/downloaded_clips/site_257_item_5009/site_257_item_5009_clip_011.webm,283.423,293.872,10.449,afternoon,spring,-0.5,-0.866025,-1.0,-0.0,spring_afternoon
5009_clip014_s000,resources/site_257_bowra-dry-a/downloaded_clips/site_257_item_5009/site_257_item_5009_clip_014.webm,201.178,213.438,12.26,afternoon,spring,-0.5,-0.866025,-1.0,-0.0,spring_afternoon
5328_clip006_s000,resources/site_257_bowra-dry-a/downloaded_clips/site_257_item_5328/site_257_item_5328_clip_006.webm,115.148,125.806,10.658,afternoon,spring,-0.5,-0.866025,-1.0,-0.0,spring_afternoon
5328_clip017_s000,resources/site_257_bowra-dry-a/downloaded_clips/site_257_item_5328/site_257_item_5328_clip_017.webm,225.187,237.099,11.912,afternoon,spring,-0.5,-0.866025,-1.0,-0.0,spring_afternoon
5468_clip014_s000,resources/site_257_bowra-dry-a/downloaded_clips/site_257_item_5468/site_257_item_5468_clip_014.webm,1.672,13.514,11.842,afternoon,spring,-0.5,-0.866025,-1.0,-0.0,spring_afternoon
5468_clip014_s001,resources/site_257_bowra-dry-a/downloaded_clips/site_257_item_5468/site_257_item_5468_clip_014.webm,135.233,145.427,10.194,afternoon,spring,-0.5,-0.866025,-1.0,-0.0,spring_afternoon
214664_clip006_s000,resources/site_257_bowra-dry-a/downloaded_clips/site_257_item_214664/site_257_item_214664_clip_006.webm,151.65,162.447,10.797,afternoon,spring,-0.5,-0.866025,-0.5,0.866025,spring_afternoon
214664_clip007_s000,resources/site_257_bowra-dry-a/downloaded_clips/site_257_item_214664/site_257_item_214664_clip_007.webm,77.044,87.795,10.751,afternoon,spring,-0.5,-0.866025,-0.5,0.866025,spring_afternoon
214664_clip010_s000,resources/site_257_bowra-dry-a/downloaded_clips/site_257_item_214664/site_257_item_214664_clip_010.webm,59.234,72.702,13.468,afternoon,spring,-0.5,-0.866025,-0.5,0.866025,spring_afternoon
214664_clip010_s001,resources/site_257_bowra-dry-a/downloaded_clips/site_257_item_214664/site_257_item_214664_clip_010.webm,265.822,279.266,13.444,afternoon,spring,-0.5,-0.866025,-0.5,0.866025,spring_afternoon
214789_clip005_s000,resources/site_257_bowra-dry-a/downloaded_clips/site_257_item_214789/site_257_item_214789_clip_005.webm,209.305,219.591,10.286,afternoon,spring,-0.5,-0.866025,-0.5,0.866025,spring_afternoon
214789_clip009_s000,resources/site_257_bowra-dry-a/downloaded_clips/site_257_item_214789/site_257_item_214789_clip_009.webm,174.475,184.552,10.077,afternoon,spring,-0.5,-0.866025,-0.5,0.866025,spring_afternoon
214801_clip004_s000,resources/site_257_bowra-dry-a/downloaded_clips/site_257_item_214801/site_257_item_214801_clip_004.webm,42.609,53.22,10.612,afternoon,spring,-0.5,-0.866025,-0.5,0.866025,spring_afternoon
214801_clip005_s000,resources/site_257_bowra-dry-a/downloaded_clips/site_257_item_214801/site_257_item_214801_clip_005.webm,240.187,250.311,10.124,afternoon,spring,-0.5,-0.866025,-0.5,0.866025,spring_afternoon
214801_clip009_s000,resources/site_257_bowra-dry-a/downloaded_clips/site_257_item_214801/site_257_item_214801_clip_009.webm,190.636,200.644,10.008,afternoon,spring,-0.5,-0.866025,-0.5,0.866025,spring_afternoon
214896_clip001_s000,resources/site_257_bowra-dry-a/downloaded_clips/site_257_item_214896/site_257_item_214896_clip_001.webm,124.947,135.906,10.96,afternoon,spring,-0.5,-0.866025,-0.5,0.866025,spring_afternoon
214896_clip004_s000,resources/site_257_bowra-dry-a/downloaded_clips/site_257_item_214896/site_257_item_214896_clip_004.webm,217.78,229.32,11.54,afternoon,spring,-0.5,-0.866025,-0.5,0.866025,spring_afternoon
214896_clip006_s000,resources/site_257_bowra-dry-a/downloaded_clips/site_257_item_214896/site_257_item_214896_clip_006.webm,109.227,123.228,14.002,afternoon,spring,-0.5,-0.866025,-0.5,0.866025,spring_afternoon
214896_clip007_s000,resources/site_257_bowra-dry-a/downloaded_clips/site_257_item_214896/site_257_item_214896_clip_007.webm,234.986,245.69,10.704,afternoon,spring,-0.5,-0.866025,-0.5,0.866025,spring_afternoon
5032_clip005_s000,resources/site_257_bowra-dry-a/downloaded_clips/site_257_item_5032/site_257_item_5032_clip_005.webm,215.272,230.087,14.814,afternoon,spring,-0.5,-0.866025,-0.866025,0.5,spring_afternoon
5032_clip006_s000,resources/site_257_bowra-dry-a/downloaded_clips/site_257_item_5032/site_257_item_5032_clip_006.webm,110.922,121.046,10.124,afternoon,spring,-0.5,-0.866025,-0.866025,0.5,spring_afternoon
5032_clip008_s000,resources/site_257_bowra-dry-a/downloaded_clips/site_257_item_5032/site_257_item_5032_clip_008.webm,253.26,268.608,15.348,afternoon,spring,-0.5,-0.866025,-0.866025,0.5,spring_afternoon
5032_clip012_s000,resources/site_257_bowra-dry-a/downloaded_clips/site_257_item_5032/site_257_item_5032_clip_012.webm,240.327,253.446,13.119,afternoon,spring,-0.5,-0.866025,-0.866025,0.5,spring_afternoon
5032_clip013_s000,resources/site_257_bowra-dry-a/downloaded_clips/site_257_item_5032/site_257_item_5032_clip_013.webm,60.72,70.983,10.263,afternoon,spring,-0.5,-0.866025,-0.866025,0.5,spring_afternoon
5032_clip013_s001,resources/site_257_bowra-dry-a/downloaded_clips/site_257_item_5032/site_257_item_5032_clip_013.webm,85.124,96.2,11.076,afternoon,spring,-0.5,-0.866025,-0.866025,0.5,spring_afternoon
5032_clip014_s000,resources/site_257_bowra-dry-a/downloaded_clips/site_257_item_5032/site_257_item_5032_clip_014.webm,243.368,253.562,10.194,afternoon,spring,-0.5,-0.866025,-0.866025,0.5,spring_afternoon
5079_clip019_s000,resources/site_257_bowra-dry-a/downloaded_clips/site_257_item_5079/site_257_item_5079_clip_019.webm,252.262,267.053,14.791,afternoon,spring,-0.5,-0.866025,-0.866025,0.5,spring_afternoon
5517_clip011_s000,resources/site_257_bowra-dry-a/downloaded_clips/site_257_item_5517/site_257_item_5517_clip_011.webm,126.92,139.413,12.492,afternoon,spring,-0.5,-0.866025,-0.866025,0.5,spring_afternoon
5517_clip017_s000,resources/site_257_bowra-dry-a/downloaded_clips/site_257_item_5517/site_257_item_5517_clip_017.webm,231.271,241.371,10.101,afternoon,spring,-0.5,-0.866025,-0.866025,0.5,spring_afternoon
5517_clip020_s000,resources/site_257_bowra-dry-a/downloaded_clips/site_257_item_5517/site_257_item_5517_clip_020.webm,57.051,67.524,10.472,afternoon,spring,-0.5,-0.866025,-0.866025,0.5,spring_afternoon
445604_clip020_s000,resources/site_257_bowra-dry-a/downloaded_clips/site_257_item_445604/site_257_item_445604_clip_020.webm,61.138,71.889,10.751,afternoon,spring,-0.5,-0.866025,-1.0,-0.0,spring_afternoon
445604_clip024_s000,resources/site_257_bowra-dry-a/downloaded_clips/site_257_item_445604/site_257_item_445604_clip_024.webm,43.839,54.01,10.17,afternoon,spring,-0.5,-0.866025,-1.0,-0.0,spring_afternoon
445701_clip018_s000,resources/site_257_bowra-dry-a/downloaded_clips/site_257_item_445701/site_257_item_445701_clip_018.webm,99.335,109.645,10.31,afternoon,spring,-0.5,-0.866025,-1.0,-0.0,spring_afternoon
445701_clip024_s000,resources/site_257_bowra-dry-a/downloaded_clips/site_257_item_445701/site_257_item_445701_clip_024.webm,275.133,286.023,10.89,afternoon,spring,-0.5,-0.866025,-1.0,-0.0,spring_afternoon
445738_clip008_s000,resources/site_257_bowra-dry-a/downloaded_clips/site_257_item_445738/site_257_item_445738_clip_008.webm,79.9,95.829,15.929,afternoon,spring,-0.5,-0.866025,-1.0,-0.0,spring_afternoon
445738_clip010_s000,resources/site_257_bowra-dry-a/downloaded_clips/site_257_item_445738/site_257_item_445738_clip_010.webm,245.528,258.601,13.073,afternoon,spring,-0.5,-0.866025,-1.0,-0.0,spring_afternoon
445738_clip021_s000,resources/site_257_bowra-dry-a/downloaded_clips/site_257_item_445738/site_257_item_445738_clip_021.webm,264.545,274.646,10.101,afternoon,spring,-0.5,-0.866025,-1.0,-0.0,spring_afternoon
445738_clip022_s000,resources/site_257_bowra-dry-a/downloaded_clips/site_257_item_445738/site_257_item_445738_clip_022.webm,84.103,96.456,12.353,afternoon,spring,-0.5,-0.866025,-1.0,-0.0,spring_afternoon
1399871_clip020_s000,resources/site_257_bowra-dry-a/downloaded_clips/site_257_item_1399871/site_257_item_1399871_clip_020.webm,50.457,62.369,11.912,afternoon,spring,0.0,-1.0,-1.0,-0.0,spring_afternoon
1399871_clip023_s000,resources/site_257_bowra-dry-a/downloaded_clips/site_257_item_1399871/site_257_item_1399871_clip_023.webm,49.505,59.977,10.472,afternoon,spring,0.0,-1.0,-1.0,-0.0,spring_afternoon
1400806_clip008_s000,resources/site_257_bowra-dry-a/downloaded_clips/site_257_item_1400806/site_257_item_1400806_clip_008.webm,245.04,255.164,10.124,afternoon,spring,-0.5,-0.866025,-0.866025,0.5,spring_afternoon
1400806_clip014_s000,resources/site_257_bowra-dry-a/downloaded_clips/site_257_item_1400806/site_257_item_1400806_clip_014.webm,125.063,143.987,18.924,afternoon,spring,-0.5,-0.866025,-0.866025,0.5,spring_afternoon
1400806_clip016_s000,resources/site_257_bowra-dry-a/downloaded_clips/site_257_item_1400806/site_257_item_1400806_clip_016.webm,179.374,190.218,10.844,afternoon,spring,-0.5,-0.866025,-0.866025,0.5,spring_afternoon
1400806_clip016_s001,resources/site_257_bowra-dry-a/downloaded_clips/site_257_item_1400806/site_257_item_1400806_clip_016.webm,207.331,218.198,10.867,afternoon,spring,-0.5,-0.866025,-0.866025,0.5,spring_afternoon
1400806_clip019_s000,resources/site_257_bowra-dry-a/downloaded_clips/site_257_item_1400806/site_257_item_1400806_clip_019.webm,88.932,104.815,15.882,afternoon,spring,-0.5,-0.866025,-0.866025,0.5,spring_afternoon
1400806_clip020_s000,resources/site_257_bowra-dry-a/downloaded_clips/site_257_item_1400806/site_257_item_1400806_clip_020.webm,165.651,178.143,12.492,afternoon,spring,-0.5,-0.866025,-0.866025,0.5,spring_afternoon
1400806_clip023_s000,resources/site_257_bowra-dry-a/downloaded_clips/site_257_item_1400806/site_257_item_1400806_clip_023.webm,64.041,77.81,13.769,afternoon,spring,-0.5,-0.866025,-0.866025,0.5,spring_afternoon
1400806_clip023_s001,resources/site_257_bowra-dry-a/downloaded_clips/site_257_item_1400806/site_257_item_1400806_clip_023.webm,84.73,96.711,11.981,afternoon,spring,-0.5,-0.866025,-0.866025,0.5,spring_afternoon
1401317_clip007_s000,resources/site_257_bowra-dry-a/downloaded_clips/site_257_item_1401317/site_257_item_1401317_clip_007.webm,32.624,44.397,11.773,afternoon,spring,0.0,-1.0,-0.866025,0.5,spring_afternoon
1401317_clip012_s000,resources/site_257_bowra-dry-a/downloaded_clips/site_257_item_1401317/site_257_item_1401317_clip_012.webm,63.181,73.421,10.24,afternoon,spring,0.0,-1.0,-0.866025,0.5,spring_afternoon
1401317_clip023_s000,resources/site_257_bowra-dry-a/downloaded_clips/site_257_item_1401317/site_257_item_1401317_clip_023.webm,148.91,160.752,11.842,afternoon,spring,0.0,-1.0,-0.866025,0.5,spring_afternoon
1401568_clip007_s000,resources/site_257_bowra-dry-a/downloaded_clips/site_257_item_1401568/site_257_item_1401568_clip_007.webm,258.717,270.373,11.656,afternoon,spring,0.0,-1.0,-0.866025,0.5,spring_afternoon
1401568_clip010_s000,resources/site_257_bowra-dry-a/downloaded_clips/site_257_item_1401568/site_257_item_1401568_clip_010.webm,136.139,148.259,12.121,afternoon,spring,0.0,-1.0,-0.866025,0.5,spring_afternoon
1400976_clip002_s000,resources/site_257_bowra-dry-a/downloaded_clips/site_257_item_1400976/site_257_item_1400976_clip_002.webm,16.393,32.787,16.393,afternoon,spring,-0.5,-0.866025,-0.5,0.866025,spring_afternoon
1400976_clip002_s001,resources/site_257_bowra-dry-a/downloaded_clips/site_257_item_1400976/site_257_item_1400976_clip_002.webm,107.973,119.745,11.773,afternoon,spring,-0.5,-0.866025,-0.5,0.866025,spring_afternoon
1400976_clip009_s000,resources/site_257_bowra-dry-a/downloaded_clips/site_257_item_1400976/site_257_item_1400976_clip_009.webm,245.18,257.3,12.121,afternoon,spring,-0.5,-0.866025,-0.5,0.866025,spring_afternoon
1400976_clip010_s000,resources/site_257_bowra-dry-a/downloaded_clips/site_257_item_1400976/site_257_item_1400976_clip_010.webm,23.8,34.482,10.681,afternoon,spring,-0.5,-0.866025,-0.5,0.866025,spring_afternoon
1400976_clip015_s000,resources/site_257_bowra-dry-a/downloaded_clips/site_257_item_1400976/site_257_item_1400976_clip_015.webm,58.027,71.773,13.746,afternoon,spring,-0.5,-0.866025,-0.5,0.866025,spring_afternoon
1400976_clip015_s001,resources/site_257_bowra-dry-a/downloaded_clips/site_257_item_1400976/site_257_item_1400976_clip_015.webm,156.224,176.565,20.341,afternoon,spring,-0.5,-0.866025,-0.5,0.866025,spring_afternoon
1400976_clip015_s002,resources/site_257_bowra-dry-a/downloaded_clips/site_257_item_1400976/site_257_item_1400976_clip_015.webm,280.009,293.198,13.189,afternoon,spring,-0.5,-0.866025,-0.5,0.866025,spring_afternoon
1401879_clip017_s000,resources/site_257_bowra-dry-a/downloaded_clips/site_257_item_1401879/site_257_item_1401879_clip_017.webm,107.926,120.094,12.167,afternoon,spring,-0.5,-0.866025,-0.5,0.866025,spring_afternoon
1401892_clip004_s000,resources/site_257_bowra-dry-a/downloaded_clips/site_257_item_1401892/site_257_item_1401892_clip_004.webm,125.132,137.509,12.376,afternoon,spring,-0.258819,-0.965926,-0.5,0.866025,spring_afternoon
1401892_clip005_s000,resources/site_257_bowra-dry-a/downloaded_clips/site_257_item_1401892/site_257_item_1401892_clip_005.webm,176.03,188.476,12.446,afternoon,spring,-0.258819,-0.965926,-0.5,0.866025,spring_afternoon
1536120_clip020_s000,resources/site_257_bowra-dry-a/downloaded_clips/site_257_item_1536120/site_257_item_1536120_clip_020.webm,196.116,210.698,14.582,afternoon,spring,0.0,-1.0,-1.0,-0.0,spring_afternoon
1536208_clip011_s000,resources/site_257_bowra-dry-a/downloaded_clips/site_257_item_1536208/site_257_item_1536208_clip_011.webm,89.954,101.471,11.517,afternoon,spring,-0.5,-0.866025,-1.0,-0.0,spring_afternoon
1536208_clip023_s000,resources/site_257_bowra-dry-a/downloaded_clips/site_257_item_1536208/site_257_item_1536208_clip_023.webm,140.086,152.927,12.841,afternoon,spring,-0.5,-0.866025,-1.0,-0.0,spring_afternoon
1668240_clip002_s000,resources/site_257_bowra-dry-a/downloaded_clips/site_257_item_1668240/site_257_item_1668240_clip_002.webm,83.522,93.948,10.426,afternoon,spring,-0.5,-0.866025,-0.866025,0.5,spring_afternoon
1668240_clip002_s001,resources/site_257_bowra-dry-a/downloaded_clips/site_257_item_1668240/site_257_item_1668240_clip_002.webm,124.436,135.721,11.285,afternoon,spring,-0.5,-0.866025,-0.866025,0.5,spring_afternoon
1668240_clip002_s002,resources/site_257_bowra-dry-a/downloaded_clips/site_257_item_1668240/site_257_item_1668240_clip_002.webm,199.274,212.602,13.328,afternoon,spring,-0.5,-0.866025,-0.866025,0.5,spring_afternoon
1668240_clip002_s003,resources/site_257_bowra-dry-a/downloaded_clips/site_257_item_1668240/site_257_item_1668240_clip_002.webm,254.467,264.615,10.147,afternoon,spring,-0.5,-0.866025,-0.866025,0.5,spring_afternoon
1668240_clip004_s000,resources/site_257_bowra-dry-a/downloaded_clips/site_257_item_1668240/site_257_item_1668240_clip_004.webm,135.163,147.772,12.608,afternoon,spring,-0.5,-0.866025,-0.866025,0.5,spring_afternoon
1668240_clip004_s001,resources/site_257_bowra-dry-a/downloaded_clips/site_257_item_1668240/site_257_item_1668240_clip_004.webm,278.756,290.389,11.633,afternoon,spring,-0.5,-0.866025,-0.866025,0.5,spring_afternoon
1678561_clip003_s000,resources/site_257_bowra-dry-a/downloaded_clips/site_257_item_1678561/site_257_item_1678561_clip_003.webm,194.072,205.357,11.285,afternoon,spring,-0.5,-0.866025,-0.866025,0.5,spring_afternoon
1678561_clip009_s000,resources/site_257_bowra-dry-a/downloaded_clips/site_257_item_1678561/site_257_item_1678561_clip_009.webm,57.051,67.315,10.263,afternoon,spring,-0.5,-0.866025,-0.866025,0.5,spring_afternoon
1678561_clip009_s001,resources/site_257_bowra-dry-a/downloaded_clips/site_257_item_1678561/site_257_item_1678561_clip_009.webm,216.433,226.998,10.565,afternoon,spring,-0.5,-0.866025,-0.866025,0.5,spring_afternoon
1678561_clip011_s000,resources/site_257_bowra-dry-a/downloaded_clips/site_257_item_1678561/site_257_item_1678561_clip_011.webm,174.73,184.784,10.054,afternoon,spring,-0.5,-0.866025,-0.866025,0.5,spring_afternoon
1678561_clip018_s000,resources/site_257_bowra-dry-a/downloaded_clips/site_257_item_1678561/site_257_item_1678561_clip_018.webm,203.244,217.316,14.071,afternoon,spring,-0.5,-0.866025,-0.866025,0.5,spring_afternoon
1678561_clip020_s000,resources/site_257_bowra-dry-a/downloaded_clips/site_257_item_1678561/site_257_item_1678561_clip_020.webm,168.507,178.701,10.194,afternoon,spring,-0.5,-0.866025,-0.866025,0.5,spring_afternoon
1678561_clip021_s000,resources/site_257_bowra-dry-a/downloaded_clips/site_257_item_1678561/site_257_item_1678561_clip_021.webm,65.271,75.79,10.519,afternoon,spring,-0.5,-0.866025,-0.866025,0.5,spring_afternoon
1678561_clip022_s000,resources/site_257_bowra-dry-a/downloaded_clips/site_257_item_1678561/site_257_item_1678561_clip_022.webm,252.378,283.818,31.44,afternoon,spring,-0.5,-0.866025,-0.866025,0.5,spring_afternoon
1678561_clip022_s001,resources/site_257_bowra-dry-a/downloaded_clips/site_257_item_1678561/site_257_item_1678561_clip_022.webm,287.115,300.025,12.91,afternoon,spring,-0.5,-0.866025,-0.866025,0.5,spring_afternoon
1678561_clip023_s000,resources/site_257_bowra-dry-a/downloaded_clips/site_257_item_1678561/site_257_item_1678561_clip_023.webm,68.429,81.2,12.771,afternoon,spring,-0.5,-0.866025,-0.866025,0.5,spring_afternoon
1678561_clip023_s001,resources/site_257_bowra-dry-a/downloaded_clips/site_257_item_1678561/site_257_item_1678561_clip_023.webm,102.354,115.125,12.771,afternoon,spring,-0.5,-0.866025,-0.866025,0.5,spring_afternoon
1678561_clip023_s002,resources/site_257_bowra-dry-a/downloaded_clips/site_257_item_1678561/site_257_item_1678561_clip_023.webm,127.942,142.06,14.118,afternoon,spring,-0.5,-0.866025,-0.866025,0.5,spring_afternoon
1682366_clip005_s000,resources/site_257_bowra-dry-a/downloaded_clips/site_257_item_1682366/site_257_item_1682366_clip_005.webm,23.963,34.11,10.147,afternoon,spring,-0.5,-0.866025,-0.866025,0.5,spring_afternoon
1682366_clip007_s000,resources/site_257_bowra-dry-a/downloaded_clips/site_257_item_1682366/site_257_item_1682366_clip_007.webm,242.858,254.978,12.121,afternoon,spring,-0.5,-0.866025,-0.866025,0.5,spring_afternoon
1682366_clip007_s001,resources/site_257_bowra-dry-a/downloaded_clips/site_257_item_1682366/site_257_item_1682366_clip_007.webm,281.588,293.593,12.005,afternoon,spring,-0.5,-0.866025,-0.866025,0.5,spring_afternoon
1682366_clip009_s000,resources/site_257_bowra-dry-a/downloaded_clips/site_257_item_1682366/site_257_item_1682366_clip_009.webm,218.453,228.693,10.24,afternoon,spring,-0.5,-0.866025,-0.866025,0.5,spring_afternoon
1682366_clip015_s000,resources/site_257_bowra-dry-a/downloaded_clips/site_257_item_1682366/site_257_item_1682366_clip_015.webm,148.445,159.312,10.867,afternoon,spring,-0.5,-0.866025,-0.866025,0.5,spring_afternoon
1682366_clip018_s000,resources/site_257_bowra-dry-a/downloaded_clips/site_257_item_1682366/site_257_item_1682366_clip_018.webm,43.05,56.75,13.7,afternoon,spring,-0.5,-0.866025,-0.866025,0.5,spring_afternoon
1682366_clip018_s001,resources/site_257_bowra-dry-a/downloaded_clips/site_257_item_1682366/site_257_item_1682366_clip_018.webm,161.379,172.106,10.728,afternoon,spring,-0.5,-0.866025,-0.866025,0.5,spring_afternoon
1682366_clip020_s000,resources/site_257_bowra-dry-a/downloaded_clips/site_257_item_1682366/site_257_item_1682366_clip_020.webm,218.314,230.574,12.26,afternoon,spring,-0.5,-0.866025,-0.866025,0.5,spring_afternoon
1682429_clip003_s000,resources/site_257_bowra-dry-a/downloaded_clips/site_257_item_1682429/site_257_item_1682429_clip_003.webm,256.325,267.076,10.751,afternoon,spring,-0.5,-0.866025,-0.866025,0.5,spring_afternoon
1682429_clip004_s000,resources/site_257_bowra-dry-a/downloaded_clips/site_257_item_1682429/site_257_item_1682429_clip_004.webm,196.162,206.82,10.658,afternoon,spring,-0.5,-0.866025,-0.866025,0.5,spring_afternoon
1682429_clip004_s001,resources/site_257_bowra-dry-a/downloaded_clips/site_257_item_1682429/site_257_item_1682429_clip_004.webm,224.026,235.311,11.285,afternoon,spring,-0.5,-0.866025,-0.866025,0.5,spring_afternoon
1682429_clip004_s002,resources/site_257_bowra-dry-a/downloaded_clips/site_257_item_1682429/site_257_item_1682429_clip_004.webm,241.673,273.345,31.672,afternoon,spring,-0.5,-0.866025,-0.866025,0.5,spring_afternoon
1682429_clip004_s003,resources/site_257_bowra-dry-a/downloaded_clips/site_257_item_1682429/site_257_item_1682429_clip_004.webm,289.205,300.025,10.82,afternoon,spring,-0.5,-0.866025,-0.866025,0.5,spring_afternoon
1682429_clip005_s000,resources/site_257_bowra-dry-a/downloaded_clips/site_257_item_1682429/site_257_item_1682429_clip_005.webm,33.576,57.841,24.265,afternoon,spring,-0.5,-0.866025,-0.866025,0.5,spring_afternoon
1682429_clip006_s000,resources/site_257_bowra-dry-a/downloaded_clips/site_257_item_1682429/site_257_item_1682429_clip_006.webm,21.85,44.118,22.268,afternoon,spring,-0.5,-0.866025,-0.866025,0.5,spring_afternoon
1682429_clip006_s001,resources/site_257_bowra-dry-a/downloaded_clips/site_257_item_1682429/site_257_item_1682429_clip_006.webm,57.655,75.743,18.088,afternoon,spring,-0.5,-0.866025,-0.866025,0.5,spring_afternoon
1682429_clip006_s002,resources/site_257_bowra-dry-a/downloaded_clips/site_257_item_1682429/site_257_item_1682429_clip_006.webm,75.952,98.662,22.709,afternoon,spring,-0.5,-0.866025,-0.866025,0.5,spring_afternoon
1682429_clip006_s003,resources/site_257_bowra-dry-a/downloaded_clips/site_257_item_1682429/site_257_item_1682429_clip_006.webm,98.871,149.095,50.225,afternoon,spring,-0.5,-0.866025,-0.866025,0.5,spring_afternoon
1682429_clip006_s004,resources/site_257_bowra-dry-a/downloaded_clips/site_257_item_1682429/site_257_item_1682429_clip_006.webm,149.304,179.304,30.0,afternoon,spring,-0.5,-0.866025,-0.866025,0.5,spring_afternoon
1682429_clip006_s005,resources/site_257_bowra-dry-a/downloaded_clips/site_257_item_1682429/site_257_item_1682429_clip_006.webm,179.304,229.761,50.457,afternoon,spring,-0.5,-0.866025,-0.866025,0.5,spring_afternoon
1682429_clip006_s006,resources/site_257_bowra-dry-a/downloaded_clips/site_257_item_1682429/site_257_item_1682429_clip_006.webm,230.087,248.964,18.878,afternoon,spring,-0.5,-0.866025,-0.866025,0.5,spring_afternoon
1682429_clip007_s000,resources/site_257_bowra-dry-a/downloaded_clips/site_257_item_1682429/site_257_item_1682429_clip_007.webm,260.435,300.025,39.59,afternoon,spring,-0.5,-0.866025,-0.866025,0.5,spring_afternoon
1682429_clip008_s000,resources/site_257_bowra-dry-a/downloaded_clips/site_257_item_1682429/site_257_item_1682429_clip_008.webm,0.116,14.42,14.303,afternoon,spring,-0.5,-0.866025,-0.866025,0.5,spring_afternoon
1682429_clip012_s000,resources/site_257_bowra-dry-a/downloaded_clips/site_257_item_1682429/site_257_item_1682429_clip_012.webm,233.361,245.714,12.353,afternoon,spring,-0.5,-0.866025,-0.866025,0.5,spring_afternoon
1682429_clip012_s001,resources/site_257_bowra-dry-a/downloaded_clips/site_257_item_1682429/site_257_item_1682429_clip_012.webm,247.223,260.04,12.817,afternoon,spring,-0.5,-0.866025,-0.866025,0.5,spring_afternoon
1682429_clip015_s000,resources/site_257_bowra-dry-a/downloaded_clips/site_257_item_1682429/site_257_item_1682429_clip_015.webm,48.646,58.863,10.217,afternoon,spring,-0.5,-0.866025,-0.866025,0.5,spring_afternoon
1682429_clip015_s001,resources/site_257_bowra-dry-a/downloaded_clips/site_257_item_1682429/site_257_item_1682429_clip_015.webm,98.22,109.134,10.913,afternoon,spring,-0.5,-0.866025,-0.866025,0.5,spring_afternoon
1682429_clip015_s002,resources/site_257_bowra-dry-a/downloaded_clips/site_257_item_1682429/site_257_item_1682429_clip_015.webm,226.023,242.37,16.347,afternoon,spring,-0.5,-0.866025,-0.866025,0.5,spring_afternoon
1682429_clip015_s003,resources/site_257_bowra-dry-a/downloaded_clips/site_257_item_1682429/site_257_item_1682429_clip_015.webm,257.672,270.118,12.446,afternoon,spring,-0.5,-0.866025,-0.866025,0.5,spring_afternoon
1682429_clip016_s000,resources/site_257_bowra-dry-a/downloaded_clips/site_257_item_1682429/site_257_item_1682429_clip_016.webm,0.0,11.424,11.424,afternoon,spring,-0.5,-0.866025,-0.866025,0.5,spring_afternoon
1682429_clip016_s001,resources/site_257_bowra-dry-a/downloaded_clips/site_257_item_1682429/site_257_item_1682429_clip_016.webm,121.464,132.168,10.704,afternoon,spring,-0.5,-0.866025,-0.866025,0.5,spring_afternoon
1682429_clip020_s000,resources/site_257_bowra-dry-a/downloaded_clips/site_257_item_1682429/site_257_item_1682429_clip_020.webm,11.54,23.197,11.656,afternoon,spring,-0.5,-0.866025,-0.866025,0.5,spring_afternoon
1682429_clip020_s001,resources/site_257_bowra-dry-a/downloaded_clips/site_257_item_1682429/site_257_item_1682429_clip_020.webm,30.441,43.7,13.259,afternoon,spring,-0.5,-0.866025,-0.866025,0.5,spring_afternoon
1682429_clip020_s002,resources/site_257_bowra-dry-a/downloaded_clips/site_257_item_1682429/site_257_item_1682429_clip_020.webm,146.262,159.033,12.771,afternoon,spring,-0.5,-0.866025,-0.866025,0.5,spring_afternoon
1682429_clip022_s000,resources/site_257_bowra-dry-a/downloaded_clips/site_257_item_1682429/site_257_item_1682429_clip_022.webm,73.213,83.29,10.077,afternoon,spring,-0.5,-0.866025,-0.866025,0.5,spring_afternoon
1682429_clip022_s001,resources/site_257_bowra-dry-a/downloaded_clips/site_257_item_1682429/site_257_item_1682429_clip_022.webm,96.432,108.46,12.028,afternoon,spring,-0.5,-0.866025,-0.866025,0.5,spring_afternoon
1682429_clip022_s002,resources/site_257_bowra-dry-a/downloaded_clips/site_257_item_1682429/site_257_item_1682429_clip_022.webm,133.004,146.564,13.56,afternoon,spring,-0.5,-0.866025,-0.866025,0.5,spring_afternoon
1682429_clip023_s000,resources/site_257_bowra-dry-a/downloaded_clips/site_257_item_1682429/site_257_item_1682429_clip_023.webm,287.858,300.025,12.167,afternoon,spring,-0.5,-0.866025,-0.866025,0.5,spring_afternoon
1668464_clip011_s000,resources/site_257_bowra-dry-a/downloaded_clips/site_257_item_1668464/site_257_item_1668464_clip_011.webm,267.819,278.825,11.006,afternoon,spring,-0.258819,-0.965926,-0.5,0.866025,spring_afternoon
1668658_clip007_s000,resources/site_257_bowra-dry-a/downloaded_clips/site_257_item_1668658/site_257_item_1668658_clip_007.webm,180.28,193.724,13.444,afternoon,spring,-0.5,-0.866025,-0.5,0.866025,spring_afternoon
1668658_clip007_s001,resources/site_257_bowra-dry-a/downloaded_clips/site_257_item_1668658/site_257_item_1668658_clip_007.webm,245.249,259.46,14.211,afternoon,spring,-0.5,-0.866025,-0.5,0.866025,spring_afternoon
1668658_clip010_s000,resources/site_257_bowra-dry-a/downloaded_clips/site_257_item_1668658/site_257_item_1668658_clip_010.webm,174.707,187.733,13.026,afternoon,spring,-0.5,-0.866025,-0.5,0.866025,spring_afternoon
1668658_clip012_s000,resources/site_257_bowra-dry-a/downloaded_clips/site_257_item_1668658/site_257_item_1668658_clip_012.webm,206.147,219.521,13.375,afternoon,spring,-0.5,-0.866025,-0.5,0.866025,spring_afternoon
1678614_clip008_s000,resources/site_257_bowra-dry-a/downloaded_clips/site_257_item_1678614/site_257_item_1678614_clip_008.webm,132.632,143.453,10.82,afternoon,spring,-0.5,-0.866025,-0.5,0.866025,spring_afternoon
1678614_clip008_s001,resources/site_257_bowra-dry-a/downloaded_clips/site_257_item_1678614/site_257_item_1678614_clip_008.webm,159.962,175.821,15.859,afternoon,spring,-0.5,-0.866025,-0.5,0.866025,spring_afternoon
1678614_clip009_s000,resources/site_257_bowra-dry-a/downloaded_clips/site_257_item_1678614/site_257_item_1678614_clip_009.webm,86.912,97.129,10.217,afternoon,spring,-0.5,-0.866025,-0.5,0.866025,spring_afternoon
1678614_clip010_s000,resources/site_257_bowra-dry-a/downloaded_clips/site_257_item_1678614/site_257_item_1678614_clip_010.webm,7.964,19.83,11.865,afternoon,spring,-0.5,-0.866025,-0.5,0.866025,spring_afternoon
1678614_clip013_s000,resources/site_257_bowra-dry-a/downloaded_clips/site_257_item_1678614/site_257_item_1678614_clip_013.webm,259.065,276.526,17.461,afternoon,spring,-0.5,-0.866025,-0.5,0.866025,spring_afternoon
1678614_clip015_s000,resources/site_257_bowra-dry-a/downloaded_clips/site_257_item_1678614/site_257_item_1678614_clip_015.webm,126.409,138.948,12.539,afternoon,spring,-0.5,-0.866025,-0.5,0.866025,spring_afternoon
1678614_clip017_s000,resources/site_257_bowra-dry-a/downloaded_clips/site_257_item_1678614/site_257_item_1678614_clip_017.webm,107.137,123.646,16.509,afternoon,spring,-0.5,-0.866025,-0.5,0.866025,spring_afternoon
1678614_clip017_s001,resources/site_257_bowra-dry-a/downloaded_clips/site_257_item_1678614/site_257_item_1678614_clip_017.webm,189.591,202.408,12.817,afternoon,spring,-0.5,-0.866025,-0.5,0.866025,spring_afternoon
1678614_clip023_s000,resources/site_257_bowra-dry-a/downloaded_clips/site_257_item_1678614/site_257_item_1678614_clip_023.webm,151.441,162.447,11.006,afternoon,spring,-0.5,-0.866025,-0.5,0.866025,spring_afternoon
1678614_clip024_s000,resources/site_257_bowra-dry-a/downloaded_clips/site_257_item_1678614/site_257_item_1678614_clip_024.webm,6.2,17.345,11.146,afternoon,spring,-0.5,-0.866025,-0.5,0.866025,spring_afternoon
1400482_clip001_s000,resources/site_257_bowra-dry-a/downloaded_clips/site_257_item_1400482/site_257_item_1400482_clip_001.webm,174.01,187.478,13.468,dawn,summer,0.965926,0.258819,-0.0,1.0,summer_dawn
1400482_clip001_s001,resources/site_257_bowra-dry-a/downloaded_clips/site_257_item_1400482/site_257_item_1400482_clip_001.webm,222.424,234.522,12.098,dawn,summer,0.965926,0.258819,-0.0,1.0,summer_dawn
1400482_clip001_s002,resources/site_257_bowra-dry-a/downloaded_clips/site_257_item_1400482/site_257_item_1400482_clip_001.webm,243.856,260.946,17.09,dawn,summer,0.965926,0.258819,-0.0,1.0,summer_dawn
1400482_clip002_s000,resources/site_257_bowra-dry-a/downloaded_clips/site_257_item_1400482/site_257_item_1400482_clip_002.webm,11.819,25.217,13.398,dawn,summer,0.965926,0.258819,-0.0,1.0,summer_dawn
1400482_clip002_s001,resources/site_257_bowra-dry-a/downloaded_clips/site_257_item_1400482/site_257_item_1400482_clip_002.webm,39.219,52.291,13.073,dawn,summer,0.965926,0.258819,-0.0,1.0,summer_dawn
1401151_clip008_s000,resources/site_257_bowra-dry-a/downloaded_clips/site_257_item_1401151/site_257_item_1401151_clip_008.webm,151.603,165.024,13.421,dawn,summer,0.965926,0.258819,0.5,0.866025,summer_dawn
1401151_clip008_s001,resources/site_257_bowra-dry-a/downloaded_clips/site_257_item_1401151/site_257_item_1401151_clip_008.webm,190.589,200.62,10.031,dawn,summer,0.965926,0.258819,0.5,0.866025,summer_dawn
1401692_clip001_s000,resources/site_257_bowra-dry-a/downloaded_clips/site_257_item_1401692/site_257_item_1401692_clip_001.webm,140.736,151.58,10.844,dawn,summer,0.965926,0.258819,0.866025,0.5,summer_dawn
1401692_clip003_s000,resources/site_257_bowra-dry-a/downloaded_clips/site_257_item_1401692/site_257_item_1401692_clip_003.webm,262.966,273.043,10.077,dawn,summer,0.965926,0.258819,0.866025,0.5,summer_dawn
1401692_clip008_s000,resources/site_257_bowra-dry-a/downloaded_clips/site_257_item_1401692/site_257_item_1401692_clip_008.webm,188.732,200.69,11.958,dawn,summer,0.965926,0.258819,0.866025,0.5,summer_dawn
1401692_clip008_s001,resources/site_257_bowra-dry-a/downloaded_clips/site_257_item_1401692/site_257_item_1401692_clip_008.webm,207.656,218.151,10.495,dawn,summer,0.965926,0.258819,0.866025,0.5,summer_dawn
1401692_clip009_s000,resources/site_257_bowra-dry-a/downloaded_clips/site_257_item_1401692/site_257_item_1401692_clip_009.webm,0.0,11.029,11.029,dawn,summer,0.965926,0.258819,0.866025,0.5,summer_dawn
1401692_clip009_s001,resources/site_257_bowra-dry-a/downloaded_clips/site_257_item_1401692/site_257_item_1401692_clip_009.webm,11.238,32.345,21.107,dawn,summer,0.965926,0.258819,0.866025,0.5,summer_dawn
1401692_clip009_s002,resources/site_257_bowra-dry-a/downloaded_clips/site_257_item_1401692/site_257_item_1401692_clip_009.webm,43.839,54.126,10.286,dawn,summer,0.965926,0.258819,0.866025,0.5,summer_dawn
1401692_clip009_s003,resources/site_257_bowra-dry-a/downloaded_clips/site_257_item_1401692/site_257_item_1401692_clip_009.webm,179.142,194.119,14.977,dawn,summer,0.965926,0.258819,0.866025,0.5,summer_dawn
1401692_clip009_s004,resources/site_257_bowra-dry-a/downloaded_clips/site_257_item_1401692/site_257_item_1401692_clip_009.webm,197.137,210.651,13.514,dawn,summer,0.965926,0.258819,0.866025,0.5,summer_dawn
1401692_clip009_s005,resources/site_257_bowra-dry-a/downloaded_clips/site_257_item_1401692/site_257_item_1401692_clip_009.webm,228.809,241.998,13.189,dawn,summer,0.965926,0.258819,0.866025,0.5,summer_dawn
1402116_clip001_s000,resources/site_257_bowra-dry-a/downloaded_clips/site_257_item_1402116/site_257_item_1402116_clip_001.webm,174.73,187.71,12.98,dawn,summer,0.866025,0.5,0.866025,0.5,summer_dawn
1402116_clip002_s000,resources/site_257_bowra-dry-a/downloaded_clips/site_257_item_1402116/site_257_item_1402116_clip_002.webm,40.171,52.431,12.26,dawn,summer,0.866025,0.5,0.866025,0.5,summer_dawn
1402116_clip015_s000,resources/site_257_bowra-dry-a/downloaded_clips/site_257_item_1402116/site_257_item_1402116_clip_015.webm,19.017,30.581,11.564,dawn,summer,0.866025,0.5,0.866025,0.5,summer_dawn
1402116_clip016_s000,resources/site_257_bowra-dry-a/downloaded_clips/site_257_item_1402116/site_257_item_1402116_clip_016.webm,187.757,198.182,10.426,dawn,summer,0.866025,0.5,0.866025,0.5,summer_dawn
1402116_clip016_s001,resources/site_257_bowra-dry-a/downloaded_clips/site_257_item_1402116/site_257_item_1402116_clip_016.webm,267.517,282.285,14.768,dawn,summer,0.866025,0.5,0.866025,0.5,summer_dawn
1402284_clip019_s000,resources/site_257_bowra-dry-a/downloaded_clips/site_257_item_1402284/site_257_item_1402284_clip_019.webm,40.078,51.107,11.029,dawn,summer,1.0,0.0,-0.0,1.0,summer_dawn
1676441_clip002_s000,resources/site_257_bowra-dry-a/downloaded_clips/site_257_item_1676441/site_257_item_1676441_clip_002.webm,139.97,151.023,11.053,dawn,summer,1.0,0.0,0.866025,0.5,summer_dawn
1676441_clip004_s000,resources/site_257_bowra-dry-a/downloaded_clips/site_257_item_1676441/site_257_item_1676441_clip_004.webm,36.664,47.044,10.379,dawn,summer,1.0,0.0,0.866025,0.5,summer_dawn
1676441_clip004_s001,resources/site_257_bowra-dry-a/downloaded_clips/site_257_item_1676441/site_257_item_1676441_clip_004.webm,273.833,284.746,10.913,dawn,summer,1.0,0.0,0.866025,0.5,summer_dawn
1676441_clip006_s000,resources/site_257_bowra-dry-a/downloaded_clips/site_257_item_1676441/site_257_item_1676441_clip_006.webm,273.554,285.164,11.61,dawn,summer,1.0,0.0,0.866025,0.5,summer_dawn
1676441_clip007_s000,resources/site_257_bowra-dry-a/downloaded_clips/site_257_item_1676441/site_257_item_1676441_clip_007.webm,84.822,96.34,11.517,dawn,summer,1.0,0.0,0.866025,0.5,summer_dawn
1677668_clip003_s000,resources/site_257_bowra-dry-a/downloaded_clips/site_257_item_1677668/site_257_item_1677668_clip_003.webm,165.907,178.561,12.655,dawn,summer,1.0,0.0,0.5,0.866025,summer_dawn
1677668_clip003_s001,resources/site_257_bowra-dry-a/downloaded_clips/site_257_item_1677668/site_257_item_1677668_clip_003.webm,274.367,287.184,12.817,dawn,summer,1.0,0.0,0.5,0.866025,summer_dawn
1677668_clip006_s000,resources/site_257_bowra-dry-a/downloaded_clips/site_257_item_1677668/site_257_item_1677668_clip_006.webm,257.788,269.189,11.401,dawn,summer,1.0,0.0,0.5,0.866025,summer_dawn
1677668_clip009_s000,resources/site_257_bowra-dry-a/downloaded_clips/site_257_item_1677668/site_257_item_1677668_clip_009.webm,79.273,94.97,15.697,dawn,summer,1.0,0.0,0.5,0.866025,summer_dawn
1677668_clip012_s000,resources/site_257_bowra-dry-a/downloaded_clips/site_257_item_1677668/site_257_item_1677668_clip_012.webm,117.563,131.541,13.978,dawn,summer,1.0,0.0,0.5,0.866025,summer_dawn
1677668_clip013_s000,resources/site_257_bowra-dry-a/downloaded_clips/site_257_item_1677668/site_257_item_1677668_clip_013.webm,94.482,105.465,10.983,dawn,summer,1.0,0.0,0.5,0.866025,summer_dawn
1677668_clip017_s000,resources/site_257_bowra-dry-a/downloaded_clips/site_257_item_1677668/site_257_item_1677668_clip_017.webm,115.45,129.265,13.816,dawn,summer,1.0,0.0,0.5,0.866025,summer_dawn
1677668_clip017_s001,resources/site_257_bowra-dry-a/downloaded_clips/site_257_item_1677668/site_257_item_1677668_clip_017.webm,149.397,161.472,12.074,dawn,summer,1.0,0.0,0.5,0.866025,summer_dawn
1677668_clip019_s000,resources/site_257_bowra-dry-a/downloaded_clips/site_257_item_1677668/site_257_item_1677668_clip_019.webm,37.314,49.714,12.399,dawn,summer,1.0,0.0,0.5,0.866025,summer_dawn
1679394_clip021_s000,resources/site_257_bowra-dry-a/downloaded_clips/site_257_item_1679394/site_257_item_1679394_clip_021.webm,104.676,114.892,10.217,dawn,summer,1.0,0.0,0.866025,0.5,summer_dawn
1679394_clip023_s000,resources/site_257_bowra-dry-a/downloaded_clips/site_257_item_1679394/site_257_item_1679394_clip_023.webm,239.444,251.333,11.889,dawn,summer,1.0,0.0,0.866025,0.5,summer_dawn
1680188_clip001_s000,resources/site_257_bowra-dry-a/downloaded_clips/site_257_item_1680188/site_257_item_1680188_clip_001.webm,33.808,45.372,11.564,dawn,summer,1.0,0.0,0.5,0.866025,summer_dawn
1680188_clip001_s001,resources/site_257_bowra-dry-a/downloaded_clips/site_257_item_1680188/site_257_item_1680188_clip_001.webm,183.484,198.206,14.721,dawn,summer,1.0,0.0,0.5,0.866025,summer_dawn
1680188_clip001_s002,resources/site_257_bowra-dry-a/downloaded_clips/site_257_item_1680188/site_257_item_1680188_clip_001.webm,203.221,213.345,10.124,dawn,summer,1.0,0.0,0.5,0.866025,summer_dawn
1680188_clip002_s000,resources/site_257_bowra-dry-a/downloaded_clips/site_257_item_1680188/site_257_item_1680188_clip_002.webm,106.185,116.82,10.635,dawn,summer,1.0,0.0,0.5,0.866025,summer_dawn
1680188_clip002_s001,resources/site_257_bowra-dry-a/downloaded_clips/site_257_item_1680188/site_257_item_1680188_clip_002.webm,225.652,237.772,12.121,dawn,summer,1.0,0.0,0.5,0.866025,summer_dawn
1680188_clip002_s002,resources/site_257_bowra-dry-a/downloaded_clips/site_257_item_1680188/site_257_item_1680188_clip_002.webm,239.653,249.684,10.031,dawn,summer,1.0,0.0,0.5,0.866025,summer_dawn
1680188_clip006_s000,resources/site_257_bowra-dry-a/downloaded_clips/site_257_item_1680188/site_257_item_1680188_clip_006.webm,7.57,18.437,10.867,dawn,summer,1.0,0.0,0.5,0.866025,summer_dawn
1680188_clip006_s001,resources/site_257_bowra-dry-a/downloaded_clips/site_257_item_1680188/site_257_item_1680188_clip_006.webm,241.65,257.556,15.906,dawn,summer,1.0,0.0,0.5,0.866025,summer_dawn
1680188_clip006_s002,resources/site_257_bowra-dry-a/downloaded_clips/site_257_item_1680188/site_257_item_1680188_clip_006.webm,282.331,300.025,17.694,dawn,summer,1.0,0.0,0.5,0.866025,summer_dawn
1680188_clip007_s000,resources/site_257_bowra-dry-a/downloaded_clips/site_257_item_1680188/site_257_item_1680188_clip_007.webm,17.461,30.186,12.725,dawn,summer,1.0,0.0,0.5,0.866025,summer_dawn
1680188_clip007_s001,resources/site_257_bowra-dry-a/downloaded_clips/site_257_item_1680188/site_257_item_1680188_clip_007.webm,94.528,104.606,10.077,dawn,summer,1.0,0.0,0.5,0.866025,summer_dawn
1680188_clip010_s000,resources/site_257_bowra-dry-a/downloaded_clips/site_257_item_1680188/site_257_item_1680188_clip_010.webm,4.11,19.528,15.418,dawn,summer,1.0,0.0,0.5,0.866025,summer_dawn
1680188_clip011_s000,resources/site_257_bowra-dry-a/downloaded_clips/site_257_item_1680188/site_257_item_1680188_clip_011.webm,186.247,199.018,12.771,dawn,summer,1.0,0.0,0.5,0.866025,summer_dawn
1680188_clip013_s000,resources/site_257_bowra-dry-a/downloaded_clips/site_257_item_1680188/site_257_item_1680188_clip_013.webm,21.502,34.482,12.98,dawn,summer,1.0,0.0,0.5,0.866025,summer_dawn
1680188_clip013_s001,resources/site_257_bowra-dry-a/downloaded_clips/site_257_item_1680188/site_257_item_1680188_clip_013.webm,87.191,98.871,11.68,dawn,summer,1.0,0.0,0.5,0.866025,summer_dawn
1680188_clip015_s000,resources/site_257_bowra-dry-a/downloaded_clips/site_257_item_1680188/site_257_item_1680188_clip_015.webm,61.835,72.887,11.053,dawn,summer,1.0,0.0,0.5,0.866025,summer_dawn
1680188_clip015_s001,resources/site_257_bowra-dry-a/downloaded_clips/site_257_item_1680188/site_257_item_1680188_clip_015.webm,253.353,268.771,15.418,dawn,summer,1.0,0.0,0.5,0.866025,summer_dawn
1680188_clip016_s000,resources/site_257_bowra-dry-a/downloaded_clips/site_257_item_1680188/site_257_item_1680188_clip_016.webm,22.779,33.739,10.96,dawn,summer,1.0,0.0,0.5,0.866025,summer_dawn
1680188_clip016_s001,resources/site_257_bowra-dry-a/downloaded_clips/site_257_item_1680188/site_257_item_1680188_clip_016.webm,68.778,79.482,10.704,dawn,summer,1.0,0.0,0.5,0.866025,summer_dawn
1680188_clip016_s002,resources/site_257_bowra-dry-a/downloaded_clips/site_257_item_1680188/site_257_item_1680188_clip_016.webm,157.756,171.712,13.955,dawn,summer,1.0,0.0,0.5,0.866025,summer_dawn
1680188_clip017_s000,resources/site_257_bowra-dry-a/downloaded_clips/site_257_item_1680188/site_257_item_1680188_clip_017.webm,4.481,21.85,17.369,dawn,summer,1.0,0.0,0.5,0.866025,summer_dawn
1680188_clip017_s001,resources/site_257_bowra-dry-a/downloaded_clips/site_257_item_1680188/site_257_item_1680188_clip_017.webm,186.874,198.345,11.471,dawn,summer,1.0,0.0,0.5,0.866025,summer_dawn
1680188_clip018_s000,resources/site_257_bowra-dry-a/downloaded_clips/site_257_item_1680188/site_257_item_1680188_clip_018.webm,143.523,156.154,12.632,dawn,summer,1.0,0.0,0.5,0.866025,summer_dawn
1680188_clip018_s001,resources/site_257_bowra-dry-a/downloaded_clips/site_257_item_1680188/site_257_item_1680188_clip_018.webm,160.078,172.385,12.307,dawn,summer,1.0,0.0,0.5,0.866025,summer_dawn
1680188_clip018_s002,resources/site_257_bowra-dry-a/downloaded_clips/site_257_item_1680188/site_257_item_1680188_clip_018.webm,210.768,234.429,23.661,dawn,summer,1.0,0.0,0.5,0.866025,summer_dawn
1680188_clip018_s003,resources/site_257_bowra-dry-a/downloaded_clips/site_257_item_1680188/site_257_item_1680188_clip_018.webm,251.008,261.828,10.82,dawn,summer,1.0,0.0,0.5,0.866025,summer_dawn
1680188_clip018_s004,resources/site_257_bowra-dry-a/downloaded_clips/site_257_item_1680188/site_257_item_1680188_clip_018.webm,267.401,282.657,15.256,dawn,summer,1.0,0.0,0.5,0.866025,summer_dawn
1680188_clip019_s000,resources/site_257_bowra-dry-a/downloaded_clips/site_257_item_1680188/site_257_item_1680188_clip_019.webm,135.79,147.4,11.61,dawn,summer,1.0,0.0,0.5,0.866025,summer_dawn
1680188_clip019_s001,resources/site_257_bowra-dry-a/downloaded_clips/site_257_item_1680188/site_257_item_1680188_clip_019.webm,161.982,174.521,12.539,dawn,summer,1.0,0.0,0.5,0.866025,summer_dawn
1680188_clip024_s000,resources/site_257_bowra-dry-a/downloaded_clips/site_257_item_1680188/site_257_item_1680188_clip_024.webm,254.7,266.449,11.749,dawn,summer,1.0,0.0,0.5,0.866025,summer_dawn
215111_clip003_s000,resources/site_257_bowra-dry-a/downloaded_clips/site_257_item_215111/site_257_item_215111_clip_003.webm,179.653,191.774,12.121,dawn,summer,1.0,0.0,-0.0,1.0,summer_dawn
215467_clip001_s000,resources/site_257_bowra-dry-a/downloaded_clips/site_257_item_215467/site_257_item_215467_clip_001.webm,100.032,112.315,12.283,dawn,summer,1.0,0.0,0.5,0.866025,summer_dawn
215467_clip001_s001,resources/site_257_bowra-dry-a/downloaded_clips/site_257_item_215467/site_257_item_215467_clip_001.webm,138.275,151.069,12.794,dawn,summer,1.0,0.0,0.5,0.866025,summer_dawn
215467_clip007_s000,resources/site_257_bowra-dry-a/downloaded_clips/site_257_item_215467/site_257_item_215467_clip_007.webm,137.509,148.677,11.169,dawn,summer,1.0,0.0,0.5,0.866025,summer_dawn
215467_clip010_s000,resources/site_257_bowra-dry-a/downloaded_clips/site_257_item_215467/site_257_item_215467_clip_010.webm,222.935,235.125,12.19,dawn,summer,1.0,0.0,0.5,0.866025,summer_dawn
215467_clip011_s000,resources/site_257_bowra-dry-a/downloaded_clips/site_257_item_215467/site_257_item_215467_clip_011.webm,89.536,103.027,13.491,dawn,summer,1.0,0.0,0.5,0.866025,summer_dawn
215467_clip011_s001,resources/site_257_bowra-dry-a/downloaded_clips/site_257_item_215467/site_257_item_215467_clip_011.webm,126.131,136.742,10.612,dawn,summer,1.0,0.0,0.5,0.866025,summer_dawn
215467_clip012_s000,resources/site_257_bowra-dry-a/downloaded_clips/site_257_item_215467/site_257_item_215467_clip_012.webm,142.617,154.575,11.958,dawn,summer,1.0,0.0,0.5,0.866025,summer_dawn
215467_clip012_s001,resources/site_257_bowra-dry-a/downloaded_clips/site_257_item_215467/site_257_item_215467_clip_012.webm,241.511,251.774,10.263,dawn,summer,1.0,0.0,0.5,0.866025,summer_dawn
215467_clip013_s000,resources/site_257_bowra-dry-a/downloaded_clips/site_257_item_215467/site_257_item_215467_clip_013.webm,177.772,188.685,10.913,dawn,summer,1.0,0.0,0.5,0.866025,summer_dawn
215467_clip015_s000,resources/site_257_bowra-dry-a/downloaded_clips/site_257_item_215467/site_257_item_215467_clip_015.webm,116.03,126.34,10.31,dawn,summer,1.0,0.0,0.5,0.866025,summer_dawn
215467_clip016_s000,resources/site_257_bowra-dry-a/downloaded_clips/site_257_item_215467/site_257_item_215467_clip_016.webm,64.737,77.531,12.794,dawn,summer,1.0,0.0,0.5,0.866025,summer_dawn
215467_clip017_s000,resources/site_257_bowra-dry-a/downloaded_clips/site_257_item_215467/site_257_item_215467_clip_017.webm,277.525,289.135,11.61,dawn,summer,1.0,0.0,0.5,0.866025,summer_dawn
215467_clip018_s000,resources/site_257_bowra-dry-a/downloaded_clips/site_257_item_215467/site_257_item_215467_clip_018.webm,169.622,185.249,15.627,dawn,summer,1.0,0.0,0.5,0.866025,summer_dawn
215467_clip020_s000,resources/site_257_bowra-dry-a/downloaded_clips/site_257_item_215467/site_257_item_215467_clip_020.webm,27.818,39.753,11.935,dawn,summer,1.0,0.0,0.5,0.866025,summer_dawn
215467_clip020_s001,resources/site_257_bowra-dry-a/downloaded_clips/site_257_item_215467/site_257_item_215467_clip_020.webm,52.57,64.226,11.656,dawn,summer,1.0,0.0,0.5,0.866025,summer_dawn
215467_clip021_s000,resources/site_257_bowra-dry-a/downloaded_clips/site_257_item_215467/site_257_item_215467_clip_021.webm,71.773,83.708,11.935,dawn,summer,1.0,0.0,0.5,0.866025,summer_dawn
215467_clip021_s001,resources/site_257_bowra-dry-a/downloaded_clips/site_257_item_215467/site_257_item_215467_clip_021.webm,102.354,114.59,12.237,dawn,summer,1.0,0.0,0.5,0.866025,summer_dawn
215467_clip021_s002,resources/site_257_bowra-dry-a/downloaded_clips/site_257_item_215467/site_257_item_215467_clip_021.webm,127.779,138.066,10.286,dawn,summer,1.0,0.0,0.5,0.866025,summer_dawn
215467_clip021_s003,resources/site_257_bowra-dry-a/downloaded_clips/site_257_item_215467/site_257_item_215467_clip_021.webm,224.212,239.63,15.418,dawn,summer,1.0,0.0,0.5,0.866025,summer_dawn
215467_clip021_s004,resources/site_257_bowra-dry-a/downloaded_clips/site_257_item_215467/site_257_item_215467_clip_021.webm,261.526,272.672,11.146,dawn,summer,1.0,0.0,0.5,0.866025,summer_dawn
215467_clip022_s000,resources/site_257_bowra-dry-a/downloaded_clips/site_257_item_215467/site_257_item_215467_clip_022.webm,195.884,214.645,18.762,dawn,summer,1.0,0.0,0.5,0.866025,summer_dawn
215467_clip024_s000,resources/site_257_bowra-dry-a/downloaded_clips/site_257_item_215467/site_257_item_215467_clip_024.webm,33.506,44.257,10.751,dawn,summer,1.0,0.0,0.5,0.866025,summer_dawn
215467_clip024_s001,resources/site_257_bowra-dry-a/downloaded_clips/site_257_item_215467/site_257_item_215467_clip_024.webm,245.528,256.952,11.424,dawn,summer,1.0,0.0,0.5,0.866025,summer_dawn
215730_clip011_s000,resources/site_257_bowra-dry-a/downloaded_clips/site_257_item_215730/site_257_item_215730_clip_011.webm,271.581,281.867,10.286,dawn,summer,1.0,0.0,0.866025,0.5,summer_dawn
215730_clip021_s000,resources/site_257_bowra-dry-a/downloaded_clips/site_257_item_215730/site_257_item_215730_clip_021.webm,173.151,184.25,11.099,dawn,summer,1.0,0.0,0.866025,0.5,summer_dawn
215903_clip005_s000,resources/site_257_bowra-dry-a/downloaded_clips/site_257_item_215903/site_257_item_215903_clip_005.webm,13.653,26.192,12.539,dawn,summer,1.0,0.0,0.866025,0.5,summer_dawn
215120_clip003_s000,resources/site_257_bowra-dry-a/downloaded_clips/site_257_item_215120/site_257_item_215120_clip_003.webm,201.201,212.323,11.122,dawn,summer,1.0,0.0,-0.0,1.0,summer_dawn
215120_clip003_s001,resources/site_257_bowra-dry-a/downloaded_clips/site_257_item_215120/site_257_item_215120_clip_003.webm,277.084,288.345,11.262,dawn,summer,1.0,0.0,-0.0,1.0,summer_dawn
215120_clip020_s000,resources/site_257_bowra-dry-a/downloaded_clips/site_257_item_215120/site_257_item_215120_clip_020.webm,99.149,110.272,11.122,dawn,summer,1.0,0.0,-0.0,1.0,summer_dawn
215312_clip001_s000,resources/site_257_bowra-dry-a/downloaded_clips/site_257_item_215312/site_257_item_215312_clip_001.webm,111.642,122.81,11.169,dawn,summer,1.0,0.0,-0.0,1.0,summer_dawn
215312_clip002_s000,resources/site_257_bowra-dry-a/downloaded_clips/site_257_item_215312/site_257_item_215312_clip_002.webm,54.195,68.081,13.886,dawn,summer,1.0,0.0,-0.0,1.0,summer_dawn
215312_clip002_s001,resources/site_257_bowra-dry-a/downloaded_clips/site_257_item_215312/site_257_item_215312_clip_002.webm,132.981,143.523,10.542,dawn,summer,1.0,0.0,-0.0,1.0,summer_dawn
215312_clip005_s000,resources/site_257_bowra-dry-a/downloaded_clips/site_257_item_215312/site_257_item_215312_clip_005.webm,36.061,48.321,12.26,dawn,summer,1.0,0.0,-0.0,1.0,summer_dawn
215312_clip005_s001,resources/site_257_bowra-dry-a/downloaded_clips/site_257_item_215312/site_257_item_215312_clip_005.webm,239.212,255.28,16.068,dawn,summer,1.0,0.0,-0.0,1.0,summer_dawn
215312_clip007_s000,resources/site_257_bowra-dry-a/downloaded_clips/site_257_item_215312/site_257_item_215312_clip_007.webm,123.623,136.835,13.212,dawn,summer,1.0,0.0,-0.0,1.0,summer_dawn
215312_clip007_s001,resources/site_257_bowra-dry-a/downloaded_clips/site_257_item_215312/site_257_item_215312_clip_007.webm,202.919,214.204,11.285,dawn,summer,1.0,0.0,-0.0,1.0,summer_dawn
215312_clip009_s000,resources/site_257_bowra-dry-a/downloaded_clips/site_257_item_215312/site_257_item_215312_clip_009.webm,161.216,171.688,10.472,dawn,summer,1.0,0.0,-0.0,1.0,summer_dawn
215312_clip009_s001,resources/site_257_bowra-dry-a/downloaded_clips/site_257_item_215312/site_257_item_215312_clip_009.webm,234.22,248.988,14.768,dawn,summer,1.0,0.0,-0.0,1.0,summer_dawn
215312_clip011_s000,resources/site_257_bowra-dry-a/downloaded_clips/site_257_item_215312/site_257_item_215312_clip_011.webm,24.149,34.18,10.031,dawn,summer,1.0,0.0,-0.0,1.0,summer_dawn
215312_clip012_s000,resources/site_257_bowra-dry-a/downloaded_clips/site_257_item_215312/site_257_item_215312_clip_012.webm,71.239,82.454,11.215,dawn,summer,1.0,0.0,-0.0,1.0,summer_dawn
215312_clip013_s000,resources/site_257_bowra-dry-a/downloaded_clips/site_257_item_215312/site_257_item_215312_clip_013.webm,13.584,23.638,10.054,dawn,summer,1.0,0.0,-0.0,1.0,summer_dawn
215312_clip013_s001,resources/site_257_bowra-dry-a/downloaded_clips/site_257_item_215312/site_257_item_215312_clip_013.webm,102.423,113.638,11.215,dawn,summer,1.0,0.0,-0.0,1.0,summer_dawn
215312_clip013_s002,resources/site_257_bowra-dry-a/downloaded_clips/site_257_item_215312/site_257_item_215312_clip_013.webm,125.063,135.326,10.263,dawn,summer,1.0,0.0,-0.0,1.0,summer_dawn
215312_clip014_s000,resources/site_257_bowra-dry-a/downloaded_clips/site_257_item_215312/site_257_item_215312_clip_014.webm,208.213,220.706,12.492,dawn,summer,1.0,0.0,-0.0,1.0,summer_dawn
215312_clip015_s000,resources/site_257_bowra-dry-a/downloaded_clips/site_257_item_215312/site_257_item_215312_clip_015.webm,49.621,61.51,11.889,dawn,summer,1.0,0.0,-0.0,1.0,summer_dawn
215312_clip021_s000,resources/site_257_bowra-dry-a/downloaded_clips/site_257_item_215312/site_257_item_215312_clip_021.webm,133.12,145.218,12.098,dawn,summer,1.0,0.0,-0.0,1.0,summer_dawn
215438_clip002_s000,resources/site_257_bowra-dry-a/downloaded_clips/site_257_item_215438/site_257_item_215438_clip_002.webm,177.006,187.919,10.913,dawn,summer,1.0,0.0,0.5,0.866025,summer_dawn
215438_clip003_s000,resources/site_257_bowra-dry-a/downloaded_clips/site_257_item_215438/site_257_item_215438_clip_003.webm,279.847,294.661,14.814,dawn,summer,1.0,0.0,0.5,0.866025,summer_dawn
215438_clip005_s000,resources/site_257_bowra-dry-a/downloaded_clips/site_257_item_215438/site_257_item_215438_clip_005.webm,236.031,248.361,12.33,dawn,summer,1.0,0.0,0.5,0.866025,summer_dawn
215438_clip007_s000,resources/site_257_bowra-dry-a/downloaded_clips/site_257_item_215438/site_257_item_215438_clip_007.webm,280.335,293.198,12.864,dawn,summer,1.0,0.0,0.5,0.866025,summer_dawn
215438_clip008_s000,resources/site_257_bowra-dry-a/downloaded_clips/site_257_item_215438/site_257_item_215438_clip_008.webm,108.251,119.467,11.215,dawn,summer,1.0,0.0,0.5,0.866025,summer_dawn
215438_clip008_s001,resources/site_257_bowra-dry-a/downloaded_clips/site_257_item_215438/site_257_item_215438_clip_008.webm,169.761,181.812,12.051,dawn,summer,1.0,0.0,0.5,0.866025,summer_dawn
215438_clip009_s000,resources/site_257_bowra-dry-a/downloaded_clips/site_257_item_215438/site_257_item_215438_clip_009.webm,5.271,15.418,10.147,dawn,summer,1.0,0.0,0.5,0.866025,summer_dawn
215438_clip009_s001,resources/site_257_bowra-dry-a/downloaded_clips/site_257_item_215438/site_257_item_215438_clip_009.webm,272.44,284.607,12.167,dawn,summer,1.0,0.0,0.5,0.866025,summer_dawn
215438_clip010_s000,resources/site_257_bowra-dry-a/downloaded_clips/site_257_item_215438/site_257_item_215438_clip_010.webm,60.442,71.123,10.681,dawn,summer,1.0,0.0,0.5,0.866025,summer_dawn
215438_clip011_s000,resources/site_257_bowra-dry-a/downloaded_clips/site_257_item_215438/site_257_item_215438_clip_011.webm,44.815,59.072,14.257,dawn,summer,1.0,0.0,0.5,0.866025,summer_dawn
215438_clip015_s000,resources/site_257_bowra-dry-a/downloaded_clips/site_257_item_215438/site_257_item_215438_clip_015.webm,104.42,116.146,11.726,dawn,summer,1.0,0.0,0.5,0.866025,summer_dawn
215438_clip023_s000,resources/site_257_bowra-dry-a/downloaded_clips/site_257_item_215438/site_257_item_215438_clip_023.webm,207.076,218.151,11.076,dawn,summer,1.0,0.0,0.5,0.866025,summer_dawn
215466_clip002_s000,resources/site_257_bowra-dry-a/downloaded_clips/site_257_item_215466/site_257_item_215466_clip_002.webm,91.185,104.908,13.723,dawn,summer,0.866025,0.5,0.5,0.866025,summer_dawn
215466_clip002_s001,resources/site_257_bowra-dry-a/downloaded_clips/site_257_item_215466/site_257_item_215466_clip_002.webm,121.069,136.975,15.906,dawn,summer,0.866025,0.5,0.5,0.866025,summer_dawn
215466_clip003_s000,resources/site_257_bowra-dry-a/downloaded_clips/site_257_item_215466/site_257_item_215466_clip_003.webm,119.467,132.772,13.305,dawn,summer,0.866025,0.5,0.5,0.866025,summer_dawn
215466_clip005_s000,resources/site_257_bowra-dry-a/downloaded_clips/site_257_item_215466/site_257_item_215466_clip_005.webm,130.937,143.29,12.353,dawn,summer,0.866025,0.5,0.5,0.866025,summer_dawn
215466_clip005_s001,resources/site_257_bowra-dry-a/downloaded_clips/site_257_item_215466/site_257_item_215466_clip_005.webm,193.422,205.938,12.516,dawn,summer,0.866025,0.5,0.5,0.866025,summer_dawn
215466_clip007_s000,resources/site_257_bowra-dry-a/downloaded_clips/site_257_item_215466/site_257_item_215466_clip_007.webm,200.713,212.114,11.401,dawn,summer,0.866025,0.5,0.5,0.866025,summer_dawn
215466_clip013_s000,resources/site_257_bowra-dry-a/downloaded_clips/site_257_item_215466/site_257_item_215466_clip_013.webm,42.887,56.053,13.166,dawn,summer,0.866025,0.5,0.5,0.866025,summer_dawn
215466_clip018_s000,resources/site_257_bowra-dry-a/downloaded_clips/site_257_item_215466/site_257_item_215466_clip_018.webm,101.587,114.498,12.91,dawn,summer,0.866025,0.5,0.5,0.866025,summer_dawn
215466_clip021_s000,resources/site_257_bowra-dry-a/downloaded_clips/site_257_item_215466/site_257_item_215466_clip_021.webm,143.894,159.916,16.022,dawn,summer,0.866025,0.5,0.5,0.866025,summer_dawn
215466_clip021_s001,resources/site_257_bowra-dry-a/downloaded_clips/site_257_item_215466/site_257_item_215466_clip_021.webm,222.958,235.265,12.307,dawn,summer,0.866025,0.5,0.5,0.866025,summer_dawn
215466_clip024_s000,resources/site_257_bowra-dry-a/downloaded_clips/site_257_item_215466/site_257_item_215466_clip_024.webm,119.443,130.891,11.447,dawn,summer,0.866025,0.5,0.5,0.866025,summer_dawn
215528_clip001_s000,resources/site_257_bowra-dry-a/downloaded_clips/site_257_item_215528/site_257_item_215528_clip_001.webm,182.23,192.865,10.635,dawn,summer,1.0,0.0,0.5,0.866025,summer_dawn
215528_clip005_s000,resources/site_257_bowra-dry-a/downloaded_clips/site_257_item_215528/site_257_item_215528_clip_005.webm,29.722,40.356,10.635,dawn,summer,1.0,0.0,0.5,0.866025,summer_dawn
215528_clip020_s000,resources/site_257_bowra-dry-a/downloaded_clips/site_257_item_215528/site_257_item_215528_clip_020.webm,281.774,292.386,10.612,dawn,summer,1.0,0.0,0.5,0.866025,summer_dawn
215528_clip021_s000,resources/site_257_bowra-dry-a/downloaded_clips/site_257_item_215528/site_257_item_215528_clip_021.webm,259.576,269.63,10.054,dawn,summer,1.0,0.0,0.5,0.866025,summer_dawn
215622_clip001_s000,resources/site_257_bowra-dry-a/downloaded_clips/site_257_item_215622/site_257_item_215622_clip_001.webm,156.851,167.741,10.89,dawn,summer,1.0,0.0,0.5,0.866025,summer_dawn
215622_clip002_s000,resources/site_257_bowra-dry-a/downloaded_clips/site_257_item_215622/site_257_item_215622_clip_002.webm,65.434,79.134,13.7,dawn,summer,1.0,0.0,0.5,0.866025,summer_dawn
215622_clip003_s000,resources/site_257_bowra-dry-a/downloaded_clips/site_257_item_215622/site_257_item_215622_clip_003.webm,126.224,137.462,11.238,dawn,summer,1.0,0.0,0.5,0.866025,summer_dawn
215622_clip005_s000,resources/site_257_bowra-dry-a/downloaded_clips/site_257_item_215622/site_257_item_215622_clip_005.webm,25.588,35.805,10.217,dawn,summer,1.0,0.0,0.5,0.866025,summer_dawn
215622_clip006_s000,resources/site_257_bowra-dry-a/downloaded_clips/site_257_item_215622/site_257_item_215622_clip_006.webm,194.281,206.843,12.562,dawn,summer,1.0,0.0,0.5,0.866025,summer_dawn
215622_clip007_s000,resources/site_257_bowra-dry-a/downloaded_clips/site_257_item_215622/site_257_item_215622_clip_007.webm,248.245,260.18,11.935,dawn,summer,1.0,0.0,0.5,0.866025,summer_dawn
215622_clip010_s000,resources/site_257_bowra-dry-a/downloaded_clips/site_257_item_215622/site_257_item_215622_clip_010.webm,172.455,184.436,11.981,dawn,summer,1.0,0.0,0.5,0.866025,summer_dawn
215622_clip012_s000,resources/site_257_bowra-dry-a/downloaded_clips/site_257_item_215622/site_257_item_215622_clip_012.webm,269.119,280.079,10.96,dawn,summer,1.0,0.0,0.5,0.866025,summer_dawn
215622_clip020_s000,resources/site_257_bowra-dry-a/downloaded_clips/site_257_item_215622/site_257_item_215622_clip_020.webm,12.98,26.819,13.839,dawn,summer,1.0,0.0,0.5,0.866025,summer_dawn
215622_clip020_s001,resources/site_257_bowra-dry-a/downloaded_clips/site_257_item_215622/site_257_item_215622_clip_020.webm,246.642,260.156,13.514,dawn,summer,1.0,0.0,0.5,0.866025,summer_dawn
215622_clip024_s000,resources/site_257_bowra-dry-a/downloaded_clips/site_257_item_215622/site_257_item_215622_clip_024.webm,109.157,122.253,13.096,dawn,summer,1.0,0.0,0.5,0.866025,summer_dawn
215876_clip003_s000,resources/site_257_bowra-dry-a/downloaded_clips/site_257_item_215876/site_257_item_215876_clip_003.webm,254.096,266.286,12.19,dawn,summer,1.0,0.0,0.866025,0.5,summer_dawn
215891_clip023_s000,resources/site_257_bowra-dry-a/downloaded_clips/site_257_item_215891/site_257_item_215891_clip_023.webm,184.483,196.905,12.423,dawn,summer,1.0,0.0,0.866025,0.5,summer_dawn
215923_clip010_s000,resources/site_257_bowra-dry-a/downloaded_clips/site_257_item_215923/site_257_item_215923_clip_010.webm,150.465,160.961,10.495,dawn,summer,1.0,0.0,0.866025,0.5,summer_dawn
215923_clip010_s001,resources/site_257_bowra-dry-a/downloaded_clips/site_257_item_215923/site_257_item_215923_clip_010.webm,246.039,256.673,10.635,dawn,summer,1.0,0.0,0.866025,0.5,summer_dawn
215923_clip014_s000,resources/site_257_bowra-dry-a/downloaded_clips/site_257_item_215923/site_257_item_215923_clip_014.webm,88.84,99.01,10.17,dawn,summer,1.0,0.0,0.866025,0.5,summer_dawn
215923_clip014_s001,resources/site_257_bowra-dry-a/downloaded_clips/site_257_item_215923/site_257_item_215923_clip_014.webm,269.235,280.985,11.749,dawn,summer,1.0,0.0,0.866025,0.5,summer_dawn
215923_clip021_s000,resources/site_257_bowra-dry-a/downloaded_clips/site_257_item_215923/site_257_item_215923_clip_021.webm,70.171,84.335,14.164,dawn,summer,1.0,0.0,0.866025,0.5,summer_dawn
215923_clip021_s001,resources/site_257_bowra-dry-a/downloaded_clips/site_257_item_215923/site_257_item_215923_clip_021.webm,174.382,188.035,13.653,dawn,summer,1.0,0.0,0.866025,0.5,summer_dawn
215923_clip023_s000,resources/site_257_bowra-dry-a/downloaded_clips/site_257_item_215923/site_257_item_215923_clip_023.webm,265.311,283.376,18.065,dawn,summer,1.0,0.0,0.866025,0.5,summer_dawn
215923_clip024_s000,resources/site_257_bowra-dry-a/downloaded_clips/site_257_item_215923/site_257_item_215923_clip_024.webm,106.208,120.21,14.002,dawn,summer,1.0,0.0,0.866025,0.5,summer_dawn
1401168_clip022_s000,resources/site_257_bowra-dry-a/downloaded_clips/site_257_item_1401168/site_257_item_1401168_clip_022.webm,237.378,250.799,13.421,dawn,summer,0.866025,0.5,0.5,0.866025,summer_dawn
1401168_clip022_s001,resources/site_257_bowra-dry-a/downloaded_clips/site_257_item_1401168/site_257_item_1401168_clip_022.webm,261.921,271.952,10.031,dawn,summer,0.866025,0.5,0.5,0.866025,summer_dawn
1402266_clip001_s000,resources/site_257_bowra-dry-a/downloaded_clips/site_257_item_1402266/site_257_item_1402266_clip_001.webm,71.262,81.386,10.124,dawn,summer,0.866025,0.5,-0.0,1.0,summer_dawn
1402714_clip004_s000,resources/site_257_bowra-dry-a/downloaded_clips/site_257_item_1402714/site_257_item_1402714_clip_004.webm,163.283,175.589,12.307,dawn,summer,1.0,0.0,0.5,0.866025,summer_dawn
1401235_clip001_s000,resources/site_257_bowra-dry-a/downloaded_clips/site_257_item_1401235/site_257_item_1401235_clip_001.webm,145.241,156.549,11.308,dawn,summer,0.965926,0.258819,0.866025,0.5,summer_dawn
1401235_clip001_s001,resources/site_257_bowra-dry-a/downloaded_clips/site_257_item_1401235/site_257_item_1401235_clip_001.webm,261.921,272.138,10.217,dawn,summer,0.965926,0.258819,0.866025,0.5,summer_dawn
1401235_clip002_s000,resources/site_257_bowra-dry-a/downloaded_clips/site_257_item_1401235/site_257_item_1401235_clip_002.webm,87.075,97.083,10.008,dawn,summer,0.965926,0.258819,0.866025,0.5,summer_dawn
1401235_clip005_s000,resources/site_257_bowra-dry-a/downloaded_clips/site_257_item_1401235/site_257_item_1401235_clip_005.webm,47.671,59.931,12.26,dawn,summer,0.965926,0.258819,0.866025,0.5,summer_dawn
1401235_clip005_s001,resources/site_257_bowra-dry-a/downloaded_clips/site_257_item_1401235/site_257_item_1401235_clip_005.webm,183.856,194.003,10.147,dawn,summer,0.965926,0.258819,0.866025,0.5,summer_dawn
1401235_clip008_s000,resources/site_257_bowra-dry-a/downloaded_clips/site_257_item_1401235/site_257_item_1401235_clip_008.webm,281.658,294.15,12.492,dawn,summer,0.965926,0.258819,0.866025,0.5,summer_dawn
1401235_clip010_s000,resources/site_257_bowra-dry-a/downloaded_clips/site_257_item_1401235/site_257_item_1401235_clip_010.webm,45.488,55.589,10.101,dawn,summer,0.965926,0.258819,0.866025,0.5,summer_dawn
1401235_clip010_s001,resources/site_257_bowra-dry-a/downloaded_clips/site_257_item_1401235/site_257_item_1401235_clip_010.webm,77.903,88.236,10.333,dawn,summer,0.965926,0.258819,0.866025,0.5,summer_dawn
1401235_clip010_s002,resources/site_257_bowra-dry-a/downloaded_clips/site_257_item_1401235/site_257_item_1401235_clip_010.webm,219.893,249.893,30.0,dawn,summer,0.965926,0.258819,0.866025,0.5,summer_dawn
1401235_clip010_s003,resources/site_257_bowra-dry-a/downloaded_clips/site_257_item_1401235/site_257_item_1401235_clip_010.webm,249.893,296.658,46.765,dawn,summer,0.965926,0.258819,0.866025,0.5,summer_dawn
1401464_clip006_s000,resources/site_257_bowra-dry-a/downloaded_clips/site_257_item_1401464/site_257_item_1401464_clip_006.webm,59.582,73.863,14.28,dawn,summer,0.965926,0.258819,0.866025,0.5,summer_dawn
1401822_clip011_s000,resources/site_257_bowra-dry-a/downloaded_clips/site_257_item_1401822/site_257_item_1401822_clip_011.webm,253.748,263.988,10.24,dawn,summer,1.0,0.0,0.866025,0.5,summer_dawn
1401822_clip020_s000,resources/site_257_bowra-dry-a/downloaded_clips/site_257_item_1401822/site_257_item_1401822_clip_020.webm,82.036,95.388,13.351,dawn,summer,1.0,0.0,0.866025,0.5,summer_dawn
1401822_clip023_s000,resources/site_257_bowra-dry-a/downloaded_clips/site_257_item_1401822/site_257_item_1401822_clip_023.webm,126.084,136.696,10.612,dawn,summer,1.0,0.0,0.866025,0.5,summer_dawn
1401822_clip024_s000,resources/site_257_bowra-dry-a/downloaded_clips/site_257_item_1401822/site_257_item_1401822_clip_024.webm,236.077,248.755,12.678,dawn,summer,1.0,0.0,0.866025,0.5,summer_dawn
1402107_clip002_s000,resources/site_257_bowra-dry-a/downloaded_clips/site_257_item_1402107/site_257_item_1402107_clip_002.webm,126.177,137.23,11.053,dawn,summer,1.0,0.0,0.866025,0.5,summer_dawn
1402107_clip004_s000,resources/site_257_bowra-dry-a/downloaded_clips/site_257_item_1402107/site_257_item_1402107_clip_004.webm,85.566,97.199,11.633,dawn,summer,1.0,0.0,0.866025,0.5,summer_dawn
1402107_clip004_s001,resources/site_257_bowra-dry-a/downloaded_clips/site_257_item_1402107/site_257_item_1402107_clip_004.webm,256.093,267.61,11.517,dawn,summer,1.0,0.0,0.866025,0.5,summer_dawn
1402107_clip009_s000,resources/site_257_bowra-dry-a/downloaded_clips/site_257_item_1402107/site_257_item_1402107_clip_009.webm,55.449,66.223,10.774,dawn,summer,1.0,0.0,0.866025,0.5,summer_dawn
1402107_clip014_s000,resources/site_257_bowra-dry-a/downloaded_clips/site_257_item_1402107/site_257_item_1402107_clip_014.webm,21.177,33.762,12.585,dawn,summer,1.0,0.0,0.866025,0.5,summer_dawn
1402107_clip014_s001,resources/site_257_bowra-dry-a/downloaded_clips/site_257_item_1402107/site_257_item_1402107_clip_014.webm,262.502,273.903,11.401,dawn,summer,1.0,0.0,0.866025,0.5,summer_dawn
1402793_clip009_s000,resources/site_257_bowra-dry-a/downloaded_clips/site_257_item_1402793/site_257_item_1402793_clip_009.webm,95.225,105.628,10.403,dawn,summer,1.0,0.0,0.5,0.866025,summer_dawn
1670118_clip006_s000,resources/site_257_bowra-dry-a/downloaded_clips/site_257_item_1670118/site_257_item_1670118_clip_006.webm,39.01,55.589,16.579,dawn,summer,1.0,0.0,0.5,0.866025,summer_dawn
1670118_clip006_s001,resources/site_257_bowra-dry-a/downloaded_clips/site_257_item_1670118/site_257_item_1670118_clip_006.webm,76.556,90.001,13.444,dawn,summer,1.0,0.0,0.5,0.866025,summer_dawn
1670118_clip006_s002,resources/site_257_bowra-dry-a/downloaded_clips/site_257_item_1670118/site_257_item_1670118_clip_006.webm,183.647,197.254,13.607,dawn,summer,1.0,0.0,0.5,0.866025,summer_dawn
1670118_clip012_s000,resources/site_257_bowra-dry-a/downloaded_clips/site_257_item_1670118/site_257_item_1670118_clip_012.webm,6.014,16.533,10.519,dawn,summer,1.0,0.0,0.5,0.866025,summer_dawn
1670118_clip012_s001,resources/site_257_bowra-dry-a/downloaded_clips/site_257_item_1670118/site_257_item_1670118_clip_012.webm,143.151,153.786,10.635,dawn,summer,1.0,0.0,0.5,0.866025,summer_dawn
1670118_clip016_s000,resources/site_257_bowra-dry-a/downloaded_clips/site_257_item_1670118/site_257_item_1670118_clip_016.webm,150.744,170.017,19.273,dawn,summer,1.0,0.0,0.5,0.866025,summer_dawn
1670118_clip020_s000,resources/site_257_bowra-dry-a/downloaded_clips/site_257_item_1670118/site_257_item_1670118_clip_020.webm,42.33,54.753,12.423,dawn,summer,1.0,0.0,0.5,0.866025,summer_dawn
1670118_clip020_s001,resources/site_257_bowra-dry-a/downloaded_clips/site_257_item_1670118/site_257_item_1670118_clip_020.webm,67.709,82.152,14.443,dawn,summer,1.0,0.0,0.5,0.866025,summer_dawn
1670118_clip023_s000,resources/site_257_bowra-dry-a/downloaded_clips/site_257_item_1670118/site_257_item_1670118_clip_023.webm,100.96,111.061,10.101,dawn,summer,1.0,0.0,0.5,0.866025,summer_dawn
1670118_clip023_s001,resources/site_257_bowra-dry-a/downloaded_clips/site_257_item_1670118/site_257_item_1670118_clip_023.webm,169.622,182.346,12.725,dawn,summer,1.0,0.0,0.5,0.866025,summer_dawn
1670118_clip024_s000,resources/site_257_bowra-dry-a/downloaded_clips/site_257_item_1670118/site_257_item_1670118_clip_024.webm,138.368,149.026,10.658,dawn,summer,1.0,0.0,0.5,0.866025,summer_dawn
1676805_clip018_s000,resources/site_257_bowra-dry-a/downloaded_clips/site_257_item_1676805/site_257_item_1676805_clip_018.webm,184.9,194.932,10.031,dawn,summer,0.866025,0.5,-0.0,1.0,summer_dawn
1677617_clip016_s000,resources/site_257_bowra-dry-a/downloaded_clips/site_257_item_1677617/site_257_item_1677617_clip_016.webm,282.564,293.059,10.495,dawn,summer,1.0,0.0,0.5,0.866025,summer_dawn
1679021_clip014_s000,resources/site_257_bowra-dry-a/downloaded_clips/site_257_item_1679021/site_257_item_1679021_clip_014.webm,9.311,21.618,12.307,dawn,summer,1.0,0.0,-0.0,1.0,summer_dawn
1679021_clip017_s000,resources/site_257_bowra-dry-a/downloaded_clips/site_257_item_1679021/site_257_item_1679021_clip_017.webm,67.013,77.044,10.031,dawn,summer,1.0,0.0,-0.0,1.0,summer_dawn
1679021_clip017_s001,resources/site_257_bowra-dry-a/downloaded_clips/site_257_item_1679021/site_257_item_1679021_clip_017.webm,252.819,269.723,16.904,dawn,summer,1.0,0.0,-0.0,1.0,summer_dawn
1679021_clip018_s000,resources/site_257_bowra-dry-a/downloaded_clips/site_257_item_1679021/site_257_item_1679021_clip_018.webm,20.085,30.325,10.24,dawn,summer,1.0,0.0,-0.0,1.0,summer_dawn
1679021_clip018_s001,resources/site_257_bowra-dry-a/downloaded_clips/site_257_item_1679021/site_257_item_1679021_clip_018.webm,30.534,42.585,12.051,dawn,summer,1.0,0.0,-0.0,1.0,summer_dawn
1679021_clip019_s000,resources/site_257_bowra-dry-a/downloaded_clips/site_257_item_1679021/site_257_item_1679021_clip_019.webm,173.151,186.944,13.793,dawn,summer,1.0,0.0,-0.0,1.0,summer_dawn
1679021_clip020_s000,resources/site_257_bowra-dry-a/downloaded_clips/site_257_item_1679021/site_257_item_1679021_clip_020.webm,34.435,45.116,10.681,dawn,summer,1.0,0.0,-0.0,1.0,summer_dawn
1679671_clip005_s000,resources/site_257_bowra-dry-a/downloaded_clips/site_257_item_1679671/site_257_item_1679671_clip_005.webm,79.575,92.74,13.166,dawn,summer,1.0,0.0,0.5,0.866025,summer_dawn
1679671_clip006_s000,resources/site_257_bowra-dry-a/downloaded_clips/site_257_item_1679671/site_257_item_1679671_clip_006.webm,160.102,179.653,19.551,dawn,summer,1.0,0.0,0.5,0.866025,summer_dawn
1679671_clip007_s000,resources/site_257_bowra-dry-a/downloaded_clips/site_257_item_1679671/site_257_item_1679671_clip_007.webm,69.683,80.643,10.96,dawn,summer,1.0,0.0,0.5,0.866025,summer_dawn
1679671_clip016_s000,resources/site_257_bowra-dry-a/downloaded_clips/site_257_item_1679671/site_257_item_1679671_clip_016.webm,195.257,208.074,12.817,dawn,summer,1.0,0.0,0.5,0.866025,summer_dawn
1679671_clip017_s000,resources/site_257_bowra-dry-a/downloaded_clips/site_257_item_1679671/site_257_item_1679671_clip_017.webm,3.762,16.231,12.469,dawn,summer,1.0,0.0,0.5,0.866025,summer_dawn
1679671_clip017_s001,resources/site_257_bowra-dry-a/downloaded_clips/site_257_item_1679671/site_257_item_1679671_clip_017.webm,158.848,169.575,10.728,dawn,summer,1.0,0.0,0.5,0.866025,summer_dawn
1679671_clip018_s000,resources/site_257_bowra-dry-a/downloaded_clips/site_257_item_1679671/site_257_item_1679671_clip_018.webm,98.615,112.477,13.862,dawn,summer,1.0,0.0,0.5,0.866025,summer_dawn
1679671_clip018_s001,resources/site_257_bowra-dry-a/downloaded_clips/site_257_item_1679671/site_257_item_1679671_clip_018.webm,157.362,170.458,13.096,dawn,summer,1.0,0.0,0.5,0.866025,summer_dawn
1679671_clip018_s002,resources/site_257_bowra-dry-a/downloaded_clips/site_257_item_1679671/site_257_item_1679671_clip_018.webm,244.111,258.74,14.629,dawn,summer,1.0,0.0,0.5,0.866025,summer_dawn
1679671_clip018_s003,resources/site_257_bowra-dry-a/downloaded_clips/site_257_item_1679671/site_257_item_1679671_clip_018.webm,276.225,300.025,23.8,dawn,summer,1.0,0.0,0.5,0.866025,summer_dawn
1679671_clip020_s000,resources/site_257_bowra-dry-a/downloaded_clips/site_257_item_1679671/site_257_item_1679671_clip_020.webm,244.483,259.831,15.348,dawn,summer,1.0,0.0,0.5,0.866025,summer_dawn
1679671_clip020_s001,resources/site_257_bowra-dry-a/downloaded_clips/site_257_item_1679671/site_257_item_1679671_clip_020.webm,268.957,279.197,10.24,dawn,summer,1.0,0.0,0.5,0.866025,summer_dawn
1679671_clip021_s000,resources/site_257_bowra-dry-a/downloaded_clips/site_257_item_1679671/site_257_item_1679671_clip_021.webm,51.85,65.898,14.048,dawn,summer,1.0,0.0,0.5,0.866025,summer_dawn
1679671_clip021_s001,resources/site_257_bowra-dry-a/downloaded_clips/site_257_item_1679671/site_257_item_1679671_clip_021.webm,67.988,83.197,15.209,dawn,summer,1.0,0.0,0.5,0.866025,summer_dawn
1679671_clip021_s002,resources/site_257_bowra-dry-a/downloaded_clips/site_257_item_1679671/site_257_item_1679671_clip_021.webm,112.385,128.012,15.627,dawn,summer,1.0,0.0,0.5,0.866025,summer_dawn
1679671_clip021_s003,resources/site_257_bowra-dry-a/downloaded_clips/site_257_item_1679671/site_257_item_1679671_clip_021.webm,180.698,196.069,15.372,dawn,summer,1.0,0.0,0.5,0.866025,summer_dawn
1679671_clip021_s004,resources/site_257_bowra-dry-a/downloaded_clips/site_257_item_1679671/site_257_item_1679671_clip_021.webm,200.11,223.794,23.684,dawn,summer,1.0,0.0,0.5,0.866025,summer_dawn
1669618_clip004_s000,resources/site_257_bowra-dry-a/downloaded_clips/site_257_item_1669618/site_257_item_1669618_clip_004.webm,131.007,141.015,10.008,dawn,summer,1.0,0.0,0.866025,0.5,summer_dawn
1669618_clip009_s000,resources/site_257_bowra-dry-a/downloaded_clips/site_257_item_1669618/site_257_item_1669618_clip_009.webm,204.614,215.713,11.099,dawn,summer,1.0,0.0,0.866025,0.5,summer_dawn
1669618_clip009_s001,resources/site_257_bowra-dry-a/downloaded_clips/site_257_item_1669618/site_257_item_1669618_clip_009.webm,243.693,256.372,12.678,dawn,summer,1.0,0.0,0.866025,0.5,summer_dawn
1669618_clip010_s000,resources/site_257_bowra-dry-a/downloaded_clips/site_257_item_1669618/site_257_item_1669618_clip_010.webm,173.291,187.222,13.932,dawn,summer,1.0,0.0,0.866025,0.5,summer_dawn
1669618_clip011_s000,resources/site_257_bowra-dry-a/downloaded_clips/site_257_item_1669618/site_257_item_1669618_clip_011.webm,159.289,171.572,12.283,dawn,summer,1.0,0.0,0.866025,0.5,summer_dawn
1669618_clip012_s000,resources/site_257_bowra-dry-a/downloaded_clips/site_257_item_1669618/site_257_item_1669618_clip_012.webm,218.151,230.388,12.237,dawn,summer,1.0,0.0,0.866025,0.5,summer_dawn
1669618_clip013_s000,resources/site_257_bowra-dry-a/downloaded_clips/site_257_item_1669618/site_257_item_1669618_clip_013.webm,112.617,124.668,12.051,dawn,summer,1.0,0.0,0.866025,0.5,summer_dawn
1669618_clip013_s001,resources/site_257_bowra-dry-a/downloaded_clips/site_257_item_1669618/site_257_item_1669618_clip_013.webm,132.191,142.756,10.565,dawn,summer,1.0,0.0,0.866025,0.5,summer_dawn
1669618_clip014_s000,resources/site_257_bowra-dry-a/downloaded_clips/site_257_item_1669618/site_257_item_1669618_clip_014.webm,59.466,75.72,16.254,dawn,summer,1.0,0.0,0.866025,0.5,summer_dawn
1669618_clip014_s001,resources/site_257_bowra-dry-a/downloaded_clips/site_257_item_1669618/site_257_item_1669618_clip_014.webm,210.675,220.706,10.031,dawn,summer,1.0,0.0,0.866025,0.5,summer_dawn
1669618_clip015_s000,resources/site_257_bowra-dry-a/downloaded_clips/site_257_item_1669618/site_257_item_1669618_clip_015.webm,159.242,175.659,16.417,dawn,summer,1.0,0.0,0.866025,0.5,summer_dawn
1669618_clip015_s001,resources/site_257_bowra-dry-a/downloaded_clips/site_257_item_1669618/site_257_item_1669618_clip_015.webm,225.303,237.935,12.632,dawn,summer,1.0,0.0,0.866025,0.5,summer_dawn
1669618_clip015_s002,resources/site_257_bowra-dry-a/downloaded_clips/site_257_item_1669618/site_257_item_1669618_clip_015.webm,285.35,296.263,10.913,dawn,summer,1.0,0.0,0.866025,0.5,summer_dawn
1669618_clip016_s000,resources/site_257_bowra-dry-a/downloaded_clips/site_257_item_1669618/site_257_item_1669618_clip_016.webm,284.886,296.031,11.146,dawn,summer,1.0,0.0,0.866025,0.5,summer_dawn
1669618_clip017_s000,resources/site_257_bowra-dry-a/downloaded_clips/site_257_item_1669618/site_257_item_1669618_clip_017.webm,70.705,83.592,12.887,dawn,summer,1.0,0.0,0.866025,0.5,summer_dawn
1669618_clip018_s000,resources/site_257_bowra-dry-a/downloaded_clips/site_257_item_1669618/site_257_item_1669618_clip_018.webm,124.296,137.625,13.328,dawn,summer,1.0,0.0,0.866025,0.5,summer_dawn
1669618_clip019_s000,resources/site_257_bowra-dry-a/downloaded_clips/site_257_item_1669618/site_257_item_1669618_clip_019.webm,254.305,269.862,15.557,dawn,summer,1.0,0.0,0.866025,0.5,summer_dawn
1669618_clip020_s000,resources/site_257_bowra-dry-a/downloaded_clips/site_257_item_1669618/site_257_item_1669618_clip_020.webm,228.345,239.421,11.076,dawn,summer,1.0,0.0,0.866025,0.5,summer_dawn
1669618_clip023_s000,resources/site_257_bowra-dry-a/downloaded_clips/site_257_item_1669618/site_257_item_1669618_clip_023.webm,173.941,183.948,10.008,dawn,summer,1.0,0.0,0.866025,0.5,summer_dawn
1669618_clip024_s000,resources/site_257_bowra-dry-a/downloaded_clips/site_257_item_1669618/site_257_item_1669618_clip_024.webm,112.942,123.971,11.029,dawn,summer,1.0,0.0,0.866025,0.5,summer_dawn
1669618_clip024_s001,resources/site_257_bowra-dry-a/downloaded_clips/site_257_item_1669618/site_257_item_1669618_clip_024.webm,247.269,260.087,12.817,dawn,summer,1.0,0.0,0.866025,0.5,summer_dawn
1670404_clip001_s000,resources/site_257_bowra-dry-a/downloaded_clips/site_257_item_1670404/site_257_item_1670404_clip_001.webm,142.199,155.411,13.212,dawn,summer,1.0,0.0,0.866025,0.5,summer_dawn
1670404_clip018_s000,resources/site_257_bowra-dry-a/downloaded_clips/site_257_item_1670404/site_257_item_1670404_clip_018.webm,42.4,55.914,13.514,dawn,summer,1.0,0.0,0.866025,0.5,summer_dawn
1670404_clip020_s000,resources/site_257_bowra-dry-a/downloaded_clips/site_257_item_1670404/site_257_item_1670404_clip_020.webm,92.508,102.516,10.008,dawn,summer,1.0,0.0,0.866025,0.5,summer_dawn
1670404_clip020_s001,resources/site_257_bowra-dry-a/downloaded_clips/site_257_item_1670404/site_257_item_1670404_clip_020.webm,175.914,186.781,10.867,dawn,summer,1.0,0.0,0.866025,0.5,summer_dawn
1670404_clip021_s000,resources/site_257_bowra-dry-a/downloaded_clips/site_257_item_1670404/site_257_item_1670404_clip_021.webm,124.32,134.56,10.24,dawn,summer,1.0,0.0,0.866025,0.5,summer_dawn
1670404_clip024_s000,resources/site_257_bowra-dry-a/downloaded_clips/site_257_item_1670404/site_257_item_1670404_clip_024.webm,279.661,290.017,10.356,dawn,summer,1.0,0.0,0.866025,0.5,summer_dawn
1679765_clip010_s000,resources/site_257_bowra-dry-a/downloaded_clips/site_257_item_1679765/site_257_item_1679765_clip_010.webm,251.217,261.224,10.008,dawn,summer,1.0,0.0,0.5,0.866025,summer_dawn
1679765_clip017_s000,resources/site_257_bowra-dry-a/downloaded_clips/site_257_item_1679765/site_257_item_1679765_clip_017.webm,112.431,124.204,11.773,dawn,summer,1.0,0.0,0.5,0.866025,summer_dawn
1679882_clip016_s000,resources/site_257_bowra-dry-a/downloaded_clips/site_257_item_1679882/site_257_item_1679882_clip_016.webm,101.657,111.967,10.31,dawn,summer,1.0,0.0,0.866025,0.5,summer_dawn
1679882_clip017_s000,resources/site_257_bowra-dry-a/downloaded_clips/site_257_item_1679882/site_257_item_1679882_clip_017.webm,128.104,139.459,11.355,dawn,summer,1.0,0.0,0.866025,0.5,summer_dawn
1679882_clip023_s000,resources/site_257_bowra-dry-a/downloaded_clips/site_257_item_1679882/site_257_item_1679882_clip_023.webm,229.343,242.602,13.259,dawn,summer,1.0,0.0,0.866025,0.5,summer_dawn
1679990_clip023_s000,resources/site_257_bowra-dry-a/downloaded_clips/site_257_item_1679990/site_257_item_1679990_clip_023.webm,95.086,106.162,11.076,dawn,summer,1.0,0.0,0.866025,0.5,summer_dawn
1401228_clip001_s000,resources/site_257_bowra-dry-a/downloaded_clips/site_257_item_1401228/site_257_item_1401228_clip_001.webm,241.905,254.63,12.725,afternoon,summer,-0.258819,-0.965926,0.866025,0.5,summer_afternoon
1401633_clip005_s000,resources/site_257_bowra-dry-a/downloaded_clips/site_257_item_1401633/site_257_item_1401633_clip_005.webm,275.946,287.974,12.028,afternoon,summer,0.0,-1.0,-0.0,1.0,summer_afternoon
1401633_clip010_s000,resources/site_257_bowra-dry-a/downloaded_clips/site_257_item_1401633/site_257_item_1401633_clip_010.webm,145.009,156.061,11.053,afternoon,summer,0.0,-1.0,-0.0,1.0,summer_afternoon
1401633_clip011_s000,resources/site_257_bowra-dry-a/downloaded_clips/site_257_item_1401633/site_257_item_1401633_clip_011.webm,74.211,86.146,11.935,afternoon,summer,0.0,-1.0,-0.0,1.0,summer_afternoon
1401701_clip012_s000,resources/site_257_bowra-dry-a/downloaded_clips/site_257_item_1401701/site_257_item_1401701_clip_012.webm,60.511,71.401,10.89,afternoon,summer,-0.5,-0.866025,0.866025,0.5,summer_afternoon
1402288_clip008_s000,resources/site_257_bowra-dry-a/downloaded_clips/site_257_item_1402288/site_257_item_1402288_clip_008.webm,18.181,29.675,11.494,afternoon,summer,-0.5,-0.866025,-0.0,1.0,summer_afternoon
1402653_clip005_s000,resources/site_257_bowra-dry-a/downloaded_clips/site_257_item_1402653/site_257_item_1402653_clip_005.webm,89.722,101.146,11.424,afternoon,summer,-0.5,-0.866025,0.5,0.866025,summer_afternoon
1402653_clip008_s000,resources/site_257_bowra-dry-a/downloaded_clips/site_257_item_1402653/site_257_item_1402653_clip_008.webm,256.952,271.279,14.327,afternoon,summer,-0.5,-0.866025,0.5,0.866025,summer_afternoon
1402653_clip011_s000,resources/site_257_bowra-dry-a/downloaded_clips/site_257_item_1402653/site_257_item_1402653_clip_011.webm,177.47,190.125,12.655,afternoon,summer,-0.5,-0.866025,0.5,0.866025,summer_afternoon
1402653_clip012_s000,resources/site_257_bowra-dry-a/downloaded_clips/site_257_item_1402653/site_257_item_1402653_clip_012.webm,7.059,21.478,14.42,afternoon,summer,-0.5,-0.866025,0.5,0.866025,summer_afternoon
1670984_clip004_s000,resources/site_257_bowra-dry-a/downloaded_clips/site_257_item_1670984/site_257_item_1670984_clip_004.webm,200.876,211.859,10.983,afternoon,summer,-0.258819,-0.965926,0.866025,0.5,summer_afternoon
1670984_clip004_s001,resources/site_257_bowra-dry-a/downloaded_clips/site_257_item_1670984/site_257_item_1670984_clip_004.webm,234.127,246.132,12.005,afternoon,summer,-0.258819,-0.965926,0.866025,0.5,summer_afternoon
1670984_clip005_s000,resources/site_257_bowra-dry-a/downloaded_clips/site_257_item_1670984/site_257_item_1670984_clip_005.webm,181.116,191.193,10.077,afternoon,summer,-0.258819,-0.965926,0.866025,0.5,summer_afternoon
1676444_clip004_s000,resources/site_257_bowra-dry-a/downloaded_clips/site_257_item_1676444/site_257_item_1676444_clip_004.webm,174.777,185.133,10.356,afternoon,summer,-0.5,-0.866025,0.866025,0.5,summer_afternoon
1676444_clip013_s000,resources/site_257_bowra-dry-a/downloaded_clips/site_257_item_1676444/site_257_item_1676444_clip_013.webm,183.925,194.839,10.913,afternoon,summer,-0.5,-0.866025,0.866025,0.5,summer_afternoon
1679219_clip004_s000,resources/site_257_bowra-dry-a/downloaded_clips/site_257_item_1679219/site_257_item_1679219_clip_004.webm,29.373,41.215,11.842,afternoon,summer,-0.5,-0.866025,0.5,0.866025,summer_afternoon
1679219_clip007_s000,resources/site_257_bowra-dry-a/downloaded_clips/site_257_item_1679219/site_257_item_1679219_clip_007.webm,189.359,199.529,10.17,afternoon,summer,-0.5,-0.866025,0.5,0.866025,summer_afternoon
1679219_clip008_s000,resources/site_257_bowra-dry-a/downloaded_clips/site_257_item_1679219/site_257_item_1679219_clip_008.webm,73.816,86.123,12.307,afternoon,summer,-0.5,-0.866025,0.5,0.866025,summer_afternoon
1679219_clip010_s000,resources/site_257_bowra-dry-a/downloaded_clips/site_257_item_1679219/site_257_item_1679219_clip_010.webm,128.29,140.434,12.144,afternoon,summer,-0.5,-0.866025,0.5,0.866025,summer_afternoon
1679219_clip021_s000,resources/site_257_bowra-dry-a/downloaded_clips/site_257_item_1679219/site_257_item_1679219_clip_021.webm,13.514,24.683,11.169,afternoon,summer,-0.5,-0.866025,0.5,0.866025,summer_afternoon
1680197_clip002_s000,resources/site_257_bowra-dry-a/downloaded_clips/site_257_item_1680197/site_257_item_1680197_clip_002.webm,93.855,106.51,12.655,afternoon,summer,0.0,-1.0,0.5,0.866025,summer_afternoon
1680197_clip005_s000,resources/site_257_bowra-dry-a/downloaded_clips/site_257_item_1680197/site_257_item_1680197_clip_005.webm,200.992,215.504,14.512,afternoon,summer,0.0,-1.0,0.5,0.866025,summer_afternoon
1680197_clip006_s000,resources/site_257_bowra-dry-a/downloaded_clips/site_257_item_1680197/site_257_item_1680197_clip_006.webm,57.632,69.753,12.121,afternoon,summer,0.0,-1.0,0.5,0.866025,summer_afternoon
1680197_clip009_s000,resources/site_257_bowra-dry-a/downloaded_clips/site_257_item_1680197/site_257_item_1680197_clip_009.webm,164.142,176.263,12.121,afternoon,summer,0.0,-1.0,0.5,0.866025,summer_afternoon
1680197_clip009_s001,resources/site_257_bowra-dry-a/downloaded_clips/site_257_item_1680197/site_257_item_1680197_clip_009.webm,203.105,213.182,10.077,afternoon,summer,0.0,-1.0,0.5,0.866025,summer_afternoon
1680197_clip014_s000,resources/site_257_bowra-dry-a/downloaded_clips/site_257_item_1680197/site_257_item_1680197_clip_014.webm,189.127,200.156,11.029,afternoon,summer,0.0,-1.0,0.5,0.866025,summer_afternoon
1680197_clip018_s000,resources/site_257_bowra-dry-a/downloaded_clips/site_257_item_1680197/site_257_item_1680197_clip_018.webm,43.932,54.497,10.565,afternoon,summer,0.0,-1.0,0.5,0.866025,summer_afternoon
1680197_clip018_s001,resources/site_257_bowra-dry-a/downloaded_clips/site_257_item_1680197/site_257_item_1680197_clip_018.webm,112.129,123.623,11.494,afternoon,summer,0.0,-1.0,0.5,0.866025,summer_afternoon
1680197_clip021_s000,resources/site_257_bowra-dry-a/downloaded_clips/site_257_item_1680197/site_257_item_1680197_clip_021.webm,227.323,239.003,11.68,afternoon,summer,0.0,-1.0,0.5,0.866025,summer_afternoon
1680197_clip021_s001,resources/site_257_bowra-dry-a/downloaded_clips/site_257_item_1680197/site_257_item_1680197_clip_021.webm,257.347,270.977,13.63,afternoon,summer,0.0,-1.0,0.5,0.866025,summer_afternoon
1680197_clip022_s000,resources/site_257_bowra-dry-a/downloaded_clips/site_257_item_1680197/site_257_item_1680197_clip_022.webm,90.14,101.146,11.006,afternoon,summer,0.0,-1.0,0.5,0.866025,summer_afternoon
1682297_clip018_s000,resources/site_257_bowra-dry-a/downloaded_clips/site_257_item_1682297/site_257_item_1682297_clip_018.webm,166.232,176.286,10.054,afternoon,summer,0.0,-1.0,-0.0,1.0,summer_afternoon
215109_clip017_s000,resources/site_257_bowra-dry-a/downloaded_clips/site_257_item_215109/site_257_item_215109_clip_017.webm,197.997,209.792,11.796,afternoon,summer,-0.5,-0.866025,-0.0,1.0,summer_afternoon
215191_clip014_s000,resources/site_257_bowra-dry-a/downloaded_clips/site_257_item_215191/site_257_item_215191_clip_014.webm,271.256,281.844,10.588,afternoon,summer,-0.5,-0.866025,-0.0,1.0,summer_afternoon
215191_clip015_s000,resources/site_257_bowra-dry-a/downloaded_clips/site_257_item_215191/site_257_item_215191_clip_015.webm,209.769,222.865,13.096,afternoon,summer,-0.5,-0.866025,-0.0,1.0,summer_afternoon
215191_clip018_s000,resources/site_257_bowra-dry-a/downloaded_clips/site_257_item_215191/site_257_item_215191_clip_018.webm,191.286,204.707,13.421,afternoon,summer,-0.5,-0.866025,-0.0,1.0,summer_afternoon
215191_clip019_s000,resources/site_257_bowra-dry-a/downloaded_clips/site_257_item_215191/site_257_item_215191_clip_019.webm,68.685,80.225,11.54,afternoon,summer,-0.5,-0.866025,-0.0,1.0,summer_afternoon
215191_clip021_s000,resources/site_257_bowra-dry-a/downloaded_clips/site_257_item_215191/site_257_item_215191_clip_021.webm,265.497,276.991,11.494,afternoon,summer,-0.5,-0.866025,-0.0,1.0,summer_afternoon
215469_clip003_s000,resources/site_257_bowra-dry-a/downloaded_clips/site_257_item_215469/site_257_item_215469_clip_003.webm,275.342,285.722,10.379,afternoon,summer,-0.5,-0.866025,0.5,0.866025,summer_afternoon
215469_clip005_s000,resources/site_257_bowra-dry-a/downloaded_clips/site_257_item_215469/site_257_item_215469_clip_005.webm,117.075,130.38,13.305,afternoon,summer,-0.5,-0.866025,0.5,0.866025,summer_afternoon
215469_clip008_s000,resources/site_257_bowra-dry-a/downloaded_clips/site_257_item_215469/site_257_item_215469_clip_008.webm,209.421,220.891,11.471,afternoon,summer,-0.5,-0.866025,0.5,0.866025,summer_afternoon
215469_clip013_s000,resources/site_257_bowra-dry-a/downloaded_clips/site_257_item_215469/site_257_item_215469_clip_013.webm,205.334,216.247,10.913,afternoon,summer,-0.5,-0.866025,0.5,0.866025,summer_afternoon
215469_clip016_s000,resources/site_257_bowra-dry-a/downloaded_clips/site_257_item_215469/site_257_item_215469_clip_016.webm,111.038,122.741,11.703,afternoon,summer,-0.5,-0.866025,0.5,0.866025,summer_afternoon
215469_clip018_s000,resources/site_257_bowra-dry-a/downloaded_clips/site_257_item_215469/site_257_item_215469_clip_018.webm,158.592,170.388,11.796,afternoon,summer,-0.5,-0.866025,0.5,0.866025,summer_afternoon
215469_clip021_s000,resources/site_257_bowra-dry-a/downloaded_clips/site_257_item_215469/site_257_item_215469_clip_021.webm,70.728,81.804,11.076,afternoon,summer,-0.5,-0.866025,0.5,0.866025,summer_afternoon
215688_clip006_s000,resources/site_257_bowra-dry-a/downloaded_clips/site_257_item_215688/site_257_item_215688_clip_006.webm,66.038,76.092,10.054,afternoon,summer,-0.5,-0.866025,0.5,0.866025,summer_afternoon
215688_clip006_s001,resources/site_257_bowra-dry-a/downloaded_clips/site_257_item_215688/site_257_item_215688_clip_006.webm,99.73,112.268,12.539,afternoon,summer,-0.5,-0.866025,0.5,0.866025,summer_afternoon
215688_clip007_s000,resources/site_257_bowra-dry-a/downloaded_clips/site_257_item_215688/site_257_item_215688_clip_007.webm,191.866,209.212,17.345,afternoon,summer,-0.5,-0.866025,0.5,0.866025,summer_afternoon
215688_clip007_s001,resources/site_257_bowra-dry-a/downloaded_clips/site_257_item_215688/site_257_item_215688_clip_007.webm,229.39,239.746,10.356,afternoon,summer,-0.5,-0.866025,0.5,0.866025,summer_afternoon
215688_clip018_s000,resources/site_257_bowra-dry-a/downloaded_clips/site_257_item_215688/site_257_item_215688_clip_018.webm,90.976,101.169,10.194,afternoon,summer,-0.5,-0.866025,0.5,0.866025,summer_afternoon
215729_clip001_s000,resources/site_257_bowra-dry-a/downloaded_clips/site_257_item_215729/site_257_item_215729_clip_001.webm,33.855,46.486,12.632,afternoon,summer,-0.5,-0.866025,0.866025,0.5,summer_afternoon
215729_clip001_s001,resources/site_257_bowra-dry-a/downloaded_clips/site_257_item_215729/site_257_item_215729_clip_001.webm,124.018,137.81,13.793,afternoon,summer,-0.5,-0.866025,0.866025,0.5,summer_afternoon
215729_clip003_s000,resources/site_257_bowra-dry-a/downloaded_clips/site_257_item_215729/site_257_item_215729_clip_003.webm,67.338,85.96,18.622,afternoon,summer,-0.5,-0.866025,0.866025,0.5,summer_afternoon
215729_clip004_s000,resources/site_257_bowra-dry-a/downloaded_clips/site_257_item_215729/site_257_item_215729_clip_004.webm,154.459,165.21,10.751,afternoon,summer,-0.5,-0.866025,0.866025,0.5,summer_afternoon
215729_clip012_s000,resources/site_257_bowra-dry-a/downloaded_clips/site_257_item_215729/site_257_item_215729_clip_012.webm,31.649,43.189,11.54,afternoon,summer,-0.5,-0.866025,0.866025,0.5,summer_afternoon
215729_clip012_s001,resources/site_257_bowra-dry-a/downloaded_clips/site_257_item_215729/site_257_item_215729_clip_012.webm,87.771,99.219,11.447,afternoon,summer,-0.5,-0.866025,0.866025,0.5,summer_afternoon
215729_clip015_s000,resources/site_257_bowra-dry-a/downloaded_clips/site_257_item_215729/site_257_item_215729_clip_015.webm,13.978,24.683,10.704,afternoon,summer,-0.5,-0.866025,0.866025,0.5,summer_afternoon
215729_clip017_s000,resources/site_257_bowra-dry-a/downloaded_clips/site_257_item_215729/site_257_item_215729_clip_017.webm,92.183,106.324,14.141,afternoon,summer,-0.5,-0.866025,0.866025,0.5,summer_afternoon
215729_clip021_s000,resources/site_257_bowra-dry-a/downloaded_clips/site_257_item_215729/site_257_item_215729_clip_021.webm,267.61,277.664,10.054,afternoon,summer,-0.5,-0.866025,0.866025,0.5,summer_afternoon
215905_clip008_s000,resources/site_257_bowra-dry-a/downloaded_clips/site_257_item_215905/site_257_item_215905_clip_008.webm,13.142,25.937,12.794,afternoon,summer,-0.5,-0.866025,0.866025,0.5,summer_afternoon
215905_clip015_s000,resources/site_257_bowra-dry-a/downloaded_clips/site_257_item_215905/site_257_item_215905_clip_015.webm,230.667,241.65,10.983,afternoon,summer,-0.5,-0.866025,0.866025,0.5,summer_afternoon
215905_clip016_s000,resources/site_257_bowra-dry-a/downloaded_clips/site_257_item_215905/site_257_item_215905_clip_016.webm,47.229,58.863,11.633,afternoon,summer,-0.5,-0.866025,0.866025,0.5,summer_afternoon
215905_clip016_s001,resources/site_257_bowra-dry-a/downloaded_clips/site_257_item_215905/site_257_item_215905_clip_016.webm,111.734,123.275,11.54,afternoon,summer,-0.5,-0.866025,0.866025,0.5,summer_afternoon
215905_clip016_s002,resources/site_257_bowra-dry-a/downloaded_clips/site_257_item_215905/site_257_item_215905_clip_016.webm,139.32,149.328,10.008,afternoon,summer,-0.5,-0.866025,0.866025,0.5,summer_afternoon
215905_clip024_s000,resources/site_257_bowra-dry-a/downloaded_clips/site_257_item_215905/site_257_item_215905_clip_024.webm,37.663,50.202,12.539,afternoon,summer,-0.5,-0.866025,0.866025,0.5,summer_afternoon
215029_clip018_s000,resources/site_257_bowra-dry-a/downloaded_clips/site_257_item_215029/site_257_item_215029_clip_018.webm,162.284,173.5,11.215,afternoon,summer,-0.5,-0.866025,-0.0,1.0,summer_afternoon
215029_clip021_s000,resources/site_257_bowra-dry-a/downloaded_clips/site_257_item_215029/site_257_item_215029_clip_021.webm,113.94,124.575,10.635,afternoon,summer,-0.5,-0.866025,-0.0,1.0,summer_afternoon
215134_clip001_s000,resources/site_257_bowra-dry-a/downloaded_clips/site_257_item_215134/site_257_item_215134_clip_001.webm,42.701,54.172,11.471,afternoon,summer,-0.5,-0.866025,-0.0,1.0,summer_afternoon
215134_clip001_s001,resources/site_257_bowra-dry-a/downloaded_clips/site_257_item_215134/site_257_item_215134_clip_001.webm,74.42,84.706,10.286,afternoon,summer,-0.5,-0.866025,-0.0,1.0,summer_afternoon
215134_clip007_s000,resources/site_257_bowra-dry-a/downloaded_clips/site_257_item_215134/site_257_item_215134_clip_007.webm,252.796,264.057,11.262,afternoon,summer,-0.5,-0.866025,-0.0,1.0,summer_afternoon
215134_clip011_s000,resources/site_257_bowra-dry-a/downloaded_clips/site_257_item_215134/site_257_item_215134_clip_011.webm,105.953,117.957,12.005,afternoon,summer,-0.5,-0.866025,-0.0,1.0,summer_afternoon
215315_clip003_s000,resources/site_257_bowra-dry-a/downloaded_clips/site_257_item_215315/site_257_item_215315_clip_003.webm,185.876,199.367,13.491,afternoon,summer,-0.5,-0.866025,-0.0,1.0,summer_afternoon
215315_clip008_s000,resources/site_257_bowra-dry-a/downloaded_clips/site_257_item_215315/site_257_item_215315_clip_008.webm,16.951,27.167,10.217,afternoon,summer,-0.5,-0.866025,-0.0,1.0,summer_afternoon
215315_clip008_s001,resources/site_257_bowra-dry-a/downloaded_clips/site_257_item_215315/site_257_item_215315_clip_008.webm,56.796,68.29,11.494,afternoon,summer,-0.5,-0.866025,-0.0,1.0,summer_afternoon
215315_clip009_s000,resources/site_257_bowra-dry-a/downloaded_clips/site_257_item_215315/site_257_item_215315_clip_009.webm,243.647,254.235,10.588,afternoon,summer,-0.5,-0.866025,-0.0,1.0,summer_afternoon
215315_clip011_s000,resources/site_257_bowra-dry-a/downloaded_clips/site_257_item_215315/site_257_item_215315_clip_011.webm,185.806,197.137,11.331,afternoon,summer,-0.5,-0.866025,-0.0,1.0,summer_afternoon
215315_clip011_s001,resources/site_257_bowra-dry-a/downloaded_clips/site_257_item_215315/site_257_item_215315_clip_011.webm,211.627,222.912,11.285,afternoon,summer,-0.5,-0.866025,-0.0,1.0,summer_afternoon
215315_clip012_s000,resources/site_257_bowra-dry-a/downloaded_clips/site_257_item_215315/site_257_item_215315_clip_012.webm,53.94,64.435,10.495,afternoon,summer,-0.5,-0.866025,-0.0,1.0,summer_afternoon
215315_clip020_s000,resources/site_257_bowra-dry-a/downloaded_clips/site_257_item_215315/site_257_item_215315_clip_020.webm,128.546,139.111,10.565,afternoon,summer,-0.5,-0.866025,-0.0,1.0,summer_afternoon
215315_clip020_s001,resources/site_257_bowra-dry-a/downloaded_clips/site_257_item_215315/site_257_item_215315_clip_020.webm,231.503,246.782,15.279,afternoon,summer,-0.5,-0.866025,-0.0,1.0,summer_afternoon
215315_clip021_s000,resources/site_257_bowra-dry-a/downloaded_clips/site_257_item_215315/site_257_item_215315_clip_021.webm,195.721,207.261,11.54,afternoon,summer,-0.5,-0.866025,-0.0,1.0,summer_afternoon
215315_clip021_s001,resources/site_257_bowra-dry-a/downloaded_clips/site_257_item_215315/site_257_item_215315_clip_021.webm,221.333,235.799,14.466,afternoon,summer,-0.5,-0.866025,-0.0,1.0,summer_afternoon
215450_clip006_s000,resources/site_257_bowra-dry-a/downloaded_clips/site_257_item_215450/site_257_item_215450_clip_006.webm,245.11,255.141,10.031,afternoon,summer,-0.5,-0.866025,0.5,0.866025,summer_afternoon
215450_clip009_s000,resources/site_257_bowra-dry-a/downloaded_clips/site_257_item_215450/site_257_item_215450_clip_009.webm,197.788,209.607,11.819,afternoon,summer,-0.5,-0.866025,0.5,0.866025,summer_afternoon
215450_clip018_s000,resources/site_257_bowra-dry-a/downloaded_clips/site_257_item_215450/site_257_item_215450_clip_018.webm,190.52,202.339,11.819,afternoon,summer,-0.5,-0.866025,0.5,0.866025,summer_afternoon
215450_clip018_s001,resources/site_257_bowra-dry-a/downloaded_clips/site_257_item_215450/site_257_item_215450_clip_018.webm,272.115,282.935,10.82,afternoon,summer,-0.5,-0.866025,0.5,0.866025,summer_afternoon
215483_clip005_s000,resources/site_257_bowra-dry-a/downloaded_clips/site_257_item_215483/site_257_item_215483_clip_005.webm,1.416,12.841,11.424,afternoon,summer,0.0,-1.0,0.5,0.866025,summer_afternoon
215483_clip005_s001,resources/site_257_bowra-dry-a/downloaded_clips/site_257_item_215483/site_257_item_215483_clip_005.webm,58.259,68.476,10.217,afternoon,summer,0.0,-1.0,0.5,0.866025,summer_afternoon
215483_clip008_s000,resources/site_257_bowra-dry-a/downloaded_clips/site_257_item_215483/site_257_item_215483_clip_008.webm,44.397,55.914,11.517,afternoon,summer,0.0,-1.0,0.5,0.866025,summer_afternoon
215483_clip008_s001,resources/site_257_bowra-dry-a/downloaded_clips/site_257_item_215483/site_257_item_215483_clip_008.webm,95.898,108.716,12.817,afternoon,summer,0.0,-1.0,0.5,0.866025,summer_afternoon
215483_clip009_s000,resources/site_257_bowra-dry-a/downloaded_clips/site_257_item_215483/site_257_item_215483_clip_009.webm,106.231,117.818,11.587,afternoon,summer,0.0,-1.0,0.5,0.866025,summer_afternoon
215483_clip018_s000,resources/site_257_bowra-dry-a/downloaded_clips/site_257_item_215483/site_257_item_215483_clip_018.webm,107.601,121.115,13.514,afternoon,summer,0.0,-1.0,0.5,0.866025,summer_afternoon
215483_clip019_s000,resources/site_257_bowra-dry-a/downloaded_clips/site_257_item_215483/site_257_item_215483_clip_019.webm,223.051,235.125,12.074,afternoon,summer,0.0,-1.0,0.5,0.866025,summer_afternoon
215483_clip021_s000,resources/site_257_bowra-dry-a/downloaded_clips/site_257_item_215483/site_257_item_215483_clip_021.webm,45.302,59.048,13.746,afternoon,summer,0.0,-1.0,0.5,0.866025,summer_afternoon
215483_clip023_s000,resources/site_257_bowra-dry-a/downloaded_clips/site_257_item_215483/site_257_item_215483_clip_023.webm,111.386,122.903,11.517,afternoon,summer,0.0,-1.0,0.5,0.866025,summer_afternoon
215532_clip001_s000,resources/site_257_bowra-dry-a/downloaded_clips/site_257_item_215532/site_257_item_215532_clip_001.webm,19.946,30.116,10.17,afternoon,summer,-0.5,-0.866025,0.5,0.866025,summer_afternoon
215532_clip012_s000,resources/site_257_bowra-dry-a/downloaded_clips/site_257_item_215532/site_257_item_215532_clip_012.webm,245.667,256.07,10.403,afternoon,summer,-0.5,-0.866025,0.5,0.866025,summer_afternoon
215532_clip013_s000,resources/site_257_bowra-dry-a/downloaded_clips/site_257_item_215532/site_257_item_215532_clip_013.webm,273.903,284.235,10.333,afternoon,summer,-0.5,-0.866025,0.5,0.866025,summer_afternoon
215619_clip001_s000,resources/site_257_bowra-dry-a/downloaded_clips/site_257_item_215619/site_257_item_215619_clip_001.webm,132.702,142.826,10.124,afternoon,summer,-0.5,-0.866025,0.5,0.866025,summer_afternoon
215619_clip001_s001,resources/site_257_bowra-dry-a/downloaded_clips/site_257_item_215619/site_257_item_215619_clip_001.webm,265.474,276.759,11.285,afternoon,summer,-0.5,-0.866025,0.5,0.866025,summer_afternoon
215619_clip004_s000,resources/site_257_bowra-dry-a/downloaded_clips/site_257_item_215619/site_257_item_215619_clip_004.webm,116.796,128.592,11.796,afternoon,summer,-0.5,-0.866025,0.5,0.866025,summer_afternoon
215619_clip004_s001,resources/site_257_bowra-dry-a/downloaded_clips/site_257_item_215619/site_257_item_215619_clip_004.webm,256.163,266.612,10.449,afternoon,summer,-0.5,-0.866025,0.5,0.866025,summer_afternoon
215619_clip007_s000,resources/site_257_bowra-dry-a/downloaded_clips/site_257_item_215619/site_257_item_215619_clip_007.webm,93.948,106.765,12.817,afternoon,summer,-0.5,-0.866025,0.5,0.866025,summer_afternoon
215619_clip008_s000,resources/site_257_bowra-dry-a/downloaded_clips/site_257_item_215619/site_257_item_215619_clip_008.webm,175.45,186.317,10.867,afternoon,summer,-0.5,-0.866025,0.5,0.866025,summer_afternoon
215619_clip008_s001,resources/site_257_bowra-dry-a/downloaded_clips/site_257_item_215619/site_257_item_215619_clip_008.webm,272.068,283.864,11.796,afternoon,summer,-0.5,-0.866025,0.5,0.866025,summer_afternoon
215619_clip010_s000,resources/site_257_bowra-dry-a/downloaded_clips/site_257_item_215619/site_257_item_215619_clip_010.webm,112.872,126.038,13.166,afternoon,summer,-0.5,-0.866025,0.5,0.866025,summer_afternoon
215619_clip013_s000,resources/site_257_bowra-dry-a/downloaded_clips/site_257_item_215619/site_257_item_215619_clip_013.webm,164.49,183.02,18.53,afternoon,summer,-0.5,-0.866025,0.5,0.866025,summer_afternoon
215619_clip017_s000,resources/site_257_bowra-dry-a/downloaded_clips/site_257_item_215619/site_257_item_215619_clip_017.webm,240.652,251.519,10.867,afternoon,summer,-0.5,-0.866025,0.5,0.866025,summer_afternoon
215619_clip018_s000,resources/site_257_bowra-dry-a/downloaded_clips/site_257_item_215619/site_257_item_215619_clip_018.webm,124.157,134.676,10.519,afternoon,summer,-0.5,-0.866025,0.5,0.866025,summer_afternoon
215880_clip005_s000,resources/site_257_bowra-dry-a/downloaded_clips/site_257_item_215880/site_257_item_215880_clip_005.webm,136.766,148.027,11.262,afternoon,summer,-0.5,-0.866025,0.866025,0.5,summer_afternoon
215880_clip005_s001,resources/site_257_bowra-dry-a/downloaded_clips/site_257_item_215880/site_257_item_215880_clip_005.webm,174.057,188.894,14.838,afternoon,summer,-0.5,-0.866025,0.866025,0.5,summer_afternoon
215880_clip010_s000,resources/site_257_bowra-dry-a/downloaded_clips/site_257_item_215880/site_257_item_215880_clip_010.webm,17.252,29.466,12.214,afternoon,summer,-0.5,-0.866025,0.866025,0.5,summer_afternoon
215880_clip017_s000,resources/site_257_bowra-dry-a/downloaded_clips/site_257_item_215880/site_257_item_215880_clip_017.webm,222.703,240.466,17.763,afternoon,summer,-0.5,-0.866025,0.866025,0.5,summer_afternoon
215880_clip019_s000,resources/site_257_bowra-dry-a/downloaded_clips/site_257_item_215880/site_257_item_215880_clip_019.webm,148.352,160.009,11.656,afternoon,summer,-0.5,-0.866025,0.866025,0.5,summer_afternoon
215880_clip020_s000,resources/site_257_bowra-dry-a/downloaded_clips/site_257_item_215880/site_257_item_215880_clip_020.webm,185.458,196.348,10.89,afternoon,summer,-0.5,-0.866025,0.866025,0.5,summer_afternoon
215880_clip021_s000,resources/site_257_bowra-dry-a/downloaded_clips/site_257_item_215880/site_257_item_215880_clip_021.webm,96.2,109.761,13.56,afternoon,summer,-0.5,-0.866025,0.866025,0.5,summer_afternoon
215887_clip001_s000,resources/site_257_bowra-dry-a/downloaded_clips/site_257_item_215887/site_257_item_215887_clip_001.webm,160.914,172.083,11.169,afternoon,summer,-0.5,-0.866025,0.866025,0.5,summer_afternoon
215887_clip001_s001,resources/site_257_bowra-dry-a/downloaded_clips/site_257_item_215887/site_257_item_215887_clip_001.webm,185.574,197.532,11.958,afternoon,summer,-0.5,-0.866025,0.866025,0.5,summer_afternoon
215887_clip003_s000,resources/site_257_bowra-dry-a/downloaded_clips/site_257_item_215887/site_257_item_215887_clip_003.webm,185.342,197.184,11.842,afternoon,summer,-0.5,-0.866025,0.866025,0.5,summer_afternoon
215887_clip003_s001,resources/site_257_bowra-dry-a/downloaded_clips/site_257_item_215887/site_257_item_215887_clip_003.webm,209.026,226.534,17.508,afternoon,summer,-0.5,-0.866025,0.866025,0.5,summer_afternoon
215887_clip003_s002,resources/site_257_bowra-dry-a/downloaded_clips/site_257_item_215887/site_257_item_215887_clip_003.webm,239.398,254.932,15.534,afternoon,summer,-0.5,-0.866025,0.866025,0.5,summer_afternoon
215887_clip004_s000,resources/site_257_bowra-dry-a/downloaded_clips/site_257_item_215887/site_257_item_215887_clip_004.webm,30.209,41.842,11.633,afternoon,summer,-0.5,-0.866025,0.866025,0.5,summer_afternoon
215930_clip001_s000,resources/site_257_bowra-dry-a/downloaded_clips/site_257_item_215930/site_257_item_215930_clip_001.webm,97.733,109.529,11.796,afternoon,summer,-0.5,-0.866025,0.866025,0.5,summer_afternoon
215930_clip003_s000,resources/site_257_bowra-dry-a/downloaded_clips/site_257_item_215930/site_257_item_215930_clip_003.webm,88.375,98.592,10.217,afternoon,summer,-0.5,-0.866025,0.866025,0.5,summer_afternoon
215930_clip007_s000,resources/site_257_bowra-dry-a/downloaded_clips/site_257_item_215930/site_257_item_215930_clip_007.webm,258.322,270.187,11.865,afternoon,summer,-0.5,-0.866025,0.866025,0.5,summer_afternoon
215930_clip009_s000,resources/site_257_bowra-dry-a/downloaded_clips/site_257_item_215930/site_257_item_215930_clip_009.webm,92.833,103.816,10.983,afternoon,summer,-0.5,-0.866025,0.866025,0.5,summer_afternoon
216038_clip010_s000,resources/site_257_bowra-dry-a/downloaded_clips/site_257_item_216038/site_257_item_216038_clip_010.webm,118.886,130.125,11.238,afternoon,summer,-0.5,-0.866025,0.866025,0.5,summer_afternoon
216038_clip018_s000,resources/site_257_bowra-dry-a/downloaded_clips/site_257_item_216038/site_257_item_216038_clip_018.webm,139.227,150.79,11.564,afternoon,summer,-0.5,-0.866025,0.866025,0.5,summer_afternoon
216038_clip019_s000,resources/site_257_bowra-dry-a/downloaded_clips/site_257_item_216038/site_257_item_216038_clip_019.webm,218.639,229.854,11.215,afternoon,summer,-0.5,-0.866025,0.866025,0.5,summer_afternoon
216038_clip024_s000,resources/site_257_bowra-dry-a/downloaded_clips/site_257_item_216038/site_257_item_216038_clip_024.webm,203.523,214.32,10.797,afternoon,summer,-0.5,-0.866025,0.866025,0.5,summer_afternoon
1401528_clip002_s000,resources/site_257_bowra-dry-a/downloaded_clips/site_257_item_1401528/site_257_item_1401528_clip_002.webm,277.734,288.578,10.844,afternoon,summer,-0.5,-0.866025,-0.0,1.0,summer_afternoon
1401528_clip010_s000,resources/site_257_bowra-dry-a/downloaded_clips/site_257_item_1401528/site_257_item_1401528_clip_010.webm,128.499,138.971,10.472,afternoon,summer,-0.5,-0.866025,-0.0,1.0,summer_afternoon
1401528_clip010_s001,resources/site_257_bowra-dry-a/downloaded_clips/site_257_item_1401528/site_257_item_1401528_clip_010.webm,154.831,165.047,10.217,afternoon,summer,-0.5,-0.866025,-0.0,1.0,summer_afternoon
1401528_clip020_s000,resources/site_257_bowra-dry-a/downloaded_clips/site_257_item_1401528/site_257_item_1401528_clip_020.webm,217.78,228.902,11.122,afternoon,summer,-0.5,-0.866025,-0.0,1.0,summer_afternoon
1402275_clip018_s000,resources/site_257_bowra-dry-a/downloaded_clips/site_257_item_1402275/site_257_item_1402275_clip_018.webm,252.587,272.138,19.551,afternoon,summer,-0.5,-0.866025,-0.0,1.0,summer_afternoon
1402275_clip018_s001,resources/site_257_bowra-dry-a/downloaded_clips/site_257_item_1402275/site_257_item_1402275_clip_018.webm,289.948,300.025,10.077,afternoon,summer,-0.5,-0.866025,-0.0,1.0,summer_afternoon
1402275_clip019_s000,resources/site_257_bowra-dry-a/downloaded_clips/site_257_item_1402275/site_257_item_1402275_clip_019.webm,102.655,112.942,10.286,afternoon,summer,-0.5,-0.866025,-0.0,1.0,summer_afternoon
1402275_clip019_s001,resources/site_257_bowra-dry-a/downloaded_clips/site_257_item_1402275/site_257_item_1402275_clip_019.webm,144.637,156.595,11.958,afternoon,summer,-0.5,-0.866025,-0.0,1.0,summer_afternoon
1402275_clip020_s000,resources/site_257_bowra-dry-a/downloaded_clips/site_257_item_1402275/site_257_item_1402275_clip_020.webm,148.979,159.544,10.565,afternoon,summer,-0.5,-0.866025,-0.0,1.0,summer_afternoon
1402275_clip021_s000,resources/site_257_bowra-dry-a/downloaded_clips/site_257_item_1402275/site_257_item_1402275_clip_021.webm,262.362,272.486,10.124,afternoon,summer,-0.5,-0.866025,-0.0,1.0,summer_afternoon
1402715_clip001_s000,resources/site_257_bowra-dry-a/downloaded_clips/site_257_item_1402715/site_257_item_1402715_clip_001.webm,198.902,214.343,15.441,afternoon,summer,-0.5,-0.866025,0.5,0.866025,summer_afternoon
1402715_clip001_s001,resources/site_257_bowra-dry-a/downloaded_clips/site_257_item_1402715/site_257_item_1402715_clip_001.webm,274.947,286.836,11.889,afternoon,summer,-0.5,-0.866025,0.5,0.866025,summer_afternoon
1402715_clip005_s000,resources/site_257_bowra-dry-a/downloaded_clips/site_257_item_1402715/site_257_item_1402715_clip_005.webm,65.434,80.945,15.511,afternoon,summer,-0.5,-0.866025,0.5,0.866025,summer_afternoon
1402715_clip005_s001,resources/site_257_bowra-dry-a/downloaded_clips/site_257_item_1402715/site_257_item_1402715_clip_005.webm,88.213,101.611,13.398,afternoon,summer,-0.5,-0.866025,0.5,0.866025,summer_afternoon
1402715_clip005_s002,resources/site_257_bowra-dry-a/downloaded_clips/site_257_item_1402715/site_257_item_1402715_clip_005.webm,276.921,287.022,10.101,afternoon,summer,-0.5,-0.866025,0.5,0.866025,summer_afternoon
1402715_clip006_s000,resources/site_257_bowra-dry-a/downloaded_clips/site_257_item_1402715/site_257_item_1402715_clip_006.webm,21.13,33.715,12.585,afternoon,summer,-0.5,-0.866025,0.5,0.866025,summer_afternoon
1402715_clip006_s001,resources/site_257_bowra-dry-a/downloaded_clips/site_257_item_1402715/site_257_item_1402715_clip_006.webm,53.986,64.203,10.217,afternoon,summer,-0.5,-0.866025,0.5,0.866025,summer_afternoon
1402715_clip006_s002,resources/site_257_bowra-dry-a/downloaded_clips/site_257_item_1402715/site_257_item_1402715_clip_006.webm,64.412,75.883,11.471,afternoon,summer,-0.5,-0.866025,0.5,0.866025,summer_afternoon
1402715_clip006_s003,resources/site_257_bowra-dry-a/downloaded_clips/site_257_item_1402715/site_257_item_1402715_clip_006.webm,194.444,219.382,24.938,afternoon,summer,-0.5,-0.866025,0.5,0.866025,summer_afternoon
1402715_clip006_s004,resources/site_257_bowra-dry-a/downloaded_clips/site_257_item_1402715/site_257_item_1402715_clip_006.webm,230.087,250.613,20.526,afternoon,summer,-0.5,-0.866025,0.5,0.866025,summer_afternoon
1402715_clip006_s005,resources/site_257_bowra-dry-a/downloaded_clips/site_257_item_1402715/site_257_item_1402715_clip_006.webm,250.822,270.582,19.76,afternoon,summer,-0.5,-0.866025,0.5,0.866025,summer_afternoon
1402715_clip007_s000,resources/site_257_bowra-dry-a/downloaded_clips/site_257_item_1402715/site_257_item_1402715_clip_007.webm,179.978,191.588,11.61,afternoon,summer,-0.5,-0.866025,0.5,0.866025,summer_afternoon
1402715_clip007_s001,resources/site_257_bowra-dry-a/downloaded_clips/site_257_item_1402715/site_257_item_1402715_clip_007.webm,234.15,260.389,26.239,afternoon,summer,-0.5,-0.866025,0.5,0.866025,summer_afternoon
1402715_clip007_s002,resources/site_257_bowra-dry-a/downloaded_clips/site_257_item_1402715/site_257_item_1402715_clip_007.webm,260.598,281.31,20.712,afternoon,summer,-0.5,-0.866025,0.5,0.866025,summer_afternoon
1402715_clip007_s003,resources/site_257_bowra-dry-a/downloaded_clips/site_257_item_1402715/site_257_item_1402715_clip_007.webm,281.519,293.709,12.19,afternoon,summer,-0.5,-0.866025,0.5,0.866025,summer_afternoon
1402715_clip008_s000,resources/site_257_bowra-dry-a/downloaded_clips/site_257_item_1402715/site_257_item_1402715_clip_008.webm,29.048,39.079,10.031,afternoon,summer,-0.5,-0.866025,0.5,0.866025,summer_afternoon
1402715_clip008_s001,resources/site_257_bowra-dry-a/downloaded_clips/site_257_item_1402715/site_257_item_1402715_clip_008.webm,149.931,164.212,14.28,afternoon,summer,-0.5,-0.866025,0.5,0.866025,summer_afternoon
1402715_clip011_s000,resources/site_257_bowra-dry-a/downloaded_clips/site_257_item_1402715/site_257_item_1402715_clip_011.webm,180.373,193.956,13.584,afternoon,summer,-0.5,-0.866025,0.5,0.866025,summer_afternoon
1402715_clip011_s001,resources/site_257_bowra-dry-a/downloaded_clips/site_257_item_1402715/site_257_item_1402715_clip_011.webm,244.019,270.582,26.564,afternoon,summer,-0.5,-0.866025,0.5,0.866025,summer_afternoon
1402715_clip011_s002,resources/site_257_bowra-dry-a/downloaded_clips/site_257_item_1402715/site_257_item_1402715_clip_011.webm,280.288,294.336,14.048,afternoon,summer,-0.5,-0.866025,0.5,0.866025,summer_afternoon
1402715_clip012_s000,resources/site_257_bowra-dry-a/downloaded_clips/site_257_item_1402715/site_257_item_1402715_clip_012.webm,92.903,104.792,11.889,afternoon,summer,-0.5,-0.866025,0.5,0.866025,summer_afternoon
1402715_clip012_s001,resources/site_257_bowra-dry-a/downloaded_clips/site_257_item_1402715/site_257_item_1402715_clip_012.webm,206.959,220.172,13.212,afternoon,summer,-0.5,-0.866025,0.5,0.866025,summer_afternoon
1402715_clip015_s000,resources/site_257_bowra-dry-a/downloaded_clips/site_257_item_1402715/site_257_item_1402715_clip_015.webm,95.48,108.019,12.539,afternoon,summer,-0.5,-0.866025,0.5,0.866025,summer_afternoon
1402715_clip017_s000,resources/site_257_bowra-dry-a/downloaded_clips/site_257_item_1402715/site_257_item_1402715_clip_017.webm,154.18,166.58,12.399,afternoon,summer,-0.5,-0.866025,0.5,0.866025,summer_afternoon
1402715_clip017_s001,resources/site_257_bowra-dry-a/downloaded_clips/site_257_item_1402715/site_257_item_1402715_clip_017.webm,239.049,254.189,15.139,afternoon,summer,-0.5,-0.866025,0.5,0.866025,summer_afternoon
1402715_clip020_s000,resources/site_257_bowra-dry-a/downloaded_clips/site_257_item_1402715/site_257_item_1402715_clip_020.webm,180.86,192.238,11.378,afternoon,summer,-0.5,-0.866025,0.5,0.866025,summer_afternoon
1402715_clip023_s000,resources/site_257_bowra-dry-a/downloaded_clips/site_257_item_1402715/site_257_item_1402715_clip_023.webm,19.923,31.974,12.051,afternoon,summer,-0.5,-0.866025,0.5,0.866025,summer_afternoon
1402715_clip024_s000,resources/site_257_bowra-dry-a/downloaded_clips/site_257_item_1402715/site_257_item_1402715_clip_024.webm,137.578,148.004,10.426,afternoon,summer,-0.5,-0.866025,0.5,0.866025,summer_afternoon
1401229_clip007_s000,resources/site_257_bowra-dry-a/downloaded_clips/site_257_item_1401229/site_257_item_1401229_clip_007.webm,42.075,54.102,12.028,afternoon,summer,0.0,-1.0,0.866025,0.5,summer_afternoon
1401229_clip010_s000,resources/site_257_bowra-dry-a/downloaded_clips/site_257_item_1401229/site_257_item_1401229_clip_010.webm,206.936,217.687,10.751,afternoon,summer,0.0,-1.0,0.866025,0.5,summer_afternoon
1401229_clip015_s000,resources/site_257_bowra-dry-a/downloaded_clips/site_257_item_1401229/site_257_item_1401229_clip_015.webm,236.542,248.268,11.726,afternoon,summer,0.0,-1.0,0.866025,0.5,summer_afternoon
1401229_clip018_s000,resources/site_257_bowra-dry-a/downloaded_clips/site_257_item_1401229/site_257_item_1401229_clip_018.webm,152.16,163.608,11.447,afternoon,summer,0.0,-1.0,0.866025,0.5,summer_afternoon
1401459_clip002_s000,resources/site_257_bowra-dry-a/downloaded_clips/site_257_item_1401459/site_257_item_1401459_clip_002.webm,13.886,26.262,12.376,afternoon,summer,-0.5,-0.866025,0.866025,0.5,summer_afternoon
1401459_clip010_s000,resources/site_257_bowra-dry-a/downloaded_clips/site_257_item_1401459/site_257_item_1401459_clip_010.webm,3.599,18.808,15.209,afternoon,summer,-0.5,-0.866025,0.866025,0.5,summer_afternoon
1401459_clip010_s001,resources/site_257_bowra-dry-a/downloaded_clips/site_257_item_1401459/site_257_item_1401459_clip_010.webm,81.014,91.162,10.147,afternoon,summer,-0.5,-0.866025,0.866025,0.5,summer_afternoon
1401459_clip014_s000,resources/site_257_bowra-dry-a/downloaded_clips/site_257_item_1401459/site_257_item_1401459_clip_014.webm,147.377,160.38,13.003,afternoon,summer,-0.5,-0.866025,0.866025,0.5,summer_afternoon
1401459_clip014_s001,resources/site_257_bowra-dry-a/downloaded_clips/site_257_item_1401459/site_257_item_1401459_clip_014.webm,178.631,189.103,10.472,afternoon,summer,-0.5,-0.866025,0.866025,0.5,summer_afternoon
1401459_clip016_s000,resources/site_257_bowra-dry-a/downloaded_clips/site_257_item_1401459/site_257_item_1401459_clip_016.webm,45.79,57.702,11.912,afternoon,summer,-0.5,-0.866025,0.866025,0.5,summer_afternoon
1401459_clip016_s001,resources/site_257_bowra-dry-a/downloaded_clips/site_257_item_1401459/site_257_item_1401459_clip_016.webm,99.265,109.946,10.681,afternoon,summer,-0.5,-0.866025,0.866025,0.5,summer_afternoon
1401459_clip016_s002,resources/site_257_bowra-dry-a/downloaded_clips/site_257_item_1401459/site_257_item_1401459_clip_016.webm,115.403,126.502,11.099,afternoon,summer,-0.5,-0.866025,0.866025,0.5,summer_afternoon
1401459_clip016_s003,resources/site_257_bowra-dry-a/downloaded_clips/site_257_item_1401459/site_257_item_1401459_clip_016.webm,127.756,139.088,11.331,afternoon,summer,-0.5,-0.866025,0.866025,0.5,summer_afternoon
1401459_clip018_s000,resources/site_257_bowra-dry-a/downloaded_clips/site_257_item_1401459/site_257_item_1401459_clip_018.webm,255.28,270.303,15.023,afternoon,summer,-0.5,-0.866025,0.866025,0.5,summer_afternoon
1401459_clip020_s000,resources/site_257_bowra-dry-a/downloaded_clips/site_257_item_1401459/site_257_item_1401459_clip_020.webm,135.419,146.448,11.029,afternoon,summer,-0.5,-0.866025,0.866025,0.5,summer_afternoon
1401459_clip022_s000,resources/site_257_bowra-dry-a/downloaded_clips/site_257_item_1401459/site_257_item_1401459_clip_022.webm,6.153,16.277,10.124,afternoon,summer,-0.5,-0.866025,0.866025,0.5,summer_afternoon
1401654_clip012_s000,resources/site_257_bowra-dry-a/downloaded_clips/site_257_item_1401654/site_257_item_1401654_clip_012.webm,274.042,284.746,10.704,afternoon,summer,-0.5,-0.866025,0.866025,0.5,summer_afternoon
1401654_clip016_s000,resources/site_257_bowra-dry-a/downloaded_clips/site_257_item_1401654/site_257_item_1401654_clip_016.webm,0.186,11.54,11.355,afternoon,summer,-0.5,-0.866025,0.866025,0.5,summer_afternoon
1401654_clip018_s000,resources/site_257_bowra-dry-a/downloaded_clips/site_257_item_1401654/site_257_item_1401654_clip_018.webm,169.784,181.696,11.912,afternoon,summer,-0.5,-0.866025,0.866025,0.5,summer_afternoon
1401827_clip004_s000,resources/site_257_bowra-dry-a/downloaded_clips/site_257_item_1401827/site_257_item_1401827_clip_004.webm,195.257,209.374,14.118,afternoon,summer,0.0,-1.0,0.866025,0.5,summer_afternoon
1401827_clip005_s000,resources/site_257_bowra-dry-a/downloaded_clips/site_257_item_1401827/site_257_item_1401827_clip_005.webm,149.653,162.284,12.632,afternoon,summer,0.0,-1.0,0.866025,0.5,summer_afternoon
1401827_clip009_s000,resources/site_257_bowra-dry-a/downloaded_clips/site_257_item_1401827/site_257_item_1401827_clip_009.webm,47.694,57.818,10.124,afternoon,summer,0.0,-1.0,0.866025,0.5,summer_afternoon
1401827_clip012_s000,resources/site_257_bowra-dry-a/downloaded_clips/site_257_item_1401827/site_257_item_1401827_clip_012.webm,96.131,108.507,12.376,afternoon,summer,0.0,-1.0,0.866025,0.5,summer_afternoon
1401827_clip019_s000,resources/site_257_bowra-dry-a/downloaded_clips/site_257_item_1401827/site_257_item_1401827_clip_019.webm,123.716,133.793,10.077,afternoon,summer,0.0,-1.0,0.866025,0.5,summer_afternoon
1401827_clip024_s000,resources/site_257_bowra-dry-a/downloaded_clips/site_257_item_1401827/site_257_item_1401827_clip_024.webm,221.356,234.313,12.957,afternoon,summer,0.0,-1.0,0.866025,0.5,summer_afternoon
1669252_clip006_s000,resources/site_257_bowra-dry-a/downloaded_clips/site_257_item_1669252/site_257_item_1669252_clip_006.webm,19.156,29.861,10.704,afternoon,summer,-0.5,-0.866025,-0.0,1.0,summer_afternoon
1669252_clip006_s001,resources/site_257_bowra-dry-a/downloaded_clips/site_257_item_1669252/site_257_item_1669252_clip_006.webm,160.775,172.594,11.819,afternoon,summer,-0.5,-0.866025,-0.0,1.0,summer_afternoon
1677675_clip014_s000,resources/site_257_bowra-dry-a/downloaded_clips/site_257_item_1677675/site_257_item_1677675_clip_014.webm,227.765,239.026,11.262,afternoon,summer,-0.5,-0.866025,0.5,0.866025,summer_afternoon
1678976_clip003_s000,resources/site_257_bowra-dry-a/downloaded_clips/site_257_item_1678976/site_257_item_1678976_clip_003.webm,54.335,64.342,10.008,afternoon,summer,-0.5,-0.866025,-0.0,1.0,summer_afternoon
1678976_clip009_s000,resources/site_257_bowra-dry-a/downloaded_clips/site_257_item_1678976/site_257_item_1678976_clip_009.webm,141.526,153.298,11.773,afternoon,summer,-0.5,-0.866025,-0.0,1.0,summer_afternoon
1678976_clip015_s000,resources/site_257_bowra-dry-a/downloaded_clips/site_257_item_1678976/site_257_item_1678976_clip_015.webm,3.46,20.364,16.904,afternoon,summer,-0.5,-0.866025,-0.0,1.0,summer_afternoon
1678976_clip016_s000,resources/site_257_bowra-dry-a/downloaded_clips/site_257_item_1678976/site_257_item_1678976_clip_016.webm,43.166,53.638,10.472,afternoon,summer,-0.5,-0.866025,-0.0,1.0,summer_afternoon
1678976_clip016_s001,resources/site_257_bowra-dry-a/downloaded_clips/site_257_item_1678976/site_257_item_1678976_clip_016.webm,69.683,83.963,14.28,afternoon,summer,-0.5,-0.866025,-0.0,1.0,summer_afternoon
1678976_clip018_s000,resources/site_257_bowra-dry-a/downloaded_clips/site_257_item_1678976/site_257_item_1678976_clip_018.webm,104.652,115.357,10.704,afternoon,summer,-0.5,-0.866025,-0.0,1.0,summer_afternoon
1669607_clip004_s000,resources/site_257_bowra-dry-a/downloaded_clips/site_257_item_1669607/site_257_item_1669607_clip_004.webm,32.717,45.325,12.608,afternoon,summer,0.0,-1.0,0.866025,0.5,summer_afternoon
1669607_clip006_s000,resources/site_257_bowra-dry-a/downloaded_clips/site_257_item_1669607/site_257_item_1669607_clip_006.webm,220.59,231.34,10.751,afternoon,summer,0.0,-1.0,0.866025,0.5,summer_afternoon
1669607_clip011_s000,resources/site_257_bowra-dry-a/downloaded_clips/site_257_item_1669607/site_257_item_1669607_clip_011.webm,111.572,127.176,15.604,afternoon,summer,0.0,-1.0,0.866025,0.5,summer_afternoon
1669607_clip012_s000,resources/site_257_bowra-dry-a/downloaded_clips/site_257_item_1669607/site_257_item_1669607_clip_012.webm,257.416,273.369,15.952,afternoon,summer,0.0,-1.0,0.866025,0.5,summer_afternoon
1669607_clip014_s000,resources/site_257_bowra-dry-a/downloaded_clips/site_257_item_1669607/site_257_item_1669607_clip_014.webm,179.513,192.702,13.189,afternoon,summer,0.0,-1.0,0.866025,0.5,summer_afternoon
1669607_clip019_s000,resources/site_257_bowra-dry-a/downloaded_clips/site_257_item_1669607/site_257_item_1669607_clip_019.webm,251.797,267.355,15.557,afternoon,summer,0.0,-1.0,0.866025,0.5,summer_afternoon
1670394_clip004_s000,resources/site_257_bowra-dry-a/downloaded_clips/site_257_item_1670394/site_257_item_1670394_clip_004.webm,199.436,210.442,11.006,afternoon,summer,-0.258819,-0.965926,0.866025,0.5,summer_afternoon
1670394_clip004_s001,resources/site_257_bowra-dry-a/downloaded_clips/site_257_item_1670394/site_257_item_1670394_clip_004.webm,250.102,263.964,13.862,afternoon,summer,-0.258819,-0.965926,0.866025,0.5,summer_afternoon
1670700_clip013_s000,resources/site_257_bowra-dry-a/downloaded_clips/site_257_item_1670700/site_257_item_1670700_clip_013.webm,67.454,77.578,10.124,afternoon,summer,-0.5,-0.866025,0.866025,0.5,summer_afternoon
1670700_clip018_s000,resources/site_257_bowra-dry-a/downloaded_clips/site_257_item_1670700/site_257_item_1670700_clip_018.webm,193.144,206.077,12.934,afternoon,summer,-0.5,-0.866025,0.866025,0.5,summer_afternoon
1670700_clip023_s000,resources/site_257_bowra-dry-a/downloaded_clips/site_257_item_1670700/site_257_item_1670700_clip_023.webm,32.647,46.068,13.421,afternoon,summer,-0.5,-0.866025,0.866025,0.5,summer_afternoon
1670700_clip024_s000,resources/site_257_bowra-dry-a/downloaded_clips/site_257_item_1670700/site_257_item_1670700_clip_024.webm,80.016,90.395,10.379,afternoon,summer,-0.5,-0.866025,0.866025,0.5,summer_afternoon
1670700_clip024_s001,resources/site_257_bowra-dry-a/downloaded_clips/site_257_item_1670700/site_257_item_1670700_clip_024.webm,212.648,224.235,11.587,afternoon,summer,-0.5,-0.866025,0.866025,0.5,summer_afternoon
1679766_clip002_s000,resources/site_257_bowra-dry-a/downloaded_clips/site_257_item_1679766/site_257_item_1679766_clip_002.webm,99.01,110.132,11.122,afternoon,summer,-0.5,-0.866025,0.5,0.866025,summer_afternoon
1679766_clip002_s001,resources/site_257_bowra-dry-a/downloaded_clips/site_257_item_1679766/site_257_item_1679766_clip_002.webm,263.454,275.714,12.26,afternoon,summer,-0.5,-0.866025,0.5,0.866025,summer_afternoon
1679766_clip005_s000,resources/site_257_bowra-dry-a/downloaded_clips/site_257_item_1679766/site_257_item_1679766_clip_005.webm,44.768,54.962,10.194,afternoon,summer,-0.5,-0.866025,0.5,0.866025,summer_afternoon
1679766_clip018_s000,resources/site_257_bowra-dry-a/downloaded_clips/site_257_item_1679766/site_257_item_1679766_clip_018.webm,2.113,12.562,10.449,afternoon,summer,-0.5,-0.866025,0.5,0.866025,summer_afternoon
1680214_clip007_s000,resources/site_257_bowra-dry-a/downloaded_clips/site_257_item_1680214/site_257_item_1680214_clip_007.webm,225.582,237.169,11.587,afternoon,summer,0.0,-1.0,0.5,0.866025,summer_afternoon
1680214_clip015_s000,resources/site_257_bowra-dry-a/downloaded_clips/site_257_item_1680214/site_257_item_1680214_clip_015.webm,114.196,124.227,10.031,afternoon,summer,0.0,-1.0,0.5,0.866025,summer_afternoon
1680214_clip022_s000,resources/site_257_bowra-dry-a/downloaded_clips/site_257_item_1680214/site_257_item_1680214_clip_022.webm,174.73,185.04,10.31,afternoon,summer,0.0,-1.0,0.5,0.866025,summer_afternoon
1680214_clip022_s001,resources/site_257_bowra-dry-a/downloaded_clips/site_257_item_1680214/site_257_item_1680214_clip_022.webm,213.275,224.398,11.122,afternoon,summer,0.0,-1.0,0.5,0.866025,summer_afternoon
1401402_clip001_s000,resources/site_257_bowra-dry-a/downloaded_clips/site_257_item_1401402/site_257_item_1401402_clip_001.webm,54.753,65.387,10.635,morning,summer,0.707107,-0.707107,0.5,0.866025,summer_morning
1401402_clip006_s000,resources/site_257_bowra-dry-a/downloaded_clips/site_257_item_1401402/site_257_item_1401402_clip_006.webm,202.594,212.764,10.17,morning,summer,0.707107,-0.707107,0.5,0.866025,summer_morning
1401402_clip009_s000,resources/site_257_bowra-dry-a/downloaded_clips/site_257_item_1401402/site_257_item_1401402_clip_009.webm,149.49,164.629,15.139,morning,summer,0.707107,-0.707107,0.5,0.866025,summer_morning
1401632_clip007_s000,resources/site_257_bowra-dry-a/downloaded_clips/site_257_item_1401632/site_257_item_1401632_clip_007.webm,103.143,113.383,10.24,morning,summer,0.866025,-0.5,-0.0,1.0,summer_morning
1401632_clip014_s000,resources/site_257_bowra-dry-a/downloaded_clips/site_257_item_1401632/site_257_item_1401632_clip_014.webm,42.794,57.493,14.698,morning,summer,0.866025,-0.5,-0.0,1.0,summer_morning
1401632_clip014_s001,resources/site_257_bowra-dry-a/downloaded_clips/site_257_item_1401632/site_257_item_1401632_clip_014.webm,267.169,277.293,10.124,morning,summer,0.866025,-0.5,-0.0,1.0,summer_morning
1402285_clip012_s000,resources/site_257_bowra-dry-a/downloaded_clips/site_257_item_1402285/site_257_item_1402285_clip_012.webm,156.944,167.253,10.31,morning,summer,0.866025,-0.5,-0.0,1.0,summer_morning
1402652_clip003_s000,resources/site_257_bowra-dry-a/downloaded_clips/site_257_item_1402652/site_257_item_1402652_clip_003.webm,281.101,294.568,13.468,morning,summer,0.866025,-0.5,0.5,0.866025,summer_morning
1669477_clip004_s000,resources/site_257_bowra-dry-a/downloaded_clips/site_257_item_1669477/site_257_item_1669477_clip_004.webm,13.769,25.287,11.517,morning,summer,0.866025,-0.5,0.866025,0.5,summer_morning
1669477_clip006_s000,resources/site_257_bowra-dry-a/downloaded_clips/site_257_item_1669477/site_257_item_1669477_clip_006.webm,24.706,35.48,10.774,morning,summer,0.866025,-0.5,0.866025,0.5,summer_morning
1676521_clip003_s000,resources/site_257_bowra-dry-a/downloaded_clips/site_257_item_1676521/site_257_item_1676521_clip_003.webm,89.281,100.844,11.564,morning,summer,0.707107,-0.707107,0.866025,0.5,summer_morning
1676619_clip004_s000,resources/site_257_bowra-dry-a/downloaded_clips/site_257_item_1676619/site_257_item_1676619_clip_004.webm,260.342,270.721,10.379,morning,summer,0.866025,-0.5,0.5,0.866025,summer_morning
1676619_clip005_s000,resources/site_257_bowra-dry-a/downloaded_clips/site_257_item_1676619/site_257_item_1676619_clip_005.webm,206.077,219.73,13.653,morning,summer,0.866025,-0.5,0.5,0.866025,summer_morning
1676619_clip008_s000,resources/site_257_bowra-dry-a/downloaded_clips/site_257_item_1676619/site_257_item_1676619_clip_008.webm,44.211,58.329,14.118,morning,summer,0.866025,-0.5,0.5,0.866025,summer_morning
1676619_clip011_s000,resources/site_257_bowra-dry-a/downloaded_clips/site_257_item_1676619/site_257_item_1676619_clip_011.webm,220.984,232.664,11.68,morning,summer,0.866025,-0.5,0.5,0.866025,summer_morning
1676619_clip015_s000,resources/site_257_bowra-dry-a/downloaded_clips/site_257_item_1676619/site_257_item_1676619_clip_015.webm,203.105,215.226,12.121,morning,summer,0.866025,-0.5,0.5,0.866025,summer_morning
1676619_clip017_s000,resources/site_257_bowra-dry-a/downloaded_clips/site_257_item_1676619/site_257_item_1676619_clip_017.webm,261.991,272.788,10.797,morning,summer,0.866025,-0.5,0.5,0.866025,summer_morning
1676791_clip004_s000,resources/site_257_bowra-dry-a/downloaded_clips/site_257_item_1676791/site_257_item_1676791_clip_004.webm,75.604,99.451,23.847,morning,summer,0.866025,-0.5,-0.0,1.0,summer_morning
1678929_clip021_s000,resources/site_257_bowra-dry-a/downloaded_clips/site_257_item_1678929/site_257_item_1678929_clip_021.webm,67.988,80.852,12.864,morning,summer,0.866025,-0.5,-0.0,1.0,summer_morning
1679216_clip002_s000,resources/site_257_bowra-dry-a/downloaded_clips/site_257_item_1679216/site_257_item_1679216_clip_002.webm,257.115,268.399,11.285,morning,summer,0.866025,-0.5,0.5,0.866025,summer_morning
1679216_clip003_s000,resources/site_257_bowra-dry-a/downloaded_clips/site_257_item_1679216/site_257_item_1679216_clip_003.webm,228.763,240.559,11.796,morning,summer,0.866025,-0.5,0.5,0.866025,summer_morning
1679216_clip007_s000,resources/site_257_bowra-dry-a/downloaded_clips/site_257_item_1679216/site_257_item_1679216_clip_007.webm,137.137,148.19,11.053,morning,summer,0.866025,-0.5,0.5,0.866025,summer_morning
1679216_clip010_s000,resources/site_257_bowra-dry-a/downloaded_clips/site_257_item_1679216/site_257_item_1679216_clip_010.webm,132.238,143.523,11.285,morning,summer,0.866025,-0.5,0.5,0.866025,summer_morning
1679216_clip012_s000,resources/site_257_bowra-dry-a/downloaded_clips/site_257_item_1679216/site_257_item_1679216_clip_012.webm,54.474,65.55,11.076,morning,summer,0.866025,-0.5,0.5,0.866025,summer_morning
1679216_clip012_s001,resources/site_257_bowra-dry-a/downloaded_clips/site_257_item_1679216/site_257_item_1679216_clip_012.webm,200.342,212.741,12.399,morning,summer,0.866025,-0.5,0.5,0.866025,summer_morning
1679216_clip012_s002,resources/site_257_bowra-dry-a/downloaded_clips/site_257_item_1679216/site_257_item_1679216_clip_012.webm,268.028,279.034,11.006,morning,summer,0.866025,-0.5,0.5,0.866025,summer_morning
1679216_clip014_s000,resources/site_257_bowra-dry-a/downloaded_clips/site_257_item_1679216/site_257_item_1679216_clip_014.webm,38.243,51.037,12.794,morning,summer,0.866025,-0.5,0.5,0.866025,summer_morning
1679216_clip014_s001,resources/site_257_bowra-dry-a/downloaded_clips/site_257_item_1679216/site_257_item_1679216_clip_014.webm,226.58,237.169,10.588,morning,summer,0.866025,-0.5,0.5,0.866025,summer_morning
1679216_clip014_s002,resources/site_257_bowra-dry-a/downloaded_clips/site_257_item_1679216/site_257_item_1679216_clip_014.webm,254.56,265.66,11.099,morning,summer,0.866025,-0.5,0.5,0.866025,summer_morning
1679216_clip015_s000,resources/site_257_bowra-dry-a/downloaded_clips/site_257_item_1679216/site_257_item_1679216_clip_015.webm,26.68,39.335,12.655,morning,summer,0.866025,-0.5,0.5,0.866025,summer_morning
1679216_clip015_s001,resources/site_257_bowra-dry-a/downloaded_clips/site_257_item_1679216/site_257_item_1679216_clip_015.webm,95.55,108.739,13.189,morning,summer,0.866025,-0.5,0.5,0.866025,summer_morning
1679216_clip015_s002,resources/site_257_bowra-dry-a/downloaded_clips/site_257_item_1679216/site_257_item_1679216_clip_015.webm,224.56,241.859,17.299,morning,summer,0.866025,-0.5,0.5,0.866025,summer_morning
1679216_clip015_s003,resources/site_257_bowra-dry-a/downloaded_clips/site_257_item_1679216/site_257_item_1679216_clip_015.webm,270.048,289.46,19.412,morning,summer,0.866025,-0.5,0.5,0.866025,summer_morning
215185_clip006_s000,resources/site_257_bowra-dry-a/downloaded_clips/site_257_item_215185/site_257_item_215185_clip_006.webm,165.512,179.165,13.653,morning,summer,0.866025,-0.5,-0.0,1.0,summer_morning
215185_clip020_s000,resources/site_257_bowra-dry-a/downloaded_clips/site_257_item_215185/site_257_item_215185_clip_020.webm,53.87,64.18,10.31,morning,summer,0.866025,-0.5,-0.0,1.0,summer_morning
215474_clip003_s000,resources/site_257_bowra-dry-a/downloaded_clips/site_257_item_215474/site_257_item_215474_clip_003.webm,197.811,208.097,10.286,morning,summer,0.866025,-0.5,0.5,0.866025,summer_morning
215474_clip004_s000,resources/site_257_bowra-dry-a/downloaded_clips/site_257_item_215474/site_257_item_215474_clip_004.webm,156.619,169.668,13.05,morning,summer,0.866025,-0.5,0.5,0.866025,summer_morning
215474_clip004_s001,resources/site_257_bowra-dry-a/downloaded_clips/site_257_item_215474/site_257_item_215474_clip_004.webm,213.252,223.376,10.124,morning,summer,0.866025,-0.5,0.5,0.866025,summer_morning
215474_clip004_s002,resources/site_257_bowra-dry-a/downloaded_clips/site_257_item_215474/site_257_item_215474_clip_004.webm,245.156,255.443,10.286,morning,summer,0.866025,-0.5,0.5,0.866025,summer_morning
215474_clip005_s000,resources/site_257_bowra-dry-a/downloaded_clips/site_257_item_215474/site_257_item_215474_clip_005.webm,45.674,55.914,10.24,morning,summer,0.866025,-0.5,0.5,0.866025,summer_morning
215474_clip007_s000,resources/site_257_bowra-dry-a/downloaded_clips/site_257_item_215474/site_257_item_215474_clip_007.webm,117.029,131.123,14.095,morning,summer,0.866025,-0.5,0.5,0.866025,summer_morning
215474_clip010_s000,resources/site_257_bowra-dry-a/downloaded_clips/site_257_item_215474/site_257_item_215474_clip_010.webm,279.893,292.432,12.539,morning,summer,0.866025,-0.5,0.5,0.866025,summer_morning
215474_clip013_s000,resources/site_257_bowra-dry-a/downloaded_clips/site_257_item_215474/site_257_item_215474_clip_013.webm,184.483,195.791,11.308,morning,summer,0.866025,-0.5,0.5,0.866025,summer_morning
215474_clip014_s000,resources/site_257_bowra-dry-a/downloaded_clips/site_257_item_215474/site_257_item_215474_clip_014.webm,11.471,22.314,10.844,morning,summer,0.866025,-0.5,0.5,0.866025,summer_morning
215474_clip014_s001,resources/site_257_bowra-dry-a/downloaded_clips/site_257_item_215474/site_257_item_215474_clip_014.webm,35.805,47.137,11.331,morning,summer,0.866025,-0.5,0.5,0.866025,summer_morning
215474_clip016_s000,resources/site_257_bowra-dry-a/downloaded_clips/site_257_item_215474/site_257_item_215474_clip_016.webm,69.776,84.01,14.234,morning,summer,0.866025,-0.5,0.5,0.866025,summer_morning
215474_clip019_s000,resources/site_257_bowra-dry-a/downloaded_clips/site_257_item_215474/site_257_item_215474_clip_019.webm,128.174,140.55,12.376,morning,summer,0.866025,-0.5,0.5,0.866025,summer_morning
215474_clip020_s000,resources/site_257_bowra-dry-a/downloaded_clips/site_257_item_215474/site_257_item_215474_clip_020.webm,56.517,66.734,10.217,morning,summer,0.866025,-0.5,0.5,0.866025,summer_morning
215474_clip020_s001,resources/site_257_bowra-dry-a/downloaded_clips/site_257_item_215474/site_257_item_215474_clip_020.webm,183.484,194.815,11.331,morning,summer,0.866025,-0.5,0.5,0.866025,summer_morning
215474_clip023_s000,resources/site_257_bowra-dry-a/downloaded_clips/site_257_item_215474/site_257_item_215474_clip_023.webm,75.604,87.446,11.842,morning,summer,0.866025,-0.5,0.5,0.866025,summer_morning
215474_clip023_s001,resources/site_257_bowra-dry-a/downloaded_clips/site_257_item_215474/site_257_item_215474_clip_023.webm,97.245,107.903,10.658,morning,summer,0.866025,-0.5,0.5,0.866025,summer_morning
215474_clip024_s000,resources/site_257_bowra-dry-a/downloaded_clips/site_257_item_215474/site_257_item_215474_clip_024.webm,266.333,281.333,15.0,morning,summer,0.866025,-0.5,0.5,0.866025,summer_morning
215684_clip017_s000,resources/site_257_bowra-dry-a/downloaded_clips/site_257_item_215684/site_257_item_215684_clip_017.webm,65.178,78.135,12.957,morning,summer,0.866025,-0.5,0.5,0.866025,summer_morning
215727_clip010_s000,resources/site_257_bowra-dry-a/downloaded_clips/site_257_item_215727/site_257_item_215727_clip_010.webm,201.503,211.696,10.194,morning,summer,0.866025,-0.5,0.866025,0.5,summer_morning
215727_clip019_s000,resources/site_257_bowra-dry-a/downloaded_clips/site_257_item_215727/site_257_item_215727_clip_019.webm,107.555,119.211,11.656,morning,summer,0.866025,-0.5,0.866025,0.5,summer_morning
215898_clip020_s000,resources/site_257_bowra-dry-a/downloaded_clips/site_257_item_215898/site_257_item_215898_clip_020.webm,192.145,203.059,10.913,morning,summer,0.866025,-0.5,0.866025,0.5,summer_morning
215898_clip021_s000,resources/site_257_bowra-dry-a/downloaded_clips/site_257_item_215898/site_257_item_215898_clip_021.webm,20.805,30.859,10.054,morning,summer,0.866025,-0.5,0.866025,0.5,summer_morning
215018_clip018_s000,resources/site_257_bowra-dry-a/downloaded_clips/site_257_item_215018/site_257_item_215018_clip_018.webm,5.341,18.019,12.678,morning,summer,0.866025,-0.5,-0.0,1.0,summer_morning
215117_clip021_s000,resources/site_257_bowra-dry-a/downloaded_clips/site_257_item_215117/site_257_item_215117_clip_021.webm,153.995,164.026,10.031,morning,summer,0.866025,-0.5,-0.0,1.0,summer_morning
215239_clip001_s000,resources/site_257_bowra-dry-a/downloaded_clips/site_257_item_215239/site_257_item_215239_clip_001.webm,194.746,205.055,10.31,morning,summer,0.866025,-0.5,-0.0,1.0,summer_morning
215239_clip010_s000,resources/site_257_bowra-dry-a/downloaded_clips/site_257_item_215239/site_257_item_215239_clip_010.webm,32.647,43.096,10.449,morning,summer,0.866025,-0.5,-0.0,1.0,summer_morning
215239_clip010_s001,resources/site_257_bowra-dry-a/downloaded_clips/site_257_item_215239/site_257_item_215239_clip_010.webm,210.048,220.334,10.286,morning,summer,0.866025,-0.5,-0.0,1.0,summer_morning
215304_clip013_s000,resources/site_257_bowra-dry-a/downloaded_clips/site_257_item_215304/site_257_item_215304_clip_013.webm,229.854,242.927,13.073,morning,summer,0.866025,-0.5,-0.0,1.0,summer_morning
215304_clip016_s000,resources/site_257_bowra-dry-a/downloaded_clips/site_257_item_215304/site_257_item_215304_clip_016.webm,148.608,159.126,10.519,morning,summer,0.866025,-0.5,-0.0,1.0,summer_morning
215304_clip016_s001,resources/site_257_bowra-dry-a/downloaded_clips/site_257_item_215304/site_257_item_215304_clip_016.webm,237.749,248.012,10.263,morning,summer,0.866025,-0.5,-0.0,1.0,summer_morning
215304_clip017_s000,resources/site_257_bowra-dry-a/downloaded_clips/site_257_item_215304/site_257_item_215304_clip_017.webm,13.955,24.52,10.565,morning,summer,0.866025,-0.5,-0.0,1.0,summer_morning
215304_clip017_s001,resources/site_257_bowra-dry-a/downloaded_clips/site_257_item_215304/site_257_item_215304_clip_017.webm,120.953,134.304,13.351,morning,summer,0.866025,-0.5,-0.0,1.0,summer_morning
215304_clip022_s000,resources/site_257_bowra-dry-a/downloaded_clips/site_257_item_215304/site_257_item_215304_clip_022.webm,81.131,93.158,12.028,morning,summer,0.866025,-0.5,-0.0,1.0,summer_morning
215304_clip023_s000,resources/site_257_bowra-dry-a/downloaded_clips/site_257_item_215304/site_257_item_215304_clip_023.webm,286.232,297.749,11.517,morning,summer,0.866025,-0.5,-0.0,1.0,summer_morning
215442_clip002_s000,resources/site_257_bowra-dry-a/downloaded_clips/site_257_item_215442/site_257_item_215442_clip_002.webm,51.943,67.524,15.581,morning,summer,0.866025,-0.5,0.5,0.866025,summer_morning
215442_clip003_s000,resources/site_257_bowra-dry-a/downloaded_clips/site_257_item_215442/site_257_item_215442_clip_003.webm,109.343,119.42,10.077,morning,summer,0.866025,-0.5,0.5,0.866025,summer_morning
215442_clip003_s001,resources/site_257_bowra-dry-a/downloaded_clips/site_257_item_215442/site_257_item_215442_clip_003.webm,219.986,234.011,14.025,morning,summer,0.866025,-0.5,0.5,0.866025,summer_morning
215442_clip009_s000,resources/site_257_bowra-dry-a/downloaded_clips/site_257_item_215442/site_257_item_215442_clip_009.webm,49.923,61.254,11.331,morning,summer,0.866025,-0.5,0.5,0.866025,summer_morning
215442_clip010_s000,resources/site_257_bowra-dry-a/downloaded_clips/site_257_item_215442/site_257_item_215442_clip_010.webm,285.118,295.636,10.519,morning,summer,0.866025,-0.5,0.5,0.866025,summer_morning
215442_clip011_s000,resources/site_257_bowra-dry-a/downloaded_clips/site_257_item_215442/site_257_item_215442_clip_011.webm,151.232,161.518,10.286,morning,summer,0.866025,-0.5,0.5,0.866025,summer_morning
215442_clip012_s000,resources/site_257_bowra-dry-a/downloaded_clips/site_257_item_215442/site_257_item_215442_clip_012.webm,78.971,89.884,10.913,morning,summer,0.866025,-0.5,0.5,0.866025,summer_morning
215442_clip012_s001,resources/site_257_bowra-dry-a/downloaded_clips/site_257_item_215442/site_257_item_215442_clip_012.webm,107.183,118.584,11.401,morning,summer,0.866025,-0.5,0.5,0.866025,summer_morning
215442_clip013_s000,resources/site_257_bowra-dry-a/downloaded_clips/site_257_item_215442/site_257_item_215442_clip_013.webm,53.986,64.691,10.704,morning,summer,0.866025,-0.5,0.5,0.866025,summer_morning
215442_clip013_s001,resources/site_257_bowra-dry-a/downloaded_clips/site_257_item_215442/site_257_item_215442_clip_013.webm,165.187,175.752,10.565,morning,summer,0.866025,-0.5,0.5,0.866025,summer_morning
215442_clip017_s000,resources/site_257_bowra-dry-a/downloaded_clips/site_257_item_215442/site_257_item_215442_clip_017.webm,102.655,112.733,10.077,morning,summer,0.866025,-0.5,0.5,0.866025,summer_morning
215442_clip019_s000,resources/site_257_bowra-dry-a/downloaded_clips/site_257_item_215442/site_257_item_215442_clip_019.webm,256.534,266.89,10.356,morning,summer,0.866025,-0.5,0.5,0.866025,summer_morning
215470_clip004_s000,resources/site_257_bowra-dry-a/downloaded_clips/site_257_item_215470/site_257_item_215470_clip_004.webm,202.594,215.946,13.351,morning,summer,0.5,-0.866025,0.5,0.866025,summer_morning
215470_clip008_s000,resources/site_257_bowra-dry-a/downloaded_clips/site_257_item_215470/site_257_item_215470_clip_008.webm,131.936,141.967,10.031,morning,summer,0.5,-0.866025,0.5,0.866025,summer_morning
215470_clip015_s000,resources/site_257_bowra-dry-a/downloaded_clips/site_257_item_215470/site_257_item_215470_clip_015.webm,53.708,67.268,13.56,morning,summer,0.5,-0.866025,0.5,0.866025,summer_morning
215530_clip003_s000,resources/site_257_bowra-dry-a/downloaded_clips/site_257_item_215530/site_257_item_215530_clip_003.webm,257.927,268.655,10.728,morning,summer,0.866025,-0.5,0.5,0.866025,summer_morning
215530_clip005_s000,resources/site_257_bowra-dry-a/downloaded_clips/site_257_item_215530/site_257_item_215530_clip_005.webm,138.112,148.933,10.82,morning,summer,0.866025,-0.5,0.5,0.866025,summer_morning
215530_clip007_s000,resources/site_257_bowra-dry-a/downloaded_clips/site_257_item_215530/site_257_item_215530_clip_007.webm,175.589,185.644,10.054,morning,summer,0.866025,-0.5,0.5,0.866025,summer_morning
215530_clip008_s000,resources/site_257_bowra-dry-a/downloaded_clips/site_257_item_215530/site_257_item_215530_clip_008.webm,202.432,212.602,10.17,morning,summer,0.866025,-0.5,0.5,0.866025,summer_morning
215530_clip011_s000,resources/site_257_bowra-dry-a/downloaded_clips/site_257_item_215530/site_257_item_215530_clip_011.webm,81.2,91.951,10.751,morning,summer,0.866025,-0.5,0.5,0.866025,summer_morning
215530_clip023_s000,resources/site_257_bowra-dry-a/downloaded_clips/site_257_item_215530/site_257_item_215530_clip_023.webm,9.404,23.081,13.677,morning,summer,0.866025,-0.5,0.5,0.866025,summer_morning
215530_clip024_s000,resources/site_257_bowra-dry-a/downloaded_clips/site_257_item_215530/site_257_item_215530_clip_024.webm,194.351,205.45,11.099,morning,summer,0.866025,-0.5,0.5,0.866025,summer_morning
215630_clip001_s000,resources/site_257_bowra-dry-a/downloaded_clips/site_257_item_215630/site_257_item_215630_clip_001.webm,85.194,97.408,12.214,morning,summer,0.866025,-0.5,0.5,0.866025,summer_morning
215630_clip004_s000,resources/site_257_bowra-dry-a/downloaded_clips/site_257_item_215630/site_257_item_215630_clip_004.webm,45.209,55.263,10.054,morning,summer,0.866025,-0.5,0.5,0.866025,summer_morning
215630_clip011_s000,resources/site_257_bowra-dry-a/downloaded_clips/site_257_item_215630/site_257_item_215630_clip_011.webm,52.5,63.669,11.169,morning,summer,0.866025,-0.5,0.5,0.866025,summer_morning
215630_clip014_s000,resources/site_257_bowra-dry-a/downloaded_clips/site_257_item_215630/site_257_item_215630_clip_014.webm,17.229,27.934,10.704,morning,summer,0.866025,-0.5,0.5,0.866025,summer_morning
215630_clip014_s001,resources/site_257_bowra-dry-a/downloaded_clips/site_257_item_215630/site_257_item_215630_clip_014.webm,261.875,272.904,11.029,morning,summer,0.866025,-0.5,0.5,0.866025,summer_morning
215630_clip019_s000,resources/site_257_bowra-dry-a/downloaded_clips/site_257_item_215630/site_257_item_215630_clip_019.webm,143.267,153.345,10.077,morning,summer,0.866025,-0.5,0.5,0.866025,summer_morning
215630_clip019_s001,resources/site_257_bowra-dry-a/downloaded_clips/site_257_item_215630/site_257_item_215630_clip_019.webm,174.219,184.343,10.124,morning,summer,0.866025,-0.5,0.5,0.866025,summer_morning
215630_clip022_s000,resources/site_257_bowra-dry-a/downloaded_clips/site_257_item_215630/site_257_item_215630_clip_022.webm,141.549,154.064,12.516,morning,summer,0.866025,-0.5,0.5,0.866025,summer_morning
215630_clip023_s000,resources/site_257_bowra-dry-a/downloaded_clips/site_257_item_215630/site_257_item_215630_clip_023.webm,4.946,18.599,13.653,morning,summer,0.866025,-0.5,0.5,0.866025,summer_morning
215888_clip007_s000,resources/site_257_bowra-dry-a/downloaded_clips/site_257_item_215888/site_257_item_215888_clip_007.webm,121.603,132.238,10.635,morning,summer,0.866025,-0.5,0.866025,0.5,summer_morning
215929_clip003_s000,resources/site_257_bowra-dry-a/downloaded_clips/site_257_item_215929/site_257_item_215929_clip_003.webm,140.063,150.698,10.635,morning,summer,0.866025,-0.5,0.866025,0.5,summer_morning
215929_clip004_s000,resources/site_257_bowra-dry-a/downloaded_clips/site_257_item_215929/site_257_item_215929_clip_004.webm,4.783,15.302,10.519,morning,summer,0.866025,-0.5,0.866025,0.5,summer_morning
215929_clip005_s000,resources/site_257_bowra-dry-a/downloaded_clips/site_257_item_215929/site_257_item_215929_clip_005.webm,93.809,104.467,10.658,morning,summer,0.866025,-0.5,0.866025,0.5,summer_morning
215929_clip005_s001,resources/site_257_bowra-dry-a/downloaded_clips/site_257_item_215929/site_257_item_215929_clip_005.webm,125.411,135.419,10.008,morning,summer,0.866025,-0.5,0.866025,0.5,summer_morning
215929_clip008_s000,resources/site_257_bowra-dry-a/downloaded_clips/site_257_item_215929/site_257_item_215929_clip_008.webm,141.944,152.253,10.31,morning,summer,0.866025,-0.5,0.866025,0.5,summer_morning
215929_clip008_s001,resources/site_257_bowra-dry-a/downloaded_clips/site_257_item_215929/site_257_item_215929_clip_008.webm,229.924,240.234,10.31,morning,summer,0.866025,-0.5,0.866025,0.5,summer_morning
215929_clip008_s002,resources/site_257_bowra-dry-a/downloaded_clips/site_257_item_215929/site_257_item_215929_clip_008.webm,286.511,298.469,11.958,morning,summer,0.866025,-0.5,0.866025,0.5,summer_morning
215929_clip009_s000,resources/site_257_bowra-dry-a/downloaded_clips/site_257_item_215929/site_257_item_215929_clip_009.webm,177.122,188.778,11.656,morning,summer,0.866025,-0.5,0.866025,0.5,summer_morning
215929_clip009_s001,resources/site_257_bowra-dry-a/downloaded_clips/site_257_item_215929/site_257_item_215929_clip_009.webm,244.529,256.929,12.399,morning,summer,0.866025,-0.5,0.866025,0.5,summer_morning
215929_clip009_s002,resources/site_257_bowra-dry-a/downloaded_clips/site_257_item_215929/site_257_item_215929_clip_009.webm,275.203,288.113,12.91,morning,summer,0.866025,-0.5,0.866025,0.5,summer_morning
215929_clip012_s000,resources/site_257_bowra-dry-a/downloaded_clips/site_257_item_215929/site_257_item_215929_clip_012.webm,288.763,299.654,10.89,morning,summer,0.866025,-0.5,0.866025,0.5,summer_morning
215929_clip013_s000,resources/site_257_bowra-dry-a/downloaded_clips/site_257_item_215929/site_257_item_215929_clip_013.webm,191.193,203.175,11.981,morning,summer,0.866025,-0.5,0.866025,0.5,summer_morning
215929_clip014_s000,resources/site_257_bowra-dry-a/downloaded_clips/site_257_item_215929/site_257_item_215929_clip_014.webm,284.862,295.242,10.379,morning,summer,0.866025,-0.5,0.866025,0.5,summer_morning
215929_clip020_s000,resources/site_257_bowra-dry-a/downloaded_clips/site_257_item_215929/site_257_item_215929_clip_020.webm,7.384,27.376,19.992,morning,summer,0.866025,-0.5,0.866025,0.5,summer_morning
215929_clip020_s001,resources/site_257_bowra-dry-a/downloaded_clips/site_257_item_215929/site_257_item_215929_clip_020.webm,122.717,133.259,10.542,morning,summer,0.866025,-0.5,0.866025,0.5,summer_morning
215929_clip020_s002,resources/site_257_bowra-dry-a/downloaded_clips/site_257_item_215929/site_257_item_215929_clip_020.webm,165.14,176.565,11.424,morning,summer,0.866025,-0.5,0.866025,0.5,summer_morning
1401074_clip010_s000,resources/site_257_bowra-dry-a/downloaded_clips/site_257_item_1401074/site_257_item_1401074_clip_010.webm,157.292,170.969,13.677,morning,summer,0.866025,-0.5,-0.0,1.0,summer_morning
1401074_clip010_s001,resources/site_257_bowra-dry-a/downloaded_clips/site_257_item_1401074/site_257_item_1401074_clip_010.webm,273.578,286.372,12.794,morning,summer,0.866025,-0.5,-0.0,1.0,summer_morning
1401074_clip011_s000,resources/site_257_bowra-dry-a/downloaded_clips/site_257_item_1401074/site_257_item_1401074_clip_011.webm,218.593,232.501,13.909,morning,summer,0.866025,-0.5,-0.0,1.0,summer_morning
1401074_clip016_s000,resources/site_257_bowra-dry-a/downloaded_clips/site_257_item_1401074/site_257_item_1401074_clip_016.webm,41.517,52.686,11.169,morning,summer,0.866025,-0.5,-0.0,1.0,summer_morning
1401172_clip004_s000,resources/site_257_bowra-dry-a/downloaded_clips/site_257_item_1401172/site_257_item_1401172_clip_004.webm,139.227,149.653,10.426,morning,summer,0.707107,-0.707107,0.5,0.866025,summer_morning
1401172_clip004_s001,resources/site_257_bowra-dry-a/downloaded_clips/site_257_item_1401172/site_257_item_1401172_clip_004.webm,188.778,201.131,12.353,morning,summer,0.707107,-0.707107,0.5,0.866025,summer_morning
1401172_clip004_s002,resources/site_257_bowra-dry-a/downloaded_clips/site_257_item_1401172/site_257_item_1401172_clip_004.webm,244.344,254.723,10.379,morning,summer,0.707107,-0.707107,0.5,0.866025,summer_morning
1401516_clip001_s000,resources/site_257_bowra-dry-a/downloaded_clips/site_257_item_1401516/site_257_item_1401516_clip_001.webm,100.519,113.22,12.701,morning,summer,0.707107,-0.707107,-0.0,1.0,summer_morning
1401516_clip005_s000,resources/site_257_bowra-dry-a/downloaded_clips/site_257_item_1401516/site_257_item_1401516_clip_005.webm,60.372,70.937,10.565,morning,summer,0.707107,-0.707107,-0.0,1.0,summer_morning
1401516_clip005_s001,resources/site_257_bowra-dry-a/downloaded_clips/site_257_item_1401516/site_257_item_1401516_clip_005.webm,88.491,99.939,11.447,morning,summer,0.707107,-0.707107,-0.0,1.0,summer_morning
1401516_clip007_s000,resources/site_257_bowra-dry-a/downloaded_clips/site_257_item_1401516/site_257_item_1401516_clip_007.webm,183.229,195.558,12.33,morning,summer,0.707107,-0.707107,-0.0,1.0,summer_morning
1401516_clip008_s000,resources/site_257_bowra-dry-a/downloaded_clips/site_257_item_1401516/site_257_item_1401516_clip_008.webm,242.44,252.494,10.054,morning,summer,0.707107,-0.707107,-0.0,1.0,summer_morning
1402269_clip016_s000,resources/site_257_bowra-dry-a/downloaded_clips/site_257_item_1402269/site_257_item_1402269_clip_016.webm,151.208,163.283,12.074,morning,summer,0.866025,-0.5,-0.0,1.0,summer_morning
1402704_clip008_s000,resources/site_257_bowra-dry-a/downloaded_clips/site_257_item_1402704/site_257_item_1402704_clip_008.webm,220.543,237.099,16.556,morning,summer,0.866025,-0.5,0.5,0.866025,summer_morning
1402704_clip009_s000,resources/site_257_bowra-dry-a/downloaded_clips/site_257_item_1402704/site_257_item_1402704_clip_009.webm,29.605,41.215,11.61,morning,summer,0.866025,-0.5,0.5,0.866025,summer_morning
1402704_clip012_s000,resources/site_257_bowra-dry-a/downloaded_clips/site_257_item_1402704/site_257_item_1402704_clip_012.webm,130.682,142.733,12.051,morning,summer,0.866025,-0.5,0.5,0.866025,summer_morning
1402704_clip013_s000,resources/site_257_bowra-dry-a/downloaded_clips/site_257_item_1402704/site_257_item_1402704_clip_013.webm,148.468,160.078,11.61,morning,summer,0.866025,-0.5,0.5,0.866025,summer_morning
1402704_clip015_s000,resources/site_257_bowra-dry-a/downloaded_clips/site_257_item_1402704/site_257_item_1402704_clip_015.webm,23.638,35.689,12.051,morning,summer,0.866025,-0.5,0.5,0.866025,summer_morning
1402704_clip016_s000,resources/site_257_bowra-dry-a/downloaded_clips/site_257_item_1402704/site_257_item_1402704_clip_016.webm,73.004,88.816,15.813,morning,summer,0.866025,-0.5,0.5,0.866025,summer_morning
1402704_clip016_s001,resources/site_257_bowra-dry-a/downloaded_clips/site_257_item_1402704/site_257_item_1402704_clip_016.webm,158.941,170.388,11.447,morning,summer,0.866025,-0.5,0.5,0.866025,summer_morning
1402704_clip019_s000,resources/site_257_bowra-dry-a/downloaded_clips/site_257_item_1402704/site_257_item_1402704_clip_019.webm,180.303,192.819,12.516,morning,summer,0.866025,-0.5,0.5,0.866025,summer_morning
1402704_clip020_s000,resources/site_257_bowra-dry-a/downloaded_clips/site_257_item_1402704/site_257_item_1402704_clip_020.webm,85.148,96.316,11.169,morning,summer,0.866025,-0.5,0.5,0.866025,summer_morning
1401454_clip003_s000,resources/site_257_bowra-dry-a/downloaded_clips/site_257_item_1401454/site_257_item_1401454_clip_003.webm,243.531,253.539,10.008,morning,summer,0.866025,-0.5,0.866025,0.5,summer_morning
1401454_clip009_s000,resources/site_257_bowra-dry-a/downloaded_clips/site_257_item_1401454/site_257_item_1401454_clip_009.webm,22.314,33.506,11.192,morning,summer,0.866025,-0.5,0.866025,0.5,summer_morning
1401454_clip015_s000,resources/site_257_bowra-dry-a/downloaded_clips/site_257_item_1401454/site_257_item_1401454_clip_015.webm,24.892,36.061,11.169,morning,summer,0.866025,-0.5,0.866025,0.5,summer_morning
1401454_clip021_s000,resources/site_257_bowra-dry-a/downloaded_clips/site_257_item_1401454/site_257_item_1401454_clip_021.webm,223.353,236.356,13.003,morning,summer,0.866025,-0.5,0.866025,0.5,summer_morning
1401454_clip022_s000,resources/site_257_bowra-dry-a/downloaded_clips/site_257_item_1401454/site_257_item_1401454_clip_022.webm,69.706,80.271,10.565,morning,summer,0.866025,-0.5,0.866025,0.5,summer_morning
1401454_clip024_s000,resources/site_257_bowra-dry-a/downloaded_clips/site_257_item_1401454/site_257_item_1401454_clip_024.webm,204.87,216.549,11.68,morning,summer,0.866025,-0.5,0.866025,0.5,summer_morning
1401824_clip009_s000,resources/site_257_bowra-dry-a/downloaded_clips/site_257_item_1401824/site_257_item_1401824_clip_009.webm,99.521,109.761,10.24,morning,summer,0.866025,-0.5,0.866025,0.5,summer_morning
1401824_clip015_s000,resources/site_257_bowra-dry-a/downloaded_clips/site_257_item_1401824/site_257_item_1401824_clip_015.webm,167.996,180.442,12.446,morning,summer,0.866025,-0.5,0.866025,0.5,summer_morning
1401824_clip016_s000,resources/site_257_bowra-dry-a/downloaded_clips/site_257_item_1401824/site_257_item_1401824_clip_016.webm,198.275,208.446,10.17,morning,summer,0.866025,-0.5,0.866025,0.5,summer_morning
1401824_clip018_s000,resources/site_257_bowra-dry-a/downloaded_clips/site_257_item_1401824/site_257_item_1401824_clip_018.webm,19.249,33.924,14.675,morning,summer,0.866025,-0.5,0.866025,0.5,summer_morning
1401824_clip019_s000,resources/site_257_bowra-dry-a/downloaded_clips/site_257_item_1401824/site_257_item_1401824_clip_019.webm,109.018,120.651,11.633,morning,summer,0.866025,-0.5,0.866025,0.5,summer_morning
1401824_clip021_s000,resources/site_257_bowra-dry-a/downloaded_clips/site_257_item_1401824/site_257_item_1401824_clip_021.webm,287.138,298.585,11.447,morning,summer,0.866025,-0.5,0.866025,0.5,summer_morning
1401824_clip024_s000,resources/site_257_bowra-dry-a/downloaded_clips/site_257_item_1401824/site_257_item_1401824_clip_024.webm,83.104,94.691,11.587,morning,summer,0.866025,-0.5,0.866025,0.5,summer_morning
1402319_clip010_s000,resources/site_257_bowra-dry-a/downloaded_clips/site_257_item_1402319/site_257_item_1402319_clip_010.webm,96.804,107.369,10.565,morning,summer,0.866025,-0.5,0.866025,0.5,summer_morning
1402795_clip005_s000,resources/site_257_bowra-dry-a/downloaded_clips/site_257_item_1402795/site_257_item_1402795_clip_005.webm,69.474,80.666,11.192,morning,summer,0.866025,-0.5,0.5,0.866025,summer_morning
1402795_clip006_s000,resources/site_257_bowra-dry-a/downloaded_clips/site_257_item_1402795/site_257_item_1402795_clip_006.webm,32.601,49.273,16.672,morning,summer,0.866025,-0.5,0.5,0.866025,summer_morning
1402881_clip004_s000,resources/site_257_bowra-dry-a/downloaded_clips/site_257_item_1402881/site_257_item_1402881_clip_004.webm,197.37,207.888,10.519,morning,summer,0.707107,-0.707107,0.5,0.866025,summer_morning
1402881_clip005_s000,resources/site_257_bowra-dry-a/downloaded_clips/site_257_item_1402881/site_257_item_1402881_clip_005.webm,227.904,240.489,12.585,morning,summer,0.707107,-0.707107,0.5,0.866025,summer_morning
1402881_clip005_s001,resources/site_257_bowra-dry-a/downloaded_clips/site_257_item_1402881/site_257_item_1402881_clip_005.webm,254.375,264.452,10.077,morning,summer,0.707107,-0.707107,0.5,0.866025,summer_morning
1677672_clip012_s000,resources/site_257_bowra-dry-a/downloaded_clips/site_257_item_1677672/site_257_item_1677672_clip_012.webm,258.043,268.817,10.774,morning,summer,0.866025,-0.5,0.5,0.866025,summer_morning
1677672_clip012_s001,resources/site_257_bowra-dry-a/downloaded_clips/site_257_item_1677672/site_257_item_1677672_clip_012.webm,283.864,294.034,10.17,morning,summer,0.866025,-0.5,0.5,0.866025,summer_morning
1677672_clip013_s000,resources/site_257_bowra-dry-a/downloaded_clips/site_257_item_1677672/site_257_item_1677672_clip_013.webm,282.494,297.517,15.023,morning,summer,0.866025,-0.5,0.5,0.866025,summer_morning
1677672_clip020_s000,resources/site_257_bowra-dry-a/downloaded_clips/site_257_item_1677672/site_257_item_1677672_clip_020.webm,259.738,270.164,10.426,morning,summer,0.866025,-0.5,0.5,0.866025,summer_morning
1680207_clip001_s000,resources/site_257_bowra-dry-a/downloaded_clips/site_257_item_1680207/site_257_item_1680207_clip_001.webm,14.025,25.217,11.192,morning,summer,0.866025,-0.5,0.5,0.866025,summer_morning
1680207_clip001_s001,resources/site_257_bowra-dry-a/downloaded_clips/site_257_item_1680207/site_257_item_1680207_clip_001.webm,78.623,90.326,11.703,morning,summer,0.866025,-0.5,0.5,0.866025,summer_morning
1680207_clip005_s000,resources/site_257_bowra-dry-a/downloaded_clips/site_257_item_1680207/site_257_item_1680207_clip_005.webm,54.497,71.68,17.183,morning,summer,0.866025,-0.5,0.5,0.866025,summer_morning
1680207_clip006_s000,resources/site_257_bowra-dry-a/downloaded_clips/site_257_item_1680207/site_257_item_1680207_clip_006.webm,181.65,192.122,10.472,morning,summer,0.866025,-0.5,0.5,0.866025,summer_morning
1680207_clip016_s000,resources/site_257_bowra-dry-a/downloaded_clips/site_257_item_1680207/site_257_item_1680207_clip_016.webm,116.843,127.663,10.82,morning,summer,0.866025,-0.5,0.5,0.866025,summer_morning
1669752_clip015_s000,resources/site_257_bowra-dry-a/downloaded_clips/site_257_item_1669752/site_257_item_1669752_clip_015.webm,233.105,247.107,14.002,morning,summer,0.866025,-0.5,0.5,0.866025,summer_morning
1669752_clip017_s000,resources/site_257_bowra-dry-a/downloaded_clips/site_257_item_1669752/site_257_item_1669752_clip_017.webm,50.643,62.787,12.144,morning,summer,0.866025,-0.5,0.5,0.866025,summer_morning
1669752_clip023_s000,resources/site_257_bowra-dry-a/downloaded_clips/site_257_item_1669752/site_257_item_1669752_clip_023.webm,70.542,81.247,10.704,morning,summer,0.866025,-0.5,0.5,0.866025,summer_morning
1671092_clip007_s000,resources/site_257_bowra-dry-a/downloaded_clips/site_257_item_1671092/site_257_item_1671092_clip_007.webm,269.166,281.263,12.098,morning,summer,0.866025,-0.5,0.866025,0.5,summer_morning
1671092_clip008_s000,resources/site_257_bowra-dry-a/downloaded_clips/site_257_item_1671092/site_257_item_1671092_clip_008.webm,15.302,26.749,11.447,morning,summer,0.866025,-0.5,0.866025,0.5,summer_morning
1676440_clip002_s000,resources/site_257_bowra-dry-a/downloaded_clips/site_257_item_1676440/site_257_item_1676440_clip_002.webm,115.148,132.122,16.974,morning,summer,0.866025,-0.5,0.866025,0.5,summer_morning
1676440_clip004_s000,resources/site_257_bowra-dry-a/downloaded_clips/site_257_item_1676440/site_257_item_1676440_clip_004.webm,25.078,36.804,11.726,morning,summer,0.866025,-0.5,0.866025,0.5,summer_morning
1676440_clip005_s000,resources/site_257_bowra-dry-a/downloaded_clips/site_257_item_1676440/site_257_item_1676440_clip_005.webm,207.308,217.664,10.356,morning,summer,0.866025,-0.5,0.866025,0.5,summer_morning
1676440_clip006_s000,resources/site_257_bowra-dry-a/downloaded_clips/site_257_item_1676440/site_257_item_1676440_clip_006.webm,14.838,29.605,14.768,morning,summer,0.866025,-0.5,0.866025,0.5,summer_morning
1676440_clip006_s001,resources/site_257_bowra-dry-a/downloaded_clips/site_257_item_1676440/site_257_item_1676440_clip_006.webm,126.526,136.951,10.426,morning,summer,0.866025,-0.5,0.866025,0.5,summer_morning
1676440_clip006_s002,resources/site_257_bowra-dry-a/downloaded_clips/site_257_item_1676440/site_257_item_1676440_clip_006.webm,155.852,166.626,10.774,morning,summer,0.866025,-0.5,0.866025,0.5,summer_morning
1676440_clip006_s003,resources/site_257_bowra-dry-a/downloaded_clips/site_257_item_1676440/site_257_item_1676440_clip_006.webm,184.924,201.108,16.184,morning,summer,0.866025,-0.5,0.866025,0.5,summer_morning
1676440_clip009_s000,resources/site_257_bowra-dry-a/downloaded_clips/site_257_item_1676440/site_257_item_1676440_clip_009.webm,34.366,46.254,11.889,morning,summer,0.866025,-0.5,0.866025,0.5,summer_morning
1676440_clip009_s001,resources/site_257_bowra-dry-a/downloaded_clips/site_257_item_1676440/site_257_item_1676440_clip_009.webm,101.657,113.894,12.237,morning,summer,0.866025,-0.5,0.866025,0.5,summer_morning
1676440_clip010_s000,resources/site_257_bowra-dry-a/downloaded_clips/site_257_item_1676440/site_257_item_1676440_clip_010.webm,80.202,92.392,12.19,morning,summer,0.866025,-0.5,0.866025,0.5,summer_morning
1676440_clip010_s001,resources/site_257_bowra-dry-a/downloaded_clips/site_257_item_1676440/site_257_item_1676440_clip_010.webm,137.3,148.538,11.238,morning,summer,0.866025,-0.5,0.866025,0.5,summer_morning
1676440_clip011_s000,resources/site_257_bowra-dry-a/downloaded_clips/site_257_item_1676440/site_257_item_1676440_clip_011.webm,25.681,46.858,21.177,morning,summer,0.866025,-0.5,0.866025,0.5,summer_morning
1676440_clip011_s001,resources/site_257_bowra-dry-a/downloaded_clips/site_257_item_1676440/site_257_item_1676440_clip_011.webm,70.774,81.363,10.588,morning,summer,0.866025,-0.5,0.866025,0.5,summer_morning
1676440_clip012_s000,resources/site_257_bowra-dry-a/downloaded_clips/site_257_item_1676440/site_257_item_1676440_clip_012.webm,10.913,21.386,10.472,morning,summer,0.866025,-0.5,0.866025,0.5,summer_morning
1676440_clip012_s001,resources/site_257_bowra-dry-a/downloaded_clips/site_257_item_1676440/site_257_item_1676440_clip_012.webm,135.07,147.54,12.469,morning,summer,0.866025,-0.5,0.866025,0.5,summer_morning
1676440_clip013_s000,resources/site_257_bowra-dry-a/downloaded_clips/site_257_item_1676440/site_257_item_1676440_clip_013.webm,0.116,10.542,10.426,morning,summer,0.866025,-0.5,0.866025,0.5,summer_morning
1676440_clip013_s001,resources/site_257_bowra-dry-a/downloaded_clips/site_257_item_1676440/site_257_item_1676440_clip_013.webm,51.502,61.556,10.054,morning,summer,0.866025,-0.5,0.866025,0.5,summer_morning
1676440_clip013_s002,resources/site_257_bowra-dry-a/downloaded_clips/site_257_item_1676440/site_257_item_1676440_clip_013.webm,63.321,74.35,11.029,morning,summer,0.866025,-0.5,0.866025,0.5,summer_morning
1676440_clip013_s003,resources/site_257_bowra-dry-a/downloaded_clips/site_257_item_1676440/site_257_item_1676440_clip_013.webm,206.17,216.48,10.31,morning,summer,0.866025,-0.5,0.866025,0.5,summer_morning
1676440_clip017_s000,resources/site_257_bowra-dry-a/downloaded_clips/site_257_item_1676440/site_257_item_1676440_clip_017.webm,166.301,178.678,12.376,morning,summer,0.866025,-0.5,0.866025,0.5,summer_morning
1676440_clip017_s001,resources/site_257_bowra-dry-a/downloaded_clips/site_257_item_1676440/site_257_item_1676440_clip_017.webm,244.483,255.048,10.565,morning,summer,0.866025,-0.5,0.866025,0.5,summer_morning
1676440_clip017_s002,resources/site_257_bowra-dry-a/downloaded_clips/site_257_item_1676440/site_257_item_1676440_clip_017.webm,267.935,281.821,13.886,morning,summer,0.866025,-0.5,0.866025,0.5,summer_morning
1676440_clip019_s000,resources/site_257_bowra-dry-a/downloaded_clips/site_257_item_1676440/site_257_item_1676440_clip_019.webm,7.407,18.924,11.517,morning,summer,0.866025,-0.5,0.866025,0.5,summer_morning
1676440_clip019_s001,resources/site_257_bowra-dry-a/downloaded_clips/site_257_item_1676440/site_257_item_1676440_clip_019.webm,48.878,59.931,11.053,morning,summer,0.866025,-0.5,0.866025,0.5,summer_morning
1676440_clip019_s002,resources/site_257_bowra-dry-a/downloaded_clips/site_257_item_1676440/site_257_item_1676440_clip_019.webm,94.25,106.487,12.237,morning,summer,0.866025,-0.5,0.866025,0.5,summer_morning
1676440_clip020_s000,resources/site_257_bowra-dry-a/downloaded_clips/site_257_item_1676440/site_257_item_1676440_clip_020.webm,69.637,81.34,11.703,morning,summer,0.866025,-0.5,0.866025,0.5,summer_morning
1676440_clip021_s000,resources/site_257_bowra-dry-a/downloaded_clips/site_257_item_1676440/site_257_item_1676440_clip_021.webm,246.503,256.534,10.031,morning,summer,0.866025,-0.5,0.866025,0.5,summer_morning
1676440_clip021_s001,resources/site_257_bowra-dry-a/downloaded_clips/site_257_item_1676440/site_257_item_1676440_clip_021.webm,268.399,279.382,10.983,morning,summer,0.866025,-0.5,0.866025,0.5,summer_morning
1676440_clip024_s000,resources/site_257_bowra-dry-a/downloaded_clips/site_257_item_1676440/site_257_item_1676440_clip_024.webm,228.461,241.07,12.608,morning,summer,0.866025,-0.5,0.866025,0.5,summer_morning
1676584_clip001_s000,resources/site_257_bowra-dry-a/downloaded_clips/site_257_item_1676584/site_257_item_1676584_clip_001.webm,126.943,139.088,12.144,morning,summer,0.866025,-0.5,0.866025,0.5,summer_morning
1676584_clip001_s001,resources/site_257_bowra-dry-a/downloaded_clips/site_257_item_1676584/site_257_item_1676584_clip_001.webm,149.676,164.838,15.163,morning,summer,0.866025,-0.5,0.866025,0.5,summer_morning
1676584_clip002_s000,resources/site_257_bowra-dry-a/downloaded_clips/site_257_item_1676584/site_257_item_1676584_clip_002.webm,57.748,68.824,11.076,morning,summer,0.866025,-0.5,0.866025,0.5,summer_morning
1676584_clip004_s000,resources/site_257_bowra-dry-a/downloaded_clips/site_257_item_1676584/site_257_item_1676584_clip_004.webm,137.648,148.538,10.89,morning,summer,0.866025,-0.5,0.866025,0.5,summer_morning
1676584_clip006_s000,resources/site_257_bowra-dry-a/downloaded_clips/site_257_item_1676584/site_257_item_1676584_clip_006.webm,127.57,137.857,10.286,morning,summer,0.866025,-0.5,0.866025,0.5,summer_morning
1676584_clip007_s000,resources/site_257_bowra-dry-a/downloaded_clips/site_257_item_1676584/site_257_item_1676584_clip_007.webm,102.377,113.499,11.122,morning,summer,0.866025,-0.5,0.866025,0.5,summer_morning
1676584_clip007_s001,resources/site_257_bowra-dry-a/downloaded_clips/site_257_item_1676584/site_257_item_1676584_clip_007.webm,266.17,276.782,10.612,morning,summer,0.866025,-0.5,0.866025,0.5,summer_morning
1676584_clip010_s000,resources/site_257_bowra-dry-a/downloaded_clips/site_257_item_1676584/site_257_item_1676584_clip_010.webm,262.827,276.782,13.955,morning,summer,0.866025,-0.5,0.866025,0.5,summer_morning
1676584_clip014_s000,resources/site_257_bowra-dry-a/downloaded_clips/site_257_item_1676584/site_257_item_1676584_clip_014.webm,1.927,12.423,10.495,morning,summer,0.866025,-0.5,0.866025,0.5,summer_morning
1676584_clip021_s000,resources/site_257_bowra-dry-a/downloaded_clips/site_257_item_1676584/site_257_item_1676584_clip_021.webm,35.271,45.325,10.054,morning,summer,0.866025,-0.5,0.866025,0.5,summer_morning
1676584_clip023_s000,resources/site_257_bowra-dry-a/downloaded_clips/site_257_item_1676584/site_257_item_1676584_clip_023.webm,94.598,104.629,10.031,morning,summer,0.866025,-0.5,0.866025,0.5,summer_morning
1679881_clip006_s000,resources/site_257_bowra-dry-a/downloaded_clips/site_257_item_1679881/site_257_item_1679881_clip_006.webm,4.946,15.813,10.867,morning,summer,0.866025,-0.5,0.866025,0.5,summer_morning
1679881_clip016_s000,resources/site_257_bowra-dry-a/downloaded_clips/site_257_item_1679881/site_257_item_1679881_clip_016.webm,228.438,238.887,10.449,morning,summer,0.866025,-0.5,0.866025,0.5,summer_morning
1401640_clip005_s000,resources/site_257_bowra-dry-a/downloaded_clips/site_257_item_1401640/site_257_item_1401640_clip_005.webm,239.932,250.195,10.263,night,summer,-0.5,0.866025,-0.0,1.0,summer_night
1401711_clip014_s000,resources/site_257_bowra-dry-a/downloaded_clips/site_257_item_1401711/site_257_item_1401711_clip_014.webm,38.406,52.315,13.909,night,summer,-0.5,0.866025,0.866025,0.5,summer_night
1402123_clip016_s000,resources/site_257_bowra-dry-a/downloaded_clips/site_257_item_1402123/site_257_item_1402123_clip_016.webm,8.127,23.522,15.395,night,summer,-0.5,0.866025,0.866025,0.5,summer_night
1402123_clip024_s000,resources/site_257_bowra-dry-a/downloaded_clips/site_257_item_1402123/site_257_item_1402123_clip_024.webm,24.543,34.551,10.008,night,summer,-0.5,0.866025,0.866025,0.5,summer_night
1402286_clip005_s000,resources/site_257_bowra-dry-a/downloaded_clips/site_257_item_1402286/site_257_item_1402286_clip_005.webm,38.058,48.228,10.17,night,summer,-0.5,0.866025,-0.0,1.0,summer_night
1402286_clip005_s001,resources/site_257_bowra-dry-a/downloaded_clips/site_257_item_1402286/site_257_item_1402286_clip_005.webm,148.724,158.824,10.101,night,summer,-0.5,0.866025,-0.0,1.0,summer_night
1402286_clip010_s000,resources/site_257_bowra-dry-a/downloaded_clips/site_257_item_1402286/site_257_item_1402286_clip_010.webm,93.576,104.072,10.495,night,summer,-0.5,0.866025,-0.0,1.0,summer_night
1402286_clip022_s000,resources/site_257_bowra-dry-a/downloaded_clips/site_257_item_1402286/site_257_item_1402286_clip_022.webm,42.655,54.497,11.842,night,summer,-0.5,0.866025,-0.0,1.0,summer_night
1402286_clip023_s000,resources/site_257_bowra-dry-a/downloaded_clips/site_257_item_1402286/site_257_item_1402286_clip_023.webm,10.472,22.639,12.167,night,summer,-0.5,0.866025,-0.0,1.0,summer_night
1402659_clip006_s000,resources/site_257_bowra-dry-a/downloaded_clips/site_257_item_1402659/site_257_item_1402659_clip_006.webm,175.705,187.385,11.68,night,summer,-0.5,0.866025,0.5,0.866025,summer_night
1402659_clip012_s000,resources/site_257_bowra-dry-a/downloaded_clips/site_257_item_1402659/site_257_item_1402659_clip_012.webm,0.116,12.098,11.981,night,summer,-0.5,0.866025,0.5,0.866025,summer_night
1402659_clip020_s000,resources/site_257_bowra-dry-a/downloaded_clips/site_257_item_1402659/site_257_item_1402659_clip_020.webm,155.574,166.232,10.658,night,summer,-0.5,0.866025,0.5,0.866025,summer_night
1402659_clip020_s001,resources/site_257_bowra-dry-a/downloaded_clips/site_257_item_1402659/site_257_item_1402659_clip_020.webm,233.221,244.808,11.587,night,summer,-0.5,0.866025,0.5,0.866025,summer_night
1676615_clip003_s000,resources/site_257_bowra-dry-a/downloaded_clips/site_257_item_1676615/site_257_item_1676615_clip_003.webm,41.494,55.147,13.653,night,summer,-0.5,0.866025,0.5,0.866025,summer_night
1676615_clip004_s000,resources/site_257_bowra-dry-a/downloaded_clips/site_257_item_1676615/site_257_item_1676615_clip_004.webm,273.113,286.186,13.073,night,summer,-0.5,0.866025,0.5,0.866025,summer_night
1676615_clip005_s000,resources/site_257_bowra-dry-a/downloaded_clips/site_257_item_1676615/site_257_item_1676615_clip_005.webm,145.125,157.455,12.33,night,summer,-0.5,0.866025,0.5,0.866025,summer_night
1676615_clip007_s000,resources/site_257_bowra-dry-a/downloaded_clips/site_257_item_1676615/site_257_item_1676615_clip_007.webm,266.194,300.025,33.831,night,summer,-0.5,0.866025,0.5,0.866025,summer_night
1676615_clip008_s000,resources/site_257_bowra-dry-a/downloaded_clips/site_257_item_1676615/site_257_item_1676615_clip_008.webm,0.0,50.712,50.712,night,summer,-0.5,0.866025,0.5,0.866025,summer_night
1676615_clip008_s001,resources/site_257_bowra-dry-a/downloaded_clips/site_257_item_1676615/site_257_item_1676615_clip_008.webm,50.921,86.889,35.968,night,summer,-0.5,0.866025,0.5,0.866025,summer_night
1676615_clip015_s000,resources/site_257_bowra-dry-a/downloaded_clips/site_257_item_1676615/site_257_item_1676615_clip_015.webm,86.285,97.686,11.401,night,summer,-0.5,0.866025,0.5,0.866025,summer_night
1676615_clip019_s000,resources/site_257_bowra-dry-a/downloaded_clips/site_257_item_1676615/site_257_item_1676615_clip_019.webm,181.952,192.261,10.31,night,summer,-0.5,0.866025,0.5,0.866025,summer_night
1676615_clip019_s001,resources/site_257_bowra-dry-a/downloaded_clips/site_257_item_1676615/site_257_item_1676615_clip_019.webm,247.269,259.297,12.028,night,summer,-0.5,0.866025,0.5,0.866025,summer_night
1676615_clip023_s000,resources/site_257_bowra-dry-a/downloaded_clips/site_257_item_1676615/site_257_item_1676615_clip_023.webm,72.121,83.638,11.517,night,summer,-0.5,0.866025,0.5,0.866025,summer_night
1677542_clip001_s000,resources/site_257_bowra-dry-a/downloaded_clips/site_257_item_1677542/site_257_item_1677542_clip_001.webm,98.29,111.618,13.328,night,summer,-0.5,0.866025,-0.0,1.0,summer_night
1677542_clip001_s001,resources/site_257_bowra-dry-a/downloaded_clips/site_257_item_1677542/site_257_item_1677542_clip_001.webm,150.187,168.623,18.437,night,summer,-0.5,0.866025,-0.0,1.0,summer_night
1677542_clip001_s002,resources/site_257_bowra-dry-a/downloaded_clips/site_257_item_1677542/site_257_item_1677542_clip_001.webm,243.81,257.463,13.653,night,summer,-0.5,0.866025,-0.0,1.0,summer_night
1677542_clip001_s003,resources/site_257_bowra-dry-a/downloaded_clips/site_257_item_1677542/site_257_item_1677542_clip_001.webm,259.274,290.18,30.906,night,summer,-0.5,0.866025,-0.0,1.0,summer_night
1677542_clip002_s000,resources/site_257_bowra-dry-a/downloaded_clips/site_257_item_1677542/site_257_item_1677542_clip_002.webm,33.808,60.929,27.121,night,summer,-0.5,0.866025,-0.0,1.0,summer_night
1677542_clip002_s001,resources/site_257_bowra-dry-a/downloaded_clips/site_257_item_1677542/site_257_item_1677542_clip_002.webm,61.138,72.748,11.61,night,summer,-0.5,0.866025,-0.0,1.0,summer_night
1677542_clip002_s002,resources/site_257_bowra-dry-a/downloaded_clips/site_257_item_1677542/site_257_item_1677542_clip_002.webm,163.515,174.243,10.728,night,summer,-0.5,0.866025,-0.0,1.0,summer_night
1677542_clip002_s003,resources/site_257_bowra-dry-a/downloaded_clips/site_257_item_1677542/site_257_item_1677542_clip_002.webm,174.452,191.843,17.392,night,summer,-0.5,0.866025,-0.0,1.0,summer_night
1677542_clip002_s004,resources/site_257_bowra-dry-a/downloaded_clips/site_257_item_1677542/site_257_item_1677542_clip_002.webm,192.122,209.583,17.461,night,summer,-0.5,0.866025,-0.0,1.0,summer_night
1677542_clip002_s005,resources/site_257_bowra-dry-a/downloaded_clips/site_257_item_1677542/site_257_item_1677542_clip_002.webm,231.898,252.331,20.434,night,summer,-0.5,0.866025,-0.0,1.0,summer_night
1677542_clip002_s006,resources/site_257_bowra-dry-a/downloaded_clips/site_257_item_1677542/site_257_item_1677542_clip_002.webm,256.279,280.102,23.824,night,summer,-0.5,0.866025,-0.0,1.0,summer_night
1677542_clip006_s000,resources/site_257_bowra-dry-a/downloaded_clips/site_257_item_1677542/site_257_item_1677542_clip_006.webm,226.418,238.26,11.842,night,summer,-0.5,0.866025,-0.0,1.0,summer_night
1677542_clip006_s001,resources/site_257_bowra-dry-a/downloaded_clips/site_257_item_1677542/site_257_item_1677542_clip_006.webm,248.57,263.198,14.629,night,summer,-0.5,0.866025,-0.0,1.0,summer_night
1677542_clip006_s002,resources/site_257_bowra-dry-a/downloaded_clips/site_257_item_1677542/site_257_item_1677542_clip_006.webm,280.033,300.025,19.992,night,summer,-0.5,0.866025,-0.0,1.0,summer_night
1677542_clip007_s000,resources/site_257_bowra-dry-a/downloaded_clips/site_257_item_1677542/site_257_item_1677542_clip_007.webm,0.0,30.0,30.0,night,summer,-0.5,0.866025,-0.0,1.0,summer_night
1677542_clip007_s001,resources/site_257_bowra-dry-a/downloaded_clips/site_257_item_1677542/site_257_item_1677542_clip_007.webm,30.0,60.0,30.0,night,summer,-0.5,0.866025,-0.0,1.0,summer_night
1677542_clip007_s002,resources/site_257_bowra-dry-a/downloaded_clips/site_257_item_1677542/site_257_item_1677542_clip_007.webm,60.0,90.001,30.0,night,summer,-0.5,0.866025,-0.0,1.0,summer_night
1677542_clip007_s003,resources/site_257_bowra-dry-a/downloaded_clips/site_257_item_1677542/site_257_item_1677542_clip_007.webm,90.001,120.001,30.0,night,summer,-0.5,0.866025,-0.0,1.0,summer_night
1677542_clip007_s004,resources/site_257_bowra-dry-a/downloaded_clips/site_257_item_1677542/site_257_item_1677542_clip_007.webm,120.001,150.001,30.0,night,summer,-0.5,0.866025,-0.0,1.0,summer_night
1677542_clip007_s005,resources/site_257_bowra-dry-a/downloaded_clips/site_257_item_1677542/site_257_item_1677542_clip_007.webm,150.001,180.001,30.0,night,summer,-0.5,0.866025,-0.0,1.0,summer_night
1677542_clip007_s006,resources/site_257_bowra-dry-a/downloaded_clips/site_257_item_1677542/site_257_item_1677542_clip_007.webm,180.001,215.481,35.48,night,summer,-0.5,0.866025,-0.0,1.0,summer_night
1677542_clip007_s007,resources/site_257_bowra-dry-a/downloaded_clips/site_257_item_1677542/site_257_item_1677542_clip_007.webm,238.771,253.887,15.116,night,summer,-0.5,0.866025,-0.0,1.0,summer_night
1677542_clip007_s008,resources/site_257_bowra-dry-a/downloaded_clips/site_257_item_1677542/site_257_item_1677542_clip_007.webm,260.574,287.695,27.121,night,summer,-0.5,0.866025,-0.0,1.0,summer_night
1677542_clip011_s000,resources/site_257_bowra-dry-a/downloaded_clips/site_257_item_1677542/site_257_item_1677542_clip_011.webm,22.686,33.506,10.82,night,summer,-0.5,0.866025,-0.0,1.0,summer_night
1677542_clip011_s001,resources/site_257_bowra-dry-a/downloaded_clips/site_257_item_1677542/site_257_item_1677542_clip_011.webm,34.249,64.25,30.0,night,summer,-0.5,0.866025,-0.0,1.0,summer_night
1677542_clip011_s002,resources/site_257_bowra-dry-a/downloaded_clips/site_257_item_1677542/site_257_item_1677542_clip_011.webm,64.25,94.25,30.0,night,summer,-0.5,0.866025,-0.0,1.0,summer_night
1677542_clip011_s003,resources/site_257_bowra-dry-a/downloaded_clips/site_257_item_1677542/site_257_item_1677542_clip_011.webm,94.25,149.188,54.938,night,summer,-0.5,0.866025,-0.0,1.0,summer_night
1677542_clip011_s004,resources/site_257_bowra-dry-a/downloaded_clips/site_257_item_1677542/site_257_item_1677542_clip_011.webm,158.476,171.34,12.864,night,summer,-0.5,0.866025,-0.0,1.0,summer_night
1677542_clip011_s005,resources/site_257_bowra-dry-a/downloaded_clips/site_257_item_1677542/site_257_item_1677542_clip_011.webm,247.107,257.44,10.333,night,summer,-0.5,0.866025,-0.0,1.0,summer_night
1677542_clip011_s006,resources/site_257_bowra-dry-a/downloaded_clips/site_257_item_1677542/site_257_item_1677542_clip_011.webm,268.655,287.324,18.669,night,summer,-0.5,0.866025,-0.0,1.0,summer_night
1677542_clip013_s000,resources/site_257_bowra-dry-a/downloaded_clips/site_257_item_1677542/site_257_item_1677542_clip_013.webm,194.072,213.995,19.923,night,summer,-0.5,0.866025,-0.0,1.0,summer_night
1677542_clip015_s000,resources/site_257_bowra-dry-a/downloaded_clips/site_257_item_1677542/site_257_item_1677542_clip_015.webm,40.101,50.202,10.101,night,summer,-0.5,0.866025,-0.0,1.0,summer_night
1677542_clip015_s001,resources/site_257_bowra-dry-a/downloaded_clips/site_257_item_1677542/site_257_item_1677542_clip_015.webm,50.411,65.434,15.023,night,summer,-0.5,0.866025,-0.0,1.0,summer_night
1677542_clip015_s002,resources/site_257_bowra-dry-a/downloaded_clips/site_257_item_1677542/site_257_item_1677542_clip_015.webm,186.456,198.786,12.33,night,summer,-0.5,0.866025,-0.0,1.0,summer_night
1677542_clip015_s003,resources/site_257_bowra-dry-a/downloaded_clips/site_257_item_1677542/site_257_item_1677542_clip_015.webm,200.737,211.998,11.262,night,summer,-0.5,0.866025,-0.0,1.0,summer_night
1677542_clip016_s000,resources/site_257_bowra-dry-a/downloaded_clips/site_257_item_1677542/site_257_item_1677542_clip_016.webm,64.412,82.965,18.553,night,summer,-0.5,0.866025,-0.0,1.0,summer_night
1677542_clip016_s001,resources/site_257_bowra-dry-a/downloaded_clips/site_257_item_1677542/site_257_item_1677542_clip_016.webm,98.778,113.22,14.443,night,summer,-0.5,0.866025,-0.0,1.0,summer_night
1677542_clip019_s000,resources/site_257_bowra-dry-a/downloaded_clips/site_257_item_1677542/site_257_item_1677542_clip_019.webm,7.245,20.898,13.653,night,summer,-0.5,0.866025,-0.0,1.0,summer_night
1677542_clip019_s001,resources/site_257_bowra-dry-a/downloaded_clips/site_257_item_1677542/site_257_item_1677542_clip_019.webm,21.107,33.112,12.005,night,summer,-0.5,0.866025,-0.0,1.0,summer_night
1677542_clip019_s002,resources/site_257_bowra-dry-a/downloaded_clips/site_257_item_1677542/site_257_item_1677542_clip_019.webm,33.321,44.768,11.447,night,summer,-0.5,0.866025,-0.0,1.0,summer_night
1677542_clip019_s003,resources/site_257_bowra-dry-a/downloaded_clips/site_257_item_1677542/site_257_item_1677542_clip_019.webm,83.754,98.29,14.536,night,summer,-0.5,0.866025,-0.0,1.0,summer_night
1677542_clip019_s004,resources/site_257_bowra-dry-a/downloaded_clips/site_257_item_1677542/site_257_item_1677542_clip_019.webm,105.837,123.902,18.065,night,summer,-0.5,0.866025,-0.0,1.0,summer_night
1677542_clip020_s000,resources/site_257_bowra-dry-a/downloaded_clips/site_257_item_1677542/site_257_item_1677542_clip_020.webm,28.979,40.426,11.447,night,summer,-0.5,0.866025,-0.0,1.0,summer_night
1677542_clip021_s000,resources/site_257_bowra-dry-a/downloaded_clips/site_257_item_1677542/site_257_item_1677542_clip_021.webm,86.912,99.196,12.283,night,summer,-0.5,0.866025,-0.0,1.0,summer_night
1677542_clip021_s001,resources/site_257_bowra-dry-a/downloaded_clips/site_257_item_1677542/site_257_item_1677542_clip_021.webm,164.467,181.325,16.858,night,summer,-0.5,0.866025,-0.0,1.0,summer_night
1677542_clip022_s000,resources/site_257_bowra-dry-a/downloaded_clips/site_257_item_1677542/site_257_item_1677542_clip_022.webm,51.85,63.135,11.285,night,summer,-0.5,0.866025,-0.0,1.0,summer_night
1677542_clip022_s001,resources/site_257_bowra-dry-a/downloaded_clips/site_257_item_1677542/site_257_item_1677542_clip_022.webm,287.068,300.025,12.957,night,summer,-0.5,0.866025,-0.0,1.0,summer_night
1677542_clip024_s000,resources/site_257_bowra-dry-a/downloaded_clips/site_257_item_1677542/site_257_item_1677542_clip_024.webm,62.044,92.044,30.0,night,summer,-0.5,0.866025,-0.0,1.0,summer_night
1677542_clip024_s001,resources/site_257_bowra-dry-a/downloaded_clips/site_257_item_1677542/site_257_item_1677542_clip_024.webm,92.044,134.792,42.748,night,summer,-0.5,0.866025,-0.0,1.0,summer_night
1677542_clip024_s002,resources/site_257_bowra-dry-a/downloaded_clips/site_257_item_1677542/site_257_item_1677542_clip_024.webm,197.277,213.879,16.602,night,summer,-0.5,0.866025,-0.0,1.0,summer_night
1677542_clip024_s003,resources/site_257_bowra-dry-a/downloaded_clips/site_257_item_1677542/site_257_item_1677542_clip_024.webm,226.65,269.305,42.655,night,summer,-0.5,0.866025,-0.0,1.0,summer_night
1679511_clip005_s000,resources/site_257_bowra-dry-a/downloaded_clips/site_257_item_1679511/site_257_item_1679511_clip_005.webm,71.03,82.663,11.633,night,summer,-0.5,0.866025,0.866025,0.5,summer_night
1679511_clip013_s000,resources/site_257_bowra-dry-a/downloaded_clips/site_257_item_1679511/site_257_item_1679511_clip_013.webm,62.09,74.327,12.237,night,summer,-0.5,0.866025,0.866025,0.5,summer_night
1679511_clip014_s000,resources/site_257_bowra-dry-a/downloaded_clips/site_257_item_1679511/site_257_item_1679511_clip_014.webm,220.032,233.082,13.05,night,summer,-0.5,0.866025,0.866025,0.5,summer_night
1679511_clip015_s000,resources/site_257_bowra-dry-a/downloaded_clips/site_257_item_1679511/site_257_item_1679511_clip_015.webm,67.895,78.158,10.263,night,summer,-0.5,0.866025,0.866025,0.5,summer_night
1679511_clip015_s001,resources/site_257_bowra-dry-a/downloaded_clips/site_257_item_1679511/site_257_item_1679511_clip_015.webm,131.123,141.827,10.704,night,summer,-0.5,0.866025,0.866025,0.5,summer_night
1679511_clip019_s000,resources/site_257_bowra-dry-a/downloaded_clips/site_257_item_1679511/site_257_item_1679511_clip_019.webm,152.067,162.215,10.147,night,summer,-0.5,0.866025,0.866025,0.5,summer_night
1679511_clip020_s000,resources/site_257_bowra-dry-a/downloaded_clips/site_257_item_1679511/site_257_item_1679511_clip_020.webm,145.845,158.778,12.934,night,summer,-0.5,0.866025,0.866025,0.5,summer_night
1679511_clip021_s000,resources/site_257_bowra-dry-a/downloaded_clips/site_257_item_1679511/site_257_item_1679511_clip_021.webm,203.964,219.15,15.186,night,summer,-0.5,0.866025,0.866025,0.5,summer_night
1679511_clip023_s000,resources/site_257_bowra-dry-a/downloaded_clips/site_257_item_1679511/site_257_item_1679511_clip_023.webm,271.418,282.842,11.424,night,summer,-0.5,0.866025,0.866025,0.5,summer_night
1679511_clip024_s000,resources/site_257_bowra-dry-a/downloaded_clips/site_257_item_1679511/site_257_item_1679511_clip_024.webm,11.889,26.633,14.745,night,summer,-0.5,0.866025,0.866025,0.5,summer_night
1680019_clip005_s000,resources/site_257_bowra-dry-a/downloaded_clips/site_257_item_1680019/site_257_item_1680019_clip_005.webm,4.481,14.675,10.194,night,summer,-0.5,0.866025,0.866025,0.5,summer_night
1680019_clip015_s000,resources/site_257_bowra-dry-a/downloaded_clips/site_257_item_1680019/site_257_item_1680019_clip_015.webm,49.342,61.37,12.028,night,summer,-0.5,0.866025,0.866025,0.5,summer_night
1680019_clip023_s000,resources/site_257_bowra-dry-a/downloaded_clips/site_257_item_1680019/site_257_item_1680019_clip_023.webm,228.461,238.492,10.031,night,summer,-0.5,0.866025,0.866025,0.5,summer_night
1681922_clip001_s000,resources/site_257_bowra-dry-a/downloaded_clips/site_257_item_1681922/site_257_item_1681922_clip_001.webm,110.55,122.485,11.935,night,summer,-0.5,0.866025,0.5,0.866025,summer_night
1681922_clip018_s000,resources/site_257_bowra-dry-a/downloaded_clips/site_257_item_1681922/site_257_item_1681922_clip_018.webm,265.799,277.571,11.773,night,summer,-0.5,0.866025,0.5,0.866025,summer_night
215122_clip005_s000,resources/site_257_bowra-dry-a/downloaded_clips/site_257_item_215122/site_257_item_215122_clip_005.webm,44.095,55.728,11.633,night,summer,-0.5,0.866025,-0.0,1.0,summer_night
215122_clip007_s000,resources/site_257_bowra-dry-a/downloaded_clips/site_257_item_215122/site_257_item_215122_clip_007.webm,68.685,79.598,10.913,night,summer,-0.5,0.866025,-0.0,1.0,summer_night
215122_clip021_s000,resources/site_257_bowra-dry-a/downloaded_clips/site_257_item_215122/site_257_item_215122_clip_021.webm,170.876,182.486,11.61,night,summer,-0.5,0.866025,-0.0,1.0,summer_night
215122_clip023_s000,resources/site_257_bowra-dry-a/downloaded_clips/site_257_item_215122/site_257_item_215122_clip_023.webm,105.024,116.239,11.215,night,summer,-0.5,0.866025,-0.0,1.0,summer_night
215190_clip001_s000,resources/site_257_bowra-dry-a/downloaded_clips/site_257_item_215190/site_257_item_215190_clip_001.webm,143.36,157.896,14.536,night,summer,-0.5,0.866025,-0.0,1.0,summer_night
215190_clip001_s001,resources/site_257_bowra-dry-a/downloaded_clips/site_257_item_215190/site_257_item_215190_clip_001.webm,263.593,279.615,16.022,night,summer,-0.5,0.866025,-0.0,1.0,summer_night
215190_clip001_s002,resources/site_257_bowra-dry-a/downloaded_clips/site_257_item_215190/site_257_item_215190_clip_001.webm,282.424,297.169,14.745,night,summer,-0.5,0.866025,-0.0,1.0,summer_night
215190_clip002_s000,resources/site_257_bowra-dry-a/downloaded_clips/site_257_item_215190/site_257_item_215190_clip_002.webm,193.771,204.266,10.495,night,summer,-0.5,0.866025,-0.0,1.0,summer_night
215190_clip003_s000,resources/site_257_bowra-dry-a/downloaded_clips/site_257_item_215190/site_257_item_215190_clip_003.webm,126.247,137.927,11.68,night,summer,-0.5,0.866025,-0.0,1.0,summer_night
215190_clip003_s001,resources/site_257_bowra-dry-a/downloaded_clips/site_257_item_215190/site_257_item_215190_clip_003.webm,269.166,279.382,10.217,night,summer,-0.5,0.866025,-0.0,1.0,summer_night
215190_clip004_s000,resources/site_257_bowra-dry-a/downloaded_clips/site_257_item_215190/site_257_item_215190_clip_004.webm,155.458,168.159,12.701,night,summer,-0.5,0.866025,-0.0,1.0,summer_night
215190_clip004_s001,resources/site_257_bowra-dry-a/downloaded_clips/site_257_item_215190/site_257_item_215190_clip_004.webm,196.046,207.029,10.983,night,summer,-0.5,0.866025,-0.0,1.0,summer_night
215190_clip007_s000,resources/site_257_bowra-dry-a/downloaded_clips/site_257_item_215190/site_257_item_215190_clip_007.webm,38.336,48.599,10.263,night,summer,-0.5,0.866025,-0.0,1.0,summer_night
215190_clip007_s001,resources/site_257_bowra-dry-a/downloaded_clips/site_257_item_215190/site_257_item_215190_clip_007.webm,128.522,146.588,18.065,night,summer,-0.5,0.866025,-0.0,1.0,summer_night
215190_clip007_s002,resources/site_257_bowra-dry-a/downloaded_clips/site_257_item_215190/site_257_item_215190_clip_007.webm,222.726,235.009,12.283,night,summer,-0.5,0.866025,-0.0,1.0,summer_night
215190_clip008_s000,resources/site_257_bowra-dry-a/downloaded_clips/site_257_item_215190/site_257_item_215190_clip_008.webm,86.123,96.92,10.797,night,summer,-0.5,0.866025,-0.0,1.0,summer_night
215190_clip013_s000,resources/site_257_bowra-dry-a/downloaded_clips/site_257_item_215190/site_257_item_215190_clip_013.webm,28.677,43.886,15.209,night,summer,-0.5,0.866025,-0.0,1.0,summer_night
215190_clip017_s000,resources/site_257_bowra-dry-a/downloaded_clips/site_257_item_215190/site_257_item_215190_clip_017.webm,58.421,68.94,10.519,night,summer,-0.5,0.866025,-0.0,1.0,summer_night
215190_clip018_s000,resources/site_257_bowra-dry-a/downloaded_clips/site_257_item_215190/site_257_item_215190_clip_018.webm,80.132,91.835,11.703,night,summer,-0.5,0.866025,-0.0,1.0,summer_night
215190_clip021_s000,resources/site_257_bowra-dry-a/downloaded_clips/site_257_item_215190/site_257_item_215190_clip_021.webm,44.652,56.889,12.237,night,summer,-0.5,0.866025,-0.0,1.0,summer_night
215190_clip021_s001,resources/site_257_bowra-dry-a/downloaded_clips/site_257_item_215190/site_257_item_215190_clip_021.webm,108.855,118.909,10.054,night,summer,-0.5,0.866025,-0.0,1.0,summer_night
215190_clip022_s000,resources/site_257_bowra-dry-a/downloaded_clips/site_257_item_215190/site_257_item_215190_clip_022.webm,128.244,138.368,10.124,night,summer,-0.5,0.866025,-0.0,1.0,summer_night
215473_clip001_s000,resources/site_257_bowra-dry-a/downloaded_clips/site_257_item_215473/site_257_item_215473_clip_001.webm,60.488,71.703,11.215,night,summer,-0.5,0.866025,0.5,0.866025,summer_night
215473_clip002_s000,resources/site_257_bowra-dry-a/downloaded_clips/site_257_item_215473/site_257_item_215473_clip_002.webm,124.343,135.558,11.215,night,summer,-0.5,0.866025,0.5,0.866025,summer_night
215473_clip003_s000,resources/site_257_bowra-dry-a/downloaded_clips/site_257_item_215473/site_257_item_215473_clip_003.webm,167.439,178.538,11.099,night,summer,-0.5,0.866025,0.5,0.866025,summer_night
215473_clip005_s000,resources/site_257_bowra-dry-a/downloaded_clips/site_257_item_215473/site_257_item_215473_clip_005.webm,92.485,104.722,12.237,night,summer,-0.5,0.866025,0.5,0.866025,summer_night
215473_clip006_s000,resources/site_257_bowra-dry-a/downloaded_clips/site_257_item_215473/site_257_item_215473_clip_006.webm,17.322,27.678,10.356,night,summer,-0.5,0.866025,0.5,0.866025,summer_night
215473_clip011_s000,resources/site_257_bowra-dry-a/downloaded_clips/site_257_item_215473/site_257_item_215473_clip_011.webm,19.226,29.257,10.031,night,summer,-0.5,0.866025,0.5,0.866025,summer_night
215473_clip013_s000,resources/site_257_bowra-dry-a/downloaded_clips/site_257_item_215473/site_257_item_215473_clip_013.webm,184.065,194.072,10.008,night,summer,-0.5,0.866025,0.5,0.866025,summer_night
215473_clip016_s000,resources/site_257_bowra-dry-a/downloaded_clips/site_257_item_215473/site_257_item_215473_clip_016.webm,250.752,262.571,11.819,night,summer,-0.5,0.866025,0.5,0.866025,summer_night
215473_clip022_s000,resources/site_257_bowra-dry-a/downloaded_clips/site_257_item_215473/site_257_item_215473_clip_022.webm,262.478,273.067,10.588,night,summer,-0.5,0.866025,0.5,0.866025,summer_night
215689_clip017_s000,resources/site_257_bowra-dry-a/downloaded_clips/site_257_item_215689/site_257_item_215689_clip_017.webm,134.954,145.868,10.913,night,summer,-0.5,0.866025,0.5,0.866025,summer_night
215025_clip001_s000,resources/site_257_bowra-dry-a/downloaded_clips/site_257_item_215025/site_257_item_215025_clip_001.webm,40.008,58.352,18.344,night,summer,-0.5,0.866025,-0.0,1.0,summer_night
215025_clip001_s001,resources/site_257_bowra-dry-a/downloaded_clips/site_257_item_215025/site_257_item_215025_clip_001.webm,75.14,85.357,10.217,night,summer,-0.5,0.866025,-0.0,1.0,summer_night
215025_clip001_s002,resources/site_257_bowra-dry-a/downloaded_clips/site_257_item_215025/site_257_item_215025_clip_001.webm,156.038,171.41,15.372,night,summer,-0.5,0.866025,-0.0,1.0,summer_night
215025_clip001_s003,resources/site_257_bowra-dry-a/downloaded_clips/site_257_item_215025/site_257_item_215025_clip_001.webm,188.128,198.6,10.472,night,summer,-0.5,0.866025,-0.0,1.0,summer_night
215025_clip002_s000,resources/site_257_bowra-dry-a/downloaded_clips/site_257_item_215025/site_257_item_215025_clip_002.webm,3.994,27.353,23.359,night,summer,-0.5,0.866025,-0.0,1.0,summer_night
215025_clip002_s001,resources/site_257_bowra-dry-a/downloaded_clips/site_257_item_215025/site_257_item_215025_clip_002.webm,34.04,45.209,11.169,night,summer,-0.5,0.866025,-0.0,1.0,summer_night
215025_clip002_s002,resources/site_257_bowra-dry-a/downloaded_clips/site_257_item_215025/site_257_item_215025_clip_002.webm,47.996,58.305,10.31,night,summer,-0.5,0.866025,-0.0,1.0,summer_night
215025_clip002_s003,resources/site_257_bowra-dry-a/downloaded_clips/site_257_item_215025/site_257_item_215025_clip_002.webm,117.911,130.357,12.446,night,summer,-0.5,0.866025,-0.0,1.0,summer_night
215025_clip002_s004,resources/site_257_bowra-dry-a/downloaded_clips/site_257_item_215025/site_257_item_215025_clip_002.webm,259.111,270.234,11.122,night,summer,-0.5,0.866025,-0.0,1.0,summer_night
215025_clip004_s000,resources/site_257_bowra-dry-a/downloaded_clips/site_257_item_215025/site_257_item_215025_clip_004.webm,40.588,50.712,10.124,night,summer,-0.5,0.866025,-0.0,1.0,summer_night
215025_clip004_s001,resources/site_257_bowra-dry-a/downloaded_clips/site_257_item_215025/site_257_item_215025_clip_004.webm,56.099,69.799,13.7,night,summer,-0.5,0.866025,-0.0,1.0,summer_night
215025_clip004_s002,resources/site_257_bowra-dry-a/downloaded_clips/site_257_item_215025/site_257_item_215025_clip_004.webm,105.535,117.33,11.796,night,summer,-0.5,0.866025,-0.0,1.0,summer_night
215025_clip004_s003,resources/site_257_bowra-dry-a/downloaded_clips/site_257_item_215025/site_257_item_215025_clip_004.webm,120.837,131.146,10.31,night,summer,-0.5,0.866025,-0.0,1.0,summer_night
215025_clip004_s004,resources/site_257_bowra-dry-a/downloaded_clips/site_257_item_215025/site_257_item_215025_clip_004.webm,134.42,145.357,10.937,night,summer,-0.5,0.866025,-0.0,1.0,summer_night
215025_clip004_s005,resources/site_257_bowra-dry-a/downloaded_clips/site_257_item_215025/site_257_item_215025_clip_004.webm,218.755,235.659,16.904,night,summer,-0.5,0.866025,-0.0,1.0,summer_night
215025_clip004_s006,resources/site_257_bowra-dry-a/downloaded_clips/site_257_item_215025/site_257_item_215025_clip_004.webm,250.729,264.406,13.677,night,summer,-0.5,0.866025,-0.0,1.0,summer_night
215025_clip005_s000,resources/site_257_bowra-dry-a/downloaded_clips/site_257_item_215025/site_257_item_215025_clip_005.webm,24.451,34.528,10.077,night,summer,-0.5,0.866025,-0.0,1.0,summer_night
215025_clip005_s001,resources/site_257_bowra-dry-a/downloaded_clips/site_257_item_215025/site_257_item_215025_clip_005.webm,147.749,158.662,10.913,night,summer,-0.5,0.866025,-0.0,1.0,summer_night
215025_clip005_s002,resources/site_257_bowra-dry-a/downloaded_clips/site_257_item_215025/site_257_item_215025_clip_005.webm,207.702,219.707,12.005,night,summer,-0.5,0.866025,-0.0,1.0,summer_night
215025_clip005_s003,resources/site_257_bowra-dry-a/downloaded_clips/site_257_item_215025/site_257_item_215025_clip_005.webm,238.887,249.823,10.937,night,summer,-0.5,0.866025,-0.0,1.0,summer_night
215025_clip008_s000,resources/site_257_bowra-dry-a/downloaded_clips/site_257_item_215025/site_257_item_215025_clip_008.webm,3.971,15.813,11.842,night,summer,-0.5,0.866025,-0.0,1.0,summer_night
215025_clip008_s001,resources/site_257_bowra-dry-a/downloaded_clips/site_257_item_215025/site_257_item_215025_clip_008.webm,65.341,78.321,12.98,night,summer,-0.5,0.866025,-0.0,1.0,summer_night
215025_clip008_s002,resources/site_257_bowra-dry-a/downloaded_clips/site_257_item_215025/site_257_item_215025_clip_008.webm,98.267,108.878,10.612,night,summer,-0.5,0.866025,-0.0,1.0,summer_night
215025_clip008_s003,resources/site_257_bowra-dry-a/downloaded_clips/site_257_item_215025/site_257_item_215025_clip_008.webm,192.145,202.571,10.426,night,summer,-0.5,0.866025,-0.0,1.0,summer_night
215025_clip009_s000,resources/site_257_bowra-dry-a/downloaded_clips/site_257_item_215025/site_257_item_215025_clip_009.webm,3.483,13.7,10.217,night,summer,-0.5,0.866025,-0.0,1.0,summer_night
215025_clip009_s001,resources/site_257_bowra-dry-a/downloaded_clips/site_257_item_215025/site_257_item_215025_clip_009.webm,41.099,51.13,10.031,night,summer,-0.5,0.866025,-0.0,1.0,summer_night
215025_clip009_s002,resources/site_257_bowra-dry-a/downloaded_clips/site_257_item_215025/site_257_item_215025_clip_009.webm,229.715,240.373,10.658,night,summer,-0.5,0.866025,-0.0,1.0,summer_night
215025_clip010_s000,resources/site_257_bowra-dry-a/downloaded_clips/site_257_item_215025/site_257_item_215025_clip_010.webm,35.852,48.646,12.794,night,summer,-0.5,0.866025,-0.0,1.0,summer_night
215025_clip010_s001,resources/site_257_bowra-dry-a/downloaded_clips/site_257_item_215025/site_257_item_215025_clip_010.webm,94.807,105.21,10.403,night,summer,-0.5,0.866025,-0.0,1.0,summer_night
215025_clip010_s002,resources/site_257_bowra-dry-a/downloaded_clips/site_257_item_215025/site_257_item_215025_clip_010.webm,213.67,225.675,12.005,night,summer,-0.5,0.866025,-0.0,1.0,summer_night
215025_clip012_s000,resources/site_257_bowra-dry-a/downloaded_clips/site_257_item_215025/site_257_item_215025_clip_012.webm,53.708,65.132,11.424,night,summer,-0.5,0.866025,-0.0,1.0,summer_night
215025_clip012_s001,resources/site_257_bowra-dry-a/downloaded_clips/site_257_item_215025/site_257_item_215025_clip_012.webm,100.287,110.736,10.449,night,summer,-0.5,0.866025,-0.0,1.0,summer_night
215025_clip012_s002,resources/site_257_bowra-dry-a/downloaded_clips/site_257_item_215025/site_257_item_215025_clip_012.webm,239.723,249.847,10.124,night,summer,-0.5,0.866025,-0.0,1.0,summer_night
215025_clip015_s000,resources/site_257_bowra-dry-a/downloaded_clips/site_257_item_215025/site_257_item_215025_clip_015.webm,63.878,75.326,11.447,night,summer,-0.5,0.866025,-0.0,1.0,summer_night
215025_clip015_s001,resources/site_257_bowra-dry-a/downloaded_clips/site_257_item_215025/site_257_item_215025_clip_015.webm,85.635,99.846,14.211,night,summer,-0.5,0.866025,-0.0,1.0,summer_night
215025_clip016_s000,resources/site_257_bowra-dry-a/downloaded_clips/site_257_item_215025/site_257_item_215025_clip_016.webm,32.276,51.014,18.739,night,summer,-0.5,0.866025,-0.0,1.0,summer_night
215025_clip016_s001,resources/site_257_bowra-dry-a/downloaded_clips/site_257_item_215025/site_257_item_215025_clip_016.webm,97.57,107.973,10.403,night,summer,-0.5,0.866025,-0.0,1.0,summer_night
215025_clip016_s002,resources/site_257_bowra-dry-a/downloaded_clips/site_257_item_215025/site_257_item_215025_clip_016.webm,260.737,271.72,10.983,night,summer,-0.5,0.866025,-0.0,1.0,summer_night
215025_clip016_s003,resources/site_257_bowra-dry-a/downloaded_clips/site_257_item_215025/site_257_item_215025_clip_016.webm,279.661,293.825,14.164,night,summer,-0.5,0.866025,-0.0,1.0,summer_night
215025_clip018_s000,resources/site_257_bowra-dry-a/downloaded_clips/site_257_item_215025/site_257_item_215025_clip_018.webm,126.618,146.588,19.969,night,summer,-0.5,0.866025,-0.0,1.0,summer_night
215025_clip018_s001,resources/site_257_bowra-dry-a/downloaded_clips/site_257_item_215025/site_257_item_215025_clip_018.webm,147.749,158.941,11.192,night,summer,-0.5,0.866025,-0.0,1.0,summer_night
215025_clip018_s002,resources/site_257_bowra-dry-a/downloaded_clips/site_257_item_215025/site_257_item_215025_clip_018.webm,222.447,232.896,10.449,night,summer,-0.5,0.866025,-0.0,1.0,summer_night
215025_clip018_s003,resources/site_257_bowra-dry-a/downloaded_clips/site_257_item_215025/site_257_item_215025_clip_018.webm,271.464,289.948,18.483,night,summer,-0.5,0.866025,-0.0,1.0,summer_night
215025_clip019_s000,resources/site_257_bowra-dry-a/downloaded_clips/site_257_item_215025/site_257_item_215025_clip_019.webm,183.763,194.212,10.449,night,summer,-0.5,0.866025,-0.0,1.0,summer_night
215025_clip020_s000,resources/site_257_bowra-dry-a/downloaded_clips/site_257_item_215025/site_257_item_215025_clip_020.webm,48.46,65.225,16.765,night,summer,-0.5,0.866025,-0.0,1.0,summer_night
215025_clip020_s001,resources/site_257_bowra-dry-a/downloaded_clips/site_257_item_215025/site_257_item_215025_clip_020.webm,90.72,101.796,11.076,night,summer,-0.5,0.866025,-0.0,1.0,summer_night
215025_clip020_s002,resources/site_257_bowra-dry-a/downloaded_clips/site_257_item_215025/site_257_item_215025_clip_020.webm,136.51,151.951,15.441,night,summer,-0.5,0.866025,-0.0,1.0,summer_night
215025_clip020_s003,resources/site_257_bowra-dry-a/downloaded_clips/site_257_item_215025/site_257_item_215025_clip_020.webm,210.559,220.845,10.286,night,summer,-0.5,0.866025,-0.0,1.0,summer_night
215025_clip020_s004,resources/site_257_bowra-dry-a/downloaded_clips/site_257_item_215025/site_257_item_215025_clip_020.webm,230.969,242.091,11.122,night,summer,-0.5,0.866025,-0.0,1.0,summer_night
215025_clip021_s000,resources/site_257_bowra-dry-a/downloaded_clips/site_257_item_215025/site_257_item_215025_clip_021.webm,185.62,204.893,19.273,night,summer,-0.5,0.866025,-0.0,1.0,summer_night
215025_clip021_s001,resources/site_257_bowra-dry-a/downloaded_clips/site_257_item_215025/site_257_item_215025_clip_021.webm,251.124,263.639,12.516,night,summer,-0.5,0.866025,-0.0,1.0,summer_night
215025_clip023_s000,resources/site_257_bowra-dry-a/downloaded_clips/site_257_item_215025/site_257_item_215025_clip_023.webm,12.817,22.941,10.124,night,summer,-0.5,0.866025,-0.0,1.0,summer_night
215025_clip023_s001,resources/site_257_bowra-dry-a/downloaded_clips/site_257_item_215025/site_257_item_215025_clip_023.webm,62.206,72.446,10.24,night,summer,-0.5,0.866025,-0.0,1.0,summer_night
215025_clip023_s002,resources/site_257_bowra-dry-a/downloaded_clips/site_257_item_215025/site_257_item_215025_clip_023.webm,72.655,83.661,11.006,night,summer,-0.5,0.866025,-0.0,1.0,summer_night
215025_clip023_s003,resources/site_257_bowra-dry-a/downloaded_clips/site_257_item_215025/site_257_item_215025_clip_023.webm,113.592,130.635,17.043,night,summer,-0.5,0.866025,-0.0,1.0,summer_night
215025_clip023_s004,resources/site_257_bowra-dry-a/downloaded_clips/site_257_item_215025/site_257_item_215025_clip_023.webm,192.726,204.336,11.61,night,summer,-0.5,0.866025,-0.0,1.0,summer_night
215025_clip023_s005,resources/site_257_bowra-dry-a/downloaded_clips/site_257_item_215025/site_257_item_215025_clip_023.webm,205.729,216.619,10.89,night,summer,-0.5,0.866025,-0.0,1.0,summer_night
215025_clip024_s000,resources/site_257_bowra-dry-a/downloaded_clips/site_257_item_215025/site_257_item_215025_clip_024.webm,231.108,241.464,10.356,night,summer,-0.5,0.866025,-0.0,1.0,summer_night
215132_clip002_s000,resources/site_257_bowra-dry-a/downloaded_clips/site_257_item_215132/site_257_item_215132_clip_002.webm,5.921,17.252,11.331,night,summer,-0.5,0.866025,-0.0,1.0,summer_night
215132_clip005_s000,resources/site_257_bowra-dry-a/downloaded_clips/site_257_item_215132/site_257_item_215132_clip_005.webm,85.96,96.549,10.588,night,summer,-0.5,0.866025,-0.0,1.0,summer_night
215132_clip013_s000,resources/site_257_bowra-dry-a/downloaded_clips/site_257_item_215132/site_257_item_215132_clip_013.webm,52.918,62.996,10.077,night,summer,-0.5,0.866025,-0.0,1.0,summer_night
215245_clip017_s000,resources/site_257_bowra-dry-a/downloaded_clips/site_257_item_215245/site_257_item_215245_clip_017.webm,27.887,38.011,10.124,night,summer,-0.5,0.866025,-0.0,1.0,summer_night
215245_clip023_s000,resources/site_257_bowra-dry-a/downloaded_clips/site_257_item_215245/site_257_item_215245_clip_023.webm,216.689,228.624,11.935,night,summer,-0.5,0.866025,-0.0,1.0,summer_night
215326_clip006_s000,resources/site_257_bowra-dry-a/downloaded_clips/site_257_item_215326/site_257_item_215326_clip_006.webm,153.646,165.21,11.564,night,summer,-0.5,0.866025,-0.0,1.0,summer_night
215326_clip009_s000,resources/site_257_bowra-dry-a/downloaded_clips/site_257_item_215326/site_257_item_215326_clip_009.webm,134.026,145.334,11.308,night,summer,-0.5,0.866025,-0.0,1.0,summer_night
215326_clip013_s000,resources/site_257_bowra-dry-a/downloaded_clips/site_257_item_215326/site_257_item_215326_clip_013.webm,23.893,35.898,12.005,night,summer,-0.5,0.866025,-0.0,1.0,summer_night
215326_clip015_s000,resources/site_257_bowra-dry-a/downloaded_clips/site_257_item_215326/site_257_item_215326_clip_015.webm,0.279,14.002,13.723,night,summer,-0.5,0.866025,-0.0,1.0,summer_night
215326_clip015_s001,resources/site_257_bowra-dry-a/downloaded_clips/site_257_item_215326/site_257_item_215326_clip_015.webm,118.004,132.725,14.721,night,summer,-0.5,0.866025,-0.0,1.0,summer_night
215326_clip015_s002,resources/site_257_bowra-dry-a/downloaded_clips/site_257_item_215326/site_257_item_215326_clip_015.webm,240.605,255.605,15.0,night,summer,-0.5,0.866025,-0.0,1.0,summer_night
215326_clip016_s000,resources/site_257_bowra-dry-a/downloaded_clips/site_257_item_215326/site_257_item_215326_clip_016.webm,281.519,293.965,12.446,night,summer,-0.5,0.866025,-0.0,1.0,summer_night
215326_clip018_s000,resources/site_257_bowra-dry-a/downloaded_clips/site_257_item_215326/site_257_item_215326_clip_018.webm,27.237,37.825,10.588,night,summer,-0.5,0.866025,-0.0,1.0,summer_night
215326_clip022_s000,resources/site_257_bowra-dry-a/downloaded_clips/site_257_item_215326/site_257_item_215326_clip_022.webm,235.52,245.783,10.263,night,summer,-0.5,0.866025,-0.0,1.0,summer_night
215456_clip002_s000,resources/site_257_bowra-dry-a/downloaded_clips/site_257_item_215456/site_257_item_215456_clip_002.webm,224.978,238.678,13.7,night,summer,-0.5,0.866025,0.5,0.866025,summer_night
215456_clip006_s000,resources/site_257_bowra-dry-a/downloaded_clips/site_257_item_215456/site_257_item_215456_clip_006.webm,243.508,253.585,10.077,night,summer,-0.5,0.866025,0.5,0.866025,summer_night
215456_clip007_s000,resources/site_257_bowra-dry-a/downloaded_clips/site_257_item_215456/site_257_item_215456_clip_007.webm,139.807,150.303,10.495,night,summer,-0.5,0.866025,0.5,0.866025,summer_night
215456_clip009_s000,resources/site_257_bowra-dry-a/downloaded_clips/site_257_item_215456/site_257_item_215456_clip_009.webm,123.623,135.93,12.307,night,summer,-0.5,0.866025,0.5,0.866025,summer_night
215456_clip009_s001,resources/site_257_bowra-dry-a/downloaded_clips/site_257_item_215456/site_257_item_215456_clip_009.webm,162.052,173.708,11.656,night,summer,-0.5,0.866025,0.5,0.866025,summer_night
215456_clip010_s000,resources/site_257_bowra-dry-a/downloaded_clips/site_257_item_215456/site_257_item_215456_clip_010.webm,39.033,52.477,13.444,night,summer,-0.5,0.866025,0.5,0.866025,summer_night
215456_clip011_s000,resources/site_257_bowra-dry-a/downloaded_clips/site_257_item_215456/site_257_item_215456_clip_011.webm,208.91,219.87,10.96,night,summer,-0.5,0.866025,0.5,0.866025,summer_night
215456_clip011_s001,resources/site_257_bowra-dry-a/downloaded_clips/site_257_item_215456/site_257_item_215456_clip_011.webm,263.245,274.158,10.913,night,summer,-0.5,0.866025,0.5,0.866025,summer_night
215456_clip015_s000,resources/site_257_bowra-dry-a/downloaded_clips/site_257_item_215456/site_257_item_215456_clip_015.webm,72.4,85.24,12.841,night,summer,-0.5,0.866025,0.5,0.866025,summer_night
215456_clip015_s001,resources/site_257_bowra-dry-a/downloaded_clips/site_257_item_215456/site_257_item_215456_clip_015.webm,169.738,180.698,10.96,night,summer,-0.5,0.866025,0.5,0.866025,summer_night
215456_clip018_s000,resources/site_257_bowra-dry-a/downloaded_clips/site_257_item_215456/site_257_item_215456_clip_018.webm,0.139,13.096,12.957,night,summer,-0.5,0.866025,0.5,0.866025,summer_night
215456_clip021_s000,resources/site_257_bowra-dry-a/downloaded_clips/site_257_item_215456/site_257_item_215456_clip_021.webm,178.979,199.111,20.132,night,summer,-0.5,0.866025,0.5,0.866025,summer_night
215456_clip022_s000,resources/site_257_bowra-dry-a/downloaded_clips/site_257_item_215456/site_257_item_215456_clip_022.webm,93.646,103.7,10.054,night,summer,-0.5,0.866025,0.5,0.866025,summer_night
215456_clip023_s000,resources/site_257_bowra-dry-a/downloaded_clips/site_257_item_215456/site_257_item_215456_clip_023.webm,180.837,191.193,10.356,night,summer,-0.5,0.866025,0.5,0.866025,summer_night
215533_clip020_s000,resources/site_257_bowra-dry-a/downloaded_clips/site_257_item_215533/site_257_item_215533_clip_020.webm,260.11,271.0,10.89,night,summer,-0.5,0.866025,0.5,0.866025,summer_night
215533_clip021_s000,resources/site_257_bowra-dry-a/downloaded_clips/site_257_item_215533/site_257_item_215533_clip_021.webm,33.878,45.07,11.192,night,summer,-0.5,0.866025,0.5,0.866025,summer_night
215533_clip022_s000,resources/site_257_bowra-dry-a/downloaded_clips/site_257_item_215533/site_257_item_215533_clip_022.webm,239.56,251.495,11.935,night,summer,-0.5,0.866025,0.5,0.866025,summer_night
215631_clip002_s000,resources/site_257_bowra-dry-a/downloaded_clips/site_257_item_215631/site_257_item_215631_clip_002.webm,236.727,248.43,11.703,night,summer,-0.5,0.866025,0.5,0.866025,summer_night
215631_clip003_s000,resources/site_257_bowra-dry-a/downloaded_clips/site_257_item_215631/site_257_item_215631_clip_003.webm,142.431,156.34,13.909,night,summer,-0.5,0.866025,0.5,0.866025,summer_night
215631_clip005_s000,resources/site_257_bowra-dry-a/downloaded_clips/site_257_item_215631/site_257_item_215631_clip_005.webm,93.878,105.883,12.005,night,summer,-0.5,0.866025,0.5,0.866025,summer_night
215631_clip006_s000,resources/site_257_bowra-dry-a/downloaded_clips/site_257_item_215631/site_257_item_215631_clip_006.webm,81.548,92.857,11.308,night,summer,-0.5,0.866025,0.5,0.866025,summer_night
215631_clip006_s001,resources/site_257_bowra-dry-a/downloaded_clips/site_257_item_215631/site_257_item_215631_clip_006.webm,274.112,284.793,10.681,night,summer,-0.5,0.866025,0.5,0.866025,summer_night
215631_clip007_s000,resources/site_257_bowra-dry-a/downloaded_clips/site_257_item_215631/site_257_item_215631_clip_007.webm,90.047,100.659,10.612,night,summer,-0.5,0.866025,0.5,0.866025,summer_night
215631_clip012_s000,resources/site_257_bowra-dry-a/downloaded_clips/site_257_item_215631/site_257_item_215631_clip_012.webm,94.877,105.186,10.31,night,summer,-0.5,0.866025,0.5,0.866025,summer_night
215631_clip020_s000,resources/site_257_bowra-dry-a/downloaded_clips/site_257_item_215631/site_257_item_215631_clip_020.webm,17.067,30.232,13.166,night,summer,-0.5,0.866025,0.5,0.866025,summer_night
215882_clip013_s000,resources/site_257_bowra-dry-a/downloaded_clips/site_257_item_215882/site_257_item_215882_clip_013.webm,183.484,193.678,10.194,night,summer,-0.5,0.866025,0.866025,0.5,summer_night
215925_clip011_s000,resources/site_257_bowra-dry-a/downloaded_clips/site_257_item_215925/site_257_item_215925_clip_011.webm,153.507,163.538,10.031,night,summer,-0.5,0.866025,0.866025,0.5,summer_night
215925_clip011_s001,resources/site_257_bowra-dry-a/downloaded_clips/site_257_item_215925/site_257_item_215925_clip_011.webm,191.425,207.168,15.743,night,summer,-0.5,0.866025,0.866025,0.5,summer_night
1400480_clip002_s000,resources/site_257_bowra-dry-a/downloaded_clips/site_257_item_1400480/site_257_item_1400480_clip_002.webm,100.31,110.899,10.588,night,summer,-0.258819,0.965926,-0.0,1.0,summer_night
1400480_clip002_s001,resources/site_257_bowra-dry-a/downloaded_clips/site_257_item_1400480/site_257_item_1400480_clip_002.webm,283.562,299.305,15.743,night,summer,-0.258819,0.965926,-0.0,1.0,summer_night
1400480_clip003_s000,resources/site_257_bowra-dry-a/downloaded_clips/site_257_item_1400480/site_257_item_1400480_clip_003.webm,3.39,16.602,13.212,night,summer,-0.258819,0.965926,-0.0,1.0,summer_night
1400480_clip003_s001,resources/site_257_bowra-dry-a/downloaded_clips/site_257_item_1400480/site_257_item_1400480_clip_003.webm,122.416,134.838,12.423,night,summer,-0.258819,0.965926,-0.0,1.0,summer_night
1400480_clip003_s002,resources/site_257_bowra-dry-a/downloaded_clips/site_257_item_1400480/site_257_item_1400480_clip_003.webm,141.688,163.399,21.711,night,summer,-0.258819,0.965926,-0.0,1.0,summer_night
1400480_clip003_s003,resources/site_257_bowra-dry-a/downloaded_clips/site_257_item_1400480/site_257_item_1400480_clip_003.webm,163.608,186.665,23.057,night,summer,-0.258819,0.965926,-0.0,1.0,summer_night
1400480_clip006_s000,resources/site_257_bowra-dry-a/downloaded_clips/site_257_item_1400480/site_257_item_1400480_clip_006.webm,77.044,89.559,12.516,night,summer,-0.258819,0.965926,-0.0,1.0,summer_night
1400480_clip006_s001,resources/site_257_bowra-dry-a/downloaded_clips/site_257_item_1400480/site_257_item_1400480_clip_006.webm,140.458,150.814,10.356,night,summer,-0.258819,0.965926,-0.0,1.0,summer_night
1402258_clip007_s000,resources/site_257_bowra-dry-a/downloaded_clips/site_257_item_1402258/site_257_item_1402258_clip_007.webm,85.658,96.711,11.053,night,summer,-0.5,0.866025,-0.0,1.0,summer_night
1402258_clip012_s000,resources/site_257_bowra-dry-a/downloaded_clips/site_257_item_1402258/site_257_item_1402258_clip_012.webm,268.887,279.708,10.82,night,summer,-0.5,0.866025,-0.0,1.0,summer_night
1402274_clip001_s000,resources/site_257_bowra-dry-a/downloaded_clips/site_257_item_1402274/site_257_item_1402274_clip_001.webm,139.134,151.046,11.912,night,summer,-0.5,0.866025,-0.0,1.0,summer_night
1402274_clip004_s000,resources/site_257_bowra-dry-a/downloaded_clips/site_257_item_1402274/site_257_item_1402274_clip_004.webm,257.138,269.653,12.516,night,summer,-0.5,0.866025,-0.0,1.0,summer_night
1402274_clip005_s000,resources/site_257_bowra-dry-a/downloaded_clips/site_257_item_1402274/site_257_item_1402274_clip_005.webm,63.437,74.327,10.89,night,summer,-0.5,0.866025,-0.0,1.0,summer_night
1402274_clip018_s000,resources/site_257_bowra-dry-a/downloaded_clips/site_257_item_1402274/site_257_item_1402274_clip_018.webm,222.285,235.474,13.189,night,summer,-0.5,0.866025,-0.0,1.0,summer_night
1402274_clip023_s000,resources/site_257_bowra-dry-a/downloaded_clips/site_257_item_1402274/site_257_item_1402274_clip_023.webm,76.51,87.377,10.867,night,summer,-0.5,0.866025,-0.0,1.0,summer_night
1401655_clip009_s000,resources/site_257_bowra-dry-a/downloaded_clips/site_257_item_1401655/site_257_item_1401655_clip_009.webm,52.036,62.462,10.426,night,summer,-0.5,0.866025,0.866025,0.5,summer_night
1401655_clip011_s000,resources/site_257_bowra-dry-a/downloaded_clips/site_257_item_1401655/site_257_item_1401655_clip_011.webm,34.992,51.432,16.44,night,summer,-0.5,0.866025,0.866025,0.5,summer_night
1401655_clip011_s001,resources/site_257_bowra-dry-a/downloaded_clips/site_257_item_1401655/site_257_item_1401655_clip_011.webm,104.792,118.654,13.862,night,summer,-0.5,0.866025,0.866025,0.5,summer_night
1401655_clip014_s000,resources/site_257_bowra-dry-a/downloaded_clips/site_257_item_1401655/site_257_item_1401655_clip_014.webm,177.191,193.26,16.068,night,summer,-0.5,0.866025,0.866025,0.5,summer_night
1401655_clip014_s001,resources/site_257_bowra-dry-a/downloaded_clips/site_257_item_1401655/site_257_item_1401655_clip_014.webm,246.549,257.045,10.495,night,summer,-0.5,0.866025,0.866025,0.5,summer_night
1401655_clip014_s002,resources/site_257_bowra-dry-a/downloaded_clips/site_257_item_1401655/site_257_item_1401655_clip_014.webm,259.251,280.358,21.107,night,summer,-0.5,0.866025,0.866025,0.5,summer_night
1401655_clip017_s000,resources/site_257_bowra-dry-a/downloaded_clips/site_257_item_1401655/site_257_item_1401655_clip_017.webm,249.638,260.783,11.146,night,summer,-0.5,0.866025,0.866025,0.5,summer_night
1401655_clip022_s000,resources/site_257_bowra-dry-a/downloaded_clips/site_257_item_1401655/site_257_item_1401655_clip_022.webm,208.631,220.729,12.098,night,summer,-0.5,0.866025,0.866025,0.5,summer_night
1402115_clip005_s000,resources/site_257_bowra-dry-a/downloaded_clips/site_257_item_1402115/site_257_item_1402115_clip_005.webm,97.919,108.809,10.89,night,summer,-0.5,0.866025,0.866025,0.5,summer_night
1402115_clip010_s000,resources/site_257_bowra-dry-a/downloaded_clips/site_257_item_1402115/site_257_item_1402115_clip_010.webm,202.339,215.179,12.841,night,summer,-0.5,0.866025,0.866025,0.5,summer_night
1402801_clip003_s000,resources/site_257_bowra-dry-a/downloaded_clips/site_257_item_1402801/site_257_item_1402801_clip_003.webm,24.265,38.336,14.071,night,summer,-0.5,0.866025,0.5,0.866025,summer_night
1402801_clip004_s000,resources/site_257_bowra-dry-a/downloaded_clips/site_257_item_1402801/site_257_item_1402801_clip_004.webm,84.59,96.502,11.912,night,summer,-0.5,0.866025,0.5,0.866025,summer_night
1402801_clip006_s000,resources/site_257_bowra-dry-a/downloaded_clips/site_257_item_1402801/site_257_item_1402801_clip_006.webm,21.618,34.087,12.469,night,summer,-0.5,0.866025,0.5,0.866025,summer_night
1402801_clip006_s001,resources/site_257_bowra-dry-a/downloaded_clips/site_257_item_1402801/site_257_item_1402801_clip_006.webm,70.008,81.061,11.053,night,summer,-0.5,0.866025,0.5,0.866025,summer_night
1402801_clip006_s002,resources/site_257_bowra-dry-a/downloaded_clips/site_257_item_1402801/site_257_item_1402801_clip_006.webm,88.932,101.216,12.283,night,summer,-0.5,0.866025,0.5,0.866025,summer_night
1402801_clip006_s003,resources/site_257_bowra-dry-a/downloaded_clips/site_257_item_1402801/site_257_item_1402801_clip_006.webm,110.248,121.742,11.494,night,summer,-0.5,0.866025,0.5,0.866025,summer_night
1402801_clip006_s004,resources/site_257_bowra-dry-a/downloaded_clips/site_257_item_1402801/site_257_item_1402801_clip_006.webm,129.637,180.257,50.62,night,summer,-0.5,0.866025,0.5,0.866025,summer_night
1402801_clip006_s005,resources/site_257_bowra-dry-a/downloaded_clips/site_257_item_1402801/site_257_item_1402801_clip_006.webm,217.339,235.729,18.39,night,summer,-0.5,0.866025,0.5,0.866025,summer_night
1402801_clip006_s006,resources/site_257_bowra-dry-a/downloaded_clips/site_257_item_1402801/site_257_item_1402801_clip_006.webm,235.938,252.029,16.091,night,summer,-0.5,0.866025,0.5,0.866025,summer_night
1402801_clip024_s000,resources/site_257_bowra-dry-a/downloaded_clips/site_257_item_1402801/site_257_item_1402801_clip_024.webm,200.388,215.133,14.745,night,summer,-0.5,0.866025,0.5,0.866025,summer_night
1676801_clip001_s000,resources/site_257_bowra-dry-a/downloaded_clips/site_257_item_1676801/site_257_item_1676801_clip_001.webm,0.116,24.009,23.893,night,summer,-0.5,0.866025,-0.0,1.0,summer_night
1676801_clip001_s001,resources/site_257_bowra-dry-a/downloaded_clips/site_257_item_1676801/site_257_item_1676801_clip_001.webm,33.483,51.107,17.624,night,summer,-0.5,0.866025,-0.0,1.0,summer_night
1676801_clip001_s002,resources/site_257_bowra-dry-a/downloaded_clips/site_257_item_1676801/site_257_item_1676801_clip_001.webm,77.694,91.208,13.514,night,summer,-0.5,0.866025,-0.0,1.0,summer_night
1676801_clip001_s003,resources/site_257_bowra-dry-a/downloaded_clips/site_257_item_1676801/site_257_item_1676801_clip_001.webm,107.299,125.991,18.692,night,summer,-0.5,0.866025,-0.0,1.0,summer_night
1676801_clip001_s004,resources/site_257_bowra-dry-a/downloaded_clips/site_257_item_1676801/site_257_item_1676801_clip_001.webm,127.919,149.49,21.571,night,summer,-0.5,0.866025,-0.0,1.0,summer_night
1676801_clip001_s005,resources/site_257_bowra-dry-a/downloaded_clips/site_257_item_1676801/site_257_item_1676801_clip_001.webm,203.384,219.893,16.509,night,summer,-0.5,0.866025,-0.0,1.0,summer_night
1676801_clip001_s006,resources/site_257_bowra-dry-a/downloaded_clips/site_257_item_1676801/site_257_item_1676801_clip_001.webm,222.819,252.633,29.814,night,summer,-0.5,0.866025,-0.0,1.0,summer_night
1676801_clip001_s007,resources/site_257_bowra-dry-a/downloaded_clips/site_257_item_1676801/site_257_item_1676801_clip_001.webm,252.842,263.755,10.913,night,summer,-0.5,0.866025,-0.0,1.0,summer_night
1676801_clip001_s008,resources/site_257_bowra-dry-a/downloaded_clips/site_257_item_1676801/site_257_item_1676801_clip_001.webm,273.09,295.985,22.895,night,summer,-0.5,0.866025,-0.0,1.0,summer_night
1676801_clip003_s000,resources/site_257_bowra-dry-a/downloaded_clips/site_257_item_1676801/site_257_item_1676801_clip_003.webm,109.366,120.047,10.681,night,summer,-0.5,0.866025,-0.0,1.0,summer_night
1676801_clip003_s001,resources/site_257_bowra-dry-a/downloaded_clips/site_257_item_1676801/site_257_item_1676801_clip_003.webm,164.746,178.167,13.421,night,summer,-0.5,0.866025,-0.0,1.0,summer_night
1676801_clip003_s002,resources/site_257_bowra-dry-a/downloaded_clips/site_257_item_1676801/site_257_item_1676801_clip_003.webm,191.031,204.405,13.375,night,summer,-0.5,0.866025,-0.0,1.0,summer_night
1676801_clip003_s003,resources/site_257_bowra-dry-a/downloaded_clips/site_257_item_1676801/site_257_item_1676801_clip_003.webm,238.306,255.907,17.601,night,summer,-0.5,0.866025,-0.0,1.0,summer_night
1676801_clip003_s004,resources/site_257_bowra-dry-a/downloaded_clips/site_257_item_1676801/site_257_item_1676801_clip_003.webm,260.412,275.087,14.675,night,summer,-0.5,0.866025,-0.0,1.0,summer_night
1676801_clip004_s000,resources/site_257_bowra-dry-a/downloaded_clips/site_257_item_1676801/site_257_item_1676801_clip_004.webm,30.093,51.85,21.757,night,summer,-0.5,0.866025,-0.0,1.0,summer_night
1676801_clip004_s001,resources/site_257_bowra-dry-a/downloaded_clips/site_257_item_1676801/site_257_item_1676801_clip_004.webm,52.059,69.474,17.415,night,summer,-0.5,0.866025,-0.0,1.0,summer_night
1676801_clip008_s000,resources/site_257_bowra-dry-a/downloaded_clips/site_257_item_1676801/site_257_item_1676801_clip_008.webm,0.0,25.147,25.147,night,summer,-0.5,0.866025,-0.0,1.0,summer_night
1676801_clip008_s001,resources/site_257_bowra-dry-a/downloaded_clips/site_257_item_1676801/site_257_item_1676801_clip_008.webm,25.356,50.132,24.776,night,summer,-0.5,0.866025,-0.0,1.0,summer_night
1676801_clip008_s002,resources/site_257_bowra-dry-a/downloaded_clips/site_257_item_1676801/site_257_item_1676801_clip_008.webm,54.567,76.185,21.618,night,summer,-0.5,0.866025,-0.0,1.0,summer_night
1676801_clip008_s003,resources/site_257_bowra-dry-a/downloaded_clips/site_257_item_1676801/site_257_item_1676801_clip_008.webm,76.394,125.295,48.901,night,summer,-0.5,0.866025,-0.0,1.0,summer_night
1676801_clip008_s004,resources/site_257_bowra-dry-a/downloaded_clips/site_257_item_1676801/site_257_item_1676801_clip_008.webm,146.1,160.566,14.466,night,summer,-0.5,0.866025,-0.0,1.0,summer_night
1676801_clip008_s005,resources/site_257_bowra-dry-a/downloaded_clips/site_257_item_1676801/site_257_item_1676801_clip_008.webm,160.775,189.637,28.862,night,summer,-0.5,0.866025,-0.0,1.0,summer_night
1676801_clip008_s006,resources/site_257_bowra-dry-a/downloaded_clips/site_257_item_1676801/site_257_item_1676801_clip_008.webm,201.154,248.825,47.671,night,summer,-0.5,0.866025,-0.0,1.0,summer_night
1676801_clip008_s007,resources/site_257_bowra-dry-a/downloaded_clips/site_257_item_1676801/site_257_item_1676801_clip_008.webm,249.034,263.012,13.978,night,summer,-0.5,0.866025,-0.0,1.0,summer_night
1676801_clip008_s008,resources/site_257_bowra-dry-a/downloaded_clips/site_257_item_1676801/site_257_item_1676801_clip_008.webm,267.029,281.426,14.396,night,summer,-0.5,0.866025,-0.0,1.0,summer_night
1676801_clip014_s000,resources/site_257_bowra-dry-a/downloaded_clips/site_257_item_1676801/site_257_item_1676801_clip_014.webm,220.45,239.955,19.505,night,summer,-0.5,0.866025,-0.0,1.0,summer_night
1676801_clip014_s001,resources/site_257_bowra-dry-a/downloaded_clips/site_257_item_1676801/site_257_item_1676801_clip_014.webm,241.627,261.341,19.714,night,summer,-0.5,0.866025,-0.0,1.0,summer_night
1676801_clip014_s002,resources/site_257_bowra-dry-a/downloaded_clips/site_257_item_1676801/site_257_item_1676801_clip_014.webm,261.55,277.92,16.37,night,summer,-0.5,0.866025,-0.0,1.0,summer_night
1676801_clip015_s000,resources/site_257_bowra-dry-a/downloaded_clips/site_257_item_1676801/site_257_item_1676801_clip_015.webm,4.505,18.622,14.118,night,summer,-0.5,0.866025,-0.0,1.0,summer_night
1676801_clip015_s001,resources/site_257_bowra-dry-a/downloaded_clips/site_257_item_1676801/site_257_item_1676801_clip_015.webm,23.545,73.236,49.691,night,summer,-0.5,0.866025,-0.0,1.0,summer_night
1676801_clip015_s002,resources/site_257_bowra-dry-a/downloaded_clips/site_257_item_1676801/site_257_item_1676801_clip_015.webm,102.47,117.447,14.977,night,summer,-0.5,0.866025,-0.0,1.0,summer_night
1676801_clip015_s003,resources/site_257_bowra-dry-a/downloaded_clips/site_257_item_1676801/site_257_item_1676801_clip_015.webm,208.469,231.619,23.15,night,summer,-0.5,0.866025,-0.0,1.0,summer_night
1676801_clip015_s004,resources/site_257_bowra-dry-a/downloaded_clips/site_257_item_1676801/site_257_item_1676801_clip_015.webm,237.053,253.005,15.952,night,summer,-0.5,0.866025,-0.0,1.0,summer_night
1676801_clip019_s000,resources/site_257_bowra-dry-a/downloaded_clips/site_257_item_1676801/site_257_item_1676801_clip_019.webm,271.0,281.101,10.101,night,summer,-0.5,0.866025,-0.0,1.0,summer_night
1676801_clip020_s000,resources/site_257_bowra-dry-a/downloaded_clips/site_257_item_1676801/site_257_item_1676801_clip_020.webm,53.685,68.476,14.791,night,summer,-0.5,0.866025,-0.0,1.0,summer_night
1676801_clip020_s001,resources/site_257_bowra-dry-a/downloaded_clips/site_257_item_1676801/site_257_item_1676801_clip_020.webm,175.891,189.057,13.166,night,summer,-0.5,0.866025,-0.0,1.0,summer_night
1676801_clip020_s002,resources/site_257_bowra-dry-a/downloaded_clips/site_257_item_1676801/site_257_item_1676801_clip_020.webm,197.648,209.885,12.237,night,summer,-0.5,0.866025,-0.0,1.0,summer_night
1676801_clip020_s003,resources/site_257_bowra-dry-a/downloaded_clips/site_257_item_1676801/site_257_item_1676801_clip_020.webm,261.689,275.203,13.514,night,summer,-0.5,0.866025,-0.0,1.0,summer_night
1676801_clip023_s000,resources/site_257_bowra-dry-a/downloaded_clips/site_257_item_1676801/site_257_item_1676801_clip_023.webm,107.973,118.468,10.495,night,summer,-0.5,0.866025,-0.0,1.0,summer_night
1676801_clip023_s001,resources/site_257_bowra-dry-a/downloaded_clips/site_257_item_1676801/site_257_item_1676801_clip_023.webm,164.42,186.178,21.757,night,summer,-0.5,0.866025,-0.0,1.0,summer_night
1676801_clip023_s002,resources/site_257_bowra-dry-a/downloaded_clips/site_257_item_1676801/site_257_item_1676801_clip_023.webm,186.387,200.342,13.955,night,summer,-0.5,0.866025,-0.0,1.0,summer_night
1676801_clip023_s003,resources/site_257_bowra-dry-a/downloaded_clips/site_257_item_1676801/site_257_item_1676801_clip_023.webm,205.636,221.217,15.581,night,summer,-0.5,0.866025,-0.0,1.0,summer_night
1676801_clip023_s004,resources/site_257_bowra-dry-a/downloaded_clips/site_257_item_1676801/site_257_item_1676801_clip_023.webm,221.425,231.898,10.472,night,summer,-0.5,0.866025,-0.0,1.0,summer_night
1676801_clip023_s005,resources/site_257_bowra-dry-a/downloaded_clips/site_257_item_1676801/site_257_item_1676801_clip_023.webm,232.107,252.587,20.48,night,summer,-0.5,0.866025,-0.0,1.0,summer_night
1676801_clip024_s000,resources/site_257_bowra-dry-a/downloaded_clips/site_257_item_1676801/site_257_item_1676801_clip_024.webm,53.429,76.092,22.663,night,summer,-0.5,0.866025,-0.0,1.0,summer_night
1676801_clip024_s001,resources/site_257_bowra-dry-a/downloaded_clips/site_257_item_1676801/site_257_item_1676801_clip_024.webm,120.163,135.024,14.861,night,summer,-0.5,0.866025,-0.0,1.0,summer_night
1676801_clip024_s002,resources/site_257_bowra-dry-a/downloaded_clips/site_257_item_1676801/site_257_item_1676801_clip_024.webm,153.879,169.436,15.557,night,summer,-0.5,0.866025,-0.0,1.0,summer_night
1676801_clip024_s003,resources/site_257_bowra-dry-a/downloaded_clips/site_257_item_1676801/site_257_item_1676801_clip_024.webm,171.619,199.924,28.305,night,summer,-0.5,0.866025,-0.0,1.0,summer_night
1676801_clip024_s004,resources/site_257_bowra-dry-a/downloaded_clips/site_257_item_1676801/site_257_item_1676801_clip_024.webm,258.136,269.932,11.796,night,summer,-0.5,0.866025,-0.0,1.0,summer_night
1678870_clip005_s000,resources/site_257_bowra-dry-a/downloaded_clips/site_257_item_1678870/site_257_item_1678870_clip_005.webm,57.771,69.962,12.19,night,summer,-0.5,0.866025,-0.0,1.0,summer_night
1678870_clip022_s000,resources/site_257_bowra-dry-a/downloaded_clips/site_257_item_1678870/site_257_item_1678870_clip_022.webm,30.232,42.121,11.889,night,summer,-0.5,0.866025,-0.0,1.0,summer_night
1679369_clip003_s000,resources/site_257_bowra-dry-a/downloaded_clips/site_257_item_1679369/site_257_item_1679369_clip_003.webm,279.893,290.621,10.728,night,summer,-0.5,0.866025,0.5,0.866025,summer_night
1679369_clip006_s000,resources/site_257_bowra-dry-a/downloaded_clips/site_257_item_1679369/site_257_item_1679369_clip_006.webm,101.866,112.083,10.217,night,summer,-0.5,0.866025,0.5,0.866025,summer_night
1679369_clip008_s000,resources/site_257_bowra-dry-a/downloaded_clips/site_257_item_1679369/site_257_item_1679369_clip_008.webm,269.514,281.635,12.121,night,summer,-0.5,0.866025,0.5,0.866025,summer_night
1679369_clip015_s000,resources/site_257_bowra-dry-a/downloaded_clips/site_257_item_1679369/site_257_item_1679369_clip_015.webm,44.304,60.07,15.766,night,summer,-0.5,0.866025,0.5,0.866025,summer_night
1681920_clip001_s000,resources/site_257_bowra-dry-a/downloaded_clips/site_257_item_1681920/site_257_item_1681920_clip_001.webm,122.346,143.058,20.712,night,summer,-0.5,0.866025,0.5,0.866025,summer_night
1681920_clip001_s001,resources/site_257_bowra-dry-a/downloaded_clips/site_257_item_1681920/site_257_item_1681920_clip_001.webm,143.36,156.015,12.655,night,summer,-0.5,0.866025,0.5,0.866025,summer_night
1681920_clip001_s002,resources/site_257_bowra-dry-a/downloaded_clips/site_257_item_1681920/site_257_item_1681920_clip_001.webm,173.221,203.221,30.0,night,summer,-0.5,0.866025,0.5,0.866025,summer_night
1681920_clip001_s003,resources/site_257_bowra-dry-a/downloaded_clips/site_257_item_1681920/site_257_item_1681920_clip_001.webm,203.221,251.704,48.483,night,summer,-0.5,0.866025,0.5,0.866025,summer_night
1681920_clip001_s004,resources/site_257_bowra-dry-a/downloaded_clips/site_257_item_1681920/site_257_item_1681920_clip_001.webm,282.657,296.542,13.886,night,summer,-0.5,0.866025,0.5,0.866025,summer_night
1681920_clip004_s000,resources/site_257_bowra-dry-a/downloaded_clips/site_257_item_1681920/site_257_item_1681920_clip_004.webm,106.069,119.815,13.746,night,summer,-0.5,0.866025,0.5,0.866025,summer_night
1681920_clip004_s001,resources/site_257_bowra-dry-a/downloaded_clips/site_257_item_1681920/site_257_item_1681920_clip_004.webm,146.797,157.872,11.076,night,summer,-0.5,0.866025,0.5,0.866025,summer_night
1681920_clip004_s002,resources/site_257_bowra-dry-a/downloaded_clips/site_257_item_1681920/site_257_item_1681920_clip_004.webm,158.081,168.182,10.101,night,summer,-0.5,0.866025,0.5,0.866025,summer_night
1681920_clip004_s003,resources/site_257_bowra-dry-a/downloaded_clips/site_257_item_1681920/site_257_item_1681920_clip_004.webm,194.932,206.333,11.401,night,summer,-0.5,0.866025,0.5,0.866025,summer_night
1681920_clip005_s000,resources/site_257_bowra-dry-a/downloaded_clips/site_257_item_1681920/site_257_item_1681920_clip_005.webm,11.122,27.005,15.882,night,summer,-0.5,0.866025,0.5,0.866025,summer_night
1681920_clip005_s001,resources/site_257_bowra-dry-a/downloaded_clips/site_257_item_1681920/site_257_item_1681920_clip_005.webm,28.282,46.858,18.576,night,summer,-0.5,0.866025,0.5,0.866025,summer_night
1681920_clip005_s002,resources/site_257_bowra-dry-a/downloaded_clips/site_257_item_1681920/site_257_item_1681920_clip_005.webm,54.335,68.058,13.723,night,summer,-0.5,0.866025,0.5,0.866025,summer_night
1681920_clip005_s003,resources/site_257_bowra-dry-a/downloaded_clips/site_257_item_1681920/site_257_item_1681920_clip_005.webm,92.137,108.391,16.254,night,summer,-0.5,0.866025,0.5,0.866025,summer_night
1681920_clip005_s004,resources/site_257_bowra-dry-a/downloaded_clips/site_257_item_1681920/site_257_item_1681920_clip_005.webm,108.6,131.889,23.29,night,summer,-0.5,0.866025,0.5,0.866025,summer_night
1681920_clip005_s005,resources/site_257_bowra-dry-a/downloaded_clips/site_257_item_1681920/site_257_item_1681920_clip_005.webm,167.857,186.224,18.367,night,summer,-0.5,0.866025,0.5,0.866025,summer_night
1681920_clip005_s006,resources/site_257_bowra-dry-a/downloaded_clips/site_257_item_1681920/site_257_item_1681920_clip_005.webm,196.766,229.413,32.647,night,summer,-0.5,0.866025,0.5,0.866025,summer_night
1681920_clip006_s000,resources/site_257_bowra-dry-a/downloaded_clips/site_257_item_1681920/site_257_item_1681920_clip_006.webm,134.165,145.612,11.447,night,summer,-0.5,0.866025,0.5,0.866025,summer_night
1681920_clip006_s001,resources/site_257_bowra-dry-a/downloaded_clips/site_257_item_1681920/site_257_item_1681920_clip_006.webm,151.65,175.334,23.684,night,summer,-0.5,0.866025,0.5,0.866025,summer_night
1681920_clip006_s002,resources/site_257_bowra-dry-a/downloaded_clips/site_257_item_1681920/site_257_item_1681920_clip_006.webm,175.543,190.729,15.186,night,summer,-0.5,0.866025,0.5,0.866025,summer_night
1681920_clip006_s003,resources/site_257_bowra-dry-a/downloaded_clips/site_257_item_1681920/site_257_item_1681920_clip_006.webm,190.938,208.538,17.601,night,summer,-0.5,0.866025,0.5,0.866025,summer_night
1681920_clip006_s004,resources/site_257_bowra-dry-a/downloaded_clips/site_257_item_1681920/site_257_item_1681920_clip_006.webm,211.696,241.697,30.0,night,summer,-0.5,0.866025,0.5,0.866025,summer_night
1681920_clip006_s005,resources/site_257_bowra-dry-a/downloaded_clips/site_257_item_1681920/site_257_item_1681920_clip_006.webm,241.697,296.078,54.381,night,summer,-0.5,0.866025,0.5,0.866025,summer_night
1681920_clip007_s000,resources/site_257_bowra-dry-a/downloaded_clips/site_257_item_1681920/site_257_item_1681920_clip_007.webm,1.254,32.833,31.579,night,summer,-0.5,0.866025,0.5,0.866025,summer_night
1681920_clip007_s001,resources/site_257_bowra-dry-a/downloaded_clips/site_257_item_1681920/site_257_item_1681920_clip_007.webm,34.064,76.788,42.725,night,summer,-0.5,0.866025,0.5,0.866025,summer_night
1681920_clip007_s002,resources/site_257_bowra-dry-a/downloaded_clips/site_257_item_1681920/site_257_item_1681920_clip_007.webm,87.911,98.29,10.379,night,summer,-0.5,0.866025,0.5,0.866025,summer_night
1681920_clip007_s003,resources/site_257_bowra-dry-a/downloaded_clips/site_257_item_1681920/site_257_item_1681920_clip_007.webm,284.189,298.191,14.002,night,summer,-0.5,0.866025,0.5,0.866025,summer_night
1681920_clip009_s000,resources/site_257_bowra-dry-a/downloaded_clips/site_257_item_1681920/site_257_item_1681920_clip_009.webm,18.158,31.904,13.746,night,summer,-0.5,0.866025,0.5,0.866025,summer_night
1681920_clip009_s001,resources/site_257_bowra-dry-a/downloaded_clips/site_257_item_1681920/site_257_item_1681920_clip_009.webm,39.358,50.55,11.192,night,summer,-0.5,0.866025,0.5,0.866025,summer_night
1681920_clip009_s002,resources/site_257_bowra-dry-a/downloaded_clips/site_257_item_1681920/site_257_item_1681920_clip_009.webm,51.432,70.38,18.947,night,summer,-0.5,0.866025,0.5,0.866025,summer_night
1681920_clip009_s003,resources/site_257_bowra-dry-a/downloaded_clips/site_257_item_1681920/site_257_item_1681920_clip_009.webm,76.579,102.493,25.913,night,summer,-0.5,0.866025,0.5,0.866025,summer_night
1681920_clip009_s004,resources/site_257_bowra-dry-a/downloaded_clips/site_257_item_1681920/site_257_item_1681920_clip_009.webm,208.097,222.076,13.978,night,summer,-0.5,0.866025,0.5,0.866025,summer_night
1681920_clip009_s005,resources/site_257_bowra-dry-a/downloaded_clips/site_257_item_1681920/site_257_item_1681920_clip_009.webm,239.491,253.817,14.327,night,summer,-0.5,0.866025,0.5,0.866025,summer_night
1681920_clip010_s000,resources/site_257_bowra-dry-a/downloaded_clips/site_257_item_1681920/site_257_item_1681920_clip_010.webm,38.963,49.691,10.728,night,summer,-0.5,0.866025,0.5,0.866025,summer_night
1681920_clip010_s001,resources/site_257_bowra-dry-a/downloaded_clips/site_257_item_1681920/site_257_item_1681920_clip_010.webm,131.564,163.283,31.718,night,summer,-0.5,0.866025,0.5,0.866025,summer_night
1681920_clip010_s002,resources/site_257_bowra-dry-a/downloaded_clips/site_257_item_1681920/site_257_item_1681920_clip_010.webm,194.351,208.91,14.559,night,summer,-0.5,0.866025,0.5,0.866025,summer_night
1681920_clip012_s000,resources/site_257_bowra-dry-a/downloaded_clips/site_257_item_1681920/site_257_item_1681920_clip_012.webm,18.181,52.756,34.575,night,summer,-0.5,0.866025,0.5,0.866025,summer_night
1681920_clip012_s001,resources/site_257_bowra-dry-a/downloaded_clips/site_257_item_1681920/site_257_item_1681920_clip_012.webm,59.257,76.37,17.113,night,summer,-0.5,0.866025,0.5,0.866025,summer_night
1681920_clip013_s000,resources/site_257_bowra-dry-a/downloaded_clips/site_257_item_1681920/site_257_item_1681920_clip_013.webm,42.725,54.822,12.098,night,summer,-0.5,0.866025,0.5,0.866025,summer_night
1681920_clip013_s001,resources/site_257_bowra-dry-a/downloaded_clips/site_257_item_1681920/site_257_item_1681920_clip_013.webm,106.162,118.004,11.842,night,summer,-0.5,0.866025,0.5,0.866025,summer_night
1681920_clip014_s000,resources/site_257_bowra-dry-a/downloaded_clips/site_257_item_1681920/site_257_item_1681920_clip_014.webm,33.739,45.743,12.005,night,summer,-0.5,0.866025,0.5,0.866025,summer_night
1681920_clip014_s001,resources/site_257_bowra-dry-a/downloaded_clips/site_257_item_1681920/site_257_item_1681920_clip_014.webm,213.345,237.587,24.242,night,summer,-0.5,0.866025,0.5,0.866025,summer_night
1681920_clip015_s000,resources/site_257_bowra-dry-a/downloaded_clips/site_257_item_1681920/site_257_item_1681920_clip_015.webm,251.356,262.014,10.658,night,summer,-0.5,0.866025,0.5,0.866025,summer_night
1681920_clip017_s000,resources/site_257_bowra-dry-a/downloaded_clips/site_257_item_1681920/site_257_item_1681920_clip_017.webm,57.702,67.872,10.17,night,summer,-0.5,0.866025,0.5,0.866025,summer_night
1681920_clip017_s001,resources/site_257_bowra-dry-a/downloaded_clips/site_257_item_1681920/site_257_item_1681920_clip_017.webm,135.326,146.866,11.54,night,summer,-0.5,0.866025,0.5,0.866025,summer_night
1681920_clip020_s000,resources/site_257_bowra-dry-a/downloaded_clips/site_257_item_1681920/site_257_item_1681920_clip_020.webm,40.263,55.031,14.768,night,summer,-0.5,0.866025,0.5,0.866025,summer_night
1681920_clip020_s001,resources/site_257_bowra-dry-a/downloaded_clips/site_257_item_1681920/site_257_item_1681920_clip_020.webm,98.638,114.381,15.743,night,summer,-0.5,0.866025,0.5,0.866025,summer_night
1681920_clip020_s002,resources/site_257_bowra-dry-a/downloaded_clips/site_257_item_1681920/site_257_item_1681920_clip_020.webm,116.611,138.577,21.966,night,summer,-0.5,0.866025,0.5,0.866025,summer_night
1681920_clip020_s003,resources/site_257_bowra-dry-a/downloaded_clips/site_257_item_1681920/site_257_item_1681920_clip_020.webm,191.472,204.173,12.701,night,summer,-0.5,0.866025,0.5,0.866025,summer_night
1681920_clip020_s004,resources/site_257_bowra-dry-a/downloaded_clips/site_257_item_1681920/site_257_item_1681920_clip_020.webm,220.52,233.593,13.073,night,summer,-0.5,0.866025,0.5,0.866025,summer_night
1681920_clip020_s005,resources/site_257_bowra-dry-a/downloaded_clips/site_257_item_1681920/site_257_item_1681920_clip_020.webm,257.881,272.672,14.791,night,summer,-0.5,0.866025,0.5,0.866025,summer_night
1681920_clip021_s000,resources/site_257_bowra-dry-a/downloaded_clips/site_257_item_1681920/site_257_item_1681920_clip_021.webm,12.028,32.833,20.805,night,summer,-0.5,0.866025,0.5,0.866025,summer_night
1681920_clip021_s001,resources/site_257_bowra-dry-a/downloaded_clips/site_257_item_1681920/site_257_item_1681920_clip_021.webm,33.088,62.253,29.164,night,summer,-0.5,0.866025,0.5,0.866025,summer_night
1681920_clip021_s002,resources/site_257_bowra-dry-a/downloaded_clips/site_257_item_1681920/site_257_item_1681920_clip_021.webm,79.877,100.589,20.712,night,summer,-0.5,0.866025,0.5,0.866025,summer_night
1681920_clip024_s000,resources/site_257_bowra-dry-a/downloaded_clips/site_257_item_1681920/site_257_item_1681920_clip_024.webm,14.071,65.434,51.363,night,summer,-0.5,0.866025,0.5,0.866025,summer_night
1681920_clip024_s001,resources/site_257_bowra-dry-a/downloaded_clips/site_257_item_1681920/site_257_item_1681920_clip_024.webm,78.646,88.886,10.24,night,summer,-0.5,0.866025,0.5,0.866025,summer_night
1681920_clip024_s002,resources/site_257_bowra-dry-a/downloaded_clips/site_257_item_1681920/site_257_item_1681920_clip_024.webm,96.804,108.089,11.285,night,summer,-0.5,0.866025,0.5,0.866025,summer_night
1681920_clip024_s003,resources/site_257_bowra-dry-a/downloaded_clips/site_257_item_1681920/site_257_item_1681920_clip_024.webm,108.762,125.341,16.579,night,summer,-0.5,0.866025,0.5,0.866025,summer_night
1681920_clip024_s004,resources/site_257_bowra-dry-a/downloaded_clips/site_257_item_1681920/site_257_item_1681920_clip_024.webm,127.687,143.778,16.091,night,summer,-0.5,0.866025,0.5,0.866025,summer_night
1681920_clip024_s005,resources/site_257_bowra-dry-a/downloaded_clips/site_257_item_1681920/site_257_item_1681920_clip_024.webm,202.641,214.692,12.051,night,summer,-0.5,0.866025,0.5,0.866025,summer_night
1682104_clip024_s000,resources/site_257_bowra-dry-a/downloaded_clips/site_257_item_1682104/site_257_item_1682104_clip_024.webm,109.621,120.419,10.797,night,summer,-0.5,0.866025,-0.0,1.0,summer_night
1670202_clip020_s000,resources/site_257_bowra-dry-a/downloaded_clips/site_257_item_1670202/site_257_item_1670202_clip_020.webm,209.003,219.939,10.937,night,summer,-0.5,0.866025,0.5,0.866025,summer_night
1670202_clip020_s001,resources/site_257_bowra-dry-a/downloaded_clips/site_257_item_1670202/site_257_item_1670202_clip_020.webm,270.141,281.797,11.656,night,summer,-0.5,0.866025,0.5,0.866025,summer_night
1670202_clip022_s000,resources/site_257_bowra-dry-a/downloaded_clips/site_257_item_1670202/site_257_item_1670202_clip_022.webm,0.116,11.238,11.122,night,summer,-0.5,0.866025,0.5,0.866025,summer_night
1676457_clip005_s000,resources/site_257_bowra-dry-a/downloaded_clips/site_257_item_1676457/site_257_item_1676457_clip_005.webm,58.352,69.219,10.867,night,summer,-0.5,0.866025,0.866025,0.5,summer_night
1676457_clip007_s000,resources/site_257_bowra-dry-a/downloaded_clips/site_257_item_1676457/site_257_item_1676457_clip_007.webm,239.119,249.22,10.101,night,summer,-0.5,0.866025,0.866025,0.5,summer_night
1676457_clip011_s000,resources/site_257_bowra-dry-a/downloaded_clips/site_257_item_1676457/site_257_item_1676457_clip_011.webm,43.886,58.096,14.211,night,summer,-0.5,0.866025,0.866025,0.5,summer_night
1676457_clip012_s000,resources/site_257_bowra-dry-a/downloaded_clips/site_257_item_1676457/site_257_item_1676457_clip_012.webm,253.167,263.709,10.542,night,summer,-0.5,0.866025,0.866025,0.5,summer_night
1676457_clip012_s001,resources/site_257_bowra-dry-a/downloaded_clips/site_257_item_1676457/site_257_item_1676457_clip_012.webm,288.113,299.839,11.726,night,summer,-0.5,0.866025,0.866025,0.5,summer_night
1676457_clip013_s000,resources/site_257_bowra-dry-a/downloaded_clips/site_257_item_1676457/site_257_item_1676457_clip_013.webm,237.726,250.845,13.119,night,summer,-0.5,0.866025,0.866025,0.5,summer_night
1676457_clip015_s000,resources/site_257_bowra-dry-a/downloaded_clips/site_257_item_1676457/site_257_item_1676457_clip_015.webm,170.62,180.744,10.124,night,summer,-0.5,0.866025,0.866025,0.5,summer_night
1676457_clip015_s001,resources/site_257_bowra-dry-a/downloaded_clips/site_257_item_1676457/site_257_item_1676457_clip_015.webm,224.328,235.729,11.401,night,summer,-0.5,0.866025,0.866025,0.5,summer_night
1676457_clip017_s000,resources/site_257_bowra-dry-a/downloaded_clips/site_257_item_1676457/site_257_item_1676457_clip_017.webm,207.238,217.896,10.658,night,summer,-0.5,0.866025,0.866025,0.5,summer_night
1676457_clip020_s000,resources/site_257_bowra-dry-a/downloaded_clips/site_257_item_1676457/site_257_item_1676457_clip_020.webm,154.227,164.444,10.217,night,summer,-0.5,0.866025,0.866025,0.5,summer_night
1676457_clip020_s001,resources/site_257_bowra-dry-a/downloaded_clips/site_257_item_1676457/site_257_item_1676457_clip_020.webm,174.8,185.342,10.542,night,summer,-0.5,0.866025,0.866025,0.5,summer_night
1676457_clip020_s002,resources/site_257_bowra-dry-a/downloaded_clips/site_257_item_1676457/site_257_item_1676457_clip_020.webm,225.001,237.819,12.817,night,summer,-0.5,0.866025,0.866025,0.5,summer_night
1676576_clip010_s000,resources/site_257_bowra-dry-a/downloaded_clips/site_257_item_1676576/site_257_item_1676576_clip_010.webm,84.706,99.196,14.489,night,summer,-0.5,0.866025,0.866025,0.5,summer_night
1676576_clip012_s000,resources/site_257_bowra-dry-a/downloaded_clips/site_257_item_1676576/site_257_item_1676576_clip_012.webm,31.951,43.607,11.656,night,summer,-0.5,0.866025,0.866025,0.5,summer_night
1676576_clip012_s001,resources/site_257_bowra-dry-a/downloaded_clips/site_257_item_1676576/site_257_item_1676576_clip_012.webm,223.539,234.289,10.751,night,summer,-0.5,0.866025,0.866025,0.5,summer_night
1676576_clip014_s000,resources/site_257_bowra-dry-a/downloaded_clips/site_257_item_1676576/site_257_item_1676576_clip_014.webm,107.88,118.027,10.147,night,summer,-0.5,0.866025,0.866025,0.5,summer_night
1676576_clip024_s000,resources/site_257_bowra-dry-a/downloaded_clips/site_257_item_1676576/site_257_item_1676576_clip_024.webm,67.617,77.973,10.356,night,summer,-0.5,0.866025,0.866025,0.5,summer_night
1676646_clip005_s000,resources/site_257_bowra-dry-a/downloaded_clips/site_257_item_1676646/site_257_item_1676646_clip_005.webm,208.585,219.475,10.89,night,summer,-0.5,0.866025,0.5,0.866025,summer_night
1676646_clip010_s000,resources/site_257_bowra-dry-a/downloaded_clips/site_257_item_1676646/site_257_item_1676646_clip_010.webm,233.059,243.183,10.124,night,summer,-0.5,0.866025,0.5,0.866025,summer_night
1676646_clip010_s001,resources/site_257_bowra-dry-a/downloaded_clips/site_257_item_1676646/site_257_item_1676646_clip_010.webm,243.763,263.152,19.389,night,summer,-0.5,0.866025,0.5,0.866025,summer_night
1676646_clip011_s000,resources/site_257_bowra-dry-a/downloaded_clips/site_257_item_1676646/site_257_item_1676646_clip_011.webm,97.895,110.272,12.376,night,summer,-0.5,0.866025,0.5,0.866025,summer_night
1676646_clip011_s001,resources/site_257_bowra-dry-a/downloaded_clips/site_257_item_1676646/site_257_item_1676646_clip_011.webm,124.552,138.461,13.909,night,summer,-0.5,0.866025,0.5,0.866025,summer_night
1676646_clip014_s000,resources/site_257_bowra-dry-a/downloaded_clips/site_257_item_1676646/site_257_item_1676646_clip_014.webm,39.776,55.565,15.79,night,summer,-0.5,0.866025,0.5,0.866025,summer_night
1676646_clip014_s001,resources/site_257_bowra-dry-a/downloaded_clips/site_257_item_1676646/site_257_item_1676646_clip_014.webm,61.161,77.021,15.859,night,summer,-0.5,0.866025,0.5,0.866025,summer_night
1676646_clip014_s002,resources/site_257_bowra-dry-a/downloaded_clips/site_257_item_1676646/site_257_item_1676646_clip_014.webm,92.717,105.86,13.142,night,summer,-0.5,0.866025,0.5,0.866025,summer_night
1676646_clip014_s003,resources/site_257_bowra-dry-a/downloaded_clips/site_257_item_1676646/site_257_item_1676646_clip_014.webm,132.284,143.267,10.983,night,summer,-0.5,0.866025,0.5,0.866025,summer_night
1676646_clip014_s004,resources/site_257_bowra-dry-a/downloaded_clips/site_257_item_1676646/site_257_item_1676646_clip_014.webm,152.555,196.301,43.746,night,summer,-0.5,0.866025,0.5,0.866025,summer_night
1676646_clip016_s000,resources/site_257_bowra-dry-a/downloaded_clips/site_257_item_1676646/site_257_item_1676646_clip_016.webm,195.419,206.936,11.517,night,summer,-0.5,0.866025,0.5,0.866025,summer_night
1676646_clip016_s001,resources/site_257_bowra-dry-a/downloaded_clips/site_257_item_1676646/site_257_item_1676646_clip_016.webm,265.543,280.218,14.675,night,summer,-0.5,0.866025,0.5,0.866025,summer_night
1676646_clip020_s000,resources/site_257_bowra-dry-a/downloaded_clips/site_257_item_1676646/site_257_item_1676646_clip_020.webm,81.084,97.176,16.091,night,summer,-0.5,0.866025,0.5,0.866025,summer_night
1676646_clip022_s000,resources/site_257_bowra-dry-a/downloaded_clips/site_257_item_1676646/site_257_item_1676646_clip_022.webm,0.139,32.624,32.485,night,summer,-0.5,0.866025,0.5,0.866025,summer_night
1676646_clip022_s001,resources/site_257_bowra-dry-a/downloaded_clips/site_257_item_1676646/site_257_item_1676646_clip_022.webm,50.225,79.435,29.211,night,summer,-0.5,0.866025,0.5,0.866025,summer_night
1676646_clip022_s002,resources/site_257_bowra-dry-a/downloaded_clips/site_257_item_1676646/site_257_item_1676646_clip_022.webm,86.192,102.493,16.3,night,summer,-0.5,0.866025,0.5,0.866025,summer_night
1676646_clip022_s003,resources/site_257_bowra-dry-a/downloaded_clips/site_257_item_1676646/site_257_item_1676646_clip_022.webm,107.95,137.95,30.0,night,summer,-0.5,0.866025,0.5,0.866025,summer_night
1676646_clip022_s004,resources/site_257_bowra-dry-a/downloaded_clips/site_257_item_1676646/site_257_item_1676646_clip_022.webm,137.95,169.691,31.742,night,summer,-0.5,0.866025,0.5,0.866025,summer_night
1676646_clip022_s005,resources/site_257_bowra-dry-a/downloaded_clips/site_257_item_1676646/site_257_item_1676646_clip_022.webm,169.9,227.486,57.585,night,summer,-0.5,0.866025,0.5,0.866025,summer_night
1676646_clip022_s006,resources/site_257_bowra-dry-a/downloaded_clips/site_257_item_1676646/site_257_item_1676646_clip_022.webm,227.695,243.484,15.79,night,summer,-0.5,0.866025,0.5,0.866025,summer_night
1676646_clip023_s000,resources/site_257_bowra-dry-a/downloaded_clips/site_257_item_1676646/site_257_item_1676646_clip_023.webm,8.359,19.435,11.076,night,summer,-0.5,0.866025,0.5,0.866025,summer_night
1676646_clip024_s000,resources/site_257_bowra-dry-a/downloaded_clips/site_257_item_1676646/site_257_item_1676646_clip_024.webm,254.073,272.951,18.878,night,summer,-0.5,0.866025,0.5,0.866025,summer_night
1680033_clip001_s000,resources/site_257_bowra-dry-a/downloaded_clips/site_257_item_1680033/site_257_item_1680033_clip_001.webm,281.496,293.013,11.517,night,summer,-0.5,0.866025,0.866025,0.5,summer_night
1680033_clip003_s000,resources/site_257_bowra-dry-a/downloaded_clips/site_257_item_1680033/site_257_item_1680033_clip_003.webm,68.778,79.25,10.472,night,summer,-0.5,0.866025,0.866025,0.5,summer_night
1680033_clip004_s000,resources/site_257_bowra-dry-a/downloaded_clips/site_257_item_1680033/site_257_item_1680033_clip_004.webm,111.479,121.951,10.472,night,summer,-0.5,0.866025,0.866025,0.5,summer_night
1680033_clip004_s001,resources/site_257_bowra-dry-a/downloaded_clips/site_257_item_1680033/site_257_item_1680033_clip_004.webm,242.486,253.26,10.774,night,summer,-0.5,0.866025,0.866025,0.5,summer_night
1680033_clip005_s000,resources/site_257_bowra-dry-a/downloaded_clips/site_257_item_1680033/site_257_item_1680033_clip_005.webm,90.651,103.538,12.887,night,summer,-0.5,0.866025,0.866025,0.5,summer_night
1680033_clip009_s000,resources/site_257_bowra-dry-a/downloaded_clips/site_257_item_1680033/site_257_item_1680033_clip_009.webm,134.699,145.287,10.588,night,summer,-0.5,0.866025,0.866025,0.5,summer_night
1680033_clip013_s000,resources/site_257_bowra-dry-a/downloaded_clips/site_257_item_1680033/site_257_item_1680033_clip_013.webm,76.858,88.05,11.192,night,summer,-0.5,0.866025,0.866025,0.5,summer_night
1680033_clip017_s000,resources/site_257_bowra-dry-a/downloaded_clips/site_257_item_1680033/site_257_item_1680033_clip_017.webm,137.694,149.142,11.447,night,summer,-0.5,0.866025,0.866025,0.5,summer_night
1402574_clip009_s000,resources/site_257_bowra-dry-a/downloaded_clips/site_257_item_1402574/site_257_item_1402574_clip_009.webm,71.053,81.804,10.751,morning,autumn,0.866025,-0.5,1.0,0.0,autumn_morning
1402574_clip021_s000,resources/site_257_bowra-dry-a/downloaded_clips/site_257_item_1402574/site_257_item_1402574_clip_021.webm,281.588,293.222,11.633,morning,autumn,0.866025,-0.5,1.0,0.0,autumn_morning
1402574_clip023_s000,resources/site_257_bowra-dry-a/downloaded_clips/site_257_item_1402574/site_257_item_1402574_clip_023.webm,82.361,92.601,10.24,morning,autumn,0.866025,-0.5,1.0,0.0,autumn_morning
1534209_clip008_s000,resources/site_257_bowra-dry-a/downloaded_clips/site_257_item_1534209/site_257_item_1534209_clip_008.webm,243.229,253.933,10.704,morning,autumn,0.866025,-0.5,0.866025,-0.5,autumn_morning
1534209_clip011_s000,resources/site_257_bowra-dry-a/downloaded_clips/site_257_item_1534209/site_257_item_1534209_clip_011.webm,98.499,112.826,14.327,morning,autumn,0.866025,-0.5,0.866025,-0.5,autumn_morning
1534209_clip014_s000,resources/site_257_bowra-dry-a/downloaded_clips/site_257_item_1534209/site_257_item_1534209_clip_014.webm,281.565,292.943,11.378,morning,autumn,0.866025,-0.5,0.866025,-0.5,autumn_morning
1534209_clip021_s000,resources/site_257_bowra-dry-a/downloaded_clips/site_257_item_1534209/site_257_item_1534209_clip_021.webm,223.655,236.426,12.771,morning,autumn,0.866025,-0.5,0.866025,-0.5,autumn_morning
1534209_clip022_s000,resources/site_257_bowra-dry-a/downloaded_clips/site_257_item_1534209/site_257_item_1534209_clip_022.webm,141.967,153.507,11.54,morning,autumn,0.866025,-0.5,0.866025,-0.5,autumn_morning
1534209_clip022_s001,resources/site_257_bowra-dry-a/downloaded_clips/site_257_item_1534209/site_257_item_1534209_clip_022.webm,179.444,192.261,12.817,morning,autumn,0.866025,-0.5,0.866025,-0.5,autumn_morning
1536554_clip008_s000,resources/site_257_bowra-dry-a/downloaded_clips/site_257_item_1536554/site_257_item_1536554_clip_008.webm,270.698,284.212,13.514,morning,autumn,0.866025,-0.5,0.5,-0.866025,autumn_morning
1672053_clip005_s000,resources/site_257_bowra-dry-a/downloaded_clips/site_257_item_1672053/site_257_item_1672053_clip_005.webm,153.066,164.072,11.006,morning,autumn,0.866025,-0.5,0.866025,-0.5,autumn_morning
1672053_clip018_s000,resources/site_257_bowra-dry-a/downloaded_clips/site_257_item_1672053/site_257_item_1672053_clip_018.webm,44.327,55.263,10.937,morning,autumn,0.866025,-0.5,0.866025,-0.5,autumn_morning
1675916_clip017_s000,resources/site_257_bowra-dry-a/downloaded_clips/site_257_item_1675916/site_257_item_1675916_clip_017.webm,157.524,168.368,10.844,morning,autumn,0.866025,-0.5,0.5,-0.866025,autumn_morning
1675916_clip019_s000,resources/site_257_bowra-dry-a/downloaded_clips/site_257_item_1675916/site_257_item_1675916_clip_019.webm,238.33,252.865,14.536,morning,autumn,0.866025,-0.5,0.5,-0.866025,autumn_morning
1675916_clip024_s000,resources/site_257_bowra-dry-a/downloaded_clips/site_257_item_1675916/site_257_item_1675916_clip_024.webm,200.04,213.368,13.328,morning,autumn,0.866025,-0.5,0.5,-0.866025,autumn_morning
1681726_clip013_s000,resources/site_257_bowra-dry-a/downloaded_clips/site_257_item_1681726/site_257_item_1681726_clip_013.webm,23.986,34.435,10.449,morning,autumn,0.866025,-0.5,1.0,0.0,autumn_morning
1681726_clip021_s000,resources/site_257_bowra-dry-a/downloaded_clips/site_257_item_1681726/site_257_item_1681726_clip_021.webm,140.55,150.721,10.17,morning,autumn,0.866025,-0.5,1.0,0.0,autumn_morning
216088_clip002_s000,resources/site_257_bowra-dry-a/downloaded_clips/site_257_item_216088/site_257_item_216088_clip_002.webm,168.647,178.91,10.263,morning,autumn,0.866025,-0.5,1.0,0.0,autumn_morning
216088_clip002_s001,resources/site_257_bowra-dry-a/downloaded_clips/site_257_item_216088/site_257_item_216088_clip_002.webm,208.353,218.732,10.379,morning,autumn,0.866025,-0.5,1.0,0.0,autumn_morning
216088_clip003_s000,resources/site_257_bowra-dry-a/downloaded_clips/site_257_item_216088/site_257_item_216088_clip_003.webm,207.261,219.707,12.446,morning,autumn,0.866025,-0.5,1.0,0.0,autumn_morning
216088_clip005_s000,resources/site_257_bowra-dry-a/downloaded_clips/site_257_item_216088/site_257_item_216088_clip_005.webm,10.008,20.225,10.217,morning,autumn,0.866025,-0.5,1.0,0.0,autumn_morning
216088_clip007_s000,resources/site_257_bowra-dry-a/downloaded_clips/site_257_item_216088/site_257_item_216088_clip_007.webm,215.504,226.186,10.681,morning,autumn,0.866025,-0.5,1.0,0.0,autumn_morning
216088_clip014_s000,resources/site_257_bowra-dry-a/downloaded_clips/site_257_item_216088/site_257_item_216088_clip_014.webm,126.758,137.718,10.96,morning,autumn,0.866025,-0.5,1.0,0.0,autumn_morning
216088_clip016_s000,resources/site_257_bowra-dry-a/downloaded_clips/site_257_item_216088/site_257_item_216088_clip_016.webm,153.693,163.724,10.031,morning,autumn,0.866025,-0.5,1.0,0.0,autumn_morning
216088_clip017_s000,resources/site_257_bowra-dry-a/downloaded_clips/site_257_item_216088/site_257_item_216088_clip_017.webm,68.127,78.483,10.356,morning,autumn,0.866025,-0.5,1.0,0.0,autumn_morning
216088_clip017_s001,resources/site_257_bowra-dry-a/downloaded_clips/site_257_item_216088/site_257_item_216088_clip_017.webm,224.816,237.354,12.539,morning,autumn,0.866025,-0.5,1.0,0.0,autumn_morning
216088_clip019_s000,resources/site_257_bowra-dry-a/downloaded_clips/site_257_item_216088/site_257_item_216088_clip_019.webm,143.755,157.872,14.118,morning,autumn,0.866025,-0.5,1.0,0.0,autumn_morning
216088_clip023_s000,resources/site_257_bowra-dry-a/downloaded_clips/site_257_item_216088/site_257_item_216088_clip_023.webm,12.423,23.406,10.983,morning,autumn,0.866025,-0.5,1.0,0.0,autumn_morning
216088_clip024_s000,resources/site_257_bowra-dry-a/downloaded_clips/site_257_item_216088/site_257_item_216088_clip_024.webm,68.801,81.688,12.887,morning,autumn,0.866025,-0.5,1.0,0.0,autumn_morning
216464_clip021_s000,resources/site_257_bowra-dry-a/downloaded_clips/site_257_item_216464/site_257_item_216464_clip_021.webm,120.001,131.495,11.494,morning,autumn,0.866025,-0.5,0.866025,-0.5,autumn_morning
216594_clip005_s000,resources/site_257_bowra-dry-a/downloaded_clips/site_257_item_216594/site_257_item_216594_clip_005.webm,28.259,39.451,11.192,morning,autumn,0.866025,-0.5,0.866025,-0.5,autumn_morning
216594_clip021_s000,resources/site_257_bowra-dry-a/downloaded_clips/site_257_item_216594/site_257_item_216594_clip_021.webm,110.179,125.272,15.093,morning,autumn,0.866025,-0.5,0.866025,-0.5,autumn_morning
216594_clip021_s001,resources/site_257_bowra-dry-a/downloaded_clips/site_257_item_216594/site_257_item_216594_clip_021.webm,192.819,209.908,17.09,morning,autumn,0.866025,-0.5,0.866025,-0.5,autumn_morning
216147_clip008_s000,resources/site_257_bowra-dry-a/downloaded_clips/site_257_item_216147/site_257_item_216147_clip_008.webm,151.533,163.027,11.494,morning,autumn,0.866025,-0.5,1.0,0.0,autumn_morning
216276_clip017_s000,resources/site_257_bowra-dry-a/downloaded_clips/site_257_item_216276/site_257_item_216276_clip_017.webm,51.409,61.835,10.426,morning,autumn,0.866025,-0.5,1.0,0.0,autumn_morning
216276_clip024_s000,resources/site_257_bowra-dry-a/downloaded_clips/site_257_item_216276/site_257_item_216276_clip_024.webm,152.555,167.369,14.814,morning,autumn,0.866025,-0.5,1.0,0.0,autumn_morning
216276_clip024_s001,resources/site_257_bowra-dry-a/downloaded_clips/site_257_item_216276/site_257_item_216276_clip_024.webm,208.678,219.08,10.403,morning,autumn,0.866025,-0.5,1.0,0.0,autumn_morning
216325_clip006_s000,resources/site_257_bowra-dry-a/downloaded_clips/site_257_item_216325/site_257_item_216325_clip_006.webm,81.432,93.228,11.796,morning,autumn,0.866025,-0.5,1.0,0.0,autumn_morning
216325_clip006_s001,resources/site_257_bowra-dry-a/downloaded_clips/site_257_item_216325/site_257_item_216325_clip_006.webm,276.619,288.81,12.19,morning,autumn,0.866025,-0.5,1.0,0.0,autumn_morning
216325_clip010_s000,resources/site_257_bowra-dry-a/downloaded_clips/site_257_item_216325/site_257_item_216325_clip_010.webm,149.978,160.729,10.751,morning,autumn,0.866025,-0.5,1.0,0.0,autumn_morning
216474_clip020_s000,resources/site_257_bowra-dry-a/downloaded_clips/site_257_item_216474/site_257_item_216474_clip_020.webm,12.399,22.477,10.077,morning,autumn,0.5,-0.866025,0.866025,-0.5,autumn_morning
216474_clip024_s000,resources/site_257_bowra-dry-a/downloaded_clips/site_257_item_216474/site_257_item_216474_clip_024.webm,16.834,31.208,14.373,morning,autumn,0.5,-0.866025,0.866025,-0.5,autumn_morning
216577_clip023_s000,resources/site_257_bowra-dry-a/downloaded_clips/site_257_item_216577/site_257_item_216577_clip_023.webm,157.315,167.764,10.449,morning,autumn,0.866025,-0.5,0.866025,-0.5,autumn_morning
216577_clip023_s001,resources/site_257_bowra-dry-a/downloaded_clips/site_257_item_216577/site_257_item_216577_clip_023.webm,259.413,270.512,11.099,morning,autumn,0.866025,-0.5,0.866025,-0.5,autumn_morning
216596_clip002_s000,resources/site_257_bowra-dry-a/downloaded_clips/site_257_item_216596/site_257_item_216596_clip_002.webm,85.403,99.521,14.118,morning,autumn,0.5,-0.866025,0.866025,-0.5,autumn_morning
216596_clip002_s001,resources/site_257_bowra-dry-a/downloaded_clips/site_257_item_216596/site_257_item_216596_clip_002.webm,109.9,121.951,12.051,morning,autumn,0.5,-0.866025,0.866025,-0.5,autumn_morning
216596_clip002_s002,resources/site_257_bowra-dry-a/downloaded_clips/site_257_item_216596/site_257_item_216596_clip_002.webm,122.926,134.072,11.146,morning,autumn,0.5,-0.866025,0.866025,-0.5,autumn_morning
216621_clip004_s000,resources/site_257_bowra-dry-a/downloaded_clips/site_257_item_216621/site_257_item_216621_clip_004.webm,30.929,42.655,11.726,morning,autumn,0.866025,-0.5,0.866025,-0.5,autumn_morning
216621_clip014_s000,resources/site_257_bowra-dry-a/downloaded_clips/site_257_item_216621/site_257_item_216621_clip_014.webm,25.751,35.782,10.031,morning,autumn,0.866025,-0.5,0.866025,-0.5,autumn_morning
1312960_clip003_s000,resources/site_257_bowra-dry-a/downloaded_clips/site_257_item_1312960/site_257_item_1312960_clip_003.webm,265.845,276.759,10.913,morning,autumn,0.866025,-0.5,0.866025,-0.5,autumn_morning
1312960_clip007_s000,resources/site_257_bowra-dry-a/downloaded_clips/site_257_item_1312960/site_257_item_1312960_clip_007.webm,38.824,51.363,12.539,morning,autumn,0.866025,-0.5,0.866025,-0.5,autumn_morning
1312960_clip007_s001,resources/site_257_bowra-dry-a/downloaded_clips/site_257_item_1312960/site_257_item_1312960_clip_007.webm,214.947,228.322,13.375,morning,autumn,0.866025,-0.5,0.866025,-0.5,autumn_morning
1312960_clip009_s000,resources/site_257_bowra-dry-a/downloaded_clips/site_257_item_1312960/site_257_item_1312960_clip_009.webm,115.821,125.945,10.124,morning,autumn,0.866025,-0.5,0.866025,-0.5,autumn_morning
1312960_clip010_s000,resources/site_257_bowra-dry-a/downloaded_clips/site_257_item_1312960/site_257_item_1312960_clip_010.webm,163.631,176.588,12.957,morning,autumn,0.866025,-0.5,0.866025,-0.5,autumn_morning
1312960_clip012_s000,resources/site_257_bowra-dry-a/downloaded_clips/site_257_item_1312960/site_257_item_1312960_clip_012.webm,279.243,289.971,10.728,morning,autumn,0.866025,-0.5,0.866025,-0.5,autumn_morning
1312960_clip018_s000,resources/site_257_bowra-dry-a/downloaded_clips/site_257_item_1312960/site_257_item_1312960_clip_018.webm,120.79,131.773,10.983,morning,autumn,0.866025,-0.5,0.866025,-0.5,autumn_morning
1312960_clip018_s001,resources/site_257_bowra-dry-a/downloaded_clips/site_257_item_1312960/site_257_item_1312960_clip_018.webm,175.705,193.794,18.088,morning,autumn,0.866025,-0.5,0.866025,-0.5,autumn_morning
1312960_clip023_s000,resources/site_257_bowra-dry-a/downloaded_clips/site_257_item_1312960/site_257_item_1312960_clip_023.webm,133.468,147.122,13.653,morning,autumn,0.866025,-0.5,0.866025,-0.5,autumn_morning
1312960_clip023_s001,resources/site_257_bowra-dry-a/downloaded_clips/site_257_item_1312960/site_257_item_1312960_clip_023.webm,150.79,164.862,14.071,morning,autumn,0.866025,-0.5,0.866025,-0.5,autumn_morning
1312960_clip023_s002,resources/site_257_bowra-dry-a/downloaded_clips/site_257_item_1312960/site_257_item_1312960_clip_023.webm,177.981,188.128,10.147,morning,autumn,0.866025,-0.5,0.866025,-0.5,autumn_morning
1312960_clip024_s000,resources/site_257_bowra-dry-a/downloaded_clips/site_257_item_1312960/site_257_item_1312960_clip_024.webm,246.503,258.276,11.773,morning,autumn,0.866025,-0.5,0.866025,-0.5,autumn_morning
1313097_clip004_s000,resources/site_257_bowra-dry-a/downloaded_clips/site_257_item_1313097/site_257_item_1313097_clip_004.webm,140.086,151.766,11.68,morning,autumn,0.707107,-0.707107,0.866025,-0.5,autumn_morning
1313097_clip004_s001,resources/site_257_bowra-dry-a/downloaded_clips/site_257_item_1313097/site_257_item_1313097_clip_004.webm,259.762,270.118,10.356,morning,autumn,0.707107,-0.707107,0.866025,-0.5,autumn_morning
1313097_clip005_s000,resources/site_257_bowra-dry-a/downloaded_clips/site_257_item_1313097/site_257_item_1313097_clip_005.webm,31.068,43.352,12.283,morning,autumn,0.707107,-0.707107,0.866025,-0.5,autumn_morning
1313144_clip002_s000,resources/site_257_bowra-dry-a/downloaded_clips/site_257_item_1313144/site_257_item_1313144_clip_002.webm,281.658,300.025,18.367,morning,autumn,0.707107,-0.707107,0.866025,-0.5,autumn_morning
1313144_clip003_s000,resources/site_257_bowra-dry-a/downloaded_clips/site_257_item_1313144/site_257_item_1313144_clip_003.webm,141.27,151.905,10.635,morning,autumn,0.707107,-0.707107,0.866025,-0.5,autumn_morning
1313419_clip002_s000,resources/site_257_bowra-dry-a/downloaded_clips/site_257_item_1313419/site_257_item_1313419_clip_002.webm,89.652,100.403,10.751,morning,autumn,0.866025,-0.5,0.866025,-0.5,autumn_morning
1313419_clip005_s000,resources/site_257_bowra-dry-a/downloaded_clips/site_257_item_1313419/site_257_item_1313419_clip_005.webm,79.412,91.951,12.539,morning,autumn,0.866025,-0.5,0.866025,-0.5,autumn_morning
1313419_clip010_s000,resources/site_257_bowra-dry-a/downloaded_clips/site_257_item_1313419/site_257_item_1313419_clip_010.webm,215.62,226.929,11.308,morning,autumn,0.866025,-0.5,0.866025,-0.5,autumn_morning
1313419_clip015_s000,resources/site_257_bowra-dry-a/downloaded_clips/site_257_item_1313419/site_257_item_1313419_clip_015.webm,55.705,67.524,11.819,morning,autumn,0.866025,-0.5,0.866025,-0.5,autumn_morning
1313419_clip016_s000,resources/site_257_bowra-dry-a/downloaded_clips/site_257_item_1313419/site_257_item_1313419_clip_016.webm,199.668,211.766,12.098,morning,autumn,0.866025,-0.5,0.866025,-0.5,autumn_morning
1313419_clip017_s000,resources/site_257_bowra-dry-a/downloaded_clips/site_257_item_1313419/site_257_item_1313419_clip_017.webm,59.373,74.606,15.232,morning,autumn,0.866025,-0.5,0.866025,-0.5,autumn_morning
1401991_clip002_s000,resources/site_257_bowra-dry-a/downloaded_clips/site_257_item_1401991/site_257_item_1401991_clip_002.webm,15.302,26.331,11.029,morning,autumn,0.707107,-0.707107,1.0,0.0,autumn_morning
1401991_clip002_s001,resources/site_257_bowra-dry-a/downloaded_clips/site_257_item_1401991/site_257_item_1401991_clip_002.webm,225.86,236.611,10.751,morning,autumn,0.707107,-0.707107,1.0,0.0,autumn_morning
1401991_clip006_s000,resources/site_257_bowra-dry-a/downloaded_clips/site_257_item_1401991/site_257_item_1401991_clip_006.webm,78.901,90.256,11.355,morning,autumn,0.707107,-0.707107,1.0,0.0,autumn_morning
1401991_clip006_s001,resources/site_257_bowra-dry-a/downloaded_clips/site_257_item_1401991/site_257_item_1401991_clip_006.webm,261.433,271.511,10.077,morning,autumn,0.707107,-0.707107,1.0,0.0,autumn_morning
1401991_clip009_s000,resources/site_257_bowra-dry-a/downloaded_clips/site_257_item_1401991/site_257_item_1401991_clip_009.webm,247.803,259.855,12.051,morning,autumn,0.707107,-0.707107,1.0,0.0,autumn_morning
1401991_clip009_s001,resources/site_257_bowra-dry-a/downloaded_clips/site_257_item_1401991/site_257_item_1401991_clip_009.webm,273.438,285.257,11.819,morning,autumn,0.707107,-0.707107,1.0,0.0,autumn_morning
1401991_clip011_s000,resources/site_257_bowra-dry-a/downloaded_clips/site_257_item_1401991/site_257_item_1401991_clip_011.webm,238.91,249.731,10.82,morning,autumn,0.707107,-0.707107,1.0,0.0,autumn_morning
1403167_clip002_s000,resources/site_257_bowra-dry-a/downloaded_clips/site_257_item_1403167/site_257_item_1403167_clip_002.webm,224.421,237.54,13.119,morning,autumn,0.866025,-0.5,1.0,0.0,autumn_morning
1403167_clip003_s000,resources/site_257_bowra-dry-a/downloaded_clips/site_257_item_1403167/site_257_item_1403167_clip_003.webm,16.068,26.146,10.077,morning,autumn,0.866025,-0.5,1.0,0.0,autumn_morning
1403167_clip007_s000,resources/site_257_bowra-dry-a/downloaded_clips/site_257_item_1403167/site_257_item_1403167_clip_007.webm,235.729,246.689,10.96,morning,autumn,0.866025,-0.5,1.0,0.0,autumn_morning
1403167_clip010_s000,resources/site_257_bowra-dry-a/downloaded_clips/site_257_item_1403167/site_257_item_1403167_clip_010.webm,48.437,62.81,14.373,morning,autumn,0.866025,-0.5,1.0,0.0,autumn_morning
1403167_clip010_s001,resources/site_257_bowra-dry-a/downloaded_clips/site_257_item_1403167/site_257_item_1403167_clip_010.webm,275.296,291.968,16.672,morning,autumn,0.866025,-0.5,1.0,0.0,autumn_morning
1403167_clip011_s000,resources/site_257_bowra-dry-a/downloaded_clips/site_257_item_1403167/site_257_item_1403167_clip_011.webm,8.707,24.52,15.813,morning,autumn,0.866025,-0.5,1.0,0.0,autumn_morning
1403167_clip011_s001,resources/site_257_bowra-dry-a/downloaded_clips/site_257_item_1403167/site_257_item_1403167_clip_011.webm,27.957,39.845,11.889,morning,autumn,0.866025,-0.5,1.0,0.0,autumn_morning
1403167_clip011_s002,resources/site_257_bowra-dry-a/downloaded_clips/site_257_item_1403167/site_257_item_1403167_clip_011.webm,65.318,75.627,10.31,morning,autumn,0.866025,-0.5,1.0,0.0,autumn_morning
1403167_clip012_s000,resources/site_257_bowra-dry-a/downloaded_clips/site_257_item_1403167/site_257_item_1403167_clip_012.webm,28.282,40.333,12.051,morning,autumn,0.866025,-0.5,1.0,0.0,autumn_morning
1403167_clip012_s001,resources/site_257_bowra-dry-a/downloaded_clips/site_257_item_1403167/site_257_item_1403167_clip_012.webm,246.503,257.068,10.565,morning,autumn,0.866025,-0.5,1.0,0.0,autumn_morning
1403167_clip013_s000,resources/site_257_bowra-dry-a/downloaded_clips/site_257_item_1403167/site_257_item_1403167_clip_013.webm,56.75,70.171,13.421,morning,autumn,0.866025,-0.5,1.0,0.0,autumn_morning
1403167_clip020_s000,resources/site_257_bowra-dry-a/downloaded_clips/site_257_item_1403167/site_257_item_1403167_clip_020.webm,109.691,121.069,11.378,morning,autumn,0.866025,-0.5,1.0,0.0,autumn_morning
1403167_clip022_s000,resources/site_257_bowra-dry-a/downloaded_clips/site_257_item_1403167/site_257_item_1403167_clip_022.webm,192.447,203.569,11.122,morning,autumn,0.866025,-0.5,1.0,0.0,autumn_morning
1535887_clip011_s000,resources/site_257_bowra-dry-a/downloaded_clips/site_257_item_1535887/site_257_item_1535887_clip_011.webm,41.866,53.685,11.819,morning,autumn,0.866025,-0.5,1.0,0.0,autumn_morning
1535887_clip012_s000,resources/site_257_bowra-dry-a/downloaded_clips/site_257_item_1535887/site_257_item_1535887_clip_012.webm,122.903,133.143,10.24,morning,autumn,0.866025,-0.5,1.0,0.0,autumn_morning
1535887_clip015_s000,resources/site_257_bowra-dry-a/downloaded_clips/site_257_item_1535887/site_257_item_1535887_clip_015.webm,138.414,150.837,12.423,morning,autumn,0.866025,-0.5,1.0,0.0,autumn_morning
1535887_clip015_s001,resources/site_257_bowra-dry-a/downloaded_clips/site_257_item_1535887/site_257_item_1535887_clip_015.webm,191.541,205.218,13.677,morning,autumn,0.866025,-0.5,1.0,0.0,autumn_morning
1534220_clip014_s000,resources/site_257_bowra-dry-a/downloaded_clips/site_257_item_1534220/site_257_item_1534220_clip_014.webm,273.694,286.093,12.399,morning,autumn,0.866025,-0.5,0.5,-0.866025,autumn_morning
1535232_clip010_s000,resources/site_257_bowra-dry-a/downloaded_clips/site_257_item_1535232/site_257_item_1535232_clip_010.webm,77.206,89.188,11.981,morning,autumn,0.866025,-0.5,0.5,-0.866025,autumn_morning
1535232_clip022_s000,resources/site_257_bowra-dry-a/downloaded_clips/site_257_item_1535232/site_257_item_1535232_clip_022.webm,106.115,116.262,10.147,morning,autumn,0.866025,-0.5,0.5,-0.866025,autumn_morning
1535401_clip004_s000,resources/site_257_bowra-dry-a/downloaded_clips/site_257_item_1535401/site_257_item_1535401_clip_004.webm,145.45,156.061,10.612,morning,autumn,0.866025,-0.5,0.5,-0.866025,autumn_morning
1535401_clip020_s000,resources/site_257_bowra-dry-a/downloaded_clips/site_257_item_1535401/site_257_item_1535401_clip_020.webm,66.757,79.737,12.98,morning,autumn,0.866025,-0.5,0.5,-0.866025,autumn_morning
1536132_clip001_s000,resources/site_257_bowra-dry-a/downloaded_clips/site_257_item_1536132/site_257_item_1536132_clip_001.webm,37.5,47.833,10.333,morning,autumn,0.866025,-0.5,0.866025,-0.5,autumn_morning
1536132_clip017_s000,resources/site_257_bowra-dry-a/downloaded_clips/site_257_item_1536132/site_257_item_1536132_clip_017.webm,249.87,262.664,12.794,morning,autumn,0.866025,-0.5,0.866025,-0.5,autumn_morning
1536282_clip015_s000,resources/site_257_bowra-dry-a/downloaded_clips/site_257_item_1536282/site_257_item_1536282_clip_015.webm,161.773,171.897,10.124,morning,autumn,0.866025,-0.5,0.866025,-0.5,autumn_morning
1536282_clip017_s000,resources/site_257_bowra-dry-a/downloaded_clips/site_257_item_1536282/site_257_item_1536282_clip_017.webm,56.448,67.617,11.169,morning,autumn,0.866025,-0.5,0.866025,-0.5,autumn_morning
1670313_clip001_s000,resources/site_257_bowra-dry-a/downloaded_clips/site_257_item_1670313/site_257_item_1670313_clip_001.webm,250.032,262.548,12.516,morning,autumn,0.866025,-0.5,1.0,0.0,autumn_morning
1670313_clip003_s000,resources/site_257_bowra-dry-a/downloaded_clips/site_257_item_1670313/site_257_item_1670313_clip_003.webm,133.747,145.032,11.285,morning,autumn,0.866025,-0.5,1.0,0.0,autumn_morning
1670313_clip005_s000,resources/site_257_bowra-dry-a/downloaded_clips/site_257_item_1670313/site_257_item_1670313_clip_005.webm,133.074,144.567,11.494,morning,autumn,0.866025,-0.5,1.0,0.0,autumn_morning
1670313_clip007_s000,resources/site_257_bowra-dry-a/downloaded_clips/site_257_item_1670313/site_257_item_1670313_clip_007.webm,123.902,137.392,13.491,morning,autumn,0.866025,-0.5,1.0,0.0,autumn_morning
1670313_clip007_s001,resources/site_257_bowra-dry-a/downloaded_clips/site_257_item_1670313/site_257_item_1670313_clip_007.webm,253.724,265.543,11.819,morning,autumn,0.866025,-0.5,1.0,0.0,autumn_morning
1670313_clip008_s000,resources/site_257_bowra-dry-a/downloaded_clips/site_257_item_1670313/site_257_item_1670313_clip_008.webm,216.898,229.785,12.887,morning,autumn,0.866025,-0.5,1.0,0.0,autumn_morning
1670313_clip010_s000,resources/site_257_bowra-dry-a/downloaded_clips/site_257_item_1670313/site_257_item_1670313_clip_010.webm,17.461,30.766,13.305,morning,autumn,0.866025,-0.5,1.0,0.0,autumn_morning
1670313_clip010_s001,resources/site_257_bowra-dry-a/downloaded_clips/site_257_item_1670313/site_257_item_1670313_clip_010.webm,40.263,52.64,12.376,morning,autumn,0.866025,-0.5,1.0,0.0,autumn_morning
1670313_clip011_s000,resources/site_257_bowra-dry-a/downloaded_clips/site_257_item_1670313/site_257_item_1670313_clip_011.webm,63.39,73.956,10.565,morning,autumn,0.866025,-0.5,1.0,0.0,autumn_morning
1670313_clip011_s001,resources/site_257_bowra-dry-a/downloaded_clips/site_257_item_1670313/site_257_item_1670313_clip_011.webm,84.846,96.549,11.703,morning,autumn,0.866025,-0.5,1.0,0.0,autumn_morning
1670313_clip012_s000,resources/site_257_bowra-dry-a/downloaded_clips/site_257_item_1670313/site_257_item_1670313_clip_012.webm,90.279,102.47,12.19,morning,autumn,0.866025,-0.5,1.0,0.0,autumn_morning
1670313_clip012_s001,resources/site_257_bowra-dry-a/downloaded_clips/site_257_item_1670313/site_257_item_1670313_clip_012.webm,164.235,182.927,18.692,morning,autumn,0.866025,-0.5,1.0,0.0,autumn_morning
1670313_clip018_s000,resources/site_257_bowra-dry-a/downloaded_clips/site_257_item_1670313/site_257_item_1670313_clip_018.webm,93.391,106.255,12.864,morning,autumn,0.866025,-0.5,1.0,0.0,autumn_morning
1670435_clip008_s000,resources/site_257_bowra-dry-a/downloaded_clips/site_257_item_1670435/site_257_item_1670435_clip_008.webm,220.636,231.991,11.355,morning,autumn,0.866025,-0.5,1.0,0.0,autumn_morning
1671040_clip005_s000,resources/site_257_bowra-dry-a/downloaded_clips/site_257_item_1671040/site_257_item_1671040_clip_005.webm,148.793,159.684,10.89,morning,autumn,0.866025,-0.5,1.0,0.0,autumn_morning
1671040_clip008_s000,resources/site_257_bowra-dry-a/downloaded_clips/site_257_item_1671040/site_257_item_1671040_clip_008.webm,237.981,248.337,10.356,morning,autumn,0.866025,-0.5,1.0,0.0,autumn_morning
1671732_clip018_s000,resources/site_257_bowra-dry-a/downloaded_clips/site_257_item_1671732/site_257_item_1671732_clip_018.webm,147.911,157.989,10.077,morning,autumn,0.866025,-0.5,0.866025,-0.5,autumn_morning
1679599_clip024_s000,resources/site_257_bowra-dry-a/downloaded_clips/site_257_item_1679599/site_257_item_1679599_clip_024.webm,11.796,25.821,14.025,morning,autumn,0.866025,-0.5,1.0,0.0,autumn_morning
1672590_clip020_s000,resources/site_257_bowra-dry-a/downloaded_clips/site_257_item_1672590/site_257_item_1672590_clip_020.webm,213.043,224.7,11.656,morning,autumn,0.866025,-0.5,0.866025,-0.5,autumn_morning
1673374_clip009_s000,resources/site_257_bowra-dry-a/downloaded_clips/site_257_item_1673374/site_257_item_1673374_clip_009.webm,15.0,27.516,12.516,morning,autumn,0.866025,-0.5,0.5,-0.866025,autumn_morning
1673374_clip016_s000,resources/site_257_bowra-dry-a/downloaded_clips/site_257_item_1673374/site_257_item_1673374_clip_016.webm,164.978,176.774,11.796,morning,autumn,0.866025,-0.5,0.5,-0.866025,autumn_morning
1680545_clip023_s000,resources/site_257_bowra-dry-a/downloaded_clips/site_257_item_1680545/site_257_item_1680545_clip_023.webm,274.228,284.955,10.728,morning,autumn,0.866025,-0.5,0.5,-0.866025,autumn_morning
