clip_id,final_rank,final_score,gate_status,retrieval_target,target_clap_score,target_vs_other_weather_margin,clap_weather_label,clap_weather_score,clap_rain_score,clap_wind_score,clap_thunder_score,contamination_label,contamination_score,weather_margin,env_prior_for_clap_label,audio_quality_proxy,analysis_asset_role,analysis_wav_sample_rate_hz,analysis_wav_channels,analysis_wav_duration_seconds,analysis_rms_dbfs,analysis_peak_dbfs,analysis_clipping_ratio,preview_asset_only,layer_d_asset_status,layer_d_target_sample_rate_hz,layer_d_target_channels,layer_d_recommended_format,target_env_prior,env_bucket,preview_path,wav_path,source_s3_uri,s3_key,site_id,recording_id,item_id,recorded_date_utc,sample_bin,sample_local_date,coarse_clip_num,coarse_size_bytes,coarse_inner_start_seconds,recording_start_offset_seconds,duration_seconds,precipitation_mm,precipitation_daily_mm,wind_speed_ms,wind_max_ms,humidity_pct,temperature_c,human_weather_label,human_intensity_label,human_accept,human_reject_reason,notes,pool_decision,pool_category,pool_label,pool_intensity_hint,pool_reason,manual_review_priority,layer_d_ready,layer_d_export_action,candidate_pool_policy_version,promotion_skip_reason,promotion_policy_version
site257_1401640_005031_005046,5,0.362241,candidate,rain,0.282316,0.090392,rain,0.282316,0.282316,0.179104,0.191923,bird_or_insect,0.226136,0.05618,0.45,0.55618,clap_scoring_window,48000,1,15.0,-44.144,-28.462,0.0,true,pending_22050hz_export,22050,1,wav,0.45,wind_env_prior,/home/ubuntu/layer_b_site_weather_job/runs/mvp_pool_20260530_001/previews/0054_site257_1401640_005031_005046.mp3,/home/ubuntu/layer_b_site_weather_job/runs/mvp_pool_20260530_001/windows_wav/0054_site257_1401640_005031_005046.wav,s3://eco-acoustic-data.store.adelaideuni.cloud/dataset/original/site_257_bowra-dry-a/downloaded_clips/site_257_item_1401640/site_257_item_1401640_clip_017.webm,site_257_item_1401640/site_257_item_1401640_clip_017.webm,257,1401640,1401640,2023-12-13T12:00:00.000Z,night,2023-12-13,017,2128097,231.0,5031.0,15.0,0.42,0.23,3.2,5.96,64.38,27.93,,,,,,backup,rain_backup_maybe,rain,light,rain_possible_but_needs_review_or_backup_use,medium,false,export_22050hz_wav_after_spot_check,site_weather_candidate_pool_v0.2,decision_not_selected,site_weather_candidate_promotion_v0.1
site257_214655_005566_005581,8,0.400273,maybe_contamination_close,rain,0.264515,0.054234,rain,0.264515,0.264515,0.210281,0.076041,bird_or_insect,0.281169,-0.016655,0.9,0.483345,clap_scoring_window,48000,1,15.0,-46.367,-19.976,0.0,true,pending_22050hz_export,22050,1,wav,0.9,storm_env_prior,/home/ubuntu/layer_b_site_weather_job/runs/mvp_pool_20260530_001/previews/0003_site257_214655_005566_005581.mp3,/home/ubuntu/layer_b_site_weather_job/runs/mvp_pool_20260530_001/windows_wav/0003_site257_214655_005566_005581.wav,s3://eco-acoustic-data.store.adelaideuni.cloud/dataset/original/site_257_bowra-dry-a/downloaded_clips/site_257_item_214655/site_257_item_214655_clip_019.webm,site_257_item_214655/site_257_item_214655_clip_019.webm,257,214655,214655,2019-11-02T22:00:00.000Z,morning,2019-11-03,019,2127352,166.0,5566.0,15.0,81.37,5.02,7.1,7.79,51.58,24.91,,,,,,reject,reject,,,rain_too_weak_or_contaminated,low,false,do_not_export,site_weather_candidate_pool_v0.2,export_action_not_enabled,site_weather_candidate_promotion_v0.1
site257_1682413_002506_002521,9,0.385978,maybe_target_confused_with_other_weather,rain,0.326215,0.010059,rain,0.326215,0.326215,0.316156,0.104091,bird_or_insect,0.294022,0.032193,0.45,0.532193,clap_scoring_window,48000,1,15.0,-40.316,-24.757,0.0,true,pending_22050hz_export,22050,1,wav,0.45,wind_env_prior,/home/ubuntu/layer_b_site_weather_job/runs/mvp_pool_20260530_001/previews/0090_site257_1682413_002506_002521.mp3,/home/ubuntu/layer_b_site_weather_job/runs/mvp_pool_20260530_001/windows_wav/0090_site257_1682413_002506_002521.wav,s3://eco-acoustic-data.store.adelaideuni.cloud/dataset/original/site_257_bowra-dry-a/downloaded_clips/site_257_item_1682413/site_257_item_1682413_clip_009.webm,site_257_item_1682413/site_257_item_1682413_clip_009.webm,257,1682413,1682413,2024-10-14T04:00:00.000Z,afternoon,2024-10-14,009,2131471,106.0,2506.0,15.0,0.03,0.01,3.59,3.96,25.91,31.89,,,,,,reject,reject,,,rain_too_weak_or_contaminated,low,false,do_not_export,site_weather_candidate_pool_v0.2,export_action_not_enabled,site_weather_candidate_promotion_v0.1
site257_1401640_005966_005981,10,0.369281,maybe_contamination_close,rain,0.299244,0.095404,rain,0.299244,0.299244,0.20384,0.19003,human_or_machine,0.262881,0.036363,0.45,0.536363,clap_scoring_window,48000,1,15.0,-51.751,-34.645,0.0,true,pending_22050hz_export,22050,1,wav,0.45,wind_env_prior,/home/ubuntu/layer_b_site_weather_job/runs/mvp_pool_20260530_001/previews/0053_site257_1401640_005966_005981.mp3,/home/ubuntu/layer_b_site_weather_job/runs/mvp_pool_20260530_001/windows_wav/0053_site257_1401640_005966_005981.wav,s3://eco-acoustic-data.store.adelaideuni.cloud/dataset/original/site_257_bowra-dry-a/downloaded_clips/site_257_item_1401640/site_257_item_1401640_clip_020.webm,site_257_item_1401640/site_257_item_1401640_clip_020.webm,257,1401640,1401640,2023-12-13T12:00:00.000Z,night,2023-12-13,020,2059785,266.0,5966.0,15.0,0.42,0.23,3.2,5.96,64.38,27.93,,,,,,backup,rain_backup_maybe,rain,light,rain_possible_but_needs_review_or_backup_use,medium,false,export_22050hz_wav_after_spot_check,site_weather_candidate_pool_v0.2,decision_not_selected,site_weather_candidate_promotion_v0.1
site257_216096_003823_003838,11,0.360806,maybe_target_confused_with_other_weather,rain,0.290736,0.005808,rain,0.290736,0.290736,0.284928,0.211761,human_or_machine,0.269101,0.021635,0.45,0.521635,clap_scoring_window,48000,1,15.0,-46.617,-28.336,0.0,true,pending_22050hz_export,22050,1,wav,0.45,rain_env_prior,/home/ubuntu/layer_b_site_weather_job/runs/mvp_pool_20260530_001/previews/0044_site257_216096_003823_003838.mp3,/home/ubuntu/layer_b_site_weather_job/runs/mvp_pool_20260530_001/windows_wav/0044_site257_216096_003823_003838.wav,s3://eco-acoustic-data.store.adelaideuni.cloud/dataset/original/site_257_bowra-dry-a/downloaded_clips/site_257_item_216096/site_257_item_216096_clip_013.webm,site_257_item_216096/site_257_item_216096_clip_013.webm,257,216096,216096,2020-03-02T12:00:00.000Z,night,2020-03-02,013,2068327,223.0,3823.0,15.0,0.96,1.69,0.89,5.09,59.12,22.54,,,,,,backup,rain_backup_maybe,rain,light,rain_possible_but_needs_review_or_backup_use,medium,false,export_22050hz_wav_after_spot_check,site_weather_candidate_pool_v0.2,decision_not_selected,site_weather_candidate_promotion_v0.1
site257_1539525_004444_004459,12,0.341841,maybe_target_confused_with_other_weather,rain,0.279391,-0.028556,wind,0.307947,0.279391,0.307947,0.137223,human_or_machine,0.290412,-0.011021,0.45,0.488979,clap_scoring_window,48000,1,15.0,-56.754,-40.566,0.0,true,pending_22050hz_export,22050,1,wav,0.45,rain_env_prior,/home/ubuntu/layer_b_site_weather_job/runs/mvp_pool_20260530_001/previews/0078_site257_1539525_004444_004459.mp3,/home/ubuntu/layer_b_site_weather_job/runs/mvp_pool_20260530_001/windows_wav/0078_site257_1539525_004444_004459.wav,s3://eco-acoustic-data.store.adelaideuni.cloud/dataset/original/site_257_bowra-dry-a/downloaded_clips/site_257_item_1539525/site_257_item_1539525_clip_015.webm,site_257_item_1539525/site_257_item_1539525_clip_015.webm,257,1539525,1539525,2024-07-09T12:00:00.000Z,night,2024-07-09,015,2024676,244.0,4444.0,15.0,0.35,0.13,1.36,3.45,94.45,8.98,,,,,,reject,reject,,,rain_too_weak_or_contaminated,low,false,do_not_export,site_weather_candidate_pool_v0.2,export_action_not_enabled,site_weather_candidate_promotion_v0.1
site257_1539520_001909_001924,13,0.303364,maybe_target_confused_with_other_weather,rain,0.258534,0.015214,rain,0.258534,0.258534,0.24332,0.155686,bird_or_insect,0.338991,-0.080457,0.45,0.419543,clap_scoring_window,48000,1,15.0,-48.053,-31.875,0.0,true,pending_22050hz_export,22050,1,wav,0.45,wind_env_prior,/home/ubuntu/layer_b_site_weather_job/runs/mvp_pool_20260530_001/previews/0074_site257_1539520_001909_001924.mp3,/home/ubuntu/layer_b_site_weather_job/runs/mvp_pool_20260530_001/windows_wav/0074_site257_1539520_001909_001924.wav,s3://eco-acoustic-data.store.adelaideuni.cloud/dataset/original/site_257_bowra-dry-a/downloaded_clips/site_257_item_1539520/site_257_item_1539520_clip_007.webm,site_257_item_1539520/site_257_item_1539520_clip_007.webm,257,1539520,1539520,2024-07-09T03:12:53.000Z,afternoon,2024-07-09,007,2075992,109.0,1909.0,15.0,0.07,0.13,3.38,3.45,49.72,17.68,,,,,,reject,reject,,,rain_too_weak_or_contaminated,low,false,do_not_export,site_weather_candidate_pool_v0.2,export_action_not_enabled,site_weather_candidate_promotion_v0.1
site257_1401151_000344_000359,14,0.298083,maybe_target_confused_with_other_weather,rain,0.268146,0.00465,rain,0.268146,0.268146,0.263496,0.136765,bird_or_insect,0.377424,-0.109278,0.45,0.390722,clap_scoring_window,48000,1,15.0,-39.383,-23.441,0.0,true,pending_22050hz_export,22050,1,wav,0.45,wind_env_prior,/home/ubuntu/layer_b_site_weather_job/runs/mvp_pool_20260530_001/previews/0056_site257_1401151_000344_000359.mp3,/home/ubuntu/layer_b_site_weather_job/runs/mvp_pool_20260530_001/windows_wav/0056_site257_1401151_000344_000359.wav,s3://eco-acoustic-data.store.adelaideuni.cloud/dataset/original/site_257_bowra-dry-a/downloaded_clips/site_257_item_1401151/site_257_item_1401151_clip_002.webm,site_257_item_1401151/site_257_item_1401151_clip_002.webm,257,1401151,1401151,2024-01-01T19:09:00.000Z,dawn,2024-01-02,002,2137003,44.0,344.0,15.0,0.3,0.04,3.4,7.69,54.07,26.7,,,,,,reject,reject,,,rain_too_weak_or_contaminated,low,false,do_not_export,site_weather_candidate_pool_v0.2,export_action_not_enabled,site_weather_candidate_promotion_v0.1
site257_214654_001506_001521,15,0.276149,maybe_target_confused_with_other_weather,rain,0.276191,-0.009847,wind,0.286038,0.276191,0.286038,0.184544,bird_or_insect,0.375917,-0.099726,0.25,0.400274,clap_scoring_window,48000,1,15.0,-50.61,-37.322,0.0,true,pending_22050hz_export,22050,1,wav,0.25,wind_env_prior,/home/ubuntu/layer_b_site_weather_job/runs/mvp_pool_20260530_001/previews/0120_site257_214654_001506_001521.mp3,/home/ubuntu/layer_b_site_weather_job/runs/mvp_pool_20260530_001/windows_wav/0120_site257_214654_001506_001521.wav,s3://eco-acoustic-data.store.adelaideuni.cloud/dataset/original/site_257_bowra-dry-a/downloaded_clips/site_257_item_214654/site_257_item_214654_clip_006.webm,site_257_item_214654/site_257_item_214654_clip_006.webm,257,214654,214654,2019-11-02T20:00:00.000Z,dawn,2019-11-03,006,2053997,6.0,1506.0,15.0,0.0,5.02,4.88,7.79,55.53,22.56,,,,,,reject,reject,,,rain_too_weak_or_contaminated,low,false,do_not_export,site_weather_candidate_pool_v0.2,export_action_not_enabled,site_weather_candidate_promotion_v0.1
site257_1313667_002219_002234,16,0.274375,maybe_target_confused_with_other_weather,rain,0.209592,0.009128,rain,0.209592,0.209592,0.200464,0.145049,human_or_machine,0.206392,0.0032,0.25,0.5032,clap_scoring_window,48000,1,15.0,-56.983,-41.746,0.0,true,pending_22050hz_export,22050,1,wav,0.25,wind_env_prior,/home/ubuntu/layer_b_site_weather_job/runs/mvp_pool_20260530_001/previews/0132_site257_1313667_002219_002234.mp3,/home/ubuntu/layer_b_site_weather_job/runs/mvp_pool_20260530_001/windows_wav/0132_site257_1313667_002219_002234.wav,s3://eco-acoustic-data.store.adelaideuni.cloud/dataset/original/site_257_bowra-dry-a/downloaded_clips/site_257_item_1313667/site_257_item_1313667_clip_008.webm,site_257_item_1313667/site_257_item_1313667_clip_008.webm,257,1313667,1313667,2023-04-29T12:00:00.000Z,night,2023-04-29,008,2026383,119.0,2219.0,15.0,0.0,8.71,0.87,8.03,82.43,11.68,,,,,,reject,reject,,,rain_too_weak_or_contaminated,low,false,do_not_export,site_weather_candidate_pool_v0.2,export_action_not_enabled,site_weather_candidate_promotion_v0.1
site257_1401247_000305_000320,17,0.27396,maybe_target_confused_with_other_weather,rain,0.163394,-0.011056,wind,0.17445,0.163394,0.17445,0.077165,bird_or_insect,0.328747,-0.165353,0.9,0.334647,clap_scoring_window,48000,1,14.99,-39.653,-20.986,0.0,true,pending_22050hz_export,22050,1,wav,0.9,rain_env_prior,/home/ubuntu/layer_b_site_weather_job/runs/mvp_pool_20260530_001/previews/0017_site257_1401247_000305_000320.mp3,/home/ubuntu/layer_b_site_weather_job/runs/mvp_pool_20260530_001/windows_wav/0017_site257_1401247_000305_000320.wav,s3://eco-acoustic-data.store.adelaideuni.cloud/dataset/original/site_257_bowra-dry-a/downloaded_clips/site_257_item_1401247/site_257_item_1401247_clip_002.webm,site_257_item_1401247/site_257_item_1401247_clip_002.webm,257,1401247,1401247,2024-02-15T23:33:29.000Z,morning,2024-02-16,002,2118975,5.0,305.0,15.0,13.03,4.53,4.31,4.21,50.51,30.45,,,,,,reject,reject,,,rain_too_weak_or_contaminated,low,false,do_not_export,site_weather_candidate_pool_v0.2,export_action_not_enabled,site_weather_candidate_promotion_v0.1
site257_215689_000578_000593,18,0.271787,maybe_target_confused_with_other_weather,rain,0.231265,-0.005117,wind,0.236381,0.231265,0.236381,0.124879,bird_or_insect,0.345072,-0.113808,0.45,0.386192,clap_scoring_window,48000,1,15.0,-46.461,-26.98,0.0,true,pending_22050hz_export,22050,1,wav,0.45,rain_env_prior,/home/ubuntu/layer_b_site_weather_job/runs/mvp_pool_20260530_001/previews/0032_site257_215689_000578_000593.mp3,/home/ubuntu/layer_b_site_weather_job/runs/mvp_pool_20260530_001/windows_wav/0032_site257_215689_000578_000593.wav,s3://eco-acoustic-data.store.adelaideuni.cloud/dataset/original/site_257_bowra-dry-a/downloaded_clips/site_257_item_215689/site_257_item_215689_clip_002.webm,site_257_item_215689/site_257_item_215689_clip_002.webm,257,215689,215689,2020-01-28T12:00:00.000Z,night,2020-01-28,002,2247694,278.0,578.0,15.0,0.95,3.24,0.56,2.01,46.34,33.71,,,,,,reject,reject,,,rain_too_weak_or_contaminated,low,false,do_not_export,site_weather_candidate_pool_v0.2,export_action_not_enabled,site_weather_candidate_promotion_v0.1
site257_1677668_000391_000406,19,0.26615,maybe_target_confused_with_other_weather,rain,0.267401,0.01512,rain,0.267401,0.267401,0.252281,0.139943,bird_or_insect,0.455303,-0.187902,0.45,0.312098,clap_scoring_window,48000,1,15.0,-38.706,-22.267,0.0,true,pending_22050hz_export,22050,1,wav,0.45,wind_env_prior,/home/ubuntu/layer_b_site_weather_job/runs/mvp_pool_20260530_001/previews/0097_site257_1677668_000391_000406.mp3,/home/ubuntu/layer_b_site_weather_job/runs/mvp_pool_20260530_001/windows_wav/0097_site257_1677668_000391_000406.wav,s3://eco-acoustic-data.store.adelaideuni.cloud/dataset/original/site_257_bowra-dry-a/downloaded_clips/site_257_item_1677668/site_257_item_1677668_clip_002.webm,site_257_item_1677668/site_257_item_1677668_clip_002.webm,257,1677668,1677668,2024-12-31T20:00:00.000Z,dawn,2025-01-01,002,2116023,91.0,391.0,15.0,0.02,0.0,4.4,4.04,27.41,27.08,,,,,,reject,reject,,,rain_too_weak_or_contaminated,low,false,do_not_export,site_weather_candidate_pool_v0.2,export_action_not_enabled,site_weather_candidate_promotion_v0.1
site257_1670398_005552_005567,20,0.235143,maybe_target_confused_with_other_weather,rain,0.255953,0.000773,rain,0.255953,0.255953,0.25518,0.143828,bird_or_insect,0.427769,-0.171816,0.25,0.328184,clap_scoring_window,48000,1,15.0,-47.093,-32.434,0.0,true,pending_22050hz_export,22050,1,wav,0.25,wind_env_prior,/home/ubuntu/layer_b_site_weather_job/runs/mvp_pool_20260530_001/previews/0144_site257_1670398_005552_005567.mp3,/home/ubuntu/layer_b_site_weather_job/runs/mvp_pool_20260530_001/windows_wav/0144_site257_1670398_005552_005567.wav,s3://eco-acoustic-data.store.adelaideuni.cloud/dataset/original/site_257_bowra-dry-a/downloaded_clips/site_257_item_1670398/site_257_item_1670398_clip_019.webm,site_257_item_1670398/site_257_item_1670398_clip_019.webm,257,1670398,1670398,2025-03-21T20:00:00.000Z,dawn,2025-03-22,019,2068830,152.0,5552.0,15.0,0.0,2.09,2.28,3.11,79.48,22.83,,,,,,reject,reject,,,rain_too_weak_or_contaminated,low,false,do_not_export,site_weather_candidate_pool_v0.2,export_action_not_enabled,site_weather_candidate_promotion_v0.1
site257_1401404_004581_004596,21,0.216926,maybe_target_confused_with_other_weather,rain,0.200129,-0.012033,wind,0.212162,0.200129,0.212162,0.094211,bird_or_insect,0.398765,-0.198636,0.45,0.301364,clap_scoring_window,48000,1,15.0,-39.48,-20.712,0.0,true,pending_22050hz_export,22050,1,wav,0.45,wind_env_prior,/home/ubuntu/layer_b_site_weather_job/runs/mvp_pool_20260530_001/previews/0060_site257_1401404_004581_004596.mp3,/home/ubuntu/layer_b_site_weather_job/runs/mvp_pool_20260530_001/windows_wav/0060_site257_1401404_004581_004596.wav,s3://eco-acoustic-data.store.adelaideuni.cloud/dataset/original/site_257_bowra-dry-a/downloaded_clips/site_257_item_1401404/site_257_item_1401404_clip_016.webm,site_257_item_1401404/site_257_item_1401404_clip_016.webm,257,1401404,1401404,2024-01-16T20:27:49.000Z,dawn,2024-01-17,016,2191158,81.0,4581.0,15.0,0.31,4.13,3.81,6.4,79.59,24.93,,,,,,reject,reject,,,rain_too_weak_or_contaminated,low,false,do_not_export,site_weather_candidate_pool_v0.2,export_action_not_enabled,site_weather_candidate_promotion_v0.1
site257_1535697_000309_000324,22,0.207311,maybe_target_confused_with_other_weather,rain,0.20518,-0.021367,wind,0.226547,0.20518,0.226547,0.085152,bird_or_insect,0.433727,-0.228547,0.45,0.271453,clap_scoring_window,48000,1,15.0,-55.657,-37.844,0.0,true,pending_22050hz_export,22050,1,wav,0.45,wind_env_prior,/home/ubuntu/layer_b_site_weather_job/runs/mvp_pool_20260530_001/previews/0086_site257_1535697_000309_000324.mp3,/home/ubuntu/layer_b_site_weather_job/runs/mvp_pool_20260530_001/windows_wav/0086_site257_1535697_000309_000324.wav,s3://eco-acoustic-data.store.adelaideuni.cloud/dataset/original/site_257_bowra-dry-a/downloaded_clips/site_257_item_1535697/site_257_item_1535697_clip_002.webm,site_257_item_1535697/site_257_item_1535697_clip_002.webm,257,1535697,1535697,2024-08-16T19:53:19.000Z,dawn,2024-08-17,002,655155,9.0,309.0,15.0,0.01,0.11,2.73,4.04,72.43,9.05,,,,,,reject,reject,,,rain_too_weak_or_contaminated,low,false,do_not_export,site_weather_candidate_pool_v0.2,export_action_not_enabled,site_weather_candidate_promotion_v0.1
site257_1671221_005958_005973,23,0.203143,maybe_target_confused_with_other_weather,rain,0.195306,0.012798,rain,0.195306,0.195306,0.182508,0.052987,bird_or_insect,0.423571,-0.228265,0.45,0.271735,clap_scoring_window,48000,1,15.0,-51.577,-34.503,0.0,true,pending_22050hz_export,22050,1,wav,0.45,rain_env_prior,/home/ubuntu/layer_b_site_weather_job/runs/mvp_pool_20260530_001/previews/0112_site257_1671221_005958_005973.mp3,/home/ubuntu/layer_b_site_weather_job/runs/mvp_pool_20260530_001/windows_wav/0112_site257_1671221_005958_005973.wav,s3://eco-acoustic-data.store.adelaideuni.cloud/dataset/original/site_257_bowra-dry-a/downloaded_clips/site_257_item_1671221/site_257_item_1671221_clip_020.webm,site_257_item_1671221/site_257_item_1671221_clip_020.webm,257,1671221,1671221,2025-05-22T20:00:00.000Z,dawn,2025-05-23,020,2089559,258.0,5958.0,15.0,0.16,0.11,0.96,4.99,100.0,7.95,,,,,,reject,reject,,,rain_too_weak_or_contaminated,low,false,do_not_export,site_weather_candidate_pool_v0.2,export_action_not_enabled,site_weather_candidate_promotion_v0.1
site257_215689_000947_000962,24,0.196778,maybe_target_confused_with_other_weather,rain,0.141939,-0.005289,wind,0.147228,0.141939,0.147228,0.063425,bird_or_insect,0.298072,-0.156133,0.45,0.343867,clap_scoring_window,48000,1,15.0,-43.152,-20.429,0.0,true,pending_22050hz_export,22050,1,wav,0.45,rain_env_prior,/home/ubuntu/layer_b_site_weather_job/runs/mvp_pool_20260530_001/previews/0031_site257_215689_000947_000962.mp3,/home/ubuntu/layer_b_site_weather_job/runs/mvp_pool_20260530_001/windows_wav/0031_site257_215689_000947_000962.wav,s3://eco-acoustic-data.store.adelaideuni.cloud/dataset/original/site_257_bowra-dry-a/downloaded_clips/site_257_item_215689/site_257_item_215689_clip_004.webm,site_257_item_215689/site_257_item_215689_clip_004.webm,257,215689,215689,2020-01-28T12:00:00.000Z,night,2020-01-28,004,2321108,47.0,947.0,15.0,0.95,3.24,0.56,2.01,46.34,33.71,,,,,,reject,reject,,,rain_too_weak_or_contaminated,low,false,do_not_export,site_weather_candidate_pool_v0.2,export_action_not_enabled,site_weather_candidate_promotion_v0.1
site257_1539171_003198_003213,25,0.192984,maybe_target_confused_with_other_weather,rain,0.179686,0.00669,rain,0.179686,0.179686,0.172996,0.079802,bird_or_insect,0.407966,-0.228279,0.45,0.271721,clap_scoring_window,48000,1,15.0,-54.796,-36.33,0.0,true,pending_22050hz_export,22050,1,wav,0.45,rain_env_prior,/home/ubuntu/layer_b_site_weather_job/runs/mvp_pool_20260530_001/previews/0081_site257_1539171_003198_003213.mp3,/home/ubuntu/layer_b_site_weather_job/runs/mvp_pool_20260530_001/windows_wav/0081_site257_1539171_003198_003213.wav,s3://eco-acoustic-data.store.adelaideuni.cloud/dataset/original/site_257_bowra-dry-a/downloaded_clips/site_257_item_1539171/site_257_item_1539171_clip_011.webm,site_257_item_1539171/site_257_item_1539171_clip_011.webm,257,1539171,1539171,2024-07-17T20:00:00.000Z,dawn,2024-07-18,011,2077325,198.0,3198.0,15.0,0.03,0.14,1.78,5.12,97.58,6.18,,,,,,reject,reject,,,rain_too_weak_or_contaminated,low,false,do_not_export,site_weather_candidate_pool_v0.2,export_action_not_enabled,site_weather_candidate_promotion_v0.1
site257_1539171_005916_005931,26,0.188007,maybe_target_confused_with_other_weather,rain,0.184043,-0.00639,wind,0.190433,0.184043,0.190433,0.072031,bird_or_insect,0.430249,-0.246206,0.45,0.253794,clap_scoring_window,48000,1,15.0,-54.769,-38.377,0.0,true,pending_22050hz_export,22050,1,wav,0.45,rain_env_prior,/home/ubuntu/layer_b_site_weather_job/runs/mvp_pool_20260530_001/previews/0079_site257_1539171_005916_005931.mp3,/home/ubuntu/layer_b_site_weather_job/runs/mvp_pool_20260530_001/windows_wav/0079_site257_1539171_005916_005931.wav,s3://eco-acoustic-data.store.adelaideuni.cloud/dataset/original/site_257_bowra-dry-a/downloaded_clips/site_257_item_1539171/site_257_item_1539171_clip_020.webm,site_257_item_1539171/site_257_item_1539171_clip_020.webm,257,1539171,1539171,2024-07-17T20:00:00.000Z,dawn,2024-07-18,020,2042569,216.0,5916.0,15.0,0.03,0.14,1.78,5.12,97.58,6.18,,,,,,reject,reject,,,rain_too_weak_or_contaminated,low,false,do_not_export,site_weather_candidate_pool_v0.2,export_action_not_enabled,site_weather_candidate_promotion_v0.1
site257_1682297_001555_001570,27,0.171214,maybe_target_confused_with_other_weather,rain,0.175372,-0.035288,wind,0.21066,0.175372,0.21066,0.074896,bird_or_insect,0.442244,-0.266872,0.45,0.233128,clap_scoring_window,48000,1,15.0,-45.844,-26.352,0.0,true,pending_22050hz_export,22050,1,wav,0.45,rain_env_prior,/home/ubuntu/layer_b_site_weather_job/runs/mvp_pool_20260530_001/previews/0091_site257_1682297_001555_001570.mp3,/home/ubuntu/layer_b_site_weather_job/runs/mvp_pool_20260530_001/windows_wav/0091_site257_1682297_001555_001570.wav,s3://eco-acoustic-data.store.adelaideuni.cloud/dataset/original/site_257_bowra-dry-a/downloaded_clips/site_257_item_1682297/site_257_item_1682297_clip_006.webm,site_257_item_1682297/site_257_item_1682297_clip_006.webm,257,1682297,1682297,2024-12-17T02:00:00.000Z,afternoon,2024-12-17,006,2188889,55.0,1555.0,15.0,0.45,0.12,0.59,5.98,21.71,40.55,,,,,,reject,reject,,,rain_too_weak_or_contaminated,low,false,do_not_export,site_weather_candidate_pool_v0.2,export_action_not_enabled,site_weather_candidate_promotion_v0.1
site257_1673518_003133_003148,28,0.161453,maybe_target_confused_with_other_weather,rain,0.164787,0.007704,rain,0.164787,0.164787,0.157083,0.059887,bird_or_insect,0.447683,-0.282896,0.45,0.217104,clap_scoring_window,48000,1,15.0,-46.874,-26.701,0.0,true,pending_22050hz_export,22050,1,wav,0.45,rain_env_prior,/home/ubuntu/layer_b_site_weather_job/runs/mvp_pool_20260530_001/previews/0116_site257_1673518_003133_003148.mp3,/home/ubuntu/layer_b_site_weather_job/runs/mvp_pool_20260530_001/windows_wav/0116_site257_1673518_003133_003148.wav,s3://eco-acoustic-data.store.adelaideuni.cloud/dataset/original/site_257_bowra-dry-a/downloaded_clips/site_257_item_1673518/site_257_item_1673518_clip_011.webm,site_257_item_1673518/site_257_item_1673518_clip_011.webm,257,1673518,1673518,2025-05-22T22:00:00.000Z,morning,2025-05-23,011,2118400,133.0,3133.0,15.0,0.02,0.11,1.59,4.99,86.17,11.14,,,,,,reject,reject,,,rain_too_weak_or_contaminated,low,false,do_not_export,site_weather_candidate_pool_v0.2,export_action_not_enabled,site_weather_candidate_promotion_v0.1
site257_1539515_001294_001309,29,0.158492,maybe_target_confused_with_other_weather,rain,0.161169,-0.032462,wind,0.193631,0.161169,0.193631,0.105627,bird_or_insect,0.362473,-0.201304,0.25,0.298696,clap_scoring_window,48000,1,15.0,-39.143,-22.669,0.0,true,pending_22050hz_export,22050,1,wav,0.25,wind_env_prior,/home/ubuntu/layer_b_site_weather_job/runs/mvp_pool_20260530_001/previews/0139_site257_1539515_001294_001309.mp3,/home/ubuntu/layer_b_site_weather_job/runs/mvp_pool_20260530_001/windows_wav/0139_site257_1539515_001294_001309.wav,s3://eco-acoustic-data.store.adelaideuni.cloud/dataset/original/site_257_bowra-dry-a/downloaded_clips/site_257_item_1539515/site_257_item_1539515_clip_005.webm,site_257_item_1539515/site_257_item_1539515_clip_005.webm,257,1539515,1539515,2024-07-08T23:18:18.000Z,morning,2024-07-09,005,2104054,94.0,1294.0,15.0,0.0,13.08,2.06,5.51,80.66,10.94,,,,,,reject,reject,,,rain_too_weak_or_contaminated,low,false,do_not_export,site_weather_candidate_pool_v0.2,export_action_not_enabled,site_weather_candidate_promotion_v0.1
site257_215683_001654_001669,30,0.144772,maybe_target_confused_with_other_weather,rain,0.135761,0.015556,rain,0.135761,0.135761,0.120204,0.027817,bird_or_insect,0.413191,-0.27743,0.45,0.22257,clap_scoring_window,48000,1,15.0,-47.793,-26.391,0.0,true,pending_22050hz_export,22050,1,wav,0.45,rain_env_prior,/home/ubuntu/layer_b_site_weather_job/runs/mvp_pool_20260530_001/previews/0027_site257_215683_001654_001669.mp3,/home/ubuntu/layer_b_site_weather_job/runs/mvp_pool_20260530_001/windows_wav/0027_site257_215683_001654_001669.wav,s3://eco-acoustic-data.store.adelaideuni.cloud/dataset/original/site_257_bowra-dry-a/downloaded_clips/site_257_item_215683/site_257_item_215683_clip_006.webm,site_257_item_215683/site_257_item_215683_clip_006.webm,257,215683,215683,2020-01-27T20:00:00.000Z,dawn,2020-01-28,006,2111553,154.0,1654.0,15.0,0.01,0.49,1.36,4.45,57.69,28.97,,,,,,reject,reject,,,rain_too_weak_or_contaminated,low,false,do_not_export,site_weather_candidate_pool_v0.2,export_action_not_enabled,site_weather_candidate_promotion_v0.1
site257_1401633_007096_007111,31,0.143977,maybe_target_confused_with_other_weather,rain,0.107123,-0.006912,wind,0.114036,0.107123,0.114036,0.089279,bird_or_insect,0.338278,-0.231155,0.45,0.268845,clap_scoring_window,48000,1,15.0,-35.697,-14.57,0.0,true,pending_22050hz_export,22050,1,wav,0.45,wind_env_prior,/home/ubuntu/layer_b_site_weather_job/runs/mvp_pool_20260530_001/previews/0049_site257_1401633_007096_007111.mp3,/home/ubuntu/layer_b_site_weather_job/runs/mvp_pool_20260530_001/windows_wav/0049_site257_1401633_007096_007111.wav,s3://eco-acoustic-data.store.adelaideuni.cloud/dataset/original/site_257_bowra-dry-a/downloaded_clips/site_257_item_1401633/site_257_item_1401633_clip_024.webm,site_257_item_1401633/site_257_item_1401633_clip_024.webm,257,1401633,1401633,2023-12-13T02:00:00.000Z,afternoon,2023-12-13,024,2082065,196.0,7096.0,15.0,0.48,0.23,4.83,5.96,26.2,40.23,,,,,,reject,reject,,,rain_too_weak_or_contaminated,low,false,do_not_export,site_weather_candidate_pool_v0.2,export_action_not_enabled,site_weather_candidate_promotion_v0.1
site257_1671221_002859_002874,32,0.135286,maybe_target_confused_with_other_weather,rain,0.124884,-0.008531,wind,0.133416,0.124884,0.133416,9.7e-05,bird_or_insect,0.406224,-0.281339,0.45,0.218661,clap_scoring_window,48000,1,15.0,-46.594,-26.002,0.0,true,pending_22050hz_export,22050,1,wav,0.45,rain_env_prior,/home/ubuntu/layer_b_site_weather_job/runs/mvp_pool_20260530_001/previews/0114_site257_1671221_002859_002874.mp3,/home/ubuntu/layer_b_site_weather_job/runs/mvp_pool_20260530_001/windows_wav/0114_site257_1671221_002859_002874.wav,s3://eco-acoustic-data.store.adelaideuni.cloud/dataset/original/site_257_bowra-dry-a/downloaded_clips/site_257_item_1671221/site_257_item_1671221_clip_010.webm,site_257_item_1671221/site_257_item_1671221_clip_010.webm,257,1671221,1671221,2025-05-22T20:00:00.000Z,dawn,2025-05-23,010,2069369,159.0,2859.0,15.0,0.16,0.11,0.96,4.99,100.0,7.95,,,,,,reject,reject,,,rain_too_weak_or_contaminated,low,false,do_not_export,site_weather_candidate_pool_v0.2,export_action_not_enabled,site_weather_candidate_promotion_v0.1
site257_1401415_005856_005871,33,0.102517,maybe_target_confused_with_other_weather,rain,-0.008285,-0.019799,wind,0.011514,-0.008285,0.011514,0.002335,bird_or_insect,0.304509,-0.312794,0.9,0.187206,clap_scoring_window,48000,1,15.0,-36.968,-15.619,0.0,true,pending_22050hz_export,22050,1,wav,0.9,rain_env_prior,/home/ubuntu/layer_b_site_weather_job/runs/mvp_pool_20260530_001/previews/0015_site257_1401415_005856_005871.mp3,/home/ubuntu/layer_b_site_weather_job/runs/mvp_pool_20260530_001/windows_wav/0015_site257_1401415_005856_005871.wav,s3://eco-acoustic-data.store.adelaideuni.cloud/dataset/original/site_257_bowra-dry-a/downloaded_clips/site_257_item_1401415/site_257_item_1401415_clip_020.webm,site_257_item_1401415/site_257_item_1401415_clip_020.webm,257,1401415,1401415,2024-01-17T04:00:00.000Z,afternoon,2024-01-17,020,2252180,156.0,5856.0,15.0,16.69,3.57,4.29,4.96,33.57,37.48,,,,,,reject,reject,,,rain_too_weak_or_contaminated,low,false,do_not_export,site_weather_candidate_pool_v0.2,export_action_not_enabled,site_weather_candidate_promotion_v0.1
site257_1682413_000445_000460,34,0.102128,maybe_target_confused_with_other_weather,rain,0.095584,-0.007033,wind,0.102617,0.095584,0.102617,-0.007934,bird_or_insect,0.412581,-0.316997,0.45,0.183003,clap_scoring_window,48000,1,15.0,-24.582,-2.533,0.0,true,pending_22050hz_export,22050,1,wav,0.45,wind_env_prior,/home/ubuntu/layer_b_site_weather_job/runs/mvp_pool_20260530_001/previews/0088_site257_1682413_000445_000460.mp3,/home/ubuntu/layer_b_site_weather_job/runs/mvp_pool_20260530_001/windows_wav/0088_site257_1682413_000445_000460.wav,s3://eco-acoustic-data.store.adelaideuni.cloud/dataset/original/site_257_bowra-dry-a/downloaded_clips/site_257_item_1682413/site_257_item_1682413_clip_002.webm,site_257_item_1682413/site_257_item_1682413_clip_002.webm,257,1682413,1682413,2024-10-14T04:00:00.000Z,afternoon,2024-10-14,002,2200303,145.0,445.0,15.0,0.03,0.01,3.59,3.96,25.91,31.89,,,,,,reject,reject,,,rain_too_weak_or_contaminated,low,false,do_not_export,site_weather_candidate_pool_v0.2,export_action_not_enabled,site_weather_candidate_promotion_v0.1
site257_1402652_004379_004394,35,0.093969,maybe_target_confused_with_other_weather,rain,0.053041,-0.01924,wind,0.072281,0.053041,0.072281,-0.014049,bird_or_insect,0.430748,-0.377708,0.75,0.122292,clap_scoring_window,48000,1,15.0,-30.107,-3.079,0.0,true,pending_22050hz_export,22050,1,wav,0.75,wind_env_prior,/home/ubuntu/layer_b_site_weather_job/runs/mvp_pool_20260530_001/previews/0022_site257_1402652_004379_004394.mp3,/home/ubuntu/layer_b_site_weather_job/runs/mvp_pool_20260530_001/windows_wav/0022_site257_1402652_004379_004394.wav,s3://eco-acoustic-data.store.adelaideuni.cloud/dataset/original/site_257_bowra-dry-a/downloaded_clips/site_257_item_1402652/site_257_item_1402652_clip_015.webm,site_257_item_1402652/site_257_item_1402652_clip_015.webm,257,1402652,1402652,2024-01-01T22:00:00.000Z,morning,2024-01-02,015,2316965,179.0,4379.0,15.0,2.25,0.04,6.0,7.69,45.49,30.32,,,,,,reject,reject,,,rain_too_weak_or_contaminated,low,false,do_not_export,site_weather_candidate_pool_v0.2,export_action_not_enabled,site_weather_candidate_promotion_v0.1
site257_216095_000165_000180,36,0.079561,maybe_target_confused_with_other_weather,rain,0.127291,-0.034783,wind,0.162074,0.127291,0.162074,0.077382,bird_or_insect,0.545292,-0.418001,0.45,0.081999,clap_scoring_window,48000,1,15.0,-31.816,-16.068,0.0,true,pending_22050hz_export,22050,1,wav,0.45,wind_env_prior,/home/ubuntu/layer_b_site_weather_job/runs/mvp_pool_20260530_001/previews/0042_site257_216095_000165_000180.mp3,/home/ubuntu/layer_b_site_weather_job/runs/mvp_pool_20260530_001/windows_wav/0042_site257_216095_000165_000180.wav,s3://eco-acoustic-data.store.adelaideuni.cloud/dataset/original/site_257_bowra-dry-a/downloaded_clips/site_257_item_216095/site_257_item_216095_clip_001.webm,site_257_item_216095/site_257_item_216095_clip_001.webm,257,216095,216095,2020-03-02T04:00:00.000Z,afternoon,2020-03-02,001,2072486,165.0,165.0,15.0,1.13,1.69,3.76,5.09,52.39,25.99,,,,,,reject,reject,,,rain_too_weak_or_contaminated,low,false,do_not_export,site_weather_candidate_pool_v0.2,export_action_not_enabled,site_weather_candidate_promotion_v0.1
site257_1313184_000812_000827,41,0.436602,reject_target_outcompeted_by_other_weather,rain,0.304036,-0.069311,wind,0.373347,0.304036,0.373347,0.162575,human_or_machine,0.249485,0.05455,0.9,0.55455,clap_scoring_window,48000,1,15.0,-42.883,-21.94,0.0,true,pending_22050hz_export,22050,1,wav,0.9,storm_env_prior,/home/ubuntu/layer_b_site_weather_job/runs/mvp_pool_20260530_001/previews/0007_site257_1313184_000812_000827.mp3,/home/ubuntu/layer_b_site_weather_job/runs/mvp_pool_20260530_001/windows_wav/0007_site257_1313184_000812_000827.wav,s3://eco-acoustic-data.store.adelaideuni.cloud/dataset/original/site_257_bowra-dry-a/downloaded_clips/site_257_item_1313184/site_257_item_1313184_clip_003.webm,site_257_item_1313184/site_257_item_1313184_clip_003.webm,257,1313184,1313184,2023-04-28T20:06:08.000Z,dawn,2023-04-29,003,2081547,212.0,812.0,15.0,5.88,0.06,6.01,4.88,81.07,14.53,,,,,,backup,rain_backup_maybe,rain,heavy,rain_possible_but_needs_review_or_backup_use,medium,false,export_22050hz_wav_after_spot_check,site_weather_candidate_pool_v0.2,decision_not_selected,site_weather_candidate_promotion_v0.1
site257_214659_001377_001392,42,0.413787,reject_target_outcompeted_by_other_weather,rain,0.296849,-0.28152,wind,0.578369,0.296849,0.578369,0.44829,human_or_machine,0.226913,0.069936,0.9,0.569936,clap_scoring_window,48000,1,15.0,-24.22,-2.413,0.0,true,pending_22050hz_export,22050,1,wav,0.9,storm_env_prior,/home/ubuntu/layer_b_site_weather_job/runs/mvp_pool_20260530_001/previews/0005_site257_214659_001377_001392.mp3,/home/ubuntu/layer_b_site_weather_job/runs/mvp_pool_20260530_001/windows_wav/0005_site257_214659_001377_001392.wav,s3://eco-acoustic-data.store.adelaideuni.cloud/dataset/original/site_257_bowra-dry-a/downloaded_clips/site_257_item_214659/site_257_item_214659_clip_005.webm,site_257_item_214659/site_257_item_214659_clip_005.webm,257,214659,214659,2019-11-03T04:00:00.000Z,afternoon,2019-11-03,005,2041098,177.0,1377.0,15.0,220.58,77.69,4.79,7.1,84.44,22.3,,,,,,backup,rain_backup_maybe,rain,heavy,rain_possible_but_needs_review_or_backup_use,medium,false,export_22050hz_wav_after_spot_check,site_weather_candidate_pool_v0.2,decision_not_selected,site_weather_candidate_promotion_v0.1
site257_1313190_006946_006961,43,0.411109,reject_target_outcompeted_by_other_weather,rain,0.287456,-0.264189,wind,0.551645,0.287456,0.551645,0.47835,human_or_machine,0.209049,0.078408,0.9,0.578408,clap_scoring_window,48000,1,15.0,-21.169,-1.965,0.0,true,pending_22050hz_export,22050,1,wav,0.9,storm_env_prior,/home/ubuntu/layer_b_site_weather_job/runs/mvp_pool_20260530_001/previews/0010_site257_1313190_006946_006961.mp3,/home/ubuntu/layer_b_site_weather_job/runs/mvp_pool_20260530_001/windows_wav/0010_site257_1313190_006946_006961.wav,s3://eco-acoustic-data.store.adelaideuni.cloud/dataset/original/site_257_bowra-dry-a/downloaded_clips/site_257_item_1313190/site_257_item_1313190_clip_024.webm,site_257_item_1313190/site_257_item_1313190_clip_024.webm,257,1313190,1313190,2023-04-29T04:00:00.000Z,afternoon,2023-04-29,024,2144806,46.0,6946.0,15.0,24.75,8.71,3.44,8.03,51.39,19.55,,,,,,backup,rain_backup_maybe,rain,heavy,rain_possible_but_needs_review_or_backup_use,medium,false,export_22050hz_wav_after_spot_check,site_weather_candidate_pool_v0.2,decision_not_selected,site_weather_candidate_promotion_v0.1
site257_216086_005873_005888,44,0.393796,reject_target_outcompeted_by_other_weather,rain,0.355509,-0.109795,wind,0.465304,0.355509,0.465304,0.432462,bird_or_insect,0.324538,0.030971,0.45,0.530971,clap_scoring_window,48000,1,15.0,-35.112,-15.65,0.0,true,pending_22050hz_export,22050,1,wav,0.45,rain_env_prior,/home/ubuntu/layer_b_site_weather_job/runs/mvp_pool_20260530_001/previews/0036_site257_216086_005873_005888.mp3,/home/ubuntu/layer_b_site_weather_job/runs/mvp_pool_20260530_001/windows_wav/0036_site257_216086_005873_005888.wav,s3://eco-acoustic-data.store.adelaideuni.cloud/dataset/original/site_257_bowra-dry-a/downloaded_clips/site_257_item_216086/site_257_item_216086_clip_020.webm,site_257_item_216086/site_257_item_216086_clip_020.webm,257,216086,216086,2020-03-01T20:00:00.000Z,dawn,2020-03-02,020,2040826,173.0,5873.0,15.0,0.01,0.0,1.04,3.29,30.12,23.71,,,,,,reject,reject,,,rain_too_weak_or_contaminated,low,false,do_not_export,site_weather_candidate_pool_v0.2,export_action_not_enabled,site_weather_candidate_promotion_v0.1
site257_1539171_000044_000059,45,0.388223,reject_target_outcompeted_by_other_weather,rain,0.336953,-0.05341,wind,0.390364,0.336953,0.390364,0.384426,human_or_machine,0.301735,0.035219,0.45,0.535219,clap_scoring_window,48000,1,15.0,-33.873,-9.751,0.0,true,pending_22050hz_export,22050,1,wav,0.45,rain_env_prior,/home/ubuntu/layer_b_site_weather_job/runs/mvp_pool_20260530_001/previews/0080_site257_1539171_000044_000059.mp3,/home/ubuntu/layer_b_site_weather_job/runs/mvp_pool_20260530_001/windows_wav/0080_site257_1539171_000044_000059.wav,s3://eco-acoustic-data.store.adelaideuni.cloud/dataset/original/site_257_bowra-dry-a/downloaded_clips/site_257_item_1539171/site_257_item_1539171_clip_001.webm,site_257_item_1539171/site_257_item_1539171_clip_001.webm,257,1539171,1539171,2024-07-17T20:00:00.000Z,dawn,2024-07-18,001,2031703,44.0,44.0,15.0,0.03,0.14,1.78,5.12,97.58,6.18,,,,,,backup,rain_backup_maybe,rain,light,rain_possible_but_needs_review_or_backup_use,medium,false,export_22050hz_wav_after_spot_check,site_weather_candidate_pool_v0.2,decision_not_selected,site_weather_candidate_promotion_v0.1
site257_216086_002229_002244,46,0.379432,reject_target_outcompeted_by_other_weather,rain,0.350981,-0.168442,wind,0.519423,0.350981,0.519423,0.384695,bird_or_insect,0.347788,0.003192,0.45,0.503192,clap_scoring_window,48000,1,15.0,-41.864,-24.078,0.0,true,pending_22050hz_export,22050,1,wav,0.45,rain_env_prior,/home/ubuntu/layer_b_site_weather_job/runs/mvp_pool_20260530_001/previews/0035_site257_216086_002229_002244.mp3,/home/ubuntu/layer_b_site_weather_job/runs/mvp_pool_20260530_001/windows_wav/0035_site257_216086_002229_002244.wav,s3://eco-acoustic-data.store.adelaideuni.cloud/dataset/original/site_257_bowra-dry-a/downloaded_clips/site_257_item_216086/site_257_item_216086_clip_008.webm,site_257_item_216086/site_257_item_216086_clip_008.webm,257,216086,216086,2020-03-01T20:00:00.000Z,dawn,2020-03-02,008,2032313,129.0,2229.0,15.0,0.01,0.0,1.04,3.29,30.12,23.71,,,,,,reject,reject,,,rain_too_weak_or_contaminated,low,false,do_not_export,site_weather_candidate_pool_v0.2,export_action_not_enabled,site_weather_candidate_promotion_v0.1
site257_216088_003646_003661,47,0.376441,reject_target_outcompeted_by_other_weather,rain,0.317274,-0.24107,thunder,0.558344,0.317274,0.428962,0.558344,human_or_machine,0.183171,0.134103,0.45,0.634103,clap_scoring_window,48000,1,15.0,-14.798,0.0,0.002861,true,pending_22050hz_export,22050,1,wav,0.45,wind_env_prior,/home/ubuntu/layer_b_site_weather_job/runs/mvp_pool_20260530_001/previews/0038_site257_216088_003646_003661.mp3,/home/ubuntu/layer_b_site_weather_job/runs/mvp_pool_20260530_001/windows_wav/0038_site257_216088_003646_003661.wav,s3://eco-acoustic-data.store.adelaideuni.cloud/dataset/original/site_257_bowra-dry-a/downloaded_clips/site_257_item_216088/site_257_item_216088_clip_013.webm,site_257_item_216088/site_257_item_216088_clip_013.webm,257,216088,216088,2020-03-01T22:00:00.000Z,morning,2020-03-02,013,2039065,46.0,3646.0,15.0,0.03,0.0,2.63,3.29,23.77,30.69,,,,,,backup,rain_backup_maybe,rain,light,rain_possible_but_needs_review_or_backup_use,medium,false,export_22050hz_wav_after_spot_check,site_weather_candidate_pool_v0.2,decision_not_selected,site_weather_candidate_promotion_v0.1
site257_216088_006862_006877,48,0.365665,reject_target_outcompeted_by_other_weather,rain,0.32875,-0.237282,wind,0.566033,0.32875,0.566033,0.472227,bird_or_insect,0.287721,0.04103,0.45,0.54103,clap_scoring_window,48000,1,15.0,-26.796,-2.536,0.0,true,pending_22050hz_export,22050,1,wav,0.45,wind_env_prior,/home/ubuntu/layer_b_site_weather_job/runs/mvp_pool_20260530_001/previews/0039_site257_216088_006862_006877.mp3,/home/ubuntu/layer_b_site_weather_job/runs/mvp_pool_20260530_001/windows_wav/0039_site257_216088_006862_006877.wav,s3://eco-acoustic-data.store.adelaideuni.cloud/dataset/original/site_257_bowra-dry-a/downloaded_clips/site_257_item_216088/site_257_item_216088_clip_023.webm,site_257_item_216088/site_257_item_216088_clip_023.webm,257,216088,216088,2020-03-01T22:00:00.000Z,morning,2020-03-02,023,2064987,262.0,6862.0,15.0,0.03,0.0,2.63,3.29,23.77,30.69,,,,,,reject,reject,,,rain_too_weak_or_contaminated,low,false,do_not_export,site_weather_candidate_pool_v0.2,export_action_not_enabled,site_weather_candidate_promotion_v0.1
site257_215688_001836_001851,49,0.364895,reject_target_outcompeted_by_other_weather,rain,0.315911,-0.064034,wind,0.379946,0.315911,0.379946,0.235545,bird_or_insect,0.432272,-0.116361,0.75,0.383639,clap_scoring_window,48000,1,15.0,-40.764,-25.223,0.0,true,pending_22050hz_export,22050,1,wav,0.75,rain_env_prior,/home/ubuntu/layer_b_site_weather_job/runs/mvp_pool_20260530_001/previews/0020_site257_215688_001836_001851.mp3,/home/ubuntu/layer_b_site_weather_job/runs/mvp_pool_20260530_001/windows_wav/0020_site257_215688_001836_001851.wav,s3://eco-acoustic-data.store.adelaideuni.cloud/dataset/original/site_257_bowra-dry-a/downloaded_clips/site_257_item_215688/site_257_item_215688_clip_007.webm,site_257_item_215688/site_257_item_215688_clip_007.webm,257,215688,215688,2020-01-28T04:00:00.000Z,afternoon,2020-01-28,007,2053220,36.0,1836.0,15.0,4.01,3.24,1.05,2.01,24.09,40.64,,,,,,reject,reject,,,rain_too_weak_or_contaminated,low,false,do_not_export,site_weather_candidate_pool_v0.2,export_action_not_enabled,site_weather_candidate_promotion_v0.1
site257_216096_004917_004932,50,0.35835,reject_target_outcompeted_by_other_weather,rain,0.316329,-0.125802,wind,0.442131,0.316329,0.442131,0.297384,bird_or_insect,0.321787,-0.005458,0.45,0.494542,clap_scoring_window,48000,1,15.0,-39.361,-23.725,0.0,true,pending_22050hz_export,22050,1,wav,0.45,rain_env_prior,/home/ubuntu/layer_b_site_weather_job/runs/mvp_pool_20260530_001/previews/0045_site257_216096_004917_004932.mp3,/home/ubuntu/layer_b_site_weather_job/runs/mvp_pool_20260530_001/windows_wav/0045_site257_216096_004917_004932.wav,s3://eco-acoustic-data.store.adelaideuni.cloud/dataset/original/site_257_bowra-dry-a/downloaded_clips/site_257_item_216096/site_257_item_216096_clip_017.webm,site_257_item_216096/site_257_item_216096_clip_017.webm,257,216096,216096,2020-03-02T12:00:00.000Z,night,2020-03-02,017,2042745,117.0,4917.0,15.0,0.96,1.69,0.89,5.09,59.12,22.54,,,,,,reject,reject,,,rain_too_weak_or_contaminated,low,false,do_not_export,site_weather_candidate_pool_v0.2,export_action_not_enabled,site_weather_candidate_promotion_v0.1
site257_1313190_001241_001256,51,0.356376,reject_target_outcompeted_by_other_weather,rain,0.270986,-0.054266,wind,0.325252,0.270986,0.325252,0.28205,bird_or_insect,0.394331,-0.123345,0.9,0.376655,clap_scoring_window,48000,1,15.0,-37.81,-17.495,0.0,true,pending_22050hz_export,22050,1,wav,0.9,storm_env_prior,/home/ubuntu/layer_b_site_weather_job/runs/mvp_pool_20260530_001/previews/0012_site257_1313190_001241_001256.mp3,/home/ubuntu/layer_b_site_weather_job/runs/mvp_pool_20260530_001/windows_wav/0012_site257_1313190_001241_001256.wav,s3://eco-acoustic-data.store.adelaideuni.cloud/dataset/original/site_257_bowra-dry-a/downloaded_clips/site_257_item_1313190/site_257_item_1313190_clip_005.webm,site_257_item_1313190/site_257_item_1313190_clip_005.webm,257,1313190,1313190,2023-04-29T04:00:00.000Z,afternoon,2023-04-29,005,2163274,41.0,1241.0,15.0,24.75,8.71,3.44,8.03,51.39,19.55,,,,,,reject,reject,,,rain_too_weak_or_contaminated,low,false,do_not_export,site_weather_candidate_pool_v0.2,export_action_not_enabled,site_weather_candidate_promotion_v0.1
site257_215688_000802_000817,52,0.351785,reject_target_outcompeted_by_other_weather,rain,0.285548,-0.175621,wind,0.461169,0.285548,0.461169,0.320737,bird_or_insect,0.357448,-0.071899,0.75,0.428101,clap_scoring_window,48000,1,15.0,-39.975,-22.558,0.0,true,pending_22050hz_export,22050,1,wav,0.75,rain_env_prior,/home/ubuntu/layer_b_site_weather_job/runs/mvp_pool_20260530_001/previews/0021_site257_215688_000802_000817.mp3,/home/ubuntu/layer_b_site_weather_job/runs/mvp_pool_20260530_001/windows_wav/0021_site257_215688_000802_000817.wav,s3://eco-acoustic-data.store.adelaideuni.cloud/dataset/original/site_257_bowra-dry-a/downloaded_clips/site_257_item_215688/site_257_item_215688_clip_003.webm,site_257_item_215688/site_257_item_215688_clip_003.webm,257,215688,215688,2020-01-28T04:00:00.000Z,afternoon,2020-01-28,003,2044976,202.0,802.0,15.0,4.01,3.24,1.05,2.01,24.09,40.64,,,,,,reject,reject,,,rain_too_weak_or_contaminated,low,false,do_not_export,site_weather_candidate_pool_v0.2,export_action_not_enabled,site_weather_candidate_promotion_v0.1
site257_1679219_006574_006589,53,0.343807,reject_target_outcompeted_by_other_weather,rain,0.318578,-0.168696,thunder,0.487274,0.318578,0.422824,0.487274,bird_or_insect,0.353324,-0.034746,0.45,0.465254,clap_scoring_window,48000,1,15.0,-26.667,-9.548,0.0,true,pending_22050hz_export,22050,1,wav,0.45,wind_env_prior,/home/ubuntu/layer_b_site_weather_job/runs/mvp_pool_20260530_001/previews/0105_site257_1679219_006574_006589.mp3,/home/ubuntu/layer_b_site_weather_job/runs/mvp_pool_20260530_001/windows_wav/0105_site257_1679219_006574_006589.wav,s3://eco-acoustic-data.store.adelaideuni.cloud/dataset/original/site_257_bowra-dry-a/downloaded_clips/site_257_item_1679219/site_257_item_1679219_clip_022.webm,site_257_item_1679219/site_257_item_1679219_clip_022.webm,257,1679219,1679219,2025-01-01T04:00:00.000Z,afternoon,2025-01-01,022,2135166,274.0,6574.0,15.0,0.06,0.25,4.46,5.38,10.81,40.08,,,,,,reject,reject,,,rain_too_weak_or_contaminated,low,false,do_not_export,site_weather_candidate_pool_v0.2,export_action_not_enabled,site_weather_candidate_promotion_v0.1
site257_214655_000528_000543,54,0.343454,reject_target_outcompeted_by_other_weather,rain,0.229973,-0.125419,wind,0.355392,0.229973,0.355392,0.218061,bird_or_insect,0.301191,-0.071218,0.9,0.428782,clap_scoring_window,48000,1,15.0,-47.804,-28.476,0.0,true,pending_22050hz_export,22050,1,wav,0.9,storm_env_prior,/home/ubuntu/layer_b_site_weather_job/runs/mvp_pool_20260530_001/previews/0002_site257_214655_000528_000543.mp3,/home/ubuntu/layer_b_site_weather_job/runs/mvp_pool_20260530_001/windows_wav/0002_site257_214655_000528_000543.wav,s3://eco-acoustic-data.store.adelaideuni.cloud/dataset/original/site_257_bowra-dry-a/downloaded_clips/site_257_item_214655/site_257_item_214655_clip_002.webm,site_257_item_214655/site_257_item_214655_clip_002.webm,257,214655,214655,2019-11-02T22:00:00.000Z,morning,2019-11-03,002,2053261,228.0,528.0,15.0,81.37,5.02,7.1,7.79,51.58,24.91,,,,,,reject,reject,,,rain_too_weak_or_contaminated,low,false,do_not_export,site_weather_candidate_pool_v0.2,export_action_not_enabled,site_weather_candidate_promotion_v0.1
site257_1401410_006521_006536,55,0.33415,reject_contamination_dominant,rain,0.331566,0.132497,rain,0.331566,0.331566,0.178627,0.199069,bird_or_insect,0.453736,-0.12217,0.45,0.37783,clap_scoring_window,48000,1,15.0,-53.689,-33.272,0.0,true,pending_22050hz_export,22050,1,wav,0.45,wind_env_prior,/home/ubuntu/layer_b_site_weather_job/runs/mvp_pool_20260530_001/previews/0065_site257_1401410_006521_006536.mp3,/home/ubuntu/layer_b_site_weather_job/runs/mvp_pool_20260530_001/windows_wav/0065_site257_1401410_006521_006536.wav,s3://eco-acoustic-data.store.adelaideuni.cloud/dataset/original/site_257_bowra-dry-a/downloaded_clips/site_257_item_1401410/site_257_item_1401410_clip_022.webm,site_257_item_1401410/site_257_item_1401410_clip_022.webm,257,1401410,1401410,2024-01-17T12:00:00.000Z,night,2024-01-17,022,2214540,221.0,6521.0,15.0,0.1,3.57,3.32,4.96,80.77,25.1,,,,,,reject,reject,,,rain_too_weak_or_contaminated,low,false,do_not_export,site_weather_candidate_pool_v0.2,export_action_not_enabled,site_weather_candidate_promotion_v0.1
site257_216096_001455_001470,56,0.333155,reject_target_outcompeted_by_other_weather,rain,0.299442,-0.214336,wind,0.513778,0.299442,0.513778,0.444682,bird_or_insect,0.318315,-0.018873,0.45,0.481127,clap_scoring_window,48000,1,15.0,-22.079,-3.609,0.0,true,pending_22050hz_export,22050,1,wav,0.45,rain_env_prior,/home/ubuntu/layer_b_site_weather_job/runs/mvp_pool_20260530_001/previews/0043_site257_216096_001455_001470.mp3,/home/ubuntu/layer_b_site_weather_job/runs/mvp_pool_20260530_001/windows_wav/0043_site257_216096_001455_001470.wav,s3://eco-acoustic-data.store.adelaideuni.cloud/dataset/original/site_257_bowra-dry-a/downloaded_clips/site_257_item_216096/site_257_item_216096_clip_005.webm,site_257_item_216096/site_257_item_216096_clip_005.webm,257,216096,216096,2020-03-02T12:00:00.000Z,night,2020-03-02,005,2055485,255.0,1455.0,15.0,0.96,1.69,0.89,5.09,59.12,22.54,,,,,,reject,reject,,,rain_too_weak_or_contaminated,low,false,do_not_export,site_weather_candidate_pool_v0.2,export_action_not_enabled,site_weather_candidate_promotion_v0.1
site257_1539525_003949_003964,57,0.33281,reject_target_outcompeted_by_other_weather,rain,0.26929,-0.066415,wind,0.335706,0.26929,0.335706,0.196465,human_or_machine,0.277008,-0.007717,0.45,0.492283,clap_scoring_window,48000,1,15.0,-56.864,-40.709,0.0,true,pending_22050hz_export,22050,1,wav,0.45,rain_env_prior,/home/ubuntu/layer_b_site_weather_job/runs/mvp_pool_20260530_001/previews/0076_site257_1539525_003949_003964.mp3,/home/ubuntu/layer_b_site_weather_job/runs/mvp_pool_20260530_001/windows_wav/0076_site257_1539525_003949_003964.wav,s3://eco-acoustic-data.store.adelaideuni.cloud/dataset/original/site_257_bowra-dry-a/downloaded_clips/site_257_item_1539525/site_257_item_1539525_clip_014.webm,site_257_item_1539525/site_257_item_1539525_clip_014.webm,257,1539525,1539525,2024-07-09T12:00:00.000Z,night,2024-07-09,014,2025252,49.0,3949.0,15.0,0.35,0.13,1.36,3.45,94.45,8.98,,,,,,reject,reject,,,rain_too_weak_or_contaminated,low,false,do_not_export,site_weather_candidate_pool_v0.2,export_action_not_enabled,site_weather_candidate_promotion_v0.1
site257_214665_004732_004747,58,0.329233,reject_target_outcompeted_by_other_weather,rain,0.300091,-0.044766,wind,0.344857,0.300091,0.344857,0.157149,human_or_machine,0.294337,0.005753,0.25,0.505753,clap_scoring_window,48000,1,15.0,-52.553,-34.631,0.0,true,pending_22050hz_export,22050,1,wav,0.25,wind_env_prior,/home/ubuntu/layer_b_site_weather_job/runs/mvp_pool_20260530_001/previews/0123_site257_214665_004732_004747.mp3,/home/ubuntu/layer_b_site_weather_job/runs/mvp_pool_20260530_001/windows_wav/0123_site257_214665_004732_004747.wav,s3://eco-acoustic-data.store.adelaideuni.cloud/dataset/original/site_257_bowra-dry-a/downloaded_clips/site_257_item_214665/site_257_item_214665_clip_016.webm,site_257_item_214665/site_257_item_214665_clip_016.webm,257,214665,214665,2019-11-03T12:00:00.000Z,night,2019-11-03,016,2050302,232.0,4732.0,15.0,0.0,77.69,0.82,7.1,91.18,17.71,,,,,,backup,rain_backup_maybe,rain,light,rain_possible_but_needs_review_or_backup_use,medium,false,export_22050hz_wav_after_spot_check,site_weather_candidate_pool_v0.2,decision_not_selected,site_weather_candidate_promotion_v0.1
site257_216466_006376_006391,59,0.327065,reject_target_outcompeted_by_other_weather,rain,0.302367,-0.237657,wind,0.540024,0.302367,0.540024,0.425007,human_or_machine,0.218405,0.083962,0.25,0.583962,clap_scoring_window,48000,1,15.0,-23.271,-4.171,0.0,true,pending_22050hz_export,22050,1,wav,0.25,wind_env_prior,/home/ubuntu/layer_b_site_weather_job/runs/mvp_pool_20260530_001/previews/0125_site257_216466_006376_006391.mp3,/home/ubuntu/layer_b_site_weather_job/runs/mvp_pool_20260530_001/windows_wav/0125_site257_216466_006376_006391.wav,s3://eco-acoustic-data.store.adelaideuni.cloud/dataset/original/site_257_bowra-dry-a/downloaded_clips/site_257_item_216466/site_257_item_216466_clip_022.webm,site_257_item_216466/site_257_item_216466_clip_022.webm,257,216466,216466,2020-04-03T20:00:00.000Z,dawn,2020-04-04,022,2038258,76.0,6376.0,15.0,0.0,28.54,4.18,7.53,84.86,14.24,,,,,,backup,rain_backup_maybe,rain,light,rain_possible_but_needs_review_or_backup_use,medium,false,export_22050hz_wav_after_spot_check,site_weather_candidate_pool_v0.2,decision_not_selected,site_weather_candidate_promotion_v0.1
site257_214665_004130_004145,60,0.326665,reject_target_outcompeted_by_other_weather,rain,0.294805,-0.056969,wind,0.351774,0.294805,0.351774,0.232491,human_or_machine,0.278616,0.01619,0.25,0.51619,clap_scoring_window,48000,1,15.0,-52.417,-41.335,0.0,true,pending_22050hz_export,22050,1,wav,0.25,wind_env_prior,/home/ubuntu/layer_b_site_weather_job/runs/mvp_pool_20260530_001/previews/0122_site257_214665_004130_004145.mp3,/home/ubuntu/layer_b_site_weather_job/runs/mvp_pool_20260530_001/windows_wav/0122_site257_214665_004130_004145.wav,s3://eco-acoustic-data.store.adelaideuni.cloud/dataset/original/site_257_bowra-dry-a/downloaded_clips/site_257_item_214665/site_257_item_214665_clip_014.webm,site_257_item_214665/site_257_item_214665_clip_014.webm,257,214665,214665,2019-11-03T12:00:00.000Z,night,2019-11-03,014,2043238,230.0,4130.0,15.0,0.0,77.69,0.82,7.1,91.18,17.71,,,,,,backup,rain_backup_maybe,rain,light,rain_possible_but_needs_review_or_backup_use,medium,false,export_22050hz_wav_after_spot_check,site_weather_candidate_pool_v0.2,decision_not_selected,site_weather_candidate_promotion_v0.1
site257_216095_005289_005304,61,0.323422,reject_target_outcompeted_by_other_weather,rain,0.302308,-0.127226,wind,0.429534,0.302308,0.429534,0.259698,bird_or_insect,0.371946,-0.069638,0.45,0.430362,clap_scoring_window,48000,1,15.0,-48.8,-34.254,0.0,true,pending_22050hz_export,22050,1,wav,0.45,wind_env_prior,/home/ubuntu/layer_b_site_weather_job/runs/mvp_pool_20260530_001/previews/0041_site257_216095_005289_005304.mp3,/home/ubuntu/layer_b_site_weather_job/runs/mvp_pool_20260530_001/windows_wav/0041_site257_216095_005289_005304.wav,s3://eco-acoustic-data.store.adelaideuni.cloud/dataset/original/site_257_bowra-dry-a/downloaded_clips/site_257_item_216095/site_257_item_216095_clip_018.webm,site_257_item_216095/site_257_item_216095_clip_018.webm,257,216095,216095,2020-03-02T04:00:00.000Z,afternoon,2020-03-02,018,2031473,189.0,5289.0,15.0,1.13,1.69,3.76,5.09,52.39,25.99,,,,,,reject,reject,,,rain_too_weak_or_contaminated,low,false,do_not_export,site_weather_candidate_pool_v0.2,export_action_not_enabled,site_weather_candidate_promotion_v0.1
site257_214654_001781_001796,62,0.321605,reject_target_outcompeted_by_other_weather,rain,0.329465,-0.087484,wind,0.416949,0.329465,0.416949,0.252454,bird_or_insect,0.382714,-0.053249,0.25,0.446751,clap_scoring_window,48000,1,15.0,-48.584,-34.674,0.0,true,pending_22050hz_export,22050,1,wav,0.25,wind_env_prior,/home/ubuntu/layer_b_site_weather_job/runs/mvp_pool_20260530_001/previews/0118_site257_214654_001781_001796.mp3,/home/ubuntu/layer_b_site_weather_job/runs/mvp_pool_20260530_001/windows_wav/0118_site257_214654_001781_001796.wav,s3://eco-acoustic-data.store.adelaideuni.cloud/dataset/original/site_257_bowra-dry-a/downloaded_clips/site_257_item_214654/site_257_item_214654_clip_006.webm,site_257_item_214654/site_257_item_214654_clip_006.webm,257,214654,214654,2019-11-02T20:00:00.000Z,dawn,2019-11-03,006,2053997,281.0,1781.0,15.0,0.0,5.02,4.88,7.79,55.53,22.56,,,,,,reject,reject,,,rain_too_weak_or_contaminated,low,false,do_not_export,site_weather_candidate_pool_v0.2,export_action_not_enabled,site_weather_candidate_promotion_v0.1
site257_1679219_006733_006748,63,0.320731,reject_target_outcompeted_by_other_weather,rain,0.307492,-0.192369,thunder,0.499861,0.307492,0.422495,0.499861,bird_or_insect,0.375997,-0.068505,0.45,0.431495,clap_scoring_window,48000,1,15.0,-21.709,-0.072,0.0,true,pending_22050hz_export,22050,1,wav,0.45,wind_env_prior,/home/ubuntu/layer_b_site_weather_job/runs/mvp_pool_20260530_001/previews/0104_site257_1679219_006733_006748.mp3,/home/ubuntu/layer_b_site_weather_job/runs/mvp_pool_20260530_001/windows_wav/0104_site257_1679219_006733_006748.wav,s3://eco-acoustic-data.store.adelaideuni.cloud/dataset/original/site_257_bowra-dry-a/downloaded_clips/site_257_item_1679219/site_257_item_1679219_clip_023.webm,site_257_item_1679219/site_257_item_1679219_clip_023.webm,257,1679219,1679219,2025-01-01T04:00:00.000Z,afternoon,2025-01-01,023,2131177,133.0,6733.0,15.0,0.06,0.25,4.46,5.38,10.81,40.08,,,,,,reject,reject,,,rain_too_weak_or_contaminated,low,false,do_not_export,site_weather_candidate_pool_v0.2,export_action_not_enabled,site_weather_candidate_promotion_v0.1
site257_216088_001766_001781,64,0.318615,reject_target_outcompeted_by_other_weather,rain,0.311068,-0.107886,wind,0.418953,0.311068,0.418953,0.188869,bird_or_insect,0.411793,-0.100725,0.45,0.399275,clap_scoring_window,48000,1,15.0,-41.635,-26.178,0.0,true,pending_22050hz_export,22050,1,wav,0.45,wind_env_prior,/home/ubuntu/layer_b_site_weather_job/runs/mvp_pool_20260530_001/previews/0037_site257_216088_001766_001781.mp3,/home/ubuntu/layer_b_site_weather_job/runs/mvp_pool_20260530_001/windows_wav/0037_site257_216088_001766_001781.wav,s3://eco-acoustic-data.store.adelaideuni.cloud/dataset/original/site_257_bowra-dry-a/downloaded_clips/site_257_item_216088/site_257_item_216088_clip_006.webm,site_257_item_216088/site_257_item_216088_clip_006.webm,257,216088,216088,2020-03-01T22:00:00.000Z,morning,2020-03-02,006,2034537,266.0,1766.0,15.0,0.03,0.0,2.63,3.29,23.77,30.69,,,,,,reject,reject,,,rain_too_weak_or_contaminated,low,false,do_not_export,site_weather_candidate_pool_v0.2,export_action_not_enabled,site_weather_candidate_promotion_v0.1
site257_1313667_000736_000751,65,0.308505,reject_target_outcompeted_by_other_weather,rain,0.280808,-0.052665,wind,0.333473,0.280808,0.333473,0.182441,human_or_machine,0.296441,-0.015633,0.25,0.484367,clap_scoring_window,48000,1,15.0,-57.655,-41.491,0.0,true,pending_22050hz_export,22050,1,wav,0.25,wind_env_prior,/home/ubuntu/layer_b_site_weather_job/runs/mvp_pool_20260530_001/previews/0130_site257_1313667_000736_000751.mp3,/home/ubuntu/layer_b_site_weather_job/runs/mvp_pool_20260530_001/windows_wav/0130_site257_1313667_000736_000751.wav,s3://eco-acoustic-data.store.adelaideuni.cloud/dataset/original/site_257_bowra-dry-a/downloaded_clips/site_257_item_1313667/site_257_item_1313667_clip_003.webm,site_257_item_1313667/site_257_item_1313667_clip_003.webm,257,1313667,1313667,2023-04-29T12:00:00.000Z,night,2023-04-29,003,2018561,136.0,736.0,15.0,0.0,8.71,0.87,8.03,82.43,11.68,,,,,,backup,rain_backup_maybe,rain,light,rain_possible_but_needs_review_or_backup_use,medium,false,export_22050hz_wav_after_spot_check,site_weather_candidate_pool_v0.2,decision_not_selected,site_weather_candidate_promotion_v0.1
site257_1401633_000659_000674,66,0.307311,reject_target_outcompeted_by_other_weather,rain,0.276123,-0.117012,thunder,0.393134,0.276123,0.255824,0.393134,bird_or_insect,0.346043,-0.06992,0.45,0.43008,clap_scoring_window,48000,1,15.0,-37.379,-16.843,0.0,true,pending_22050hz_export,22050,1,wav,0.45,wind_env_prior,/home/ubuntu/layer_b_site_weather_job/runs/mvp_pool_20260530_001/previews/0050_site257_1401633_000659_000674.mp3,/home/ubuntu/layer_b_site_weather_job/runs/mvp_pool_20260530_001/windows_wav/0050_site257_1401633_000659_000674.wav,s3://eco-acoustic-data.store.adelaideuni.cloud/dataset/original/site_257_bowra-dry-a/downloaded_clips/site_257_item_1401633/site_257_item_1401633_clip_003.webm,site_257_item_1401633/site_257_item_1401633_clip_003.webm,257,1401633,1401633,2023-12-13T02:00:00.000Z,afternoon,2023-12-13,003,2113953,59.0,659.0,15.0,0.48,0.23,4.83,5.96,26.2,40.23,,,,,,reject,reject,,,rain_too_weak_or_contaminated,low,false,do_not_export,site_weather_candidate_pool_v0.2,export_action_not_enabled,site_weather_candidate_promotion_v0.1
site257_1401410_006854_006869,67,0.306324,reject_contamination_dominant,rain,0.297407,0.128184,rain,0.297407,0.297407,0.051514,0.169224,bird_or_insect,0.433633,-0.136226,0.45,0.363774,clap_scoring_window,48000,1,15.0,-51.845,-27.118,0.0,true,pending_22050hz_export,22050,1,wav,0.45,wind_env_prior,/home/ubuntu/layer_b_site_weather_job/runs/mvp_pool_20260530_001/previews/0066_site257_1401410_006854_006869.mp3,/home/ubuntu/layer_b_site_weather_job/runs/mvp_pool_20260530_001/windows_wav/0066_site257_1401410_006854_006869.wav,s3://eco-acoustic-data.store.adelaideuni.cloud/dataset/original/site_257_bowra-dry-a/downloaded_clips/site_257_item_1401410/site_257_item_1401410_clip_023.webm,site_257_item_1401410/site_257_item_1401410_clip_023.webm,257,1401410,1401410,2024-01-17T12:00:00.000Z,night,2024-01-17,023,2120943,254.0,6854.0,15.0,0.1,3.57,3.32,4.96,80.77,25.1,,,,,,reject,reject,,,rain_too_weak_or_contaminated,low,false,do_not_export,site_weather_candidate_pool_v0.2,export_action_not_enabled,site_weather_candidate_promotion_v0.1
site257_1679216_002104_002119,68,0.305209,reject_target_outcompeted_by_other_weather,rain,0.255739,-0.21071,thunder,0.466448,0.255739,0.385396,0.466448,bird_or_insect,0.274365,-0.018627,0.45,0.481373,clap_scoring_window,48000,1,15.0,-23.173,-4.145,0.0,true,pending_22050hz_export,22050,1,wav,0.45,wind_env_prior,/home/ubuntu/layer_b_site_weather_job/runs/mvp_pool_20260530_001/previews/0101_site257_1679216_002104_002119.mp3,/home/ubuntu/layer_b_site_weather_job/runs/mvp_pool_20260530_001/windows_wav/0101_site257_1679216_002104_002119.wav,s3://eco-acoustic-data.store.adelaideuni.cloud/dataset/original/site_257_bowra-dry-a/downloaded_clips/site_257_item_1679216/site_257_item_1679216_clip_008.webm,site_257_item_1679216/site_257_item_1679216_clip_008.webm,257,1679216,1679216,2024-12-31T22:00:00.000Z,morning,2025-01-01,008,2116221,4.0,2104.0,15.0,0.02,0.0,4.33,4.04,22.71,32.86,,,,,,reject,reject,,,rain_too_weak_or_contaminated,low,false,do_not_export,site_weather_candidate_pool_v0.2,export_action_not_enabled,site_weather_candidate_promotion_v0.1
site257_1313667_001945_001960,69,0.304458,reject_target_outcompeted_by_other_weather,rain,0.278009,-0.065979,wind,0.343988,0.278009,0.343988,0.181498,human_or_machine,0.295885,-0.017876,0.25,0.482124,clap_scoring_window,48000,1,15.0,-57.314,-41.243,0.0,true,pending_22050hz_export,22050,1,wav,0.25,wind_env_prior,/home/ubuntu/layer_b_site_weather_job/runs/mvp_pool_20260530_001/previews/0131_site257_1313667_001945_001960.mp3,/home/ubuntu/layer_b_site_weather_job/runs/mvp_pool_20260530_001/windows_wav/0131_site257_1313667_001945_001960.wav,s3://eco-acoustic-data.store.adelaideuni.cloud/dataset/original/site_257_bowra-dry-a/downloaded_clips/site_257_item_1313667/site_257_item_1313667_clip_007.webm,site_257_item_1313667/site_257_item_1313667_clip_007.webm,257,1313667,1313667,2023-04-29T12:00:00.000Z,night,2023-04-29,007,2020862,145.0,1945.0,15.0,0.0,8.71,0.87,8.03,82.43,11.68,,,,,,reject,reject,,,rain_too_weak_or_contaminated,low,false,do_not_export,site_weather_candidate_pool_v0.2,export_action_not_enabled,site_weather_candidate_promotion_v0.1
site257_214665_000006_000021,70,0.303191,reject_target_outcompeted_by_other_weather,rain,0.263516,-0.06148,wind,0.324996,0.263516,0.324996,0.186586,human_or_machine,0.26075,0.002766,0.25,0.502766,clap_scoring_window,48000,1,15.0,-52.705,-41.91,0.0,true,pending_22050hz_export,22050,1,wav,0.25,wind_env_prior,/home/ubuntu/layer_b_site_weather_job/runs/mvp_pool_20260530_001/previews/0121_site257_214665_000006_000021.mp3,/home/ubuntu/layer_b_site_weather_job/runs/mvp_pool_20260530_001/windows_wav/0121_site257_214665_000006_000021.wav,s3://eco-acoustic-data.store.adelaideuni.cloud/dataset/original/site_257_bowra-dry-a/downloaded_clips/site_257_item_214665/site_257_item_214665_clip_001.webm,site_257_item_214665/site_257_item_214665_clip_001.webm,257,214665,214665,2019-11-03T12:00:00.000Z,night,2019-11-03,001,2049426,6.0,6.0,15.0,0.0,77.69,0.82,7.1,91.18,17.71,,,,,,reject,reject,,,rain_too_weak_or_contaminated,low,false,do_not_export,site_weather_candidate_pool_v0.2,export_action_not_enabled,site_weather_candidate_promotion_v0.1
site257_1401633_003632_003647,71,0.294073,reject_target_outcompeted_by_other_weather,rain,0.251772,-0.13413,wind,0.385903,0.251772,0.385903,0.25797,bird_or_insect,0.310937,-0.059165,0.45,0.440835,clap_scoring_window,48000,1,15.0,-32.775,-10.723,0.0,true,pending_22050hz_export,22050,1,wav,0.45,wind_env_prior,/home/ubuntu/layer_b_site_weather_job/runs/mvp_pool_20260530_001/previews/0051_site257_1401633_003632_003647.mp3,/home/ubuntu/layer_b_site_weather_job/runs/mvp_pool_20260530_001/windows_wav/0051_site257_1401633_003632_003647.wav,s3://eco-acoustic-data.store.adelaideuni.cloud/dataset/original/site_257_bowra-dry-a/downloaded_clips/site_257_item_1401633/site_257_item_1401633_clip_013.webm,site_257_item_1401633/site_257_item_1401633_clip_013.webm,257,1401633,1401633,2023-12-13T02:00:00.000Z,afternoon,2023-12-13,013,2084952,32.0,3632.0,15.0,0.48,0.23,4.83,5.96,26.2,40.23,,,,,,reject,reject,,,rain_too_weak_or_contaminated,low,false,do_not_export,site_weather_candidate_pool_v0.2,export_action_not_enabled,site_weather_candidate_promotion_v0.1
site257_1681726_001934_001949,72,0.291158,reject_target_outcompeted_by_other_weather,rain,0.274194,-0.049931,wind,0.324125,0.274194,0.324125,0.151932,bird_or_insect,0.39813,-0.123937,0.45,0.376063,clap_scoring_window,48000,1,15.0,-43.679,-25.013,0.0,true,pending_22050hz_export,22050,1,wav,0.45,wind_env_prior,/home/ubuntu/layer_b_site_weather_job/runs/mvp_pool_20260530_001/previews/0109_site257_1681726_001934_001949.mp3,/home/ubuntu/layer_b_site_weather_job/runs/mvp_pool_20260530_001/windows_wav/0109_site257_1681726_001934_001949.wav,s3://eco-acoustic-data.store.adelaideuni.cloud/dataset/original/site_257_bowra-dry-a/downloaded_clips/site_257_item_1681726/site_257_item_1681726_clip_007.webm,site_257_item_1681726/site_257_item_1681726_clip_007.webm,257,1681726,1681726,2025-03-21T22:00:00.000Z,morning,2025-03-22,007,2051411,134.0,1934.0,15.0,0.2,2.09,3.19,3.11,51.56,28.43,,,,,,reject,reject,,,rain_too_weak_or_contaminated,low,false,do_not_export,site_weather_candidate_pool_v0.2,export_action_not_enabled,site_weather_candidate_promotion_v0.1
site257_1401701_005674_005689,73,0.290466,reject_target_outcompeted_by_other_weather,rain,0.28325,-0.100657,wind,0.383907,0.28325,0.383907,0.271785,bird_or_insect,0.41095,-0.127701,0.45,0.372299,clap_scoring_window,48000,1,15.0,-31.726,-12.042,0.0,true,pending_22050hz_export,22050,1,wav,0.45,wind_env_prior,/home/ubuntu/layer_b_site_weather_job/runs/mvp_pool_20260530_001/previews/0072_site257_1401701_005674_005689.mp3,/home/ubuntu/layer_b_site_weather_job/runs/mvp_pool_20260530_001/windows_wav/0072_site257_1401701_005674_005689.wav,s3://eco-acoustic-data.store.adelaideuni.cloud/dataset/original/site_257_bowra-dry-a/downloaded_clips/site_257_item_1401701/site_257_item_1401701_clip_019.webm,site_257_item_1401701/site_257_item_1401701_clip_019.webm,257,1401701,1401701,2024-02-16T04:00:00.000Z,afternoon,2024-02-16,019,2080138,274.0,5674.0,15.0,0.12,2.46,2.29,4.6,35.02,35.69,,,,,,reject,reject,,,rain_too_weak_or_contaminated,low,false,do_not_export,site_weather_candidate_pool_v0.2,export_action_not_enabled,site_weather_candidate_promotion_v0.1
site257_1681726_000176_000191,74,0.29041,reject_contamination_dominant,rain,0.233749,0.074231,rain,0.233749,0.233749,0.159518,0.058018,bird_or_insect,0.306317,-0.072568,0.45,0.427432,clap_scoring_window,48000,1,15.0,-50.789,-29.24,0.0,true,pending_22050hz_export,22050,1,wav,0.45,wind_env_prior,/home/ubuntu/layer_b_site_weather_job/runs/mvp_pool_20260530_001/previews/0111_site257_1681726_000176_000191.mp3,/home/ubuntu/layer_b_site_weather_job/runs/mvp_pool_20260530_001/windows_wav/0111_site257_1681726_000176_000191.wav,s3://eco-acoustic-data.store.adelaideuni.cloud/dataset/original/site_257_bowra-dry-a/downloaded_clips/site_257_item_1681726/site_257_item_1681726_clip_001.webm,site_257_item_1681726/site_257_item_1681726_clip_001.webm,257,1681726,1681726,2025-03-21T22:00:00.000Z,morning,2025-03-22,001,2065244,176.0,176.0,15.0,0.2,2.09,3.19,3.11,51.56,28.43,,,,,,reject,reject,,,rain_too_weak_or_contaminated,low,false,do_not_export,site_weather_candidate_pool_v0.2,export_action_not_enabled,site_weather_candidate_promotion_v0.1
site257_215689_005291_005306,75,0.289888,reject_contamination_dominant,rain,0.270984,0.069227,rain,0.270984,0.270984,0.201757,0.104863,bird_or_insect,0.405364,-0.13438,0.45,0.36562,clap_scoring_window,48000,1,15.0,-49.748,-32.075,0.0,true,pending_22050hz_export,22050,1,wav,0.45,rain_env_prior,/home/ubuntu/layer_b_site_weather_job/runs/mvp_pool_20260530_001/previews/0033_site257_215689_005291_005306.mp3,/home/ubuntu/layer_b_site_weather_job/runs/mvp_pool_20260530_001/windows_wav/0033_site257_215689_005291_005306.wav,s3://eco-acoustic-data.store.adelaideuni.cloud/dataset/original/site_257_bowra-dry-a/downloaded_clips/site_257_item_215689/site_257_item_215689_clip_018.webm,site_257_item_215689/site_257_item_215689_clip_018.webm,257,215689,215689,2020-01-28T12:00:00.000Z,night,2020-01-28,018,2173428,191.0,5291.0,15.0,0.95,3.24,0.56,2.01,46.34,33.71,,,,,,reject,reject,,,rain_too_weak_or_contaminated,low,false,do_not_export,site_weather_candidate_pool_v0.2,export_action_not_enabled,site_weather_candidate_promotion_v0.1
site257_216095_003801_003816,76,0.286306,reject_target_outcompeted_by_other_weather,rain,0.300621,-0.086568,wind,0.38719,0.300621,0.38719,0.206098,bird_or_insect,0.470474,-0.169853,0.45,0.330147,clap_scoring_window,48000,1,15.0,-41.474,-19.715,0.0,true,pending_22050hz_export,22050,1,wav,0.45,wind_env_prior,/home/ubuntu/layer_b_site_weather_job/runs/mvp_pool_20260530_001/previews/0040_site257_216095_003801_003816.mp3,/home/ubuntu/layer_b_site_weather_job/runs/mvp_pool_20260530_001/windows_wav/0040_site257_216095_003801_003816.wav,s3://eco-acoustic-data.store.adelaideuni.cloud/dataset/original/site_257_bowra-dry-a/downloaded_clips/site_257_item_216095/site_257_item_216095_clip_013.webm,site_257_item_216095/site_257_item_216095_clip_013.webm,257,216095,216095,2020-03-02T04:00:00.000Z,afternoon,2020-03-02,013,2077165,201.0,3801.0,15.0,1.13,1.69,3.76,5.09,52.39,25.99,,,,,,reject,reject,,,rain_too_weak_or_contaminated,low,false,do_not_export,site_weather_candidate_pool_v0.2,export_action_not_enabled,site_weather_candidate_promotion_v0.1
site257_1679511_000180_000195,77,0.283011,reject_target_outcompeted_by_other_weather,rain,0.263178,-0.194591,thunder,0.457769,0.263178,0.421732,0.457769,bird_or_insect,0.353418,-0.09024,0.45,0.40976,clap_scoring_window,48000,1,15.0,-16.949,0.0,0.000193,true,pending_22050hz_export,22050,1,wav,0.45,rain_env_prior,/home/ubuntu/layer_b_site_weather_job/runs/mvp_pool_20260530_001/previews/0108_site257_1679511_000180_000195.mp3,/home/ubuntu/layer_b_site_weather_job/runs/mvp_pool_20260530_001/windows_wav/0108_site257_1679511_000180_000195.wav,s3://eco-acoustic-data.store.adelaideuni.cloud/dataset/original/site_257_bowra-dry-a/downloaded_clips/site_257_item_1679511/site_257_item_1679511_clip_001.webm,site_257_item_1679511/site_257_item_1679511_clip_001.webm,257,1679511,1679511,2025-02-13T12:00:00.000Z,night,2025-02-13,001,2111651,180.0,180.0,15.0,0.04,0.02,1.6,5.21,34.83,32.68,,,,,,reject,reject,,,rain_too_weak_or_contaminated,low,false,do_not_export,site_weather_candidate_pool_v0.2,export_action_not_enabled,site_weather_candidate_promotion_v0.1
site257_1539179_000995_001010,78,0.281191,reject_target_outcompeted_by_other_weather,rain,0.263489,-0.130804,wind,0.394293,0.263489,0.394293,0.347757,bird_or_insect,0.374728,-0.11124,0.45,0.38876,clap_scoring_window,48000,1,15.0,-33.767,-8.823,0.0,true,pending_22050hz_export,22050,1,wav,0.45,wind_env_prior,/home/ubuntu/layer_b_site_weather_job/runs/mvp_pool_20260530_001/previews/0082_site257_1539179_000995_001010.mp3,/home/ubuntu/layer_b_site_weather_job/runs/mvp_pool_20260530_001/windows_wav/0082_site257_1539179_000995_001010.wav,s3://eco-acoustic-data.store.adelaideuni.cloud/dataset/original/site_257_bowra-dry-a/downloaded_clips/site_257_item_1539179/site_257_item_1539179_clip_004.webm,site_257_item_1539179/site_257_item_1539179_clip_004.webm,257,1539179,1539179,2024-07-17T23:13:00.000Z,morning,2024-07-18,004,2070899,95.0,995.0,15.0,0.03,0.14,3.18,5.12,77.9,10.54,,,,,,reject,reject,,,rain_too_weak_or_contaminated,low,false,do_not_export,site_weather_candidate_pool_v0.2,export_action_not_enabled,site_weather_candidate_promotion_v0.1
site257_216464_000324_000339,79,0.276173,reject_target_outcompeted_by_other_weather,rain,0.278356,-0.203003,wind,0.481359,0.278356,0.481359,0.347129,bird_or_insect,0.333251,-0.054895,0.25,0.445105,clap_scoring_window,48000,1,15.0,-28.356,-6.034,0.0,true,pending_22050hz_export,22050,1,wav,0.25,wind_env_prior,/home/ubuntu/layer_b_site_weather_job/runs/mvp_pool_20260530_001/previews/0129_site257_216464_000324_000339.mp3,/home/ubuntu/layer_b_site_weather_job/runs/mvp_pool_20260530_001/windows_wav/0129_site257_216464_000324_000339.wav,s3://eco-acoustic-data.store.adelaideuni.cloud/dataset/original/site_257_bowra-dry-a/downloaded_clips/site_257_item_216464/site_257_item_216464_clip_002.webm,site_257_item_216464/site_257_item_216464_clip_002.webm,257,216464,216464,2020-04-03T22:00:00.000Z,morning,2020-04-04,002,2069935,24.0,324.0,15.0,0.0,28.54,5.69,7.53,69.73,16.61,,,,,,reject,reject,,,rain_too_weak_or_contaminated,low,false,do_not_export,site_weather_candidate_pool_v0.2,export_action_not_enabled,site_weather_candidate_promotion_v0.1
site257_214655_005539_005554,80,0.275216,reject_target_outcompeted_by_other_weather,rain,0.147248,-0.103259,wind,0.250507,0.147248,0.250507,0.062218,bird_or_insect,0.260173,-0.112924,0.9,0.387076,clap_scoring_window,48000,1,15.0,-43.903,-21.292,0.0,true,pending_22050hz_export,22050,1,wav,0.9,storm_env_prior,/home/ubuntu/layer_b_site_weather_job/runs/mvp_pool_20260530_001/previews/0001_site257_214655_005539_005554.mp3,/home/ubuntu/layer_b_site_weather_job/runs/mvp_pool_20260530_001/windows_wav/0001_site257_214655_005539_005554.wav,s3://eco-acoustic-data.store.adelaideuni.cloud/dataset/original/site_257_bowra-dry-a/downloaded_clips/site_257_item_214655/site_257_item_214655_clip_019.webm,site_257_item_214655/site_257_item_214655_clip_019.webm,257,214655,214655,2019-11-02T22:00:00.000Z,morning,2019-11-03,019,2127352,139.0,5539.0,15.0,81.37,5.02,7.1,7.79,51.58,24.91,,,,,,reject,reject,,,rain_too_weak_or_contaminated,low,false,do_not_export,site_weather_candidate_pool_v0.2,export_action_not_enabled,site_weather_candidate_promotion_v0.1
site257_214659_001698_001713,87,0.612602,candidate,wind,0.561428,0.041498,wind,0.561428,0.369169,0.561428,0.519929,human_or_machine,0.235556,0.325871,0.55,0.825871,clap_scoring_window,48000,1,15.0,-25.623,-8.149,0.0,true,pending_22050hz_export,22050,1,wav,0.55,storm_env_prior,/home/ubuntu/layer_b_site_weather_job/runs/mvp_pool_20260530_001/previews/0214_site257_214659_001698_001713.mp3,/home/ubuntu/layer_b_site_weather_job/runs/mvp_pool_20260530_001/windows_wav/0214_site257_214659_001698_001713.wav,s3://eco-acoustic-data.store.adelaideuni.cloud/dataset/original/site_257_bowra-dry-a/downloaded_clips/site_257_item_214659/site_257_item_214659_clip_006.webm,site_257_item_214659/site_257_item_214659_clip_006.webm,257,214659,214659,2019-11-03T04:00:00.000Z,afternoon,2019-11-03,006,2039074,198.0,1698.0,15.0,220.58,77.69,4.79,7.1,84.44,22.3,,,,,,backup,wind_backup_maybe,wind,heavy,wind_present_but_not_clean,medium,false,export_22050hz_wav_after_spot_check,site_weather_candidate_pool_v0.2,decision_not_selected,site_weather_candidate_promotion_v0.1
site257_215467_006489_006504,97,0.591683,candidate,wind,0.541377,0.034293,wind,0.541377,0.30904,0.541377,0.507084,human_or_machine,0.254938,0.286439,0.55,0.786439,clap_scoring_window,48000,1,15.0,-31.711,-12.648,0.0,true,pending_22050hz_export,22050,1,wav,0.55,wind_env_prior,/home/ubuntu/layer_b_site_weather_job/runs/mvp_pool_20260530_001/previews/0251_site257_215467_006489_006504.mp3,/home/ubuntu/layer_b_site_weather_job/runs/mvp_pool_20260530_001/windows_wav/0251_site257_215467_006489_006504.wav,s3://eco-acoustic-data.store.adelaideuni.cloud/dataset/original/site_257_bowra-dry-a/downloaded_clips/site_257_item_215467/site_257_item_215467_clip_022.webm,site_257_item_215467/site_257_item_215467_clip_022.webm,257,215467,215467,2020-01-09T20:00:00.000Z,dawn,2020-01-10,022,2028653,189.0,6489.0,15.0,0.0,0.0,4.05,3.62,21.87,33.36,,,,,,backup,wind_backup_maybe,wind,medium,wind_present_but_not_clean,medium,false,export_22050hz_wav_after_spot_check,site_weather_candidate_pool_v0.2,decision_not_selected,site_weather_candidate_promotion_v0.1
site257_1401564_001954_001969,98,0.591028,candidate,wind,0.531887,0.021169,wind,0.531887,0.351832,0.531887,0.510718,bird_or_insect,0.217884,0.314003,0.55,0.814003,clap_scoring_window,48000,1,15.0,-25.697,-9.044,0.0,true,pending_22050hz_export,22050,1,wav,0.55,wind_env_prior,/home/ubuntu/layer_b_site_weather_job/runs/mvp_pool_20260530_001/previews/0368_site257_1401564_001954_001969.mp3,/home/ubuntu/layer_b_site_weather_job/runs/mvp_pool_20260530_001/windows_wav/0368_site257_1401564_001954_001969.wav,s3://eco-acoustic-data.store.adelaideuni.cloud/dataset/original/site_257_bowra-dry-a/downloaded_clips/site_257_item_1401564/site_257_item_1401564_clip_007.webm,site_257_item_1401564/site_257_item_1401564_clip_007.webm,257,1401564,1401564,2023-10-22T22:00:00.000Z,morning,2023-10-23,007,2053165,154.0,1954.0,15.0,0.0,0.0,2.7,5.25,31.83,21.26,,,,,,backup,wind_backup_maybe,wind,medium,wind_present_but_not_clean,medium,false,export_22050hz_wav_after_spot_check,site_weather_candidate_pool_v0.2,decision_not_selected,site_weather_candidate_promotion_v0.1
site257_215469_000125_000140,99,0.589434,candidate,wind,0.541515,0.024058,wind,0.541515,0.318986,0.541515,0.517457,human_or_machine,0.266769,0.274746,0.55,0.774746,clap_scoring_window,48000,1,15.0,-30.523,-10.477,0.0,true,pending_22050hz_export,22050,1,wav,0.55,wind_env_prior,/home/ubuntu/layer_b_site_weather_job/runs/mvp_pool_20260530_001/previews/0254_site257_215469_000125_000140.mp3,/home/ubuntu/layer_b_site_weather_job/runs/mvp_pool_20260530_001/windows_wav/0254_site257_215469_000125_000140.wav,s3://eco-acoustic-data.store.adelaideuni.cloud/dataset/original/site_257_bowra-dry-a/downloaded_clips/site_257_item_215469/site_257_item_215469_clip_001.webm,site_257_item_215469/site_257_item_215469_clip_001.webm,257,215469,215469,2020-01-10T04:00:00.000Z,afternoon,2020-01-10,001,2022496,125.0,125.0,15.0,0.0,0.0,4.81,8.53,10.41,47.62,,,,,,backup,wind_backup_maybe,wind,heavy,wind_present_but_not_clean,medium,false,export_22050hz_wav_after_spot_check,site_weather_candidate_pool_v0.2,decision_not_selected,site_weather_candidate_promotion_v0.1
site257_215473_002356_002371,100,0.585981,candidate,wind,0.531737,0.048587,wind,0.531737,0.312483,0.531737,0.48315,human_or_machine,0.242476,0.289261,0.55,0.789261,clap_scoring_window,48000,1,15.0,-32.116,-12.52,0.0,true,pending_22050hz_export,22050,1,wav,0.55,wind_env_prior,/home/ubuntu/layer_b_site_weather_job/runs/mvp_pool_20260530_001/previews/0257_site257_215473_002356_002371.mp3,/home/ubuntu/layer_b_site_weather_job/runs/mvp_pool_20260530_001/windows_wav/0257_site257_215473_002356_002371.wav,s3://eco-acoustic-data.store.adelaideuni.cloud/dataset/original/site_257_bowra-dry-a/downloaded_clips/site_257_item_215473/site_257_item_215473_clip_008.webm,site_257_item_215473/site_257_item_215473_clip_008.webm,257,215473,215473,2020-01-10T12:00:00.000Z,night,2020-01-10,008,2023183,256.0,2356.0,15.0,0.0,0.0,5.25,8.53,17.65,38.68,,,,,,backup,wind_backup_maybe,wind,heavy,wind_present_but_not_clean,medium,false,export_22050hz_wav_after_spot_check,site_weather_candidate_pool_v0.2,decision_not_selected,site_weather_candidate_promotion_v0.1
site257_1400016_001260_001275,107,0.578073,candidate,wind,0.529687,0.038579,wind,0.529687,0.358713,0.529687,0.491107,human_or_machine,0.273305,0.256381,0.55,0.756381,clap_scoring_window,48000,1,15.0,-26.391,-8.61,0.0,true,pending_22050hz_export,22050,1,wav,0.55,wind_env_prior,/home/ubuntu/layer_b_site_weather_job/runs/mvp_pool_20260530_001/previews/0347_site257_1400016_001260_001275.mp3,/home/ubuntu/layer_b_site_weather_job/runs/mvp_pool_20260530_001/windows_wav/0347_site257_1400016_001260_001275.wav,s3://eco-acoustic-data.store.adelaideuni.cloud/dataset/original/site_257_bowra-dry-a/downloaded_clips/site_257_item_1400016/site_257_item_1400016_clip_005.webm,site_257_item_1400016/site_257_item_1400016_clip_005.webm,257,1400016,1400016,2023-09-27T22:32:42.000Z,morning,2023-09-28,005,2036096,60.0,1260.0,15.0,0.0,0.0,3.91,6.34,30.41,19.7,,,,,,backup,wind_backup_maybe,wind,heavy,wind_present_but_not_clean,medium,false,export_22050hz_wav_after_spot_check,site_weather_candidate_pool_v0.2,decision_not_selected,site_weather_candidate_promotion_v0.1
site257_214836_002435_002450,115,0.56102,candidate,wind,0.521564,0.209076,wind,0.521564,0.280356,0.521564,0.312489,bird_or_insect,0.324046,0.197518,0.55,0.697518,clap_scoring_window,48000,1,15.0,-28.776,-11.067,0.0,true,pending_22050hz_export,22050,1,wav,0.55,wind_env_prior,/home/ubuntu/layer_b_site_weather_job/runs/mvp_pool_20260530_001/previews/0222_site257_214836_002435_002450.mp3,/home/ubuntu/layer_b_site_weather_job/runs/mvp_pool_20260530_001/windows_wav/0222_site257_214836_002435_002450.wav,s3://eco-acoustic-data.store.adelaideuni.cloud/dataset/original/site_257_bowra-dry-a/downloaded_clips/site_257_item_214836/site_257_item_214836_clip_009.webm,site_257_item_214836/site_257_item_214836_clip_009.webm,257,214836,214836,2019-11-17T22:00:00.000Z,morning,2019-11-18,009,2039904,35.0,2435.0,15.0,0.0,0.0,2.65,5.89,18.16,23.85,,,,,,backup,wind_with_bio_backup,wind,medium,wind_present_but_not_clean,medium,false,export_22050hz_wav_after_spot_check,site_weather_candidate_pool_v0.2,decision_not_selected,site_weather_candidate_promotion_v0.1
site257_445765_005052_005067,118,0.555942,candidate,wind,0.472825,0.053784,wind,0.472825,0.419041,0.472825,0.30621,bird_or_insect,0.329799,0.143026,0.8,0.643026,clap_scoring_window,48000,1,15.0,-35.804,-20.039,0.0,true,pending_22050hz_export,22050,1,wav,0.8,wind_env_prior,/home/ubuntu/layer_b_site_weather_job/runs/mvp_pool_20260530_001/previews/0155_site257_445765_005052_005067.mp3,/home/ubuntu/layer_b_site_weather_job/runs/mvp_pool_20260530_001/windows_wav/0155_site257_445765_005052_005067.wav,s3://eco-acoustic-data.store.adelaideuni.cloud/dataset/original/site_257_bowra-dry-a/downloaded_clips/site_257_item_445765/site_257_item_445765_clip_017.webm,site_257_item_445765/site_257_item_445765_clip_017.webm,257,445765,445765,2020-09-18T22:00:00.000Z,morning,2020-09-19,017,2083432,252.0,5052.0,15.0,0.0,0.0,7.04,6.26,57.36,20.85,,,,,,backup,wind_with_bio_backup,wind,heavy,wind_present_but_not_clean,medium,false,export_22050hz_wav_after_spot_check,site_weather_candidate_pool_v0.2,decision_not_selected,site_weather_candidate_promotion_v0.1
site257_445759_006045_006060,119,0.555041,candidate,wind,0.491882,0.04516,wind,0.491882,0.446723,0.491882,0.40162,human_or_machine,0.227792,0.26409,0.55,0.76409,clap_scoring_window,48000,1,15.0,-28.842,-11.924,0.0,true,pending_22050hz_export,22050,1,wav,0.55,wind_env_prior,/home/ubuntu/layer_b_site_weather_job/runs/mvp_pool_20260530_001/previews/0319_site257_445759_006045_006060.mp3,/home/ubuntu/layer_b_site_weather_job/runs/mvp_pool_20260530_001/windows_wav/0319_site257_445759_006045_006060.wav,s3://eco-acoustic-data.store.adelaideuni.cloud/dataset/original/site_257_bowra-dry-a/downloaded_clips/site_257_item_445759/site_257_item_445759_clip_021.webm,site_257_item_445759/site_257_item_445759_clip_021.webm,257,445759,445759,2020-09-18T20:00:00.000Z,dawn,2020-09-19,021,2080609,45.0,6045.0,15.0,0.0,0.0,5.45,6.26,58.81,18.71,,,,,,backup,wind_backup_maybe,wind,heavy,wind_present_but_not_clean,medium,false,export_22050hz_wav_after_spot_check,site_weather_candidate_pool_v0.2,decision_not_selected,site_weather_candidate_promotion_v0.1
site257_215185_006843_006858,122,0.550291,candidate,wind,0.482149,0.023268,wind,0.482149,0.311204,0.482149,0.458881,human_or_machine,0.210179,0.27197,0.55,0.77197,clap_scoring_window,48000,1,15.0,-8.835,0.0,0.022143,true,pending_22050hz_export,22050,1,wav,0.55,wind_env_prior,/home/ubuntu/layer_b_site_weather_job/runs/mvp_pool_20260530_001/previews/0241_site257_215185_006843_006858.mp3,/home/ubuntu/layer_b_site_weather_job/runs/mvp_pool_20260530_001/windows_wav/0241_site257_215185_006843_006858.wav,s3://eco-acoustic-data.store.adelaideuni.cloud/dataset/original/site_257_bowra-dry-a/downloaded_clips/site_257_item_215185/site_257_item_215185_clip_023.webm,site_257_item_215185/site_257_item_215185_clip_023.webm,257,215185,215185,2019-12-16T22:00:00.000Z,morning,2019-12-17,023,2060475,243.0,6843.0,15.0,0.0,0.0,4.58,5.98,26.09,30.85,,,,,,reject,reject,,,clipping_or_overload_risk,low,false,do_not_export,site_weather_candidate_pool_v0.2,export_action_not_enabled,site_weather_candidate_promotion_v0.1
site257_215192_004920_004935,125,0.548319,candidate,wind,0.5117,0.189114,wind,0.5117,0.282921,0.5117,0.322585,bird_or_insect,0.345629,0.166071,0.55,0.666071,clap_scoring_window,48000,1,15.0,-27.494,-9.56,0.0,true,pending_22050hz_export,22050,1,wav,0.55,wind_env_prior,/home/ubuntu/layer_b_site_weather_job/runs/mvp_pool_20260530_001/previews/0239_site257_215192_004920_004935.mp3,/home/ubuntu/layer_b_site_weather_job/runs/mvp_pool_20260530_001/windows_wav/0239_site257_215192_004920_004935.wav,s3://eco-acoustic-data.store.adelaideuni.cloud/dataset/original/site_257_bowra-dry-a/downloaded_clips/site_257_item_215192/site_257_item_215192_clip_017.webm,site_257_item_215192/site_257_item_215192_clip_017.webm,257,215192,215192,2019-12-16T20:00:00.000Z,dawn,2019-12-17,017,2044228,120.0,4920.0,15.0,0.0,0.0,4.28,5.98,29.41,24.57,,,,,,backup,wind_with_bio_backup,wind,medium,wind_present_but_not_clean,medium,false,export_22050hz_wav_after_spot_check,site_weather_candidate_pool_v0.2,decision_not_selected,site_weather_candidate_promotion_v0.1
site257_5493_004202_004217,128,0.54527,candidate,wind,0.470525,0.189857,wind,0.470525,0.280667,0.470525,0.271578,bird_or_insect,0.373381,0.097144,0.8,0.597144,clap_scoring_window,48000,1,15.0,-35.197,-15.105,0.0,true,pending_22050hz_export,22050,1,wav,0.8,wind_env_prior,/home/ubuntu/layer_b_site_weather_job/runs/mvp_pool_20260530_001/previews/0147_site257_5493_004202_004217.mp3,/home/ubuntu/layer_b_site_weather_job/runs/mvp_pool_20260530_001/windows_wav/0147_site257_5493_004202_004217.wav,s3://eco-acoustic-data.store.adelaideuni.cloud/dataset/original/site_257_bowra-dry-a/downloaded_clips/site_257_item_5493/site_257_item_5493_clip_015.webm,site_257_item_5493/site_257_item_5493_clip_015.webm,257,5493,5493,2019-08-18T04:00:00.000Z,afternoon,2019-08-18,015,2035702,2.0,4202.0,15.0,0.0,0.0,6.43,7.07,12.77,30.33,,,,,,backup,wind_with_bio_backup,wind,heavy,wind_present_but_not_clean,medium,false,export_22050hz_wav_after_spot_check,site_weather_candidate_pool_v0.2,decision_not_selected,site_weather_candidate_promotion_v0.1
site257_5489_001610_001625,129,0.54184,candidate,wind,0.500512,0.176704,wind,0.500512,0.289887,0.500512,0.323808,bird_or_insect,0.330474,0.170038,0.55,0.670038,clap_scoring_window,48000,1,15.0,-33.147,-11.608,0.0,true,pending_22050hz_export,22050,1,wav,0.55,wind_env_prior,/home/ubuntu/layer_b_site_weather_job/runs/mvp_pool_20260530_001/previews/0179_site257_5489_001610_001625.mp3,/home/ubuntu/layer_b_site_weather_job/runs/mvp_pool_20260530_001/windows_wav/0179_site257_5489_001610_001625.wav,s3://eco-acoustic-data.store.adelaideuni.cloud/dataset/original/site_257_bowra-dry-a/downloaded_clips/site_257_item_5489/site_257_item_5489_clip_006.webm,site_257_item_5489/site_257_item_5489_clip_006.webm,257,5489,5489,2019-08-17T22:00:00.000Z,morning,2019-08-18,006,2032207,110.0,1610.0,15.0,0.0,0.0,4.24,2.24,28.08,14.43,,,,,,backup,wind_with_bio_backup,wind,medium,wind_present_but_not_clean,medium,false,export_22050hz_wav_after_spot_check,site_weather_candidate_pool_v0.2,decision_not_selected,site_weather_candidate_promotion_v0.1
site257_4881_003423_003438,130,0.541117,candidate,wind,0.499397,0.173455,wind,0.499397,0.325942,0.499397,0.215,bird_or_insect,0.329355,0.170042,0.55,0.670042,clap_scoring_window,48000,1,15.0,-42.264,-29.278,0.0,true,pending_22050hz_export,22050,1,wav,0.55,wind_env_prior,/home/ubuntu/layer_b_site_weather_job/runs/mvp_pool_20260530_001/previews/0198_site257_4881_003423_003438.mp3,/home/ubuntu/layer_b_site_weather_job/runs/mvp_pool_20260530_001/windows_wav/0198_site257_4881_003423_003438.wav,s3://eco-acoustic-data.store.adelaideuni.cloud/dataset/original/site_257_bowra-dry-a/downloaded_clips/site_257_item_4881/site_257_item_4881_clip_012.webm,site_257_item_4881/site_257_item_4881_clip_012.webm,257,4881,4881,2019-10-03T20:00:00.000Z,dawn,2019-10-04,012,2047653,123.0,3423.0,15.0,0.0,0.0,2.1,4.1,33.1,17.74,,,,,,backup,wind_with_bio_backup,wind,medium,wind_present_but_not_clean,medium,false,export_22050hz_wav_after_spot_check,site_weather_candidate_pool_v0.2,decision_not_selected,site_weather_candidate_promotion_v0.1
site257_1399606_006613_006628,133,0.538761,candidate,wind,0.490452,0.049284,wind,0.490452,0.353718,0.490452,0.441168,human_or_machine,0.303115,0.187337,0.55,0.687337,clap_scoring_window,48000,1,15.0,-36.099,-18.821,0.0,true,pending_22050hz_export,22050,1,wav,0.55,wind_env_prior,/home/ubuntu/layer_b_site_weather_job/runs/mvp_pool_20260530_001/previews/0337_site257_1399606_006613_006628.mp3,/home/ubuntu/layer_b_site_weather_job/runs/mvp_pool_20260530_001/windows_wav/0337_site257_1399606_006613_006628.wav,s3://eco-acoustic-data.store.adelaideuni.cloud/dataset/original/site_257_bowra-dry-a/downloaded_clips/site_257_item_1399606/site_257_item_1399606_clip_023.webm,site_257_item_1399606/site_257_item_1399606_clip_023.webm,257,1399606,1399606,2023-09-11T22:00:00.000Z,morning,2023-09-12,023,2029315,13.0,6613.0,15.0,0.0,0.0,2.38,3.79,35.22,14.04,,,,,,backup,wind_backup_maybe,wind,medium,wind_present_but_not_clean,medium,false,export_22050hz_wav_after_spot_check,site_weather_candidate_pool_v0.2,decision_not_selected,site_weather_candidate_promotion_v0.1
site257_214655_001377_001392,136,0.536529,candidate,wind,0.456298,0.059675,wind,0.456298,0.301179,0.456298,0.396623,bird_or_insect,0.356624,0.099674,0.8,0.599674,clap_scoring_window,48000,1,15.0,-33.224,-13.575,0.0,true,pending_22050hz_export,22050,1,wav,0.8,storm_env_prior,/home/ubuntu/layer_b_site_weather_job/runs/mvp_pool_20260530_001/previews/0149_site257_214655_001377_001392.mp3,/home/ubuntu/layer_b_site_weather_job/runs/mvp_pool_20260530_001/windows_wav/0149_site257_214655_001377_001392.wav,s3://eco-acoustic-data.store.adelaideuni.cloud/dataset/original/site_257_bowra-dry-a/downloaded_clips/site_257_item_214655/site_257_item_214655_clip_005.webm,site_257_item_214655/site_257_item_214655_clip_005.webm,257,214655,214655,2019-11-02T22:00:00.000Z,morning,2019-11-03,005,2044341,177.0,1377.0,15.0,81.37,5.02,7.1,7.79,51.58,24.91,,,,,,backup,wind_with_bio_backup,wind,heavy,wind_present_but_not_clean,medium,false,export_22050hz_wav_after_spot_check,site_weather_candidate_pool_v0.2,decision_not_selected,site_weather_candidate_promotion_v0.1
site257_1402288_001777_001792,139,0.533616,candidate,wind,0.447494,0.123158,wind,0.447494,0.167208,0.447494,0.324336,bird_or_insect,0.333771,0.113723,0.8,0.613723,clap_scoring_window,48000,1,15.0,-15.893,0.0,0.000506,true,pending_22050hz_export,22050,1,wav,0.8,wind_env_prior,/home/ubuntu/layer_b_site_weather_job/runs/mvp_pool_20260530_001/previews/0164_site257_1402288_001777_001792.mp3,/home/ubuntu/layer_b_site_weather_job/runs/mvp_pool_20260530_001/windows_wav/0164_site257_1402288_001777_001792.wav,s3://eco-acoustic-data.store.adelaideuni.cloud/dataset/original/site_257_bowra-dry-a/downloaded_clips/site_257_item_1402288/site_257_item_1402288_clip_006.webm,site_257_item_1402288/site_257_item_1402288_clip_006.webm,257,1402288,1402288,2023-12-25T04:00:00.000Z,afternoon,2023-12-25,006,2132935,277.0,1777.0,15.0,0.0,0.0,6.75,6.91,12.05,32.05,,,,,,backup,wind_with_bio_backup,wind,heavy,wind_present_but_not_clean,medium,false,export_22050hz_wav_after_spot_check,site_weather_candidate_pool_v0.2,decision_not_selected,site_weather_candidate_promotion_v0.1
site257_216088_003695_003710,140,0.532554,candidate,wind,0.492958,0.103859,wind,0.492958,0.3891,0.492958,0.271557,bird_or_insect,0.344804,0.148154,0.55,0.648154,clap_scoring_window,48000,1,15.0,-36.851,-22.202,0.0,true,pending_22050hz_export,22050,1,wav,0.55,wind_env_prior,/home/ubuntu/layer_b_site_weather_job/runs/mvp_pool_20260530_001/previews/0267_site257_216088_003695_003710.mp3,/home/ubuntu/layer_b_site_weather_job/runs/mvp_pool_20260530_001/windows_wav/0267_site257_216088_003695_003710.wav,s3://eco-acoustic-data.store.adelaideuni.cloud/dataset/original/site_257_bowra-dry-a/downloaded_clips/site_257_item_216088/site_257_item_216088_clip_013.webm,site_257_item_216088/site_257_item_216088_clip_013.webm,257,216088,216088,2020-03-01T22:00:00.000Z,morning,2020-03-02,013,2039065,95.0,3695.0,15.0,0.03,0.0,2.63,3.29,23.77,30.69,,,,,,backup,wind_with_bio_backup,wind,medium,wind_present_but_not_clean,medium,false,export_22050hz_wav_after_spot_check,site_weather_candidate_pool_v0.2,decision_not_selected,site_weather_candidate_promotion_v0.1
site257_215469_000529_000544,144,0.527374,candidate,wind,0.484401,0.090786,wind,0.484401,0.276919,0.484401,0.393614,bird_or_insect,0.334332,0.150069,0.55,0.650069,clap_scoring_window,48000,1,15.0,-39.863,-18.739,0.0,true,pending_22050hz_export,22050,1,wav,0.55,wind_env_prior,/home/ubuntu/layer_b_site_weather_job/runs/mvp_pool_20260530_001/previews/0255_site257_215469_000529_000544.mp3,/home/ubuntu/layer_b_site_weather_job/runs/mvp_pool_20260530_001/windows_wav/0255_site257_215469_000529_000544.wav,s3://eco-acoustic-data.store.adelaideuni.cloud/dataset/original/site_257_bowra-dry-a/downloaded_clips/site_257_item_215469/site_257_item_215469_clip_002.webm,site_257_item_215469/site_257_item_215469_clip_002.webm,257,215469,215469,2020-01-10T04:00:00.000Z,afternoon,2020-01-10,002,2024384,229.0,529.0,15.0,0.0,0.0,4.81,8.53,10.41,47.62,,,,,,backup,wind_with_bio_backup,wind,heavy,wind_present_but_not_clean,medium,false,export_22050hz_wav_after_spot_check,site_weather_candidate_pool_v0.2,decision_not_selected,site_weather_candidate_promotion_v0.1
site257_5495_006662_006677,145,0.52615,candidate,wind,0.483484,0.207483,wind,0.483484,0.276001,0.483484,0.217996,bird_or_insect,0.336556,0.146928,0.55,0.646928,clap_scoring_window,48000,1,15.0,-44.617,-30.035,0.0,true,pending_22050hz_export,22050,1,wav,0.55,wind_env_prior,/home/ubuntu/layer_b_site_weather_job/runs/mvp_pool_20260530_001/previews/0177_site257_5495_006662_006677.mp3,/home/ubuntu/layer_b_site_weather_job/runs/mvp_pool_20260530_001/windows_wav/0177_site257_5495_006662_006677.wav,s3://eco-acoustic-data.store.adelaideuni.cloud/dataset/original/site_257_bowra-dry-a/downloaded_clips/site_257_item_5495/site_257_item_5495_clip_023.webm,site_257_item_5495/site_257_item_5495_clip_023.webm,257,5495,5495,2019-08-17T20:00:00.000Z,dawn,2019-08-18,023,2027469,62.0,6662.0,15.0,0.0,0.0,2.95,2.24,38.0,9.52,,,,,,backup,wind_with_bio_backup,wind,light,wind_present_but_not_clean,medium,false,export_22050hz_wav_after_spot_check,site_weather_candidate_pool_v0.2,decision_not_selected,site_weather_candidate_promotion_v0.1
site257_216301_001424_001439,148,0.523831,candidate,wind,0.481239,0.131884,wind,0.481239,0.24541,0.481239,0.349355,bird_or_insect,0.338615,0.142625,0.55,0.642625,clap_scoring_window,48000,1,15.0,-32.798,-17.867,0.0,true,pending_22050hz_export,22050,1,wav,0.55,wind_env_prior,/home/ubuntu/layer_b_site_weather_job/runs/mvp_pool_20260530_001/previews/0276_site257_216301_001424_001439.mp3,/home/ubuntu/layer_b_site_weather_job/runs/mvp_pool_20260530_001/windows_wav/0276_site257_216301_001424_001439.wav,s3://eco-acoustic-data.store.adelaideuni.cloud/dataset/original/site_257_bowra-dry-a/downloaded_clips/site_257_item_216301/site_257_item_216301_clip_005.webm,site_257_item_216301/site_257_item_216301_clip_005.webm,257,216301,216301,2020-03-21T04:00:00.000Z,afternoon,2020-03-21,005,2050464,224.0,1424.0,15.0,0.0,0.0,2.68,3.17,20.96,33.06,,,,,,backup,wind_with_bio_backup,wind,medium,wind_present_but_not_clean,medium,false,export_22050hz_wav_after_spot_check,site_weather_candidate_pool_v0.2,decision_not_selected,site_weather_candidate_promotion_v0.1
site257_1402574_001124_001139,150,0.521557,candidate,wind,0.437584,0.193036,wind,0.437584,0.244548,0.437584,0.233039,bird_or_insect,0.351947,0.085637,0.8,0.585637,clap_scoring_window,48000,1,15.0,-26.84,-5.895,0.0,true,pending_22050hz_export,22050,1,wav,0.8,wind_env_prior,/home/ubuntu/layer_b_site_weather_job/runs/mvp_pool_20260530_001/previews/0170_site257_1402574_001124_001139.mp3,/home/ubuntu/layer_b_site_weather_job/runs/mvp_pool_20260530_001/windows_wav/0170_site257_1402574_001124_001139.wav,s3://eco-acoustic-data.store.adelaideuni.cloud/dataset/original/site_257_bowra-dry-a/downloaded_clips/site_257_item_1402574/site_257_item_1402574_clip_004.webm,site_257_item_1402574/site_257_item_1402574_clip_004.webm,257,1402574,1402574,2024-03-05T22:00:00.000Z,morning,2024-03-06,004,2085704,224.0,1124.0,15.0,0.0,0.0,6.01,4.06,42.81,30.68,,,,,,backup,wind_with_bio_backup,wind,heavy,wind_present_but_not_clean,medium,false,export_22050hz_wav_after_spot_check,site_weather_candidate_pool_v0.2,decision_not_selected,site_weather_candidate_promotion_v0.1
site257_1313190_000525_000540,152,0.517674,candidate,wind,0.475212,0.162265,wind,0.475212,0.312947,0.475212,0.229695,bird_or_insect,0.343778,0.131434,0.55,0.631434,clap_scoring_window,48000,1,15.0,-34.373,-11.149,0.0,true,pending_22050hz_export,22050,1,wav,0.55,storm_env_prior,/home/ubuntu/layer_b_site_weather_job/runs/mvp_pool_20260530_001/previews/0335_site257_1313190_000525_000540.mp3,/home/ubuntu/layer_b_site_weather_job/runs/mvp_pool_20260530_001/windows_wav/0335_site257_1313190_000525_000540.wav,s3://eco-acoustic-data.store.adelaideuni.cloud/dataset/original/site_257_bowra-dry-a/downloaded_clips/site_257_item_1313190/site_257_item_1313190_clip_002.webm,site_257_item_1313190/site_257_item_1313190_clip_002.webm,257,1313190,1313190,2023-04-29T04:00:00.000Z,afternoon,2023-04-29,002,2035549,225.0,525.0,15.0,24.75,8.71,3.44,8.03,51.39,19.55,,,,,,backup,wind_with_bio_backup,wind,heavy,wind_present_but_not_clean,medium,false,export_22050hz_wav_after_spot_check,site_weather_candidate_pool_v0.2,decision_not_selected,site_weather_candidate_promotion_v0.1
site257_445532_002841_002856,155,0.514753,candidate,wind,0.45018,0.044406,wind,0.45018,0.283615,0.45018,0.405774,human_or_machine,0.252001,0.198179,0.55,0.698179,clap_scoring_window,48000,1,15.0,-17.149,0.0,0.000396,true,pending_22050hz_export,22050,1,wav,0.55,wind_env_prior,/home/ubuntu/layer_b_site_weather_job/runs/mvp_pool_20260530_001/previews/0307_site257_445532_002841_002856.mp3,/home/ubuntu/layer_b_site_weather_job/runs/mvp_pool_20260530_001/windows_wav/0307_site257_445532_002841_002856.wav,s3://eco-acoustic-data.store.adelaideuni.cloud/dataset/original/site_257_bowra-dry-a/downloaded_clips/site_257_item_445532/site_257_item_445532_clip_010.webm,site_257_item_445532/site_257_item_445532_clip_010.webm,257,445532,445532,2020-08-31T04:00:00.000Z,afternoon,2020-08-31,010,2060828,141.0,2841.0,15.0,0.0,0.0,4.72,4.77,31.52,22.63,,,,,,backup,wind_backup_maybe,wind,medium,wind_present_but_not_clean,medium,false,export_22050hz_wav_after_spot_check,site_weather_candidate_pool_v0.2,decision_not_selected,site_weather_candidate_promotion_v0.1
site257_1402652_000237_000252,156,0.514332,candidate,wind,0.43301,0.153939,wind,0.43301,0.274826,0.43301,0.279071,bird_or_insect,0.368629,0.06438,0.8,0.56438,clap_scoring_window,48000,1,15.0,-30.509,-7.446,0.0,true,pending_22050hz_export,22050,1,wav,0.8,wind_env_prior,/home/ubuntu/layer_b_site_weather_job/runs/mvp_pool_20260530_001/previews/0168_site257_1402652_000237_000252.mp3,/home/ubuntu/layer_b_site_weather_job/runs/mvp_pool_20260530_001/windows_wav/0168_site257_1402652_000237_000252.wav,s3://eco-acoustic-data.store.adelaideuni.cloud/dataset/original/site_257_bowra-dry-a/downloaded_clips/site_257_item_1402652/site_257_item_1402652_clip_001.webm,site_257_item_1402652/site_257_item_1402652_clip_001.webm,257,1402652,1402652,2024-01-01T22:00:00.000Z,morning,2024-01-02,001,2099359,237.0,237.0,15.0,2.25,0.04,6.0,7.69,45.49,30.32,,,,,,backup,wind_with_bio_backup,wind,heavy,wind_present_but_not_clean,medium,false,export_22050hz_wav_after_spot_check,site_weather_candidate_pool_v0.2,decision_not_selected,site_weather_candidate_promotion_v0.1
site257_5489_004951_004966,158,0.511943,candidate,wind,0.469864,0.14016,wind,0.469864,0.24528,0.469864,0.329704,bird_or_insect,0.349707,0.120157,0.55,0.620157,clap_scoring_window,48000,1,15.0,-28.399,-8.153,0.0,true,pending_22050hz_export,22050,1,wav,0.55,wind_env_prior,/home/ubuntu/layer_b_site_weather_job/runs/mvp_pool_20260530_001/previews/0180_site257_5489_004951_004966.mp3,/home/ubuntu/layer_b_site_weather_job/runs/mvp_pool_20260530_001/windows_wav/0180_site257_5489_004951_004966.wav,s3://eco-acoustic-data.store.adelaideuni.cloud/dataset/original/site_257_bowra-dry-a/downloaded_clips/site_257_item_5489/site_257_item_5489_clip_017.webm,site_257_item_5489/site_257_item_5489_clip_017.webm,257,5489,5489,2019-08-17T22:00:00.000Z,morning,2019-08-18,017,2039602,151.0,4951.0,15.0,0.0,0.0,4.24,2.24,28.08,14.43,,,,,,backup,wind_with_bio_backup,wind,medium,wind_present_but_not_clean,medium,false,export_22050hz_wav_after_spot_check,site_weather_candidate_pool_v0.2,decision_not_selected,site_weather_candidate_promotion_v0.1
site257_5425_005337_005352,160,0.510489,candidate,wind,0.470365,0.135094,wind,0.470365,0.232982,0.470365,0.335271,bird_or_insect,0.359106,0.11126,0.55,0.61126,clap_scoring_window,48000,1,15.0,-22.629,-6.086,0.0,true,pending_22050hz_export,22050,1,wav,0.55,wind_env_prior,/home/ubuntu/layer_b_site_weather_job/runs/mvp_pool_20260530_001/previews/0187_site257_5425_005337_005352.mp3,/home/ubuntu/layer_b_site_weather_job/runs/mvp_pool_20260530_001/windows_wav/0187_site257_5425_005337_005352.wav,s3://eco-acoustic-data.store.adelaideuni.cloud/dataset/original/site_257_bowra-dry-a/downloaded_clips/site_257_item_5425/site_257_item_5425_clip_018.webm,site_257_item_5425/site_257_item_5425_clip_018.webm,257,5425,5425,2019-09-22T22:00:00.000Z,morning,2019-09-23,018,2042384,237.0,5337.0,15.0,0.0,0.0,4.1,4.61,29.25,16.39,,,,,,backup,wind_with_bio_backup,wind,medium,wind_present_but_not_clean,medium,false,export_22050hz_wav_after_spot_check,site_weather_candidate_pool_v0.2,decision_not_selected,site_weather_candidate_promotion_v0.1
site257_214659_006524_006539,161,0.526596,maybe_target_confused_with_other_weather,thunder,0.497365,-0.002285,wind,0.49965,0.370832,0.49965,0.497365,bird_or_insect,0.242177,0.255188,0.35,0.755188,clap_scoring_window,48000,1,15.0,-17.993,0.0,0.000976,true,pending_22050hz_export,22050,1,wav,0.35,storm_env_prior,/home/ubuntu/layer_b_site_weather_job/runs/mvp_pool_20260530_001/previews/0387_site257_214659_006524_006539.mp3,/home/ubuntu/layer_b_site_weather_job/runs/mvp_pool_20260530_001/windows_wav/0387_site257_214659_006524_006539.wav,s3://eco-acoustic-data.store.adelaideuni.cloud/dataset/original/site_257_bowra-dry-a/downloaded_clips/site_257_item_214659/site_257_item_214659_clip_022.webm,site_257_item_214659/site_257_item_214659_clip_022.webm,257,214659,214659,2019-11-03T04:00:00.000Z,afternoon,2019-11-03,022,2044151,224.0,6524.0,15.0,220.58,77.69,4.79,7.1,84.44,22.3,,,,,,backup,storm_rain_wind_backup,rain+wind,mixed,site_thunder_not_reliable_in_mvp,medium,false,do_not_export,site_weather_candidate_pool_v0.2,export_action_not_enabled,site_weather_candidate_promotion_v0.1
site257_1313184_000544_000559,162,0.507005,maybe_target_confused_with_other_weather,thunder,0.470257,-0.027069,wind,0.497326,0.379577,0.497326,0.470257,human_or_machine,0.212531,0.257725,0.35,0.757725,clap_scoring_window,48000,1,15.0,-23.711,-2.262,0.0,true,pending_22050hz_export,22050,1,wav,0.35,storm_env_prior,/home/ubuntu/layer_b_site_weather_job/runs/mvp_pool_20260530_001/previews/0392_site257_1313184_000544_000559.mp3,/home/ubuntu/layer_b_site_weather_job/runs/mvp_pool_20260530_001/windows_wav/0392_site257_1313184_000544_000559.wav,s3://eco-acoustic-data.store.adelaideuni.cloud/dataset/original/site_257_bowra-dry-a/downloaded_clips/site_257_item_1313184/site_257_item_1313184_clip_002.webm,site_257_item_1313184/site_257_item_1313184_clip_002.webm,257,1313184,1313184,2023-04-28T20:06:08.000Z,dawn,2023-04-29,002,2052742,244.0,544.0,15.0,5.88,0.06,6.01,4.88,81.07,14.53,,,,,,backup,storm_rain_wind_backup,rain+wind,mixed,site_thunder_not_reliable_in_mvp,medium,false,do_not_export,site_weather_candidate_pool_v0.2,export_action_not_enabled,site_weather_candidate_promotion_v0.1
site257_1313184_000679_000694,163,0.493771,reject_target_outcompeted_by_other_weather,thunder,0.46301,-0.044737,wind,0.507747,0.405226,0.507747,0.46301,human_or_machine,0.239069,0.223942,0.35,0.723942,clap_scoring_window,48000,1,15.0,-29.347,-11.813,0.0,true,pending_22050hz_export,22050,1,wav,0.35,storm_env_prior,/home/ubuntu/layer_b_site_weather_job/runs/mvp_pool_20260530_001/previews/0390_site257_1313184_000679_000694.mp3,/home/ubuntu/layer_b_site_weather_job/runs/mvp_pool_20260530_001/windows_wav/0390_site257_1313184_000679_000694.wav,s3://eco-acoustic-data.store.adelaideuni.cloud/dataset/original/site_257_bowra-dry-a/downloaded_clips/site_257_item_1313184/site_257_item_1313184_clip_003.webm,site_257_item_1313184/site_257_item_1313184_clip_003.webm,257,1313184,1313184,2023-04-28T20:06:08.000Z,dawn,2023-04-29,003,2081547,79.0,679.0,15.0,5.88,0.06,6.01,4.88,81.07,14.53,,,,,,backup,storm_rain_wind_backup,rain+wind,mixed,site_thunder_not_reliable_in_mvp,medium,false,do_not_export,site_weather_candidate_pool_v0.2,export_action_not_enabled,site_weather_candidate_promotion_v0.1
site257_214659_000191_000206,164,0.450657,reject_target_outcompeted_by_other_weather,thunder,0.418621,-0.112309,wind,0.53093,0.388515,0.53093,0.418621,human_or_machine,0.232202,0.186419,0.35,0.686419,clap_scoring_window,48000,1,15.0,-29.285,-6.225,0.0,true,pending_22050hz_export,22050,1,wav,0.35,storm_env_prior,/home/ubuntu/layer_b_site_weather_job/runs/mvp_pool_20260530_001/previews/0389_site257_214659_000191_000206.mp3,/home/ubuntu/layer_b_site_weather_job/runs/mvp_pool_20260530_001/windows_wav/0389_site257_214659_000191_000206.wav,s3://eco-acoustic-data.store.adelaideuni.cloud/dataset/original/site_257_bowra-dry-a/downloaded_clips/site_257_item_214659/site_257_item_214659_clip_001.webm,site_257_item_214659/site_257_item_214659_clip_001.webm,257,214659,214659,2019-11-03T04:00:00.000Z,afternoon,2019-11-03,001,2048256,191.0,191.0,15.0,220.58,77.69,4.79,7.1,84.44,22.3,,,,,,backup,storm_rain_wind_backup,rain+wind,mixed,site_thunder_not_reliable_in_mvp,medium,false,do_not_export,site_weather_candidate_pool_v0.2,export_action_not_enabled,site_weather_candidate_promotion_v0.1
site257_214659_006435_006450,165,0.413867,reject_target_outcompeted_by_other_weather,thunder,0.381508,-0.150676,wind,0.532184,0.375354,0.532184,0.381508,human_or_machine,0.239235,0.142273,0.35,0.642273,clap_scoring_window,48000,1,15.0,-23.318,-4.298,0.0,true,pending_22050hz_export,22050,1,wav,0.35,storm_env_prior,/home/ubuntu/layer_b_site_weather_job/runs/mvp_pool_20260530_001/previews/0388_site257_214659_006435_006450.mp3,/home/ubuntu/layer_b_site_weather_job/runs/mvp_pool_20260530_001/windows_wav/0388_site257_214659_006435_006450.wav,s3://eco-acoustic-data.store.adelaideuni.cloud/dataset/original/site_257_bowra-dry-a/downloaded_clips/site_257_item_214659/site_257_item_214659_clip_022.webm,site_257_item_214659/site_257_item_214659_clip_022.webm,257,214659,214659,2019-11-03T04:00:00.000Z,afternoon,2019-11-03,022,2044151,135.0,6435.0,15.0,220.58,77.69,4.79,7.1,84.44,22.3,,,,,,backup,storm_rain_wind_backup,rain+wind,mixed,site_thunder_not_reliable_in_mvp,medium,false,do_not_export,site_weather_candidate_pool_v0.2,export_action_not_enabled,site_weather_candidate_promotion_v0.1
site257_214655_003547_003562,166,0.360377,reject_thunder_without_clear_audio_confirmation,thunder,0.328166,-0.170809,wind,0.498975,0.33169,0.498975,0.328166,bird_or_insect,0.269918,0.058248,0.35,0.558248,clap_scoring_window,48000,1,15.0,-29.017,-9.237,0.0,true,pending_22050hz_export,22050,1,wav,0.35,storm_env_prior,/home/ubuntu/layer_b_site_weather_job/runs/mvp_pool_20260530_001/previews/0385_site257_214655_003547_003562.mp3,/home/ubuntu/layer_b_site_weather_job/runs/mvp_pool_20260530_001/windows_wav/0385_site257_214655_003547_003562.wav,s3://eco-acoustic-data.store.adelaideuni.cloud/dataset/original/site_257_bowra-dry-a/downloaded_clips/site_257_item_214655/site_257_item_214655_clip_012.webm,site_257_item_214655/site_257_item_214655_clip_012.webm,257,214655,214655,2019-11-02T22:00:00.000Z,morning,2019-11-03,012,2029410,247.0,3547.0,15.0,81.37,5.02,7.1,7.79,51.58,24.91,,,,,,backup,storm_rain_wind_backup,rain+wind,mixed,site_thunder_not_reliable_in_mvp,medium,false,do_not_export,site_weather_candidate_pool_v0.2,export_action_not_enabled,site_weather_candidate_promotion_v0.1
site257_1313184_000215_000230,167,0.348445,reject_thunder_without_clear_audio_confirmation,thunder,0.318504,-0.21952,wind,0.538024,0.33584,0.538024,0.318504,human_or_machine,0.264155,0.054348,0.35,0.554348,clap_scoring_window,48000,1,15.0,-41.389,-25.036,0.0,true,pending_22050hz_export,22050,1,wav,0.35,storm_env_prior,/home/ubuntu/layer_b_site_weather_job/runs/mvp_pool_20260530_001/previews/0391_site257_1313184_000215_000230.mp3,/home/ubuntu/layer_b_site_weather_job/runs/mvp_pool_20260530_001/windows_wav/0391_site257_1313184_000215_000230.wav,s3://eco-acoustic-data.store.adelaideuni.cloud/dataset/original/site_257_bowra-dry-a/downloaded_clips/site_257_item_1313184/site_257_item_1313184_clip_001.webm,site_257_item_1313184/site_257_item_1313184_clip_001.webm,257,1313184,1313184,2023-04-28T20:06:08.000Z,dawn,2023-04-29,001,2042330,215.0,215.0,15.0,5.88,0.06,6.01,4.88,81.07,14.53,,,,,,backup,storm_rain_wind_backup,rain+wind,mixed,site_thunder_not_reliable_in_mvp,medium,false,do_not_export,site_weather_candidate_pool_v0.2,export_action_not_enabled,site_weather_candidate_promotion_v0.1
site257_1313190_004951_004966,168,0.338909,reject_thunder_without_clear_audio_confirmation,thunder,0.321445,-0.15162,wind,0.473065,0.276216,0.473065,0.321445,bird_or_insect,0.339866,-0.018421,0.35,0.481579,clap_scoring_window,48000,1,15.0,-33.689,-17.158,0.0,true,pending_22050hz_export,22050,1,wav,0.35,storm_env_prior,/home/ubuntu/layer_b_site_weather_job/runs/mvp_pool_20260530_001/previews/0393_site257_1313190_004951_004966.mp3,/home/ubuntu/layer_b_site_weather_job/runs/mvp_pool_20260530_001/windows_wav/0393_site257_1313190_004951_004966.wav,s3://eco-acoustic-data.store.adelaideuni.cloud/dataset/original/site_257_bowra-dry-a/downloaded_clips/site_257_item_1313190/site_257_item_1313190_clip_017.webm,site_257_item_1313190/site_257_item_1313190_clip_017.webm,257,1313190,1313190,2023-04-29T04:00:00.000Z,afternoon,2023-04-29,017,2090989,151.0,4951.0,15.0,24.75,8.71,3.44,8.03,51.39,19.55,,,,,,backup,storm_rain_wind_backup,wind,heavy,site_thunder_not_reliable_in_mvp,medium,false,do_not_export,site_weather_candidate_pool_v0.2,export_action_not_enabled,site_weather_candidate_promotion_v0.1
site257_1313190_005524_005539,169,0.229108,reject_thunder_without_clear_audio_confirmation,thunder,0.231122,-0.152415,wind,0.383537,0.226501,0.383537,0.231122,bird_or_insect,0.377071,-0.145949,0.35,0.354051,clap_scoring_window,48000,1,15.0,-33.984,-17.702,0.0,true,pending_22050hz_export,22050,1,wav,0.35,storm_env_prior,/home/ubuntu/layer_b_site_weather_job/runs/mvp_pool_20260530_001/previews/0395_site257_1313190_005524_005539.mp3,/home/ubuntu/layer_b_site_weather_job/runs/mvp_pool_20260530_001/windows_wav/0395_site257_1313190_005524_005539.wav,s3://eco-acoustic-data.store.adelaideuni.cloud/dataset/original/site_257_bowra-dry-a/downloaded_clips/site_257_item_1313190/site_257_item_1313190_clip_019.webm,site_257_item_1313190/site_257_item_1313190_clip_019.webm,257,1313190,1313190,2023-04-29T04:00:00.000Z,afternoon,2023-04-29,019,2247092,124.0,5524.0,15.0,24.75,8.71,3.44,8.03,51.39,19.55,,,,,,reject,reject,,,site_thunder_not_reliable_in_mvp,low,false,do_not_export,site_weather_candidate_pool_v0.2,export_action_not_enabled,site_weather_candidate_promotion_v0.1
site257_1313190_004200_004215,170,0.202014,reject_thunder_without_clear_audio_confirmation,thunder,0.198348,-0.083889,wind,0.282237,0.191249,0.282237,0.198348,bird_or_insect,0.375905,-0.177557,0.35,0.322443,clap_scoring_window,48000,1,14.988,-34.954,-17.297,0.0,true,pending_22050hz_export,22050,1,wav,0.35,storm_env_prior,/home/ubuntu/layer_b_site_weather_job/runs/mvp_pool_20260530_001/previews/0394_site257_1313190_004200_004215.mp3,/home/ubuntu/layer_b_site_weather_job/runs/mvp_pool_20260530_001/windows_wav/0394_site257_1313190_004200_004215.wav,s3://eco-acoustic-data.store.adelaideuni.cloud/dataset/original/site_257_bowra-dry-a/downloaded_clips/site_257_item_1313190/site_257_item_1313190_clip_015.webm,site_257_item_1313190/site_257_item_1313190_clip_015.webm,257,1313190,1313190,2023-04-29T04:00:00.000Z,afternoon,2023-04-29,015,2218399,0.0,4200.0,15.0,24.75,8.71,3.44,8.03,51.39,19.55,,,,,,reject,reject,,,site_thunder_not_reliable_in_mvp,low,false,do_not_export,site_weather_candidate_pool_v0.2,export_action_not_enabled,site_weather_candidate_promotion_v0.1
site257_214655_006041_006056,171,0.169639,reject_thunder_without_clear_audio_confirmation,thunder,0.195354,-0.195395,wind,0.390749,0.235152,0.390749,0.195354,bird_or_insect,0.421109,-0.225754,0.35,0.274246,clap_scoring_window,48000,1,15.0,-36.856,-16.302,0.0,true,pending_22050hz_export,22050,1,wav,0.35,storm_env_prior,/home/ubuntu/layer_b_site_weather_job/runs/mvp_pool_20260530_001/previews/0384_site257_214655_006041_006056.mp3,/home/ubuntu/layer_b_site_weather_job/runs/mvp_pool_20260530_001/windows_wav/0384_site257_214655_006041_006056.wav,s3://eco-acoustic-data.store.adelaideuni.cloud/dataset/original/site_257_bowra-dry-a/downloaded_clips/site_257_item_214655/site_257_item_214655_clip_021.webm,site_257_item_214655/site_257_item_214655_clip_021.webm,257,214655,214655,2019-11-02T22:00:00.000Z,morning,2019-11-03,021,2057437,41.0,6041.0,15.0,81.37,5.02,7.1,7.79,51.58,24.91,,,,,,reject,reject,,,site_thunder_not_reliable_in_mvp,low,false,do_not_export,site_weather_candidate_pool_v0.2,export_action_not_enabled,site_weather_candidate_promotion_v0.1
site257_1401415_000377_000392,172,0.162058,reject_thunder_without_clear_audio_confirmation,thunder,0.141457,-0.296298,rain,0.437755,0.437755,0.133034,0.141457,bird_or_insect,0.217103,-0.075646,0.2,0.424354,clap_scoring_window,48000,1,15.0,-33.752,-10.18,0.0,true,pending_22050hz_export,22050,1,wav,0.2,rain_env_prior,/home/ubuntu/layer_b_site_weather_job/runs/mvp_pool_20260530_001/previews/0396_site257_1401415_000377_000392.mp3,/home/ubuntu/layer_b_site_weather_job/runs/mvp_pool_20260530_001/windows_wav/0396_site257_1401415_000377_000392.wav,s3://eco-acoustic-data.store.adelaideuni.cloud/dataset/original/site_257_bowra-dry-a/downloaded_clips/site_257_item_1401415/site_257_item_1401415_clip_002.webm,site_257_item_1401415/site_257_item_1401415_clip_002.webm,257,1401415,1401415,2024-01-17T04:00:00.000Z,afternoon,2024-01-17,002,2434744,77.0,377.0,15.0,16.69,3.57,4.29,4.96,33.57,37.48,,,,,,reject,reject,,,site_thunder_not_reliable_in_mvp,low,false,do_not_export,site_weather_candidate_pool_v0.2,export_action_not_enabled,site_weather_candidate_promotion_v0.1
site257_214655_006336_006351,173,0.144856,reject_thunder_without_clear_audio_confirmation,thunder,0.161588,-0.225647,wind,0.387236,0.222052,0.387236,0.161588,bird_or_insect,0.386868,-0.22528,0.35,0.27472,clap_scoring_window,48000,1,15.0,-41.624,-24.495,0.0,true,pending_22050hz_export,22050,1,wav,0.35,storm_env_prior,/home/ubuntu/layer_b_site_weather_job/runs/mvp_pool_20260530_001/previews/0386_site257_214655_006336_006351.mp3,/home/ubuntu/layer_b_site_weather_job/runs/mvp_pool_20260530_001/windows_wav/0386_site257_214655_006336_006351.wav,s3://eco-acoustic-data.store.adelaideuni.cloud/dataset/original/site_257_bowra-dry-a/downloaded_clips/site_257_item_214655/site_257_item_214655_clip_022.webm,site_257_item_214655/site_257_item_214655_clip_022.webm,257,214655,214655,2019-11-02T22:00:00.000Z,morning,2019-11-03,022,2070621,36.0,6336.0,15.0,81.37,5.02,7.1,7.79,51.58,24.91,,,,,,reject,reject,,,site_thunder_not_reliable_in_mvp,low,false,do_not_export,site_weather_candidate_pool_v0.2,export_action_not_enabled,site_weather_candidate_promotion_v0.1
site257_1401247_001549_001564,174,0.136762,reject_thunder_without_clear_audio_confirmation,thunder,0.160283,-0.173301,wind,0.333584,0.105921,0.333584,0.160283,bird_or_insect,0.360513,-0.20023,0.2,0.29977,clap_scoring_window,48000,1,15.0,-22.628,-1.055,0.0,true,pending_22050hz_export,22050,1,wav,0.2,rain_env_prior,/home/ubuntu/layer_b_site_weather_job/runs/mvp_pool_20260530_001/previews/0400_site257_1401247_001549_001564.mp3,/home/ubuntu/layer_b_site_weather_job/runs/mvp_pool_20260530_001/windows_wav/0400_site257_1401247_001549_001564.wav,s3://eco-acoustic-data.store.adelaideuni.cloud/dataset/original/site_257_bowra-dry-a/downloaded_clips/site_257_item_1401247/site_257_item_1401247_clip_006.webm,site_257_item_1401247/site_257_item_1401247_clip_006.webm,257,1401247,1401247,2024-02-15T23:33:29.000Z,morning,2024-02-16,006,606978,49.0,1549.0,15.0,13.03,4.53,4.31,4.21,50.51,30.45,,,,,,reject,reject,,,site_thunder_not_reliable_in_mvp,low,false,do_not_export,site_weather_candidate_pool_v0.2,export_action_not_enabled,site_weather_candidate_promotion_v0.1
site257_1401247_000743_000758,175,0.129283,reject_thunder_without_clear_audio_confirmation,thunder,0.144673,-0.130687,wind,0.27536,0.158628,0.27536,0.144673,bird_or_insect,0.348888,-0.204215,0.2,0.295785,clap_scoring_window,48000,1,15.0,-36.29,-16.773,0.0,true,pending_22050hz_export,22050,1,wav,0.2,rain_env_prior,/home/ubuntu/layer_b_site_weather_job/runs/mvp_pool_20260530_001/previews/0399_site257_1401247_000743_000758.mp3,/home/ubuntu/layer_b_site_weather_job/runs/mvp_pool_20260530_001/windows_wav/0399_site257_1401247_000743_000758.wav,s3://eco-acoustic-data.store.adelaideuni.cloud/dataset/original/site_257_bowra-dry-a/downloaded_clips/site_257_item_1401247/site_257_item_1401247_clip_003.webm,site_257_item_1401247/site_257_item_1401247_clip_003.webm,257,1401247,1401247,2024-02-15T23:33:29.000Z,morning,2024-02-16,003,2119761,143.0,743.0,15.0,13.03,4.53,4.31,4.21,50.51,30.45,,,,,,reject,reject,,,site_thunder_not_reliable_in_mvp,low,false,do_not_export,site_weather_candidate_pool_v0.2,export_action_not_enabled,site_weather_candidate_promotion_v0.1
site257_1401415_002940_002955,176,0.117935,reject_thunder_without_clear_audio_confirmation,thunder,0.143274,-0.097461,wind,0.240735,0.040162,0.240735,0.143274,bird_or_insect,0.381891,-0.238617,0.2,0.261383,clap_scoring_window,48000,1,15.0,-31.415,-13.184,0.0,true,pending_22050hz_export,22050,1,wav,0.2,rain_env_prior,/home/ubuntu/layer_b_site_weather_job/runs/mvp_pool_20260530_001/previews/0397_site257_1401415_002940_002955.mp3,/home/ubuntu/layer_b_site_weather_job/runs/mvp_pool_20260530_001/windows_wav/0397_site257_1401415_002940_002955.wav,s3://eco-acoustic-data.store.adelaideuni.cloud/dataset/original/site_257_bowra-dry-a/downloaded_clips/site_257_item_1401415/site_257_item_1401415_clip_010.webm,site_257_item_1401415/site_257_item_1401415_clip_010.webm,257,1401415,1401415,2024-01-17T04:00:00.000Z,afternoon,2024-01-17,010,2162108,240.0,2940.0,15.0,16.69,3.57,4.29,4.96,33.57,37.48,,,,,,reject,reject,,,site_thunder_not_reliable_in_mvp,low,false,do_not_export,site_weather_candidate_pool_v0.2,export_action_not_enabled,site_weather_candidate_promotion_v0.1
site257_1401247_000027_000042,177,0.058293,reject_thunder_without_clear_audio_confirmation,thunder,0.07693,-0.127857,wind,0.204787,0.132149,0.204787,0.07693,bird_or_insect,0.349247,-0.272316,0.2,0.227684,clap_scoring_window,48000,1,15.0,-43.334,-22.253,0.0,true,pending_22050hz_export,22050,1,wav,0.2,rain_env_prior,/home/ubuntu/layer_b_site_weather_job/runs/mvp_pool_20260530_001/previews/0401_site257_1401247_000027_000042.mp3,/home/ubuntu/layer_b_site_weather_job/runs/mvp_pool_20260530_001/windows_wav/0401_site257_1401247_000027_000042.wav,s3://eco-acoustic-data.store.adelaideuni.cloud/dataset/original/site_257_bowra-dry-a/downloaded_clips/site_257_item_1401247/site_257_item_1401247_clip_001.webm,site_257_item_1401247/site_257_item_1401247_clip_001.webm,257,1401247,1401247,2024-02-15T23:33:29.000Z,morning,2024-02-16,001,2106786,27.0,27.0,15.0,13.03,4.53,4.31,4.21,50.51,30.45,,,,,,reject,reject,,,site_thunder_not_reliable_in_mvp,low,false,do_not_export,site_weather_candidate_pool_v0.2,export_action_not_enabled,site_weather_candidate_promotion_v0.1
site257_1401415_005058_005073,178,-0.027774,reject_thunder_without_clear_audio_confirmation,thunder,-0.013135,-0.061846,rain,0.048711,0.048711,0.006231,-0.013135,bird_or_insect,0.344493,-0.357628,0.2,0.142372,clap_scoring_window,48000,1,15.0,-39.071,-19.628,0.0,true,pending_22050hz_export,22050,1,wav,0.2,rain_env_prior,/home/ubuntu/layer_b_site_weather_job/runs/mvp_pool_20260530_001/previews/0398_site257_1401415_005058_005073.mp3,/home/ubuntu/layer_b_site_weather_job/runs/mvp_pool_20260530_001/windows_wav/0398_site257_1401415_005058_005073.wav,s3://eco-acoustic-data.store.adelaideuni.cloud/dataset/original/site_257_bowra-dry-a/downloaded_clips/site_257_item_1401415/site_257_item_1401415_clip_017.webm,site_257_item_1401415/site_257_item_1401415_clip_017.webm,257,1401415,1401415,2024-01-17T04:00:00.000Z,afternoon,2024-01-17,017,2190566,258.0,5058.0,15.0,16.69,3.57,4.29,4.96,33.57,37.48,,,,,,reject,reject,,,site_thunder_not_reliable_in_mvp,low,false,do_not_export,site_weather_candidate_pool_v0.2,export_action_not_enabled,site_weather_candidate_promotion_v0.1
