segment_id,source_clip,diel_bin,season,hour_sin,hour_cos,month_sin,month_cos,cell
1313184_clip009_s000,resources/site_257_bowra-dry-a/downloaded_clips/site_257_item_1313184/site_257_item_1313184_clip_009.webm,dawn,autumn,1.0,0.0,0.866025,-0.5,autumn_dawn
1313184_clip017_s000,resources/site_257_bowra-dry-a/downloaded_clips/site_257_item_1313184/site_257_item_1313184_clip_017.webm,dawn,autumn,1.0,0.0,0.866025,-0.5,autumn_dawn
1313184_clip022_s000,resources/site_257_bowra-dry-a/downloaded_clips/site_257_item_1313184/site_257_item_1313184_clip_022.webm,dawn,autumn,1.0,0.0,0.866025,-0.5,autumn_dawn
1313384_clip001_s000,resources/site_257_bowra-dry-a/downloaded_clips/site_257_item_1313384/site_257_item_1313384_clip_001.webm,dawn,autumn,1.0,0.0,0.866025,-0.5,autumn_dawn
1313384_clip003_s000,resources/site_257_bowra-dry-a/downloaded_clips/site_257_item_1313384/site_257_item_1313384_clip_003.webm,dawn,autumn,1.0,0.0,0.866025,-0.5,autumn_dawn
1313384_clip003_s001,resources/site_257_bowra-dry-a/downloaded_clips/site_257_item_1313384/site_257_item_1313384_clip_003.webm,dawn,autumn,1.0,0.0,0.866025,-0.5,autumn_dawn
1313484_clip001_s000,resources/site_257_bowra-dry-a/downloaded_clips/site_257_item_1313484/site_257_item_1313484_clip_001.webm,dawn,autumn,0.965926,0.258819,0.5,-0.866025,autumn_dawn
1313484_clip003_s000,resources/site_257_bowra-dry-a/downloaded_clips/site_257_item_1313484/site_257_item_1313484_clip_003.webm,dawn,autumn,0.965926,0.258819,0.5,-0.866025,autumn_dawn
1313484_clip003_s001,resources/site_257_bowra-dry-a/downloaded_clips/site_257_item_1313484/site_257_item_1313484_clip_003.webm,dawn,autumn,0.965926,0.258819,0.5,-0.866025,autumn_dawn
1313484_clip003_s002,resources/site_257_bowra-dry-a/downloaded_clips/site_257_item_1313484/site_257_item_1313484_clip_003.webm,dawn,autumn,0.965926,0.258819,0.5,-0.866025,autumn_dawn
1313484_clip004_s000,resources/site_257_bowra-dry-a/downloaded_clips/site_257_item_1313484/site_257_item_1313484_clip_004.webm,dawn,autumn,0.965926,0.258819,0.5,-0.866025,autumn_dawn
1313484_clip004_s001,resources/site_257_bowra-dry-a/downloaded_clips/site_257_item_1313484/site_257_item_1313484_clip_004.webm,dawn,autumn,0.965926,0.258819,0.5,-0.866025,autumn_dawn
1313484_clip005_s000,resources/site_257_bowra-dry-a/downloaded_clips/site_257_item_1313484/site_257_item_1313484_clip_005.webm,dawn,autumn,0.965926,0.258819,0.5,-0.866025,autumn_dawn
1313484_clip006_s000,resources/site_257_bowra-dry-a/downloaded_clips/site_257_item_1313484/site_257_item_1313484_clip_006.webm,dawn,autumn,0.965926,0.258819,0.5,-0.866025,autumn_dawn
1313484_clip006_s001,resources/site_257_bowra-dry-a/downloaded_clips/site_257_item_1313484/site_257_item_1313484_clip_006.webm,dawn,autumn,0.965926,0.258819,0.5,-0.866025,autumn_dawn
1313484_clip006_s002,resources/site_257_bowra-dry-a/downloaded_clips/site_257_item_1313484/site_257_item_1313484_clip_006.webm,dawn,autumn,0.965926,0.258819,0.5,-0.866025,autumn_dawn
1313484_clip007_s000,resources/site_257_bowra-dry-a/downloaded_clips/site_257_item_1313484/site_257_item_1313484_clip_007.webm,dawn,autumn,0.965926,0.258819,0.5,-0.866025,autumn_dawn
1402571_clip018_s000,resources/site_257_bowra-dry-a/downloaded_clips/site_257_item_1402571/site_257_item_1402571_clip_018.webm,dawn,autumn,0.866025,0.5,1.0,0.0,autumn_dawn
1534205_clip020_s000,resources/site_257_bowra-dry-a/downloaded_clips/site_257_item_1534205/site_257_item_1534205_clip_020.webm,dawn,autumn,0.866025,0.5,0.866025,-0.5,autumn_dawn
1534205_clip020_s001,resources/site_257_bowra-dry-a/downloaded_clips/site_257_item_1534205/site_257_item_1534205_clip_020.webm,dawn,autumn,0.866025,0.5,0.866025,-0.5,autumn_dawn
1534205_clip023_s000,resources/site_257_bowra-dry-a/downloaded_clips/site_257_item_1534205/site_257_item_1534205_clip_023.webm,dawn,autumn,0.866025,0.5,0.866025,-0.5,autumn_dawn
1535269_clip009_s000,resources/site_257_bowra-dry-a/downloaded_clips/site_257_item_1535269/site_257_item_1535269_clip_009.webm,dawn,autumn,0.866025,0.5,0.5,-0.866025,autumn_dawn
1535269_clip010_s000,resources/site_257_bowra-dry-a/downloaded_clips/site_257_item_1535269/site_257_item_1535269_clip_010.webm,dawn,autumn,0.866025,0.5,0.5,-0.866025,autumn_dawn
1535269_clip010_s001,resources/site_257_bowra-dry-a/downloaded_clips/site_257_item_1535269/site_257_item_1535269_clip_010.webm,dawn,autumn,0.866025,0.5,0.5,-0.866025,autumn_dawn
1535269_clip021_s000,resources/site_257_bowra-dry-a/downloaded_clips/site_257_item_1535269/site_257_item_1535269_clip_021.webm,dawn,autumn,0.866025,0.5,0.5,-0.866025,autumn_dawn
1535269_clip021_s001,resources/site_257_bowra-dry-a/downloaded_clips/site_257_item_1535269/site_257_item_1535269_clip_021.webm,dawn,autumn,0.866025,0.5,0.5,-0.866025,autumn_dawn
1535269_clip023_s000,resources/site_257_bowra-dry-a/downloaded_clips/site_257_item_1535269/site_257_item_1535269_clip_023.webm,dawn,autumn,0.866025,0.5,0.5,-0.866025,autumn_dawn
1535548_clip005_s000,resources/site_257_bowra-dry-a/downloaded_clips/site_257_item_1535548/site_257_item_1535548_clip_005.webm,dawn,autumn,0.965926,0.258819,0.866025,-0.5,autumn_dawn
1671221_clip004_s000,resources/site_257_bowra-dry-a/downloaded_clips/site_257_item_1671221/site_257_item_1671221_clip_004.webm,dawn,autumn,1.0,0.0,0.5,-0.866025,autumn_dawn
1671221_clip004_s001,resources/site_257_bowra-dry-a/downloaded_clips/site_257_item_1671221/site_257_item_1671221_clip_004.webm,dawn,autumn,1.0,0.0,0.5,-0.866025,autumn_dawn
1680496_clip002_s000,resources/site_257_bowra-dry-a/downloaded_clips/site_257_item_1680496/site_257_item_1680496_clip_002.webm,dawn,autumn,1.0,0.0,0.5,-0.866025,autumn_dawn
1680496_clip002_s001,resources/site_257_bowra-dry-a/downloaded_clips/site_257_item_1680496/site_257_item_1680496_clip_002.webm,dawn,autumn,1.0,0.0,0.5,-0.866025,autumn_dawn
216086_clip002_s000,resources/site_257_bowra-dry-a/downloaded_clips/site_257_item_216086/site_257_item_216086_clip_002.webm,dawn,autumn,1.0,0.0,1.0,0.0,autumn_dawn
216086_clip003_s000,resources/site_257_bowra-dry-a/downloaded_clips/site_257_item_216086/site_257_item_216086_clip_003.webm,dawn,autumn,1.0,0.0,1.0,0.0,autumn_dawn
216086_clip007_s000,resources/site_257_bowra-dry-a/downloaded_clips/site_257_item_216086/site_257_item_216086_clip_007.webm,dawn,autumn,1.0,0.0,1.0,0.0,autumn_dawn
216086_clip011_s000,resources/site_257_bowra-dry-a/downloaded_clips/site_257_item_216086/site_257_item_216086_clip_011.webm,dawn,autumn,1.0,0.0,1.0,0.0,autumn_dawn
216086_clip011_s001,resources/site_257_bowra-dry-a/downloaded_clips/site_257_item_216086/site_257_item_216086_clip_011.webm,dawn,autumn,1.0,0.0,1.0,0.0,autumn_dawn
216086_clip013_s000,resources/site_257_bowra-dry-a/downloaded_clips/site_257_item_216086/site_257_item_216086_clip_013.webm,dawn,autumn,1.0,0.0,1.0,0.0,autumn_dawn
216086_clip015_s000,resources/site_257_bowra-dry-a/downloaded_clips/site_257_item_216086/site_257_item_216086_clip_015.webm,dawn,autumn,1.0,0.0,1.0,0.0,autumn_dawn
216086_clip016_s000,resources/site_257_bowra-dry-a/downloaded_clips/site_257_item_216086/site_257_item_216086_clip_016.webm,dawn,autumn,1.0,0.0,1.0,0.0,autumn_dawn
216086_clip018_s000,resources/site_257_bowra-dry-a/downloaded_clips/site_257_item_216086/site_257_item_216086_clip_018.webm,dawn,autumn,1.0,0.0,1.0,0.0,autumn_dawn
216086_clip024_s000,resources/site_257_bowra-dry-a/downloaded_clips/site_257_item_216086/site_257_item_216086_clip_024.webm,dawn,autumn,1.0,0.0,1.0,0.0,autumn_dawn
216466_clip011_s000,resources/site_257_bowra-dry-a/downloaded_clips/site_257_item_216466/site_257_item_216466_clip_011.webm,dawn,autumn,1.0,0.0,0.866025,-0.5,autumn_dawn
216466_clip014_s000,resources/site_257_bowra-dry-a/downloaded_clips/site_257_item_216466/site_257_item_216466_clip_014.webm,dawn,autumn,1.0,0.0,0.866025,-0.5,autumn_dawn
216466_clip018_s000,resources/site_257_bowra-dry-a/downloaded_clips/site_257_item_216466/site_257_item_216466_clip_018.webm,dawn,autumn,1.0,0.0,0.866025,-0.5,autumn_dawn
216466_clip020_s000,resources/site_257_bowra-dry-a/downloaded_clips/site_257_item_216466/site_257_item_216466_clip_020.webm,dawn,autumn,1.0,0.0,0.866025,-0.5,autumn_dawn
216466_clip022_s000,resources/site_257_bowra-dry-a/downloaded_clips/site_257_item_216466/site_257_item_216466_clip_022.webm,dawn,autumn,1.0,0.0,0.866025,-0.5,autumn_dawn
216595_clip010_s000,resources/site_257_bowra-dry-a/downloaded_clips/site_257_item_216595/site_257_item_216595_clip_010.webm,dawn,autumn,1.0,0.0,0.866025,-0.5,autumn_dawn
216140_clip022_s000,resources/site_257_bowra-dry-a/downloaded_clips/site_257_item_216140/site_257_item_216140_clip_022.webm,dawn,autumn,1.0,0.0,1.0,0.0,autumn_dawn
216463_clip015_s000,resources/site_257_bowra-dry-a/downloaded_clips/site_257_item_216463/site_257_item_216463_clip_015.webm,dawn,autumn,0.866025,0.5,0.866025,-0.5,autumn_dawn
216463_clip016_s000,resources/site_257_bowra-dry-a/downloaded_clips/site_257_item_216463/site_257_item_216463_clip_016.webm,dawn,autumn,0.866025,0.5,0.866025,-0.5,autumn_dawn
216597_clip007_s000,resources/site_257_bowra-dry-a/downloaded_clips/site_257_item_216597/site_257_item_216597_clip_007.webm,dawn,autumn,0.866025,0.5,0.866025,-0.5,autumn_dawn
216597_clip013_s000,resources/site_257_bowra-dry-a/downloaded_clips/site_257_item_216597/site_257_item_216597_clip_013.webm,dawn,autumn,0.866025,0.5,0.866025,-0.5,autumn_dawn
216597_clip016_s000,resources/site_257_bowra-dry-a/downloaded_clips/site_257_item_216597/site_257_item_216597_clip_016.webm,dawn,autumn,0.866025,0.5,0.866025,-0.5,autumn_dawn
216597_clip018_s000,resources/site_257_bowra-dry-a/downloaded_clips/site_257_item_216597/site_257_item_216597_clip_018.webm,dawn,autumn,0.866025,0.5,0.866025,-0.5,autumn_dawn
216597_clip018_s001,resources/site_257_bowra-dry-a/downloaded_clips/site_257_item_216597/site_257_item_216597_clip_018.webm,dawn,autumn,0.866025,0.5,0.866025,-0.5,autumn_dawn
216597_clip019_s000,resources/site_257_bowra-dry-a/downloaded_clips/site_257_item_216597/site_257_item_216597_clip_019.webm,dawn,autumn,0.866025,0.5,0.866025,-0.5,autumn_dawn
216597_clip020_s000,resources/site_257_bowra-dry-a/downloaded_clips/site_257_item_216597/site_257_item_216597_clip_020.webm,dawn,autumn,0.866025,0.5,0.866025,-0.5,autumn_dawn
216597_clip021_s000,resources/site_257_bowra-dry-a/downloaded_clips/site_257_item_216597/site_257_item_216597_clip_021.webm,dawn,autumn,0.866025,0.5,0.866025,-0.5,autumn_dawn
216597_clip023_s000,resources/site_257_bowra-dry-a/downloaded_clips/site_257_item_216597/site_257_item_216597_clip_023.webm,dawn,autumn,0.866025,0.5,0.866025,-0.5,autumn_dawn
216623_clip024_s000,resources/site_257_bowra-dry-a/downloaded_clips/site_257_item_216623/site_257_item_216623_clip_024.webm,dawn,autumn,1.0,0.0,0.866025,-0.5,autumn_dawn
1312949_clip005_s000,resources/site_257_bowra-dry-a/downloaded_clips/site_257_item_1312949/site_257_item_1312949_clip_005.webm,dawn,autumn,0.866025,0.5,0.866025,-0.5,autumn_dawn
1312949_clip006_s000,resources/site_257_bowra-dry-a/downloaded_clips/site_257_item_1312949/site_257_item_1312949_clip_006.webm,dawn,autumn,0.866025,0.5,0.866025,-0.5,autumn_dawn
1312949_clip009_s000,resources/site_257_bowra-dry-a/downloaded_clips/site_257_item_1312949/site_257_item_1312949_clip_009.webm,dawn,autumn,0.866025,0.5,0.866025,-0.5,autumn_dawn
1312949_clip010_s000,resources/site_257_bowra-dry-a/downloaded_clips/site_257_item_1312949/site_257_item_1312949_clip_010.webm,dawn,autumn,0.866025,0.5,0.866025,-0.5,autumn_dawn
1312949_clip010_s001,resources/site_257_bowra-dry-a/downloaded_clips/site_257_item_1312949/site_257_item_1312949_clip_010.webm,dawn,autumn,0.866025,0.5,0.866025,-0.5,autumn_dawn
1312949_clip015_s000,resources/site_257_bowra-dry-a/downloaded_clips/site_257_item_1312949/site_257_item_1312949_clip_015.webm,dawn,autumn,0.866025,0.5,0.866025,-0.5,autumn_dawn
1312949_clip020_s000,resources/site_257_bowra-dry-a/downloaded_clips/site_257_item_1312949/site_257_item_1312949_clip_020.webm,dawn,autumn,0.866025,0.5,0.866025,-0.5,autumn_dawn
1312949_clip021_s000,resources/site_257_bowra-dry-a/downloaded_clips/site_257_item_1312949/site_257_item_1312949_clip_021.webm,dawn,autumn,0.866025,0.5,0.866025,-0.5,autumn_dawn
1312949_clip024_s000,resources/site_257_bowra-dry-a/downloaded_clips/site_257_item_1312949/site_257_item_1312949_clip_024.webm,dawn,autumn,0.866025,0.5,0.866025,-0.5,autumn_dawn
1313093_clip003_s000,resources/site_257_bowra-dry-a/downloaded_clips/site_257_item_1313093/site_257_item_1313093_clip_003.webm,dawn,autumn,1.0,0.0,0.866025,-0.5,autumn_dawn
1313093_clip023_s000,resources/site_257_bowra-dry-a/downloaded_clips/site_257_item_1313093/site_257_item_1313093_clip_023.webm,dawn,autumn,1.0,0.0,0.866025,-0.5,autumn_dawn
1313153_clip003_s000,resources/site_257_bowra-dry-a/downloaded_clips/site_257_item_1313153/site_257_item_1313153_clip_003.webm,dawn,autumn,1.0,0.0,0.866025,-0.5,autumn_dawn
1313153_clip003_s001,resources/site_257_bowra-dry-a/downloaded_clips/site_257_item_1313153/site_257_item_1313153_clip_003.webm,dawn,autumn,1.0,0.0,0.866025,-0.5,autumn_dawn
1313153_clip003_s002,resources/site_257_bowra-dry-a/downloaded_clips/site_257_item_1313153/site_257_item_1313153_clip_003.webm,dawn,autumn,1.0,0.0,0.866025,-0.5,autumn_dawn
1313153_clip013_s000,resources/site_257_bowra-dry-a/downloaded_clips/site_257_item_1313153/site_257_item_1313153_clip_013.webm,dawn,autumn,1.0,0.0,0.866025,-0.5,autumn_dawn
1313153_clip019_s000,resources/site_257_bowra-dry-a/downloaded_clips/site_257_item_1313153/site_257_item_1313153_clip_019.webm,dawn,autumn,1.0,0.0,0.866025,-0.5,autumn_dawn
1313417_clip007_s000,resources/site_257_bowra-dry-a/downloaded_clips/site_257_item_1313417/site_257_item_1313417_clip_007.webm,dawn,autumn,1.0,0.0,0.866025,-0.5,autumn_dawn
1313417_clip012_s000,resources/site_257_bowra-dry-a/downloaded_clips/site_257_item_1313417/site_257_item_1313417_clip_012.webm,dawn,autumn,1.0,0.0,0.866025,-0.5,autumn_dawn
1313417_clip020_s000,resources/site_257_bowra-dry-a/downloaded_clips/site_257_item_1313417/site_257_item_1313417_clip_020.webm,dawn,autumn,1.0,0.0,0.866025,-0.5,autumn_dawn
1401994_clip017_s000,resources/site_257_bowra-dry-a/downloaded_clips/site_257_item_1401994/site_257_item_1401994_clip_017.webm,dawn,autumn,1.0,0.0,1.0,0.0,autumn_dawn
1401994_clip020_s000,resources/site_257_bowra-dry-a/downloaded_clips/site_257_item_1401994/site_257_item_1401994_clip_020.webm,dawn,autumn,1.0,0.0,1.0,0.0,autumn_dawn
1403161_clip012_s000,resources/site_257_bowra-dry-a/downloaded_clips/site_257_item_1403161/site_257_item_1403161_clip_012.webm,dawn,autumn,1.0,0.0,1.0,0.0,autumn_dawn
1403161_clip022_s000,resources/site_257_bowra-dry-a/downloaded_clips/site_257_item_1403161/site_257_item_1403161_clip_022.webm,dawn,autumn,1.0,0.0,1.0,0.0,autumn_dawn
1403191_clip003_s000,resources/site_257_bowra-dry-a/downloaded_clips/site_257_item_1403191/site_257_item_1403191_clip_003.webm,dawn,autumn,1.0,0.0,1.0,0.0,autumn_dawn
1403191_clip004_s000,resources/site_257_bowra-dry-a/downloaded_clips/site_257_item_1403191/site_257_item_1403191_clip_004.webm,dawn,autumn,1.0,0.0,1.0,0.0,autumn_dawn
1403191_clip005_s000,resources/site_257_bowra-dry-a/downloaded_clips/site_257_item_1403191/site_257_item_1403191_clip_005.webm,dawn,autumn,1.0,0.0,1.0,0.0,autumn_dawn
1403191_clip019_s000,resources/site_257_bowra-dry-a/downloaded_clips/site_257_item_1403191/site_257_item_1403191_clip_019.webm,dawn,autumn,1.0,0.0,1.0,0.0,autumn_dawn
1403191_clip019_s001,resources/site_257_bowra-dry-a/downloaded_clips/site_257_item_1403191/site_257_item_1403191_clip_019.webm,dawn,autumn,1.0,0.0,1.0,0.0,autumn_dawn
1535883_clip005_s000,resources/site_257_bowra-dry-a/downloaded_clips/site_257_item_1535883/site_257_item_1535883_clip_005.webm,dawn,autumn,1.0,0.0,1.0,0.0,autumn_dawn
1535883_clip018_s000,resources/site_257_bowra-dry-a/downloaded_clips/site_257_item_1535883/site_257_item_1535883_clip_018.webm,dawn,autumn,1.0,0.0,1.0,0.0,autumn_dawn
1535883_clip021_s000,resources/site_257_bowra-dry-a/downloaded_clips/site_257_item_1535883/site_257_item_1535883_clip_021.webm,dawn,autumn,1.0,0.0,1.0,0.0,autumn_dawn
1534215_clip013_s000,resources/site_257_bowra-dry-a/downloaded_clips/site_257_item_1534215/site_257_item_1534215_clip_013.webm,dawn,autumn,0.866025,0.5,0.5,-0.866025,autumn_dawn
1535461_clip002_s000,resources/site_257_bowra-dry-a/downloaded_clips/site_257_item_1535461/site_257_item_1535461_clip_002.webm,dawn,autumn,1.0,0.0,0.866025,-0.5,autumn_dawn
1535461_clip019_s000,resources/site_257_bowra-dry-a/downloaded_clips/site_257_item_1535461/site_257_item_1535461_clip_019.webm,dawn,autumn,1.0,0.0,0.866025,-0.5,autumn_dawn
1535533_clip001_s000,resources/site_257_bowra-dry-a/downloaded_clips/site_257_item_1535533/site_257_item_1535533_clip_001.webm,dawn,autumn,0.866025,0.5,0.866025,-0.5,autumn_dawn
1535533_clip001_s001,resources/site_257_bowra-dry-a/downloaded_clips/site_257_item_1535533/site_257_item_1535533_clip_001.webm,dawn,autumn,0.866025,0.5,0.866025,-0.5,autumn_dawn
1535533_clip002_s000,resources/site_257_bowra-dry-a/downloaded_clips/site_257_item_1535533/site_257_item_1535533_clip_002.webm,dawn,autumn,0.866025,0.5,0.866025,-0.5,autumn_dawn
1535533_clip002_s001,resources/site_257_bowra-dry-a/downloaded_clips/site_257_item_1535533/site_257_item_1535533_clip_002.webm,dawn,autumn,0.866025,0.5,0.866025,-0.5,autumn_dawn
1535533_clip004_s000,resources/site_257_bowra-dry-a/downloaded_clips/site_257_item_1535533/site_257_item_1535533_clip_004.webm,dawn,autumn,0.866025,0.5,0.866025,-0.5,autumn_dawn
1535533_clip005_s000,resources/site_257_bowra-dry-a/downloaded_clips/site_257_item_1535533/site_257_item_1535533_clip_005.webm,dawn,autumn,0.866025,0.5,0.866025,-0.5,autumn_dawn
1535533_clip005_s001,resources/site_257_bowra-dry-a/downloaded_clips/site_257_item_1535533/site_257_item_1535533_clip_005.webm,dawn,autumn,0.866025,0.5,0.866025,-0.5,autumn_dawn
1535533_clip006_s000,resources/site_257_bowra-dry-a/downloaded_clips/site_257_item_1535533/site_257_item_1535533_clip_006.webm,dawn,autumn,0.866025,0.5,0.866025,-0.5,autumn_dawn
1535533_clip006_s001,resources/site_257_bowra-dry-a/downloaded_clips/site_257_item_1535533/site_257_item_1535533_clip_006.webm,dawn,autumn,0.866025,0.5,0.866025,-0.5,autumn_dawn
1535533_clip008_s000,resources/site_257_bowra-dry-a/downloaded_clips/site_257_item_1535533/site_257_item_1535533_clip_008.webm,dawn,autumn,0.866025,0.5,0.866025,-0.5,autumn_dawn
1535533_clip008_s001,resources/site_257_bowra-dry-a/downloaded_clips/site_257_item_1535533/site_257_item_1535533_clip_008.webm,dawn,autumn,0.866025,0.5,0.866025,-0.5,autumn_dawn
1535533_clip008_s002,resources/site_257_bowra-dry-a/downloaded_clips/site_257_item_1535533/site_257_item_1535533_clip_008.webm,dawn,autumn,0.866025,0.5,0.866025,-0.5,autumn_dawn
1535533_clip008_s003,resources/site_257_bowra-dry-a/downloaded_clips/site_257_item_1535533/site_257_item_1535533_clip_008.webm,dawn,autumn,0.866025,0.5,0.866025,-0.5,autumn_dawn
1535533_clip009_s000,resources/site_257_bowra-dry-a/downloaded_clips/site_257_item_1535533/site_257_item_1535533_clip_009.webm,dawn,autumn,0.866025,0.5,0.866025,-0.5,autumn_dawn
1535533_clip009_s001,resources/site_257_bowra-dry-a/downloaded_clips/site_257_item_1535533/site_257_item_1535533_clip_009.webm,dawn,autumn,0.866025,0.5,0.866025,-0.5,autumn_dawn
1535533_clip009_s002,resources/site_257_bowra-dry-a/downloaded_clips/site_257_item_1535533/site_257_item_1535533_clip_009.webm,dawn,autumn,0.866025,0.5,0.866025,-0.5,autumn_dawn
1535533_clip010_s000,resources/site_257_bowra-dry-a/downloaded_clips/site_257_item_1535533/site_257_item_1535533_clip_010.webm,dawn,autumn,0.866025,0.5,0.866025,-0.5,autumn_dawn
1535533_clip012_s000,resources/site_257_bowra-dry-a/downloaded_clips/site_257_item_1535533/site_257_item_1535533_clip_012.webm,dawn,autumn,0.866025,0.5,0.866025,-0.5,autumn_dawn
1535533_clip012_s001,resources/site_257_bowra-dry-a/downloaded_clips/site_257_item_1535533/site_257_item_1535533_clip_012.webm,dawn,autumn,0.866025,0.5,0.866025,-0.5,autumn_dawn
1535533_clip012_s002,resources/site_257_bowra-dry-a/downloaded_clips/site_257_item_1535533/site_257_item_1535533_clip_012.webm,dawn,autumn,0.866025,0.5,0.866025,-0.5,autumn_dawn
1535533_clip012_s003,resources/site_257_bowra-dry-a/downloaded_clips/site_257_item_1535533/site_257_item_1535533_clip_012.webm,dawn,autumn,0.866025,0.5,0.866025,-0.5,autumn_dawn
1535533_clip013_s000,resources/site_257_bowra-dry-a/downloaded_clips/site_257_item_1535533/site_257_item_1535533_clip_013.webm,dawn,autumn,0.866025,0.5,0.866025,-0.5,autumn_dawn
1535533_clip013_s001,resources/site_257_bowra-dry-a/downloaded_clips/site_257_item_1535533/site_257_item_1535533_clip_013.webm,dawn,autumn,0.866025,0.5,0.866025,-0.5,autumn_dawn
1535533_clip017_s000,resources/site_257_bowra-dry-a/downloaded_clips/site_257_item_1535533/site_257_item_1535533_clip_017.webm,dawn,autumn,0.866025,0.5,0.866025,-0.5,autumn_dawn
1535533_clip017_s001,resources/site_257_bowra-dry-a/downloaded_clips/site_257_item_1535533/site_257_item_1535533_clip_017.webm,dawn,autumn,0.866025,0.5,0.866025,-0.5,autumn_dawn
1535533_clip019_s000,resources/site_257_bowra-dry-a/downloaded_clips/site_257_item_1535533/site_257_item_1535533_clip_019.webm,dawn,autumn,0.866025,0.5,0.866025,-0.5,autumn_dawn
1535533_clip019_s001,resources/site_257_bowra-dry-a/downloaded_clips/site_257_item_1535533/site_257_item_1535533_clip_019.webm,dawn,autumn,0.866025,0.5,0.866025,-0.5,autumn_dawn
1535533_clip019_s002,resources/site_257_bowra-dry-a/downloaded_clips/site_257_item_1535533/site_257_item_1535533_clip_019.webm,dawn,autumn,0.866025,0.5,0.866025,-0.5,autumn_dawn
1535533_clip019_s003,resources/site_257_bowra-dry-a/downloaded_clips/site_257_item_1535533/site_257_item_1535533_clip_019.webm,dawn,autumn,0.866025,0.5,0.866025,-0.5,autumn_dawn
1535533_clip021_s000,resources/site_257_bowra-dry-a/downloaded_clips/site_257_item_1535533/site_257_item_1535533_clip_021.webm,dawn,autumn,0.866025,0.5,0.866025,-0.5,autumn_dawn
1536460_clip001_s000,resources/site_257_bowra-dry-a/downloaded_clips/site_257_item_1536460/site_257_item_1536460_clip_001.webm,dawn,autumn,1.0,0.0,0.5,-0.866025,autumn_dawn
1536460_clip002_s000,resources/site_257_bowra-dry-a/downloaded_clips/site_257_item_1536460/site_257_item_1536460_clip_002.webm,dawn,autumn,1.0,0.0,0.5,-0.866025,autumn_dawn
1536460_clip002_s001,resources/site_257_bowra-dry-a/downloaded_clips/site_257_item_1536460/site_257_item_1536460_clip_002.webm,dawn,autumn,1.0,0.0,0.5,-0.866025,autumn_dawn
1536688_clip001_s000,resources/site_257_bowra-dry-a/downloaded_clips/site_257_item_1536688/site_257_item_1536688_clip_001.webm,dawn,autumn,0.965926,0.258819,0.866025,-0.5,autumn_dawn
1536688_clip001_s001,resources/site_257_bowra-dry-a/downloaded_clips/site_257_item_1536688/site_257_item_1536688_clip_001.webm,dawn,autumn,0.965926,0.258819,0.866025,-0.5,autumn_dawn
1536894_clip010_s000,resources/site_257_bowra-dry-a/downloaded_clips/site_257_item_1536894/site_257_item_1536894_clip_010.webm,dawn,autumn,0.866025,0.5,0.5,-0.866025,autumn_dawn
1536894_clip014_s000,resources/site_257_bowra-dry-a/downloaded_clips/site_257_item_1536894/site_257_item_1536894_clip_014.webm,dawn,autumn,0.866025,0.5,0.5,-0.866025,autumn_dawn
1536894_clip016_s000,resources/site_257_bowra-dry-a/downloaded_clips/site_257_item_1536894/site_257_item_1536894_clip_016.webm,dawn,autumn,0.866025,0.5,0.5,-0.866025,autumn_dawn
1536894_clip016_s001,resources/site_257_bowra-dry-a/downloaded_clips/site_257_item_1536894/site_257_item_1536894_clip_016.webm,dawn,autumn,0.866025,0.5,0.5,-0.866025,autumn_dawn
1536894_clip017_s000,resources/site_257_bowra-dry-a/downloaded_clips/site_257_item_1536894/site_257_item_1536894_clip_017.webm,dawn,autumn,0.866025,0.5,0.5,-0.866025,autumn_dawn
1536894_clip022_s000,resources/site_257_bowra-dry-a/downloaded_clips/site_257_item_1536894/site_257_item_1536894_clip_022.webm,dawn,autumn,0.866025,0.5,0.5,-0.866025,autumn_dawn
1536894_clip023_s000,resources/site_257_bowra-dry-a/downloaded_clips/site_257_item_1536894/site_257_item_1536894_clip_023.webm,dawn,autumn,0.866025,0.5,0.5,-0.866025,autumn_dawn
1536894_clip023_s001,resources/site_257_bowra-dry-a/downloaded_clips/site_257_item_1536894/site_257_item_1536894_clip_023.webm,dawn,autumn,0.866025,0.5,0.5,-0.866025,autumn_dawn
1536894_clip023_s002,resources/site_257_bowra-dry-a/downloaded_clips/site_257_item_1536894/site_257_item_1536894_clip_023.webm,dawn,autumn,0.866025,0.5,0.5,-0.866025,autumn_dawn
1670251_clip002_s000,resources/site_257_bowra-dry-a/downloaded_clips/site_257_item_1670251/site_257_item_1670251_clip_002.webm,dawn,autumn,1.0,0.0,1.0,0.0,autumn_dawn
1670251_clip010_s000,resources/site_257_bowra-dry-a/downloaded_clips/site_257_item_1670251/site_257_item_1670251_clip_010.webm,dawn,autumn,1.0,0.0,1.0,0.0,autumn_dawn
1670251_clip010_s001,resources/site_257_bowra-dry-a/downloaded_clips/site_257_item_1670251/site_257_item_1670251_clip_010.webm,dawn,autumn,1.0,0.0,1.0,0.0,autumn_dawn
1670441_clip004_s000,resources/site_257_bowra-dry-a/downloaded_clips/site_257_item_1670441/site_257_item_1670441_clip_004.webm,dawn,autumn,1.0,0.0,1.0,0.0,autumn_dawn
1670441_clip006_s000,resources/site_257_bowra-dry-a/downloaded_clips/site_257_item_1670441/site_257_item_1670441_clip_006.webm,dawn,autumn,1.0,0.0,1.0,0.0,autumn_dawn
1671032_clip020_s000,resources/site_257_bowra-dry-a/downloaded_clips/site_257_item_1671032/site_257_item_1671032_clip_020.webm,dawn,autumn,1.0,0.0,1.0,0.0,autumn_dawn
1671032_clip024_s000,resources/site_257_bowra-dry-a/downloaded_clips/site_257_item_1671032/site_257_item_1671032_clip_024.webm,dawn,autumn,1.0,0.0,1.0,0.0,autumn_dawn
1671032_clip024_s001,resources/site_257_bowra-dry-a/downloaded_clips/site_257_item_1671032/site_257_item_1671032_clip_024.webm,dawn,autumn,1.0,0.0,1.0,0.0,autumn_dawn
1679930_clip003_s000,resources/site_257_bowra-dry-a/downloaded_clips/site_257_item_1679930/site_257_item_1679930_clip_003.webm,dawn,autumn,1.0,0.0,1.0,0.0,autumn_dawn
1679930_clip009_s000,resources/site_257_bowra-dry-a/downloaded_clips/site_257_item_1679930/site_257_item_1679930_clip_009.webm,dawn,autumn,1.0,0.0,1.0,0.0,autumn_dawn
1679930_clip009_s001,resources/site_257_bowra-dry-a/downloaded_clips/site_257_item_1679930/site_257_item_1679930_clip_009.webm,dawn,autumn,1.0,0.0,1.0,0.0,autumn_dawn
1679930_clip010_s000,resources/site_257_bowra-dry-a/downloaded_clips/site_257_item_1679930/site_257_item_1679930_clip_010.webm,dawn,autumn,1.0,0.0,1.0,0.0,autumn_dawn
1679930_clip012_s000,resources/site_257_bowra-dry-a/downloaded_clips/site_257_item_1679930/site_257_item_1679930_clip_012.webm,dawn,autumn,1.0,0.0,1.0,0.0,autumn_dawn
1679930_clip013_s000,resources/site_257_bowra-dry-a/downloaded_clips/site_257_item_1679930/site_257_item_1679930_clip_013.webm,dawn,autumn,1.0,0.0,1.0,0.0,autumn_dawn
1679930_clip014_s000,resources/site_257_bowra-dry-a/downloaded_clips/site_257_item_1679930/site_257_item_1679930_clip_014.webm,dawn,autumn,1.0,0.0,1.0,0.0,autumn_dawn
1679930_clip014_s001,resources/site_257_bowra-dry-a/downloaded_clips/site_257_item_1679930/site_257_item_1679930_clip_014.webm,dawn,autumn,1.0,0.0,1.0,0.0,autumn_dawn
1679930_clip015_s000,resources/site_257_bowra-dry-a/downloaded_clips/site_257_item_1679930/site_257_item_1679930_clip_015.webm,dawn,autumn,1.0,0.0,1.0,0.0,autumn_dawn
1679930_clip016_s000,resources/site_257_bowra-dry-a/downloaded_clips/site_257_item_1679930/site_257_item_1679930_clip_016.webm,dawn,autumn,1.0,0.0,1.0,0.0,autumn_dawn
1679930_clip016_s001,resources/site_257_bowra-dry-a/downloaded_clips/site_257_item_1679930/site_257_item_1679930_clip_016.webm,dawn,autumn,1.0,0.0,1.0,0.0,autumn_dawn
1679930_clip016_s002,resources/site_257_bowra-dry-a/downloaded_clips/site_257_item_1679930/site_257_item_1679930_clip_016.webm,dawn,autumn,1.0,0.0,1.0,0.0,autumn_dawn
1679930_clip017_s000,resources/site_257_bowra-dry-a/downloaded_clips/site_257_item_1679930/site_257_item_1679930_clip_017.webm,dawn,autumn,1.0,0.0,1.0,0.0,autumn_dawn
1679930_clip019_s000,resources/site_257_bowra-dry-a/downloaded_clips/site_257_item_1679930/site_257_item_1679930_clip_019.webm,dawn,autumn,1.0,0.0,1.0,0.0,autumn_dawn
1679930_clip021_s000,resources/site_257_bowra-dry-a/downloaded_clips/site_257_item_1679930/site_257_item_1679930_clip_021.webm,dawn,autumn,1.0,0.0,1.0,0.0,autumn_dawn
1679930_clip022_s000,resources/site_257_bowra-dry-a/downloaded_clips/site_257_item_1679930/site_257_item_1679930_clip_022.webm,dawn,autumn,1.0,0.0,1.0,0.0,autumn_dawn
1679930_clip022_s001,resources/site_257_bowra-dry-a/downloaded_clips/site_257_item_1679930/site_257_item_1679930_clip_022.webm,dawn,autumn,1.0,0.0,1.0,0.0,autumn_dawn
1679930_clip023_s000,resources/site_257_bowra-dry-a/downloaded_clips/site_257_item_1679930/site_257_item_1679930_clip_023.webm,dawn,autumn,1.0,0.0,1.0,0.0,autumn_dawn
1672550_clip011_s000,resources/site_257_bowra-dry-a/downloaded_clips/site_257_item_1672550/site_257_item_1672550_clip_011.webm,dawn,autumn,0.866025,0.5,0.866025,-0.5,autumn_dawn
1672550_clip021_s000,resources/site_257_bowra-dry-a/downloaded_clips/site_257_item_1672550/site_257_item_1672550_clip_021.webm,dawn,autumn,0.866025,0.5,0.866025,-0.5,autumn_dawn
1673282_clip007_s000,resources/site_257_bowra-dry-a/downloaded_clips/site_257_item_1673282/site_257_item_1673282_clip_007.webm,dawn,autumn,1.0,0.0,0.5,-0.866025,autumn_dawn
1678066_clip001_s000,resources/site_257_bowra-dry-a/downloaded_clips/site_257_item_1678066/site_257_item_1678066_clip_001.webm,dawn,autumn,1.0,0.0,0.5,-0.866025,autumn_dawn
1678066_clip002_s000,resources/site_257_bowra-dry-a/downloaded_clips/site_257_item_1678066/site_257_item_1678066_clip_002.webm,dawn,autumn,1.0,0.0,0.5,-0.866025,autumn_dawn
1313190_clip007_s000,resources/site_257_bowra-dry-a/downloaded_clips/site_257_item_1313190/site_257_item_1313190_clip_007.webm,afternoon,autumn,-0.5,-0.866025,0.866025,-0.5,autumn_afternoon
1313190_clip019_s000,resources/site_257_bowra-dry-a/downloaded_clips/site_257_item_1313190/site_257_item_1313190_clip_019.webm,afternoon,autumn,-0.5,-0.866025,0.866025,-0.5,autumn_afternoon
1313190_clip020_s000,resources/site_257_bowra-dry-a/downloaded_clips/site_257_item_1313190/site_257_item_1313190_clip_020.webm,afternoon,autumn,-0.5,-0.866025,0.866025,-0.5,autumn_afternoon
1313284_clip002_s000,resources/site_257_bowra-dry-a/downloaded_clips/site_257_item_1313284/site_257_item_1313284_clip_002.webm,afternoon,autumn,0.0,-1.0,0.5,-0.866025,autumn_afternoon
1313284_clip011_s000,resources/site_257_bowra-dry-a/downloaded_clips/site_257_item_1313284/site_257_item_1313284_clip_011.webm,afternoon,autumn,0.0,-1.0,0.5,-0.866025,autumn_afternoon
1313284_clip014_s000,resources/site_257_bowra-dry-a/downloaded_clips/site_257_item_1313284/site_257_item_1313284_clip_014.webm,afternoon,autumn,0.0,-1.0,0.5,-0.866025,autumn_afternoon
1313284_clip014_s001,resources/site_257_bowra-dry-a/downloaded_clips/site_257_item_1313284/site_257_item_1313284_clip_014.webm,afternoon,autumn,0.0,-1.0,0.5,-0.866025,autumn_afternoon
1313392_clip007_s000,resources/site_257_bowra-dry-a/downloaded_clips/site_257_item_1313392/site_257_item_1313392_clip_007.webm,afternoon,autumn,-0.5,-0.866025,0.866025,-0.5,autumn_afternoon
1313392_clip011_s000,resources/site_257_bowra-dry-a/downloaded_clips/site_257_item_1313392/site_257_item_1313392_clip_011.webm,afternoon,autumn,-0.5,-0.866025,0.866025,-0.5,autumn_afternoon
1313392_clip011_s001,resources/site_257_bowra-dry-a/downloaded_clips/site_257_item_1313392/site_257_item_1313392_clip_011.webm,afternoon,autumn,-0.5,-0.866025,0.866025,-0.5,autumn_afternoon
1313392_clip022_s000,resources/site_257_bowra-dry-a/downloaded_clips/site_257_item_1313392/site_257_item_1313392_clip_022.webm,afternoon,autumn,-0.5,-0.866025,0.866025,-0.5,autumn_afternoon
1313392_clip022_s001,resources/site_257_bowra-dry-a/downloaded_clips/site_257_item_1313392/site_257_item_1313392_clip_022.webm,afternoon,autumn,-0.5,-0.866025,0.866025,-0.5,autumn_afternoon
1313480_clip001_s000,resources/site_257_bowra-dry-a/downloaded_clips/site_257_item_1313480/site_257_item_1313480_clip_001.webm,afternoon,autumn,-0.5,-0.866025,0.5,-0.866025,autumn_afternoon
1313480_clip001_s001,resources/site_257_bowra-dry-a/downloaded_clips/site_257_item_1313480/site_257_item_1313480_clip_001.webm,afternoon,autumn,-0.5,-0.866025,0.5,-0.866025,autumn_afternoon
1313480_clip002_s000,resources/site_257_bowra-dry-a/downloaded_clips/site_257_item_1313480/site_257_item_1313480_clip_002.webm,afternoon,autumn,-0.5,-0.866025,0.5,-0.866025,autumn_afternoon
1313480_clip004_s000,resources/site_257_bowra-dry-a/downloaded_clips/site_257_item_1313480/site_257_item_1313480_clip_004.webm,afternoon,autumn,-0.5,-0.866025,0.5,-0.866025,autumn_afternoon
1313480_clip005_s000,resources/site_257_bowra-dry-a/downloaded_clips/site_257_item_1313480/site_257_item_1313480_clip_005.webm,afternoon,autumn,-0.5,-0.866025,0.5,-0.866025,autumn_afternoon
1313480_clip005_s001,resources/site_257_bowra-dry-a/downloaded_clips/site_257_item_1313480/site_257_item_1313480_clip_005.webm,afternoon,autumn,-0.5,-0.866025,0.5,-0.866025,autumn_afternoon
1313480_clip008_s000,resources/site_257_bowra-dry-a/downloaded_clips/site_257_item_1313480/site_257_item_1313480_clip_008.webm,afternoon,autumn,-0.5,-0.866025,0.5,-0.866025,autumn_afternoon
1313480_clip009_s000,resources/site_257_bowra-dry-a/downloaded_clips/site_257_item_1313480/site_257_item_1313480_clip_009.webm,afternoon,autumn,-0.5,-0.866025,0.5,-0.866025,autumn_afternoon
1313480_clip009_s001,resources/site_257_bowra-dry-a/downloaded_clips/site_257_item_1313480/site_257_item_1313480_clip_009.webm,afternoon,autumn,-0.5,-0.866025,0.5,-0.866025,autumn_afternoon
1313480_clip009_s002,resources/site_257_bowra-dry-a/downloaded_clips/site_257_item_1313480/site_257_item_1313480_clip_009.webm,afternoon,autumn,-0.5,-0.866025,0.5,-0.866025,autumn_afternoon
1313480_clip013_s000,resources/site_257_bowra-dry-a/downloaded_clips/site_257_item_1313480/site_257_item_1313480_clip_013.webm,afternoon,autumn,-0.5,-0.866025,0.5,-0.866025,autumn_afternoon
1313480_clip013_s001,resources/site_257_bowra-dry-a/downloaded_clips/site_257_item_1313480/site_257_item_1313480_clip_013.webm,afternoon,autumn,-0.5,-0.866025,0.5,-0.866025,autumn_afternoon
1313480_clip013_s002,resources/site_257_bowra-dry-a/downloaded_clips/site_257_item_1313480/site_257_item_1313480_clip_013.webm,afternoon,autumn,-0.5,-0.866025,0.5,-0.866025,autumn_afternoon
1313480_clip015_s000,resources/site_257_bowra-dry-a/downloaded_clips/site_257_item_1313480/site_257_item_1313480_clip_015.webm,afternoon,autumn,-0.5,-0.866025,0.5,-0.866025,autumn_afternoon
1313480_clip015_s001,resources/site_257_bowra-dry-a/downloaded_clips/site_257_item_1313480/site_257_item_1313480_clip_015.webm,afternoon,autumn,-0.5,-0.866025,0.5,-0.866025,autumn_afternoon
1313480_clip015_s002,resources/site_257_bowra-dry-a/downloaded_clips/site_257_item_1313480/site_257_item_1313480_clip_015.webm,afternoon,autumn,-0.5,-0.866025,0.5,-0.866025,autumn_afternoon
1313480_clip015_s003,resources/site_257_bowra-dry-a/downloaded_clips/site_257_item_1313480/site_257_item_1313480_clip_015.webm,afternoon,autumn,-0.5,-0.866025,0.5,-0.866025,autumn_afternoon
1313480_clip015_s004,resources/site_257_bowra-dry-a/downloaded_clips/site_257_item_1313480/site_257_item_1313480_clip_015.webm,afternoon,autumn,-0.5,-0.866025,0.5,-0.866025,autumn_afternoon
1313480_clip018_s000,resources/site_257_bowra-dry-a/downloaded_clips/site_257_item_1313480/site_257_item_1313480_clip_018.webm,afternoon,autumn,-0.5,-0.866025,0.5,-0.866025,autumn_afternoon
1313480_clip018_s001,resources/site_257_bowra-dry-a/downloaded_clips/site_257_item_1313480/site_257_item_1313480_clip_018.webm,afternoon,autumn,-0.5,-0.866025,0.5,-0.866025,autumn_afternoon
1313480_clip018_s002,resources/site_257_bowra-dry-a/downloaded_clips/site_257_item_1313480/site_257_item_1313480_clip_018.webm,afternoon,autumn,-0.5,-0.866025,0.5,-0.866025,autumn_afternoon
1313480_clip018_s003,resources/site_257_bowra-dry-a/downloaded_clips/site_257_item_1313480/site_257_item_1313480_clip_018.webm,afternoon,autumn,-0.5,-0.866025,0.5,-0.866025,autumn_afternoon
1313480_clip019_s000,resources/site_257_bowra-dry-a/downloaded_clips/site_257_item_1313480/site_257_item_1313480_clip_019.webm,afternoon,autumn,-0.5,-0.866025,0.5,-0.866025,autumn_afternoon
1313480_clip019_s001,resources/site_257_bowra-dry-a/downloaded_clips/site_257_item_1313480/site_257_item_1313480_clip_019.webm,afternoon,autumn,-0.5,-0.866025,0.5,-0.866025,autumn_afternoon
1313480_clip020_s000,resources/site_257_bowra-dry-a/downloaded_clips/site_257_item_1313480/site_257_item_1313480_clip_020.webm,afternoon,autumn,-0.5,-0.866025,0.5,-0.866025,autumn_afternoon
1313480_clip020_s001,resources/site_257_bowra-dry-a/downloaded_clips/site_257_item_1313480/site_257_item_1313480_clip_020.webm,afternoon,autumn,-0.5,-0.866025,0.5,-0.866025,autumn_afternoon
1313480_clip023_s000,resources/site_257_bowra-dry-a/downloaded_clips/site_257_item_1313480/site_257_item_1313480_clip_023.webm,afternoon,autumn,-0.5,-0.866025,0.5,-0.866025,autumn_afternoon
1313480_clip024_s000,resources/site_257_bowra-dry-a/downloaded_clips/site_257_item_1313480/site_257_item_1313480_clip_024.webm,afternoon,autumn,-0.5,-0.866025,0.5,-0.866025,autumn_afternoon
1402577_clip009_s000,resources/site_257_bowra-dry-a/downloaded_clips/site_257_item_1402577/site_257_item_1402577_clip_009.webm,afternoon,autumn,0.0,-1.0,1.0,0.0,autumn_afternoon
1402577_clip011_s000,resources/site_257_bowra-dry-a/downloaded_clips/site_257_item_1402577/site_257_item_1402577_clip_011.webm,afternoon,autumn,0.0,-1.0,1.0,0.0,autumn_afternoon
1402577_clip021_s000,resources/site_257_bowra-dry-a/downloaded_clips/site_257_item_1402577/site_257_item_1402577_clip_021.webm,afternoon,autumn,0.0,-1.0,1.0,0.0,autumn_afternoon
1402577_clip023_s000,resources/site_257_bowra-dry-a/downloaded_clips/site_257_item_1402577/site_257_item_1402577_clip_023.webm,afternoon,autumn,0.0,-1.0,1.0,0.0,autumn_afternoon
1535281_clip005_s000,resources/site_257_bowra-dry-a/downloaded_clips/site_257_item_1535281/site_257_item_1535281_clip_005.webm,afternoon,autumn,-0.5,-0.866025,0.5,-0.866025,autumn_afternoon
1535281_clip005_s001,resources/site_257_bowra-dry-a/downloaded_clips/site_257_item_1535281/site_257_item_1535281_clip_005.webm,afternoon,autumn,-0.5,-0.866025,0.5,-0.866025,autumn_afternoon
1535281_clip005_s002,resources/site_257_bowra-dry-a/downloaded_clips/site_257_item_1535281/site_257_item_1535281_clip_005.webm,afternoon,autumn,-0.5,-0.866025,0.5,-0.866025,autumn_afternoon
1535281_clip005_s003,resources/site_257_bowra-dry-a/downloaded_clips/site_257_item_1535281/site_257_item_1535281_clip_005.webm,afternoon,autumn,-0.5,-0.866025,0.5,-0.866025,autumn_afternoon
1535281_clip005_s004,resources/site_257_bowra-dry-a/downloaded_clips/site_257_item_1535281/site_257_item_1535281_clip_005.webm,afternoon,autumn,-0.5,-0.866025,0.5,-0.866025,autumn_afternoon
1535281_clip006_s000,resources/site_257_bowra-dry-a/downloaded_clips/site_257_item_1535281/site_257_item_1535281_clip_006.webm,afternoon,autumn,-0.5,-0.866025,0.5,-0.866025,autumn_afternoon
1535281_clip006_s001,resources/site_257_bowra-dry-a/downloaded_clips/site_257_item_1535281/site_257_item_1535281_clip_006.webm,afternoon,autumn,-0.5,-0.866025,0.5,-0.866025,autumn_afternoon
1535281_clip006_s002,resources/site_257_bowra-dry-a/downloaded_clips/site_257_item_1535281/site_257_item_1535281_clip_006.webm,afternoon,autumn,-0.5,-0.866025,0.5,-0.866025,autumn_afternoon
1535281_clip006_s003,resources/site_257_bowra-dry-a/downloaded_clips/site_257_item_1535281/site_257_item_1535281_clip_006.webm,afternoon,autumn,-0.5,-0.866025,0.5,-0.866025,autumn_afternoon
1535281_clip018_s000,resources/site_257_bowra-dry-a/downloaded_clips/site_257_item_1535281/site_257_item_1535281_clip_018.webm,afternoon,autumn,-0.5,-0.866025,0.5,-0.866025,autumn_afternoon
1535281_clip022_s000,resources/site_257_bowra-dry-a/downloaded_clips/site_257_item_1535281/site_257_item_1535281_clip_022.webm,afternoon,autumn,-0.5,-0.866025,0.5,-0.866025,autumn_afternoon
1535281_clip023_s000,resources/site_257_bowra-dry-a/downloaded_clips/site_257_item_1535281/site_257_item_1535281_clip_023.webm,afternoon,autumn,-0.5,-0.866025,0.5,-0.866025,autumn_afternoon
1535281_clip023_s001,resources/site_257_bowra-dry-a/downloaded_clips/site_257_item_1535281/site_257_item_1535281_clip_023.webm,afternoon,autumn,-0.5,-0.866025,0.5,-0.866025,autumn_afternoon
1535281_clip023_s002,resources/site_257_bowra-dry-a/downloaded_clips/site_257_item_1535281/site_257_item_1535281_clip_023.webm,afternoon,autumn,-0.5,-0.866025,0.5,-0.866025,autumn_afternoon
1535281_clip023_s003,resources/site_257_bowra-dry-a/downloaded_clips/site_257_item_1535281/site_257_item_1535281_clip_023.webm,afternoon,autumn,-0.5,-0.866025,0.5,-0.866025,autumn_afternoon
1535281_clip023_s004,resources/site_257_bowra-dry-a/downloaded_clips/site_257_item_1535281/site_257_item_1535281_clip_023.webm,afternoon,autumn,-0.5,-0.866025,0.5,-0.866025,autumn_afternoon
1535770_clip009_s000,resources/site_257_bowra-dry-a/downloaded_clips/site_257_item_1535770/site_257_item_1535770_clip_009.webm,afternoon,autumn,-0.5,-0.866025,1.0,0.0,autumn_afternoon
1535770_clip011_s000,resources/site_257_bowra-dry-a/downloaded_clips/site_257_item_1535770/site_257_item_1535770_clip_011.webm,afternoon,autumn,-0.5,-0.866025,1.0,0.0,autumn_afternoon
1535770_clip023_s000,resources/site_257_bowra-dry-a/downloaded_clips/site_257_item_1535770/site_257_item_1535770_clip_023.webm,afternoon,autumn,-0.5,-0.866025,1.0,0.0,autumn_afternoon
1536130_clip002_s000,resources/site_257_bowra-dry-a/downloaded_clips/site_257_item_1536130/site_257_item_1536130_clip_002.webm,afternoon,autumn,-0.5,-0.866025,0.866025,-0.5,autumn_afternoon
1536130_clip004_s000,resources/site_257_bowra-dry-a/downloaded_clips/site_257_item_1536130/site_257_item_1536130_clip_004.webm,afternoon,autumn,-0.5,-0.866025,0.866025,-0.5,autumn_afternoon
1536130_clip007_s000,resources/site_257_bowra-dry-a/downloaded_clips/site_257_item_1536130/site_257_item_1536130_clip_007.webm,afternoon,autumn,-0.5,-0.866025,0.866025,-0.5,autumn_afternoon
1536130_clip014_s000,resources/site_257_bowra-dry-a/downloaded_clips/site_257_item_1536130/site_257_item_1536130_clip_014.webm,afternoon,autumn,-0.5,-0.866025,0.866025,-0.5,autumn_afternoon
1536130_clip015_s000,resources/site_257_bowra-dry-a/downloaded_clips/site_257_item_1536130/site_257_item_1536130_clip_015.webm,afternoon,autumn,-0.5,-0.866025,0.866025,-0.5,autumn_afternoon
1536130_clip016_s000,resources/site_257_bowra-dry-a/downloaded_clips/site_257_item_1536130/site_257_item_1536130_clip_016.webm,afternoon,autumn,-0.5,-0.866025,0.866025,-0.5,autumn_afternoon
1536130_clip022_s000,resources/site_257_bowra-dry-a/downloaded_clips/site_257_item_1536130/site_257_item_1536130_clip_022.webm,afternoon,autumn,-0.5,-0.866025,0.866025,-0.5,autumn_afternoon
1536130_clip022_s001,resources/site_257_bowra-dry-a/downloaded_clips/site_257_item_1536130/site_257_item_1536130_clip_022.webm,afternoon,autumn,-0.5,-0.866025,0.866025,-0.5,autumn_afternoon
1536463_clip001_s000,resources/site_257_bowra-dry-a/downloaded_clips/site_257_item_1536463/site_257_item_1536463_clip_001.webm,afternoon,autumn,-0.5,-0.866025,0.866025,-0.5,autumn_afternoon
1536463_clip007_s000,resources/site_257_bowra-dry-a/downloaded_clips/site_257_item_1536463/site_257_item_1536463_clip_007.webm,afternoon,autumn,-0.5,-0.866025,0.866025,-0.5,autumn_afternoon
1536463_clip008_s000,resources/site_257_bowra-dry-a/downloaded_clips/site_257_item_1536463/site_257_item_1536463_clip_008.webm,afternoon,autumn,-0.5,-0.866025,0.866025,-0.5,autumn_afternoon
1536463_clip009_s000,resources/site_257_bowra-dry-a/downloaded_clips/site_257_item_1536463/site_257_item_1536463_clip_009.webm,afternoon,autumn,-0.5,-0.866025,0.866025,-0.5,autumn_afternoon
1536463_clip009_s001,resources/site_257_bowra-dry-a/downloaded_clips/site_257_item_1536463/site_257_item_1536463_clip_009.webm,afternoon,autumn,-0.5,-0.866025,0.866025,-0.5,autumn_afternoon
1536463_clip010_s000,resources/site_257_bowra-dry-a/downloaded_clips/site_257_item_1536463/site_257_item_1536463_clip_010.webm,afternoon,autumn,-0.5,-0.866025,0.866025,-0.5,autumn_afternoon
1536463_clip012_s000,resources/site_257_bowra-dry-a/downloaded_clips/site_257_item_1536463/site_257_item_1536463_clip_012.webm,afternoon,autumn,-0.5,-0.866025,0.866025,-0.5,autumn_afternoon
1536463_clip020_s000,resources/site_257_bowra-dry-a/downloaded_clips/site_257_item_1536463/site_257_item_1536463_clip_020.webm,afternoon,autumn,-0.5,-0.866025,0.866025,-0.5,autumn_afternoon
1536463_clip020_s001,resources/site_257_bowra-dry-a/downloaded_clips/site_257_item_1536463/site_257_item_1536463_clip_020.webm,afternoon,autumn,-0.5,-0.866025,0.866025,-0.5,autumn_afternoon
1536463_clip021_s000,resources/site_257_bowra-dry-a/downloaded_clips/site_257_item_1536463/site_257_item_1536463_clip_021.webm,afternoon,autumn,-0.5,-0.866025,0.866025,-0.5,autumn_afternoon
1536463_clip021_s001,resources/site_257_bowra-dry-a/downloaded_clips/site_257_item_1536463/site_257_item_1536463_clip_021.webm,afternoon,autumn,-0.5,-0.866025,0.866025,-0.5,autumn_afternoon
1536559_clip001_s000,resources/site_257_bowra-dry-a/downloaded_clips/site_257_item_1536559/site_257_item_1536559_clip_001.webm,afternoon,autumn,-0.5,-0.866025,0.5,-0.866025,autumn_afternoon
1536559_clip001_s001,resources/site_257_bowra-dry-a/downloaded_clips/site_257_item_1536559/site_257_item_1536559_clip_001.webm,afternoon,autumn,-0.5,-0.866025,0.5,-0.866025,autumn_afternoon
1536559_clip001_s002,resources/site_257_bowra-dry-a/downloaded_clips/site_257_item_1536559/site_257_item_1536559_clip_001.webm,afternoon,autumn,-0.5,-0.866025,0.5,-0.866025,autumn_afternoon
1536559_clip002_s000,resources/site_257_bowra-dry-a/downloaded_clips/site_257_item_1536559/site_257_item_1536559_clip_002.webm,afternoon,autumn,-0.5,-0.866025,0.5,-0.866025,autumn_afternoon
1536559_clip002_s001,resources/site_257_bowra-dry-a/downloaded_clips/site_257_item_1536559/site_257_item_1536559_clip_002.webm,afternoon,autumn,-0.5,-0.866025,0.5,-0.866025,autumn_afternoon
1536559_clip006_s000,resources/site_257_bowra-dry-a/downloaded_clips/site_257_item_1536559/site_257_item_1536559_clip_006.webm,afternoon,autumn,-0.5,-0.866025,0.5,-0.866025,autumn_afternoon
1536559_clip007_s000,resources/site_257_bowra-dry-a/downloaded_clips/site_257_item_1536559/site_257_item_1536559_clip_007.webm,afternoon,autumn,-0.5,-0.866025,0.5,-0.866025,autumn_afternoon
1536559_clip014_s000,resources/site_257_bowra-dry-a/downloaded_clips/site_257_item_1536559/site_257_item_1536559_clip_014.webm,afternoon,autumn,-0.5,-0.866025,0.5,-0.866025,autumn_afternoon
1536559_clip015_s000,resources/site_257_bowra-dry-a/downloaded_clips/site_257_item_1536559/site_257_item_1536559_clip_015.webm,afternoon,autumn,-0.5,-0.866025,0.5,-0.866025,autumn_afternoon
1536559_clip015_s001,resources/site_257_bowra-dry-a/downloaded_clips/site_257_item_1536559/site_257_item_1536559_clip_015.webm,afternoon,autumn,-0.5,-0.866025,0.5,-0.866025,autumn_afternoon
1536559_clip015_s002,resources/site_257_bowra-dry-a/downloaded_clips/site_257_item_1536559/site_257_item_1536559_clip_015.webm,afternoon,autumn,-0.5,-0.866025,0.5,-0.866025,autumn_afternoon
1536559_clip018_s000,resources/site_257_bowra-dry-a/downloaded_clips/site_257_item_1536559/site_257_item_1536559_clip_018.webm,afternoon,autumn,-0.5,-0.866025,0.5,-0.866025,autumn_afternoon
1536559_clip019_s000,resources/site_257_bowra-dry-a/downloaded_clips/site_257_item_1536559/site_257_item_1536559_clip_019.webm,afternoon,autumn,-0.5,-0.866025,0.5,-0.866025,autumn_afternoon
1670408_clip001_s000,resources/site_257_bowra-dry-a/downloaded_clips/site_257_item_1670408/site_257_item_1670408_clip_001.webm,afternoon,autumn,-0.5,-0.866025,1.0,0.0,autumn_afternoon
1670408_clip009_s000,resources/site_257_bowra-dry-a/downloaded_clips/site_257_item_1670408/site_257_item_1670408_clip_009.webm,afternoon,autumn,-0.5,-0.866025,1.0,0.0,autumn_afternoon
1670408_clip009_s001,resources/site_257_bowra-dry-a/downloaded_clips/site_257_item_1670408/site_257_item_1670408_clip_009.webm,afternoon,autumn,-0.5,-0.866025,1.0,0.0,autumn_afternoon
1670408_clip009_s002,resources/site_257_bowra-dry-a/downloaded_clips/site_257_item_1670408/site_257_item_1670408_clip_009.webm,afternoon,autumn,-0.5,-0.866025,1.0,0.0,autumn_afternoon
1670408_clip023_s000,resources/site_257_bowra-dry-a/downloaded_clips/site_257_item_1670408/site_257_item_1670408_clip_023.webm,afternoon,autumn,-0.5,-0.866025,1.0,0.0,autumn_afternoon
1670408_clip023_s001,resources/site_257_bowra-dry-a/downloaded_clips/site_257_item_1670408/site_257_item_1670408_clip_023.webm,afternoon,autumn,-0.5,-0.866025,1.0,0.0,autumn_afternoon
1672094_clip002_s000,resources/site_257_bowra-dry-a/downloaded_clips/site_257_item_1672094/site_257_item_1672094_clip_002.webm,afternoon,autumn,-0.258819,-0.965926,0.866025,-0.5,autumn_afternoon
1672094_clip002_s001,resources/site_257_bowra-dry-a/downloaded_clips/site_257_item_1672094/site_257_item_1672094_clip_002.webm,afternoon,autumn,-0.258819,-0.965926,0.866025,-0.5,autumn_afternoon
1672094_clip002_s002,resources/site_257_bowra-dry-a/downloaded_clips/site_257_item_1672094/site_257_item_1672094_clip_002.webm,afternoon,autumn,-0.258819,-0.965926,0.866025,-0.5,autumn_afternoon
1672094_clip002_s003,resources/site_257_bowra-dry-a/downloaded_clips/site_257_item_1672094/site_257_item_1672094_clip_002.webm,afternoon,autumn,-0.258819,-0.965926,0.866025,-0.5,autumn_afternoon
1672094_clip004_s000,resources/site_257_bowra-dry-a/downloaded_clips/site_257_item_1672094/site_257_item_1672094_clip_004.webm,afternoon,autumn,-0.258819,-0.965926,0.866025,-0.5,autumn_afternoon
1672094_clip005_s000,resources/site_257_bowra-dry-a/downloaded_clips/site_257_item_1672094/site_257_item_1672094_clip_005.webm,afternoon,autumn,-0.258819,-0.965926,0.866025,-0.5,autumn_afternoon
1672094_clip005_s001,resources/site_257_bowra-dry-a/downloaded_clips/site_257_item_1672094/site_257_item_1672094_clip_005.webm,afternoon,autumn,-0.258819,-0.965926,0.866025,-0.5,autumn_afternoon
1672094_clip005_s002,resources/site_257_bowra-dry-a/downloaded_clips/site_257_item_1672094/site_257_item_1672094_clip_005.webm,afternoon,autumn,-0.258819,-0.965926,0.866025,-0.5,autumn_afternoon
1672094_clip005_s003,resources/site_257_bowra-dry-a/downloaded_clips/site_257_item_1672094/site_257_item_1672094_clip_005.webm,afternoon,autumn,-0.258819,-0.965926,0.866025,-0.5,autumn_afternoon
1672094_clip005_s004,resources/site_257_bowra-dry-a/downloaded_clips/site_257_item_1672094/site_257_item_1672094_clip_005.webm,afternoon,autumn,-0.258819,-0.965926,0.866025,-0.5,autumn_afternoon
1672094_clip005_s005,resources/site_257_bowra-dry-a/downloaded_clips/site_257_item_1672094/site_257_item_1672094_clip_005.webm,afternoon,autumn,-0.258819,-0.965926,0.866025,-0.5,autumn_afternoon
1672094_clip006_s000,resources/site_257_bowra-dry-a/downloaded_clips/site_257_item_1672094/site_257_item_1672094_clip_006.webm,afternoon,autumn,-0.258819,-0.965926,0.866025,-0.5,autumn_afternoon
1672923_clip001_s000,resources/site_257_bowra-dry-a/downloaded_clips/site_257_item_1672923/site_257_item_1672923_clip_001.webm,afternoon,autumn,-0.258819,-0.965926,0.5,-0.866025,autumn_afternoon
1672923_clip001_s001,resources/site_257_bowra-dry-a/downloaded_clips/site_257_item_1672923/site_257_item_1672923_clip_001.webm,afternoon,autumn,-0.258819,-0.965926,0.5,-0.866025,autumn_afternoon
1676142_clip001_s000,resources/site_257_bowra-dry-a/downloaded_clips/site_257_item_1676142/site_257_item_1676142_clip_001.webm,afternoon,autumn,0.0,-1.0,0.866025,-0.5,autumn_afternoon
1676142_clip005_s000,resources/site_257_bowra-dry-a/downloaded_clips/site_257_item_1676142/site_257_item_1676142_clip_005.webm,afternoon,autumn,0.0,-1.0,0.866025,-0.5,autumn_afternoon
1676142_clip009_s000,resources/site_257_bowra-dry-a/downloaded_clips/site_257_item_1676142/site_257_item_1676142_clip_009.webm,afternoon,autumn,0.0,-1.0,0.866025,-0.5,autumn_afternoon
1676142_clip010_s000,resources/site_257_bowra-dry-a/downloaded_clips/site_257_item_1676142/site_257_item_1676142_clip_010.webm,afternoon,autumn,0.0,-1.0,0.866025,-0.5,autumn_afternoon
1676142_clip012_s000,resources/site_257_bowra-dry-a/downloaded_clips/site_257_item_1676142/site_257_item_1676142_clip_012.webm,afternoon,autumn,0.0,-1.0,0.866025,-0.5,autumn_afternoon
1676142_clip014_s000,resources/site_257_bowra-dry-a/downloaded_clips/site_257_item_1676142/site_257_item_1676142_clip_014.webm,afternoon,autumn,0.0,-1.0,0.866025,-0.5,autumn_afternoon
1676142_clip014_s001,resources/site_257_bowra-dry-a/downloaded_clips/site_257_item_1676142/site_257_item_1676142_clip_014.webm,afternoon,autumn,0.0,-1.0,0.866025,-0.5,autumn_afternoon
1676142_clip014_s002,resources/site_257_bowra-dry-a/downloaded_clips/site_257_item_1676142/site_257_item_1676142_clip_014.webm,afternoon,autumn,0.0,-1.0,0.866025,-0.5,autumn_afternoon
1676142_clip014_s003,resources/site_257_bowra-dry-a/downloaded_clips/site_257_item_1676142/site_257_item_1676142_clip_014.webm,afternoon,autumn,0.0,-1.0,0.866025,-0.5,autumn_afternoon
1676142_clip014_s004,resources/site_257_bowra-dry-a/downloaded_clips/site_257_item_1676142/site_257_item_1676142_clip_014.webm,afternoon,autumn,0.0,-1.0,0.866025,-0.5,autumn_afternoon
1676142_clip016_s000,resources/site_257_bowra-dry-a/downloaded_clips/site_257_item_1676142/site_257_item_1676142_clip_016.webm,afternoon,autumn,0.0,-1.0,0.866025,-0.5,autumn_afternoon
1676142_clip016_s001,resources/site_257_bowra-dry-a/downloaded_clips/site_257_item_1676142/site_257_item_1676142_clip_016.webm,afternoon,autumn,0.0,-1.0,0.866025,-0.5,autumn_afternoon
1676142_clip016_s002,resources/site_257_bowra-dry-a/downloaded_clips/site_257_item_1676142/site_257_item_1676142_clip_016.webm,afternoon,autumn,0.0,-1.0,0.866025,-0.5,autumn_afternoon
1679611_clip011_s000,resources/site_257_bowra-dry-a/downloaded_clips/site_257_item_1679611/site_257_item_1679611_clip_011.webm,afternoon,autumn,-0.5,-0.866025,1.0,0.0,autumn_afternoon
1681672_clip008_s000,resources/site_257_bowra-dry-a/downloaded_clips/site_257_item_1681672/site_257_item_1681672_clip_008.webm,afternoon,autumn,-0.5,-0.866025,0.5,-0.866025,autumn_afternoon
1681672_clip013_s000,resources/site_257_bowra-dry-a/downloaded_clips/site_257_item_1681672/site_257_item_1681672_clip_013.webm,afternoon,autumn,-0.5,-0.866025,0.5,-0.866025,autumn_afternoon
1681672_clip015_s000,resources/site_257_bowra-dry-a/downloaded_clips/site_257_item_1681672/site_257_item_1681672_clip_015.webm,afternoon,autumn,-0.5,-0.866025,0.5,-0.866025,autumn_afternoon
1681672_clip015_s001,resources/site_257_bowra-dry-a/downloaded_clips/site_257_item_1681672/site_257_item_1681672_clip_015.webm,afternoon,autumn,-0.5,-0.866025,0.5,-0.866025,autumn_afternoon
1681672_clip015_s002,resources/site_257_bowra-dry-a/downloaded_clips/site_257_item_1681672/site_257_item_1681672_clip_015.webm,afternoon,autumn,-0.5,-0.866025,0.5,-0.866025,autumn_afternoon
1681672_clip015_s003,resources/site_257_bowra-dry-a/downloaded_clips/site_257_item_1681672/site_257_item_1681672_clip_015.webm,afternoon,autumn,-0.5,-0.866025,0.5,-0.866025,autumn_afternoon
1681672_clip015_s004,resources/site_257_bowra-dry-a/downloaded_clips/site_257_item_1681672/site_257_item_1681672_clip_015.webm,afternoon,autumn,-0.5,-0.866025,0.5,-0.866025,autumn_afternoon
1681672_clip015_s005,resources/site_257_bowra-dry-a/downloaded_clips/site_257_item_1681672/site_257_item_1681672_clip_015.webm,afternoon,autumn,-0.5,-0.866025,0.5,-0.866025,autumn_afternoon
1681672_clip015_s006,resources/site_257_bowra-dry-a/downloaded_clips/site_257_item_1681672/site_257_item_1681672_clip_015.webm,afternoon,autumn,-0.5,-0.866025,0.5,-0.866025,autumn_afternoon
1681672_clip016_s000,resources/site_257_bowra-dry-a/downloaded_clips/site_257_item_1681672/site_257_item_1681672_clip_016.webm,afternoon,autumn,-0.5,-0.866025,0.5,-0.866025,autumn_afternoon
1681672_clip020_s000,resources/site_257_bowra-dry-a/downloaded_clips/site_257_item_1681672/site_257_item_1681672_clip_020.webm,afternoon,autumn,-0.5,-0.866025,0.5,-0.866025,autumn_afternoon
1681672_clip021_s000,resources/site_257_bowra-dry-a/downloaded_clips/site_257_item_1681672/site_257_item_1681672_clip_021.webm,afternoon,autumn,-0.5,-0.866025,0.5,-0.866025,autumn_afternoon
1681672_clip021_s001,resources/site_257_bowra-dry-a/downloaded_clips/site_257_item_1681672/site_257_item_1681672_clip_021.webm,afternoon,autumn,-0.5,-0.866025,0.5,-0.866025,autumn_afternoon
1681672_clip021_s002,resources/site_257_bowra-dry-a/downloaded_clips/site_257_item_1681672/site_257_item_1681672_clip_021.webm,afternoon,autumn,-0.5,-0.866025,0.5,-0.866025,autumn_afternoon
1681672_clip021_s003,resources/site_257_bowra-dry-a/downloaded_clips/site_257_item_1681672/site_257_item_1681672_clip_021.webm,afternoon,autumn,-0.5,-0.866025,0.5,-0.866025,autumn_afternoon
1681672_clip021_s004,resources/site_257_bowra-dry-a/downloaded_clips/site_257_item_1681672/site_257_item_1681672_clip_021.webm,afternoon,autumn,-0.5,-0.866025,0.5,-0.866025,autumn_afternoon
1681672_clip021_s005,resources/site_257_bowra-dry-a/downloaded_clips/site_257_item_1681672/site_257_item_1681672_clip_021.webm,afternoon,autumn,-0.5,-0.866025,0.5,-0.866025,autumn_afternoon
1681672_clip021_s006,resources/site_257_bowra-dry-a/downloaded_clips/site_257_item_1681672/site_257_item_1681672_clip_021.webm,afternoon,autumn,-0.5,-0.866025,0.5,-0.866025,autumn_afternoon
1681672_clip021_s007,resources/site_257_bowra-dry-a/downloaded_clips/site_257_item_1681672/site_257_item_1681672_clip_021.webm,afternoon,autumn,-0.5,-0.866025,0.5,-0.866025,autumn_afternoon
1681672_clip022_s000,resources/site_257_bowra-dry-a/downloaded_clips/site_257_item_1681672/site_257_item_1681672_clip_022.webm,afternoon,autumn,-0.5,-0.866025,0.5,-0.866025,autumn_afternoon
1681672_clip022_s001,resources/site_257_bowra-dry-a/downloaded_clips/site_257_item_1681672/site_257_item_1681672_clip_022.webm,afternoon,autumn,-0.5,-0.866025,0.5,-0.866025,autumn_afternoon
1681672_clip023_s000,resources/site_257_bowra-dry-a/downloaded_clips/site_257_item_1681672/site_257_item_1681672_clip_023.webm,afternoon,autumn,-0.5,-0.866025,0.5,-0.866025,autumn_afternoon
216095_clip001_s000,resources/site_257_bowra-dry-a/downloaded_clips/site_257_item_216095/site_257_item_216095_clip_001.webm,afternoon,autumn,-0.5,-0.866025,1.0,0.0,autumn_afternoon
216095_clip003_s000,resources/site_257_bowra-dry-a/downloaded_clips/site_257_item_216095/site_257_item_216095_clip_003.webm,afternoon,autumn,-0.5,-0.866025,1.0,0.0,autumn_afternoon
216095_clip006_s000,resources/site_257_bowra-dry-a/downloaded_clips/site_257_item_216095/site_257_item_216095_clip_006.webm,afternoon,autumn,-0.5,-0.866025,1.0,0.0,autumn_afternoon
216095_clip006_s001,resources/site_257_bowra-dry-a/downloaded_clips/site_257_item_216095/site_257_item_216095_clip_006.webm,afternoon,autumn,-0.5,-0.866025,1.0,0.0,autumn_afternoon
216095_clip007_s000,resources/site_257_bowra-dry-a/downloaded_clips/site_257_item_216095/site_257_item_216095_clip_007.webm,afternoon,autumn,-0.5,-0.866025,1.0,0.0,autumn_afternoon
216095_clip007_s001,resources/site_257_bowra-dry-a/downloaded_clips/site_257_item_216095/site_257_item_216095_clip_007.webm,afternoon,autumn,-0.5,-0.866025,1.0,0.0,autumn_afternoon
216095_clip010_s000,resources/site_257_bowra-dry-a/downloaded_clips/site_257_item_216095/site_257_item_216095_clip_010.webm,afternoon,autumn,-0.5,-0.866025,1.0,0.0,autumn_afternoon
216095_clip010_s001,resources/site_257_bowra-dry-a/downloaded_clips/site_257_item_216095/site_257_item_216095_clip_010.webm,afternoon,autumn,-0.5,-0.866025,1.0,0.0,autumn_afternoon
216095_clip011_s000,resources/site_257_bowra-dry-a/downloaded_clips/site_257_item_216095/site_257_item_216095_clip_011.webm,afternoon,autumn,-0.5,-0.866025,1.0,0.0,autumn_afternoon
216095_clip011_s001,resources/site_257_bowra-dry-a/downloaded_clips/site_257_item_216095/site_257_item_216095_clip_011.webm,afternoon,autumn,-0.5,-0.866025,1.0,0.0,autumn_afternoon
216095_clip012_s000,resources/site_257_bowra-dry-a/downloaded_clips/site_257_item_216095/site_257_item_216095_clip_012.webm,afternoon,autumn,-0.5,-0.866025,1.0,0.0,autumn_afternoon
216095_clip016_s000,resources/site_257_bowra-dry-a/downloaded_clips/site_257_item_216095/site_257_item_216095_clip_016.webm,afternoon,autumn,-0.5,-0.866025,1.0,0.0,autumn_afternoon
216095_clip016_s001,resources/site_257_bowra-dry-a/downloaded_clips/site_257_item_216095/site_257_item_216095_clip_016.webm,afternoon,autumn,-0.5,-0.866025,1.0,0.0,autumn_afternoon
216095_clip016_s002,resources/site_257_bowra-dry-a/downloaded_clips/site_257_item_216095/site_257_item_216095_clip_016.webm,afternoon,autumn,-0.5,-0.866025,1.0,0.0,autumn_afternoon
216095_clip016_s003,resources/site_257_bowra-dry-a/downloaded_clips/site_257_item_216095/site_257_item_216095_clip_016.webm,afternoon,autumn,-0.5,-0.866025,1.0,0.0,autumn_afternoon
216095_clip017_s000,resources/site_257_bowra-dry-a/downloaded_clips/site_257_item_216095/site_257_item_216095_clip_017.webm,afternoon,autumn,-0.5,-0.866025,1.0,0.0,autumn_afternoon
216301_clip012_s000,resources/site_257_bowra-dry-a/downloaded_clips/site_257_item_216301/site_257_item_216301_clip_012.webm,afternoon,autumn,-0.5,-0.866025,1.0,0.0,autumn_afternoon
216301_clip015_s000,resources/site_257_bowra-dry-a/downloaded_clips/site_257_item_216301/site_257_item_216301_clip_015.webm,afternoon,autumn,-0.5,-0.866025,1.0,0.0,autumn_afternoon
216470_clip010_s000,resources/site_257_bowra-dry-a/downloaded_clips/site_257_item_216470/site_257_item_216470_clip_010.webm,afternoon,autumn,-0.5,-0.866025,0.866025,-0.5,autumn_afternoon
216470_clip018_s000,resources/site_257_bowra-dry-a/downloaded_clips/site_257_item_216470/site_257_item_216470_clip_018.webm,afternoon,autumn,-0.5,-0.866025,0.866025,-0.5,autumn_afternoon
216470_clip019_s000,resources/site_257_bowra-dry-a/downloaded_clips/site_257_item_216470/site_257_item_216470_clip_019.webm,afternoon,autumn,-0.5,-0.866025,0.866025,-0.5,autumn_afternoon
216470_clip022_s000,resources/site_257_bowra-dry-a/downloaded_clips/site_257_item_216470/site_257_item_216470_clip_022.webm,afternoon,autumn,-0.5,-0.866025,0.866025,-0.5,autumn_afternoon
216601_clip007_s000,resources/site_257_bowra-dry-a/downloaded_clips/site_257_item_216601/site_257_item_216601_clip_007.webm,afternoon,autumn,-0.5,-0.866025,0.866025,-0.5,autumn_afternoon
216143_clip002_s000,resources/site_257_bowra-dry-a/downloaded_clips/site_257_item_216143/site_257_item_216143_clip_002.webm,afternoon,autumn,-0.5,-0.866025,1.0,0.0,autumn_afternoon
216143_clip006_s000,resources/site_257_bowra-dry-a/downloaded_clips/site_257_item_216143/site_257_item_216143_clip_006.webm,afternoon,autumn,-0.5,-0.866025,1.0,0.0,autumn_afternoon
216143_clip009_s000,resources/site_257_bowra-dry-a/downloaded_clips/site_257_item_216143/site_257_item_216143_clip_009.webm,afternoon,autumn,-0.5,-0.866025,1.0,0.0,autumn_afternoon
216143_clip013_s000,resources/site_257_bowra-dry-a/downloaded_clips/site_257_item_216143/site_257_item_216143_clip_013.webm,afternoon,autumn,-0.5,-0.866025,1.0,0.0,autumn_afternoon
216281_clip009_s000,resources/site_257_bowra-dry-a/downloaded_clips/site_257_item_216281/site_257_item_216281_clip_009.webm,afternoon,autumn,-0.5,-0.866025,1.0,0.0,autumn_afternoon
216281_clip010_s000,resources/site_257_bowra-dry-a/downloaded_clips/site_257_item_216281/site_257_item_216281_clip_010.webm,afternoon,autumn,-0.5,-0.866025,1.0,0.0,autumn_afternoon
216281_clip021_s000,resources/site_257_bowra-dry-a/downloaded_clips/site_257_item_216281/site_257_item_216281_clip_021.webm,afternoon,autumn,-0.5,-0.866025,1.0,0.0,autumn_afternoon
216579_clip003_s000,resources/site_257_bowra-dry-a/downloaded_clips/site_257_item_216579/site_257_item_216579_clip_003.webm,afternoon,autumn,-0.5,-0.866025,0.866025,-0.5,autumn_afternoon
216579_clip008_s000,resources/site_257_bowra-dry-a/downloaded_clips/site_257_item_216579/site_257_item_216579_clip_008.webm,afternoon,autumn,-0.5,-0.866025,0.866025,-0.5,autumn_afternoon
216598_clip004_s000,resources/site_257_bowra-dry-a/downloaded_clips/site_257_item_216598/site_257_item_216598_clip_004.webm,afternoon,autumn,0.0,-1.0,0.866025,-0.5,autumn_afternoon
216598_clip011_s000,resources/site_257_bowra-dry-a/downloaded_clips/site_257_item_216598/site_257_item_216598_clip_011.webm,afternoon,autumn,0.0,-1.0,0.866025,-0.5,autumn_afternoon
216598_clip011_s001,resources/site_257_bowra-dry-a/downloaded_clips/site_257_item_216598/site_257_item_216598_clip_011.webm,afternoon,autumn,0.0,-1.0,0.866025,-0.5,autumn_afternoon
216598_clip021_s000,resources/site_257_bowra-dry-a/downloaded_clips/site_257_item_216598/site_257_item_216598_clip_021.webm,afternoon,autumn,0.0,-1.0,0.866025,-0.5,autumn_afternoon
216626_clip013_s000,resources/site_257_bowra-dry-a/downloaded_clips/site_257_item_216626/site_257_item_216626_clip_013.webm,afternoon,autumn,-0.5,-0.866025,0.866025,-0.5,autumn_afternoon
216626_clip017_s000,resources/site_257_bowra-dry-a/downloaded_clips/site_257_item_216626/site_257_item_216626_clip_017.webm,afternoon,autumn,-0.5,-0.866025,0.866025,-0.5,autumn_afternoon
1312965_clip002_s000,resources/site_257_bowra-dry-a/downloaded_clips/site_257_item_1312965/site_257_item_1312965_clip_002.webm,afternoon,autumn,-0.5,-0.866025,0.866025,-0.5,autumn_afternoon
1312965_clip010_s000,resources/site_257_bowra-dry-a/downloaded_clips/site_257_item_1312965/site_257_item_1312965_clip_010.webm,afternoon,autumn,-0.5,-0.866025,0.866025,-0.5,autumn_afternoon
1312965_clip010_s001,resources/site_257_bowra-dry-a/downloaded_clips/site_257_item_1312965/site_257_item_1312965_clip_010.webm,afternoon,autumn,-0.5,-0.866025,0.866025,-0.5,autumn_afternoon
1312965_clip011_s000,resources/site_257_bowra-dry-a/downloaded_clips/site_257_item_1312965/site_257_item_1312965_clip_011.webm,afternoon,autumn,-0.5,-0.866025,0.866025,-0.5,autumn_afternoon
1312965_clip012_s000,resources/site_257_bowra-dry-a/downloaded_clips/site_257_item_1312965/site_257_item_1312965_clip_012.webm,afternoon,autumn,-0.5,-0.866025,0.866025,-0.5,autumn_afternoon
1312965_clip017_s000,resources/site_257_bowra-dry-a/downloaded_clips/site_257_item_1312965/site_257_item_1312965_clip_017.webm,afternoon,autumn,-0.5,-0.866025,0.866025,-0.5,autumn_afternoon
1312965_clip020_s000,resources/site_257_bowra-dry-a/downloaded_clips/site_257_item_1312965/site_257_item_1312965_clip_020.webm,afternoon,autumn,-0.5,-0.866025,0.866025,-0.5,autumn_afternoon
1312965_clip021_s000,resources/site_257_bowra-dry-a/downloaded_clips/site_257_item_1312965/site_257_item_1312965_clip_021.webm,afternoon,autumn,-0.5,-0.866025,0.866025,-0.5,autumn_afternoon
1312965_clip021_s001,resources/site_257_bowra-dry-a/downloaded_clips/site_257_item_1312965/site_257_item_1312965_clip_021.webm,afternoon,autumn,-0.5,-0.866025,0.866025,-0.5,autumn_afternoon
1313103_clip001_s000,resources/site_257_bowra-dry-a/downloaded_clips/site_257_item_1313103/site_257_item_1313103_clip_001.webm,afternoon,autumn,-0.5,-0.866025,0.866025,-0.5,autumn_afternoon
1313103_clip005_s000,resources/site_257_bowra-dry-a/downloaded_clips/site_257_item_1313103/site_257_item_1313103_clip_005.webm,afternoon,autumn,-0.5,-0.866025,0.866025,-0.5,autumn_afternoon
1313103_clip009_s000,resources/site_257_bowra-dry-a/downloaded_clips/site_257_item_1313103/site_257_item_1313103_clip_009.webm,afternoon,autumn,-0.5,-0.866025,0.866025,-0.5,autumn_afternoon
1313103_clip009_s001,resources/site_257_bowra-dry-a/downloaded_clips/site_257_item_1313103/site_257_item_1313103_clip_009.webm,afternoon,autumn,-0.5,-0.866025,0.866025,-0.5,autumn_afternoon
1313103_clip009_s002,resources/site_257_bowra-dry-a/downloaded_clips/site_257_item_1313103/site_257_item_1313103_clip_009.webm,afternoon,autumn,-0.5,-0.866025,0.866025,-0.5,autumn_afternoon
1313103_clip010_s000,resources/site_257_bowra-dry-a/downloaded_clips/site_257_item_1313103/site_257_item_1313103_clip_010.webm,afternoon,autumn,-0.5,-0.866025,0.866025,-0.5,autumn_afternoon
1313103_clip010_s001,resources/site_257_bowra-dry-a/downloaded_clips/site_257_item_1313103/site_257_item_1313103_clip_010.webm,afternoon,autumn,-0.5,-0.866025,0.866025,-0.5,autumn_afternoon
1313103_clip010_s002,resources/site_257_bowra-dry-a/downloaded_clips/site_257_item_1313103/site_257_item_1313103_clip_010.webm,afternoon,autumn,-0.5,-0.866025,0.866025,-0.5,autumn_afternoon
1313103_clip011_s000,resources/site_257_bowra-dry-a/downloaded_clips/site_257_item_1313103/site_257_item_1313103_clip_011.webm,afternoon,autumn,-0.5,-0.866025,0.866025,-0.5,autumn_afternoon
1313103_clip011_s001,resources/site_257_bowra-dry-a/downloaded_clips/site_257_item_1313103/site_257_item_1313103_clip_011.webm,afternoon,autumn,-0.5,-0.866025,0.866025,-0.5,autumn_afternoon
1313103_clip011_s002,resources/site_257_bowra-dry-a/downloaded_clips/site_257_item_1313103/site_257_item_1313103_clip_011.webm,afternoon,autumn,-0.5,-0.866025,0.866025,-0.5,autumn_afternoon
1313103_clip011_s003,resources/site_257_bowra-dry-a/downloaded_clips/site_257_item_1313103/site_257_item_1313103_clip_011.webm,afternoon,autumn,-0.5,-0.866025,0.866025,-0.5,autumn_afternoon
1313103_clip013_s000,resources/site_257_bowra-dry-a/downloaded_clips/site_257_item_1313103/site_257_item_1313103_clip_013.webm,afternoon,autumn,-0.5,-0.866025,0.866025,-0.5,autumn_afternoon
1313103_clip013_s001,resources/site_257_bowra-dry-a/downloaded_clips/site_257_item_1313103/site_257_item_1313103_clip_013.webm,afternoon,autumn,-0.5,-0.866025,0.866025,-0.5,autumn_afternoon
1313103_clip013_s002,resources/site_257_bowra-dry-a/downloaded_clips/site_257_item_1313103/site_257_item_1313103_clip_013.webm,afternoon,autumn,-0.5,-0.866025,0.866025,-0.5,autumn_afternoon
1313103_clip013_s003,resources/site_257_bowra-dry-a/downloaded_clips/site_257_item_1313103/site_257_item_1313103_clip_013.webm,afternoon,autumn,-0.5,-0.866025,0.866025,-0.5,autumn_afternoon
1313103_clip014_s000,resources/site_257_bowra-dry-a/downloaded_clips/site_257_item_1313103/site_257_item_1313103_clip_014.webm,afternoon,autumn,-0.5,-0.866025,0.866025,-0.5,autumn_afternoon
1313103_clip014_s001,resources/site_257_bowra-dry-a/downloaded_clips/site_257_item_1313103/site_257_item_1313103_clip_014.webm,afternoon,autumn,-0.5,-0.866025,0.866025,-0.5,autumn_afternoon
1313103_clip016_s000,resources/site_257_bowra-dry-a/downloaded_clips/site_257_item_1313103/site_257_item_1313103_clip_016.webm,afternoon,autumn,-0.5,-0.866025,0.866025,-0.5,autumn_afternoon
1313103_clip016_s001,resources/site_257_bowra-dry-a/downloaded_clips/site_257_item_1313103/site_257_item_1313103_clip_016.webm,afternoon,autumn,-0.5,-0.866025,0.866025,-0.5,autumn_afternoon
1313103_clip017_s000,resources/site_257_bowra-dry-a/downloaded_clips/site_257_item_1313103/site_257_item_1313103_clip_017.webm,afternoon,autumn,-0.5,-0.866025,0.866025,-0.5,autumn_afternoon
1313103_clip017_s001,resources/site_257_bowra-dry-a/downloaded_clips/site_257_item_1313103/site_257_item_1313103_clip_017.webm,afternoon,autumn,-0.5,-0.866025,0.866025,-0.5,autumn_afternoon
1313103_clip017_s002,resources/site_257_bowra-dry-a/downloaded_clips/site_257_item_1313103/site_257_item_1313103_clip_017.webm,afternoon,autumn,-0.5,-0.866025,0.866025,-0.5,autumn_afternoon
1313103_clip017_s003,resources/site_257_bowra-dry-a/downloaded_clips/site_257_item_1313103/site_257_item_1313103_clip_017.webm,afternoon,autumn,-0.5,-0.866025,0.866025,-0.5,autumn_afternoon
1313103_clip018_s000,resources/site_257_bowra-dry-a/downloaded_clips/site_257_item_1313103/site_257_item_1313103_clip_018.webm,afternoon,autumn,-0.5,-0.866025,0.866025,-0.5,autumn_afternoon
1313103_clip019_s000,resources/site_257_bowra-dry-a/downloaded_clips/site_257_item_1313103/site_257_item_1313103_clip_019.webm,afternoon,autumn,-0.5,-0.866025,0.866025,-0.5,autumn_afternoon
1313103_clip020_s000,resources/site_257_bowra-dry-a/downloaded_clips/site_257_item_1313103/site_257_item_1313103_clip_020.webm,afternoon,autumn,-0.5,-0.866025,0.866025,-0.5,autumn_afternoon
1313103_clip020_s001,resources/site_257_bowra-dry-a/downloaded_clips/site_257_item_1313103/site_257_item_1313103_clip_020.webm,afternoon,autumn,-0.5,-0.866025,0.866025,-0.5,autumn_afternoon
1313103_clip020_s002,resources/site_257_bowra-dry-a/downloaded_clips/site_257_item_1313103/site_257_item_1313103_clip_020.webm,afternoon,autumn,-0.5,-0.866025,0.866025,-0.5,autumn_afternoon
1313103_clip020_s003,resources/site_257_bowra-dry-a/downloaded_clips/site_257_item_1313103/site_257_item_1313103_clip_020.webm,afternoon,autumn,-0.5,-0.866025,0.866025,-0.5,autumn_afternoon
1313103_clip021_s000,resources/site_257_bowra-dry-a/downloaded_clips/site_257_item_1313103/site_257_item_1313103_clip_021.webm,afternoon,autumn,-0.5,-0.866025,0.866025,-0.5,autumn_afternoon
1313103_clip022_s000,resources/site_257_bowra-dry-a/downloaded_clips/site_257_item_1313103/site_257_item_1313103_clip_022.webm,afternoon,autumn,-0.5,-0.866025,0.866025,-0.5,autumn_afternoon
1313103_clip022_s001,resources/site_257_bowra-dry-a/downloaded_clips/site_257_item_1313103/site_257_item_1313103_clip_022.webm,afternoon,autumn,-0.5,-0.866025,0.866025,-0.5,autumn_afternoon
1313103_clip022_s002,resources/site_257_bowra-dry-a/downloaded_clips/site_257_item_1313103/site_257_item_1313103_clip_022.webm,afternoon,autumn,-0.5,-0.866025,0.866025,-0.5,autumn_afternoon
1313103_clip023_s000,resources/site_257_bowra-dry-a/downloaded_clips/site_257_item_1313103/site_257_item_1313103_clip_023.webm,afternoon,autumn,-0.5,-0.866025,0.866025,-0.5,autumn_afternoon
1313103_clip023_s001,resources/site_257_bowra-dry-a/downloaded_clips/site_257_item_1313103/site_257_item_1313103_clip_023.webm,afternoon,autumn,-0.5,-0.866025,0.866025,-0.5,autumn_afternoon
1313103_clip023_s002,resources/site_257_bowra-dry-a/downloaded_clips/site_257_item_1313103/site_257_item_1313103_clip_023.webm,afternoon,autumn,-0.5,-0.866025,0.866025,-0.5,autumn_afternoon
1313103_clip024_s000,resources/site_257_bowra-dry-a/downloaded_clips/site_257_item_1313103/site_257_item_1313103_clip_024.webm,afternoon,autumn,-0.5,-0.866025,0.866025,-0.5,autumn_afternoon
1313156_clip008_s000,resources/site_257_bowra-dry-a/downloaded_clips/site_257_item_1313156/site_257_item_1313156_clip_008.webm,afternoon,autumn,-0.5,-0.866025,0.866025,-0.5,autumn_afternoon
1313156_clip013_s000,resources/site_257_bowra-dry-a/downloaded_clips/site_257_item_1313156/site_257_item_1313156_clip_013.webm,afternoon,autumn,-0.5,-0.866025,0.866025,-0.5,autumn_afternoon
1313156_clip013_s001,resources/site_257_bowra-dry-a/downloaded_clips/site_257_item_1313156/site_257_item_1313156_clip_013.webm,afternoon,autumn,-0.5,-0.866025,0.866025,-0.5,autumn_afternoon
1313156_clip023_s000,resources/site_257_bowra-dry-a/downloaded_clips/site_257_item_1313156/site_257_item_1313156_clip_023.webm,afternoon,autumn,-0.5,-0.866025,0.866025,-0.5,autumn_afternoon
1313156_clip024_s000,resources/site_257_bowra-dry-a/downloaded_clips/site_257_item_1313156/site_257_item_1313156_clip_024.webm,afternoon,autumn,-0.5,-0.866025,0.866025,-0.5,autumn_afternoon
1313156_clip024_s001,resources/site_257_bowra-dry-a/downloaded_clips/site_257_item_1313156/site_257_item_1313156_clip_024.webm,afternoon,autumn,-0.5,-0.866025,0.866025,-0.5,autumn_afternoon
1313424_clip006_s000,resources/site_257_bowra-dry-a/downloaded_clips/site_257_item_1313424/site_257_item_1313424_clip_006.webm,afternoon,autumn,-0.5,-0.866025,0.866025,-0.5,autumn_afternoon
1313424_clip012_s000,resources/site_257_bowra-dry-a/downloaded_clips/site_257_item_1313424/site_257_item_1313424_clip_012.webm,afternoon,autumn,-0.5,-0.866025,0.866025,-0.5,autumn_afternoon
1313424_clip018_s000,resources/site_257_bowra-dry-a/downloaded_clips/site_257_item_1313424/site_257_item_1313424_clip_018.webm,afternoon,autumn,-0.5,-0.866025,0.866025,-0.5,autumn_afternoon
1313424_clip021_s000,resources/site_257_bowra-dry-a/downloaded_clips/site_257_item_1313424/site_257_item_1313424_clip_021.webm,afternoon,autumn,-0.5,-0.866025,0.866025,-0.5,autumn_afternoon
1313424_clip021_s001,resources/site_257_bowra-dry-a/downloaded_clips/site_257_item_1313424/site_257_item_1313424_clip_021.webm,afternoon,autumn,-0.5,-0.866025,0.866025,-0.5,autumn_afternoon
1401998_clip015_s000,resources/site_257_bowra-dry-a/downloaded_clips/site_257_item_1401998/site_257_item_1401998_clip_015.webm,afternoon,autumn,-0.5,-0.866025,1.0,0.0,autumn_afternoon
1401998_clip022_s000,resources/site_257_bowra-dry-a/downloaded_clips/site_257_item_1401998/site_257_item_1401998_clip_022.webm,afternoon,autumn,-0.5,-0.866025,1.0,0.0,autumn_afternoon
1401998_clip023_s000,resources/site_257_bowra-dry-a/downloaded_clips/site_257_item_1401998/site_257_item_1401998_clip_023.webm,afternoon,autumn,-0.5,-0.866025,1.0,0.0,autumn_afternoon
1403164_clip007_s000,resources/site_257_bowra-dry-a/downloaded_clips/site_257_item_1403164/site_257_item_1403164_clip_007.webm,afternoon,autumn,0.0,-1.0,1.0,0.0,autumn_afternoon
1403164_clip017_s000,resources/site_257_bowra-dry-a/downloaded_clips/site_257_item_1403164/site_257_item_1403164_clip_017.webm,afternoon,autumn,0.0,-1.0,1.0,0.0,autumn_afternoon
1403164_clip017_s001,resources/site_257_bowra-dry-a/downloaded_clips/site_257_item_1403164/site_257_item_1403164_clip_017.webm,afternoon,autumn,0.0,-1.0,1.0,0.0,autumn_afternoon
1403164_clip017_s002,resources/site_257_bowra-dry-a/downloaded_clips/site_257_item_1403164/site_257_item_1403164_clip_017.webm,afternoon,autumn,0.0,-1.0,1.0,0.0,autumn_afternoon
1403164_clip018_s000,resources/site_257_bowra-dry-a/downloaded_clips/site_257_item_1403164/site_257_item_1403164_clip_018.webm,afternoon,autumn,0.0,-1.0,1.0,0.0,autumn_afternoon
1403164_clip018_s001,resources/site_257_bowra-dry-a/downloaded_clips/site_257_item_1403164/site_257_item_1403164_clip_018.webm,afternoon,autumn,0.0,-1.0,1.0,0.0,autumn_afternoon
1535890_clip005_s000,resources/site_257_bowra-dry-a/downloaded_clips/site_257_item_1535890/site_257_item_1535890_clip_005.webm,afternoon,autumn,-0.258819,-0.965926,1.0,0.0,autumn_afternoon
1535252_clip007_s000,resources/site_257_bowra-dry-a/downloaded_clips/site_257_item_1535252/site_257_item_1535252_clip_007.webm,afternoon,autumn,-0.5,-0.866025,0.5,-0.866025,autumn_afternoon
1535252_clip014_s000,resources/site_257_bowra-dry-a/downloaded_clips/site_257_item_1535252/site_257_item_1535252_clip_014.webm,afternoon,autumn,-0.5,-0.866025,0.5,-0.866025,autumn_afternoon
1535252_clip014_s001,resources/site_257_bowra-dry-a/downloaded_clips/site_257_item_1535252/site_257_item_1535252_clip_014.webm,afternoon,autumn,-0.5,-0.866025,0.5,-0.866025,autumn_afternoon
1535344_clip006_s000,resources/site_257_bowra-dry-a/downloaded_clips/site_257_item_1535344/site_257_item_1535344_clip_006.webm,afternoon,autumn,-0.5,-0.866025,0.866025,-0.5,autumn_afternoon
1535344_clip011_s000,resources/site_257_bowra-dry-a/downloaded_clips/site_257_item_1535344/site_257_item_1535344_clip_011.webm,afternoon,autumn,-0.5,-0.866025,0.866025,-0.5,autumn_afternoon
1535344_clip013_s000,resources/site_257_bowra-dry-a/downloaded_clips/site_257_item_1535344/site_257_item_1535344_clip_013.webm,afternoon,autumn,-0.5,-0.866025,0.866025,-0.5,autumn_afternoon
1535344_clip016_s000,resources/site_257_bowra-dry-a/downloaded_clips/site_257_item_1535344/site_257_item_1535344_clip_016.webm,afternoon,autumn,-0.5,-0.866025,0.866025,-0.5,autumn_afternoon
1535344_clip017_s000,resources/site_257_bowra-dry-a/downloaded_clips/site_257_item_1535344/site_257_item_1535344_clip_017.webm,afternoon,autumn,-0.5,-0.866025,0.866025,-0.5,autumn_afternoon
1535344_clip017_s001,resources/site_257_bowra-dry-a/downloaded_clips/site_257_item_1535344/site_257_item_1535344_clip_017.webm,afternoon,autumn,-0.5,-0.866025,0.866025,-0.5,autumn_afternoon
1535344_clip017_s002,resources/site_257_bowra-dry-a/downloaded_clips/site_257_item_1535344/site_257_item_1535344_clip_017.webm,afternoon,autumn,-0.5,-0.866025,0.866025,-0.5,autumn_afternoon
1535344_clip018_s000,resources/site_257_bowra-dry-a/downloaded_clips/site_257_item_1535344/site_257_item_1535344_clip_018.webm,afternoon,autumn,-0.5,-0.866025,0.866025,-0.5,autumn_afternoon
1535344_clip018_s001,resources/site_257_bowra-dry-a/downloaded_clips/site_257_item_1535344/site_257_item_1535344_clip_018.webm,afternoon,autumn,-0.5,-0.866025,0.866025,-0.5,autumn_afternoon
1535344_clip018_s002,resources/site_257_bowra-dry-a/downloaded_clips/site_257_item_1535344/site_257_item_1535344_clip_018.webm,afternoon,autumn,-0.5,-0.866025,0.866025,-0.5,autumn_afternoon
1535344_clip018_s003,resources/site_257_bowra-dry-a/downloaded_clips/site_257_item_1535344/site_257_item_1535344_clip_018.webm,afternoon,autumn,-0.5,-0.866025,0.866025,-0.5,autumn_afternoon
1535344_clip019_s000,resources/site_257_bowra-dry-a/downloaded_clips/site_257_item_1535344/site_257_item_1535344_clip_019.webm,afternoon,autumn,-0.5,-0.866025,0.866025,-0.5,autumn_afternoon
1535344_clip019_s001,resources/site_257_bowra-dry-a/downloaded_clips/site_257_item_1535344/site_257_item_1535344_clip_019.webm,afternoon,autumn,-0.5,-0.866025,0.866025,-0.5,autumn_afternoon
1535344_clip024_s000,resources/site_257_bowra-dry-a/downloaded_clips/site_257_item_1535344/site_257_item_1535344_clip_024.webm,afternoon,autumn,-0.5,-0.866025,0.866025,-0.5,autumn_afternoon
1535402_clip006_s000,resources/site_257_bowra-dry-a/downloaded_clips/site_257_item_1535402/site_257_item_1535402_clip_006.webm,afternoon,autumn,-0.5,-0.866025,0.5,-0.866025,autumn_afternoon
1535402_clip011_s000,resources/site_257_bowra-dry-a/downloaded_clips/site_257_item_1535402/site_257_item_1535402_clip_011.webm,afternoon,autumn,-0.5,-0.866025,0.5,-0.866025,autumn_afternoon
1535402_clip017_s000,resources/site_257_bowra-dry-a/downloaded_clips/site_257_item_1535402/site_257_item_1535402_clip_017.webm,afternoon,autumn,-0.5,-0.866025,0.5,-0.866025,autumn_afternoon
1535402_clip017_s001,resources/site_257_bowra-dry-a/downloaded_clips/site_257_item_1535402/site_257_item_1535402_clip_017.webm,afternoon,autumn,-0.5,-0.866025,0.5,-0.866025,autumn_afternoon
1535402_clip018_s000,resources/site_257_bowra-dry-a/downloaded_clips/site_257_item_1535402/site_257_item_1535402_clip_018.webm,afternoon,autumn,-0.5,-0.866025,0.5,-0.866025,autumn_afternoon
1535402_clip021_s000,resources/site_257_bowra-dry-a/downloaded_clips/site_257_item_1535402/site_257_item_1535402_clip_021.webm,afternoon,autumn,-0.5,-0.866025,0.5,-0.866025,autumn_afternoon
1535402_clip021_s001,resources/site_257_bowra-dry-a/downloaded_clips/site_257_item_1535402/site_257_item_1535402_clip_021.webm,afternoon,autumn,-0.5,-0.866025,0.5,-0.866025,autumn_afternoon
1535464_clip001_s000,resources/site_257_bowra-dry-a/downloaded_clips/site_257_item_1535464/site_257_item_1535464_clip_001.webm,afternoon,autumn,-0.5,-0.866025,0.866025,-0.5,autumn_afternoon
1535464_clip009_s000,resources/site_257_bowra-dry-a/downloaded_clips/site_257_item_1535464/site_257_item_1535464_clip_009.webm,afternoon,autumn,-0.5,-0.866025,0.866025,-0.5,autumn_afternoon
1536146_clip001_s000,resources/site_257_bowra-dry-a/downloaded_clips/site_257_item_1536146/site_257_item_1536146_clip_001.webm,afternoon,autumn,-0.5,-0.866025,0.866025,-0.5,autumn_afternoon
1536146_clip005_s000,resources/site_257_bowra-dry-a/downloaded_clips/site_257_item_1536146/site_257_item_1536146_clip_005.webm,afternoon,autumn,-0.5,-0.866025,0.866025,-0.5,autumn_afternoon
1536146_clip006_s000,resources/site_257_bowra-dry-a/downloaded_clips/site_257_item_1536146/site_257_item_1536146_clip_006.webm,afternoon,autumn,-0.5,-0.866025,0.866025,-0.5,autumn_afternoon
1536146_clip007_s000,resources/site_257_bowra-dry-a/downloaded_clips/site_257_item_1536146/site_257_item_1536146_clip_007.webm,afternoon,autumn,-0.5,-0.866025,0.866025,-0.5,autumn_afternoon
1536146_clip009_s000,resources/site_257_bowra-dry-a/downloaded_clips/site_257_item_1536146/site_257_item_1536146_clip_009.webm,afternoon,autumn,-0.5,-0.866025,0.866025,-0.5,autumn_afternoon
1536146_clip012_s000,resources/site_257_bowra-dry-a/downloaded_clips/site_257_item_1536146/site_257_item_1536146_clip_012.webm,afternoon,autumn,-0.5,-0.866025,0.866025,-0.5,autumn_afternoon
1536146_clip018_s000,resources/site_257_bowra-dry-a/downloaded_clips/site_257_item_1536146/site_257_item_1536146_clip_018.webm,afternoon,autumn,-0.5,-0.866025,0.866025,-0.5,autumn_afternoon
1536146_clip019_s000,resources/site_257_bowra-dry-a/downloaded_clips/site_257_item_1536146/site_257_item_1536146_clip_019.webm,afternoon,autumn,-0.5,-0.866025,0.866025,-0.5,autumn_afternoon
1536146_clip019_s001,resources/site_257_bowra-dry-a/downloaded_clips/site_257_item_1536146/site_257_item_1536146_clip_019.webm,afternoon,autumn,-0.5,-0.866025,0.866025,-0.5,autumn_afternoon
1536146_clip021_s000,resources/site_257_bowra-dry-a/downloaded_clips/site_257_item_1536146/site_257_item_1536146_clip_021.webm,afternoon,autumn,-0.5,-0.866025,0.866025,-0.5,autumn_afternoon
1536146_clip021_s001,resources/site_257_bowra-dry-a/downloaded_clips/site_257_item_1536146/site_257_item_1536146_clip_021.webm,afternoon,autumn,-0.5,-0.866025,0.866025,-0.5,autumn_afternoon
1536146_clip022_s000,resources/site_257_bowra-dry-a/downloaded_clips/site_257_item_1536146/site_257_item_1536146_clip_022.webm,afternoon,autumn,-0.5,-0.866025,0.866025,-0.5,autumn_afternoon
1536625_clip004_s000,resources/site_257_bowra-dry-a/downloaded_clips/site_257_item_1536625/site_257_item_1536625_clip_004.webm,afternoon,autumn,-0.5,-0.866025,0.866025,-0.5,autumn_afternoon
1536625_clip014_s000,resources/site_257_bowra-dry-a/downloaded_clips/site_257_item_1536625/site_257_item_1536625_clip_014.webm,afternoon,autumn,-0.5,-0.866025,0.866025,-0.5,autumn_afternoon
1536625_clip014_s001,resources/site_257_bowra-dry-a/downloaded_clips/site_257_item_1536625/site_257_item_1536625_clip_014.webm,afternoon,autumn,-0.5,-0.866025,0.866025,-0.5,autumn_afternoon
1536625_clip014_s002,resources/site_257_bowra-dry-a/downloaded_clips/site_257_item_1536625/site_257_item_1536625_clip_014.webm,afternoon,autumn,-0.5,-0.866025,0.866025,-0.5,autumn_afternoon
1536625_clip014_s003,resources/site_257_bowra-dry-a/downloaded_clips/site_257_item_1536625/site_257_item_1536625_clip_014.webm,afternoon,autumn,-0.5,-0.866025,0.866025,-0.5,autumn_afternoon
1536625_clip020_s000,resources/site_257_bowra-dry-a/downloaded_clips/site_257_item_1536625/site_257_item_1536625_clip_020.webm,afternoon,autumn,-0.5,-0.866025,0.866025,-0.5,autumn_afternoon
1536625_clip022_s000,resources/site_257_bowra-dry-a/downloaded_clips/site_257_item_1536625/site_257_item_1536625_clip_022.webm,afternoon,autumn,-0.5,-0.866025,0.866025,-0.5,autumn_afternoon
1536625_clip022_s001,resources/site_257_bowra-dry-a/downloaded_clips/site_257_item_1536625/site_257_item_1536625_clip_022.webm,afternoon,autumn,-0.5,-0.866025,0.866025,-0.5,autumn_afternoon
1536625_clip024_s000,resources/site_257_bowra-dry-a/downloaded_clips/site_257_item_1536625/site_257_item_1536625_clip_024.webm,afternoon,autumn,-0.5,-0.866025,0.866025,-0.5,autumn_afternoon
1536625_clip024_s001,resources/site_257_bowra-dry-a/downloaded_clips/site_257_item_1536625/site_257_item_1536625_clip_024.webm,afternoon,autumn,-0.5,-0.866025,0.866025,-0.5,autumn_afternoon
1536625_clip024_s002,resources/site_257_bowra-dry-a/downloaded_clips/site_257_item_1536625/site_257_item_1536625_clip_024.webm,afternoon,autumn,-0.5,-0.866025,0.866025,-0.5,autumn_afternoon
1536686_clip001_s000,resources/site_257_bowra-dry-a/downloaded_clips/site_257_item_1536686/site_257_item_1536686_clip_001.webm,afternoon,autumn,-0.5,-0.866025,0.5,-0.866025,autumn_afternoon
1536686_clip004_s000,resources/site_257_bowra-dry-a/downloaded_clips/site_257_item_1536686/site_257_item_1536686_clip_004.webm,afternoon,autumn,-0.5,-0.866025,0.5,-0.866025,autumn_afternoon
1536686_clip004_s001,resources/site_257_bowra-dry-a/downloaded_clips/site_257_item_1536686/site_257_item_1536686_clip_004.webm,afternoon,autumn,-0.5,-0.866025,0.5,-0.866025,autumn_afternoon
1536686_clip004_s002,resources/site_257_bowra-dry-a/downloaded_clips/site_257_item_1536686/site_257_item_1536686_clip_004.webm,afternoon,autumn,-0.5,-0.866025,0.5,-0.866025,autumn_afternoon
1536686_clip005_s000,resources/site_257_bowra-dry-a/downloaded_clips/site_257_item_1536686/site_257_item_1536686_clip_005.webm,afternoon,autumn,-0.5,-0.866025,0.5,-0.866025,autumn_afternoon
1536686_clip005_s001,resources/site_257_bowra-dry-a/downloaded_clips/site_257_item_1536686/site_257_item_1536686_clip_005.webm,afternoon,autumn,-0.5,-0.866025,0.5,-0.866025,autumn_afternoon
1536686_clip009_s000,resources/site_257_bowra-dry-a/downloaded_clips/site_257_item_1536686/site_257_item_1536686_clip_009.webm,afternoon,autumn,-0.5,-0.866025,0.5,-0.866025,autumn_afternoon
1536686_clip009_s001,resources/site_257_bowra-dry-a/downloaded_clips/site_257_item_1536686/site_257_item_1536686_clip_009.webm,afternoon,autumn,-0.5,-0.866025,0.5,-0.866025,autumn_afternoon
1536686_clip009_s002,resources/site_257_bowra-dry-a/downloaded_clips/site_257_item_1536686/site_257_item_1536686_clip_009.webm,afternoon,autumn,-0.5,-0.866025,0.5,-0.866025,autumn_afternoon
1536686_clip012_s000,resources/site_257_bowra-dry-a/downloaded_clips/site_257_item_1536686/site_257_item_1536686_clip_012.webm,afternoon,autumn,-0.5,-0.866025,0.5,-0.866025,autumn_afternoon
1536686_clip015_s000,resources/site_257_bowra-dry-a/downloaded_clips/site_257_item_1536686/site_257_item_1536686_clip_015.webm,afternoon,autumn,-0.5,-0.866025,0.5,-0.866025,autumn_afternoon
1536686_clip015_s001,resources/site_257_bowra-dry-a/downloaded_clips/site_257_item_1536686/site_257_item_1536686_clip_015.webm,afternoon,autumn,-0.5,-0.866025,0.5,-0.866025,autumn_afternoon
1536686_clip018_s000,resources/site_257_bowra-dry-a/downloaded_clips/site_257_item_1536686/site_257_item_1536686_clip_018.webm,afternoon,autumn,-0.5,-0.866025,0.5,-0.866025,autumn_afternoon
1536686_clip018_s001,resources/site_257_bowra-dry-a/downloaded_clips/site_257_item_1536686/site_257_item_1536686_clip_018.webm,afternoon,autumn,-0.5,-0.866025,0.5,-0.866025,autumn_afternoon
1536686_clip018_s002,resources/site_257_bowra-dry-a/downloaded_clips/site_257_item_1536686/site_257_item_1536686_clip_018.webm,afternoon,autumn,-0.5,-0.866025,0.5,-0.866025,autumn_afternoon
1536686_clip019_s000,resources/site_257_bowra-dry-a/downloaded_clips/site_257_item_1536686/site_257_item_1536686_clip_019.webm,afternoon,autumn,-0.5,-0.866025,0.5,-0.866025,autumn_afternoon
1536686_clip020_s000,resources/site_257_bowra-dry-a/downloaded_clips/site_257_item_1536686/site_257_item_1536686_clip_020.webm,afternoon,autumn,-0.5,-0.866025,0.5,-0.866025,autumn_afternoon
1536891_clip003_s000,resources/site_257_bowra-dry-a/downloaded_clips/site_257_item_1536891/site_257_item_1536891_clip_003.webm,afternoon,autumn,-0.5,-0.866025,0.5,-0.866025,autumn_afternoon
1536891_clip004_s000,resources/site_257_bowra-dry-a/downloaded_clips/site_257_item_1536891/site_257_item_1536891_clip_004.webm,afternoon,autumn,-0.5,-0.866025,0.5,-0.866025,autumn_afternoon
1536891_clip004_s001,resources/site_257_bowra-dry-a/downloaded_clips/site_257_item_1536891/site_257_item_1536891_clip_004.webm,afternoon,autumn,-0.5,-0.866025,0.5,-0.866025,autumn_afternoon
1536891_clip004_s002,resources/site_257_bowra-dry-a/downloaded_clips/site_257_item_1536891/site_257_item_1536891_clip_004.webm,afternoon,autumn,-0.5,-0.866025,0.5,-0.866025,autumn_afternoon
1536891_clip004_s003,resources/site_257_bowra-dry-a/downloaded_clips/site_257_item_1536891/site_257_item_1536891_clip_004.webm,afternoon,autumn,-0.5,-0.866025,0.5,-0.866025,autumn_afternoon
1536891_clip004_s004,resources/site_257_bowra-dry-a/downloaded_clips/site_257_item_1536891/site_257_item_1536891_clip_004.webm,afternoon,autumn,-0.5,-0.866025,0.5,-0.866025,autumn_afternoon
1536891_clip011_s000,resources/site_257_bowra-dry-a/downloaded_clips/site_257_item_1536891/site_257_item_1536891_clip_011.webm,afternoon,autumn,-0.5,-0.866025,0.5,-0.866025,autumn_afternoon
1536891_clip011_s001,resources/site_257_bowra-dry-a/downloaded_clips/site_257_item_1536891/site_257_item_1536891_clip_011.webm,afternoon,autumn,-0.5,-0.866025,0.5,-0.866025,autumn_afternoon
1536891_clip011_s002,resources/site_257_bowra-dry-a/downloaded_clips/site_257_item_1536891/site_257_item_1536891_clip_011.webm,afternoon,autumn,-0.5,-0.866025,0.5,-0.866025,autumn_afternoon
1670324_clip001_s000,resources/site_257_bowra-dry-a/downloaded_clips/site_257_item_1670324/site_257_item_1670324_clip_001.webm,afternoon,autumn,-0.5,-0.866025,1.0,0.0,autumn_afternoon
1670324_clip004_s000,resources/site_257_bowra-dry-a/downloaded_clips/site_257_item_1670324/site_257_item_1670324_clip_004.webm,afternoon,autumn,-0.5,-0.866025,1.0,0.0,autumn_afternoon
1670324_clip004_s001,resources/site_257_bowra-dry-a/downloaded_clips/site_257_item_1670324/site_257_item_1670324_clip_004.webm,afternoon,autumn,-0.5,-0.866025,1.0,0.0,autumn_afternoon
1670324_clip004_s002,resources/site_257_bowra-dry-a/downloaded_clips/site_257_item_1670324/site_257_item_1670324_clip_004.webm,afternoon,autumn,-0.5,-0.866025,1.0,0.0,autumn_afternoon
1670324_clip006_s000,resources/site_257_bowra-dry-a/downloaded_clips/site_257_item_1670324/site_257_item_1670324_clip_006.webm,afternoon,autumn,-0.5,-0.866025,1.0,0.0,autumn_afternoon
1670324_clip009_s000,resources/site_257_bowra-dry-a/downloaded_clips/site_257_item_1670324/site_257_item_1670324_clip_009.webm,afternoon,autumn,-0.5,-0.866025,1.0,0.0,autumn_afternoon
1670324_clip009_s001,resources/site_257_bowra-dry-a/downloaded_clips/site_257_item_1670324/site_257_item_1670324_clip_009.webm,afternoon,autumn,-0.5,-0.866025,1.0,0.0,autumn_afternoon
1670324_clip013_s000,resources/site_257_bowra-dry-a/downloaded_clips/site_257_item_1670324/site_257_item_1670324_clip_013.webm,afternoon,autumn,-0.5,-0.866025,1.0,0.0,autumn_afternoon
1670324_clip018_s000,resources/site_257_bowra-dry-a/downloaded_clips/site_257_item_1670324/site_257_item_1670324_clip_018.webm,afternoon,autumn,-0.5,-0.866025,1.0,0.0,autumn_afternoon
1670324_clip018_s001,resources/site_257_bowra-dry-a/downloaded_clips/site_257_item_1670324/site_257_item_1670324_clip_018.webm,afternoon,autumn,-0.5,-0.866025,1.0,0.0,autumn_afternoon
1670324_clip018_s002,resources/site_257_bowra-dry-a/downloaded_clips/site_257_item_1670324/site_257_item_1670324_clip_018.webm,afternoon,autumn,-0.5,-0.866025,1.0,0.0,autumn_afternoon
1670324_clip020_s000,resources/site_257_bowra-dry-a/downloaded_clips/site_257_item_1670324/site_257_item_1670324_clip_020.webm,afternoon,autumn,-0.5,-0.866025,1.0,0.0,autumn_afternoon
1670324_clip021_s000,resources/site_257_bowra-dry-a/downloaded_clips/site_257_item_1670324/site_257_item_1670324_clip_021.webm,afternoon,autumn,-0.5,-0.866025,1.0,0.0,autumn_afternoon
1670324_clip023_s000,resources/site_257_bowra-dry-a/downloaded_clips/site_257_item_1670324/site_257_item_1670324_clip_023.webm,afternoon,autumn,-0.5,-0.866025,1.0,0.0,autumn_afternoon
1670324_clip023_s001,resources/site_257_bowra-dry-a/downloaded_clips/site_257_item_1670324/site_257_item_1670324_clip_023.webm,afternoon,autumn,-0.5,-0.866025,1.0,0.0,autumn_afternoon
1670324_clip024_s000,resources/site_257_bowra-dry-a/downloaded_clips/site_257_item_1670324/site_257_item_1670324_clip_024.webm,afternoon,autumn,-0.5,-0.866025,1.0,0.0,autumn_afternoon
1671047_clip009_s000,resources/site_257_bowra-dry-a/downloaded_clips/site_257_item_1671047/site_257_item_1671047_clip_009.webm,afternoon,autumn,-0.5,-0.866025,1.0,0.0,autumn_afternoon
1671047_clip021_s000,resources/site_257_bowra-dry-a/downloaded_clips/site_257_item_1671047/site_257_item_1671047_clip_021.webm,afternoon,autumn,-0.5,-0.866025,1.0,0.0,autumn_afternoon
1679594_clip010_s000,resources/site_257_bowra-dry-a/downloaded_clips/site_257_item_1679594/site_257_item_1679594_clip_010.webm,afternoon,autumn,-0.5,-0.866025,1.0,0.0,autumn_afternoon
1681714_clip004_s000,resources/site_257_bowra-dry-a/downloaded_clips/site_257_item_1681714/site_257_item_1681714_clip_004.webm,afternoon,autumn,-0.5,-0.866025,1.0,0.0,autumn_afternoon
1681714_clip004_s001,resources/site_257_bowra-dry-a/downloaded_clips/site_257_item_1681714/site_257_item_1681714_clip_004.webm,afternoon,autumn,-0.5,-0.866025,1.0,0.0,autumn_afternoon
1681714_clip005_s000,resources/site_257_bowra-dry-a/downloaded_clips/site_257_item_1681714/site_257_item_1681714_clip_005.webm,afternoon,autumn,-0.5,-0.866025,1.0,0.0,autumn_afternoon
1681714_clip010_s000,resources/site_257_bowra-dry-a/downloaded_clips/site_257_item_1681714/site_257_item_1681714_clip_010.webm,afternoon,autumn,-0.5,-0.866025,1.0,0.0,autumn_afternoon
1681714_clip013_s000,resources/site_257_bowra-dry-a/downloaded_clips/site_257_item_1681714/site_257_item_1681714_clip_013.webm,afternoon,autumn,-0.5,-0.866025,1.0,0.0,autumn_afternoon
1681714_clip015_s000,resources/site_257_bowra-dry-a/downloaded_clips/site_257_item_1681714/site_257_item_1681714_clip_015.webm,afternoon,autumn,-0.5,-0.866025,1.0,0.0,autumn_afternoon
1671735_clip004_s000,resources/site_257_bowra-dry-a/downloaded_clips/site_257_item_1671735/site_257_item_1671735_clip_004.webm,afternoon,autumn,-0.5,-0.866025,0.866025,-0.5,autumn_afternoon
1671735_clip007_s000,resources/site_257_bowra-dry-a/downloaded_clips/site_257_item_1671735/site_257_item_1671735_clip_007.webm,afternoon,autumn,-0.5,-0.866025,0.866025,-0.5,autumn_afternoon
1671735_clip023_s000,resources/site_257_bowra-dry-a/downloaded_clips/site_257_item_1671735/site_257_item_1671735_clip_023.webm,afternoon,autumn,-0.5,-0.866025,0.866025,-0.5,autumn_afternoon
1672969_clip001_s000,resources/site_257_bowra-dry-a/downloaded_clips/site_257_item_1672969/site_257_item_1672969_clip_001.webm,afternoon,autumn,-0.5,-0.866025,0.5,-0.866025,autumn_afternoon
1672969_clip009_s000,resources/site_257_bowra-dry-a/downloaded_clips/site_257_item_1672969/site_257_item_1672969_clip_009.webm,afternoon,autumn,-0.5,-0.866025,0.5,-0.866025,autumn_afternoon
1672969_clip010_s000,resources/site_257_bowra-dry-a/downloaded_clips/site_257_item_1672969/site_257_item_1672969_clip_010.webm,afternoon,autumn,-0.5,-0.866025,0.5,-0.866025,autumn_afternoon
1672969_clip010_s001,resources/site_257_bowra-dry-a/downloaded_clips/site_257_item_1672969/site_257_item_1672969_clip_010.webm,afternoon,autumn,-0.5,-0.866025,0.5,-0.866025,autumn_afternoon
1672969_clip010_s002,resources/site_257_bowra-dry-a/downloaded_clips/site_257_item_1672969/site_257_item_1672969_clip_010.webm,afternoon,autumn,-0.5,-0.866025,0.5,-0.866025,autumn_afternoon
1672969_clip013_s000,resources/site_257_bowra-dry-a/downloaded_clips/site_257_item_1672969/site_257_item_1672969_clip_013.webm,afternoon,autumn,-0.5,-0.866025,0.5,-0.866025,autumn_afternoon
1672969_clip015_s000,resources/site_257_bowra-dry-a/downloaded_clips/site_257_item_1672969/site_257_item_1672969_clip_015.webm,afternoon,autumn,-0.5,-0.866025,0.5,-0.866025,autumn_afternoon
1672969_clip015_s001,resources/site_257_bowra-dry-a/downloaded_clips/site_257_item_1672969/site_257_item_1672969_clip_015.webm,afternoon,autumn,-0.5,-0.866025,0.5,-0.866025,autumn_afternoon
1672969_clip015_s002,resources/site_257_bowra-dry-a/downloaded_clips/site_257_item_1672969/site_257_item_1672969_clip_015.webm,afternoon,autumn,-0.5,-0.866025,0.5,-0.866025,autumn_afternoon
1672969_clip016_s000,resources/site_257_bowra-dry-a/downloaded_clips/site_257_item_1672969/site_257_item_1672969_clip_016.webm,afternoon,autumn,-0.5,-0.866025,0.5,-0.866025,autumn_afternoon
1672969_clip016_s001,resources/site_257_bowra-dry-a/downloaded_clips/site_257_item_1672969/site_257_item_1672969_clip_016.webm,afternoon,autumn,-0.5,-0.866025,0.5,-0.866025,autumn_afternoon
1673321_clip014_s000,resources/site_257_bowra-dry-a/downloaded_clips/site_257_item_1673321/site_257_item_1673321_clip_014.webm,afternoon,autumn,-0.5,-0.866025,0.5,-0.866025,autumn_afternoon
1673394_clip001_s000,resources/site_257_bowra-dry-a/downloaded_clips/site_257_item_1673394/site_257_item_1673394_clip_001.webm,afternoon,autumn,-0.5,-0.866025,0.5,-0.866025,autumn_afternoon
1673394_clip004_s000,resources/site_257_bowra-dry-a/downloaded_clips/site_257_item_1673394/site_257_item_1673394_clip_004.webm,afternoon,autumn,-0.5,-0.866025,0.5,-0.866025,autumn_afternoon
1680401_clip002_s000,resources/site_257_bowra-dry-a/downloaded_clips/site_257_item_1680401/site_257_item_1680401_clip_002.webm,afternoon,autumn,-0.5,-0.866025,0.866025,-0.5,autumn_afternoon
1680401_clip002_s001,resources/site_257_bowra-dry-a/downloaded_clips/site_257_item_1680401/site_257_item_1680401_clip_002.webm,afternoon,autumn,-0.5,-0.866025,0.866025,-0.5,autumn_afternoon
1680401_clip002_s002,resources/site_257_bowra-dry-a/downloaded_clips/site_257_item_1680401/site_257_item_1680401_clip_002.webm,afternoon,autumn,-0.5,-0.866025,0.866025,-0.5,autumn_afternoon
1680401_clip002_s003,resources/site_257_bowra-dry-a/downloaded_clips/site_257_item_1680401/site_257_item_1680401_clip_002.webm,afternoon,autumn,-0.5,-0.866025,0.866025,-0.5,autumn_afternoon
1680401_clip002_s004,resources/site_257_bowra-dry-a/downloaded_clips/site_257_item_1680401/site_257_item_1680401_clip_002.webm,afternoon,autumn,-0.5,-0.866025,0.866025,-0.5,autumn_afternoon
1680401_clip003_s000,resources/site_257_bowra-dry-a/downloaded_clips/site_257_item_1680401/site_257_item_1680401_clip_003.webm,afternoon,autumn,-0.5,-0.866025,0.866025,-0.5,autumn_afternoon
1680401_clip003_s001,resources/site_257_bowra-dry-a/downloaded_clips/site_257_item_1680401/site_257_item_1680401_clip_003.webm,afternoon,autumn,-0.5,-0.866025,0.866025,-0.5,autumn_afternoon
1680401_clip004_s000,resources/site_257_bowra-dry-a/downloaded_clips/site_257_item_1680401/site_257_item_1680401_clip_004.webm,afternoon,autumn,-0.5,-0.866025,0.866025,-0.5,autumn_afternoon
1680401_clip004_s001,resources/site_257_bowra-dry-a/downloaded_clips/site_257_item_1680401/site_257_item_1680401_clip_004.webm,afternoon,autumn,-0.5,-0.866025,0.866025,-0.5,autumn_afternoon
1680401_clip011_s000,resources/site_257_bowra-dry-a/downloaded_clips/site_257_item_1680401/site_257_item_1680401_clip_011.webm,afternoon,autumn,-0.5,-0.866025,0.866025,-0.5,autumn_afternoon
1680401_clip011_s001,resources/site_257_bowra-dry-a/downloaded_clips/site_257_item_1680401/site_257_item_1680401_clip_011.webm,afternoon,autumn,-0.5,-0.866025,0.866025,-0.5,autumn_afternoon
1680401_clip011_s002,resources/site_257_bowra-dry-a/downloaded_clips/site_257_item_1680401/site_257_item_1680401_clip_011.webm,afternoon,autumn,-0.5,-0.866025,0.866025,-0.5,autumn_afternoon
1680401_clip011_s003,resources/site_257_bowra-dry-a/downloaded_clips/site_257_item_1680401/site_257_item_1680401_clip_011.webm,afternoon,autumn,-0.5,-0.866025,0.866025,-0.5,autumn_afternoon
1680401_clip011_s004,resources/site_257_bowra-dry-a/downloaded_clips/site_257_item_1680401/site_257_item_1680401_clip_011.webm,afternoon,autumn,-0.5,-0.866025,0.866025,-0.5,autumn_afternoon
1680401_clip012_s000,resources/site_257_bowra-dry-a/downloaded_clips/site_257_item_1680401/site_257_item_1680401_clip_012.webm,afternoon,autumn,-0.5,-0.866025,0.866025,-0.5,autumn_afternoon
1680401_clip013_s000,resources/site_257_bowra-dry-a/downloaded_clips/site_257_item_1680401/site_257_item_1680401_clip_013.webm,afternoon,autumn,-0.5,-0.866025,0.866025,-0.5,autumn_afternoon
1680401_clip013_s001,resources/site_257_bowra-dry-a/downloaded_clips/site_257_item_1680401/site_257_item_1680401_clip_013.webm,afternoon,autumn,-0.5,-0.866025,0.866025,-0.5,autumn_afternoon
1680401_clip013_s002,resources/site_257_bowra-dry-a/downloaded_clips/site_257_item_1680401/site_257_item_1680401_clip_013.webm,afternoon,autumn,-0.5,-0.866025,0.866025,-0.5,autumn_afternoon
1680401_clip013_s003,resources/site_257_bowra-dry-a/downloaded_clips/site_257_item_1680401/site_257_item_1680401_clip_013.webm,afternoon,autumn,-0.5,-0.866025,0.866025,-0.5,autumn_afternoon
1680401_clip015_s000,resources/site_257_bowra-dry-a/downloaded_clips/site_257_item_1680401/site_257_item_1680401_clip_015.webm,afternoon,autumn,-0.5,-0.866025,0.866025,-0.5,autumn_afternoon
1680401_clip015_s001,resources/site_257_bowra-dry-a/downloaded_clips/site_257_item_1680401/site_257_item_1680401_clip_015.webm,afternoon,autumn,-0.5,-0.866025,0.866025,-0.5,autumn_afternoon
1680401_clip018_s000,resources/site_257_bowra-dry-a/downloaded_clips/site_257_item_1680401/site_257_item_1680401_clip_018.webm,afternoon,autumn,-0.5,-0.866025,0.866025,-0.5,autumn_afternoon
1680401_clip018_s001,resources/site_257_bowra-dry-a/downloaded_clips/site_257_item_1680401/site_257_item_1680401_clip_018.webm,afternoon,autumn,-0.5,-0.866025,0.866025,-0.5,autumn_afternoon
1680401_clip019_s000,resources/site_257_bowra-dry-a/downloaded_clips/site_257_item_1680401/site_257_item_1680401_clip_019.webm,afternoon,autumn,-0.5,-0.866025,0.866025,-0.5,autumn_afternoon
1313286_clip001_s000,resources/site_257_bowra-dry-a/downloaded_clips/site_257_item_1313286/site_257_item_1313286_clip_001.webm,night,autumn,-0.5,0.866025,0.5,-0.866025,autumn_night
1313286_clip002_s000,resources/site_257_bowra-dry-a/downloaded_clips/site_257_item_1313286/site_257_item_1313286_clip_002.webm,night,autumn,-0.5,0.866025,0.5,-0.866025,autumn_night
1313286_clip002_s001,resources/site_257_bowra-dry-a/downloaded_clips/site_257_item_1313286/site_257_item_1313286_clip_002.webm,night,autumn,-0.5,0.866025,0.5,-0.866025,autumn_night
1313286_clip003_s000,resources/site_257_bowra-dry-a/downloaded_clips/site_257_item_1313286/site_257_item_1313286_clip_003.webm,night,autumn,-0.5,0.866025,0.5,-0.866025,autumn_night
1313286_clip003_s001,resources/site_257_bowra-dry-a/downloaded_clips/site_257_item_1313286/site_257_item_1313286_clip_003.webm,night,autumn,-0.5,0.866025,0.5,-0.866025,autumn_night
1313286_clip003_s002,resources/site_257_bowra-dry-a/downloaded_clips/site_257_item_1313286/site_257_item_1313286_clip_003.webm,night,autumn,-0.5,0.866025,0.5,-0.866025,autumn_night
1313286_clip003_s003,resources/site_257_bowra-dry-a/downloaded_clips/site_257_item_1313286/site_257_item_1313286_clip_003.webm,night,autumn,-0.5,0.866025,0.5,-0.866025,autumn_night
1313286_clip004_s000,resources/site_257_bowra-dry-a/downloaded_clips/site_257_item_1313286/site_257_item_1313286_clip_004.webm,night,autumn,-0.5,0.866025,0.5,-0.866025,autumn_night
1313286_clip004_s001,resources/site_257_bowra-dry-a/downloaded_clips/site_257_item_1313286/site_257_item_1313286_clip_004.webm,night,autumn,-0.5,0.866025,0.5,-0.866025,autumn_night
1313286_clip007_s000,resources/site_257_bowra-dry-a/downloaded_clips/site_257_item_1313286/site_257_item_1313286_clip_007.webm,night,autumn,-0.5,0.866025,0.5,-0.866025,autumn_night
1313286_clip008_s000,resources/site_257_bowra-dry-a/downloaded_clips/site_257_item_1313286/site_257_item_1313286_clip_008.webm,night,autumn,-0.5,0.866025,0.5,-0.866025,autumn_night
1313286_clip011_s000,resources/site_257_bowra-dry-a/downloaded_clips/site_257_item_1313286/site_257_item_1313286_clip_011.webm,night,autumn,-0.5,0.866025,0.5,-0.866025,autumn_night
1313286_clip011_s001,resources/site_257_bowra-dry-a/downloaded_clips/site_257_item_1313286/site_257_item_1313286_clip_011.webm,night,autumn,-0.5,0.866025,0.5,-0.866025,autumn_night
1313286_clip011_s002,resources/site_257_bowra-dry-a/downloaded_clips/site_257_item_1313286/site_257_item_1313286_clip_011.webm,night,autumn,-0.5,0.866025,0.5,-0.866025,autumn_night
1313286_clip011_s003,resources/site_257_bowra-dry-a/downloaded_clips/site_257_item_1313286/site_257_item_1313286_clip_011.webm,night,autumn,-0.5,0.866025,0.5,-0.866025,autumn_night
1313286_clip012_s000,resources/site_257_bowra-dry-a/downloaded_clips/site_257_item_1313286/site_257_item_1313286_clip_012.webm,night,autumn,-0.5,0.866025,0.5,-0.866025,autumn_night
1313286_clip013_s000,resources/site_257_bowra-dry-a/downloaded_clips/site_257_item_1313286/site_257_item_1313286_clip_013.webm,night,autumn,-0.5,0.866025,0.5,-0.866025,autumn_night
1313286_clip015_s000,resources/site_257_bowra-dry-a/downloaded_clips/site_257_item_1313286/site_257_item_1313286_clip_015.webm,night,autumn,-0.5,0.866025,0.5,-0.866025,autumn_night
1313286_clip016_s000,resources/site_257_bowra-dry-a/downloaded_clips/site_257_item_1313286/site_257_item_1313286_clip_016.webm,night,autumn,-0.5,0.866025,0.5,-0.866025,autumn_night
1313286_clip016_s001,resources/site_257_bowra-dry-a/downloaded_clips/site_257_item_1313286/site_257_item_1313286_clip_016.webm,night,autumn,-0.5,0.866025,0.5,-0.866025,autumn_night
1313286_clip017_s000,resources/site_257_bowra-dry-a/downloaded_clips/site_257_item_1313286/site_257_item_1313286_clip_017.webm,night,autumn,-0.5,0.866025,0.5,-0.866025,autumn_night
1313286_clip017_s001,resources/site_257_bowra-dry-a/downloaded_clips/site_257_item_1313286/site_257_item_1313286_clip_017.webm,night,autumn,-0.5,0.866025,0.5,-0.866025,autumn_night
1313390_clip001_s000,resources/site_257_bowra-dry-a/downloaded_clips/site_257_item_1313390/site_257_item_1313390_clip_001.webm,night,autumn,-0.258819,0.965926,0.866025,-0.5,autumn_night
1313390_clip001_s001,resources/site_257_bowra-dry-a/downloaded_clips/site_257_item_1313390/site_257_item_1313390_clip_001.webm,night,autumn,-0.258819,0.965926,0.866025,-0.5,autumn_night
1313390_clip001_s002,resources/site_257_bowra-dry-a/downloaded_clips/site_257_item_1313390/site_257_item_1313390_clip_001.webm,night,autumn,-0.258819,0.965926,0.866025,-0.5,autumn_night
1313390_clip002_s000,resources/site_257_bowra-dry-a/downloaded_clips/site_257_item_1313390/site_257_item_1313390_clip_002.webm,night,autumn,-0.258819,0.965926,0.866025,-0.5,autumn_night
1313390_clip003_s000,resources/site_257_bowra-dry-a/downloaded_clips/site_257_item_1313390/site_257_item_1313390_clip_003.webm,night,autumn,-0.258819,0.965926,0.866025,-0.5,autumn_night
1313390_clip005_s000,resources/site_257_bowra-dry-a/downloaded_clips/site_257_item_1313390/site_257_item_1313390_clip_005.webm,night,autumn,-0.258819,0.965926,0.866025,-0.5,autumn_night
1313390_clip006_s000,resources/site_257_bowra-dry-a/downloaded_clips/site_257_item_1313390/site_257_item_1313390_clip_006.webm,night,autumn,-0.258819,0.965926,0.866025,-0.5,autumn_night
1313390_clip006_s001,resources/site_257_bowra-dry-a/downloaded_clips/site_257_item_1313390/site_257_item_1313390_clip_006.webm,night,autumn,-0.258819,0.965926,0.866025,-0.5,autumn_night
1313390_clip007_s000,resources/site_257_bowra-dry-a/downloaded_clips/site_257_item_1313390/site_257_item_1313390_clip_007.webm,night,autumn,-0.258819,0.965926,0.866025,-0.5,autumn_night
1313390_clip008_s000,resources/site_257_bowra-dry-a/downloaded_clips/site_257_item_1313390/site_257_item_1313390_clip_008.webm,night,autumn,-0.258819,0.965926,0.866025,-0.5,autumn_night
1313390_clip008_s001,resources/site_257_bowra-dry-a/downloaded_clips/site_257_item_1313390/site_257_item_1313390_clip_008.webm,night,autumn,-0.258819,0.965926,0.866025,-0.5,autumn_night
1313390_clip008_s002,resources/site_257_bowra-dry-a/downloaded_clips/site_257_item_1313390/site_257_item_1313390_clip_008.webm,night,autumn,-0.258819,0.965926,0.866025,-0.5,autumn_night
1313390_clip008_s003,resources/site_257_bowra-dry-a/downloaded_clips/site_257_item_1313390/site_257_item_1313390_clip_008.webm,night,autumn,-0.258819,0.965926,0.866025,-0.5,autumn_night
1313390_clip008_s004,resources/site_257_bowra-dry-a/downloaded_clips/site_257_item_1313390/site_257_item_1313390_clip_008.webm,night,autumn,-0.258819,0.965926,0.866025,-0.5,autumn_night
1313390_clip009_s000,resources/site_257_bowra-dry-a/downloaded_clips/site_257_item_1313390/site_257_item_1313390_clip_009.webm,night,autumn,-0.258819,0.965926,0.866025,-0.5,autumn_night
1313390_clip009_s001,resources/site_257_bowra-dry-a/downloaded_clips/site_257_item_1313390/site_257_item_1313390_clip_009.webm,night,autumn,-0.258819,0.965926,0.866025,-0.5,autumn_night
1313390_clip009_s002,resources/site_257_bowra-dry-a/downloaded_clips/site_257_item_1313390/site_257_item_1313390_clip_009.webm,night,autumn,-0.258819,0.965926,0.866025,-0.5,autumn_night
1313390_clip010_s000,resources/site_257_bowra-dry-a/downloaded_clips/site_257_item_1313390/site_257_item_1313390_clip_010.webm,night,autumn,-0.258819,0.965926,0.866025,-0.5,autumn_night
1313390_clip010_s001,resources/site_257_bowra-dry-a/downloaded_clips/site_257_item_1313390/site_257_item_1313390_clip_010.webm,night,autumn,-0.258819,0.965926,0.866025,-0.5,autumn_night
1313390_clip012_s000,resources/site_257_bowra-dry-a/downloaded_clips/site_257_item_1313390/site_257_item_1313390_clip_012.webm,night,autumn,-0.258819,0.965926,0.866025,-0.5,autumn_night
1313667_clip001_s000,resources/site_257_bowra-dry-a/downloaded_clips/site_257_item_1313667/site_257_item_1313667_clip_001.webm,night,autumn,-0.5,0.866025,0.866025,-0.5,autumn_night
1313667_clip002_s000,resources/site_257_bowra-dry-a/downloaded_clips/site_257_item_1313667/site_257_item_1313667_clip_002.webm,night,autumn,-0.5,0.866025,0.866025,-0.5,autumn_night
1313667_clip011_s000,resources/site_257_bowra-dry-a/downloaded_clips/site_257_item_1313667/site_257_item_1313667_clip_011.webm,night,autumn,-0.5,0.866025,0.866025,-0.5,autumn_night
1313667_clip012_s000,resources/site_257_bowra-dry-a/downloaded_clips/site_257_item_1313667/site_257_item_1313667_clip_012.webm,night,autumn,-0.5,0.866025,0.866025,-0.5,autumn_night
1313667_clip013_s000,resources/site_257_bowra-dry-a/downloaded_clips/site_257_item_1313667/site_257_item_1313667_clip_013.webm,night,autumn,-0.5,0.866025,0.866025,-0.5,autumn_night
1313667_clip015_s000,resources/site_257_bowra-dry-a/downloaded_clips/site_257_item_1313667/site_257_item_1313667_clip_015.webm,night,autumn,-0.5,0.866025,0.866025,-0.5,autumn_night
1313667_clip024_s000,resources/site_257_bowra-dry-a/downloaded_clips/site_257_item_1313667/site_257_item_1313667_clip_024.webm,night,autumn,-0.5,0.866025,0.866025,-0.5,autumn_night
1535532_clip001_s000,resources/site_257_bowra-dry-a/downloaded_clips/site_257_item_1535532/site_257_item_1535532_clip_001.webm,night,autumn,-0.5,0.866025,0.866025,-0.5,autumn_night
1535532_clip002_s000,resources/site_257_bowra-dry-a/downloaded_clips/site_257_item_1535532/site_257_item_1535532_clip_002.webm,night,autumn,-0.5,0.866025,0.866025,-0.5,autumn_night
1535532_clip002_s001,resources/site_257_bowra-dry-a/downloaded_clips/site_257_item_1535532/site_257_item_1535532_clip_002.webm,night,autumn,-0.5,0.866025,0.866025,-0.5,autumn_night
1535532_clip002_s002,resources/site_257_bowra-dry-a/downloaded_clips/site_257_item_1535532/site_257_item_1535532_clip_002.webm,night,autumn,-0.5,0.866025,0.866025,-0.5,autumn_night
1535532_clip002_s003,resources/site_257_bowra-dry-a/downloaded_clips/site_257_item_1535532/site_257_item_1535532_clip_002.webm,night,autumn,-0.5,0.866025,0.866025,-0.5,autumn_night
1535532_clip003_s000,resources/site_257_bowra-dry-a/downloaded_clips/site_257_item_1535532/site_257_item_1535532_clip_003.webm,night,autumn,-0.5,0.866025,0.866025,-0.5,autumn_night
1535532_clip003_s001,resources/site_257_bowra-dry-a/downloaded_clips/site_257_item_1535532/site_257_item_1535532_clip_003.webm,night,autumn,-0.5,0.866025,0.866025,-0.5,autumn_night
1535532_clip003_s002,resources/site_257_bowra-dry-a/downloaded_clips/site_257_item_1535532/site_257_item_1535532_clip_003.webm,night,autumn,-0.5,0.866025,0.866025,-0.5,autumn_night
1535532_clip003_s003,resources/site_257_bowra-dry-a/downloaded_clips/site_257_item_1535532/site_257_item_1535532_clip_003.webm,night,autumn,-0.5,0.866025,0.866025,-0.5,autumn_night
1535532_clip003_s004,resources/site_257_bowra-dry-a/downloaded_clips/site_257_item_1535532/site_257_item_1535532_clip_003.webm,night,autumn,-0.5,0.866025,0.866025,-0.5,autumn_night
1535532_clip005_s000,resources/site_257_bowra-dry-a/downloaded_clips/site_257_item_1535532/site_257_item_1535532_clip_005.webm,night,autumn,-0.5,0.866025,0.866025,-0.5,autumn_night
1535532_clip007_s000,resources/site_257_bowra-dry-a/downloaded_clips/site_257_item_1535532/site_257_item_1535532_clip_007.webm,night,autumn,-0.5,0.866025,0.866025,-0.5,autumn_night
1535532_clip007_s001,resources/site_257_bowra-dry-a/downloaded_clips/site_257_item_1535532/site_257_item_1535532_clip_007.webm,night,autumn,-0.5,0.866025,0.866025,-0.5,autumn_night
1535532_clip008_s000,resources/site_257_bowra-dry-a/downloaded_clips/site_257_item_1535532/site_257_item_1535532_clip_008.webm,night,autumn,-0.5,0.866025,0.866025,-0.5,autumn_night
1535532_clip009_s000,resources/site_257_bowra-dry-a/downloaded_clips/site_257_item_1535532/site_257_item_1535532_clip_009.webm,night,autumn,-0.5,0.866025,0.866025,-0.5,autumn_night
1535532_clip011_s000,resources/site_257_bowra-dry-a/downloaded_clips/site_257_item_1535532/site_257_item_1535532_clip_011.webm,night,autumn,-0.5,0.866025,0.866025,-0.5,autumn_night
1535532_clip011_s001,resources/site_257_bowra-dry-a/downloaded_clips/site_257_item_1535532/site_257_item_1535532_clip_011.webm,night,autumn,-0.5,0.866025,0.866025,-0.5,autumn_night
1535532_clip013_s000,resources/site_257_bowra-dry-a/downloaded_clips/site_257_item_1535532/site_257_item_1535532_clip_013.webm,night,autumn,-0.5,0.866025,0.866025,-0.5,autumn_night
1535532_clip013_s001,resources/site_257_bowra-dry-a/downloaded_clips/site_257_item_1535532/site_257_item_1535532_clip_013.webm,night,autumn,-0.5,0.866025,0.866025,-0.5,autumn_night
1535532_clip014_s000,resources/site_257_bowra-dry-a/downloaded_clips/site_257_item_1535532/site_257_item_1535532_clip_014.webm,night,autumn,-0.5,0.866025,0.866025,-0.5,autumn_night
1535532_clip014_s001,resources/site_257_bowra-dry-a/downloaded_clips/site_257_item_1535532/site_257_item_1535532_clip_014.webm,night,autumn,-0.5,0.866025,0.866025,-0.5,autumn_night
1535532_clip015_s000,resources/site_257_bowra-dry-a/downloaded_clips/site_257_item_1535532/site_257_item_1535532_clip_015.webm,night,autumn,-0.5,0.866025,0.866025,-0.5,autumn_night
1535532_clip016_s000,resources/site_257_bowra-dry-a/downloaded_clips/site_257_item_1535532/site_257_item_1535532_clip_016.webm,night,autumn,-0.5,0.866025,0.866025,-0.5,autumn_night
1535532_clip017_s000,resources/site_257_bowra-dry-a/downloaded_clips/site_257_item_1535532/site_257_item_1535532_clip_017.webm,night,autumn,-0.5,0.866025,0.866025,-0.5,autumn_night
1535532_clip017_s001,resources/site_257_bowra-dry-a/downloaded_clips/site_257_item_1535532/site_257_item_1535532_clip_017.webm,night,autumn,-0.5,0.866025,0.866025,-0.5,autumn_night
1535532_clip017_s002,resources/site_257_bowra-dry-a/downloaded_clips/site_257_item_1535532/site_257_item_1535532_clip_017.webm,night,autumn,-0.5,0.866025,0.866025,-0.5,autumn_night
1535532_clip020_s000,resources/site_257_bowra-dry-a/downloaded_clips/site_257_item_1535532/site_257_item_1535532_clip_020.webm,night,autumn,-0.5,0.866025,0.866025,-0.5,autumn_night
1535532_clip020_s001,resources/site_257_bowra-dry-a/downloaded_clips/site_257_item_1535532/site_257_item_1535532_clip_020.webm,night,autumn,-0.5,0.866025,0.866025,-0.5,autumn_night
1535532_clip020_s002,resources/site_257_bowra-dry-a/downloaded_clips/site_257_item_1535532/site_257_item_1535532_clip_020.webm,night,autumn,-0.5,0.866025,0.866025,-0.5,autumn_night
1535532_clip020_s003,resources/site_257_bowra-dry-a/downloaded_clips/site_257_item_1535532/site_257_item_1535532_clip_020.webm,night,autumn,-0.5,0.866025,0.866025,-0.5,autumn_night
1535532_clip020_s004,resources/site_257_bowra-dry-a/downloaded_clips/site_257_item_1535532/site_257_item_1535532_clip_020.webm,night,autumn,-0.5,0.866025,0.866025,-0.5,autumn_night
1535532_clip020_s005,resources/site_257_bowra-dry-a/downloaded_clips/site_257_item_1535532/site_257_item_1535532_clip_020.webm,night,autumn,-0.5,0.866025,0.866025,-0.5,autumn_night
1535532_clip021_s000,resources/site_257_bowra-dry-a/downloaded_clips/site_257_item_1535532/site_257_item_1535532_clip_021.webm,night,autumn,-0.5,0.866025,0.866025,-0.5,autumn_night
1536532_clip003_s000,resources/site_257_bowra-dry-a/downloaded_clips/site_257_item_1536532/site_257_item_1536532_clip_003.webm,night,autumn,-0.5,0.866025,0.5,-0.866025,autumn_night
1536532_clip003_s001,resources/site_257_bowra-dry-a/downloaded_clips/site_257_item_1536532/site_257_item_1536532_clip_003.webm,night,autumn,-0.5,0.866025,0.5,-0.866025,autumn_night
1536532_clip004_s000,resources/site_257_bowra-dry-a/downloaded_clips/site_257_item_1536532/site_257_item_1536532_clip_004.webm,night,autumn,-0.5,0.866025,0.5,-0.866025,autumn_night
1536532_clip005_s000,resources/site_257_bowra-dry-a/downloaded_clips/site_257_item_1536532/site_257_item_1536532_clip_005.webm,night,autumn,-0.5,0.866025,0.5,-0.866025,autumn_night
1536532_clip006_s000,resources/site_257_bowra-dry-a/downloaded_clips/site_257_item_1536532/site_257_item_1536532_clip_006.webm,night,autumn,-0.5,0.866025,0.5,-0.866025,autumn_night
1536532_clip009_s000,resources/site_257_bowra-dry-a/downloaded_clips/site_257_item_1536532/site_257_item_1536532_clip_009.webm,night,autumn,-0.5,0.866025,0.5,-0.866025,autumn_night
1536532_clip009_s001,resources/site_257_bowra-dry-a/downloaded_clips/site_257_item_1536532/site_257_item_1536532_clip_009.webm,night,autumn,-0.5,0.866025,0.5,-0.866025,autumn_night
1536532_clip012_s000,resources/site_257_bowra-dry-a/downloaded_clips/site_257_item_1536532/site_257_item_1536532_clip_012.webm,night,autumn,-0.5,0.866025,0.5,-0.866025,autumn_night
1536532_clip012_s001,resources/site_257_bowra-dry-a/downloaded_clips/site_257_item_1536532/site_257_item_1536532_clip_012.webm,night,autumn,-0.5,0.866025,0.5,-0.866025,autumn_night
1536532_clip012_s002,resources/site_257_bowra-dry-a/downloaded_clips/site_257_item_1536532/site_257_item_1536532_clip_012.webm,night,autumn,-0.5,0.866025,0.5,-0.866025,autumn_night
1536532_clip016_s000,resources/site_257_bowra-dry-a/downloaded_clips/site_257_item_1536532/site_257_item_1536532_clip_016.webm,night,autumn,-0.5,0.866025,0.5,-0.866025,autumn_night
1536532_clip017_s000,resources/site_257_bowra-dry-a/downloaded_clips/site_257_item_1536532/site_257_item_1536532_clip_017.webm,night,autumn,-0.5,0.866025,0.5,-0.866025,autumn_night
1536532_clip018_s000,resources/site_257_bowra-dry-a/downloaded_clips/site_257_item_1536532/site_257_item_1536532_clip_018.webm,night,autumn,-0.5,0.866025,0.5,-0.866025,autumn_night
1536532_clip019_s000,resources/site_257_bowra-dry-a/downloaded_clips/site_257_item_1536532/site_257_item_1536532_clip_019.webm,night,autumn,-0.5,0.866025,0.5,-0.866025,autumn_night
1536532_clip023_s000,resources/site_257_bowra-dry-a/downloaded_clips/site_257_item_1536532/site_257_item_1536532_clip_023.webm,night,autumn,-0.5,0.866025,0.5,-0.866025,autumn_night
1536563_clip008_s000,resources/site_257_bowra-dry-a/downloaded_clips/site_257_item_1536563/site_257_item_1536563_clip_008.webm,night,autumn,-0.5,0.866025,0.5,-0.866025,autumn_night
1536563_clip009_s000,resources/site_257_bowra-dry-a/downloaded_clips/site_257_item_1536563/site_257_item_1536563_clip_009.webm,night,autumn,-0.5,0.866025,0.5,-0.866025,autumn_night
1536563_clip019_s000,resources/site_257_bowra-dry-a/downloaded_clips/site_257_item_1536563/site_257_item_1536563_clip_019.webm,night,autumn,-0.5,0.866025,0.5,-0.866025,autumn_night
1539712_clip015_s000,resources/site_257_bowra-dry-a/downloaded_clips/site_257_item_1539712/site_257_item_1539712_clip_015.webm,night,autumn,-0.5,0.866025,0.866025,-0.5,autumn_night
1678158_clip002_s000,resources/site_257_bowra-dry-a/downloaded_clips/site_257_item_1678158/site_257_item_1678158_clip_002.webm,night,autumn,-0.258819,0.965926,0.866025,-0.5,autumn_night
1678158_clip002_s001,resources/site_257_bowra-dry-a/downloaded_clips/site_257_item_1678158/site_257_item_1678158_clip_002.webm,night,autumn,-0.258819,0.965926,0.866025,-0.5,autumn_night
1678158_clip004_s000,resources/site_257_bowra-dry-a/downloaded_clips/site_257_item_1678158/site_257_item_1678158_clip_004.webm,night,autumn,-0.258819,0.965926,0.866025,-0.5,autumn_night
1678158_clip005_s000,resources/site_257_bowra-dry-a/downloaded_clips/site_257_item_1678158/site_257_item_1678158_clip_005.webm,night,autumn,-0.258819,0.965926,0.866025,-0.5,autumn_night
1678158_clip005_s001,resources/site_257_bowra-dry-a/downloaded_clips/site_257_item_1678158/site_257_item_1678158_clip_005.webm,night,autumn,-0.258819,0.965926,0.866025,-0.5,autumn_night
1678158_clip008_s000,resources/site_257_bowra-dry-a/downloaded_clips/site_257_item_1678158/site_257_item_1678158_clip_008.webm,night,autumn,-0.258819,0.965926,0.866025,-0.5,autumn_night
1678158_clip008_s001,resources/site_257_bowra-dry-a/downloaded_clips/site_257_item_1678158/site_257_item_1678158_clip_008.webm,night,autumn,-0.258819,0.965926,0.866025,-0.5,autumn_night
1678158_clip010_s000,resources/site_257_bowra-dry-a/downloaded_clips/site_257_item_1678158/site_257_item_1678158_clip_010.webm,night,autumn,-0.258819,0.965926,0.866025,-0.5,autumn_night
1678158_clip010_s001,resources/site_257_bowra-dry-a/downloaded_clips/site_257_item_1678158/site_257_item_1678158_clip_010.webm,night,autumn,-0.258819,0.965926,0.866025,-0.5,autumn_night
1678158_clip010_s002,resources/site_257_bowra-dry-a/downloaded_clips/site_257_item_1678158/site_257_item_1678158_clip_010.webm,night,autumn,-0.258819,0.965926,0.866025,-0.5,autumn_night
1678158_clip011_s000,resources/site_257_bowra-dry-a/downloaded_clips/site_257_item_1678158/site_257_item_1678158_clip_011.webm,night,autumn,-0.258819,0.965926,0.866025,-0.5,autumn_night
1680271_clip004_s000,resources/site_257_bowra-dry-a/downloaded_clips/site_257_item_1680271/site_257_item_1680271_clip_004.webm,night,autumn,-0.5,0.866025,0.866025,-0.5,autumn_night
1680500_clip009_s000,resources/site_257_bowra-dry-a/downloaded_clips/site_257_item_1680500/site_257_item_1680500_clip_009.webm,night,autumn,-0.5,0.866025,0.5,-0.866025,autumn_night
1680500_clip009_s001,resources/site_257_bowra-dry-a/downloaded_clips/site_257_item_1680500/site_257_item_1680500_clip_009.webm,night,autumn,-0.5,0.866025,0.5,-0.866025,autumn_night
1680500_clip009_s002,resources/site_257_bowra-dry-a/downloaded_clips/site_257_item_1680500/site_257_item_1680500_clip_009.webm,night,autumn,-0.5,0.866025,0.5,-0.866025,autumn_night
1680500_clip010_s000,resources/site_257_bowra-dry-a/downloaded_clips/site_257_item_1680500/site_257_item_1680500_clip_010.webm,night,autumn,-0.5,0.866025,0.5,-0.866025,autumn_night
1680500_clip011_s000,resources/site_257_bowra-dry-a/downloaded_clips/site_257_item_1680500/site_257_item_1680500_clip_011.webm,night,autumn,-0.5,0.866025,0.5,-0.866025,autumn_night
1680500_clip014_s000,resources/site_257_bowra-dry-a/downloaded_clips/site_257_item_1680500/site_257_item_1680500_clip_014.webm,night,autumn,-0.5,0.866025,0.5,-0.866025,autumn_night
1680500_clip014_s001,resources/site_257_bowra-dry-a/downloaded_clips/site_257_item_1680500/site_257_item_1680500_clip_014.webm,night,autumn,-0.5,0.866025,0.5,-0.866025,autumn_night
1680500_clip015_s000,resources/site_257_bowra-dry-a/downloaded_clips/site_257_item_1680500/site_257_item_1680500_clip_015.webm,night,autumn,-0.5,0.866025,0.5,-0.866025,autumn_night
1680500_clip016_s000,resources/site_257_bowra-dry-a/downloaded_clips/site_257_item_1680500/site_257_item_1680500_clip_016.webm,night,autumn,-0.5,0.866025,0.5,-0.866025,autumn_night
1680500_clip017_s000,resources/site_257_bowra-dry-a/downloaded_clips/site_257_item_1680500/site_257_item_1680500_clip_017.webm,night,autumn,-0.5,0.866025,0.5,-0.866025,autumn_night
1680500_clip018_s000,resources/site_257_bowra-dry-a/downloaded_clips/site_257_item_1680500/site_257_item_1680500_clip_018.webm,night,autumn,-0.5,0.866025,0.5,-0.866025,autumn_night
1680500_clip018_s001,resources/site_257_bowra-dry-a/downloaded_clips/site_257_item_1680500/site_257_item_1680500_clip_018.webm,night,autumn,-0.5,0.866025,0.5,-0.866025,autumn_night
1680500_clip020_s000,resources/site_257_bowra-dry-a/downloaded_clips/site_257_item_1680500/site_257_item_1680500_clip_020.webm,night,autumn,-0.5,0.866025,0.5,-0.866025,autumn_night
1680500_clip020_s001,resources/site_257_bowra-dry-a/downloaded_clips/site_257_item_1680500/site_257_item_1680500_clip_020.webm,night,autumn,-0.5,0.866025,0.5,-0.866025,autumn_night
1680500_clip020_s002,resources/site_257_bowra-dry-a/downloaded_clips/site_257_item_1680500/site_257_item_1680500_clip_020.webm,night,autumn,-0.5,0.866025,0.5,-0.866025,autumn_night
1680500_clip021_s000,resources/site_257_bowra-dry-a/downloaded_clips/site_257_item_1680500/site_257_item_1680500_clip_021.webm,night,autumn,-0.5,0.866025,0.5,-0.866025,autumn_night
1680500_clip022_s000,resources/site_257_bowra-dry-a/downloaded_clips/site_257_item_1680500/site_257_item_1680500_clip_022.webm,night,autumn,-0.5,0.866025,0.5,-0.866025,autumn_night
1680609_clip002_s000,resources/site_257_bowra-dry-a/downloaded_clips/site_257_item_1680609/site_257_item_1680609_clip_002.webm,night,autumn,-0.5,0.866025,0.5,-0.866025,autumn_night
1680609_clip003_s000,resources/site_257_bowra-dry-a/downloaded_clips/site_257_item_1680609/site_257_item_1680609_clip_003.webm,night,autumn,-0.5,0.866025,0.5,-0.866025,autumn_night
1680609_clip004_s000,resources/site_257_bowra-dry-a/downloaded_clips/site_257_item_1680609/site_257_item_1680609_clip_004.webm,night,autumn,-0.5,0.866025,0.5,-0.866025,autumn_night
1680609_clip010_s000,resources/site_257_bowra-dry-a/downloaded_clips/site_257_item_1680609/site_257_item_1680609_clip_010.webm,night,autumn,-0.5,0.866025,0.5,-0.866025,autumn_night
1680609_clip011_s000,resources/site_257_bowra-dry-a/downloaded_clips/site_257_item_1680609/site_257_item_1680609_clip_011.webm,night,autumn,-0.5,0.866025,0.5,-0.866025,autumn_night
1680609_clip011_s001,resources/site_257_bowra-dry-a/downloaded_clips/site_257_item_1680609/site_257_item_1680609_clip_011.webm,night,autumn,-0.5,0.866025,0.5,-0.866025,autumn_night
1680609_clip012_s000,resources/site_257_bowra-dry-a/downloaded_clips/site_257_item_1680609/site_257_item_1680609_clip_012.webm,night,autumn,-0.5,0.866025,0.5,-0.866025,autumn_night
1680609_clip012_s001,resources/site_257_bowra-dry-a/downloaded_clips/site_257_item_1680609/site_257_item_1680609_clip_012.webm,night,autumn,-0.5,0.866025,0.5,-0.866025,autumn_night
1680609_clip012_s002,resources/site_257_bowra-dry-a/downloaded_clips/site_257_item_1680609/site_257_item_1680609_clip_012.webm,night,autumn,-0.5,0.866025,0.5,-0.866025,autumn_night
1680609_clip013_s000,resources/site_257_bowra-dry-a/downloaded_clips/site_257_item_1680609/site_257_item_1680609_clip_013.webm,night,autumn,-0.5,0.866025,0.5,-0.866025,autumn_night
1680609_clip013_s001,resources/site_257_bowra-dry-a/downloaded_clips/site_257_item_1680609/site_257_item_1680609_clip_013.webm,night,autumn,-0.5,0.866025,0.5,-0.866025,autumn_night
1680609_clip013_s002,resources/site_257_bowra-dry-a/downloaded_clips/site_257_item_1680609/site_257_item_1680609_clip_013.webm,night,autumn,-0.5,0.866025,0.5,-0.866025,autumn_night
1680609_clip014_s000,resources/site_257_bowra-dry-a/downloaded_clips/site_257_item_1680609/site_257_item_1680609_clip_014.webm,night,autumn,-0.5,0.866025,0.5,-0.866025,autumn_night
1680609_clip014_s001,resources/site_257_bowra-dry-a/downloaded_clips/site_257_item_1680609/site_257_item_1680609_clip_014.webm,night,autumn,-0.5,0.866025,0.5,-0.866025,autumn_night
1680609_clip017_s000,resources/site_257_bowra-dry-a/downloaded_clips/site_257_item_1680609/site_257_item_1680609_clip_017.webm,night,autumn,-0.5,0.866025,0.5,-0.866025,autumn_night
1680609_clip018_s000,resources/site_257_bowra-dry-a/downloaded_clips/site_257_item_1680609/site_257_item_1680609_clip_018.webm,night,autumn,-0.5,0.866025,0.5,-0.866025,autumn_night
1680609_clip018_s001,resources/site_257_bowra-dry-a/downloaded_clips/site_257_item_1680609/site_257_item_1680609_clip_018.webm,night,autumn,-0.5,0.866025,0.5,-0.866025,autumn_night
1680609_clip018_s002,resources/site_257_bowra-dry-a/downloaded_clips/site_257_item_1680609/site_257_item_1680609_clip_018.webm,night,autumn,-0.5,0.866025,0.5,-0.866025,autumn_night
1680609_clip019_s000,resources/site_257_bowra-dry-a/downloaded_clips/site_257_item_1680609/site_257_item_1680609_clip_019.webm,night,autumn,-0.5,0.866025,0.5,-0.866025,autumn_night
1680609_clip019_s001,resources/site_257_bowra-dry-a/downloaded_clips/site_257_item_1680609/site_257_item_1680609_clip_019.webm,night,autumn,-0.5,0.866025,0.5,-0.866025,autumn_night
1680609_clip019_s002,resources/site_257_bowra-dry-a/downloaded_clips/site_257_item_1680609/site_257_item_1680609_clip_019.webm,night,autumn,-0.5,0.866025,0.5,-0.866025,autumn_night
1680609_clip022_s000,resources/site_257_bowra-dry-a/downloaded_clips/site_257_item_1680609/site_257_item_1680609_clip_022.webm,night,autumn,-0.5,0.866025,0.5,-0.866025,autumn_night
1680609_clip023_s000,resources/site_257_bowra-dry-a/downloaded_clips/site_257_item_1680609/site_257_item_1680609_clip_023.webm,night,autumn,-0.5,0.866025,0.5,-0.866025,autumn_night
216473_clip009_s000,resources/site_257_bowra-dry-a/downloaded_clips/site_257_item_216473/site_257_item_216473_clip_009.webm,night,autumn,-0.5,0.866025,0.866025,-0.5,autumn_night
216473_clip011_s000,resources/site_257_bowra-dry-a/downloaded_clips/site_257_item_216473/site_257_item_216473_clip_011.webm,night,autumn,-0.5,0.866025,0.866025,-0.5,autumn_night
216473_clip011_s001,resources/site_257_bowra-dry-a/downloaded_clips/site_257_item_216473/site_257_item_216473_clip_011.webm,night,autumn,-0.5,0.866025,0.866025,-0.5,autumn_night
216473_clip012_s000,resources/site_257_bowra-dry-a/downloaded_clips/site_257_item_216473/site_257_item_216473_clip_012.webm,night,autumn,-0.5,0.866025,0.866025,-0.5,autumn_night
216473_clip012_s001,resources/site_257_bowra-dry-a/downloaded_clips/site_257_item_216473/site_257_item_216473_clip_012.webm,night,autumn,-0.5,0.866025,0.866025,-0.5,autumn_night
216473_clip012_s002,resources/site_257_bowra-dry-a/downloaded_clips/site_257_item_216473/site_257_item_216473_clip_012.webm,night,autumn,-0.5,0.866025,0.866025,-0.5,autumn_night
216473_clip012_s003,resources/site_257_bowra-dry-a/downloaded_clips/site_257_item_216473/site_257_item_216473_clip_012.webm,night,autumn,-0.5,0.866025,0.866025,-0.5,autumn_night
216473_clip013_s000,resources/site_257_bowra-dry-a/downloaded_clips/site_257_item_216473/site_257_item_216473_clip_013.webm,night,autumn,-0.5,0.866025,0.866025,-0.5,autumn_night
216473_clip013_s001,resources/site_257_bowra-dry-a/downloaded_clips/site_257_item_216473/site_257_item_216473_clip_013.webm,night,autumn,-0.5,0.866025,0.866025,-0.5,autumn_night
216473_clip015_s000,resources/site_257_bowra-dry-a/downloaded_clips/site_257_item_216473/site_257_item_216473_clip_015.webm,night,autumn,-0.5,0.866025,0.866025,-0.5,autumn_night
216473_clip015_s001,resources/site_257_bowra-dry-a/downloaded_clips/site_257_item_216473/site_257_item_216473_clip_015.webm,night,autumn,-0.5,0.866025,0.866025,-0.5,autumn_night
216473_clip015_s002,resources/site_257_bowra-dry-a/downloaded_clips/site_257_item_216473/site_257_item_216473_clip_015.webm,night,autumn,-0.5,0.866025,0.866025,-0.5,autumn_night
216473_clip015_s003,resources/site_257_bowra-dry-a/downloaded_clips/site_257_item_216473/site_257_item_216473_clip_015.webm,night,autumn,-0.5,0.866025,0.866025,-0.5,autumn_night
216473_clip015_s004,resources/site_257_bowra-dry-a/downloaded_clips/site_257_item_216473/site_257_item_216473_clip_015.webm,night,autumn,-0.5,0.866025,0.866025,-0.5,autumn_night
216473_clip015_s005,resources/site_257_bowra-dry-a/downloaded_clips/site_257_item_216473/site_257_item_216473_clip_015.webm,night,autumn,-0.5,0.866025,0.866025,-0.5,autumn_night
216473_clip016_s000,resources/site_257_bowra-dry-a/downloaded_clips/site_257_item_216473/site_257_item_216473_clip_016.webm,night,autumn,-0.5,0.866025,0.866025,-0.5,autumn_night
216473_clip016_s001,resources/site_257_bowra-dry-a/downloaded_clips/site_257_item_216473/site_257_item_216473_clip_016.webm,night,autumn,-0.5,0.866025,0.866025,-0.5,autumn_night
216473_clip016_s002,resources/site_257_bowra-dry-a/downloaded_clips/site_257_item_216473/site_257_item_216473_clip_016.webm,night,autumn,-0.5,0.866025,0.866025,-0.5,autumn_night
216473_clip017_s000,resources/site_257_bowra-dry-a/downloaded_clips/site_257_item_216473/site_257_item_216473_clip_017.webm,night,autumn,-0.5,0.866025,0.866025,-0.5,autumn_night
216473_clip017_s001,resources/site_257_bowra-dry-a/downloaded_clips/site_257_item_216473/site_257_item_216473_clip_017.webm,night,autumn,-0.5,0.866025,0.866025,-0.5,autumn_night
216473_clip018_s000,resources/site_257_bowra-dry-a/downloaded_clips/site_257_item_216473/site_257_item_216473_clip_018.webm,night,autumn,-0.5,0.866025,0.866025,-0.5,autumn_night
216473_clip018_s001,resources/site_257_bowra-dry-a/downloaded_clips/site_257_item_216473/site_257_item_216473_clip_018.webm,night,autumn,-0.5,0.866025,0.866025,-0.5,autumn_night
216473_clip021_s000,resources/site_257_bowra-dry-a/downloaded_clips/site_257_item_216473/site_257_item_216473_clip_021.webm,night,autumn,-0.5,0.866025,0.866025,-0.5,autumn_night
216473_clip021_s001,resources/site_257_bowra-dry-a/downloaded_clips/site_257_item_216473/site_257_item_216473_clip_021.webm,night,autumn,-0.5,0.866025,0.866025,-0.5,autumn_night
216473_clip021_s002,resources/site_257_bowra-dry-a/downloaded_clips/site_257_item_216473/site_257_item_216473_clip_021.webm,night,autumn,-0.5,0.866025,0.866025,-0.5,autumn_night
216473_clip022_s000,resources/site_257_bowra-dry-a/downloaded_clips/site_257_item_216473/site_257_item_216473_clip_022.webm,night,autumn,-0.5,0.866025,0.866025,-0.5,autumn_night
216473_clip023_s000,resources/site_257_bowra-dry-a/downloaded_clips/site_257_item_216473/site_257_item_216473_clip_023.webm,night,autumn,-0.5,0.866025,0.866025,-0.5,autumn_night
216473_clip023_s001,resources/site_257_bowra-dry-a/downloaded_clips/site_257_item_216473/site_257_item_216473_clip_023.webm,night,autumn,-0.5,0.866025,0.866025,-0.5,autumn_night
216473_clip024_s000,resources/site_257_bowra-dry-a/downloaded_clips/site_257_item_216473/site_257_item_216473_clip_024.webm,night,autumn,-0.5,0.866025,0.866025,-0.5,autumn_night
216586_clip001_s000,resources/site_257_bowra-dry-a/downloaded_clips/site_257_item_216586/site_257_item_216586_clip_001.webm,night,autumn,-0.5,0.866025,0.866025,-0.5,autumn_night
216586_clip002_s000,resources/site_257_bowra-dry-a/downloaded_clips/site_257_item_216586/site_257_item_216586_clip_002.webm,night,autumn,-0.5,0.866025,0.866025,-0.5,autumn_night
216586_clip003_s000,resources/site_257_bowra-dry-a/downloaded_clips/site_257_item_216586/site_257_item_216586_clip_003.webm,night,autumn,-0.5,0.866025,0.866025,-0.5,autumn_night
216630_clip016_s000,resources/site_257_bowra-dry-a/downloaded_clips/site_257_item_216630/site_257_item_216630_clip_016.webm,night,autumn,-0.5,0.866025,0.866025,-0.5,autumn_night
1312963_clip003_s000,resources/site_257_bowra-dry-a/downloaded_clips/site_257_item_1312963/site_257_item_1312963_clip_003.webm,night,autumn,-0.5,0.866025,0.866025,-0.5,autumn_night
1312963_clip005_s000,resources/site_257_bowra-dry-a/downloaded_clips/site_257_item_1312963/site_257_item_1312963_clip_005.webm,night,autumn,-0.5,0.866025,0.866025,-0.5,autumn_night
1312963_clip010_s000,resources/site_257_bowra-dry-a/downloaded_clips/site_257_item_1312963/site_257_item_1312963_clip_010.webm,night,autumn,-0.5,0.866025,0.866025,-0.5,autumn_night
1312963_clip012_s000,resources/site_257_bowra-dry-a/downloaded_clips/site_257_item_1312963/site_257_item_1312963_clip_012.webm,night,autumn,-0.5,0.866025,0.866025,-0.5,autumn_night
1312963_clip013_s000,resources/site_257_bowra-dry-a/downloaded_clips/site_257_item_1312963/site_257_item_1312963_clip_013.webm,night,autumn,-0.5,0.866025,0.866025,-0.5,autumn_night
1312963_clip013_s001,resources/site_257_bowra-dry-a/downloaded_clips/site_257_item_1312963/site_257_item_1312963_clip_013.webm,night,autumn,-0.5,0.866025,0.866025,-0.5,autumn_night
1312963_clip014_s000,resources/site_257_bowra-dry-a/downloaded_clips/site_257_item_1312963/site_257_item_1312963_clip_014.webm,night,autumn,-0.5,0.866025,0.866025,-0.5,autumn_night
1312963_clip017_s000,resources/site_257_bowra-dry-a/downloaded_clips/site_257_item_1312963/site_257_item_1312963_clip_017.webm,night,autumn,-0.5,0.866025,0.866025,-0.5,autumn_night
1312963_clip018_s000,resources/site_257_bowra-dry-a/downloaded_clips/site_257_item_1312963/site_257_item_1312963_clip_018.webm,night,autumn,-0.5,0.866025,0.866025,-0.5,autumn_night
1312963_clip019_s000,resources/site_257_bowra-dry-a/downloaded_clips/site_257_item_1312963/site_257_item_1312963_clip_019.webm,night,autumn,-0.5,0.866025,0.866025,-0.5,autumn_night
1312963_clip022_s000,resources/site_257_bowra-dry-a/downloaded_clips/site_257_item_1312963/site_257_item_1312963_clip_022.webm,night,autumn,-0.5,0.866025,0.866025,-0.5,autumn_night
1312963_clip022_s001,resources/site_257_bowra-dry-a/downloaded_clips/site_257_item_1312963/site_257_item_1312963_clip_022.webm,night,autumn,-0.5,0.866025,0.866025,-0.5,autumn_night
1312963_clip023_s000,resources/site_257_bowra-dry-a/downloaded_clips/site_257_item_1312963/site_257_item_1312963_clip_023.webm,night,autumn,-0.5,0.866025,0.866025,-0.5,autumn_night
1313157_clip001_s000,resources/site_257_bowra-dry-a/downloaded_clips/site_257_item_1313157/site_257_item_1313157_clip_001.webm,night,autumn,-0.5,0.866025,0.866025,-0.5,autumn_night
1313157_clip001_s001,resources/site_257_bowra-dry-a/downloaded_clips/site_257_item_1313157/site_257_item_1313157_clip_001.webm,night,autumn,-0.5,0.866025,0.866025,-0.5,autumn_night
1313157_clip005_s000,resources/site_257_bowra-dry-a/downloaded_clips/site_257_item_1313157/site_257_item_1313157_clip_005.webm,night,autumn,-0.5,0.866025,0.866025,-0.5,autumn_night
1313157_clip005_s001,resources/site_257_bowra-dry-a/downloaded_clips/site_257_item_1313157/site_257_item_1313157_clip_005.webm,night,autumn,-0.5,0.866025,0.866025,-0.5,autumn_night
1313157_clip005_s002,resources/site_257_bowra-dry-a/downloaded_clips/site_257_item_1313157/site_257_item_1313157_clip_005.webm,night,autumn,-0.5,0.866025,0.866025,-0.5,autumn_night
1313157_clip005_s003,resources/site_257_bowra-dry-a/downloaded_clips/site_257_item_1313157/site_257_item_1313157_clip_005.webm,night,autumn,-0.5,0.866025,0.866025,-0.5,autumn_night
1313157_clip006_s000,resources/site_257_bowra-dry-a/downloaded_clips/site_257_item_1313157/site_257_item_1313157_clip_006.webm,night,autumn,-0.5,0.866025,0.866025,-0.5,autumn_night
1313157_clip006_s001,resources/site_257_bowra-dry-a/downloaded_clips/site_257_item_1313157/site_257_item_1313157_clip_006.webm,night,autumn,-0.5,0.866025,0.866025,-0.5,autumn_night
1313157_clip006_s002,resources/site_257_bowra-dry-a/downloaded_clips/site_257_item_1313157/site_257_item_1313157_clip_006.webm,night,autumn,-0.5,0.866025,0.866025,-0.5,autumn_night
1313157_clip007_s000,resources/site_257_bowra-dry-a/downloaded_clips/site_257_item_1313157/site_257_item_1313157_clip_007.webm,night,autumn,-0.5,0.866025,0.866025,-0.5,autumn_night
1313157_clip007_s001,resources/site_257_bowra-dry-a/downloaded_clips/site_257_item_1313157/site_257_item_1313157_clip_007.webm,night,autumn,-0.5,0.866025,0.866025,-0.5,autumn_night
1313157_clip007_s002,resources/site_257_bowra-dry-a/downloaded_clips/site_257_item_1313157/site_257_item_1313157_clip_007.webm,night,autumn,-0.5,0.866025,0.866025,-0.5,autumn_night
1313157_clip008_s000,resources/site_257_bowra-dry-a/downloaded_clips/site_257_item_1313157/site_257_item_1313157_clip_008.webm,night,autumn,-0.5,0.866025,0.866025,-0.5,autumn_night
1313157_clip009_s000,resources/site_257_bowra-dry-a/downloaded_clips/site_257_item_1313157/site_257_item_1313157_clip_009.webm,night,autumn,-0.5,0.866025,0.866025,-0.5,autumn_night
1313157_clip009_s001,resources/site_257_bowra-dry-a/downloaded_clips/site_257_item_1313157/site_257_item_1313157_clip_009.webm,night,autumn,-0.5,0.866025,0.866025,-0.5,autumn_night
1313157_clip009_s002,resources/site_257_bowra-dry-a/downloaded_clips/site_257_item_1313157/site_257_item_1313157_clip_009.webm,night,autumn,-0.5,0.866025,0.866025,-0.5,autumn_night
1313157_clip010_s000,resources/site_257_bowra-dry-a/downloaded_clips/site_257_item_1313157/site_257_item_1313157_clip_010.webm,night,autumn,-0.5,0.866025,0.866025,-0.5,autumn_night
1313157_clip011_s000,resources/site_257_bowra-dry-a/downloaded_clips/site_257_item_1313157/site_257_item_1313157_clip_011.webm,night,autumn,-0.5,0.866025,0.866025,-0.5,autumn_night
1313157_clip011_s001,resources/site_257_bowra-dry-a/downloaded_clips/site_257_item_1313157/site_257_item_1313157_clip_011.webm,night,autumn,-0.5,0.866025,0.866025,-0.5,autumn_night
1313157_clip011_s002,resources/site_257_bowra-dry-a/downloaded_clips/site_257_item_1313157/site_257_item_1313157_clip_011.webm,night,autumn,-0.5,0.866025,0.866025,-0.5,autumn_night
1313157_clip011_s003,resources/site_257_bowra-dry-a/downloaded_clips/site_257_item_1313157/site_257_item_1313157_clip_011.webm,night,autumn,-0.5,0.866025,0.866025,-0.5,autumn_night
1313157_clip011_s004,resources/site_257_bowra-dry-a/downloaded_clips/site_257_item_1313157/site_257_item_1313157_clip_011.webm,night,autumn,-0.5,0.866025,0.866025,-0.5,autumn_night
1313157_clip011_s005,resources/site_257_bowra-dry-a/downloaded_clips/site_257_item_1313157/site_257_item_1313157_clip_011.webm,night,autumn,-0.5,0.866025,0.866025,-0.5,autumn_night
1313157_clip011_s006,resources/site_257_bowra-dry-a/downloaded_clips/site_257_item_1313157/site_257_item_1313157_clip_011.webm,night,autumn,-0.5,0.866025,0.866025,-0.5,autumn_night
1313157_clip012_s000,resources/site_257_bowra-dry-a/downloaded_clips/site_257_item_1313157/site_257_item_1313157_clip_012.webm,night,autumn,-0.5,0.866025,0.866025,-0.5,autumn_night
1313157_clip014_s000,resources/site_257_bowra-dry-a/downloaded_clips/site_257_item_1313157/site_257_item_1313157_clip_014.webm,night,autumn,-0.5,0.866025,0.866025,-0.5,autumn_night
1313157_clip015_s000,resources/site_257_bowra-dry-a/downloaded_clips/site_257_item_1313157/site_257_item_1313157_clip_015.webm,night,autumn,-0.5,0.866025,0.866025,-0.5,autumn_night
1313157_clip017_s000,resources/site_257_bowra-dry-a/downloaded_clips/site_257_item_1313157/site_257_item_1313157_clip_017.webm,night,autumn,-0.5,0.866025,0.866025,-0.5,autumn_night
1313157_clip018_s000,resources/site_257_bowra-dry-a/downloaded_clips/site_257_item_1313157/site_257_item_1313157_clip_018.webm,night,autumn,-0.5,0.866025,0.866025,-0.5,autumn_night
1313157_clip018_s001,resources/site_257_bowra-dry-a/downloaded_clips/site_257_item_1313157/site_257_item_1313157_clip_018.webm,night,autumn,-0.5,0.866025,0.866025,-0.5,autumn_night
1313157_clip018_s002,resources/site_257_bowra-dry-a/downloaded_clips/site_257_item_1313157/site_257_item_1313157_clip_018.webm,night,autumn,-0.5,0.866025,0.866025,-0.5,autumn_night
1313157_clip019_s000,resources/site_257_bowra-dry-a/downloaded_clips/site_257_item_1313157/site_257_item_1313157_clip_019.webm,night,autumn,-0.5,0.866025,0.866025,-0.5,autumn_night
1313157_clip019_s001,resources/site_257_bowra-dry-a/downloaded_clips/site_257_item_1313157/site_257_item_1313157_clip_019.webm,night,autumn,-0.5,0.866025,0.866025,-0.5,autumn_night
1313157_clip019_s002,resources/site_257_bowra-dry-a/downloaded_clips/site_257_item_1313157/site_257_item_1313157_clip_019.webm,night,autumn,-0.5,0.866025,0.866025,-0.5,autumn_night
1313157_clip020_s000,resources/site_257_bowra-dry-a/downloaded_clips/site_257_item_1313157/site_257_item_1313157_clip_020.webm,night,autumn,-0.5,0.866025,0.866025,-0.5,autumn_night
1313157_clip021_s000,resources/site_257_bowra-dry-a/downloaded_clips/site_257_item_1313157/site_257_item_1313157_clip_021.webm,night,autumn,-0.5,0.866025,0.866025,-0.5,autumn_night
1313157_clip024_s000,resources/site_257_bowra-dry-a/downloaded_clips/site_257_item_1313157/site_257_item_1313157_clip_024.webm,night,autumn,-0.5,0.866025,0.866025,-0.5,autumn_night
1313177_clip002_s000,resources/site_257_bowra-dry-a/downloaded_clips/site_257_item_1313177/site_257_item_1313177_clip_002.webm,night,autumn,-0.5,0.866025,0.866025,-0.5,autumn_night
1313177_clip004_s000,resources/site_257_bowra-dry-a/downloaded_clips/site_257_item_1313177/site_257_item_1313177_clip_004.webm,night,autumn,-0.5,0.866025,0.866025,-0.5,autumn_night
1313177_clip008_s000,resources/site_257_bowra-dry-a/downloaded_clips/site_257_item_1313177/site_257_item_1313177_clip_008.webm,night,autumn,-0.5,0.866025,0.866025,-0.5,autumn_night
1313177_clip008_s001,resources/site_257_bowra-dry-a/downloaded_clips/site_257_item_1313177/site_257_item_1313177_clip_008.webm,night,autumn,-0.5,0.866025,0.866025,-0.5,autumn_night
1313177_clip011_s000,resources/site_257_bowra-dry-a/downloaded_clips/site_257_item_1313177/site_257_item_1313177_clip_011.webm,night,autumn,-0.5,0.866025,0.866025,-0.5,autumn_night
1313177_clip012_s000,resources/site_257_bowra-dry-a/downloaded_clips/site_257_item_1313177/site_257_item_1313177_clip_012.webm,night,autumn,-0.5,0.866025,0.866025,-0.5,autumn_night
1313177_clip014_s000,resources/site_257_bowra-dry-a/downloaded_clips/site_257_item_1313177/site_257_item_1313177_clip_014.webm,night,autumn,-0.5,0.866025,0.866025,-0.5,autumn_night
1313177_clip016_s000,resources/site_257_bowra-dry-a/downloaded_clips/site_257_item_1313177/site_257_item_1313177_clip_016.webm,night,autumn,-0.5,0.866025,0.866025,-0.5,autumn_night
1313177_clip023_s000,resources/site_257_bowra-dry-a/downloaded_clips/site_257_item_1313177/site_257_item_1313177_clip_023.webm,night,autumn,-0.5,0.866025,0.866025,-0.5,autumn_night
1313425_clip006_s000,resources/site_257_bowra-dry-a/downloaded_clips/site_257_item_1313425/site_257_item_1313425_clip_006.webm,night,autumn,-0.5,0.866025,0.866025,-0.5,autumn_night
1313425_clip009_s000,resources/site_257_bowra-dry-a/downloaded_clips/site_257_item_1313425/site_257_item_1313425_clip_009.webm,night,autumn,-0.5,0.866025,0.866025,-0.5,autumn_night
1313425_clip015_s000,resources/site_257_bowra-dry-a/downloaded_clips/site_257_item_1313425/site_257_item_1313425_clip_015.webm,night,autumn,-0.5,0.866025,0.866025,-0.5,autumn_night
1313425_clip022_s000,resources/site_257_bowra-dry-a/downloaded_clips/site_257_item_1313425/site_257_item_1313425_clip_022.webm,night,autumn,-0.5,0.866025,0.866025,-0.5,autumn_night
1535900_clip009_s000,resources/site_257_bowra-dry-a/downloaded_clips/site_257_item_1535900/site_257_item_1535900_clip_009.webm,night,autumn,-0.5,0.866025,1.0,0.0,autumn_night
1535900_clip012_s000,resources/site_257_bowra-dry-a/downloaded_clips/site_257_item_1535900/site_257_item_1535900_clip_012.webm,night,autumn,-0.5,0.866025,1.0,0.0,autumn_night
1535914_clip001_s000,resources/site_257_bowra-dry-a/downloaded_clips/site_257_item_1535914/site_257_item_1535914_clip_001.webm,night,autumn,-0.5,0.866025,1.0,0.0,autumn_night
1535914_clip006_s000,resources/site_257_bowra-dry-a/downloaded_clips/site_257_item_1535914/site_257_item_1535914_clip_006.webm,night,autumn,-0.5,0.866025,1.0,0.0,autumn_night
1535914_clip016_s000,resources/site_257_bowra-dry-a/downloaded_clips/site_257_item_1535914/site_257_item_1535914_clip_016.webm,night,autumn,-0.5,0.866025,1.0,0.0,autumn_night
1535914_clip019_s000,resources/site_257_bowra-dry-a/downloaded_clips/site_257_item_1535914/site_257_item_1535914_clip_019.webm,night,autumn,-0.5,0.866025,1.0,0.0,autumn_night
1535914_clip021_s000,resources/site_257_bowra-dry-a/downloaded_clips/site_257_item_1535914/site_257_item_1535914_clip_021.webm,night,autumn,-0.5,0.866025,1.0,0.0,autumn_night
1535914_clip021_s001,resources/site_257_bowra-dry-a/downloaded_clips/site_257_item_1535914/site_257_item_1535914_clip_021.webm,night,autumn,-0.5,0.866025,1.0,0.0,autumn_night
1535914_clip023_s000,resources/site_257_bowra-dry-a/downloaded_clips/site_257_item_1535914/site_257_item_1535914_clip_023.webm,night,autumn,-0.5,0.866025,1.0,0.0,autumn_night
1535914_clip023_s001,resources/site_257_bowra-dry-a/downloaded_clips/site_257_item_1535914/site_257_item_1535914_clip_023.webm,night,autumn,-0.5,0.866025,1.0,0.0,autumn_night
1534222_clip001_s000,resources/site_257_bowra-dry-a/downloaded_clips/site_257_item_1534222/site_257_item_1534222_clip_001.webm,night,autumn,-0.5,0.866025,0.866025,-0.5,autumn_night
1535462_clip002_s000,resources/site_257_bowra-dry-a/downloaded_clips/site_257_item_1535462/site_257_item_1535462_clip_002.webm,night,autumn,-0.258819,0.965926,0.866025,-0.5,autumn_night
1535462_clip003_s000,resources/site_257_bowra-dry-a/downloaded_clips/site_257_item_1535462/site_257_item_1535462_clip_003.webm,night,autumn,-0.258819,0.965926,0.866025,-0.5,autumn_night
1536152_clip016_s000,resources/site_257_bowra-dry-a/downloaded_clips/site_257_item_1536152/site_257_item_1536152_clip_016.webm,night,autumn,-0.5,0.866025,0.866025,-0.5,autumn_night
1536185_clip003_s000,resources/site_257_bowra-dry-a/downloaded_clips/site_257_item_1536185/site_257_item_1536185_clip_003.webm,night,autumn,-0.5,0.866025,0.866025,-0.5,autumn_night
1536185_clip005_s000,resources/site_257_bowra-dry-a/downloaded_clips/site_257_item_1536185/site_257_item_1536185_clip_005.webm,night,autumn,-0.5,0.866025,0.866025,-0.5,autumn_night
1536185_clip019_s000,resources/site_257_bowra-dry-a/downloaded_clips/site_257_item_1536185/site_257_item_1536185_clip_019.webm,night,autumn,-0.5,0.866025,0.866025,-0.5,autumn_night
1536689_clip002_s000,resources/site_257_bowra-dry-a/downloaded_clips/site_257_item_1536689/site_257_item_1536689_clip_002.webm,night,autumn,-0.5,0.866025,0.5,-0.866025,autumn_night
1536689_clip004_s000,resources/site_257_bowra-dry-a/downloaded_clips/site_257_item_1536689/site_257_item_1536689_clip_004.webm,night,autumn,-0.5,0.866025,0.5,-0.866025,autumn_night
1536689_clip006_s000,resources/site_257_bowra-dry-a/downloaded_clips/site_257_item_1536689/site_257_item_1536689_clip_006.webm,night,autumn,-0.5,0.866025,0.5,-0.866025,autumn_night
1536689_clip007_s000,resources/site_257_bowra-dry-a/downloaded_clips/site_257_item_1536689/site_257_item_1536689_clip_007.webm,night,autumn,-0.5,0.866025,0.5,-0.866025,autumn_night
1536689_clip007_s001,resources/site_257_bowra-dry-a/downloaded_clips/site_257_item_1536689/site_257_item_1536689_clip_007.webm,night,autumn,-0.5,0.866025,0.5,-0.866025,autumn_night
1536689_clip008_s000,resources/site_257_bowra-dry-a/downloaded_clips/site_257_item_1536689/site_257_item_1536689_clip_008.webm,night,autumn,-0.5,0.866025,0.5,-0.866025,autumn_night
1536689_clip009_s000,resources/site_257_bowra-dry-a/downloaded_clips/site_257_item_1536689/site_257_item_1536689_clip_009.webm,night,autumn,-0.5,0.866025,0.5,-0.866025,autumn_night
1536689_clip009_s001,resources/site_257_bowra-dry-a/downloaded_clips/site_257_item_1536689/site_257_item_1536689_clip_009.webm,night,autumn,-0.5,0.866025,0.5,-0.866025,autumn_night
1536689_clip010_s000,resources/site_257_bowra-dry-a/downloaded_clips/site_257_item_1536689/site_257_item_1536689_clip_010.webm,night,autumn,-0.5,0.866025,0.5,-0.866025,autumn_night
1536689_clip010_s001,resources/site_257_bowra-dry-a/downloaded_clips/site_257_item_1536689/site_257_item_1536689_clip_010.webm,night,autumn,-0.5,0.866025,0.5,-0.866025,autumn_night
1536689_clip011_s000,resources/site_257_bowra-dry-a/downloaded_clips/site_257_item_1536689/site_257_item_1536689_clip_011.webm,night,autumn,-0.5,0.866025,0.5,-0.866025,autumn_night
1536689_clip011_s001,resources/site_257_bowra-dry-a/downloaded_clips/site_257_item_1536689/site_257_item_1536689_clip_011.webm,night,autumn,-0.5,0.866025,0.5,-0.866025,autumn_night
1536689_clip012_s000,resources/site_257_bowra-dry-a/downloaded_clips/site_257_item_1536689/site_257_item_1536689_clip_012.webm,night,autumn,-0.5,0.866025,0.5,-0.866025,autumn_night
1536689_clip012_s001,resources/site_257_bowra-dry-a/downloaded_clips/site_257_item_1536689/site_257_item_1536689_clip_012.webm,night,autumn,-0.5,0.866025,0.5,-0.866025,autumn_night
1536689_clip012_s002,resources/site_257_bowra-dry-a/downloaded_clips/site_257_item_1536689/site_257_item_1536689_clip_012.webm,night,autumn,-0.5,0.866025,0.5,-0.866025,autumn_night
1536689_clip014_s000,resources/site_257_bowra-dry-a/downloaded_clips/site_257_item_1536689/site_257_item_1536689_clip_014.webm,night,autumn,-0.5,0.866025,0.5,-0.866025,autumn_night
1536689_clip014_s001,resources/site_257_bowra-dry-a/downloaded_clips/site_257_item_1536689/site_257_item_1536689_clip_014.webm,night,autumn,-0.5,0.866025,0.5,-0.866025,autumn_night
1536689_clip015_s000,resources/site_257_bowra-dry-a/downloaded_clips/site_257_item_1536689/site_257_item_1536689_clip_015.webm,night,autumn,-0.5,0.866025,0.5,-0.866025,autumn_night
1536689_clip015_s001,resources/site_257_bowra-dry-a/downloaded_clips/site_257_item_1536689/site_257_item_1536689_clip_015.webm,night,autumn,-0.5,0.866025,0.5,-0.866025,autumn_night
1536689_clip015_s002,resources/site_257_bowra-dry-a/downloaded_clips/site_257_item_1536689/site_257_item_1536689_clip_015.webm,night,autumn,-0.5,0.866025,0.5,-0.866025,autumn_night
1536689_clip015_s003,resources/site_257_bowra-dry-a/downloaded_clips/site_257_item_1536689/site_257_item_1536689_clip_015.webm,night,autumn,-0.5,0.866025,0.5,-0.866025,autumn_night
1536689_clip017_s000,resources/site_257_bowra-dry-a/downloaded_clips/site_257_item_1536689/site_257_item_1536689_clip_017.webm,night,autumn,-0.5,0.866025,0.5,-0.866025,autumn_night
1536689_clip017_s001,resources/site_257_bowra-dry-a/downloaded_clips/site_257_item_1536689/site_257_item_1536689_clip_017.webm,night,autumn,-0.5,0.866025,0.5,-0.866025,autumn_night
1536689_clip018_s000,resources/site_257_bowra-dry-a/downloaded_clips/site_257_item_1536689/site_257_item_1536689_clip_018.webm,night,autumn,-0.5,0.866025,0.5,-0.866025,autumn_night
1536689_clip018_s001,resources/site_257_bowra-dry-a/downloaded_clips/site_257_item_1536689/site_257_item_1536689_clip_018.webm,night,autumn,-0.5,0.866025,0.5,-0.866025,autumn_night
1536689_clip021_s000,resources/site_257_bowra-dry-a/downloaded_clips/site_257_item_1536689/site_257_item_1536689_clip_021.webm,night,autumn,-0.5,0.866025,0.5,-0.866025,autumn_night
1536689_clip022_s000,resources/site_257_bowra-dry-a/downloaded_clips/site_257_item_1536689/site_257_item_1536689_clip_022.webm,night,autumn,-0.5,0.866025,0.5,-0.866025,autumn_night
1536862_clip002_s000,resources/site_257_bowra-dry-a/downloaded_clips/site_257_item_1536862/site_257_item_1536862_clip_002.webm,night,autumn,-0.5,0.866025,0.5,-0.866025,autumn_night
1536862_clip003_s000,resources/site_257_bowra-dry-a/downloaded_clips/site_257_item_1536862/site_257_item_1536862_clip_003.webm,night,autumn,-0.5,0.866025,0.5,-0.866025,autumn_night
1536862_clip003_s001,resources/site_257_bowra-dry-a/downloaded_clips/site_257_item_1536862/site_257_item_1536862_clip_003.webm,night,autumn,-0.5,0.866025,0.5,-0.866025,autumn_night
1536862_clip004_s000,resources/site_257_bowra-dry-a/downloaded_clips/site_257_item_1536862/site_257_item_1536862_clip_004.webm,night,autumn,-0.5,0.866025,0.5,-0.866025,autumn_night
1536862_clip006_s000,resources/site_257_bowra-dry-a/downloaded_clips/site_257_item_1536862/site_257_item_1536862_clip_006.webm,night,autumn,-0.5,0.866025,0.5,-0.866025,autumn_night
1536862_clip006_s001,resources/site_257_bowra-dry-a/downloaded_clips/site_257_item_1536862/site_257_item_1536862_clip_006.webm,night,autumn,-0.5,0.866025,0.5,-0.866025,autumn_night
1536862_clip008_s000,resources/site_257_bowra-dry-a/downloaded_clips/site_257_item_1536862/site_257_item_1536862_clip_008.webm,night,autumn,-0.5,0.866025,0.5,-0.866025,autumn_night
1536862_clip011_s000,resources/site_257_bowra-dry-a/downloaded_clips/site_257_item_1536862/site_257_item_1536862_clip_011.webm,night,autumn,-0.5,0.866025,0.5,-0.866025,autumn_night
1536862_clip012_s000,resources/site_257_bowra-dry-a/downloaded_clips/site_257_item_1536862/site_257_item_1536862_clip_012.webm,night,autumn,-0.5,0.866025,0.5,-0.866025,autumn_night
1536862_clip013_s000,resources/site_257_bowra-dry-a/downloaded_clips/site_257_item_1536862/site_257_item_1536862_clip_013.webm,night,autumn,-0.5,0.866025,0.5,-0.866025,autumn_night
1536862_clip016_s000,resources/site_257_bowra-dry-a/downloaded_clips/site_257_item_1536862/site_257_item_1536862_clip_016.webm,night,autumn,-0.5,0.866025,0.5,-0.866025,autumn_night
1536862_clip016_s001,resources/site_257_bowra-dry-a/downloaded_clips/site_257_item_1536862/site_257_item_1536862_clip_016.webm,night,autumn,-0.5,0.866025,0.5,-0.866025,autumn_night
1536862_clip017_s000,resources/site_257_bowra-dry-a/downloaded_clips/site_257_item_1536862/site_257_item_1536862_clip_017.webm,night,autumn,-0.5,0.866025,0.5,-0.866025,autumn_night
1536862_clip023_s000,resources/site_257_bowra-dry-a/downloaded_clips/site_257_item_1536862/site_257_item_1536862_clip_023.webm,night,autumn,-0.5,0.866025,0.5,-0.866025,autumn_night
1536862_clip023_s001,resources/site_257_bowra-dry-a/downloaded_clips/site_257_item_1536862/site_257_item_1536862_clip_023.webm,night,autumn,-0.5,0.866025,0.5,-0.866025,autumn_night
1536862_clip024_s000,resources/site_257_bowra-dry-a/downloaded_clips/site_257_item_1536862/site_257_item_1536862_clip_024.webm,night,autumn,-0.5,0.866025,0.5,-0.866025,autumn_night
1536895_clip017_s000,resources/site_257_bowra-dry-a/downloaded_clips/site_257_item_1536895/site_257_item_1536895_clip_017.webm,night,autumn,-0.5,0.866025,0.5,-0.866025,autumn_night
1671086_clip008_s000,resources/site_257_bowra-dry-a/downloaded_clips/site_257_item_1671086/site_257_item_1671086_clip_008.webm,night,autumn,-0.5,0.866025,1.0,0.0,autumn_night
1671086_clip017_s000,resources/site_257_bowra-dry-a/downloaded_clips/site_257_item_1671086/site_257_item_1671086_clip_017.webm,night,autumn,-0.5,0.866025,1.0,0.0,autumn_night
1681746_clip005_s000,resources/site_257_bowra-dry-a/downloaded_clips/site_257_item_1681746/site_257_item_1681746_clip_005.webm,night,autumn,-0.5,0.866025,1.0,0.0,autumn_night
1681746_clip007_s000,resources/site_257_bowra-dry-a/downloaded_clips/site_257_item_1681746/site_257_item_1681746_clip_007.webm,night,autumn,-0.5,0.866025,1.0,0.0,autumn_night
1681746_clip007_s001,resources/site_257_bowra-dry-a/downloaded_clips/site_257_item_1681746/site_257_item_1681746_clip_007.webm,night,autumn,-0.5,0.866025,1.0,0.0,autumn_night
1681746_clip013_s000,resources/site_257_bowra-dry-a/downloaded_clips/site_257_item_1681746/site_257_item_1681746_clip_013.webm,night,autumn,-0.5,0.866025,1.0,0.0,autumn_night
1671762_clip006_s000,resources/site_257_bowra-dry-a/downloaded_clips/site_257_item_1671762/site_257_item_1671762_clip_006.webm,night,autumn,-0.5,0.866025,0.866025,-0.5,autumn_night
1671762_clip010_s000,resources/site_257_bowra-dry-a/downloaded_clips/site_257_item_1671762/site_257_item_1671762_clip_010.webm,night,autumn,-0.5,0.866025,0.866025,-0.5,autumn_night
1671762_clip010_s001,resources/site_257_bowra-dry-a/downloaded_clips/site_257_item_1671762/site_257_item_1671762_clip_010.webm,night,autumn,-0.5,0.866025,0.866025,-0.5,autumn_night
1671762_clip012_s000,resources/site_257_bowra-dry-a/downloaded_clips/site_257_item_1671762/site_257_item_1671762_clip_012.webm,night,autumn,-0.5,0.866025,0.866025,-0.5,autumn_night
1671762_clip018_s000,resources/site_257_bowra-dry-a/downloaded_clips/site_257_item_1671762/site_257_item_1671762_clip_018.webm,night,autumn,-0.5,0.866025,0.866025,-0.5,autumn_night
1671762_clip019_s000,resources/site_257_bowra-dry-a/downloaded_clips/site_257_item_1671762/site_257_item_1671762_clip_019.webm,night,autumn,-0.5,0.866025,0.866025,-0.5,autumn_night
1672601_clip023_s000,resources/site_257_bowra-dry-a/downloaded_clips/site_257_item_1672601/site_257_item_1672601_clip_023.webm,night,autumn,-0.5,0.866025,0.866025,-0.5,autumn_night
1673056_clip011_s000,resources/site_257_bowra-dry-a/downloaded_clips/site_257_item_1673056/site_257_item_1673056_clip_011.webm,night,autumn,-0.5,0.866025,0.5,-0.866025,autumn_night
1673056_clip013_s000,resources/site_257_bowra-dry-a/downloaded_clips/site_257_item_1673056/site_257_item_1673056_clip_013.webm,night,autumn,-0.5,0.866025,0.5,-0.866025,autumn_night
1673421_clip003_s000,resources/site_257_bowra-dry-a/downloaded_clips/site_257_item_1673421/site_257_item_1673421_clip_003.webm,night,autumn,-0.5,0.866025,0.5,-0.866025,autumn_night
1673421_clip010_s000,resources/site_257_bowra-dry-a/downloaded_clips/site_257_item_1673421/site_257_item_1673421_clip_010.webm,night,autumn,-0.5,0.866025,0.5,-0.866025,autumn_night
1673421_clip021_s000,resources/site_257_bowra-dry-a/downloaded_clips/site_257_item_1673421/site_257_item_1673421_clip_021.webm,night,autumn,-0.5,0.866025,0.5,-0.866025,autumn_night
1675903_clip007_s000,resources/site_257_bowra-dry-a/downloaded_clips/site_257_item_1675903/site_257_item_1675903_clip_007.webm,night,autumn,-0.5,0.866025,0.5,-0.866025,autumn_night
1675903_clip007_s001,resources/site_257_bowra-dry-a/downloaded_clips/site_257_item_1675903/site_257_item_1675903_clip_007.webm,night,autumn,-0.5,0.866025,0.5,-0.866025,autumn_night
1675903_clip008_s000,resources/site_257_bowra-dry-a/downloaded_clips/site_257_item_1675903/site_257_item_1675903_clip_008.webm,night,autumn,-0.5,0.866025,0.5,-0.866025,autumn_night
1675903_clip011_s000,resources/site_257_bowra-dry-a/downloaded_clips/site_257_item_1675903/site_257_item_1675903_clip_011.webm,night,autumn,-0.5,0.866025,0.5,-0.866025,autumn_night
1675903_clip011_s001,resources/site_257_bowra-dry-a/downloaded_clips/site_257_item_1675903/site_257_item_1675903_clip_011.webm,night,autumn,-0.5,0.866025,0.5,-0.866025,autumn_night
1675903_clip012_s000,resources/site_257_bowra-dry-a/downloaded_clips/site_257_item_1675903/site_257_item_1675903_clip_012.webm,night,autumn,-0.5,0.866025,0.5,-0.866025,autumn_night
1680399_clip001_s000,resources/site_257_bowra-dry-a/downloaded_clips/site_257_item_1680399/site_257_item_1680399_clip_001.webm,night,autumn,-0.5,0.866025,0.866025,-0.5,autumn_night
1680399_clip007_s000,resources/site_257_bowra-dry-a/downloaded_clips/site_257_item_1680399/site_257_item_1680399_clip_007.webm,night,autumn,-0.5,0.866025,0.866025,-0.5,autumn_night
1680399_clip007_s001,resources/site_257_bowra-dry-a/downloaded_clips/site_257_item_1680399/site_257_item_1680399_clip_007.webm,night,autumn,-0.5,0.866025,0.866025,-0.5,autumn_night
1680399_clip008_s000,resources/site_257_bowra-dry-a/downloaded_clips/site_257_item_1680399/site_257_item_1680399_clip_008.webm,night,autumn,-0.5,0.866025,0.866025,-0.5,autumn_night
1680399_clip008_s001,resources/site_257_bowra-dry-a/downloaded_clips/site_257_item_1680399/site_257_item_1680399_clip_008.webm,night,autumn,-0.5,0.866025,0.866025,-0.5,autumn_night
1680399_clip008_s002,resources/site_257_bowra-dry-a/downloaded_clips/site_257_item_1680399/site_257_item_1680399_clip_008.webm,night,autumn,-0.5,0.866025,0.866025,-0.5,autumn_night
1680399_clip011_s000,resources/site_257_bowra-dry-a/downloaded_clips/site_257_item_1680399/site_257_item_1680399_clip_011.webm,night,autumn,-0.5,0.866025,0.866025,-0.5,autumn_night
1680399_clip011_s001,resources/site_257_bowra-dry-a/downloaded_clips/site_257_item_1680399/site_257_item_1680399_clip_011.webm,night,autumn,-0.5,0.866025,0.866025,-0.5,autumn_night
1680399_clip011_s002,resources/site_257_bowra-dry-a/downloaded_clips/site_257_item_1680399/site_257_item_1680399_clip_011.webm,night,autumn,-0.5,0.866025,0.866025,-0.5,autumn_night
1680399_clip014_s000,resources/site_257_bowra-dry-a/downloaded_clips/site_257_item_1680399/site_257_item_1680399_clip_014.webm,night,autumn,-0.5,0.866025,0.866025,-0.5,autumn_night
1680399_clip014_s001,resources/site_257_bowra-dry-a/downloaded_clips/site_257_item_1680399/site_257_item_1680399_clip_014.webm,night,autumn,-0.5,0.866025,0.866025,-0.5,autumn_night
1680399_clip016_s000,resources/site_257_bowra-dry-a/downloaded_clips/site_257_item_1680399/site_257_item_1680399_clip_016.webm,night,autumn,-0.5,0.866025,0.866025,-0.5,autumn_night
1680399_clip018_s000,resources/site_257_bowra-dry-a/downloaded_clips/site_257_item_1680399/site_257_item_1680399_clip_018.webm,night,autumn,-0.5,0.866025,0.866025,-0.5,autumn_night
1680399_clip019_s000,resources/site_257_bowra-dry-a/downloaded_clips/site_257_item_1680399/site_257_item_1680399_clip_019.webm,night,autumn,-0.5,0.866025,0.866025,-0.5,autumn_night
1680399_clip021_s000,resources/site_257_bowra-dry-a/downloaded_clips/site_257_item_1680399/site_257_item_1680399_clip_021.webm,night,autumn,-0.5,0.866025,0.866025,-0.5,autumn_night
1680399_clip021_s001,resources/site_257_bowra-dry-a/downloaded_clips/site_257_item_1680399/site_257_item_1680399_clip_021.webm,night,autumn,-0.5,0.866025,0.866025,-0.5,autumn_night
1680399_clip024_s000,resources/site_257_bowra-dry-a/downloaded_clips/site_257_item_1680399/site_257_item_1680399_clip_024.webm,night,autumn,-0.5,0.866025,0.866025,-0.5,autumn_night
1680399_clip024_s001,resources/site_257_bowra-dry-a/downloaded_clips/site_257_item_1680399/site_257_item_1680399_clip_024.webm,night,autumn,-0.5,0.866025,0.866025,-0.5,autumn_night
1313802_clip001_s000,resources/site_257_bowra-dry-a/downloaded_clips/site_257_item_1313802/site_257_item_1313802_clip_001.webm,dawn,winter,1.0,0.0,0.0,-1.0,winter_dawn
1313802_clip001_s001,resources/site_257_bowra-dry-a/downloaded_clips/site_257_item_1313802/site_257_item_1313802_clip_001.webm,dawn,winter,1.0,0.0,0.0,-1.0,winter_dawn
1313802_clip001_s002,resources/site_257_bowra-dry-a/downloaded_clips/site_257_item_1313802/site_257_item_1313802_clip_001.webm,dawn,winter,1.0,0.0,0.0,-1.0,winter_dawn
1313802_clip002_s000,resources/site_257_bowra-dry-a/downloaded_clips/site_257_item_1313802/site_257_item_1313802_clip_002.webm,dawn,winter,1.0,0.0,0.0,-1.0,winter_dawn
1313802_clip002_s001,resources/site_257_bowra-dry-a/downloaded_clips/site_257_item_1313802/site_257_item_1313802_clip_002.webm,dawn,winter,1.0,0.0,0.0,-1.0,winter_dawn
1313802_clip003_s000,resources/site_257_bowra-dry-a/downloaded_clips/site_257_item_1313802/site_257_item_1313802_clip_003.webm,dawn,winter,1.0,0.0,0.0,-1.0,winter_dawn
1313802_clip003_s001,resources/site_257_bowra-dry-a/downloaded_clips/site_257_item_1313802/site_257_item_1313802_clip_003.webm,dawn,winter,1.0,0.0,0.0,-1.0,winter_dawn
1313802_clip004_s000,resources/site_257_bowra-dry-a/downloaded_clips/site_257_item_1313802/site_257_item_1313802_clip_004.webm,dawn,winter,1.0,0.0,0.0,-1.0,winter_dawn
1313802_clip004_s001,resources/site_257_bowra-dry-a/downloaded_clips/site_257_item_1313802/site_257_item_1313802_clip_004.webm,dawn,winter,1.0,0.0,0.0,-1.0,winter_dawn
1313802_clip005_s000,resources/site_257_bowra-dry-a/downloaded_clips/site_257_item_1313802/site_257_item_1313802_clip_005.webm,dawn,winter,1.0,0.0,0.0,-1.0,winter_dawn
1313802_clip007_s000,resources/site_257_bowra-dry-a/downloaded_clips/site_257_item_1313802/site_257_item_1313802_clip_007.webm,dawn,winter,1.0,0.0,0.0,-1.0,winter_dawn
1313802_clip007_s001,resources/site_257_bowra-dry-a/downloaded_clips/site_257_item_1313802/site_257_item_1313802_clip_007.webm,dawn,winter,1.0,0.0,0.0,-1.0,winter_dawn
1313802_clip009_s000,resources/site_257_bowra-dry-a/downloaded_clips/site_257_item_1313802/site_257_item_1313802_clip_009.webm,dawn,winter,1.0,0.0,0.0,-1.0,winter_dawn
1313828_clip002_s000,resources/site_257_bowra-dry-a/downloaded_clips/site_257_item_1313828/site_257_item_1313828_clip_002.webm,dawn,winter,1.0,0.0,0.0,-1.0,winter_dawn
1313828_clip002_s001,resources/site_257_bowra-dry-a/downloaded_clips/site_257_item_1313828/site_257_item_1313828_clip_002.webm,dawn,winter,1.0,0.0,0.0,-1.0,winter_dawn
1313828_clip004_s000,resources/site_257_bowra-dry-a/downloaded_clips/site_257_item_1313828/site_257_item_1313828_clip_004.webm,dawn,winter,1.0,0.0,0.0,-1.0,winter_dawn
1313828_clip006_s000,resources/site_257_bowra-dry-a/downloaded_clips/site_257_item_1313828/site_257_item_1313828_clip_006.webm,dawn,winter,1.0,0.0,0.0,-1.0,winter_dawn
1313828_clip007_s000,resources/site_257_bowra-dry-a/downloaded_clips/site_257_item_1313828/site_257_item_1313828_clip_007.webm,dawn,winter,1.0,0.0,0.0,-1.0,winter_dawn
1313828_clip007_s001,resources/site_257_bowra-dry-a/downloaded_clips/site_257_item_1313828/site_257_item_1313828_clip_007.webm,dawn,winter,1.0,0.0,0.0,-1.0,winter_dawn
1313828_clip008_s000,resources/site_257_bowra-dry-a/downloaded_clips/site_257_item_1313828/site_257_item_1313828_clip_008.webm,dawn,winter,1.0,0.0,0.0,-1.0,winter_dawn
1313828_clip008_s001,resources/site_257_bowra-dry-a/downloaded_clips/site_257_item_1313828/site_257_item_1313828_clip_008.webm,dawn,winter,1.0,0.0,0.0,-1.0,winter_dawn
1313828_clip012_s000,resources/site_257_bowra-dry-a/downloaded_clips/site_257_item_1313828/site_257_item_1313828_clip_012.webm,dawn,winter,1.0,0.0,0.0,-1.0,winter_dawn
1313828_clip012_s001,resources/site_257_bowra-dry-a/downloaded_clips/site_257_item_1313828/site_257_item_1313828_clip_012.webm,dawn,winter,1.0,0.0,0.0,-1.0,winter_dawn
1313828_clip013_s000,resources/site_257_bowra-dry-a/downloaded_clips/site_257_item_1313828/site_257_item_1313828_clip_013.webm,dawn,winter,1.0,0.0,0.0,-1.0,winter_dawn
1313828_clip013_s001,resources/site_257_bowra-dry-a/downloaded_clips/site_257_item_1313828/site_257_item_1313828_clip_013.webm,dawn,winter,1.0,0.0,0.0,-1.0,winter_dawn
1313828_clip014_s000,resources/site_257_bowra-dry-a/downloaded_clips/site_257_item_1313828/site_257_item_1313828_clip_014.webm,dawn,winter,1.0,0.0,0.0,-1.0,winter_dawn
1313828_clip015_s000,resources/site_257_bowra-dry-a/downloaded_clips/site_257_item_1313828/site_257_item_1313828_clip_015.webm,dawn,winter,1.0,0.0,0.0,-1.0,winter_dawn
1313828_clip016_s000,resources/site_257_bowra-dry-a/downloaded_clips/site_257_item_1313828/site_257_item_1313828_clip_016.webm,dawn,winter,1.0,0.0,0.0,-1.0,winter_dawn
1313828_clip020_s000,resources/site_257_bowra-dry-a/downloaded_clips/site_257_item_1313828/site_257_item_1313828_clip_020.webm,dawn,winter,1.0,0.0,0.0,-1.0,winter_dawn
1313828_clip021_s000,resources/site_257_bowra-dry-a/downloaded_clips/site_257_item_1313828/site_257_item_1313828_clip_021.webm,dawn,winter,1.0,0.0,0.0,-1.0,winter_dawn
1313828_clip021_s001,resources/site_257_bowra-dry-a/downloaded_clips/site_257_item_1313828/site_257_item_1313828_clip_021.webm,dawn,winter,1.0,0.0,0.0,-1.0,winter_dawn
1314116_clip001_s000,resources/site_257_bowra-dry-a/downloaded_clips/site_257_item_1314116/site_257_item_1314116_clip_001.webm,dawn,winter,1.0,0.0,-0.5,-0.866025,winter_dawn
1314116_clip003_s000,resources/site_257_bowra-dry-a/downloaded_clips/site_257_item_1314116/site_257_item_1314116_clip_003.webm,dawn,winter,1.0,0.0,-0.5,-0.866025,winter_dawn
1314116_clip005_s000,resources/site_257_bowra-dry-a/downloaded_clips/site_257_item_1314116/site_257_item_1314116_clip_005.webm,dawn,winter,1.0,0.0,-0.5,-0.866025,winter_dawn
1314116_clip005_s001,resources/site_257_bowra-dry-a/downloaded_clips/site_257_item_1314116/site_257_item_1314116_clip_005.webm,dawn,winter,1.0,0.0,-0.5,-0.866025,winter_dawn
1536798_clip001_s000,resources/site_257_bowra-dry-a/downloaded_clips/site_257_item_1536798/site_257_item_1536798_clip_001.webm,dawn,winter,1.0,0.0,0.0,-1.0,winter_dawn
1536798_clip001_s001,resources/site_257_bowra-dry-a/downloaded_clips/site_257_item_1536798/site_257_item_1536798_clip_001.webm,dawn,winter,1.0,0.0,0.0,-1.0,winter_dawn
1536798_clip003_s000,resources/site_257_bowra-dry-a/downloaded_clips/site_257_item_1536798/site_257_item_1536798_clip_003.webm,dawn,winter,1.0,0.0,0.0,-1.0,winter_dawn
1536798_clip003_s001,resources/site_257_bowra-dry-a/downloaded_clips/site_257_item_1536798/site_257_item_1536798_clip_003.webm,dawn,winter,1.0,0.0,0.0,-1.0,winter_dawn
1536798_clip003_s002,resources/site_257_bowra-dry-a/downloaded_clips/site_257_item_1536798/site_257_item_1536798_clip_003.webm,dawn,winter,1.0,0.0,0.0,-1.0,winter_dawn
1536798_clip011_s000,resources/site_257_bowra-dry-a/downloaded_clips/site_257_item_1536798/site_257_item_1536798_clip_011.webm,dawn,winter,1.0,0.0,0.0,-1.0,winter_dawn
1539111_clip003_s000,resources/site_257_bowra-dry-a/downloaded_clips/site_257_item_1539111/site_257_item_1539111_clip_003.webm,dawn,winter,1.0,0.0,0.0,-1.0,winter_dawn
1539111_clip003_s001,resources/site_257_bowra-dry-a/downloaded_clips/site_257_item_1539111/site_257_item_1539111_clip_003.webm,dawn,winter,1.0,0.0,0.0,-1.0,winter_dawn
1539111_clip004_s000,resources/site_257_bowra-dry-a/downloaded_clips/site_257_item_1539111/site_257_item_1539111_clip_004.webm,dawn,winter,1.0,0.0,0.0,-1.0,winter_dawn
1539111_clip004_s001,resources/site_257_bowra-dry-a/downloaded_clips/site_257_item_1539111/site_257_item_1539111_clip_004.webm,dawn,winter,1.0,0.0,0.0,-1.0,winter_dawn
1539111_clip004_s002,resources/site_257_bowra-dry-a/downloaded_clips/site_257_item_1539111/site_257_item_1539111_clip_004.webm,dawn,winter,1.0,0.0,0.0,-1.0,winter_dawn
1539111_clip004_s003,resources/site_257_bowra-dry-a/downloaded_clips/site_257_item_1539111/site_257_item_1539111_clip_004.webm,dawn,winter,1.0,0.0,0.0,-1.0,winter_dawn
1539111_clip015_s000,resources/site_257_bowra-dry-a/downloaded_clips/site_257_item_1539111/site_257_item_1539111_clip_015.webm,dawn,winter,1.0,0.0,0.0,-1.0,winter_dawn
1539171_clip003_s000,resources/site_257_bowra-dry-a/downloaded_clips/site_257_item_1539171/site_257_item_1539171_clip_003.webm,dawn,winter,1.0,0.0,-0.5,-0.866025,winter_dawn
1539171_clip003_s001,resources/site_257_bowra-dry-a/downloaded_clips/site_257_item_1539171/site_257_item_1539171_clip_003.webm,dawn,winter,1.0,0.0,-0.5,-0.866025,winter_dawn
1539171_clip007_s000,resources/site_257_bowra-dry-a/downloaded_clips/site_257_item_1539171/site_257_item_1539171_clip_007.webm,dawn,winter,1.0,0.0,-0.5,-0.866025,winter_dawn
1539171_clip016_s000,resources/site_257_bowra-dry-a/downloaded_clips/site_257_item_1539171/site_257_item_1539171_clip_016.webm,dawn,winter,1.0,0.0,-0.5,-0.866025,winter_dawn
1672451_clip014_s000,resources/site_257_bowra-dry-a/downloaded_clips/site_257_item_1672451/site_257_item_1672451_clip_014.webm,dawn,winter,0.866025,0.5,0.0,-1.0,winter_dawn
1672451_clip017_s000,resources/site_257_bowra-dry-a/downloaded_clips/site_257_item_1672451/site_257_item_1672451_clip_017.webm,dawn,winter,0.866025,0.5,0.0,-1.0,winter_dawn
1672451_clip021_s000,resources/site_257_bowra-dry-a/downloaded_clips/site_257_item_1672451/site_257_item_1672451_clip_021.webm,dawn,winter,0.866025,0.5,0.0,-1.0,winter_dawn
1672819_clip002_s000,resources/site_257_bowra-dry-a/downloaded_clips/site_257_item_1672819/site_257_item_1672819_clip_002.webm,dawn,winter,1.0,0.0,0.0,-1.0,winter_dawn
1672819_clip005_s000,resources/site_257_bowra-dry-a/downloaded_clips/site_257_item_1672819/site_257_item_1672819_clip_005.webm,dawn,winter,1.0,0.0,0.0,-1.0,winter_dawn
1672819_clip008_s000,resources/site_257_bowra-dry-a/downloaded_clips/site_257_item_1672819/site_257_item_1672819_clip_008.webm,dawn,winter,1.0,0.0,0.0,-1.0,winter_dawn
445525_clip012_s000,resources/site_257_bowra-dry-a/downloaded_clips/site_257_item_445525/site_257_item_445525_clip_012.webm,dawn,winter,1.0,0.0,-0.866025,-0.5,winter_dawn
445525_clip012_s001,resources/site_257_bowra-dry-a/downloaded_clips/site_257_item_445525/site_257_item_445525_clip_012.webm,dawn,winter,1.0,0.0,-0.866025,-0.5,winter_dawn
5495_clip011_s000,resources/site_257_bowra-dry-a/downloaded_clips/site_257_item_5495/site_257_item_5495_clip_011.webm,dawn,winter,1.0,0.0,-0.866025,-0.5,winter_dawn
5495_clip018_s000,resources/site_257_bowra-dry-a/downloaded_clips/site_257_item_5495/site_257_item_5495_clip_018.webm,dawn,winter,1.0,0.0,-0.866025,-0.5,winter_dawn
5495_clip022_s000,resources/site_257_bowra-dry-a/downloaded_clips/site_257_item_5495/site_257_item_5495_clip_022.webm,dawn,winter,1.0,0.0,-0.866025,-0.5,winter_dawn
4897_clip013_s000,resources/site_257_bowra-dry-a/downloaded_clips/site_257_item_4897/site_257_item_4897_clip_013.webm,dawn,winter,1.0,0.0,-0.866025,-0.5,winter_dawn
4897_clip017_s000,resources/site_257_bowra-dry-a/downloaded_clips/site_257_item_4897/site_257_item_4897_clip_017.webm,dawn,winter,1.0,0.0,-0.866025,-0.5,winter_dawn
4972_clip013_s000,resources/site_257_bowra-dry-a/downloaded_clips/site_257_item_4972/site_257_item_4972_clip_013.webm,dawn,winter,1.0,0.0,-0.866025,-0.5,winter_dawn
5027_clip001_s000,resources/site_257_bowra-dry-a/downloaded_clips/site_257_item_5027/site_257_item_5027_clip_001.webm,dawn,winter,1.0,0.0,-0.866025,-0.5,winter_dawn
5027_clip001_s001,resources/site_257_bowra-dry-a/downloaded_clips/site_257_item_5027/site_257_item_5027_clip_001.webm,dawn,winter,1.0,0.0,-0.866025,-0.5,winter_dawn
5027_clip013_s000,resources/site_257_bowra-dry-a/downloaded_clips/site_257_item_5027/site_257_item_5027_clip_013.webm,dawn,winter,1.0,0.0,-0.866025,-0.5,winter_dawn
5297_clip003_s000,resources/site_257_bowra-dry-a/downloaded_clips/site_257_item_5297/site_257_item_5297_clip_003.webm,dawn,winter,0.866025,0.5,-0.866025,-0.5,winter_dawn
5297_clip003_s001,resources/site_257_bowra-dry-a/downloaded_clips/site_257_item_5297/site_257_item_5297_clip_003.webm,dawn,winter,0.866025,0.5,-0.866025,-0.5,winter_dawn
5297_clip004_s000,resources/site_257_bowra-dry-a/downloaded_clips/site_257_item_5297/site_257_item_5297_clip_004.webm,dawn,winter,0.866025,0.5,-0.866025,-0.5,winter_dawn
5297_clip005_s000,resources/site_257_bowra-dry-a/downloaded_clips/site_257_item_5297/site_257_item_5297_clip_005.webm,dawn,winter,0.866025,0.5,-0.866025,-0.5,winter_dawn
5297_clip005_s001,resources/site_257_bowra-dry-a/downloaded_clips/site_257_item_5297/site_257_item_5297_clip_005.webm,dawn,winter,0.866025,0.5,-0.866025,-0.5,winter_dawn
5297_clip006_s000,resources/site_257_bowra-dry-a/downloaded_clips/site_257_item_5297/site_257_item_5297_clip_006.webm,dawn,winter,0.866025,0.5,-0.866025,-0.5,winter_dawn
5297_clip007_s000,resources/site_257_bowra-dry-a/downloaded_clips/site_257_item_5297/site_257_item_5297_clip_007.webm,dawn,winter,0.866025,0.5,-0.866025,-0.5,winter_dawn
5297_clip008_s000,resources/site_257_bowra-dry-a/downloaded_clips/site_257_item_5297/site_257_item_5297_clip_008.webm,dawn,winter,0.866025,0.5,-0.866025,-0.5,winter_dawn
5297_clip008_s001,resources/site_257_bowra-dry-a/downloaded_clips/site_257_item_5297/site_257_item_5297_clip_008.webm,dawn,winter,0.866025,0.5,-0.866025,-0.5,winter_dawn
5297_clip016_s000,resources/site_257_bowra-dry-a/downloaded_clips/site_257_item_5297/site_257_item_5297_clip_016.webm,dawn,winter,0.866025,0.5,-0.866025,-0.5,winter_dawn
5487_clip007_s000,resources/site_257_bowra-dry-a/downloaded_clips/site_257_item_5487/site_257_item_5487_clip_007.webm,dawn,winter,0.866025,0.5,-0.866025,-0.5,winter_dawn
5487_clip011_s000,resources/site_257_bowra-dry-a/downloaded_clips/site_257_item_5487/site_257_item_5487_clip_011.webm,dawn,winter,0.866025,0.5,-0.866025,-0.5,winter_dawn
5487_clip011_s001,resources/site_257_bowra-dry-a/downloaded_clips/site_257_item_5487/site_257_item_5487_clip_011.webm,dawn,winter,0.866025,0.5,-0.866025,-0.5,winter_dawn
5487_clip014_s000,resources/site_257_bowra-dry-a/downloaded_clips/site_257_item_5487/site_257_item_5487_clip_014.webm,dawn,winter,0.866025,0.5,-0.866025,-0.5,winter_dawn
5487_clip016_s000,resources/site_257_bowra-dry-a/downloaded_clips/site_257_item_5487/site_257_item_5487_clip_016.webm,dawn,winter,0.866025,0.5,-0.866025,-0.5,winter_dawn
5487_clip016_s001,resources/site_257_bowra-dry-a/downloaded_clips/site_257_item_5487/site_257_item_5487_clip_016.webm,dawn,winter,0.866025,0.5,-0.866025,-0.5,winter_dawn
5487_clip017_s000,resources/site_257_bowra-dry-a/downloaded_clips/site_257_item_5487/site_257_item_5487_clip_017.webm,dawn,winter,0.866025,0.5,-0.866025,-0.5,winter_dawn
5487_clip018_s000,resources/site_257_bowra-dry-a/downloaded_clips/site_257_item_5487/site_257_item_5487_clip_018.webm,dawn,winter,0.866025,0.5,-0.866025,-0.5,winter_dawn
5487_clip018_s001,resources/site_257_bowra-dry-a/downloaded_clips/site_257_item_5487/site_257_item_5487_clip_018.webm,dawn,winter,0.866025,0.5,-0.866025,-0.5,winter_dawn
5487_clip018_s002,resources/site_257_bowra-dry-a/downloaded_clips/site_257_item_5487/site_257_item_5487_clip_018.webm,dawn,winter,0.866025,0.5,-0.866025,-0.5,winter_dawn
5487_clip018_s003,resources/site_257_bowra-dry-a/downloaded_clips/site_257_item_5487/site_257_item_5487_clip_018.webm,dawn,winter,0.866025,0.5,-0.866025,-0.5,winter_dawn
5487_clip019_s000,resources/site_257_bowra-dry-a/downloaded_clips/site_257_item_5487/site_257_item_5487_clip_019.webm,dawn,winter,0.866025,0.5,-0.866025,-0.5,winter_dawn
5487_clip020_s000,resources/site_257_bowra-dry-a/downloaded_clips/site_257_item_5487/site_257_item_5487_clip_020.webm,dawn,winter,0.866025,0.5,-0.866025,-0.5,winter_dawn
5487_clip022_s000,resources/site_257_bowra-dry-a/downloaded_clips/site_257_item_5487/site_257_item_5487_clip_022.webm,dawn,winter,0.866025,0.5,-0.866025,-0.5,winter_dawn
445518_clip018_s000,resources/site_257_bowra-dry-a/downloaded_clips/site_257_item_445518/site_257_item_445518_clip_018.webm,dawn,winter,1.0,0.0,-0.866025,-0.5,winter_dawn
445518_clip018_s001,resources/site_257_bowra-dry-a/downloaded_clips/site_257_item_445518/site_257_item_445518_clip_018.webm,dawn,winter,1.0,0.0,-0.866025,-0.5,winter_dawn
445518_clip019_s000,resources/site_257_bowra-dry-a/downloaded_clips/site_257_item_445518/site_257_item_445518_clip_019.webm,dawn,winter,1.0,0.0,-0.866025,-0.5,winter_dawn
445518_clip021_s000,resources/site_257_bowra-dry-a/downloaded_clips/site_257_item_445518/site_257_item_445518_clip_021.webm,dawn,winter,1.0,0.0,-0.866025,-0.5,winter_dawn
445518_clip021_s001,resources/site_257_bowra-dry-a/downloaded_clips/site_257_item_445518/site_257_item_445518_clip_021.webm,dawn,winter,1.0,0.0,-0.866025,-0.5,winter_dawn
445518_clip023_s000,resources/site_257_bowra-dry-a/downloaded_clips/site_257_item_445518/site_257_item_445518_clip_023.webm,dawn,winter,1.0,0.0,-0.866025,-0.5,winter_dawn
445518_clip023_s001,resources/site_257_bowra-dry-a/downloaded_clips/site_257_item_445518/site_257_item_445518_clip_023.webm,dawn,winter,1.0,0.0,-0.866025,-0.5,winter_dawn
445527_clip003_s000,resources/site_257_bowra-dry-a/downloaded_clips/site_257_item_445527/site_257_item_445527_clip_003.webm,dawn,winter,0.866025,0.5,-0.866025,-0.5,winter_dawn
445527_clip005_s000,resources/site_257_bowra-dry-a/downloaded_clips/site_257_item_445527/site_257_item_445527_clip_005.webm,dawn,winter,0.866025,0.5,-0.866025,-0.5,winter_dawn
445527_clip005_s001,resources/site_257_bowra-dry-a/downloaded_clips/site_257_item_445527/site_257_item_445527_clip_005.webm,dawn,winter,0.866025,0.5,-0.866025,-0.5,winter_dawn
445527_clip005_s002,resources/site_257_bowra-dry-a/downloaded_clips/site_257_item_445527/site_257_item_445527_clip_005.webm,dawn,winter,0.866025,0.5,-0.866025,-0.5,winter_dawn
445527_clip006_s000,resources/site_257_bowra-dry-a/downloaded_clips/site_257_item_445527/site_257_item_445527_clip_006.webm,dawn,winter,0.866025,0.5,-0.866025,-0.5,winter_dawn
445527_clip008_s000,resources/site_257_bowra-dry-a/downloaded_clips/site_257_item_445527/site_257_item_445527_clip_008.webm,dawn,winter,0.866025,0.5,-0.866025,-0.5,winter_dawn
445527_clip009_s000,resources/site_257_bowra-dry-a/downloaded_clips/site_257_item_445527/site_257_item_445527_clip_009.webm,dawn,winter,0.866025,0.5,-0.866025,-0.5,winter_dawn
445527_clip009_s001,resources/site_257_bowra-dry-a/downloaded_clips/site_257_item_445527/site_257_item_445527_clip_009.webm,dawn,winter,0.866025,0.5,-0.866025,-0.5,winter_dawn
445527_clip010_s000,resources/site_257_bowra-dry-a/downloaded_clips/site_257_item_445527/site_257_item_445527_clip_010.webm,dawn,winter,0.866025,0.5,-0.866025,-0.5,winter_dawn
445527_clip011_s000,resources/site_257_bowra-dry-a/downloaded_clips/site_257_item_445527/site_257_item_445527_clip_011.webm,dawn,winter,0.866025,0.5,-0.866025,-0.5,winter_dawn
445527_clip011_s001,resources/site_257_bowra-dry-a/downloaded_clips/site_257_item_445527/site_257_item_445527_clip_011.webm,dawn,winter,0.866025,0.5,-0.866025,-0.5,winter_dawn
445527_clip011_s002,resources/site_257_bowra-dry-a/downloaded_clips/site_257_item_445527/site_257_item_445527_clip_011.webm,dawn,winter,0.866025,0.5,-0.866025,-0.5,winter_dawn
445527_clip012_s000,resources/site_257_bowra-dry-a/downloaded_clips/site_257_item_445527/site_257_item_445527_clip_012.webm,dawn,winter,0.866025,0.5,-0.866025,-0.5,winter_dawn
445527_clip012_s001,resources/site_257_bowra-dry-a/downloaded_clips/site_257_item_445527/site_257_item_445527_clip_012.webm,dawn,winter,0.866025,0.5,-0.866025,-0.5,winter_dawn
445527_clip012_s002,resources/site_257_bowra-dry-a/downloaded_clips/site_257_item_445527/site_257_item_445527_clip_012.webm,dawn,winter,0.866025,0.5,-0.866025,-0.5,winter_dawn
445527_clip013_s000,resources/site_257_bowra-dry-a/downloaded_clips/site_257_item_445527/site_257_item_445527_clip_013.webm,dawn,winter,0.866025,0.5,-0.866025,-0.5,winter_dawn
445527_clip013_s001,resources/site_257_bowra-dry-a/downloaded_clips/site_257_item_445527/site_257_item_445527_clip_013.webm,dawn,winter,0.866025,0.5,-0.866025,-0.5,winter_dawn
445527_clip013_s002,resources/site_257_bowra-dry-a/downloaded_clips/site_257_item_445527/site_257_item_445527_clip_013.webm,dawn,winter,0.866025,0.5,-0.866025,-0.5,winter_dawn
445527_clip014_s000,resources/site_257_bowra-dry-a/downloaded_clips/site_257_item_445527/site_257_item_445527_clip_014.webm,dawn,winter,0.866025,0.5,-0.866025,-0.5,winter_dawn
445527_clip014_s001,resources/site_257_bowra-dry-a/downloaded_clips/site_257_item_445527/site_257_item_445527_clip_014.webm,dawn,winter,0.866025,0.5,-0.866025,-0.5,winter_dawn
445527_clip014_s002,resources/site_257_bowra-dry-a/downloaded_clips/site_257_item_445527/site_257_item_445527_clip_014.webm,dawn,winter,0.866025,0.5,-0.866025,-0.5,winter_dawn
445527_clip015_s000,resources/site_257_bowra-dry-a/downloaded_clips/site_257_item_445527/site_257_item_445527_clip_015.webm,dawn,winter,0.866025,0.5,-0.866025,-0.5,winter_dawn
445527_clip015_s001,resources/site_257_bowra-dry-a/downloaded_clips/site_257_item_445527/site_257_item_445527_clip_015.webm,dawn,winter,0.866025,0.5,-0.866025,-0.5,winter_dawn
445527_clip015_s002,resources/site_257_bowra-dry-a/downloaded_clips/site_257_item_445527/site_257_item_445527_clip_015.webm,dawn,winter,0.866025,0.5,-0.866025,-0.5,winter_dawn
445527_clip017_s000,resources/site_257_bowra-dry-a/downloaded_clips/site_257_item_445527/site_257_item_445527_clip_017.webm,dawn,winter,0.866025,0.5,-0.866025,-0.5,winter_dawn
445527_clip017_s001,resources/site_257_bowra-dry-a/downloaded_clips/site_257_item_445527/site_257_item_445527_clip_017.webm,dawn,winter,0.866025,0.5,-0.866025,-0.5,winter_dawn
445527_clip020_s000,resources/site_257_bowra-dry-a/downloaded_clips/site_257_item_445527/site_257_item_445527_clip_020.webm,dawn,winter,0.866025,0.5,-0.866025,-0.5,winter_dawn
445527_clip020_s001,resources/site_257_bowra-dry-a/downloaded_clips/site_257_item_445527/site_257_item_445527_clip_020.webm,dawn,winter,0.866025,0.5,-0.866025,-0.5,winter_dawn
1536792_clip002_s000,resources/site_257_bowra-dry-a/downloaded_clips/site_257_item_1536792/site_257_item_1536792_clip_002.webm,dawn,winter,1.0,0.0,0.0,-1.0,winter_dawn
1536792_clip007_s000,resources/site_257_bowra-dry-a/downloaded_clips/site_257_item_1536792/site_257_item_1536792_clip_007.webm,dawn,winter,1.0,0.0,0.0,-1.0,winter_dawn
1539750_clip019_s000,resources/site_257_bowra-dry-a/downloaded_clips/site_257_item_1539750/site_257_item_1539750_clip_019.webm,dawn,winter,1.0,0.0,0.0,-1.0,winter_dawn
1539109_clip001_s000,resources/site_257_bowra-dry-a/downloaded_clips/site_257_item_1539109/site_257_item_1539109_clip_001.webm,dawn,winter,0.866025,0.5,0.0,-1.0,winter_dawn
1539109_clip003_s000,resources/site_257_bowra-dry-a/downloaded_clips/site_257_item_1539109/site_257_item_1539109_clip_003.webm,dawn,winter,0.866025,0.5,0.0,-1.0,winter_dawn
1539109_clip004_s000,resources/site_257_bowra-dry-a/downloaded_clips/site_257_item_1539109/site_257_item_1539109_clip_004.webm,dawn,winter,0.866025,0.5,0.0,-1.0,winter_dawn
1539109_clip007_s000,resources/site_257_bowra-dry-a/downloaded_clips/site_257_item_1539109/site_257_item_1539109_clip_007.webm,dawn,winter,0.866025,0.5,0.0,-1.0,winter_dawn
1539109_clip009_s000,resources/site_257_bowra-dry-a/downloaded_clips/site_257_item_1539109/site_257_item_1539109_clip_009.webm,dawn,winter,0.866025,0.5,0.0,-1.0,winter_dawn
1539109_clip009_s001,resources/site_257_bowra-dry-a/downloaded_clips/site_257_item_1539109/site_257_item_1539109_clip_009.webm,dawn,winter,0.866025,0.5,0.0,-1.0,winter_dawn
1539109_clip009_s002,resources/site_257_bowra-dry-a/downloaded_clips/site_257_item_1539109/site_257_item_1539109_clip_009.webm,dawn,winter,0.866025,0.5,0.0,-1.0,winter_dawn
1539109_clip011_s000,resources/site_257_bowra-dry-a/downloaded_clips/site_257_item_1539109/site_257_item_1539109_clip_011.webm,dawn,winter,0.866025,0.5,0.0,-1.0,winter_dawn
1539109_clip013_s000,resources/site_257_bowra-dry-a/downloaded_clips/site_257_item_1539109/site_257_item_1539109_clip_013.webm,dawn,winter,0.866025,0.5,0.0,-1.0,winter_dawn
1539109_clip015_s000,resources/site_257_bowra-dry-a/downloaded_clips/site_257_item_1539109/site_257_item_1539109_clip_015.webm,dawn,winter,0.866025,0.5,0.0,-1.0,winter_dawn
1539109_clip015_s001,resources/site_257_bowra-dry-a/downloaded_clips/site_257_item_1539109/site_257_item_1539109_clip_015.webm,dawn,winter,0.866025,0.5,0.0,-1.0,winter_dawn
1539109_clip016_s000,resources/site_257_bowra-dry-a/downloaded_clips/site_257_item_1539109/site_257_item_1539109_clip_016.webm,dawn,winter,0.866025,0.5,0.0,-1.0,winter_dawn
1539109_clip018_s000,resources/site_257_bowra-dry-a/downloaded_clips/site_257_item_1539109/site_257_item_1539109_clip_018.webm,dawn,winter,0.866025,0.5,0.0,-1.0,winter_dawn
1539109_clip018_s001,resources/site_257_bowra-dry-a/downloaded_clips/site_257_item_1539109/site_257_item_1539109_clip_018.webm,dawn,winter,0.866025,0.5,0.0,-1.0,winter_dawn
1539109_clip019_s000,resources/site_257_bowra-dry-a/downloaded_clips/site_257_item_1539109/site_257_item_1539109_clip_019.webm,dawn,winter,0.866025,0.5,0.0,-1.0,winter_dawn
1539109_clip022_s000,resources/site_257_bowra-dry-a/downloaded_clips/site_257_item_1539109/site_257_item_1539109_clip_022.webm,dawn,winter,0.866025,0.5,0.0,-1.0,winter_dawn
1539109_clip023_s000,resources/site_257_bowra-dry-a/downloaded_clips/site_257_item_1539109/site_257_item_1539109_clip_023.webm,dawn,winter,0.866025,0.5,0.0,-1.0,winter_dawn
1539147_clip002_s000,resources/site_257_bowra-dry-a/downloaded_clips/site_257_item_1539147/site_257_item_1539147_clip_002.webm,dawn,winter,0.965926,0.258819,0.0,-1.0,winter_dawn
1539147_clip002_s001,resources/site_257_bowra-dry-a/downloaded_clips/site_257_item_1539147/site_257_item_1539147_clip_002.webm,dawn,winter,0.965926,0.258819,0.0,-1.0,winter_dawn
1539147_clip003_s000,resources/site_257_bowra-dry-a/downloaded_clips/site_257_item_1539147/site_257_item_1539147_clip_003.webm,dawn,winter,0.965926,0.258819,0.0,-1.0,winter_dawn
1539350_clip001_s000,resources/site_257_bowra-dry-a/downloaded_clips/site_257_item_1539350/site_257_item_1539350_clip_001.webm,dawn,winter,1.0,0.0,0.0,-1.0,winter_dawn
1539350_clip002_s000,resources/site_257_bowra-dry-a/downloaded_clips/site_257_item_1539350/site_257_item_1539350_clip_002.webm,dawn,winter,1.0,0.0,0.0,-1.0,winter_dawn
1539350_clip005_s000,resources/site_257_bowra-dry-a/downloaded_clips/site_257_item_1539350/site_257_item_1539350_clip_005.webm,dawn,winter,1.0,0.0,0.0,-1.0,winter_dawn
1539350_clip015_s000,resources/site_257_bowra-dry-a/downloaded_clips/site_257_item_1539350/site_257_item_1539350_clip_015.webm,dawn,winter,1.0,0.0,0.0,-1.0,winter_dawn
1539350_clip015_s001,resources/site_257_bowra-dry-a/downloaded_clips/site_257_item_1539350/site_257_item_1539350_clip_015.webm,dawn,winter,1.0,0.0,0.0,-1.0,winter_dawn
1539350_clip020_s000,resources/site_257_bowra-dry-a/downloaded_clips/site_257_item_1539350/site_257_item_1539350_clip_020.webm,dawn,winter,1.0,0.0,0.0,-1.0,winter_dawn
1539379_clip001_s000,resources/site_257_bowra-dry-a/downloaded_clips/site_257_item_1539379/site_257_item_1539379_clip_001.webm,dawn,winter,1.0,0.0,0.0,-1.0,winter_dawn
1539379_clip020_s000,resources/site_257_bowra-dry-a/downloaded_clips/site_257_item_1539379/site_257_item_1539379_clip_020.webm,dawn,winter,1.0,0.0,0.0,-1.0,winter_dawn
1539379_clip024_s000,resources/site_257_bowra-dry-a/downloaded_clips/site_257_item_1539379/site_257_item_1539379_clip_024.webm,dawn,winter,1.0,0.0,0.0,-1.0,winter_dawn
1539495_clip014_s000,resources/site_257_bowra-dry-a/downloaded_clips/site_257_item_1539495/site_257_item_1539495_clip_014.webm,dawn,winter,0.866025,0.5,-0.5,-0.866025,winter_dawn
1539563_clip004_s000,resources/site_257_bowra-dry-a/downloaded_clips/site_257_item_1539563/site_257_item_1539563_clip_004.webm,dawn,winter,1.0,0.0,-0.5,-0.866025,winter_dawn
1539724_clip003_s000,resources/site_257_bowra-dry-a/downloaded_clips/site_257_item_1539724/site_257_item_1539724_clip_003.webm,dawn,winter,0.965926,0.258819,0.0,-1.0,winter_dawn
1539724_clip004_s000,resources/site_257_bowra-dry-a/downloaded_clips/site_257_item_1539724/site_257_item_1539724_clip_004.webm,dawn,winter,0.965926,0.258819,0.0,-1.0,winter_dawn
1539724_clip006_s000,resources/site_257_bowra-dry-a/downloaded_clips/site_257_item_1539724/site_257_item_1539724_clip_006.webm,dawn,winter,0.965926,0.258819,0.0,-1.0,winter_dawn
1539724_clip006_s001,resources/site_257_bowra-dry-a/downloaded_clips/site_257_item_1539724/site_257_item_1539724_clip_006.webm,dawn,winter,0.965926,0.258819,0.0,-1.0,winter_dawn
1540025_clip002_s000,resources/site_257_bowra-dry-a/downloaded_clips/site_257_item_1540025/site_257_item_1540025_clip_002.webm,dawn,winter,1.0,0.0,0.0,-1.0,winter_dawn
1540025_clip003_s000,resources/site_257_bowra-dry-a/downloaded_clips/site_257_item_1540025/site_257_item_1540025_clip_003.webm,dawn,winter,1.0,0.0,0.0,-1.0,winter_dawn
1540025_clip003_s001,resources/site_257_bowra-dry-a/downloaded_clips/site_257_item_1540025/site_257_item_1540025_clip_003.webm,dawn,winter,1.0,0.0,0.0,-1.0,winter_dawn
1540025_clip005_s000,resources/site_257_bowra-dry-a/downloaded_clips/site_257_item_1540025/site_257_item_1540025_clip_005.webm,dawn,winter,1.0,0.0,0.0,-1.0,winter_dawn
1540025_clip014_s000,resources/site_257_bowra-dry-a/downloaded_clips/site_257_item_1540025/site_257_item_1540025_clip_014.webm,dawn,winter,1.0,0.0,0.0,-1.0,winter_dawn
1535713_clip004_s000,resources/site_257_bowra-dry-a/downloaded_clips/site_257_item_1535713/site_257_item_1535713_clip_004.webm,dawn,winter,1.0,0.0,-0.866025,-0.5,winter_dawn
1539275_clip002_s000,resources/site_257_bowra-dry-a/downloaded_clips/site_257_item_1539275/site_257_item_1539275_clip_002.webm,dawn,winter,0.866025,0.5,-0.5,-0.866025,winter_dawn
1539275_clip009_s000,resources/site_257_bowra-dry-a/downloaded_clips/site_257_item_1539275/site_257_item_1539275_clip_009.webm,dawn,winter,0.866025,0.5,-0.5,-0.866025,winter_dawn
1539275_clip014_s000,resources/site_257_bowra-dry-a/downloaded_clips/site_257_item_1539275/site_257_item_1539275_clip_014.webm,dawn,winter,0.866025,0.5,-0.5,-0.866025,winter_dawn
1539275_clip017_s000,resources/site_257_bowra-dry-a/downloaded_clips/site_257_item_1539275/site_257_item_1539275_clip_017.webm,dawn,winter,0.866025,0.5,-0.5,-0.866025,winter_dawn
1539275_clip019_s000,resources/site_257_bowra-dry-a/downloaded_clips/site_257_item_1539275/site_257_item_1539275_clip_019.webm,dawn,winter,0.866025,0.5,-0.5,-0.866025,winter_dawn
1539275_clip024_s000,resources/site_257_bowra-dry-a/downloaded_clips/site_257_item_1539275/site_257_item_1539275_clip_024.webm,dawn,winter,0.866025,0.5,-0.5,-0.866025,winter_dawn
1539403_clip002_s000,resources/site_257_bowra-dry-a/downloaded_clips/site_257_item_1539403/site_257_item_1539403_clip_002.webm,dawn,winter,1.0,0.0,-0.5,-0.866025,winter_dawn
1539617_clip006_s000,resources/site_257_bowra-dry-a/downloaded_clips/site_257_item_1539617/site_257_item_1539617_clip_006.webm,dawn,winter,0.866025,0.5,-0.5,-0.866025,winter_dawn
1539617_clip006_s001,resources/site_257_bowra-dry-a/downloaded_clips/site_257_item_1539617/site_257_item_1539617_clip_006.webm,dawn,winter,0.866025,0.5,-0.5,-0.866025,winter_dawn
1539617_clip010_s000,resources/site_257_bowra-dry-a/downloaded_clips/site_257_item_1539617/site_257_item_1539617_clip_010.webm,dawn,winter,0.866025,0.5,-0.5,-0.866025,winter_dawn
1539617_clip012_s000,resources/site_257_bowra-dry-a/downloaded_clips/site_257_item_1539617/site_257_item_1539617_clip_012.webm,dawn,winter,0.866025,0.5,-0.5,-0.866025,winter_dawn
1539617_clip014_s000,resources/site_257_bowra-dry-a/downloaded_clips/site_257_item_1539617/site_257_item_1539617_clip_014.webm,dawn,winter,0.866025,0.5,-0.5,-0.866025,winter_dawn
1539617_clip021_s000,resources/site_257_bowra-dry-a/downloaded_clips/site_257_item_1539617/site_257_item_1539617_clip_021.webm,dawn,winter,0.866025,0.5,-0.5,-0.866025,winter_dawn
1539676_clip001_s000,resources/site_257_bowra-dry-a/downloaded_clips/site_257_item_1539676/site_257_item_1539676_clip_001.webm,dawn,winter,1.0,0.0,-0.866025,-0.5,winter_dawn
1539676_clip002_s000,resources/site_257_bowra-dry-a/downloaded_clips/site_257_item_1539676/site_257_item_1539676_clip_002.webm,dawn,winter,1.0,0.0,-0.866025,-0.5,winter_dawn
1671945_clip002_s000,resources/site_257_bowra-dry-a/downloaded_clips/site_257_item_1671945/site_257_item_1671945_clip_002.webm,dawn,winter,1.0,0.0,0.0,-1.0,winter_dawn
1680688_clip001_s000,resources/site_257_bowra-dry-a/downloaded_clips/site_257_item_1680688/site_257_item_1680688_clip_001.webm,dawn,winter,1.0,0.0,0.0,-1.0,winter_dawn
1680688_clip002_s000,resources/site_257_bowra-dry-a/downloaded_clips/site_257_item_1680688/site_257_item_1680688_clip_002.webm,dawn,winter,1.0,0.0,0.0,-1.0,winter_dawn
1680688_clip007_s000,resources/site_257_bowra-dry-a/downloaded_clips/site_257_item_1680688/site_257_item_1680688_clip_007.webm,dawn,winter,1.0,0.0,0.0,-1.0,winter_dawn
1681475_clip010_s000,resources/site_257_bowra-dry-a/downloaded_clips/site_257_item_1681475/site_257_item_1681475_clip_010.webm,dawn,winter,1.0,0.0,0.0,-1.0,winter_dawn
1681475_clip011_s000,resources/site_257_bowra-dry-a/downloaded_clips/site_257_item_1681475/site_257_item_1681475_clip_011.webm,dawn,winter,1.0,0.0,0.0,-1.0,winter_dawn
1681475_clip011_s001,resources/site_257_bowra-dry-a/downloaded_clips/site_257_item_1681475/site_257_item_1681475_clip_011.webm,dawn,winter,1.0,0.0,0.0,-1.0,winter_dawn
1672490_clip002_s000,resources/site_257_bowra-dry-a/downloaded_clips/site_257_item_1672490/site_257_item_1672490_clip_002.webm,dawn,winter,0.965926,0.258819,0.0,-1.0,winter_dawn
1672845_clip002_s000,resources/site_257_bowra-dry-a/downloaded_clips/site_257_item_1672845/site_257_item_1672845_clip_002.webm,dawn,winter,1.0,0.0,0.0,-1.0,winter_dawn
1672845_clip003_s000,resources/site_257_bowra-dry-a/downloaded_clips/site_257_item_1672845/site_257_item_1672845_clip_003.webm,dawn,winter,1.0,0.0,0.0,-1.0,winter_dawn
1672845_clip003_s001,resources/site_257_bowra-dry-a/downloaded_clips/site_257_item_1672845/site_257_item_1672845_clip_003.webm,dawn,winter,1.0,0.0,0.0,-1.0,winter_dawn
1672845_clip003_s002,resources/site_257_bowra-dry-a/downloaded_clips/site_257_item_1672845/site_257_item_1672845_clip_003.webm,dawn,winter,1.0,0.0,0.0,-1.0,winter_dawn
1672845_clip004_s000,resources/site_257_bowra-dry-a/downloaded_clips/site_257_item_1672845/site_257_item_1672845_clip_004.webm,dawn,winter,1.0,0.0,0.0,-1.0,winter_dawn
1672845_clip007_s000,resources/site_257_bowra-dry-a/downloaded_clips/site_257_item_1672845/site_257_item_1672845_clip_007.webm,dawn,winter,1.0,0.0,0.0,-1.0,winter_dawn
1672845_clip007_s001,resources/site_257_bowra-dry-a/downloaded_clips/site_257_item_1672845/site_257_item_1672845_clip_007.webm,dawn,winter,1.0,0.0,0.0,-1.0,winter_dawn
1672845_clip007_s002,resources/site_257_bowra-dry-a/downloaded_clips/site_257_item_1672845/site_257_item_1672845_clip_007.webm,dawn,winter,1.0,0.0,0.0,-1.0,winter_dawn
1672845_clip008_s000,resources/site_257_bowra-dry-a/downloaded_clips/site_257_item_1672845/site_257_item_1672845_clip_008.webm,dawn,winter,1.0,0.0,0.0,-1.0,winter_dawn
1672914_clip005_s000,resources/site_257_bowra-dry-a/downloaded_clips/site_257_item_1672914/site_257_item_1672914_clip_005.webm,dawn,winter,1.0,0.0,0.0,-1.0,winter_dawn
1681554_clip002_s000,resources/site_257_bowra-dry-a/downloaded_clips/site_257_item_1681554/site_257_item_1681554_clip_002.webm,dawn,winter,1.0,0.0,0.0,-1.0,winter_dawn
1681554_clip003_s000,resources/site_257_bowra-dry-a/downloaded_clips/site_257_item_1681554/site_257_item_1681554_clip_003.webm,dawn,winter,1.0,0.0,0.0,-1.0,winter_dawn
1313804_clip002_s000,resources/site_257_bowra-dry-a/downloaded_clips/site_257_item_1313804/site_257_item_1313804_clip_002.webm,afternoon,winter,-0.5,-0.866025,0.0,-1.0,winter_afternoon
1313804_clip005_s000,resources/site_257_bowra-dry-a/downloaded_clips/site_257_item_1313804/site_257_item_1313804_clip_005.webm,afternoon,winter,-0.5,-0.866025,0.0,-1.0,winter_afternoon
1313804_clip006_s000,resources/site_257_bowra-dry-a/downloaded_clips/site_257_item_1313804/site_257_item_1313804_clip_006.webm,afternoon,winter,-0.5,-0.866025,0.0,-1.0,winter_afternoon
1313804_clip008_s000,resources/site_257_bowra-dry-a/downloaded_clips/site_257_item_1313804/site_257_item_1313804_clip_008.webm,afternoon,winter,-0.5,-0.866025,0.0,-1.0,winter_afternoon
1313804_clip008_s001,resources/site_257_bowra-dry-a/downloaded_clips/site_257_item_1313804/site_257_item_1313804_clip_008.webm,afternoon,winter,-0.5,-0.866025,0.0,-1.0,winter_afternoon
1313804_clip008_s002,resources/site_257_bowra-dry-a/downloaded_clips/site_257_item_1313804/site_257_item_1313804_clip_008.webm,afternoon,winter,-0.5,-0.866025,0.0,-1.0,winter_afternoon
1313804_clip008_s003,resources/site_257_bowra-dry-a/downloaded_clips/site_257_item_1313804/site_257_item_1313804_clip_008.webm,afternoon,winter,-0.5,-0.866025,0.0,-1.0,winter_afternoon
1313804_clip009_s000,resources/site_257_bowra-dry-a/downloaded_clips/site_257_item_1313804/site_257_item_1313804_clip_009.webm,afternoon,winter,-0.5,-0.866025,0.0,-1.0,winter_afternoon
1313804_clip011_s000,resources/site_257_bowra-dry-a/downloaded_clips/site_257_item_1313804/site_257_item_1313804_clip_011.webm,afternoon,winter,-0.5,-0.866025,0.0,-1.0,winter_afternoon
1313804_clip017_s000,resources/site_257_bowra-dry-a/downloaded_clips/site_257_item_1313804/site_257_item_1313804_clip_017.webm,afternoon,winter,-0.5,-0.866025,0.0,-1.0,winter_afternoon
1313804_clip017_s001,resources/site_257_bowra-dry-a/downloaded_clips/site_257_item_1313804/site_257_item_1313804_clip_017.webm,afternoon,winter,-0.5,-0.866025,0.0,-1.0,winter_afternoon
1313804_clip020_s000,resources/site_257_bowra-dry-a/downloaded_clips/site_257_item_1313804/site_257_item_1313804_clip_020.webm,afternoon,winter,-0.5,-0.866025,0.0,-1.0,winter_afternoon
1313831_clip011_s000,resources/site_257_bowra-dry-a/downloaded_clips/site_257_item_1313831/site_257_item_1313831_clip_011.webm,afternoon,winter,0.0,-1.0,0.0,-1.0,winter_afternoon
1313831_clip014_s000,resources/site_257_bowra-dry-a/downloaded_clips/site_257_item_1313831/site_257_item_1313831_clip_014.webm,afternoon,winter,0.0,-1.0,0.0,-1.0,winter_afternoon
1313831_clip014_s001,resources/site_257_bowra-dry-a/downloaded_clips/site_257_item_1313831/site_257_item_1313831_clip_014.webm,afternoon,winter,0.0,-1.0,0.0,-1.0,winter_afternoon
1313831_clip014_s002,resources/site_257_bowra-dry-a/downloaded_clips/site_257_item_1313831/site_257_item_1313831_clip_014.webm,afternoon,winter,0.0,-1.0,0.0,-1.0,winter_afternoon
1313831_clip015_s000,resources/site_257_bowra-dry-a/downloaded_clips/site_257_item_1313831/site_257_item_1313831_clip_015.webm,afternoon,winter,0.0,-1.0,0.0,-1.0,winter_afternoon
1313831_clip016_s000,resources/site_257_bowra-dry-a/downloaded_clips/site_257_item_1313831/site_257_item_1313831_clip_016.webm,afternoon,winter,0.0,-1.0,0.0,-1.0,winter_afternoon
1313831_clip016_s001,resources/site_257_bowra-dry-a/downloaded_clips/site_257_item_1313831/site_257_item_1313831_clip_016.webm,afternoon,winter,0.0,-1.0,0.0,-1.0,winter_afternoon
1313831_clip017_s000,resources/site_257_bowra-dry-a/downloaded_clips/site_257_item_1313831/site_257_item_1313831_clip_017.webm,afternoon,winter,0.0,-1.0,0.0,-1.0,winter_afternoon
1313831_clip019_s000,resources/site_257_bowra-dry-a/downloaded_clips/site_257_item_1313831/site_257_item_1313831_clip_019.webm,afternoon,winter,0.0,-1.0,0.0,-1.0,winter_afternoon
1313831_clip019_s001,resources/site_257_bowra-dry-a/downloaded_clips/site_257_item_1313831/site_257_item_1313831_clip_019.webm,afternoon,winter,0.0,-1.0,0.0,-1.0,winter_afternoon
1313831_clip019_s002,resources/site_257_bowra-dry-a/downloaded_clips/site_257_item_1313831/site_257_item_1313831_clip_019.webm,afternoon,winter,0.0,-1.0,0.0,-1.0,winter_afternoon
1313831_clip020_s000,resources/site_257_bowra-dry-a/downloaded_clips/site_257_item_1313831/site_257_item_1313831_clip_020.webm,afternoon,winter,0.0,-1.0,0.0,-1.0,winter_afternoon
1534156_clip001_s000,resources/site_257_bowra-dry-a/downloaded_clips/site_257_item_1534156/site_257_item_1534156_clip_001.webm,afternoon,winter,-0.5,-0.866025,0.0,-1.0,winter_afternoon
1534156_clip002_s000,resources/site_257_bowra-dry-a/downloaded_clips/site_257_item_1534156/site_257_item_1534156_clip_002.webm,afternoon,winter,-0.5,-0.866025,0.0,-1.0,winter_afternoon
1534156_clip004_s000,resources/site_257_bowra-dry-a/downloaded_clips/site_257_item_1534156/site_257_item_1534156_clip_004.webm,afternoon,winter,-0.5,-0.866025,0.0,-1.0,winter_afternoon
1534156_clip007_s000,resources/site_257_bowra-dry-a/downloaded_clips/site_257_item_1534156/site_257_item_1534156_clip_007.webm,afternoon,winter,-0.5,-0.866025,0.0,-1.0,winter_afternoon
1534156_clip009_s000,resources/site_257_bowra-dry-a/downloaded_clips/site_257_item_1534156/site_257_item_1534156_clip_009.webm,afternoon,winter,-0.5,-0.866025,0.0,-1.0,winter_afternoon
1534156_clip011_s000,resources/site_257_bowra-dry-a/downloaded_clips/site_257_item_1534156/site_257_item_1534156_clip_011.webm,afternoon,winter,-0.5,-0.866025,0.0,-1.0,winter_afternoon
1534156_clip012_s000,resources/site_257_bowra-dry-a/downloaded_clips/site_257_item_1534156/site_257_item_1534156_clip_012.webm,afternoon,winter,-0.5,-0.866025,0.0,-1.0,winter_afternoon
1534156_clip013_s000,resources/site_257_bowra-dry-a/downloaded_clips/site_257_item_1534156/site_257_item_1534156_clip_013.webm,afternoon,winter,-0.5,-0.866025,0.0,-1.0,winter_afternoon
1534156_clip014_s000,resources/site_257_bowra-dry-a/downloaded_clips/site_257_item_1534156/site_257_item_1534156_clip_014.webm,afternoon,winter,-0.5,-0.866025,0.0,-1.0,winter_afternoon
1534156_clip017_s000,resources/site_257_bowra-dry-a/downloaded_clips/site_257_item_1534156/site_257_item_1534156_clip_017.webm,afternoon,winter,-0.5,-0.866025,0.0,-1.0,winter_afternoon
1534156_clip017_s001,resources/site_257_bowra-dry-a/downloaded_clips/site_257_item_1534156/site_257_item_1534156_clip_017.webm,afternoon,winter,-0.5,-0.866025,0.0,-1.0,winter_afternoon
1534156_clip017_s002,resources/site_257_bowra-dry-a/downloaded_clips/site_257_item_1534156/site_257_item_1534156_clip_017.webm,afternoon,winter,-0.5,-0.866025,0.0,-1.0,winter_afternoon
1534156_clip018_s000,resources/site_257_bowra-dry-a/downloaded_clips/site_257_item_1534156/site_257_item_1534156_clip_018.webm,afternoon,winter,-0.5,-0.866025,0.0,-1.0,winter_afternoon
1534156_clip021_s000,resources/site_257_bowra-dry-a/downloaded_clips/site_257_item_1534156/site_257_item_1534156_clip_021.webm,afternoon,winter,-0.5,-0.866025,0.0,-1.0,winter_afternoon
1534156_clip021_s001,resources/site_257_bowra-dry-a/downloaded_clips/site_257_item_1534156/site_257_item_1534156_clip_021.webm,afternoon,winter,-0.5,-0.866025,0.0,-1.0,winter_afternoon
1534156_clip023_s000,resources/site_257_bowra-dry-a/downloaded_clips/site_257_item_1534156/site_257_item_1534156_clip_023.webm,afternoon,winter,-0.5,-0.866025,0.0,-1.0,winter_afternoon
1535837_clip001_s000,resources/site_257_bowra-dry-a/downloaded_clips/site_257_item_1535837/site_257_item_1535837_clip_001.webm,afternoon,winter,-0.258819,-0.965926,-0.866025,-0.5,winter_afternoon
1535837_clip004_s000,resources/site_257_bowra-dry-a/downloaded_clips/site_257_item_1535837/site_257_item_1535837_clip_004.webm,afternoon,winter,-0.258819,-0.965926,-0.866025,-0.5,winter_afternoon
1535837_clip006_s000,resources/site_257_bowra-dry-a/downloaded_clips/site_257_item_1535837/site_257_item_1535837_clip_006.webm,afternoon,winter,-0.258819,-0.965926,-0.866025,-0.5,winter_afternoon
1536797_clip008_s000,resources/site_257_bowra-dry-a/downloaded_clips/site_257_item_1536797/site_257_item_1536797_clip_008.webm,afternoon,winter,-0.5,-0.866025,0.0,-1.0,winter_afternoon
1536797_clip008_s001,resources/site_257_bowra-dry-a/downloaded_clips/site_257_item_1536797/site_257_item_1536797_clip_008.webm,afternoon,winter,-0.5,-0.866025,0.0,-1.0,winter_afternoon
1536797_clip010_s000,resources/site_257_bowra-dry-a/downloaded_clips/site_257_item_1536797/site_257_item_1536797_clip_010.webm,afternoon,winter,-0.5,-0.866025,0.0,-1.0,winter_afternoon
1536797_clip011_s000,resources/site_257_bowra-dry-a/downloaded_clips/site_257_item_1536797/site_257_item_1536797_clip_011.webm,afternoon,winter,-0.5,-0.866025,0.0,-1.0,winter_afternoon
1536797_clip013_s000,resources/site_257_bowra-dry-a/downloaded_clips/site_257_item_1536797/site_257_item_1536797_clip_013.webm,afternoon,winter,-0.5,-0.866025,0.0,-1.0,winter_afternoon
1536797_clip017_s000,resources/site_257_bowra-dry-a/downloaded_clips/site_257_item_1536797/site_257_item_1536797_clip_017.webm,afternoon,winter,-0.5,-0.866025,0.0,-1.0,winter_afternoon
1536797_clip019_s000,resources/site_257_bowra-dry-a/downloaded_clips/site_257_item_1536797/site_257_item_1536797_clip_019.webm,afternoon,winter,-0.5,-0.866025,0.0,-1.0,winter_afternoon
1536797_clip022_s000,resources/site_257_bowra-dry-a/downloaded_clips/site_257_item_1536797/site_257_item_1536797_clip_022.webm,afternoon,winter,-0.5,-0.866025,0.0,-1.0,winter_afternoon
1539520_clip010_s000,resources/site_257_bowra-dry-a/downloaded_clips/site_257_item_1539520/site_257_item_1539520_clip_010.webm,afternoon,winter,-0.258819,-0.965926,-0.5,-0.866025,winter_afternoon
1539520_clip010_s001,resources/site_257_bowra-dry-a/downloaded_clips/site_257_item_1539520/site_257_item_1539520_clip_010.webm,afternoon,winter,-0.258819,-0.965926,-0.5,-0.866025,winter_afternoon
1539520_clip010_s002,resources/site_257_bowra-dry-a/downloaded_clips/site_257_item_1539520/site_257_item_1539520_clip_010.webm,afternoon,winter,-0.258819,-0.965926,-0.5,-0.866025,winter_afternoon
1539520_clip010_s003,resources/site_257_bowra-dry-a/downloaded_clips/site_257_item_1539520/site_257_item_1539520_clip_010.webm,afternoon,winter,-0.258819,-0.965926,-0.5,-0.866025,winter_afternoon
1675748_clip013_s000,resources/site_257_bowra-dry-a/downloaded_clips/site_257_item_1675748/site_257_item_1675748_clip_013.webm,afternoon,winter,0.0,-1.0,0.0,-1.0,winter_afternoon
1675748_clip015_s000,resources/site_257_bowra-dry-a/downloaded_clips/site_257_item_1675748/site_257_item_1675748_clip_015.webm,afternoon,winter,0.0,-1.0,0.0,-1.0,winter_afternoon
1675748_clip016_s000,resources/site_257_bowra-dry-a/downloaded_clips/site_257_item_1675748/site_257_item_1675748_clip_016.webm,afternoon,winter,0.0,-1.0,0.0,-1.0,winter_afternoon
1681129_clip003_s000,resources/site_257_bowra-dry-a/downloaded_clips/site_257_item_1681129/site_257_item_1681129_clip_003.webm,afternoon,winter,0.0,-1.0,0.0,-1.0,winter_afternoon
1681129_clip022_s000,resources/site_257_bowra-dry-a/downloaded_clips/site_257_item_1681129/site_257_item_1681129_clip_022.webm,afternoon,winter,0.0,-1.0,0.0,-1.0,winter_afternoon
445532_clip004_s000,resources/site_257_bowra-dry-a/downloaded_clips/site_257_item_445532/site_257_item_445532_clip_004.webm,afternoon,winter,-0.5,-0.866025,-0.866025,-0.5,winter_afternoon
445532_clip008_s000,resources/site_257_bowra-dry-a/downloaded_clips/site_257_item_445532/site_257_item_445532_clip_008.webm,afternoon,winter,-0.5,-0.866025,-0.866025,-0.5,winter_afternoon
445532_clip019_s000,resources/site_257_bowra-dry-a/downloaded_clips/site_257_item_445532/site_257_item_445532_clip_019.webm,afternoon,winter,-0.5,-0.866025,-0.866025,-0.5,winter_afternoon
445532_clip020_s000,resources/site_257_bowra-dry-a/downloaded_clips/site_257_item_445532/site_257_item_445532_clip_020.webm,afternoon,winter,-0.5,-0.866025,-0.866025,-0.5,winter_afternoon
5293_clip002_s000,resources/site_257_bowra-dry-a/downloaded_clips/site_257_item_5293/site_257_item_5293_clip_002.webm,afternoon,winter,-0.5,-0.866025,-0.866025,-0.5,winter_afternoon
5293_clip008_s000,resources/site_257_bowra-dry-a/downloaded_clips/site_257_item_5293/site_257_item_5293_clip_008.webm,afternoon,winter,-0.5,-0.866025,-0.866025,-0.5,winter_afternoon
5293_clip024_s000,resources/site_257_bowra-dry-a/downloaded_clips/site_257_item_5293/site_257_item_5293_clip_024.webm,afternoon,winter,-0.5,-0.866025,-0.866025,-0.5,winter_afternoon
5493_clip001_s000,resources/site_257_bowra-dry-a/downloaded_clips/site_257_item_5493/site_257_item_5493_clip_001.webm,afternoon,winter,-0.5,-0.866025,-0.866025,-0.5,winter_afternoon
5493_clip006_s000,resources/site_257_bowra-dry-a/downloaded_clips/site_257_item_5493/site_257_item_5493_clip_006.webm,afternoon,winter,-0.5,-0.866025,-0.866025,-0.5,winter_afternoon
5493_clip008_s000,resources/site_257_bowra-dry-a/downloaded_clips/site_257_item_5493/site_257_item_5493_clip_008.webm,afternoon,winter,-0.5,-0.866025,-0.866025,-0.5,winter_afternoon
5493_clip011_s000,resources/site_257_bowra-dry-a/downloaded_clips/site_257_item_5493/site_257_item_5493_clip_011.webm,afternoon,winter,-0.5,-0.866025,-0.866025,-0.5,winter_afternoon
5493_clip011_s001,resources/site_257_bowra-dry-a/downloaded_clips/site_257_item_5493/site_257_item_5493_clip_011.webm,afternoon,winter,-0.5,-0.866025,-0.866025,-0.5,winter_afternoon
5493_clip012_s000,resources/site_257_bowra-dry-a/downloaded_clips/site_257_item_5493/site_257_item_5493_clip_012.webm,afternoon,winter,-0.5,-0.866025,-0.866025,-0.5,winter_afternoon
5493_clip012_s001,resources/site_257_bowra-dry-a/downloaded_clips/site_257_item_5493/site_257_item_5493_clip_012.webm,afternoon,winter,-0.5,-0.866025,-0.866025,-0.5,winter_afternoon
5493_clip013_s000,resources/site_257_bowra-dry-a/downloaded_clips/site_257_item_5493/site_257_item_5493_clip_013.webm,afternoon,winter,-0.5,-0.866025,-0.866025,-0.5,winter_afternoon
5493_clip016_s000,resources/site_257_bowra-dry-a/downloaded_clips/site_257_item_5493/site_257_item_5493_clip_016.webm,afternoon,winter,-0.5,-0.866025,-0.866025,-0.5,winter_afternoon
4900_clip001_s000,resources/site_257_bowra-dry-a/downloaded_clips/site_257_item_4900/site_257_item_4900_clip_001.webm,afternoon,winter,-0.5,-0.866025,-0.866025,-0.5,winter_afternoon
4900_clip023_s000,resources/site_257_bowra-dry-a/downloaded_clips/site_257_item_4900/site_257_item_4900_clip_023.webm,afternoon,winter,-0.5,-0.866025,-0.866025,-0.5,winter_afternoon
4984_clip004_s000,resources/site_257_bowra-dry-a/downloaded_clips/site_257_item_4984/site_257_item_4984_clip_004.webm,afternoon,winter,-0.5,-0.866025,-0.866025,-0.5,winter_afternoon
4984_clip022_s000,resources/site_257_bowra-dry-a/downloaded_clips/site_257_item_4984/site_257_item_4984_clip_022.webm,afternoon,winter,-0.5,-0.866025,-0.866025,-0.5,winter_afternoon
5026_clip024_s000,resources/site_257_bowra-dry-a/downloaded_clips/site_257_item_5026/site_257_item_5026_clip_024.webm,afternoon,winter,-0.5,-0.866025,-0.866025,-0.5,winter_afternoon
5302_clip003_s000,resources/site_257_bowra-dry-a/downloaded_clips/site_257_item_5302/site_257_item_5302_clip_003.webm,afternoon,winter,0.0,-1.0,-0.866025,-0.5,winter_afternoon
5302_clip006_s000,resources/site_257_bowra-dry-a/downloaded_clips/site_257_item_5302/site_257_item_5302_clip_006.webm,afternoon,winter,0.0,-1.0,-0.866025,-0.5,winter_afternoon
5302_clip012_s000,resources/site_257_bowra-dry-a/downloaded_clips/site_257_item_5302/site_257_item_5302_clip_012.webm,afternoon,winter,0.0,-1.0,-0.866025,-0.5,winter_afternoon
5302_clip013_s000,resources/site_257_bowra-dry-a/downloaded_clips/site_257_item_5302/site_257_item_5302_clip_013.webm,afternoon,winter,0.0,-1.0,-0.866025,-0.5,winter_afternoon
5302_clip024_s000,resources/site_257_bowra-dry-a/downloaded_clips/site_257_item_5302/site_257_item_5302_clip_024.webm,afternoon,winter,0.0,-1.0,-0.866025,-0.5,winter_afternoon
5302_clip024_s001,resources/site_257_bowra-dry-a/downloaded_clips/site_257_item_5302/site_257_item_5302_clip_024.webm,afternoon,winter,0.0,-1.0,-0.866025,-0.5,winter_afternoon
5415_clip002_s000,resources/site_257_bowra-dry-a/downloaded_clips/site_257_item_5415/site_257_item_5415_clip_002.webm,afternoon,winter,-0.5,-0.866025,-0.866025,-0.5,winter_afternoon
5415_clip012_s000,resources/site_257_bowra-dry-a/downloaded_clips/site_257_item_5415/site_257_item_5415_clip_012.webm,afternoon,winter,-0.5,-0.866025,-0.866025,-0.5,winter_afternoon
5415_clip016_s000,resources/site_257_bowra-dry-a/downloaded_clips/site_257_item_5415/site_257_item_5415_clip_016.webm,afternoon,winter,-0.5,-0.866025,-0.866025,-0.5,winter_afternoon
5415_clip016_s001,resources/site_257_bowra-dry-a/downloaded_clips/site_257_item_5415/site_257_item_5415_clip_016.webm,afternoon,winter,-0.5,-0.866025,-0.866025,-0.5,winter_afternoon
5415_clip023_s000,resources/site_257_bowra-dry-a/downloaded_clips/site_257_item_5415/site_257_item_5415_clip_023.webm,afternoon,winter,-0.5,-0.866025,-0.866025,-0.5,winter_afternoon
5497_clip004_s000,resources/site_257_bowra-dry-a/downloaded_clips/site_257_item_5497/site_257_item_5497_clip_004.webm,afternoon,winter,0.0,-1.0,-0.866025,-0.5,winter_afternoon
5497_clip006_s000,resources/site_257_bowra-dry-a/downloaded_clips/site_257_item_5497/site_257_item_5497_clip_006.webm,afternoon,winter,0.0,-1.0,-0.866025,-0.5,winter_afternoon
5497_clip010_s000,resources/site_257_bowra-dry-a/downloaded_clips/site_257_item_5497/site_257_item_5497_clip_010.webm,afternoon,winter,0.0,-1.0,-0.866025,-0.5,winter_afternoon
5497_clip014_s000,resources/site_257_bowra-dry-a/downloaded_clips/site_257_item_5497/site_257_item_5497_clip_014.webm,afternoon,winter,0.0,-1.0,-0.866025,-0.5,winter_afternoon
5497_clip017_s000,resources/site_257_bowra-dry-a/downloaded_clips/site_257_item_5497/site_257_item_5497_clip_017.webm,afternoon,winter,0.0,-1.0,-0.866025,-0.5,winter_afternoon
445522_clip009_s000,resources/site_257_bowra-dry-a/downloaded_clips/site_257_item_445522/site_257_item_445522_clip_009.webm,afternoon,winter,-0.5,-0.866025,-0.866025,-0.5,winter_afternoon
445522_clip021_s000,resources/site_257_bowra-dry-a/downloaded_clips/site_257_item_445522/site_257_item_445522_clip_021.webm,afternoon,winter,-0.5,-0.866025,-0.866025,-0.5,winter_afternoon
445535_clip019_s000,resources/site_257_bowra-dry-a/downloaded_clips/site_257_item_445535/site_257_item_445535_clip_019.webm,afternoon,winter,0.0,-1.0,-0.866025,-0.5,winter_afternoon
445535_clip022_s000,resources/site_257_bowra-dry-a/downloaded_clips/site_257_item_445535/site_257_item_445535_clip_022.webm,afternoon,winter,0.0,-1.0,-0.866025,-0.5,winter_afternoon
445535_clip022_s001,resources/site_257_bowra-dry-a/downloaded_clips/site_257_item_445535/site_257_item_445535_clip_022.webm,afternoon,winter,0.0,-1.0,-0.866025,-0.5,winter_afternoon
445535_clip023_s000,resources/site_257_bowra-dry-a/downloaded_clips/site_257_item_445535/site_257_item_445535_clip_023.webm,afternoon,winter,0.0,-1.0,-0.866025,-0.5,winter_afternoon
445535_clip024_s000,resources/site_257_bowra-dry-a/downloaded_clips/site_257_item_445535/site_257_item_445535_clip_024.webm,afternoon,winter,0.0,-1.0,-0.866025,-0.5,winter_afternoon
1536793_clip001_s000,resources/site_257_bowra-dry-a/downloaded_clips/site_257_item_1536793/site_257_item_1536793_clip_001.webm,afternoon,winter,0.0,-1.0,0.0,-1.0,winter_afternoon
1536793_clip002_s000,resources/site_257_bowra-dry-a/downloaded_clips/site_257_item_1536793/site_257_item_1536793_clip_002.webm,afternoon,winter,0.0,-1.0,0.0,-1.0,winter_afternoon
1536793_clip003_s000,resources/site_257_bowra-dry-a/downloaded_clips/site_257_item_1536793/site_257_item_1536793_clip_003.webm,afternoon,winter,0.0,-1.0,0.0,-1.0,winter_afternoon
1536793_clip003_s001,resources/site_257_bowra-dry-a/downloaded_clips/site_257_item_1536793/site_257_item_1536793_clip_003.webm,afternoon,winter,0.0,-1.0,0.0,-1.0,winter_afternoon
1536793_clip004_s000,resources/site_257_bowra-dry-a/downloaded_clips/site_257_item_1536793/site_257_item_1536793_clip_004.webm,afternoon,winter,0.0,-1.0,0.0,-1.0,winter_afternoon
1536793_clip005_s000,resources/site_257_bowra-dry-a/downloaded_clips/site_257_item_1536793/site_257_item_1536793_clip_005.webm,afternoon,winter,0.0,-1.0,0.0,-1.0,winter_afternoon
1536793_clip005_s001,resources/site_257_bowra-dry-a/downloaded_clips/site_257_item_1536793/site_257_item_1536793_clip_005.webm,afternoon,winter,0.0,-1.0,0.0,-1.0,winter_afternoon
1536793_clip009_s000,resources/site_257_bowra-dry-a/downloaded_clips/site_257_item_1536793/site_257_item_1536793_clip_009.webm,afternoon,winter,0.0,-1.0,0.0,-1.0,winter_afternoon
1536793_clip010_s000,resources/site_257_bowra-dry-a/downloaded_clips/site_257_item_1536793/site_257_item_1536793_clip_010.webm,afternoon,winter,0.0,-1.0,0.0,-1.0,winter_afternoon
1536793_clip010_s001,resources/site_257_bowra-dry-a/downloaded_clips/site_257_item_1536793/site_257_item_1536793_clip_010.webm,afternoon,winter,0.0,-1.0,0.0,-1.0,winter_afternoon
1536793_clip010_s002,resources/site_257_bowra-dry-a/downloaded_clips/site_257_item_1536793/site_257_item_1536793_clip_010.webm,afternoon,winter,0.0,-1.0,0.0,-1.0,winter_afternoon
1536793_clip010_s003,resources/site_257_bowra-dry-a/downloaded_clips/site_257_item_1536793/site_257_item_1536793_clip_010.webm,afternoon,winter,0.0,-1.0,0.0,-1.0,winter_afternoon
1536793_clip011_s000,resources/site_257_bowra-dry-a/downloaded_clips/site_257_item_1536793/site_257_item_1536793_clip_011.webm,afternoon,winter,0.0,-1.0,0.0,-1.0,winter_afternoon
1536793_clip011_s001,resources/site_257_bowra-dry-a/downloaded_clips/site_257_item_1536793/site_257_item_1536793_clip_011.webm,afternoon,winter,0.0,-1.0,0.0,-1.0,winter_afternoon
1536793_clip013_s000,resources/site_257_bowra-dry-a/downloaded_clips/site_257_item_1536793/site_257_item_1536793_clip_013.webm,afternoon,winter,0.0,-1.0,0.0,-1.0,winter_afternoon
1536793_clip016_s000,resources/site_257_bowra-dry-a/downloaded_clips/site_257_item_1536793/site_257_item_1536793_clip_016.webm,afternoon,winter,0.0,-1.0,0.0,-1.0,winter_afternoon
1536793_clip016_s001,resources/site_257_bowra-dry-a/downloaded_clips/site_257_item_1536793/site_257_item_1536793_clip_016.webm,afternoon,winter,0.0,-1.0,0.0,-1.0,winter_afternoon
1536793_clip016_s002,resources/site_257_bowra-dry-a/downloaded_clips/site_257_item_1536793/site_257_item_1536793_clip_016.webm,afternoon,winter,0.0,-1.0,0.0,-1.0,winter_afternoon
1539749_clip001_s000,resources/site_257_bowra-dry-a/downloaded_clips/site_257_item_1539749/site_257_item_1539749_clip_001.webm,afternoon,winter,-0.258819,-0.965926,0.0,-1.0,winter_afternoon
1539749_clip004_s000,resources/site_257_bowra-dry-a/downloaded_clips/site_257_item_1539749/site_257_item_1539749_clip_004.webm,afternoon,winter,-0.258819,-0.965926,0.0,-1.0,winter_afternoon
1539749_clip006_s000,resources/site_257_bowra-dry-a/downloaded_clips/site_257_item_1539749/site_257_item_1539749_clip_006.webm,afternoon,winter,-0.258819,-0.965926,0.0,-1.0,winter_afternoon
1539749_clip008_s000,resources/site_257_bowra-dry-a/downloaded_clips/site_257_item_1539749/site_257_item_1539749_clip_008.webm,afternoon,winter,-0.258819,-0.965926,0.0,-1.0,winter_afternoon
1539749_clip008_s001,resources/site_257_bowra-dry-a/downloaded_clips/site_257_item_1539749/site_257_item_1539749_clip_008.webm,afternoon,winter,-0.258819,-0.965926,0.0,-1.0,winter_afternoon
1539749_clip012_s000,resources/site_257_bowra-dry-a/downloaded_clips/site_257_item_1539749/site_257_item_1539749_clip_012.webm,afternoon,winter,-0.258819,-0.965926,0.0,-1.0,winter_afternoon
1539749_clip012_s001,resources/site_257_bowra-dry-a/downloaded_clips/site_257_item_1539749/site_257_item_1539749_clip_012.webm,afternoon,winter,-0.258819,-0.965926,0.0,-1.0,winter_afternoon
1535159_clip016_s000,resources/site_257_bowra-dry-a/downloaded_clips/site_257_item_1535159/site_257_item_1535159_clip_016.webm,afternoon,winter,0.0,-1.0,0.0,-1.0,winter_afternoon
1536769_clip002_s000,resources/site_257_bowra-dry-a/downloaded_clips/site_257_item_1536769/site_257_item_1536769_clip_002.webm,afternoon,winter,-0.5,-0.866025,0.0,-1.0,winter_afternoon
1536769_clip002_s001,resources/site_257_bowra-dry-a/downloaded_clips/site_257_item_1536769/site_257_item_1536769_clip_002.webm,afternoon,winter,-0.5,-0.866025,0.0,-1.0,winter_afternoon
1536769_clip003_s000,resources/site_257_bowra-dry-a/downloaded_clips/site_257_item_1536769/site_257_item_1536769_clip_003.webm,afternoon,winter,-0.5,-0.866025,0.0,-1.0,winter_afternoon
1536769_clip006_s000,resources/site_257_bowra-dry-a/downloaded_clips/site_257_item_1536769/site_257_item_1536769_clip_006.webm,afternoon,winter,-0.5,-0.866025,0.0,-1.0,winter_afternoon
1536817_clip005_s000,resources/site_257_bowra-dry-a/downloaded_clips/site_257_item_1536817/site_257_item_1536817_clip_005.webm,afternoon,winter,-0.5,-0.866025,-0.5,-0.866025,winter_afternoon
1536817_clip010_s000,resources/site_257_bowra-dry-a/downloaded_clips/site_257_item_1536817/site_257_item_1536817_clip_010.webm,afternoon,winter,-0.5,-0.866025,-0.5,-0.866025,winter_afternoon
1536817_clip013_s000,resources/site_257_bowra-dry-a/downloaded_clips/site_257_item_1536817/site_257_item_1536817_clip_013.webm,afternoon,winter,-0.5,-0.866025,-0.5,-0.866025,winter_afternoon
1539118_clip010_s000,resources/site_257_bowra-dry-a/downloaded_clips/site_257_item_1539118/site_257_item_1539118_clip_010.webm,afternoon,winter,0.0,-1.0,0.0,-1.0,winter_afternoon
1539118_clip010_s001,resources/site_257_bowra-dry-a/downloaded_clips/site_257_item_1539118/site_257_item_1539118_clip_010.webm,afternoon,winter,0.0,-1.0,0.0,-1.0,winter_afternoon
1539118_clip011_s000,resources/site_257_bowra-dry-a/downloaded_clips/site_257_item_1539118/site_257_item_1539118_clip_011.webm,afternoon,winter,0.0,-1.0,0.0,-1.0,winter_afternoon
1539118_clip017_s000,resources/site_257_bowra-dry-a/downloaded_clips/site_257_item_1539118/site_257_item_1539118_clip_017.webm,afternoon,winter,0.0,-1.0,0.0,-1.0,winter_afternoon
1539186_clip006_s000,resources/site_257_bowra-dry-a/downloaded_clips/site_257_item_1539186/site_257_item_1539186_clip_006.webm,afternoon,winter,-0.5,-0.866025,-0.5,-0.866025,winter_afternoon
1539186_clip006_s001,resources/site_257_bowra-dry-a/downloaded_clips/site_257_item_1539186/site_257_item_1539186_clip_006.webm,afternoon,winter,-0.5,-0.866025,-0.5,-0.866025,winter_afternoon
1539376_clip001_s000,resources/site_257_bowra-dry-a/downloaded_clips/site_257_item_1539376/site_257_item_1539376_clip_001.webm,afternoon,winter,-0.5,-0.866025,0.0,-1.0,winter_afternoon
1539376_clip003_s000,resources/site_257_bowra-dry-a/downloaded_clips/site_257_item_1539376/site_257_item_1539376_clip_003.webm,afternoon,winter,-0.5,-0.866025,0.0,-1.0,winter_afternoon
1539376_clip004_s000,resources/site_257_bowra-dry-a/downloaded_clips/site_257_item_1539376/site_257_item_1539376_clip_004.webm,afternoon,winter,-0.5,-0.866025,0.0,-1.0,winter_afternoon
1539376_clip007_s000,resources/site_257_bowra-dry-a/downloaded_clips/site_257_item_1539376/site_257_item_1539376_clip_007.webm,afternoon,winter,-0.5,-0.866025,0.0,-1.0,winter_afternoon
1539376_clip009_s000,resources/site_257_bowra-dry-a/downloaded_clips/site_257_item_1539376/site_257_item_1539376_clip_009.webm,afternoon,winter,-0.5,-0.866025,0.0,-1.0,winter_afternoon
1539593_clip013_s000,resources/site_257_bowra-dry-a/downloaded_clips/site_257_item_1539593/site_257_item_1539593_clip_013.webm,afternoon,winter,-0.5,-0.866025,-0.5,-0.866025,winter_afternoon
1539737_clip002_s000,resources/site_257_bowra-dry-a/downloaded_clips/site_257_item_1539737/site_257_item_1539737_clip_002.webm,afternoon,winter,-0.5,-0.866025,0.0,-1.0,winter_afternoon
1539737_clip003_s000,resources/site_257_bowra-dry-a/downloaded_clips/site_257_item_1539737/site_257_item_1539737_clip_003.webm,afternoon,winter,-0.5,-0.866025,0.0,-1.0,winter_afternoon
1539737_clip003_s001,resources/site_257_bowra-dry-a/downloaded_clips/site_257_item_1539737/site_257_item_1539737_clip_003.webm,afternoon,winter,-0.5,-0.866025,0.0,-1.0,winter_afternoon
1539737_clip013_s000,resources/site_257_bowra-dry-a/downloaded_clips/site_257_item_1539737/site_257_item_1539737_clip_013.webm,afternoon,winter,-0.5,-0.866025,0.0,-1.0,winter_afternoon
1539737_clip013_s001,resources/site_257_bowra-dry-a/downloaded_clips/site_257_item_1539737/site_257_item_1539737_clip_013.webm,afternoon,winter,-0.5,-0.866025,0.0,-1.0,winter_afternoon
1539737_clip016_s000,resources/site_257_bowra-dry-a/downloaded_clips/site_257_item_1539737/site_257_item_1539737_clip_016.webm,afternoon,winter,-0.5,-0.866025,0.0,-1.0,winter_afternoon
1539737_clip019_s000,resources/site_257_bowra-dry-a/downloaded_clips/site_257_item_1539737/site_257_item_1539737_clip_019.webm,afternoon,winter,-0.5,-0.866025,0.0,-1.0,winter_afternoon
1539737_clip022_s000,resources/site_257_bowra-dry-a/downloaded_clips/site_257_item_1539737/site_257_item_1539737_clip_022.webm,afternoon,winter,-0.5,-0.866025,0.0,-1.0,winter_afternoon
1535998_clip002_s000,resources/site_257_bowra-dry-a/downloaded_clips/site_257_item_1535998/site_257_item_1535998_clip_002.webm,afternoon,winter,-0.707107,-0.707107,-0.866025,-0.5,winter_afternoon
1536108_clip018_s000,resources/site_257_bowra-dry-a/downloaded_clips/site_257_item_1536108/site_257_item_1536108_clip_018.webm,afternoon,winter,0.0,-1.0,-0.866025,-0.5,winter_afternoon
1536300_clip010_s000,resources/site_257_bowra-dry-a/downloaded_clips/site_257_item_1536300/site_257_item_1536300_clip_010.webm,afternoon,winter,-0.5,-0.866025,-0.866025,-0.5,winter_afternoon
1539238_clip004_s000,resources/site_257_bowra-dry-a/downloaded_clips/site_257_item_1539238/site_257_item_1539238_clip_004.webm,afternoon,winter,-0.5,-0.866025,-0.5,-0.866025,winter_afternoon
1539238_clip004_s001,resources/site_257_bowra-dry-a/downloaded_clips/site_257_item_1539238/site_257_item_1539238_clip_004.webm,afternoon,winter,-0.5,-0.866025,-0.5,-0.866025,winter_afternoon
1539238_clip006_s000,resources/site_257_bowra-dry-a/downloaded_clips/site_257_item_1539238/site_257_item_1539238_clip_006.webm,afternoon,winter,-0.5,-0.866025,-0.5,-0.866025,winter_afternoon
1539238_clip009_s000,resources/site_257_bowra-dry-a/downloaded_clips/site_257_item_1539238/site_257_item_1539238_clip_009.webm,afternoon,winter,-0.5,-0.866025,-0.5,-0.866025,winter_afternoon
1539238_clip011_s000,resources/site_257_bowra-dry-a/downloaded_clips/site_257_item_1539238/site_257_item_1539238_clip_011.webm,afternoon,winter,-0.5,-0.866025,-0.5,-0.866025,winter_afternoon
1539238_clip011_s001,resources/site_257_bowra-dry-a/downloaded_clips/site_257_item_1539238/site_257_item_1539238_clip_011.webm,afternoon,winter,-0.5,-0.866025,-0.5,-0.866025,winter_afternoon
1539238_clip013_s000,resources/site_257_bowra-dry-a/downloaded_clips/site_257_item_1539238/site_257_item_1539238_clip_013.webm,afternoon,winter,-0.5,-0.866025,-0.5,-0.866025,winter_afternoon
1539271_clip002_s000,resources/site_257_bowra-dry-a/downloaded_clips/site_257_item_1539271/site_257_item_1539271_clip_002.webm,afternoon,winter,0.0,-1.0,-0.5,-0.866025,winter_afternoon
1539271_clip006_s000,resources/site_257_bowra-dry-a/downloaded_clips/site_257_item_1539271/site_257_item_1539271_clip_006.webm,afternoon,winter,0.0,-1.0,-0.5,-0.866025,winter_afternoon
1539271_clip008_s000,resources/site_257_bowra-dry-a/downloaded_clips/site_257_item_1539271/site_257_item_1539271_clip_008.webm,afternoon,winter,0.0,-1.0,-0.5,-0.866025,winter_afternoon
1539271_clip008_s001,resources/site_257_bowra-dry-a/downloaded_clips/site_257_item_1539271/site_257_item_1539271_clip_008.webm,afternoon,winter,0.0,-1.0,-0.5,-0.866025,winter_afternoon
1539271_clip009_s000,resources/site_257_bowra-dry-a/downloaded_clips/site_257_item_1539271/site_257_item_1539271_clip_009.webm,afternoon,winter,0.0,-1.0,-0.5,-0.866025,winter_afternoon
1539271_clip011_s000,resources/site_257_bowra-dry-a/downloaded_clips/site_257_item_1539271/site_257_item_1539271_clip_011.webm,afternoon,winter,0.0,-1.0,-0.5,-0.866025,winter_afternoon
1539271_clip013_s000,resources/site_257_bowra-dry-a/downloaded_clips/site_257_item_1539271/site_257_item_1539271_clip_013.webm,afternoon,winter,0.0,-1.0,-0.5,-0.866025,winter_afternoon
1539271_clip014_s000,resources/site_257_bowra-dry-a/downloaded_clips/site_257_item_1539271/site_257_item_1539271_clip_014.webm,afternoon,winter,0.0,-1.0,-0.5,-0.866025,winter_afternoon
1539271_clip015_s000,resources/site_257_bowra-dry-a/downloaded_clips/site_257_item_1539271/site_257_item_1539271_clip_015.webm,afternoon,winter,0.0,-1.0,-0.5,-0.866025,winter_afternoon
1539271_clip015_s001,resources/site_257_bowra-dry-a/downloaded_clips/site_257_item_1539271/site_257_item_1539271_clip_015.webm,afternoon,winter,0.0,-1.0,-0.5,-0.866025,winter_afternoon
1539271_clip016_s000,resources/site_257_bowra-dry-a/downloaded_clips/site_257_item_1539271/site_257_item_1539271_clip_016.webm,afternoon,winter,0.0,-1.0,-0.5,-0.866025,winter_afternoon
1539271_clip016_s001,resources/site_257_bowra-dry-a/downloaded_clips/site_257_item_1539271/site_257_item_1539271_clip_016.webm,afternoon,winter,0.0,-1.0,-0.5,-0.866025,winter_afternoon
1539271_clip016_s002,resources/site_257_bowra-dry-a/downloaded_clips/site_257_item_1539271/site_257_item_1539271_clip_016.webm,afternoon,winter,0.0,-1.0,-0.5,-0.866025,winter_afternoon
1539271_clip017_s000,resources/site_257_bowra-dry-a/downloaded_clips/site_257_item_1539271/site_257_item_1539271_clip_017.webm,afternoon,winter,0.0,-1.0,-0.5,-0.866025,winter_afternoon
1539686_clip001_s000,resources/site_257_bowra-dry-a/downloaded_clips/site_257_item_1539686/site_257_item_1539686_clip_001.webm,afternoon,winter,-0.5,-0.866025,-0.866025,-0.5,winter_afternoon
1539686_clip002_s000,resources/site_257_bowra-dry-a/downloaded_clips/site_257_item_1539686/site_257_item_1539686_clip_002.webm,afternoon,winter,-0.5,-0.866025,-0.866025,-0.5,winter_afternoon
1539686_clip008_s000,resources/site_257_bowra-dry-a/downloaded_clips/site_257_item_1539686/site_257_item_1539686_clip_008.webm,afternoon,winter,-0.5,-0.866025,-0.866025,-0.5,winter_afternoon
1539686_clip008_s001,resources/site_257_bowra-dry-a/downloaded_clips/site_257_item_1539686/site_257_item_1539686_clip_008.webm,afternoon,winter,-0.5,-0.866025,-0.866025,-0.5,winter_afternoon
1539686_clip015_s000,resources/site_257_bowra-dry-a/downloaded_clips/site_257_item_1539686/site_257_item_1539686_clip_015.webm,afternoon,winter,-0.5,-0.866025,-0.866025,-0.5,winter_afternoon
1539686_clip015_s001,resources/site_257_bowra-dry-a/downloaded_clips/site_257_item_1539686/site_257_item_1539686_clip_015.webm,afternoon,winter,-0.5,-0.866025,-0.866025,-0.5,winter_afternoon
1539686_clip021_s000,resources/site_257_bowra-dry-a/downloaded_clips/site_257_item_1539686/site_257_item_1539686_clip_021.webm,afternoon,winter,-0.5,-0.866025,-0.866025,-0.5,winter_afternoon
1539686_clip021_s001,resources/site_257_bowra-dry-a/downloaded_clips/site_257_item_1539686/site_257_item_1539686_clip_021.webm,afternoon,winter,-0.5,-0.866025,-0.866025,-0.5,winter_afternoon
1539686_clip021_s002,resources/site_257_bowra-dry-a/downloaded_clips/site_257_item_1539686/site_257_item_1539686_clip_021.webm,afternoon,winter,-0.5,-0.866025,-0.866025,-0.5,winter_afternoon
1539686_clip021_s003,resources/site_257_bowra-dry-a/downloaded_clips/site_257_item_1539686/site_257_item_1539686_clip_021.webm,afternoon,winter,-0.5,-0.866025,-0.866025,-0.5,winter_afternoon
1539686_clip021_s004,resources/site_257_bowra-dry-a/downloaded_clips/site_257_item_1539686/site_257_item_1539686_clip_021.webm,afternoon,winter,-0.5,-0.866025,-0.866025,-0.5,winter_afternoon
1540019_clip011_s000,resources/site_257_bowra-dry-a/downloaded_clips/site_257_item_1540019/site_257_item_1540019_clip_011.webm,afternoon,winter,-0.5,-0.866025,-0.866025,-0.5,winter_afternoon
1535712_clip002_s000,resources/site_257_bowra-dry-a/downloaded_clips/site_257_item_1535712/site_257_item_1535712_clip_002.webm,afternoon,winter,-0.5,-0.866025,-0.866025,-0.5,winter_afternoon
1535712_clip007_s000,resources/site_257_bowra-dry-a/downloaded_clips/site_257_item_1535712/site_257_item_1535712_clip_007.webm,afternoon,winter,-0.5,-0.866025,-0.866025,-0.5,winter_afternoon
1535712_clip011_s000,resources/site_257_bowra-dry-a/downloaded_clips/site_257_item_1535712/site_257_item_1535712_clip_011.webm,afternoon,winter,-0.5,-0.866025,-0.866025,-0.5,winter_afternoon
1681469_clip010_s000,resources/site_257_bowra-dry-a/downloaded_clips/site_257_item_1681469/site_257_item_1681469_clip_010.webm,afternoon,winter,-0.5,-0.866025,0.0,-1.0,winter_afternoon
1681469_clip015_s000,resources/site_257_bowra-dry-a/downloaded_clips/site_257_item_1681469/site_257_item_1681469_clip_015.webm,afternoon,winter,-0.5,-0.866025,0.0,-1.0,winter_afternoon
1681469_clip017_s000,resources/site_257_bowra-dry-a/downloaded_clips/site_257_item_1681469/site_257_item_1681469_clip_017.webm,afternoon,winter,-0.5,-0.866025,0.0,-1.0,winter_afternoon
1681562_clip004_s000,resources/site_257_bowra-dry-a/downloaded_clips/site_257_item_1681562/site_257_item_1681562_clip_004.webm,afternoon,winter,-0.5,-0.866025,0.0,-1.0,winter_afternoon
1681562_clip004_s001,resources/site_257_bowra-dry-a/downloaded_clips/site_257_item_1681562/site_257_item_1681562_clip_004.webm,afternoon,winter,-0.5,-0.866025,0.0,-1.0,winter_afternoon
1681562_clip008_s000,resources/site_257_bowra-dry-a/downloaded_clips/site_257_item_1681562/site_257_item_1681562_clip_008.webm,afternoon,winter,-0.5,-0.866025,0.0,-1.0,winter_afternoon
1681562_clip009_s000,resources/site_257_bowra-dry-a/downloaded_clips/site_257_item_1681562/site_257_item_1681562_clip_009.webm,afternoon,winter,-0.5,-0.866025,0.0,-1.0,winter_afternoon
1681562_clip010_s000,resources/site_257_bowra-dry-a/downloaded_clips/site_257_item_1681562/site_257_item_1681562_clip_010.webm,afternoon,winter,-0.5,-0.866025,0.0,-1.0,winter_afternoon
1681562_clip010_s001,resources/site_257_bowra-dry-a/downloaded_clips/site_257_item_1681562/site_257_item_1681562_clip_010.webm,afternoon,winter,-0.5,-0.866025,0.0,-1.0,winter_afternoon
1681562_clip010_s002,resources/site_257_bowra-dry-a/downloaded_clips/site_257_item_1681562/site_257_item_1681562_clip_010.webm,afternoon,winter,-0.5,-0.866025,0.0,-1.0,winter_afternoon
1681562_clip010_s003,resources/site_257_bowra-dry-a/downloaded_clips/site_257_item_1681562/site_257_item_1681562_clip_010.webm,afternoon,winter,-0.5,-0.866025,0.0,-1.0,winter_afternoon
1681562_clip012_s000,resources/site_257_bowra-dry-a/downloaded_clips/site_257_item_1681562/site_257_item_1681562_clip_012.webm,afternoon,winter,-0.5,-0.866025,0.0,-1.0,winter_afternoon
1681562_clip012_s001,resources/site_257_bowra-dry-a/downloaded_clips/site_257_item_1681562/site_257_item_1681562_clip_012.webm,afternoon,winter,-0.5,-0.866025,0.0,-1.0,winter_afternoon
1681562_clip012_s002,resources/site_257_bowra-dry-a/downloaded_clips/site_257_item_1681562/site_257_item_1681562_clip_012.webm,afternoon,winter,-0.5,-0.866025,0.0,-1.0,winter_afternoon
1681562_clip015_s000,resources/site_257_bowra-dry-a/downloaded_clips/site_257_item_1681562/site_257_item_1681562_clip_015.webm,afternoon,winter,-0.5,-0.866025,0.0,-1.0,winter_afternoon
1681562_clip015_s001,resources/site_257_bowra-dry-a/downloaded_clips/site_257_item_1681562/site_257_item_1681562_clip_015.webm,afternoon,winter,-0.5,-0.866025,0.0,-1.0,winter_afternoon
1681562_clip016_s000,resources/site_257_bowra-dry-a/downloaded_clips/site_257_item_1681562/site_257_item_1681562_clip_016.webm,afternoon,winter,-0.5,-0.866025,0.0,-1.0,winter_afternoon
1681562_clip018_s000,resources/site_257_bowra-dry-a/downloaded_clips/site_257_item_1681562/site_257_item_1681562_clip_018.webm,afternoon,winter,-0.5,-0.866025,0.0,-1.0,winter_afternoon
1681562_clip018_s001,resources/site_257_bowra-dry-a/downloaded_clips/site_257_item_1681562/site_257_item_1681562_clip_018.webm,afternoon,winter,-0.5,-0.866025,0.0,-1.0,winter_afternoon
1681562_clip019_s000,resources/site_257_bowra-dry-a/downloaded_clips/site_257_item_1681562/site_257_item_1681562_clip_019.webm,afternoon,winter,-0.5,-0.866025,0.0,-1.0,winter_afternoon
1681562_clip019_s001,resources/site_257_bowra-dry-a/downloaded_clips/site_257_item_1681562/site_257_item_1681562_clip_019.webm,afternoon,winter,-0.5,-0.866025,0.0,-1.0,winter_afternoon
1681562_clip019_s002,resources/site_257_bowra-dry-a/downloaded_clips/site_257_item_1681562/site_257_item_1681562_clip_019.webm,afternoon,winter,-0.5,-0.866025,0.0,-1.0,winter_afternoon
1681562_clip019_s003,resources/site_257_bowra-dry-a/downloaded_clips/site_257_item_1681562/site_257_item_1681562_clip_019.webm,afternoon,winter,-0.5,-0.866025,0.0,-1.0,winter_afternoon
1675738_clip003_s000,resources/site_257_bowra-dry-a/downloaded_clips/site_257_item_1675738/site_257_item_1675738_clip_003.webm,afternoon,winter,-0.5,-0.866025,0.0,-1.0,winter_afternoon
1675738_clip003_s001,resources/site_257_bowra-dry-a/downloaded_clips/site_257_item_1675738/site_257_item_1675738_clip_003.webm,afternoon,winter,-0.5,-0.866025,0.0,-1.0,winter_afternoon
1675738_clip003_s002,resources/site_257_bowra-dry-a/downloaded_clips/site_257_item_1675738/site_257_item_1675738_clip_003.webm,afternoon,winter,-0.5,-0.866025,0.0,-1.0,winter_afternoon
1675738_clip003_s003,resources/site_257_bowra-dry-a/downloaded_clips/site_257_item_1675738/site_257_item_1675738_clip_003.webm,afternoon,winter,-0.5,-0.866025,0.0,-1.0,winter_afternoon
1675738_clip004_s000,resources/site_257_bowra-dry-a/downloaded_clips/site_257_item_1675738/site_257_item_1675738_clip_004.webm,afternoon,winter,-0.5,-0.866025,0.0,-1.0,winter_afternoon
1675738_clip004_s001,resources/site_257_bowra-dry-a/downloaded_clips/site_257_item_1675738/site_257_item_1675738_clip_004.webm,afternoon,winter,-0.5,-0.866025,0.0,-1.0,winter_afternoon
1675738_clip006_s000,resources/site_257_bowra-dry-a/downloaded_clips/site_257_item_1675738/site_257_item_1675738_clip_006.webm,afternoon,winter,-0.5,-0.866025,0.0,-1.0,winter_afternoon
1675738_clip008_s000,resources/site_257_bowra-dry-a/downloaded_clips/site_257_item_1675738/site_257_item_1675738_clip_008.webm,afternoon,winter,-0.5,-0.866025,0.0,-1.0,winter_afternoon
1675738_clip011_s000,resources/site_257_bowra-dry-a/downloaded_clips/site_257_item_1675738/site_257_item_1675738_clip_011.webm,afternoon,winter,-0.5,-0.866025,0.0,-1.0,winter_afternoon
1675738_clip013_s000,resources/site_257_bowra-dry-a/downloaded_clips/site_257_item_1675738/site_257_item_1675738_clip_013.webm,afternoon,winter,-0.5,-0.866025,0.0,-1.0,winter_afternoon
1675738_clip014_s000,resources/site_257_bowra-dry-a/downloaded_clips/site_257_item_1675738/site_257_item_1675738_clip_014.webm,afternoon,winter,-0.5,-0.866025,0.0,-1.0,winter_afternoon
1675738_clip022_s000,resources/site_257_bowra-dry-a/downloaded_clips/site_257_item_1675738/site_257_item_1675738_clip_022.webm,afternoon,winter,-0.5,-0.866025,0.0,-1.0,winter_afternoon
1681142_clip011_s000,resources/site_257_bowra-dry-a/downloaded_clips/site_257_item_1681142/site_257_item_1681142_clip_011.webm,afternoon,winter,-0.5,-0.866025,0.0,-1.0,winter_afternoon
1681503_clip003_s000,resources/site_257_bowra-dry-a/downloaded_clips/site_257_item_1681503/site_257_item_1681503_clip_003.webm,afternoon,winter,-0.5,-0.866025,0.0,-1.0,winter_afternoon
1681503_clip003_s001,resources/site_257_bowra-dry-a/downloaded_clips/site_257_item_1681503/site_257_item_1681503_clip_003.webm,afternoon,winter,-0.5,-0.866025,0.0,-1.0,winter_afternoon
1681503_clip004_s000,resources/site_257_bowra-dry-a/downloaded_clips/site_257_item_1681503/site_257_item_1681503_clip_004.webm,afternoon,winter,-0.5,-0.866025,0.0,-1.0,winter_afternoon
1681503_clip007_s000,resources/site_257_bowra-dry-a/downloaded_clips/site_257_item_1681503/site_257_item_1681503_clip_007.webm,afternoon,winter,-0.5,-0.866025,0.0,-1.0,winter_afternoon
1681503_clip011_s000,resources/site_257_bowra-dry-a/downloaded_clips/site_257_item_1681503/site_257_item_1681503_clip_011.webm,afternoon,winter,-0.5,-0.866025,0.0,-1.0,winter_afternoon
1681555_clip001_s000,resources/site_257_bowra-dry-a/downloaded_clips/site_257_item_1681555/site_257_item_1681555_clip_001.webm,afternoon,winter,-0.5,-0.866025,0.0,-1.0,winter_afternoon
1681555_clip001_s001,resources/site_257_bowra-dry-a/downloaded_clips/site_257_item_1681555/site_257_item_1681555_clip_001.webm,afternoon,winter,-0.5,-0.866025,0.0,-1.0,winter_afternoon
1681555_clip001_s002,resources/site_257_bowra-dry-a/downloaded_clips/site_257_item_1681555/site_257_item_1681555_clip_001.webm,afternoon,winter,-0.5,-0.866025,0.0,-1.0,winter_afternoon
1681555_clip002_s000,resources/site_257_bowra-dry-a/downloaded_clips/site_257_item_1681555/site_257_item_1681555_clip_002.webm,afternoon,winter,-0.5,-0.866025,0.0,-1.0,winter_afternoon
1681555_clip004_s000,resources/site_257_bowra-dry-a/downloaded_clips/site_257_item_1681555/site_257_item_1681555_clip_004.webm,afternoon,winter,-0.5,-0.866025,0.0,-1.0,winter_afternoon
1681555_clip006_s000,resources/site_257_bowra-dry-a/downloaded_clips/site_257_item_1681555/site_257_item_1681555_clip_006.webm,afternoon,winter,-0.5,-0.866025,0.0,-1.0,winter_afternoon
1681555_clip012_s000,resources/site_257_bowra-dry-a/downloaded_clips/site_257_item_1681555/site_257_item_1681555_clip_012.webm,afternoon,winter,-0.5,-0.866025,0.0,-1.0,winter_afternoon
1681555_clip012_s001,resources/site_257_bowra-dry-a/downloaded_clips/site_257_item_1681555/site_257_item_1681555_clip_012.webm,afternoon,winter,-0.5,-0.866025,0.0,-1.0,winter_afternoon
1681555_clip019_s000,resources/site_257_bowra-dry-a/downloaded_clips/site_257_item_1681555/site_257_item_1681555_clip_019.webm,afternoon,winter,-0.5,-0.866025,0.0,-1.0,winter_afternoon
1313809_clip017_s000,resources/site_257_bowra-dry-a/downloaded_clips/site_257_item_1313809/site_257_item_1313809_clip_017.webm,night,winter,-0.5,0.866025,0.0,-1.0,winter_night
1313809_clip022_s000,resources/site_257_bowra-dry-a/downloaded_clips/site_257_item_1313809/site_257_item_1313809_clip_022.webm,night,winter,-0.5,0.866025,0.0,-1.0,winter_night
1313809_clip022_s001,resources/site_257_bowra-dry-a/downloaded_clips/site_257_item_1313809/site_257_item_1313809_clip_022.webm,night,winter,-0.5,0.866025,0.0,-1.0,winter_night
1313809_clip022_s002,resources/site_257_bowra-dry-a/downloaded_clips/site_257_item_1313809/site_257_item_1313809_clip_022.webm,night,winter,-0.5,0.866025,0.0,-1.0,winter_night
1313833_clip003_s000,resources/site_257_bowra-dry-a/downloaded_clips/site_257_item_1313833/site_257_item_1313833_clip_003.webm,night,winter,-0.5,0.866025,0.0,-1.0,winter_night
1313833_clip009_s000,resources/site_257_bowra-dry-a/downloaded_clips/site_257_item_1313833/site_257_item_1313833_clip_009.webm,night,winter,-0.5,0.866025,0.0,-1.0,winter_night
1313833_clip014_s000,resources/site_257_bowra-dry-a/downloaded_clips/site_257_item_1313833/site_257_item_1313833_clip_014.webm,night,winter,-0.5,0.866025,0.0,-1.0,winter_night
1313833_clip018_s000,resources/site_257_bowra-dry-a/downloaded_clips/site_257_item_1313833/site_257_item_1313833_clip_018.webm,night,winter,-0.5,0.866025,0.0,-1.0,winter_night
1313833_clip019_s000,resources/site_257_bowra-dry-a/downloaded_clips/site_257_item_1313833/site_257_item_1313833_clip_019.webm,night,winter,-0.5,0.866025,0.0,-1.0,winter_night
1313833_clip022_s000,resources/site_257_bowra-dry-a/downloaded_clips/site_257_item_1313833/site_257_item_1313833_clip_022.webm,night,winter,-0.5,0.866025,0.0,-1.0,winter_night
1314130_clip002_s000,resources/site_257_bowra-dry-a/downloaded_clips/site_257_item_1314130/site_257_item_1314130_clip_002.webm,night,winter,-0.5,0.866025,-0.5,-0.866025,winter_night
1314130_clip003_s000,resources/site_257_bowra-dry-a/downloaded_clips/site_257_item_1314130/site_257_item_1314130_clip_003.webm,night,winter,-0.5,0.866025,-0.5,-0.866025,winter_night
1314130_clip017_s000,resources/site_257_bowra-dry-a/downloaded_clips/site_257_item_1314130/site_257_item_1314130_clip_017.webm,night,winter,-0.5,0.866025,-0.5,-0.866025,winter_night
1314130_clip019_s000,resources/site_257_bowra-dry-a/downloaded_clips/site_257_item_1314130/site_257_item_1314130_clip_019.webm,night,winter,-0.5,0.866025,-0.5,-0.866025,winter_night
1534143_clip001_s000,resources/site_257_bowra-dry-a/downloaded_clips/site_257_item_1534143/site_257_item_1534143_clip_001.webm,night,winter,-0.5,0.866025,0.0,-1.0,winter_night
1534143_clip002_s000,resources/site_257_bowra-dry-a/downloaded_clips/site_257_item_1534143/site_257_item_1534143_clip_002.webm,night,winter,-0.5,0.866025,0.0,-1.0,winter_night
1534143_clip002_s001,resources/site_257_bowra-dry-a/downloaded_clips/site_257_item_1534143/site_257_item_1534143_clip_002.webm,night,winter,-0.5,0.866025,0.0,-1.0,winter_night
1534143_clip002_s002,resources/site_257_bowra-dry-a/downloaded_clips/site_257_item_1534143/site_257_item_1534143_clip_002.webm,night,winter,-0.5,0.866025,0.0,-1.0,winter_night
1534143_clip004_s000,resources/site_257_bowra-dry-a/downloaded_clips/site_257_item_1534143/site_257_item_1534143_clip_004.webm,night,winter,-0.5,0.866025,0.0,-1.0,winter_night
1534143_clip008_s000,resources/site_257_bowra-dry-a/downloaded_clips/site_257_item_1534143/site_257_item_1534143_clip_008.webm,night,winter,-0.5,0.866025,0.0,-1.0,winter_night
1534143_clip011_s000,resources/site_257_bowra-dry-a/downloaded_clips/site_257_item_1534143/site_257_item_1534143_clip_011.webm,night,winter,-0.5,0.866025,0.0,-1.0,winter_night
1534143_clip011_s001,resources/site_257_bowra-dry-a/downloaded_clips/site_257_item_1534143/site_257_item_1534143_clip_011.webm,night,winter,-0.5,0.866025,0.0,-1.0,winter_night
1534143_clip016_s000,resources/site_257_bowra-dry-a/downloaded_clips/site_257_item_1534143/site_257_item_1534143_clip_016.webm,night,winter,-0.5,0.866025,0.0,-1.0,winter_night
1534143_clip016_s001,resources/site_257_bowra-dry-a/downloaded_clips/site_257_item_1534143/site_257_item_1534143_clip_016.webm,night,winter,-0.5,0.866025,0.0,-1.0,winter_night
1534143_clip020_s000,resources/site_257_bowra-dry-a/downloaded_clips/site_257_item_1534143/site_257_item_1534143_clip_020.webm,night,winter,-0.5,0.866025,0.0,-1.0,winter_night
1535645_clip001_s000,resources/site_257_bowra-dry-a/downloaded_clips/site_257_item_1535645/site_257_item_1535645_clip_001.webm,night,winter,-0.5,0.866025,-0.866025,-0.5,winter_night
1535645_clip005_s000,resources/site_257_bowra-dry-a/downloaded_clips/site_257_item_1535645/site_257_item_1535645_clip_005.webm,night,winter,-0.5,0.866025,-0.866025,-0.5,winter_night
1535645_clip015_s000,resources/site_257_bowra-dry-a/downloaded_clips/site_257_item_1535645/site_257_item_1535645_clip_015.webm,night,winter,-0.5,0.866025,-0.866025,-0.5,winter_night
1536811_clip002_s000,resources/site_257_bowra-dry-a/downloaded_clips/site_257_item_1536811/site_257_item_1536811_clip_002.webm,night,winter,-0.5,0.866025,0.0,-1.0,winter_night
1536811_clip002_s001,resources/site_257_bowra-dry-a/downloaded_clips/site_257_item_1536811/site_257_item_1536811_clip_002.webm,night,winter,-0.5,0.866025,0.0,-1.0,winter_night
1536811_clip006_s000,resources/site_257_bowra-dry-a/downloaded_clips/site_257_item_1536811/site_257_item_1536811_clip_006.webm,night,winter,-0.5,0.866025,0.0,-1.0,winter_night
1536811_clip013_s000,resources/site_257_bowra-dry-a/downloaded_clips/site_257_item_1536811/site_257_item_1536811_clip_013.webm,night,winter,-0.5,0.866025,0.0,-1.0,winter_night
1539208_clip004_s000,resources/site_257_bowra-dry-a/downloaded_clips/site_257_item_1539208/site_257_item_1539208_clip_004.webm,night,winter,-0.5,0.866025,-0.5,-0.866025,winter_night
1539208_clip005_s000,resources/site_257_bowra-dry-a/downloaded_clips/site_257_item_1539208/site_257_item_1539208_clip_005.webm,night,winter,-0.5,0.866025,-0.5,-0.866025,winter_night
1539208_clip007_s000,resources/site_257_bowra-dry-a/downloaded_clips/site_257_item_1539208/site_257_item_1539208_clip_007.webm,night,winter,-0.5,0.866025,-0.5,-0.866025,winter_night
1539208_clip010_s000,resources/site_257_bowra-dry-a/downloaded_clips/site_257_item_1539208/site_257_item_1539208_clip_010.webm,night,winter,-0.5,0.866025,-0.5,-0.866025,winter_night
1539208_clip011_s000,resources/site_257_bowra-dry-a/downloaded_clips/site_257_item_1539208/site_257_item_1539208_clip_011.webm,night,winter,-0.5,0.866025,-0.5,-0.866025,winter_night
1539525_clip002_s000,resources/site_257_bowra-dry-a/downloaded_clips/site_257_item_1539525/site_257_item_1539525_clip_002.webm,night,winter,-0.5,0.866025,-0.5,-0.866025,winter_night
1539525_clip005_s000,resources/site_257_bowra-dry-a/downloaded_clips/site_257_item_1539525/site_257_item_1539525_clip_005.webm,night,winter,-0.5,0.866025,-0.5,-0.866025,winter_night
1539719_clip004_s000,resources/site_257_bowra-dry-a/downloaded_clips/site_257_item_1539719/site_257_item_1539719_clip_004.webm,night,winter,-0.5,0.866025,-0.866025,-0.5,winter_night
1539719_clip008_s000,resources/site_257_bowra-dry-a/downloaded_clips/site_257_item_1539719/site_257_item_1539719_clip_008.webm,night,winter,-0.5,0.866025,-0.866025,-0.5,winter_night
1539719_clip009_s000,resources/site_257_bowra-dry-a/downloaded_clips/site_257_item_1539719/site_257_item_1539719_clip_009.webm,night,winter,-0.5,0.866025,-0.866025,-0.5,winter_night
1539719_clip014_s000,resources/site_257_bowra-dry-a/downloaded_clips/site_257_item_1539719/site_257_item_1539719_clip_014.webm,night,winter,-0.5,0.866025,-0.866025,-0.5,winter_night
1672840_clip004_s000,resources/site_257_bowra-dry-a/downloaded_clips/site_257_item_1672840/site_257_item_1672840_clip_004.webm,night,winter,-0.5,0.866025,0.0,-1.0,winter_night
1672840_clip004_s001,resources/site_257_bowra-dry-a/downloaded_clips/site_257_item_1672840/site_257_item_1672840_clip_004.webm,night,winter,-0.5,0.866025,0.0,-1.0,winter_night
1672840_clip005_s000,resources/site_257_bowra-dry-a/downloaded_clips/site_257_item_1672840/site_257_item_1672840_clip_005.webm,night,winter,-0.5,0.866025,0.0,-1.0,winter_night
1672840_clip005_s001,resources/site_257_bowra-dry-a/downloaded_clips/site_257_item_1672840/site_257_item_1672840_clip_005.webm,night,winter,-0.5,0.866025,0.0,-1.0,winter_night
1672840_clip008_s000,resources/site_257_bowra-dry-a/downloaded_clips/site_257_item_1672840/site_257_item_1672840_clip_008.webm,night,winter,-0.5,0.866025,0.0,-1.0,winter_night
1672840_clip008_s001,resources/site_257_bowra-dry-a/downloaded_clips/site_257_item_1672840/site_257_item_1672840_clip_008.webm,night,winter,-0.5,0.866025,0.0,-1.0,winter_night
1672840_clip008_s002,resources/site_257_bowra-dry-a/downloaded_clips/site_257_item_1672840/site_257_item_1672840_clip_008.webm,night,winter,-0.5,0.866025,0.0,-1.0,winter_night
1672840_clip008_s003,resources/site_257_bowra-dry-a/downloaded_clips/site_257_item_1672840/site_257_item_1672840_clip_008.webm,night,winter,-0.5,0.866025,0.0,-1.0,winter_night
1672840_clip010_s000,resources/site_257_bowra-dry-a/downloaded_clips/site_257_item_1672840/site_257_item_1672840_clip_010.webm,night,winter,-0.5,0.866025,0.0,-1.0,winter_night
1672840_clip016_s000,resources/site_257_bowra-dry-a/downloaded_clips/site_257_item_1672840/site_257_item_1672840_clip_016.webm,night,winter,-0.5,0.866025,0.0,-1.0,winter_night
1680712_clip003_s000,resources/site_257_bowra-dry-a/downloaded_clips/site_257_item_1680712/site_257_item_1680712_clip_003.webm,night,winter,-0.5,0.866025,0.0,-1.0,winter_night
1680712_clip005_s000,resources/site_257_bowra-dry-a/downloaded_clips/site_257_item_1680712/site_257_item_1680712_clip_005.webm,night,winter,-0.5,0.866025,0.0,-1.0,winter_night
1680712_clip007_s000,resources/site_257_bowra-dry-a/downloaded_clips/site_257_item_1680712/site_257_item_1680712_clip_007.webm,night,winter,-0.5,0.866025,0.0,-1.0,winter_night
1680712_clip008_s000,resources/site_257_bowra-dry-a/downloaded_clips/site_257_item_1680712/site_257_item_1680712_clip_008.webm,night,winter,-0.5,0.866025,0.0,-1.0,winter_night
445534_clip002_s000,resources/site_257_bowra-dry-a/downloaded_clips/site_257_item_445534/site_257_item_445534_clip_002.webm,night,winter,-0.5,0.866025,-0.866025,-0.5,winter_night
445534_clip004_s000,resources/site_257_bowra-dry-a/downloaded_clips/site_257_item_445534/site_257_item_445534_clip_004.webm,night,winter,-0.5,0.866025,-0.866025,-0.5,winter_night
445534_clip006_s000,resources/site_257_bowra-dry-a/downloaded_clips/site_257_item_445534/site_257_item_445534_clip_006.webm,night,winter,-0.5,0.866025,-0.866025,-0.5,winter_night
445534_clip010_s000,resources/site_257_bowra-dry-a/downloaded_clips/site_257_item_445534/site_257_item_445534_clip_010.webm,night,winter,-0.5,0.866025,-0.866025,-0.5,winter_night
445534_clip011_s000,resources/site_257_bowra-dry-a/downloaded_clips/site_257_item_445534/site_257_item_445534_clip_011.webm,night,winter,-0.5,0.866025,-0.866025,-0.5,winter_night
445534_clip011_s001,resources/site_257_bowra-dry-a/downloaded_clips/site_257_item_445534/site_257_item_445534_clip_011.webm,night,winter,-0.5,0.866025,-0.866025,-0.5,winter_night
445534_clip015_s000,resources/site_257_bowra-dry-a/downloaded_clips/site_257_item_445534/site_257_item_445534_clip_015.webm,night,winter,-0.5,0.866025,-0.866025,-0.5,winter_night
445534_clip015_s001,resources/site_257_bowra-dry-a/downloaded_clips/site_257_item_445534/site_257_item_445534_clip_015.webm,night,winter,-0.5,0.866025,-0.866025,-0.5,winter_night
445534_clip020_s000,resources/site_257_bowra-dry-a/downloaded_clips/site_257_item_445534/site_257_item_445534_clip_020.webm,night,winter,-0.5,0.866025,-0.866025,-0.5,winter_night
445534_clip023_s000,resources/site_257_bowra-dry-a/downloaded_clips/site_257_item_445534/site_257_item_445534_clip_023.webm,night,winter,-0.5,0.866025,-0.866025,-0.5,winter_night
5296_clip001_s000,resources/site_257_bowra-dry-a/downloaded_clips/site_257_item_5296/site_257_item_5296_clip_001.webm,night,winter,-0.5,0.866025,-0.866025,-0.5,winter_night
5296_clip001_s001,resources/site_257_bowra-dry-a/downloaded_clips/site_257_item_5296/site_257_item_5296_clip_001.webm,night,winter,-0.5,0.866025,-0.866025,-0.5,winter_night
5296_clip001_s002,resources/site_257_bowra-dry-a/downloaded_clips/site_257_item_5296/site_257_item_5296_clip_001.webm,night,winter,-0.5,0.866025,-0.866025,-0.5,winter_night
5296_clip001_s003,resources/site_257_bowra-dry-a/downloaded_clips/site_257_item_5296/site_257_item_5296_clip_001.webm,night,winter,-0.5,0.866025,-0.866025,-0.5,winter_night
5296_clip002_s000,resources/site_257_bowra-dry-a/downloaded_clips/site_257_item_5296/site_257_item_5296_clip_002.webm,night,winter,-0.5,0.866025,-0.866025,-0.5,winter_night
5296_clip002_s001,resources/site_257_bowra-dry-a/downloaded_clips/site_257_item_5296/site_257_item_5296_clip_002.webm,night,winter,-0.5,0.866025,-0.866025,-0.5,winter_night
5296_clip002_s002,resources/site_257_bowra-dry-a/downloaded_clips/site_257_item_5296/site_257_item_5296_clip_002.webm,night,winter,-0.5,0.866025,-0.866025,-0.5,winter_night
5296_clip003_s000,resources/site_257_bowra-dry-a/downloaded_clips/site_257_item_5296/site_257_item_5296_clip_003.webm,night,winter,-0.5,0.866025,-0.866025,-0.5,winter_night
5296_clip007_s000,resources/site_257_bowra-dry-a/downloaded_clips/site_257_item_5296/site_257_item_5296_clip_007.webm,night,winter,-0.5,0.866025,-0.866025,-0.5,winter_night
5296_clip008_s000,resources/site_257_bowra-dry-a/downloaded_clips/site_257_item_5296/site_257_item_5296_clip_008.webm,night,winter,-0.5,0.866025,-0.866025,-0.5,winter_night
5296_clip009_s000,resources/site_257_bowra-dry-a/downloaded_clips/site_257_item_5296/site_257_item_5296_clip_009.webm,night,winter,-0.5,0.866025,-0.866025,-0.5,winter_night
5296_clip013_s000,resources/site_257_bowra-dry-a/downloaded_clips/site_257_item_5296/site_257_item_5296_clip_013.webm,night,winter,-0.5,0.866025,-0.866025,-0.5,winter_night
5296_clip019_s000,resources/site_257_bowra-dry-a/downloaded_clips/site_257_item_5296/site_257_item_5296_clip_019.webm,night,winter,-0.5,0.866025,-0.866025,-0.5,winter_night
5296_clip022_s000,resources/site_257_bowra-dry-a/downloaded_clips/site_257_item_5296/site_257_item_5296_clip_022.webm,night,winter,-0.5,0.866025,-0.866025,-0.5,winter_night
5296_clip022_s001,resources/site_257_bowra-dry-a/downloaded_clips/site_257_item_5296/site_257_item_5296_clip_022.webm,night,winter,-0.5,0.866025,-0.866025,-0.5,winter_night
5486_clip008_s000,resources/site_257_bowra-dry-a/downloaded_clips/site_257_item_5486/site_257_item_5486_clip_008.webm,night,winter,-0.5,0.866025,-0.866025,-0.5,winter_night
5486_clip013_s000,resources/site_257_bowra-dry-a/downloaded_clips/site_257_item_5486/site_257_item_5486_clip_013.webm,night,winter,-0.5,0.866025,-0.866025,-0.5,winter_night
5486_clip015_s000,resources/site_257_bowra-dry-a/downloaded_clips/site_257_item_5486/site_257_item_5486_clip_015.webm,night,winter,-0.5,0.866025,-0.866025,-0.5,winter_night
5486_clip016_s000,resources/site_257_bowra-dry-a/downloaded_clips/site_257_item_5486/site_257_item_5486_clip_016.webm,night,winter,-0.5,0.866025,-0.866025,-0.5,winter_night
5486_clip016_s001,resources/site_257_bowra-dry-a/downloaded_clips/site_257_item_5486/site_257_item_5486_clip_016.webm,night,winter,-0.5,0.866025,-0.866025,-0.5,winter_night
5486_clip016_s002,resources/site_257_bowra-dry-a/downloaded_clips/site_257_item_5486/site_257_item_5486_clip_016.webm,night,winter,-0.5,0.866025,-0.866025,-0.5,winter_night
5486_clip018_s000,resources/site_257_bowra-dry-a/downloaded_clips/site_257_item_5486/site_257_item_5486_clip_018.webm,night,winter,-0.5,0.866025,-0.866025,-0.5,winter_night
5486_clip019_s000,resources/site_257_bowra-dry-a/downloaded_clips/site_257_item_5486/site_257_item_5486_clip_019.webm,night,winter,-0.5,0.866025,-0.866025,-0.5,winter_night
5486_clip021_s000,resources/site_257_bowra-dry-a/downloaded_clips/site_257_item_5486/site_257_item_5486_clip_021.webm,night,winter,-0.5,0.866025,-0.866025,-0.5,winter_night
5486_clip021_s001,resources/site_257_bowra-dry-a/downloaded_clips/site_257_item_5486/site_257_item_5486_clip_021.webm,night,winter,-0.5,0.866025,-0.866025,-0.5,winter_night
5486_clip023_s000,resources/site_257_bowra-dry-a/downloaded_clips/site_257_item_5486/site_257_item_5486_clip_023.webm,night,winter,-0.5,0.866025,-0.866025,-0.5,winter_night
4899_clip001_s000,resources/site_257_bowra-dry-a/downloaded_clips/site_257_item_4899/site_257_item_4899_clip_001.webm,night,winter,-0.5,0.866025,-0.866025,-0.5,winter_night
4899_clip001_s001,resources/site_257_bowra-dry-a/downloaded_clips/site_257_item_4899/site_257_item_4899_clip_001.webm,night,winter,-0.5,0.866025,-0.866025,-0.5,winter_night
4899_clip001_s002,resources/site_257_bowra-dry-a/downloaded_clips/site_257_item_4899/site_257_item_4899_clip_001.webm,night,winter,-0.5,0.866025,-0.866025,-0.5,winter_night
4899_clip001_s003,resources/site_257_bowra-dry-a/downloaded_clips/site_257_item_4899/site_257_item_4899_clip_001.webm,night,winter,-0.5,0.866025,-0.866025,-0.5,winter_night
4899_clip002_s000,resources/site_257_bowra-dry-a/downloaded_clips/site_257_item_4899/site_257_item_4899_clip_002.webm,night,winter,-0.5,0.866025,-0.866025,-0.5,winter_night
4899_clip002_s001,resources/site_257_bowra-dry-a/downloaded_clips/site_257_item_4899/site_257_item_4899_clip_002.webm,night,winter,-0.5,0.866025,-0.866025,-0.5,winter_night
4899_clip004_s000,resources/site_257_bowra-dry-a/downloaded_clips/site_257_item_4899/site_257_item_4899_clip_004.webm,night,winter,-0.5,0.866025,-0.866025,-0.5,winter_night
4899_clip004_s001,resources/site_257_bowra-dry-a/downloaded_clips/site_257_item_4899/site_257_item_4899_clip_004.webm,night,winter,-0.5,0.866025,-0.866025,-0.5,winter_night
4899_clip004_s002,resources/site_257_bowra-dry-a/downloaded_clips/site_257_item_4899/site_257_item_4899_clip_004.webm,night,winter,-0.5,0.866025,-0.866025,-0.5,winter_night
4899_clip005_s000,resources/site_257_bowra-dry-a/downloaded_clips/site_257_item_4899/site_257_item_4899_clip_005.webm,night,winter,-0.5,0.866025,-0.866025,-0.5,winter_night
4899_clip006_s000,resources/site_257_bowra-dry-a/downloaded_clips/site_257_item_4899/site_257_item_4899_clip_006.webm,night,winter,-0.5,0.866025,-0.866025,-0.5,winter_night
4899_clip007_s000,resources/site_257_bowra-dry-a/downloaded_clips/site_257_item_4899/site_257_item_4899_clip_007.webm,night,winter,-0.5,0.866025,-0.866025,-0.5,winter_night
4899_clip007_s001,resources/site_257_bowra-dry-a/downloaded_clips/site_257_item_4899/site_257_item_4899_clip_007.webm,night,winter,-0.5,0.866025,-0.866025,-0.5,winter_night
4899_clip007_s002,resources/site_257_bowra-dry-a/downloaded_clips/site_257_item_4899/site_257_item_4899_clip_007.webm,night,winter,-0.5,0.866025,-0.866025,-0.5,winter_night
4899_clip007_s003,resources/site_257_bowra-dry-a/downloaded_clips/site_257_item_4899/site_257_item_4899_clip_007.webm,night,winter,-0.5,0.866025,-0.866025,-0.5,winter_night
4899_clip008_s000,resources/site_257_bowra-dry-a/downloaded_clips/site_257_item_4899/site_257_item_4899_clip_008.webm,night,winter,-0.5,0.866025,-0.866025,-0.5,winter_night
4899_clip008_s001,resources/site_257_bowra-dry-a/downloaded_clips/site_257_item_4899/site_257_item_4899_clip_008.webm,night,winter,-0.5,0.866025,-0.866025,-0.5,winter_night
4899_clip008_s002,resources/site_257_bowra-dry-a/downloaded_clips/site_257_item_4899/site_257_item_4899_clip_008.webm,night,winter,-0.5,0.866025,-0.866025,-0.5,winter_night
4899_clip009_s000,resources/site_257_bowra-dry-a/downloaded_clips/site_257_item_4899/site_257_item_4899_clip_009.webm,night,winter,-0.5,0.866025,-0.866025,-0.5,winter_night
4899_clip010_s000,resources/site_257_bowra-dry-a/downloaded_clips/site_257_item_4899/site_257_item_4899_clip_010.webm,night,winter,-0.5,0.866025,-0.866025,-0.5,winter_night
4899_clip010_s001,resources/site_257_bowra-dry-a/downloaded_clips/site_257_item_4899/site_257_item_4899_clip_010.webm,night,winter,-0.5,0.866025,-0.866025,-0.5,winter_night
4899_clip012_s000,resources/site_257_bowra-dry-a/downloaded_clips/site_257_item_4899/site_257_item_4899_clip_012.webm,night,winter,-0.5,0.866025,-0.866025,-0.5,winter_night
4899_clip017_s000,resources/site_257_bowra-dry-a/downloaded_clips/site_257_item_4899/site_257_item_4899_clip_017.webm,night,winter,-0.5,0.866025,-0.866025,-0.5,winter_night
4899_clip018_s000,resources/site_257_bowra-dry-a/downloaded_clips/site_257_item_4899/site_257_item_4899_clip_018.webm,night,winter,-0.5,0.866025,-0.866025,-0.5,winter_night
4899_clip018_s001,resources/site_257_bowra-dry-a/downloaded_clips/site_257_item_4899/site_257_item_4899_clip_018.webm,night,winter,-0.5,0.866025,-0.866025,-0.5,winter_night
4899_clip020_s000,resources/site_257_bowra-dry-a/downloaded_clips/site_257_item_4899/site_257_item_4899_clip_020.webm,night,winter,-0.5,0.866025,-0.866025,-0.5,winter_night
4899_clip021_s000,resources/site_257_bowra-dry-a/downloaded_clips/site_257_item_4899/site_257_item_4899_clip_021.webm,night,winter,-0.5,0.866025,-0.866025,-0.5,winter_night
4959_clip002_s000,resources/site_257_bowra-dry-a/downloaded_clips/site_257_item_4959/site_257_item_4959_clip_002.webm,night,winter,-0.5,0.866025,-0.866025,-0.5,winter_night
4959_clip002_s001,resources/site_257_bowra-dry-a/downloaded_clips/site_257_item_4959/site_257_item_4959_clip_002.webm,night,winter,-0.5,0.866025,-0.866025,-0.5,winter_night
4959_clip002_s002,resources/site_257_bowra-dry-a/downloaded_clips/site_257_item_4959/site_257_item_4959_clip_002.webm,night,winter,-0.5,0.866025,-0.866025,-0.5,winter_night
4959_clip002_s003,resources/site_257_bowra-dry-a/downloaded_clips/site_257_item_4959/site_257_item_4959_clip_002.webm,night,winter,-0.5,0.866025,-0.866025,-0.5,winter_night
4959_clip003_s000,resources/site_257_bowra-dry-a/downloaded_clips/site_257_item_4959/site_257_item_4959_clip_003.webm,night,winter,-0.5,0.866025,-0.866025,-0.5,winter_night
4959_clip003_s001,resources/site_257_bowra-dry-a/downloaded_clips/site_257_item_4959/site_257_item_4959_clip_003.webm,night,winter,-0.5,0.866025,-0.866025,-0.5,winter_night
4959_clip003_s002,resources/site_257_bowra-dry-a/downloaded_clips/site_257_item_4959/site_257_item_4959_clip_003.webm,night,winter,-0.5,0.866025,-0.866025,-0.5,winter_night
4959_clip003_s003,resources/site_257_bowra-dry-a/downloaded_clips/site_257_item_4959/site_257_item_4959_clip_003.webm,night,winter,-0.5,0.866025,-0.866025,-0.5,winter_night
4959_clip003_s004,resources/site_257_bowra-dry-a/downloaded_clips/site_257_item_4959/site_257_item_4959_clip_003.webm,night,winter,-0.5,0.866025,-0.866025,-0.5,winter_night
4959_clip003_s005,resources/site_257_bowra-dry-a/downloaded_clips/site_257_item_4959/site_257_item_4959_clip_003.webm,night,winter,-0.5,0.866025,-0.866025,-0.5,winter_night
4959_clip003_s006,resources/site_257_bowra-dry-a/downloaded_clips/site_257_item_4959/site_257_item_4959_clip_003.webm,night,winter,-0.5,0.866025,-0.866025,-0.5,winter_night
4959_clip003_s007,resources/site_257_bowra-dry-a/downloaded_clips/site_257_item_4959/site_257_item_4959_clip_003.webm,night,winter,-0.5,0.866025,-0.866025,-0.5,winter_night
4959_clip004_s000,resources/site_257_bowra-dry-a/downloaded_clips/site_257_item_4959/site_257_item_4959_clip_004.webm,night,winter,-0.5,0.866025,-0.866025,-0.5,winter_night
4959_clip004_s001,resources/site_257_bowra-dry-a/downloaded_clips/site_257_item_4959/site_257_item_4959_clip_004.webm,night,winter,-0.5,0.866025,-0.866025,-0.5,winter_night
4959_clip004_s002,resources/site_257_bowra-dry-a/downloaded_clips/site_257_item_4959/site_257_item_4959_clip_004.webm,night,winter,-0.5,0.866025,-0.866025,-0.5,winter_night
4959_clip004_s003,resources/site_257_bowra-dry-a/downloaded_clips/site_257_item_4959/site_257_item_4959_clip_004.webm,night,winter,-0.5,0.866025,-0.866025,-0.5,winter_night
4959_clip004_s004,resources/site_257_bowra-dry-a/downloaded_clips/site_257_item_4959/site_257_item_4959_clip_004.webm,night,winter,-0.5,0.866025,-0.866025,-0.5,winter_night
4959_clip006_s000,resources/site_257_bowra-dry-a/downloaded_clips/site_257_item_4959/site_257_item_4959_clip_006.webm,night,winter,-0.5,0.866025,-0.866025,-0.5,winter_night
4959_clip006_s001,resources/site_257_bowra-dry-a/downloaded_clips/site_257_item_4959/site_257_item_4959_clip_006.webm,night,winter,-0.5,0.866025,-0.866025,-0.5,winter_night
4959_clip006_s002,resources/site_257_bowra-dry-a/downloaded_clips/site_257_item_4959/site_257_item_4959_clip_006.webm,night,winter,-0.5,0.866025,-0.866025,-0.5,winter_night
4959_clip007_s000,resources/site_257_bowra-dry-a/downloaded_clips/site_257_item_4959/site_257_item_4959_clip_007.webm,night,winter,-0.5,0.866025,-0.866025,-0.5,winter_night
4959_clip007_s001,resources/site_257_bowra-dry-a/downloaded_clips/site_257_item_4959/site_257_item_4959_clip_007.webm,night,winter,-0.5,0.866025,-0.866025,-0.5,winter_night
4959_clip007_s002,resources/site_257_bowra-dry-a/downloaded_clips/site_257_item_4959/site_257_item_4959_clip_007.webm,night,winter,-0.5,0.866025,-0.866025,-0.5,winter_night
4959_clip007_s003,resources/site_257_bowra-dry-a/downloaded_clips/site_257_item_4959/site_257_item_4959_clip_007.webm,night,winter,-0.5,0.866025,-0.866025,-0.5,winter_night
4959_clip008_s000,resources/site_257_bowra-dry-a/downloaded_clips/site_257_item_4959/site_257_item_4959_clip_008.webm,night,winter,-0.5,0.866025,-0.866025,-0.5,winter_night
4959_clip008_s001,resources/site_257_bowra-dry-a/downloaded_clips/site_257_item_4959/site_257_item_4959_clip_008.webm,night,winter,-0.5,0.866025,-0.866025,-0.5,winter_night
4959_clip008_s002,resources/site_257_bowra-dry-a/downloaded_clips/site_257_item_4959/site_257_item_4959_clip_008.webm,night,winter,-0.5,0.866025,-0.866025,-0.5,winter_night
4959_clip010_s000,resources/site_257_bowra-dry-a/downloaded_clips/site_257_item_4959/site_257_item_4959_clip_010.webm,night,winter,-0.5,0.866025,-0.866025,-0.5,winter_night
4959_clip010_s001,resources/site_257_bowra-dry-a/downloaded_clips/site_257_item_4959/site_257_item_4959_clip_010.webm,night,winter,-0.5,0.866025,-0.866025,-0.5,winter_night
4959_clip010_s002,resources/site_257_bowra-dry-a/downloaded_clips/site_257_item_4959/site_257_item_4959_clip_010.webm,night,winter,-0.5,0.866025,-0.866025,-0.5,winter_night
4959_clip010_s003,resources/site_257_bowra-dry-a/downloaded_clips/site_257_item_4959/site_257_item_4959_clip_010.webm,night,winter,-0.5,0.866025,-0.866025,-0.5,winter_night
4959_clip011_s000,resources/site_257_bowra-dry-a/downloaded_clips/site_257_item_4959/site_257_item_4959_clip_011.webm,night,winter,-0.5,0.866025,-0.866025,-0.5,winter_night
4959_clip011_s001,resources/site_257_bowra-dry-a/downloaded_clips/site_257_item_4959/site_257_item_4959_clip_011.webm,night,winter,-0.5,0.866025,-0.866025,-0.5,winter_night
4959_clip011_s002,resources/site_257_bowra-dry-a/downloaded_clips/site_257_item_4959/site_257_item_4959_clip_011.webm,night,winter,-0.5,0.866025,-0.866025,-0.5,winter_night
4959_clip011_s003,resources/site_257_bowra-dry-a/downloaded_clips/site_257_item_4959/site_257_item_4959_clip_011.webm,night,winter,-0.5,0.866025,-0.866025,-0.5,winter_night
4959_clip012_s000,resources/site_257_bowra-dry-a/downloaded_clips/site_257_item_4959/site_257_item_4959_clip_012.webm,night,winter,-0.5,0.866025,-0.866025,-0.5,winter_night
4959_clip012_s001,resources/site_257_bowra-dry-a/downloaded_clips/site_257_item_4959/site_257_item_4959_clip_012.webm,night,winter,-0.5,0.866025,-0.866025,-0.5,winter_night
4959_clip012_s002,resources/site_257_bowra-dry-a/downloaded_clips/site_257_item_4959/site_257_item_4959_clip_012.webm,night,winter,-0.5,0.866025,-0.866025,-0.5,winter_night
4959_clip012_s003,resources/site_257_bowra-dry-a/downloaded_clips/site_257_item_4959/site_257_item_4959_clip_012.webm,night,winter,-0.5,0.866025,-0.866025,-0.5,winter_night
4959_clip013_s000,resources/site_257_bowra-dry-a/downloaded_clips/site_257_item_4959/site_257_item_4959_clip_013.webm,night,winter,-0.5,0.866025,-0.866025,-0.5,winter_night
4959_clip013_s001,resources/site_257_bowra-dry-a/downloaded_clips/site_257_item_4959/site_257_item_4959_clip_013.webm,night,winter,-0.5,0.866025,-0.866025,-0.5,winter_night
4959_clip013_s002,resources/site_257_bowra-dry-a/downloaded_clips/site_257_item_4959/site_257_item_4959_clip_013.webm,night,winter,-0.5,0.866025,-0.866025,-0.5,winter_night
4959_clip016_s000,resources/site_257_bowra-dry-a/downloaded_clips/site_257_item_4959/site_257_item_4959_clip_016.webm,night,winter,-0.5,0.866025,-0.866025,-0.5,winter_night
4959_clip016_s001,resources/site_257_bowra-dry-a/downloaded_clips/site_257_item_4959/site_257_item_4959_clip_016.webm,night,winter,-0.5,0.866025,-0.866025,-0.5,winter_night
4959_clip016_s002,resources/site_257_bowra-dry-a/downloaded_clips/site_257_item_4959/site_257_item_4959_clip_016.webm,night,winter,-0.5,0.866025,-0.866025,-0.5,winter_night
4959_clip018_s000,resources/site_257_bowra-dry-a/downloaded_clips/site_257_item_4959/site_257_item_4959_clip_018.webm,night,winter,-0.5,0.866025,-0.866025,-0.5,winter_night
4959_clip018_s001,resources/site_257_bowra-dry-a/downloaded_clips/site_257_item_4959/site_257_item_4959_clip_018.webm,night,winter,-0.5,0.866025,-0.866025,-0.5,winter_night
4959_clip019_s000,resources/site_257_bowra-dry-a/downloaded_clips/site_257_item_4959/site_257_item_4959_clip_019.webm,night,winter,-0.5,0.866025,-0.866025,-0.5,winter_night
4959_clip019_s001,resources/site_257_bowra-dry-a/downloaded_clips/site_257_item_4959/site_257_item_4959_clip_019.webm,night,winter,-0.5,0.866025,-0.866025,-0.5,winter_night
4959_clip021_s000,resources/site_257_bowra-dry-a/downloaded_clips/site_257_item_4959/site_257_item_4959_clip_021.webm,night,winter,-0.5,0.866025,-0.866025,-0.5,winter_night
4959_clip021_s001,resources/site_257_bowra-dry-a/downloaded_clips/site_257_item_4959/site_257_item_4959_clip_021.webm,night,winter,-0.5,0.866025,-0.866025,-0.5,winter_night
4959_clip021_s002,resources/site_257_bowra-dry-a/downloaded_clips/site_257_item_4959/site_257_item_4959_clip_021.webm,night,winter,-0.5,0.866025,-0.866025,-0.5,winter_night
4959_clip021_s003,resources/site_257_bowra-dry-a/downloaded_clips/site_257_item_4959/site_257_item_4959_clip_021.webm,night,winter,-0.5,0.866025,-0.866025,-0.5,winter_night
4959_clip022_s000,resources/site_257_bowra-dry-a/downloaded_clips/site_257_item_4959/site_257_item_4959_clip_022.webm,night,winter,-0.5,0.866025,-0.866025,-0.5,winter_night
4959_clip022_s001,resources/site_257_bowra-dry-a/downloaded_clips/site_257_item_4959/site_257_item_4959_clip_022.webm,night,winter,-0.5,0.866025,-0.866025,-0.5,winter_night
4959_clip022_s002,resources/site_257_bowra-dry-a/downloaded_clips/site_257_item_4959/site_257_item_4959_clip_022.webm,night,winter,-0.5,0.866025,-0.866025,-0.5,winter_night
4959_clip022_s003,resources/site_257_bowra-dry-a/downloaded_clips/site_257_item_4959/site_257_item_4959_clip_022.webm,night,winter,-0.5,0.866025,-0.866025,-0.5,winter_night
4959_clip023_s000,resources/site_257_bowra-dry-a/downloaded_clips/site_257_item_4959/site_257_item_4959_clip_023.webm,night,winter,-0.5,0.866025,-0.866025,-0.5,winter_night
4959_clip023_s001,resources/site_257_bowra-dry-a/downloaded_clips/site_257_item_4959/site_257_item_4959_clip_023.webm,night,winter,-0.5,0.866025,-0.866025,-0.5,winter_night
4959_clip023_s002,resources/site_257_bowra-dry-a/downloaded_clips/site_257_item_4959/site_257_item_4959_clip_023.webm,night,winter,-0.5,0.866025,-0.866025,-0.5,winter_night
4959_clip024_s000,resources/site_257_bowra-dry-a/downloaded_clips/site_257_item_4959/site_257_item_4959_clip_024.webm,night,winter,-0.5,0.866025,-0.866025,-0.5,winter_night
4959_clip024_s001,resources/site_257_bowra-dry-a/downloaded_clips/site_257_item_4959/site_257_item_4959_clip_024.webm,night,winter,-0.5,0.866025,-0.866025,-0.5,winter_night
4970_clip010_s000,resources/site_257_bowra-dry-a/downloaded_clips/site_257_item_4970/site_257_item_4970_clip_010.webm,night,winter,-0.5,0.866025,-0.866025,-0.5,winter_night
4970_clip011_s000,resources/site_257_bowra-dry-a/downloaded_clips/site_257_item_4970/site_257_item_4970_clip_011.webm,night,winter,-0.5,0.866025,-0.866025,-0.5,winter_night
4970_clip021_s000,resources/site_257_bowra-dry-a/downloaded_clips/site_257_item_4970/site_257_item_4970_clip_021.webm,night,winter,-0.5,0.866025,-0.866025,-0.5,winter_night
4970_clip023_s000,resources/site_257_bowra-dry-a/downloaded_clips/site_257_item_4970/site_257_item_4970_clip_023.webm,night,winter,-0.5,0.866025,-0.866025,-0.5,winter_night
5023_clip001_s000,resources/site_257_bowra-dry-a/downloaded_clips/site_257_item_5023/site_257_item_5023_clip_001.webm,night,winter,-0.5,0.866025,-0.866025,-0.5,winter_night
5023_clip001_s001,resources/site_257_bowra-dry-a/downloaded_clips/site_257_item_5023/site_257_item_5023_clip_001.webm,night,winter,-0.5,0.866025,-0.866025,-0.5,winter_night
5023_clip001_s002,resources/site_257_bowra-dry-a/downloaded_clips/site_257_item_5023/site_257_item_5023_clip_001.webm,night,winter,-0.5,0.866025,-0.866025,-0.5,winter_night
5023_clip002_s000,resources/site_257_bowra-dry-a/downloaded_clips/site_257_item_5023/site_257_item_5023_clip_002.webm,night,winter,-0.5,0.866025,-0.866025,-0.5,winter_night
5023_clip004_s000,resources/site_257_bowra-dry-a/downloaded_clips/site_257_item_5023/site_257_item_5023_clip_004.webm,night,winter,-0.5,0.866025,-0.866025,-0.5,winter_night
5023_clip004_s001,resources/site_257_bowra-dry-a/downloaded_clips/site_257_item_5023/site_257_item_5023_clip_004.webm,night,winter,-0.5,0.866025,-0.866025,-0.5,winter_night
5023_clip005_s000,resources/site_257_bowra-dry-a/downloaded_clips/site_257_item_5023/site_257_item_5023_clip_005.webm,night,winter,-0.5,0.866025,-0.866025,-0.5,winter_night
5023_clip005_s001,resources/site_257_bowra-dry-a/downloaded_clips/site_257_item_5023/site_257_item_5023_clip_005.webm,night,winter,-0.5,0.866025,-0.866025,-0.5,winter_night
5023_clip006_s000,resources/site_257_bowra-dry-a/downloaded_clips/site_257_item_5023/site_257_item_5023_clip_006.webm,night,winter,-0.5,0.866025,-0.866025,-0.5,winter_night
5023_clip006_s001,resources/site_257_bowra-dry-a/downloaded_clips/site_257_item_5023/site_257_item_5023_clip_006.webm,night,winter,-0.5,0.866025,-0.866025,-0.5,winter_night
5023_clip006_s002,resources/site_257_bowra-dry-a/downloaded_clips/site_257_item_5023/site_257_item_5023_clip_006.webm,night,winter,-0.5,0.866025,-0.866025,-0.5,winter_night
5023_clip008_s000,resources/site_257_bowra-dry-a/downloaded_clips/site_257_item_5023/site_257_item_5023_clip_008.webm,night,winter,-0.5,0.866025,-0.866025,-0.5,winter_night
5023_clip008_s001,resources/site_257_bowra-dry-a/downloaded_clips/site_257_item_5023/site_257_item_5023_clip_008.webm,night,winter,-0.5,0.866025,-0.866025,-0.5,winter_night
5023_clip009_s000,resources/site_257_bowra-dry-a/downloaded_clips/site_257_item_5023/site_257_item_5023_clip_009.webm,night,winter,-0.5,0.866025,-0.866025,-0.5,winter_night
5023_clip009_s001,resources/site_257_bowra-dry-a/downloaded_clips/site_257_item_5023/site_257_item_5023_clip_009.webm,night,winter,-0.5,0.866025,-0.866025,-0.5,winter_night
5023_clip010_s000,resources/site_257_bowra-dry-a/downloaded_clips/site_257_item_5023/site_257_item_5023_clip_010.webm,night,winter,-0.5,0.866025,-0.866025,-0.5,winter_night
5023_clip010_s001,resources/site_257_bowra-dry-a/downloaded_clips/site_257_item_5023/site_257_item_5023_clip_010.webm,night,winter,-0.5,0.866025,-0.866025,-0.5,winter_night
5023_clip012_s000,resources/site_257_bowra-dry-a/downloaded_clips/site_257_item_5023/site_257_item_5023_clip_012.webm,night,winter,-0.5,0.866025,-0.866025,-0.5,winter_night
5023_clip013_s000,resources/site_257_bowra-dry-a/downloaded_clips/site_257_item_5023/site_257_item_5023_clip_013.webm,night,winter,-0.5,0.866025,-0.866025,-0.5,winter_night
5023_clip013_s001,resources/site_257_bowra-dry-a/downloaded_clips/site_257_item_5023/site_257_item_5023_clip_013.webm,night,winter,-0.5,0.866025,-0.866025,-0.5,winter_night
5023_clip015_s000,resources/site_257_bowra-dry-a/downloaded_clips/site_257_item_5023/site_257_item_5023_clip_015.webm,night,winter,-0.5,0.866025,-0.866025,-0.5,winter_night
5023_clip016_s000,resources/site_257_bowra-dry-a/downloaded_clips/site_257_item_5023/site_257_item_5023_clip_016.webm,night,winter,-0.5,0.866025,-0.866025,-0.5,winter_night
5023_clip020_s000,resources/site_257_bowra-dry-a/downloaded_clips/site_257_item_5023/site_257_item_5023_clip_020.webm,night,winter,-0.5,0.866025,-0.866025,-0.5,winter_night
5023_clip024_s000,resources/site_257_bowra-dry-a/downloaded_clips/site_257_item_5023/site_257_item_5023_clip_024.webm,night,winter,-0.5,0.866025,-0.866025,-0.5,winter_night
5023_clip024_s001,resources/site_257_bowra-dry-a/downloaded_clips/site_257_item_5023/site_257_item_5023_clip_024.webm,night,winter,-0.5,0.866025,-0.866025,-0.5,winter_night
5023_clip024_s002,resources/site_257_bowra-dry-a/downloaded_clips/site_257_item_5023/site_257_item_5023_clip_024.webm,night,winter,-0.5,0.866025,-0.866025,-0.5,winter_night
5401_clip001_s000,resources/site_257_bowra-dry-a/downloaded_clips/site_257_item_5401/site_257_item_5401_clip_001.webm,night,winter,-0.5,0.866025,-0.866025,-0.5,winter_night
5401_clip003_s000,resources/site_257_bowra-dry-a/downloaded_clips/site_257_item_5401/site_257_item_5401_clip_003.webm,night,winter,-0.5,0.866025,-0.866025,-0.5,winter_night
5401_clip003_s001,resources/site_257_bowra-dry-a/downloaded_clips/site_257_item_5401/site_257_item_5401_clip_003.webm,night,winter,-0.5,0.866025,-0.866025,-0.5,winter_night
5401_clip004_s000,resources/site_257_bowra-dry-a/downloaded_clips/site_257_item_5401/site_257_item_5401_clip_004.webm,night,winter,-0.5,0.866025,-0.866025,-0.5,winter_night
5401_clip008_s000,resources/site_257_bowra-dry-a/downloaded_clips/site_257_item_5401/site_257_item_5401_clip_008.webm,night,winter,-0.5,0.866025,-0.866025,-0.5,winter_night
5401_clip010_s000,resources/site_257_bowra-dry-a/downloaded_clips/site_257_item_5401/site_257_item_5401_clip_010.webm,night,winter,-0.5,0.866025,-0.866025,-0.5,winter_night
5401_clip011_s000,resources/site_257_bowra-dry-a/downloaded_clips/site_257_item_5401/site_257_item_5401_clip_011.webm,night,winter,-0.5,0.866025,-0.866025,-0.5,winter_night
5401_clip012_s000,resources/site_257_bowra-dry-a/downloaded_clips/site_257_item_5401/site_257_item_5401_clip_012.webm,night,winter,-0.5,0.866025,-0.866025,-0.5,winter_night
5401_clip012_s001,resources/site_257_bowra-dry-a/downloaded_clips/site_257_item_5401/site_257_item_5401_clip_012.webm,night,winter,-0.5,0.866025,-0.866025,-0.5,winter_night
5401_clip013_s000,resources/site_257_bowra-dry-a/downloaded_clips/site_257_item_5401/site_257_item_5401_clip_013.webm,night,winter,-0.5,0.866025,-0.866025,-0.5,winter_night
5401_clip014_s000,resources/site_257_bowra-dry-a/downloaded_clips/site_257_item_5401/site_257_item_5401_clip_014.webm,night,winter,-0.5,0.866025,-0.866025,-0.5,winter_night
5401_clip014_s001,resources/site_257_bowra-dry-a/downloaded_clips/site_257_item_5401/site_257_item_5401_clip_014.webm,night,winter,-0.5,0.866025,-0.866025,-0.5,winter_night
5401_clip014_s002,resources/site_257_bowra-dry-a/downloaded_clips/site_257_item_5401/site_257_item_5401_clip_014.webm,night,winter,-0.5,0.866025,-0.866025,-0.5,winter_night
5401_clip014_s003,resources/site_257_bowra-dry-a/downloaded_clips/site_257_item_5401/site_257_item_5401_clip_014.webm,night,winter,-0.5,0.866025,-0.866025,-0.5,winter_night
5401_clip014_s004,resources/site_257_bowra-dry-a/downloaded_clips/site_257_item_5401/site_257_item_5401_clip_014.webm,night,winter,-0.5,0.866025,-0.866025,-0.5,winter_night
5401_clip015_s000,resources/site_257_bowra-dry-a/downloaded_clips/site_257_item_5401/site_257_item_5401_clip_015.webm,night,winter,-0.5,0.866025,-0.866025,-0.5,winter_night
5401_clip015_s001,resources/site_257_bowra-dry-a/downloaded_clips/site_257_item_5401/site_257_item_5401_clip_015.webm,night,winter,-0.5,0.866025,-0.866025,-0.5,winter_night
5401_clip015_s002,resources/site_257_bowra-dry-a/downloaded_clips/site_257_item_5401/site_257_item_5401_clip_015.webm,night,winter,-0.5,0.866025,-0.866025,-0.5,winter_night
5401_clip016_s000,resources/site_257_bowra-dry-a/downloaded_clips/site_257_item_5401/site_257_item_5401_clip_016.webm,night,winter,-0.5,0.866025,-0.866025,-0.5,winter_night
5401_clip016_s001,resources/site_257_bowra-dry-a/downloaded_clips/site_257_item_5401/site_257_item_5401_clip_016.webm,night,winter,-0.5,0.866025,-0.866025,-0.5,winter_night
5401_clip017_s000,resources/site_257_bowra-dry-a/downloaded_clips/site_257_item_5401/site_257_item_5401_clip_017.webm,night,winter,-0.5,0.866025,-0.866025,-0.5,winter_night
5401_clip018_s000,resources/site_257_bowra-dry-a/downloaded_clips/site_257_item_5401/site_257_item_5401_clip_018.webm,night,winter,-0.5,0.866025,-0.866025,-0.5,winter_night
5401_clip018_s001,resources/site_257_bowra-dry-a/downloaded_clips/site_257_item_5401/site_257_item_5401_clip_018.webm,night,winter,-0.5,0.866025,-0.866025,-0.5,winter_night
5401_clip018_s002,resources/site_257_bowra-dry-a/downloaded_clips/site_257_item_5401/site_257_item_5401_clip_018.webm,night,winter,-0.5,0.866025,-0.866025,-0.5,winter_night
5401_clip019_s000,resources/site_257_bowra-dry-a/downloaded_clips/site_257_item_5401/site_257_item_5401_clip_019.webm,night,winter,-0.5,0.866025,-0.866025,-0.5,winter_night
5401_clip020_s000,resources/site_257_bowra-dry-a/downloaded_clips/site_257_item_5401/site_257_item_5401_clip_020.webm,night,winter,-0.5,0.866025,-0.866025,-0.5,winter_night
5401_clip020_s001,resources/site_257_bowra-dry-a/downloaded_clips/site_257_item_5401/site_257_item_5401_clip_020.webm,night,winter,-0.5,0.866025,-0.866025,-0.5,winter_night
5401_clip020_s002,resources/site_257_bowra-dry-a/downloaded_clips/site_257_item_5401/site_257_item_5401_clip_020.webm,night,winter,-0.5,0.866025,-0.866025,-0.5,winter_night
5401_clip020_s003,resources/site_257_bowra-dry-a/downloaded_clips/site_257_item_5401/site_257_item_5401_clip_020.webm,night,winter,-0.5,0.866025,-0.866025,-0.5,winter_night
5401_clip020_s004,resources/site_257_bowra-dry-a/downloaded_clips/site_257_item_5401/site_257_item_5401_clip_020.webm,night,winter,-0.5,0.866025,-0.866025,-0.5,winter_night
5401_clip020_s005,resources/site_257_bowra-dry-a/downloaded_clips/site_257_item_5401/site_257_item_5401_clip_020.webm,night,winter,-0.5,0.866025,-0.866025,-0.5,winter_night
5401_clip020_s006,resources/site_257_bowra-dry-a/downloaded_clips/site_257_item_5401/site_257_item_5401_clip_020.webm,night,winter,-0.5,0.866025,-0.866025,-0.5,winter_night
5401_clip021_s000,resources/site_257_bowra-dry-a/downloaded_clips/site_257_item_5401/site_257_item_5401_clip_021.webm,night,winter,-0.5,0.866025,-0.866025,-0.5,winter_night
5401_clip021_s001,resources/site_257_bowra-dry-a/downloaded_clips/site_257_item_5401/site_257_item_5401_clip_021.webm,night,winter,-0.5,0.866025,-0.866025,-0.5,winter_night
5401_clip021_s002,resources/site_257_bowra-dry-a/downloaded_clips/site_257_item_5401/site_257_item_5401_clip_021.webm,night,winter,-0.5,0.866025,-0.866025,-0.5,winter_night
5401_clip022_s000,resources/site_257_bowra-dry-a/downloaded_clips/site_257_item_5401/site_257_item_5401_clip_022.webm,night,winter,-0.5,0.866025,-0.866025,-0.5,winter_night
5401_clip022_s001,resources/site_257_bowra-dry-a/downloaded_clips/site_257_item_5401/site_257_item_5401_clip_022.webm,night,winter,-0.5,0.866025,-0.866025,-0.5,winter_night
5401_clip022_s002,resources/site_257_bowra-dry-a/downloaded_clips/site_257_item_5401/site_257_item_5401_clip_022.webm,night,winter,-0.5,0.866025,-0.866025,-0.5,winter_night
5401_clip022_s003,resources/site_257_bowra-dry-a/downloaded_clips/site_257_item_5401/site_257_item_5401_clip_022.webm,night,winter,-0.5,0.866025,-0.866025,-0.5,winter_night
5401_clip022_s004,resources/site_257_bowra-dry-a/downloaded_clips/site_257_item_5401/site_257_item_5401_clip_022.webm,night,winter,-0.5,0.866025,-0.866025,-0.5,winter_night
5401_clip022_s005,resources/site_257_bowra-dry-a/downloaded_clips/site_257_item_5401/site_257_item_5401_clip_022.webm,night,winter,-0.5,0.866025,-0.866025,-0.5,winter_night
5401_clip023_s000,resources/site_257_bowra-dry-a/downloaded_clips/site_257_item_5401/site_257_item_5401_clip_023.webm,night,winter,-0.5,0.866025,-0.866025,-0.5,winter_night
5401_clip023_s001,resources/site_257_bowra-dry-a/downloaded_clips/site_257_item_5401/site_257_item_5401_clip_023.webm,night,winter,-0.5,0.866025,-0.866025,-0.5,winter_night
5401_clip023_s002,resources/site_257_bowra-dry-a/downloaded_clips/site_257_item_5401/site_257_item_5401_clip_023.webm,night,winter,-0.5,0.866025,-0.866025,-0.5,winter_night
5401_clip024_s000,resources/site_257_bowra-dry-a/downloaded_clips/site_257_item_5401/site_257_item_5401_clip_024.webm,night,winter,-0.5,0.866025,-0.866025,-0.5,winter_night
5401_clip024_s001,resources/site_257_bowra-dry-a/downloaded_clips/site_257_item_5401/site_257_item_5401_clip_024.webm,night,winter,-0.5,0.866025,-0.866025,-0.5,winter_night
5401_clip024_s002,resources/site_257_bowra-dry-a/downloaded_clips/site_257_item_5401/site_257_item_5401_clip_024.webm,night,winter,-0.5,0.866025,-0.866025,-0.5,winter_night
445512_clip001_s000,resources/site_257_bowra-dry-a/downloaded_clips/site_257_item_445512/site_257_item_445512_clip_001.webm,night,winter,-0.5,0.866025,-0.866025,-0.5,winter_night
445512_clip001_s001,resources/site_257_bowra-dry-a/downloaded_clips/site_257_item_445512/site_257_item_445512_clip_001.webm,night,winter,-0.5,0.866025,-0.866025,-0.5,winter_night
445512_clip001_s002,resources/site_257_bowra-dry-a/downloaded_clips/site_257_item_445512/site_257_item_445512_clip_001.webm,night,winter,-0.5,0.866025,-0.866025,-0.5,winter_night
445512_clip001_s003,resources/site_257_bowra-dry-a/downloaded_clips/site_257_item_445512/site_257_item_445512_clip_001.webm,night,winter,-0.5,0.866025,-0.866025,-0.5,winter_night
445512_clip003_s000,resources/site_257_bowra-dry-a/downloaded_clips/site_257_item_445512/site_257_item_445512_clip_003.webm,night,winter,-0.5,0.866025,-0.866025,-0.5,winter_night
445512_clip003_s001,resources/site_257_bowra-dry-a/downloaded_clips/site_257_item_445512/site_257_item_445512_clip_003.webm,night,winter,-0.5,0.866025,-0.866025,-0.5,winter_night
445512_clip004_s000,resources/site_257_bowra-dry-a/downloaded_clips/site_257_item_445512/site_257_item_445512_clip_004.webm,night,winter,-0.5,0.866025,-0.866025,-0.5,winter_night
445512_clip006_s000,resources/site_257_bowra-dry-a/downloaded_clips/site_257_item_445512/site_257_item_445512_clip_006.webm,night,winter,-0.5,0.866025,-0.866025,-0.5,winter_night
445512_clip009_s000,resources/site_257_bowra-dry-a/downloaded_clips/site_257_item_445512/site_257_item_445512_clip_009.webm,night,winter,-0.5,0.866025,-0.866025,-0.5,winter_night
445512_clip010_s000,resources/site_257_bowra-dry-a/downloaded_clips/site_257_item_445512/site_257_item_445512_clip_010.webm,night,winter,-0.5,0.866025,-0.866025,-0.5,winter_night
445512_clip010_s001,resources/site_257_bowra-dry-a/downloaded_clips/site_257_item_445512/site_257_item_445512_clip_010.webm,night,winter,-0.5,0.866025,-0.866025,-0.5,winter_night
445526_clip001_s000,resources/site_257_bowra-dry-a/downloaded_clips/site_257_item_445526/site_257_item_445526_clip_001.webm,night,winter,-0.5,0.866025,-0.866025,-0.5,winter_night
445526_clip001_s001,resources/site_257_bowra-dry-a/downloaded_clips/site_257_item_445526/site_257_item_445526_clip_001.webm,night,winter,-0.5,0.866025,-0.866025,-0.5,winter_night
445526_clip001_s002,resources/site_257_bowra-dry-a/downloaded_clips/site_257_item_445526/site_257_item_445526_clip_001.webm,night,winter,-0.5,0.866025,-0.866025,-0.5,winter_night
445526_clip003_s000,resources/site_257_bowra-dry-a/downloaded_clips/site_257_item_445526/site_257_item_445526_clip_003.webm,night,winter,-0.5,0.866025,-0.866025,-0.5,winter_night
445526_clip004_s000,resources/site_257_bowra-dry-a/downloaded_clips/site_257_item_445526/site_257_item_445526_clip_004.webm,night,winter,-0.5,0.866025,-0.866025,-0.5,winter_night
445526_clip004_s001,resources/site_257_bowra-dry-a/downloaded_clips/site_257_item_445526/site_257_item_445526_clip_004.webm,night,winter,-0.5,0.866025,-0.866025,-0.5,winter_night
445526_clip004_s002,resources/site_257_bowra-dry-a/downloaded_clips/site_257_item_445526/site_257_item_445526_clip_004.webm,night,winter,-0.5,0.866025,-0.866025,-0.5,winter_night
445526_clip004_s003,resources/site_257_bowra-dry-a/downloaded_clips/site_257_item_445526/site_257_item_445526_clip_004.webm,night,winter,-0.5,0.866025,-0.866025,-0.5,winter_night
445526_clip005_s000,resources/site_257_bowra-dry-a/downloaded_clips/site_257_item_445526/site_257_item_445526_clip_005.webm,night,winter,-0.5,0.866025,-0.866025,-0.5,winter_night
445526_clip010_s000,resources/site_257_bowra-dry-a/downloaded_clips/site_257_item_445526/site_257_item_445526_clip_010.webm,night,winter,-0.5,0.866025,-0.866025,-0.5,winter_night
445526_clip011_s000,resources/site_257_bowra-dry-a/downloaded_clips/site_257_item_445526/site_257_item_445526_clip_011.webm,night,winter,-0.5,0.866025,-0.866025,-0.5,winter_night
445526_clip013_s000,resources/site_257_bowra-dry-a/downloaded_clips/site_257_item_445526/site_257_item_445526_clip_013.webm,night,winter,-0.5,0.866025,-0.866025,-0.5,winter_night
445526_clip014_s000,resources/site_257_bowra-dry-a/downloaded_clips/site_257_item_445526/site_257_item_445526_clip_014.webm,night,winter,-0.5,0.866025,-0.866025,-0.5,winter_night
445526_clip015_s000,resources/site_257_bowra-dry-a/downloaded_clips/site_257_item_445526/site_257_item_445526_clip_015.webm,night,winter,-0.5,0.866025,-0.866025,-0.5,winter_night
445526_clip015_s001,resources/site_257_bowra-dry-a/downloaded_clips/site_257_item_445526/site_257_item_445526_clip_015.webm,night,winter,-0.5,0.866025,-0.866025,-0.5,winter_night
445526_clip015_s002,resources/site_257_bowra-dry-a/downloaded_clips/site_257_item_445526/site_257_item_445526_clip_015.webm,night,winter,-0.5,0.866025,-0.866025,-0.5,winter_night
445526_clip016_s000,resources/site_257_bowra-dry-a/downloaded_clips/site_257_item_445526/site_257_item_445526_clip_016.webm,night,winter,-0.5,0.866025,-0.866025,-0.5,winter_night
445526_clip016_s001,resources/site_257_bowra-dry-a/downloaded_clips/site_257_item_445526/site_257_item_445526_clip_016.webm,night,winter,-0.5,0.866025,-0.866025,-0.5,winter_night
445526_clip017_s000,resources/site_257_bowra-dry-a/downloaded_clips/site_257_item_445526/site_257_item_445526_clip_017.webm,night,winter,-0.5,0.866025,-0.866025,-0.5,winter_night
445526_clip017_s001,resources/site_257_bowra-dry-a/downloaded_clips/site_257_item_445526/site_257_item_445526_clip_017.webm,night,winter,-0.5,0.866025,-0.866025,-0.5,winter_night
445526_clip017_s002,resources/site_257_bowra-dry-a/downloaded_clips/site_257_item_445526/site_257_item_445526_clip_017.webm,night,winter,-0.5,0.866025,-0.866025,-0.5,winter_night
445526_clip018_s000,resources/site_257_bowra-dry-a/downloaded_clips/site_257_item_445526/site_257_item_445526_clip_018.webm,night,winter,-0.5,0.866025,-0.866025,-0.5,winter_night
445526_clip018_s001,resources/site_257_bowra-dry-a/downloaded_clips/site_257_item_445526/site_257_item_445526_clip_018.webm,night,winter,-0.5,0.866025,-0.866025,-0.5,winter_night
445526_clip019_s000,resources/site_257_bowra-dry-a/downloaded_clips/site_257_item_445526/site_257_item_445526_clip_019.webm,night,winter,-0.5,0.866025,-0.866025,-0.5,winter_night
445526_clip020_s000,resources/site_257_bowra-dry-a/downloaded_clips/site_257_item_445526/site_257_item_445526_clip_020.webm,night,winter,-0.5,0.866025,-0.866025,-0.5,winter_night
445526_clip020_s001,resources/site_257_bowra-dry-a/downloaded_clips/site_257_item_445526/site_257_item_445526_clip_020.webm,night,winter,-0.5,0.866025,-0.866025,-0.5,winter_night
445526_clip021_s000,resources/site_257_bowra-dry-a/downloaded_clips/site_257_item_445526/site_257_item_445526_clip_021.webm,night,winter,-0.5,0.866025,-0.866025,-0.5,winter_night
445526_clip022_s000,resources/site_257_bowra-dry-a/downloaded_clips/site_257_item_445526/site_257_item_445526_clip_022.webm,night,winter,-0.5,0.866025,-0.866025,-0.5,winter_night
445526_clip022_s001,resources/site_257_bowra-dry-a/downloaded_clips/site_257_item_445526/site_257_item_445526_clip_022.webm,night,winter,-0.5,0.866025,-0.866025,-0.5,winter_night
445526_clip024_s000,resources/site_257_bowra-dry-a/downloaded_clips/site_257_item_445526/site_257_item_445526_clip_024.webm,night,winter,-0.5,0.866025,-0.866025,-0.5,winter_night
445526_clip024_s001,resources/site_257_bowra-dry-a/downloaded_clips/site_257_item_445526/site_257_item_445526_clip_024.webm,night,winter,-0.5,0.866025,-0.866025,-0.5,winter_night
445526_clip024_s002,resources/site_257_bowra-dry-a/downloaded_clips/site_257_item_445526/site_257_item_445526_clip_024.webm,night,winter,-0.5,0.866025,-0.866025,-0.5,winter_night
445526_clip024_s003,resources/site_257_bowra-dry-a/downloaded_clips/site_257_item_445526/site_257_item_445526_clip_024.webm,night,winter,-0.5,0.866025,-0.866025,-0.5,winter_night
445526_clip024_s004,resources/site_257_bowra-dry-a/downloaded_clips/site_257_item_445526/site_257_item_445526_clip_024.webm,night,winter,-0.5,0.866025,-0.866025,-0.5,winter_night
445526_clip024_s005,resources/site_257_bowra-dry-a/downloaded_clips/site_257_item_445526/site_257_item_445526_clip_024.webm,night,winter,-0.5,0.866025,-0.866025,-0.5,winter_night
1539769_clip001_s000,resources/site_257_bowra-dry-a/downloaded_clips/site_257_item_1539769/site_257_item_1539769_clip_001.webm,night,winter,-0.5,0.866025,0.0,-1.0,winter_night
1539769_clip001_s001,resources/site_257_bowra-dry-a/downloaded_clips/site_257_item_1539769/site_257_item_1539769_clip_001.webm,night,winter,-0.5,0.866025,0.0,-1.0,winter_night
1539769_clip002_s000,resources/site_257_bowra-dry-a/downloaded_clips/site_257_item_1539769/site_257_item_1539769_clip_002.webm,night,winter,-0.5,0.866025,0.0,-1.0,winter_night
1539769_clip005_s000,resources/site_257_bowra-dry-a/downloaded_clips/site_257_item_1539769/site_257_item_1539769_clip_005.webm,night,winter,-0.5,0.866025,0.0,-1.0,winter_night
1539769_clip006_s000,resources/site_257_bowra-dry-a/downloaded_clips/site_257_item_1539769/site_257_item_1539769_clip_006.webm,night,winter,-0.5,0.866025,0.0,-1.0,winter_night
1539769_clip006_s001,resources/site_257_bowra-dry-a/downloaded_clips/site_257_item_1539769/site_257_item_1539769_clip_006.webm,night,winter,-0.5,0.866025,0.0,-1.0,winter_night
1539769_clip009_s000,resources/site_257_bowra-dry-a/downloaded_clips/site_257_item_1539769/site_257_item_1539769_clip_009.webm,night,winter,-0.5,0.866025,0.0,-1.0,winter_night
1539769_clip009_s001,resources/site_257_bowra-dry-a/downloaded_clips/site_257_item_1539769/site_257_item_1539769_clip_009.webm,night,winter,-0.5,0.866025,0.0,-1.0,winter_night
1539769_clip011_s000,resources/site_257_bowra-dry-a/downloaded_clips/site_257_item_1539769/site_257_item_1539769_clip_011.webm,night,winter,-0.5,0.866025,0.0,-1.0,winter_night
1539769_clip012_s000,resources/site_257_bowra-dry-a/downloaded_clips/site_257_item_1539769/site_257_item_1539769_clip_012.webm,night,winter,-0.5,0.866025,0.0,-1.0,winter_night
1539769_clip015_s000,resources/site_257_bowra-dry-a/downloaded_clips/site_257_item_1539769/site_257_item_1539769_clip_015.webm,night,winter,-0.5,0.866025,0.0,-1.0,winter_night
1539769_clip015_s001,resources/site_257_bowra-dry-a/downloaded_clips/site_257_item_1539769/site_257_item_1539769_clip_015.webm,night,winter,-0.5,0.866025,0.0,-1.0,winter_night
1539769_clip016_s000,resources/site_257_bowra-dry-a/downloaded_clips/site_257_item_1539769/site_257_item_1539769_clip_016.webm,night,winter,-0.5,0.866025,0.0,-1.0,winter_night
1539769_clip016_s001,resources/site_257_bowra-dry-a/downloaded_clips/site_257_item_1539769/site_257_item_1539769_clip_016.webm,night,winter,-0.5,0.866025,0.0,-1.0,winter_night
1539769_clip017_s000,resources/site_257_bowra-dry-a/downloaded_clips/site_257_item_1539769/site_257_item_1539769_clip_017.webm,night,winter,-0.5,0.866025,0.0,-1.0,winter_night
1539769_clip018_s000,resources/site_257_bowra-dry-a/downloaded_clips/site_257_item_1539769/site_257_item_1539769_clip_018.webm,night,winter,-0.5,0.866025,0.0,-1.0,winter_night
1539769_clip019_s000,resources/site_257_bowra-dry-a/downloaded_clips/site_257_item_1539769/site_257_item_1539769_clip_019.webm,night,winter,-0.5,0.866025,0.0,-1.0,winter_night
1539769_clip019_s001,resources/site_257_bowra-dry-a/downloaded_clips/site_257_item_1539769/site_257_item_1539769_clip_019.webm,night,winter,-0.5,0.866025,0.0,-1.0,winter_night
1539769_clip019_s002,resources/site_257_bowra-dry-a/downloaded_clips/site_257_item_1539769/site_257_item_1539769_clip_019.webm,night,winter,-0.5,0.866025,0.0,-1.0,winter_night
1539769_clip021_s000,resources/site_257_bowra-dry-a/downloaded_clips/site_257_item_1539769/site_257_item_1539769_clip_021.webm,night,winter,-0.5,0.866025,0.0,-1.0,winter_night
1539769_clip022_s000,resources/site_257_bowra-dry-a/downloaded_clips/site_257_item_1539769/site_257_item_1539769_clip_022.webm,night,winter,-0.5,0.866025,0.0,-1.0,winter_night
1539769_clip022_s001,resources/site_257_bowra-dry-a/downloaded_clips/site_257_item_1539769/site_257_item_1539769_clip_022.webm,night,winter,-0.5,0.866025,0.0,-1.0,winter_night
1539769_clip022_s002,resources/site_257_bowra-dry-a/downloaded_clips/site_257_item_1539769/site_257_item_1539769_clip_022.webm,night,winter,-0.5,0.866025,0.0,-1.0,winter_night
1539769_clip023_s000,resources/site_257_bowra-dry-a/downloaded_clips/site_257_item_1539769/site_257_item_1539769_clip_023.webm,night,winter,-0.5,0.866025,0.0,-1.0,winter_night
1534151_clip020_s000,resources/site_257_bowra-dry-a/downloaded_clips/site_257_item_1534151/site_257_item_1534151_clip_020.webm,night,winter,-0.5,0.866025,0.0,-1.0,winter_night
1534151_clip022_s000,resources/site_257_bowra-dry-a/downloaded_clips/site_257_item_1534151/site_257_item_1534151_clip_022.webm,night,winter,-0.5,0.866025,0.0,-1.0,winter_night
1535161_clip006_s000,resources/site_257_bowra-dry-a/downloaded_clips/site_257_item_1535161/site_257_item_1535161_clip_006.webm,night,winter,-0.5,0.866025,-0.5,-0.866025,winter_night
1535161_clip011_s000,resources/site_257_bowra-dry-a/downloaded_clips/site_257_item_1535161/site_257_item_1535161_clip_011.webm,night,winter,-0.5,0.866025,-0.5,-0.866025,winter_night
1536777_clip001_s000,resources/site_257_bowra-dry-a/downloaded_clips/site_257_item_1536777/site_257_item_1536777_clip_001.webm,night,winter,-0.5,0.866025,0.0,-1.0,winter_night
1536777_clip003_s000,resources/site_257_bowra-dry-a/downloaded_clips/site_257_item_1536777/site_257_item_1536777_clip_003.webm,night,winter,-0.5,0.866025,0.0,-1.0,winter_night
1536777_clip003_s001,resources/site_257_bowra-dry-a/downloaded_clips/site_257_item_1536777/site_257_item_1536777_clip_003.webm,night,winter,-0.5,0.866025,0.0,-1.0,winter_night
1536777_clip006_s000,resources/site_257_bowra-dry-a/downloaded_clips/site_257_item_1536777/site_257_item_1536777_clip_006.webm,night,winter,-0.5,0.866025,0.0,-1.0,winter_night
1536777_clip007_s000,resources/site_257_bowra-dry-a/downloaded_clips/site_257_item_1536777/site_257_item_1536777_clip_007.webm,night,winter,-0.5,0.866025,0.0,-1.0,winter_night
1536777_clip009_s000,resources/site_257_bowra-dry-a/downloaded_clips/site_257_item_1536777/site_257_item_1536777_clip_009.webm,night,winter,-0.5,0.866025,0.0,-1.0,winter_night
1536777_clip009_s001,resources/site_257_bowra-dry-a/downloaded_clips/site_257_item_1536777/site_257_item_1536777_clip_009.webm,night,winter,-0.5,0.866025,0.0,-1.0,winter_night
1536777_clip012_s000,resources/site_257_bowra-dry-a/downloaded_clips/site_257_item_1536777/site_257_item_1536777_clip_012.webm,night,winter,-0.5,0.866025,0.0,-1.0,winter_night
1536777_clip014_s000,resources/site_257_bowra-dry-a/downloaded_clips/site_257_item_1536777/site_257_item_1536777_clip_014.webm,night,winter,-0.5,0.866025,0.0,-1.0,winter_night
1536777_clip014_s001,resources/site_257_bowra-dry-a/downloaded_clips/site_257_item_1536777/site_257_item_1536777_clip_014.webm,night,winter,-0.5,0.866025,0.0,-1.0,winter_night
1536777_clip015_s000,resources/site_257_bowra-dry-a/downloaded_clips/site_257_item_1536777/site_257_item_1536777_clip_015.webm,night,winter,-0.5,0.866025,0.0,-1.0,winter_night
1536777_clip019_s000,resources/site_257_bowra-dry-a/downloaded_clips/site_257_item_1536777/site_257_item_1536777_clip_019.webm,night,winter,-0.5,0.866025,0.0,-1.0,winter_night
1536777_clip019_s001,resources/site_257_bowra-dry-a/downloaded_clips/site_257_item_1536777/site_257_item_1536777_clip_019.webm,night,winter,-0.5,0.866025,0.0,-1.0,winter_night
1536777_clip020_s000,resources/site_257_bowra-dry-a/downloaded_clips/site_257_item_1536777/site_257_item_1536777_clip_020.webm,night,winter,-0.5,0.866025,0.0,-1.0,winter_night
1536777_clip021_s000,resources/site_257_bowra-dry-a/downloaded_clips/site_257_item_1536777/site_257_item_1536777_clip_021.webm,night,winter,-0.5,0.866025,0.0,-1.0,winter_night
1536777_clip024_s000,resources/site_257_bowra-dry-a/downloaded_clips/site_257_item_1536777/site_257_item_1536777_clip_024.webm,night,winter,-0.5,0.866025,0.0,-1.0,winter_night
1539191_clip002_s000,resources/site_257_bowra-dry-a/downloaded_clips/site_257_item_1539191/site_257_item_1539191_clip_002.webm,night,winter,-0.5,0.866025,-0.5,-0.866025,winter_night
1539191_clip008_s000,resources/site_257_bowra-dry-a/downloaded_clips/site_257_item_1539191/site_257_item_1539191_clip_008.webm,night,winter,-0.5,0.866025,-0.5,-0.866025,winter_night
1539191_clip008_s001,resources/site_257_bowra-dry-a/downloaded_clips/site_257_item_1539191/site_257_item_1539191_clip_008.webm,night,winter,-0.5,0.866025,-0.5,-0.866025,winter_night
1539191_clip008_s002,resources/site_257_bowra-dry-a/downloaded_clips/site_257_item_1539191/site_257_item_1539191_clip_008.webm,night,winter,-0.5,0.866025,-0.5,-0.866025,winter_night
1539191_clip009_s000,resources/site_257_bowra-dry-a/downloaded_clips/site_257_item_1539191/site_257_item_1539191_clip_009.webm,night,winter,-0.5,0.866025,-0.5,-0.866025,winter_night
1539191_clip009_s001,resources/site_257_bowra-dry-a/downloaded_clips/site_257_item_1539191/site_257_item_1539191_clip_009.webm,night,winter,-0.5,0.866025,-0.5,-0.866025,winter_night
1539191_clip011_s000,resources/site_257_bowra-dry-a/downloaded_clips/site_257_item_1539191/site_257_item_1539191_clip_011.webm,night,winter,-0.5,0.866025,-0.5,-0.866025,winter_night
1539191_clip013_s000,resources/site_257_bowra-dry-a/downloaded_clips/site_257_item_1539191/site_257_item_1539191_clip_013.webm,night,winter,-0.5,0.866025,-0.5,-0.866025,winter_night
1539191_clip020_s000,resources/site_257_bowra-dry-a/downloaded_clips/site_257_item_1539191/site_257_item_1539191_clip_020.webm,night,winter,-0.5,0.866025,-0.5,-0.866025,winter_night
1539191_clip020_s001,resources/site_257_bowra-dry-a/downloaded_clips/site_257_item_1539191/site_257_item_1539191_clip_020.webm,night,winter,-0.5,0.866025,-0.5,-0.866025,winter_night
1539191_clip021_s000,resources/site_257_bowra-dry-a/downloaded_clips/site_257_item_1539191/site_257_item_1539191_clip_021.webm,night,winter,-0.5,0.866025,-0.5,-0.866025,winter_night
1539378_clip007_s000,resources/site_257_bowra-dry-a/downloaded_clips/site_257_item_1539378/site_257_item_1539378_clip_007.webm,night,winter,-0.5,0.866025,0.0,-1.0,winter_night
1539378_clip007_s001,resources/site_257_bowra-dry-a/downloaded_clips/site_257_item_1539378/site_257_item_1539378_clip_007.webm,night,winter,-0.5,0.866025,0.0,-1.0,winter_night
1539378_clip008_s000,resources/site_257_bowra-dry-a/downloaded_clips/site_257_item_1539378/site_257_item_1539378_clip_008.webm,night,winter,-0.5,0.866025,0.0,-1.0,winter_night
1539378_clip009_s000,resources/site_257_bowra-dry-a/downloaded_clips/site_257_item_1539378/site_257_item_1539378_clip_009.webm,night,winter,-0.5,0.866025,0.0,-1.0,winter_night
1539378_clip009_s001,resources/site_257_bowra-dry-a/downloaded_clips/site_257_item_1539378/site_257_item_1539378_clip_009.webm,night,winter,-0.5,0.866025,0.0,-1.0,winter_night
1539378_clip010_s000,resources/site_257_bowra-dry-a/downloaded_clips/site_257_item_1539378/site_257_item_1539378_clip_010.webm,night,winter,-0.5,0.866025,0.0,-1.0,winter_night
1539378_clip013_s000,resources/site_257_bowra-dry-a/downloaded_clips/site_257_item_1539378/site_257_item_1539378_clip_013.webm,night,winter,-0.5,0.866025,0.0,-1.0,winter_night
1539378_clip013_s001,resources/site_257_bowra-dry-a/downloaded_clips/site_257_item_1539378/site_257_item_1539378_clip_013.webm,night,winter,-0.5,0.866025,0.0,-1.0,winter_night
1539378_clip016_s000,resources/site_257_bowra-dry-a/downloaded_clips/site_257_item_1539378/site_257_item_1539378_clip_016.webm,night,winter,-0.5,0.866025,0.0,-1.0,winter_night
1539378_clip017_s000,resources/site_257_bowra-dry-a/downloaded_clips/site_257_item_1539378/site_257_item_1539378_clip_017.webm,night,winter,-0.5,0.866025,0.0,-1.0,winter_night
1539378_clip020_s000,resources/site_257_bowra-dry-a/downloaded_clips/site_257_item_1539378/site_257_item_1539378_clip_020.webm,night,winter,-0.5,0.866025,0.0,-1.0,winter_night
1539575_clip001_s000,resources/site_257_bowra-dry-a/downloaded_clips/site_257_item_1539575/site_257_item_1539575_clip_001.webm,night,winter,-0.5,0.866025,-0.5,-0.866025,winter_night
1539575_clip001_s001,resources/site_257_bowra-dry-a/downloaded_clips/site_257_item_1539575/site_257_item_1539575_clip_001.webm,night,winter,-0.5,0.866025,-0.5,-0.866025,winter_night
1539575_clip003_s000,resources/site_257_bowra-dry-a/downloaded_clips/site_257_item_1539575/site_257_item_1539575_clip_003.webm,night,winter,-0.5,0.866025,-0.5,-0.866025,winter_night
1539575_clip005_s000,resources/site_257_bowra-dry-a/downloaded_clips/site_257_item_1539575/site_257_item_1539575_clip_005.webm,night,winter,-0.5,0.866025,-0.5,-0.866025,winter_night
1539575_clip006_s000,resources/site_257_bowra-dry-a/downloaded_clips/site_257_item_1539575/site_257_item_1539575_clip_006.webm,night,winter,-0.5,0.866025,-0.5,-0.866025,winter_night
1539575_clip006_s001,resources/site_257_bowra-dry-a/downloaded_clips/site_257_item_1539575/site_257_item_1539575_clip_006.webm,night,winter,-0.5,0.866025,-0.5,-0.866025,winter_night
1539575_clip006_s002,resources/site_257_bowra-dry-a/downloaded_clips/site_257_item_1539575/site_257_item_1539575_clip_006.webm,night,winter,-0.5,0.866025,-0.5,-0.866025,winter_night
1539575_clip007_s000,resources/site_257_bowra-dry-a/downloaded_clips/site_257_item_1539575/site_257_item_1539575_clip_007.webm,night,winter,-0.5,0.866025,-0.5,-0.866025,winter_night
1539575_clip009_s000,resources/site_257_bowra-dry-a/downloaded_clips/site_257_item_1539575/site_257_item_1539575_clip_009.webm,night,winter,-0.5,0.866025,-0.5,-0.866025,winter_night
1539575_clip009_s001,resources/site_257_bowra-dry-a/downloaded_clips/site_257_item_1539575/site_257_item_1539575_clip_009.webm,night,winter,-0.5,0.866025,-0.5,-0.866025,winter_night
1539575_clip012_s000,resources/site_257_bowra-dry-a/downloaded_clips/site_257_item_1539575/site_257_item_1539575_clip_012.webm,night,winter,-0.5,0.866025,-0.5,-0.866025,winter_night
1539575_clip018_s000,resources/site_257_bowra-dry-a/downloaded_clips/site_257_item_1539575/site_257_item_1539575_clip_018.webm,night,winter,-0.5,0.866025,-0.5,-0.866025,winter_night
1539575_clip018_s001,resources/site_257_bowra-dry-a/downloaded_clips/site_257_item_1539575/site_257_item_1539575_clip_018.webm,night,winter,-0.5,0.866025,-0.5,-0.866025,winter_night
1539575_clip020_s000,resources/site_257_bowra-dry-a/downloaded_clips/site_257_item_1539575/site_257_item_1539575_clip_020.webm,night,winter,-0.5,0.866025,-0.5,-0.866025,winter_night
1539575_clip022_s000,resources/site_257_bowra-dry-a/downloaded_clips/site_257_item_1539575/site_257_item_1539575_clip_022.webm,night,winter,-0.5,0.866025,-0.5,-0.866025,winter_night
1539575_clip022_s001,resources/site_257_bowra-dry-a/downloaded_clips/site_257_item_1539575/site_257_item_1539575_clip_022.webm,night,winter,-0.5,0.866025,-0.5,-0.866025,winter_night
1539575_clip022_s002,resources/site_257_bowra-dry-a/downloaded_clips/site_257_item_1539575/site_257_item_1539575_clip_022.webm,night,winter,-0.5,0.866025,-0.5,-0.866025,winter_night
1539575_clip023_s000,resources/site_257_bowra-dry-a/downloaded_clips/site_257_item_1539575/site_257_item_1539575_clip_023.webm,night,winter,-0.5,0.866025,-0.5,-0.866025,winter_night
1539575_clip023_s001,resources/site_257_bowra-dry-a/downloaded_clips/site_257_item_1539575/site_257_item_1539575_clip_023.webm,night,winter,-0.5,0.866025,-0.5,-0.866025,winter_night
1539575_clip024_s000,resources/site_257_bowra-dry-a/downloaded_clips/site_257_item_1539575/site_257_item_1539575_clip_024.webm,night,winter,-0.5,0.866025,-0.5,-0.866025,winter_night
1539757_clip001_s000,resources/site_257_bowra-dry-a/downloaded_clips/site_257_item_1539757/site_257_item_1539757_clip_001.webm,night,winter,-0.5,0.866025,0.0,-1.0,winter_night
1539757_clip002_s000,resources/site_257_bowra-dry-a/downloaded_clips/site_257_item_1539757/site_257_item_1539757_clip_002.webm,night,winter,-0.5,0.866025,0.0,-1.0,winter_night
1539757_clip002_s001,resources/site_257_bowra-dry-a/downloaded_clips/site_257_item_1539757/site_257_item_1539757_clip_002.webm,night,winter,-0.5,0.866025,0.0,-1.0,winter_night
1539757_clip003_s000,resources/site_257_bowra-dry-a/downloaded_clips/site_257_item_1539757/site_257_item_1539757_clip_003.webm,night,winter,-0.5,0.866025,0.0,-1.0,winter_night
1539757_clip004_s000,resources/site_257_bowra-dry-a/downloaded_clips/site_257_item_1539757/site_257_item_1539757_clip_004.webm,night,winter,-0.5,0.866025,0.0,-1.0,winter_night
1539757_clip004_s001,resources/site_257_bowra-dry-a/downloaded_clips/site_257_item_1539757/site_257_item_1539757_clip_004.webm,night,winter,-0.5,0.866025,0.0,-1.0,winter_night
1539757_clip005_s000,resources/site_257_bowra-dry-a/downloaded_clips/site_257_item_1539757/site_257_item_1539757_clip_005.webm,night,winter,-0.5,0.866025,0.0,-1.0,winter_night
1539757_clip006_s000,resources/site_257_bowra-dry-a/downloaded_clips/site_257_item_1539757/site_257_item_1539757_clip_006.webm,night,winter,-0.5,0.866025,0.0,-1.0,winter_night
1539757_clip007_s000,resources/site_257_bowra-dry-a/downloaded_clips/site_257_item_1539757/site_257_item_1539757_clip_007.webm,night,winter,-0.5,0.866025,0.0,-1.0,winter_night
1539757_clip007_s001,resources/site_257_bowra-dry-a/downloaded_clips/site_257_item_1539757/site_257_item_1539757_clip_007.webm,night,winter,-0.5,0.866025,0.0,-1.0,winter_night
1539757_clip008_s000,resources/site_257_bowra-dry-a/downloaded_clips/site_257_item_1539757/site_257_item_1539757_clip_008.webm,night,winter,-0.5,0.866025,0.0,-1.0,winter_night
1539757_clip008_s001,resources/site_257_bowra-dry-a/downloaded_clips/site_257_item_1539757/site_257_item_1539757_clip_008.webm,night,winter,-0.5,0.866025,0.0,-1.0,winter_night
1539757_clip015_s000,resources/site_257_bowra-dry-a/downloaded_clips/site_257_item_1539757/site_257_item_1539757_clip_015.webm,night,winter,-0.5,0.866025,0.0,-1.0,winter_night
1539757_clip017_s000,resources/site_257_bowra-dry-a/downloaded_clips/site_257_item_1539757/site_257_item_1539757_clip_017.webm,night,winter,-0.5,0.866025,0.0,-1.0,winter_night
1539757_clip018_s000,resources/site_257_bowra-dry-a/downloaded_clips/site_257_item_1539757/site_257_item_1539757_clip_018.webm,night,winter,-0.5,0.866025,0.0,-1.0,winter_night
1539757_clip019_s000,resources/site_257_bowra-dry-a/downloaded_clips/site_257_item_1539757/site_257_item_1539757_clip_019.webm,night,winter,-0.5,0.866025,0.0,-1.0,winter_night
1539757_clip021_s000,resources/site_257_bowra-dry-a/downloaded_clips/site_257_item_1539757/site_257_item_1539757_clip_021.webm,night,winter,-0.5,0.866025,0.0,-1.0,winter_night
1539757_clip022_s000,resources/site_257_bowra-dry-a/downloaded_clips/site_257_item_1539757/site_257_item_1539757_clip_022.webm,night,winter,-0.5,0.866025,0.0,-1.0,winter_night
1539757_clip023_s000,resources/site_257_bowra-dry-a/downloaded_clips/site_257_item_1539757/site_257_item_1539757_clip_023.webm,night,winter,-0.5,0.866025,0.0,-1.0,winter_night
1539757_clip023_s001,resources/site_257_bowra-dry-a/downloaded_clips/site_257_item_1539757/site_257_item_1539757_clip_023.webm,night,winter,-0.5,0.866025,0.0,-1.0,winter_night
1539757_clip023_s002,resources/site_257_bowra-dry-a/downloaded_clips/site_257_item_1539757/site_257_item_1539757_clip_023.webm,night,winter,-0.5,0.866025,0.0,-1.0,winter_night
1539757_clip023_s003,resources/site_257_bowra-dry-a/downloaded_clips/site_257_item_1539757/site_257_item_1539757_clip_023.webm,night,winter,-0.5,0.866025,0.0,-1.0,winter_night
1534249_clip019_s000,resources/site_257_bowra-dry-a/downloaded_clips/site_257_item_1534249/site_257_item_1534249_clip_019.webm,night,winter,-0.5,0.866025,-0.5,-0.866025,winter_night
1534249_clip022_s000,resources/site_257_bowra-dry-a/downloaded_clips/site_257_item_1534249/site_257_item_1534249_clip_022.webm,night,winter,-0.5,0.866025,-0.5,-0.866025,winter_night
1535659_clip001_s000,resources/site_257_bowra-dry-a/downloaded_clips/site_257_item_1535659/site_257_item_1535659_clip_001.webm,night,winter,-0.5,0.866025,-0.866025,-0.5,winter_night
1535659_clip002_s000,resources/site_257_bowra-dry-a/downloaded_clips/site_257_item_1535659/site_257_item_1535659_clip_002.webm,night,winter,-0.5,0.866025,-0.866025,-0.5,winter_night
1535659_clip003_s000,resources/site_257_bowra-dry-a/downloaded_clips/site_257_item_1535659/site_257_item_1535659_clip_003.webm,night,winter,-0.5,0.866025,-0.866025,-0.5,winter_night
1535659_clip003_s001,resources/site_257_bowra-dry-a/downloaded_clips/site_257_item_1535659/site_257_item_1535659_clip_003.webm,night,winter,-0.5,0.866025,-0.866025,-0.5,winter_night
1535659_clip004_s000,resources/site_257_bowra-dry-a/downloaded_clips/site_257_item_1535659/site_257_item_1535659_clip_004.webm,night,winter,-0.5,0.866025,-0.866025,-0.5,winter_night
1535659_clip005_s000,resources/site_257_bowra-dry-a/downloaded_clips/site_257_item_1535659/site_257_item_1535659_clip_005.webm,night,winter,-0.5,0.866025,-0.866025,-0.5,winter_night
1535659_clip007_s000,resources/site_257_bowra-dry-a/downloaded_clips/site_257_item_1535659/site_257_item_1535659_clip_007.webm,night,winter,-0.5,0.866025,-0.866025,-0.5,winter_night
1535659_clip007_s001,resources/site_257_bowra-dry-a/downloaded_clips/site_257_item_1535659/site_257_item_1535659_clip_007.webm,night,winter,-0.5,0.866025,-0.866025,-0.5,winter_night
1535659_clip017_s000,resources/site_257_bowra-dry-a/downloaded_clips/site_257_item_1535659/site_257_item_1535659_clip_017.webm,night,winter,-0.5,0.866025,-0.866025,-0.5,winter_night
1535659_clip019_s000,resources/site_257_bowra-dry-a/downloaded_clips/site_257_item_1535659/site_257_item_1535659_clip_019.webm,night,winter,-0.5,0.866025,-0.866025,-0.5,winter_night
1535659_clip019_s001,resources/site_257_bowra-dry-a/downloaded_clips/site_257_item_1535659/site_257_item_1535659_clip_019.webm,night,winter,-0.5,0.866025,-0.866025,-0.5,winter_night
1535659_clip021_s000,resources/site_257_bowra-dry-a/downloaded_clips/site_257_item_1535659/site_257_item_1535659_clip_021.webm,night,winter,-0.5,0.866025,-0.866025,-0.5,winter_night
1535659_clip023_s000,resources/site_257_bowra-dry-a/downloaded_clips/site_257_item_1535659/site_257_item_1535659_clip_023.webm,night,winter,-0.5,0.866025,-0.866025,-0.5,winter_night
1535659_clip024_s000,resources/site_257_bowra-dry-a/downloaded_clips/site_257_item_1535659/site_257_item_1535659_clip_024.webm,night,winter,-0.5,0.866025,-0.866025,-0.5,winter_night
1535659_clip024_s001,resources/site_257_bowra-dry-a/downloaded_clips/site_257_item_1535659/site_257_item_1535659_clip_024.webm,night,winter,-0.5,0.866025,-0.866025,-0.5,winter_night
1535659_clip024_s002,resources/site_257_bowra-dry-a/downloaded_clips/site_257_item_1535659/site_257_item_1535659_clip_024.webm,night,winter,-0.5,0.866025,-0.866025,-0.5,winter_night
1536094_clip001_s000,resources/site_257_bowra-dry-a/downloaded_clips/site_257_item_1536094/site_257_item_1536094_clip_001.webm,night,winter,-0.5,0.866025,-0.866025,-0.5,winter_night
1536094_clip016_s000,resources/site_257_bowra-dry-a/downloaded_clips/site_257_item_1536094/site_257_item_1536094_clip_016.webm,night,winter,-0.5,0.866025,-0.866025,-0.5,winter_night
1536310_clip005_s000,resources/site_257_bowra-dry-a/downloaded_clips/site_257_item_1536310/site_257_item_1536310_clip_005.webm,night,winter,-0.5,0.866025,-0.866025,-0.5,winter_night
1536310_clip007_s000,resources/site_257_bowra-dry-a/downloaded_clips/site_257_item_1536310/site_257_item_1536310_clip_007.webm,night,winter,-0.5,0.866025,-0.866025,-0.5,winter_night
1536310_clip009_s000,resources/site_257_bowra-dry-a/downloaded_clips/site_257_item_1536310/site_257_item_1536310_clip_009.webm,night,winter,-0.5,0.866025,-0.866025,-0.5,winter_night
1536310_clip016_s000,resources/site_257_bowra-dry-a/downloaded_clips/site_257_item_1536310/site_257_item_1536310_clip_016.webm,night,winter,-0.5,0.866025,-0.866025,-0.5,winter_night
1536310_clip020_s000,resources/site_257_bowra-dry-a/downloaded_clips/site_257_item_1536310/site_257_item_1536310_clip_020.webm,night,winter,-0.5,0.866025,-0.866025,-0.5,winter_night
1539260_clip008_s000,resources/site_257_bowra-dry-a/downloaded_clips/site_257_item_1539260/site_257_item_1539260_clip_008.webm,night,winter,-0.5,0.866025,-0.5,-0.866025,winter_night
1539260_clip014_s000,resources/site_257_bowra-dry-a/downloaded_clips/site_257_item_1539260/site_257_item_1539260_clip_014.webm,night,winter,-0.5,0.866025,-0.5,-0.866025,winter_night
1539260_clip020_s000,resources/site_257_bowra-dry-a/downloaded_clips/site_257_item_1539260/site_257_item_1539260_clip_020.webm,night,winter,-0.5,0.866025,-0.5,-0.866025,winter_night
1539260_clip020_s001,resources/site_257_bowra-dry-a/downloaded_clips/site_257_item_1539260/site_257_item_1539260_clip_020.webm,night,winter,-0.5,0.866025,-0.5,-0.866025,winter_night
1539260_clip024_s000,resources/site_257_bowra-dry-a/downloaded_clips/site_257_item_1539260/site_257_item_1539260_clip_024.webm,night,winter,-0.5,0.866025,-0.5,-0.866025,winter_night
1539260_clip024_s001,resources/site_257_bowra-dry-a/downloaded_clips/site_257_item_1539260/site_257_item_1539260_clip_024.webm,night,winter,-0.5,0.866025,-0.5,-0.866025,winter_night
1539260_clip024_s002,resources/site_257_bowra-dry-a/downloaded_clips/site_257_item_1539260/site_257_item_1539260_clip_024.webm,night,winter,-0.5,0.866025,-0.5,-0.866025,winter_night
1539268_clip016_s000,resources/site_257_bowra-dry-a/downloaded_clips/site_257_item_1539268/site_257_item_1539268_clip_016.webm,night,winter,-0.5,0.866025,-0.5,-0.866025,winter_night
1539268_clip017_s000,resources/site_257_bowra-dry-a/downloaded_clips/site_257_item_1539268/site_257_item_1539268_clip_017.webm,night,winter,-0.5,0.866025,-0.5,-0.866025,winter_night
1539268_clip018_s000,resources/site_257_bowra-dry-a/downloaded_clips/site_257_item_1539268/site_257_item_1539268_clip_018.webm,night,winter,-0.5,0.866025,-0.5,-0.866025,winter_night
1539268_clip018_s001,resources/site_257_bowra-dry-a/downloaded_clips/site_257_item_1539268/site_257_item_1539268_clip_018.webm,night,winter,-0.5,0.866025,-0.5,-0.866025,winter_night
1539268_clip020_s000,resources/site_257_bowra-dry-a/downloaded_clips/site_257_item_1539268/site_257_item_1539268_clip_020.webm,night,winter,-0.5,0.866025,-0.5,-0.866025,winter_night
1539268_clip020_s001,resources/site_257_bowra-dry-a/downloaded_clips/site_257_item_1539268/site_257_item_1539268_clip_020.webm,night,winter,-0.5,0.866025,-0.5,-0.866025,winter_night
1539268_clip022_s000,resources/site_257_bowra-dry-a/downloaded_clips/site_257_item_1539268/site_257_item_1539268_clip_022.webm,night,winter,-0.5,0.866025,-0.5,-0.866025,winter_night
1539268_clip022_s001,resources/site_257_bowra-dry-a/downloaded_clips/site_257_item_1539268/site_257_item_1539268_clip_022.webm,night,winter,-0.5,0.866025,-0.5,-0.866025,winter_night
1539268_clip023_s000,resources/site_257_bowra-dry-a/downloaded_clips/site_257_item_1539268/site_257_item_1539268_clip_023.webm,night,winter,-0.5,0.866025,-0.5,-0.866025,winter_night
1539268_clip024_s000,resources/site_257_bowra-dry-a/downloaded_clips/site_257_item_1539268/site_257_item_1539268_clip_024.webm,night,winter,-0.5,0.866025,-0.5,-0.866025,winter_night
1539638_clip003_s000,resources/site_257_bowra-dry-a/downloaded_clips/site_257_item_1539638/site_257_item_1539638_clip_003.webm,night,winter,-0.5,0.866025,-0.5,-0.866025,winter_night
1539638_clip003_s001,resources/site_257_bowra-dry-a/downloaded_clips/site_257_item_1539638/site_257_item_1539638_clip_003.webm,night,winter,-0.5,0.866025,-0.5,-0.866025,winter_night
1539638_clip003_s002,resources/site_257_bowra-dry-a/downloaded_clips/site_257_item_1539638/site_257_item_1539638_clip_003.webm,night,winter,-0.5,0.866025,-0.5,-0.866025,winter_night
1539638_clip004_s000,resources/site_257_bowra-dry-a/downloaded_clips/site_257_item_1539638/site_257_item_1539638_clip_004.webm,night,winter,-0.5,0.866025,-0.5,-0.866025,winter_night
1539638_clip005_s000,resources/site_257_bowra-dry-a/downloaded_clips/site_257_item_1539638/site_257_item_1539638_clip_005.webm,night,winter,-0.5,0.866025,-0.5,-0.866025,winter_night
1539638_clip005_s001,resources/site_257_bowra-dry-a/downloaded_clips/site_257_item_1539638/site_257_item_1539638_clip_005.webm,night,winter,-0.5,0.866025,-0.5,-0.866025,winter_night
1539638_clip006_s000,resources/site_257_bowra-dry-a/downloaded_clips/site_257_item_1539638/site_257_item_1539638_clip_006.webm,night,winter,-0.5,0.866025,-0.5,-0.866025,winter_night
1539638_clip006_s001,resources/site_257_bowra-dry-a/downloaded_clips/site_257_item_1539638/site_257_item_1539638_clip_006.webm,night,winter,-0.5,0.866025,-0.5,-0.866025,winter_night
1539638_clip007_s000,resources/site_257_bowra-dry-a/downloaded_clips/site_257_item_1539638/site_257_item_1539638_clip_007.webm,night,winter,-0.5,0.866025,-0.5,-0.866025,winter_night
1539638_clip008_s000,resources/site_257_bowra-dry-a/downloaded_clips/site_257_item_1539638/site_257_item_1539638_clip_008.webm,night,winter,-0.5,0.866025,-0.5,-0.866025,winter_night
1539638_clip008_s001,resources/site_257_bowra-dry-a/downloaded_clips/site_257_item_1539638/site_257_item_1539638_clip_008.webm,night,winter,-0.5,0.866025,-0.5,-0.866025,winter_night
1539638_clip009_s000,resources/site_257_bowra-dry-a/downloaded_clips/site_257_item_1539638/site_257_item_1539638_clip_009.webm,night,winter,-0.5,0.866025,-0.5,-0.866025,winter_night
1539638_clip009_s001,resources/site_257_bowra-dry-a/downloaded_clips/site_257_item_1539638/site_257_item_1539638_clip_009.webm,night,winter,-0.5,0.866025,-0.5,-0.866025,winter_night
1539638_clip010_s000,resources/site_257_bowra-dry-a/downloaded_clips/site_257_item_1539638/site_257_item_1539638_clip_010.webm,night,winter,-0.5,0.866025,-0.5,-0.866025,winter_night
1539638_clip010_s001,resources/site_257_bowra-dry-a/downloaded_clips/site_257_item_1539638/site_257_item_1539638_clip_010.webm,night,winter,-0.5,0.866025,-0.5,-0.866025,winter_night
1539638_clip011_s000,resources/site_257_bowra-dry-a/downloaded_clips/site_257_item_1539638/site_257_item_1539638_clip_011.webm,night,winter,-0.5,0.866025,-0.5,-0.866025,winter_night
1539638_clip011_s001,resources/site_257_bowra-dry-a/downloaded_clips/site_257_item_1539638/site_257_item_1539638_clip_011.webm,night,winter,-0.5,0.866025,-0.5,-0.866025,winter_night
1539638_clip011_s002,resources/site_257_bowra-dry-a/downloaded_clips/site_257_item_1539638/site_257_item_1539638_clip_011.webm,night,winter,-0.5,0.866025,-0.5,-0.866025,winter_night
1539638_clip011_s003,resources/site_257_bowra-dry-a/downloaded_clips/site_257_item_1539638/site_257_item_1539638_clip_011.webm,night,winter,-0.5,0.866025,-0.5,-0.866025,winter_night
1539638_clip013_s000,resources/site_257_bowra-dry-a/downloaded_clips/site_257_item_1539638/site_257_item_1539638_clip_013.webm,night,winter,-0.5,0.866025,-0.5,-0.866025,winter_night
1539638_clip014_s000,resources/site_257_bowra-dry-a/downloaded_clips/site_257_item_1539638/site_257_item_1539638_clip_014.webm,night,winter,-0.5,0.866025,-0.5,-0.866025,winter_night
1539638_clip014_s001,resources/site_257_bowra-dry-a/downloaded_clips/site_257_item_1539638/site_257_item_1539638_clip_014.webm,night,winter,-0.5,0.866025,-0.5,-0.866025,winter_night
1539638_clip014_s002,resources/site_257_bowra-dry-a/downloaded_clips/site_257_item_1539638/site_257_item_1539638_clip_014.webm,night,winter,-0.5,0.866025,-0.5,-0.866025,winter_night
1539638_clip014_s003,resources/site_257_bowra-dry-a/downloaded_clips/site_257_item_1539638/site_257_item_1539638_clip_014.webm,night,winter,-0.5,0.866025,-0.5,-0.866025,winter_night
1539638_clip015_s000,resources/site_257_bowra-dry-a/downloaded_clips/site_257_item_1539638/site_257_item_1539638_clip_015.webm,night,winter,-0.5,0.866025,-0.5,-0.866025,winter_night
1539638_clip015_s001,resources/site_257_bowra-dry-a/downloaded_clips/site_257_item_1539638/site_257_item_1539638_clip_015.webm,night,winter,-0.5,0.866025,-0.5,-0.866025,winter_night
1539638_clip021_s000,resources/site_257_bowra-dry-a/downloaded_clips/site_257_item_1539638/site_257_item_1539638_clip_021.webm,night,winter,-0.5,0.866025,-0.5,-0.866025,winter_night
1539679_clip002_s000,resources/site_257_bowra-dry-a/downloaded_clips/site_257_item_1539679/site_257_item_1539679_clip_002.webm,night,winter,-0.5,0.866025,-0.866025,-0.5,winter_night
1539679_clip009_s000,resources/site_257_bowra-dry-a/downloaded_clips/site_257_item_1539679/site_257_item_1539679_clip_009.webm,night,winter,-0.5,0.866025,-0.866025,-0.5,winter_night
1539679_clip012_s000,resources/site_257_bowra-dry-a/downloaded_clips/site_257_item_1539679/site_257_item_1539679_clip_012.webm,night,winter,-0.5,0.866025,-0.866025,-0.5,winter_night
1539679_clip017_s000,resources/site_257_bowra-dry-a/downloaded_clips/site_257_item_1539679/site_257_item_1539679_clip_017.webm,night,winter,-0.5,0.866025,-0.866025,-0.5,winter_night
1540014_clip008_s000,resources/site_257_bowra-dry-a/downloaded_clips/site_257_item_1540014/site_257_item_1540014_clip_008.webm,night,winter,-0.5,0.866025,-0.866025,-0.5,winter_night
1540014_clip008_s001,resources/site_257_bowra-dry-a/downloaded_clips/site_257_item_1540014/site_257_item_1540014_clip_008.webm,night,winter,-0.5,0.866025,-0.866025,-0.5,winter_night
1540014_clip012_s000,resources/site_257_bowra-dry-a/downloaded_clips/site_257_item_1540014/site_257_item_1540014_clip_012.webm,night,winter,-0.5,0.866025,-0.866025,-0.5,winter_night
1540014_clip012_s001,resources/site_257_bowra-dry-a/downloaded_clips/site_257_item_1540014/site_257_item_1540014_clip_012.webm,night,winter,-0.5,0.866025,-0.866025,-0.5,winter_night
1540014_clip019_s000,resources/site_257_bowra-dry-a/downloaded_clips/site_257_item_1540014/site_257_item_1540014_clip_019.webm,night,winter,-0.5,0.866025,-0.866025,-0.5,winter_night
1535818_clip001_s000,resources/site_257_bowra-dry-a/downloaded_clips/site_257_item_1535818/site_257_item_1535818_clip_001.webm,night,winter,-0.258819,0.965926,-0.866025,-0.5,winter_night
1535818_clip003_s000,resources/site_257_bowra-dry-a/downloaded_clips/site_257_item_1535818/site_257_item_1535818_clip_003.webm,night,winter,-0.258819,0.965926,-0.866025,-0.5,winter_night
1536084_clip011_s000,resources/site_257_bowra-dry-a/downloaded_clips/site_257_item_1536084/site_257_item_1536084_clip_011.webm,night,winter,-0.5,0.866025,-0.866025,-0.5,winter_night
1536084_clip012_s000,resources/site_257_bowra-dry-a/downloaded_clips/site_257_item_1536084/site_257_item_1536084_clip_012.webm,night,winter,-0.5,0.866025,-0.866025,-0.5,winter_night
1536084_clip013_s000,resources/site_257_bowra-dry-a/downloaded_clips/site_257_item_1536084/site_257_item_1536084_clip_013.webm,night,winter,-0.5,0.866025,-0.866025,-0.5,winter_night
1536084_clip013_s001,resources/site_257_bowra-dry-a/downloaded_clips/site_257_item_1536084/site_257_item_1536084_clip_013.webm,night,winter,-0.5,0.866025,-0.866025,-0.5,winter_night
1672736_clip006_s000,resources/site_257_bowra-dry-a/downloaded_clips/site_257_item_1672736/site_257_item_1672736_clip_006.webm,night,winter,-0.5,0.866025,0.0,-1.0,winter_night
1672736_clip009_s000,resources/site_257_bowra-dry-a/downloaded_clips/site_257_item_1672736/site_257_item_1672736_clip_009.webm,night,winter,-0.5,0.866025,0.0,-1.0,winter_night
1672736_clip012_s000,resources/site_257_bowra-dry-a/downloaded_clips/site_257_item_1672736/site_257_item_1672736_clip_012.webm,night,winter,-0.5,0.866025,0.0,-1.0,winter_night
1672736_clip012_s001,resources/site_257_bowra-dry-a/downloaded_clips/site_257_item_1672736/site_257_item_1672736_clip_012.webm,night,winter,-0.5,0.866025,0.0,-1.0,winter_night
1672736_clip012_s002,resources/site_257_bowra-dry-a/downloaded_clips/site_257_item_1672736/site_257_item_1672736_clip_012.webm,night,winter,-0.5,0.866025,0.0,-1.0,winter_night
1672736_clip015_s000,resources/site_257_bowra-dry-a/downloaded_clips/site_257_item_1672736/site_257_item_1672736_clip_015.webm,night,winter,-0.5,0.866025,0.0,-1.0,winter_night
1672736_clip017_s000,resources/site_257_bowra-dry-a/downloaded_clips/site_257_item_1672736/site_257_item_1672736_clip_017.webm,night,winter,-0.5,0.866025,0.0,-1.0,winter_night
1681456_clip002_s000,resources/site_257_bowra-dry-a/downloaded_clips/site_257_item_1681456/site_257_item_1681456_clip_002.webm,night,winter,-0.5,0.866025,0.0,-1.0,winter_night
1681456_clip002_s001,resources/site_257_bowra-dry-a/downloaded_clips/site_257_item_1681456/site_257_item_1681456_clip_002.webm,night,winter,-0.5,0.866025,0.0,-1.0,winter_night
1681456_clip003_s000,resources/site_257_bowra-dry-a/downloaded_clips/site_257_item_1681456/site_257_item_1681456_clip_003.webm,night,winter,-0.5,0.866025,0.0,-1.0,winter_night
1681456_clip006_s000,resources/site_257_bowra-dry-a/downloaded_clips/site_257_item_1681456/site_257_item_1681456_clip_006.webm,night,winter,-0.5,0.866025,0.0,-1.0,winter_night
1681456_clip006_s001,resources/site_257_bowra-dry-a/downloaded_clips/site_257_item_1681456/site_257_item_1681456_clip_006.webm,night,winter,-0.5,0.866025,0.0,-1.0,winter_night
1681456_clip008_s000,resources/site_257_bowra-dry-a/downloaded_clips/site_257_item_1681456/site_257_item_1681456_clip_008.webm,night,winter,-0.5,0.866025,0.0,-1.0,winter_night
1681456_clip011_s000,resources/site_257_bowra-dry-a/downloaded_clips/site_257_item_1681456/site_257_item_1681456_clip_011.webm,night,winter,-0.5,0.866025,0.0,-1.0,winter_night
1681456_clip011_s001,resources/site_257_bowra-dry-a/downloaded_clips/site_257_item_1681456/site_257_item_1681456_clip_011.webm,night,winter,-0.5,0.866025,0.0,-1.0,winter_night
1681456_clip015_s000,resources/site_257_bowra-dry-a/downloaded_clips/site_257_item_1681456/site_257_item_1681456_clip_015.webm,night,winter,-0.5,0.866025,0.0,-1.0,winter_night
1681456_clip015_s001,resources/site_257_bowra-dry-a/downloaded_clips/site_257_item_1681456/site_257_item_1681456_clip_015.webm,night,winter,-0.5,0.866025,0.0,-1.0,winter_night
1681456_clip015_s002,resources/site_257_bowra-dry-a/downloaded_clips/site_257_item_1681456/site_257_item_1681456_clip_015.webm,night,winter,-0.5,0.866025,0.0,-1.0,winter_night
1681456_clip016_s000,resources/site_257_bowra-dry-a/downloaded_clips/site_257_item_1681456/site_257_item_1681456_clip_016.webm,night,winter,-0.5,0.866025,0.0,-1.0,winter_night
1681456_clip016_s001,resources/site_257_bowra-dry-a/downloaded_clips/site_257_item_1681456/site_257_item_1681456_clip_016.webm,night,winter,-0.5,0.866025,0.0,-1.0,winter_night
1681456_clip017_s000,resources/site_257_bowra-dry-a/downloaded_clips/site_257_item_1681456/site_257_item_1681456_clip_017.webm,night,winter,-0.5,0.866025,0.0,-1.0,winter_night
1681456_clip019_s000,resources/site_257_bowra-dry-a/downloaded_clips/site_257_item_1681456/site_257_item_1681456_clip_019.webm,night,winter,-0.5,0.866025,0.0,-1.0,winter_night
1681456_clip020_s000,resources/site_257_bowra-dry-a/downloaded_clips/site_257_item_1681456/site_257_item_1681456_clip_020.webm,night,winter,-0.5,0.866025,0.0,-1.0,winter_night
1681456_clip020_s001,resources/site_257_bowra-dry-a/downloaded_clips/site_257_item_1681456/site_257_item_1681456_clip_020.webm,night,winter,-0.5,0.866025,0.0,-1.0,winter_night
1681456_clip020_s002,resources/site_257_bowra-dry-a/downloaded_clips/site_257_item_1681456/site_257_item_1681456_clip_020.webm,night,winter,-0.5,0.866025,0.0,-1.0,winter_night
1681456_clip020_s003,resources/site_257_bowra-dry-a/downloaded_clips/site_257_item_1681456/site_257_item_1681456_clip_020.webm,night,winter,-0.5,0.866025,0.0,-1.0,winter_night
1681456_clip020_s004,resources/site_257_bowra-dry-a/downloaded_clips/site_257_item_1681456/site_257_item_1681456_clip_020.webm,night,winter,-0.5,0.866025,0.0,-1.0,winter_night
1681456_clip021_s000,resources/site_257_bowra-dry-a/downloaded_clips/site_257_item_1681456/site_257_item_1681456_clip_021.webm,night,winter,-0.5,0.866025,0.0,-1.0,winter_night
1681456_clip021_s001,resources/site_257_bowra-dry-a/downloaded_clips/site_257_item_1681456/site_257_item_1681456_clip_021.webm,night,winter,-0.5,0.866025,0.0,-1.0,winter_night
1681456_clip021_s002,resources/site_257_bowra-dry-a/downloaded_clips/site_257_item_1681456/site_257_item_1681456_clip_021.webm,night,winter,-0.5,0.866025,0.0,-1.0,winter_night
1681456_clip023_s000,resources/site_257_bowra-dry-a/downloaded_clips/site_257_item_1681456/site_257_item_1681456_clip_023.webm,night,winter,-0.5,0.866025,0.0,-1.0,winter_night
1681456_clip023_s001,resources/site_257_bowra-dry-a/downloaded_clips/site_257_item_1681456/site_257_item_1681456_clip_023.webm,night,winter,-0.5,0.866025,0.0,-1.0,winter_night
1681456_clip024_s000,resources/site_257_bowra-dry-a/downloaded_clips/site_257_item_1681456/site_257_item_1681456_clip_024.webm,night,winter,-0.5,0.866025,0.0,-1.0,winter_night
1672101_clip001_s000,resources/site_257_bowra-dry-a/downloaded_clips/site_257_item_1672101/site_257_item_1672101_clip_001.webm,night,winter,-0.5,0.866025,0.0,-1.0,winter_night
1672101_clip003_s000,resources/site_257_bowra-dry-a/downloaded_clips/site_257_item_1672101/site_257_item_1672101_clip_003.webm,night,winter,-0.5,0.866025,0.0,-1.0,winter_night
1672101_clip006_s000,resources/site_257_bowra-dry-a/downloaded_clips/site_257_item_1672101/site_257_item_1672101_clip_006.webm,night,winter,-0.5,0.866025,0.0,-1.0,winter_night
1672101_clip006_s001,resources/site_257_bowra-dry-a/downloaded_clips/site_257_item_1672101/site_257_item_1672101_clip_006.webm,night,winter,-0.5,0.866025,0.0,-1.0,winter_night
1672101_clip007_s000,resources/site_257_bowra-dry-a/downloaded_clips/site_257_item_1672101/site_257_item_1672101_clip_007.webm,night,winter,-0.5,0.866025,0.0,-1.0,winter_night
1672101_clip007_s001,resources/site_257_bowra-dry-a/downloaded_clips/site_257_item_1672101/site_257_item_1672101_clip_007.webm,night,winter,-0.5,0.866025,0.0,-1.0,winter_night
1672101_clip007_s002,resources/site_257_bowra-dry-a/downloaded_clips/site_257_item_1672101/site_257_item_1672101_clip_007.webm,night,winter,-0.5,0.866025,0.0,-1.0,winter_night
1672101_clip008_s000,resources/site_257_bowra-dry-a/downloaded_clips/site_257_item_1672101/site_257_item_1672101_clip_008.webm,night,winter,-0.5,0.866025,0.0,-1.0,winter_night
1672101_clip008_s001,resources/site_257_bowra-dry-a/downloaded_clips/site_257_item_1672101/site_257_item_1672101_clip_008.webm,night,winter,-0.5,0.866025,0.0,-1.0,winter_night
1672101_clip008_s002,resources/site_257_bowra-dry-a/downloaded_clips/site_257_item_1672101/site_257_item_1672101_clip_008.webm,night,winter,-0.5,0.866025,0.0,-1.0,winter_night
1672101_clip009_s000,resources/site_257_bowra-dry-a/downloaded_clips/site_257_item_1672101/site_257_item_1672101_clip_009.webm,night,winter,-0.5,0.866025,0.0,-1.0,winter_night
1672101_clip009_s001,resources/site_257_bowra-dry-a/downloaded_clips/site_257_item_1672101/site_257_item_1672101_clip_009.webm,night,winter,-0.5,0.866025,0.0,-1.0,winter_night
1672101_clip010_s000,resources/site_257_bowra-dry-a/downloaded_clips/site_257_item_1672101/site_257_item_1672101_clip_010.webm,night,winter,-0.5,0.866025,0.0,-1.0,winter_night
1672101_clip010_s001,resources/site_257_bowra-dry-a/downloaded_clips/site_257_item_1672101/site_257_item_1672101_clip_010.webm,night,winter,-0.5,0.866025,0.0,-1.0,winter_night
1672101_clip012_s000,resources/site_257_bowra-dry-a/downloaded_clips/site_257_item_1672101/site_257_item_1672101_clip_012.webm,night,winter,-0.5,0.866025,0.0,-1.0,winter_night
1672101_clip012_s001,resources/site_257_bowra-dry-a/downloaded_clips/site_257_item_1672101/site_257_item_1672101_clip_012.webm,night,winter,-0.5,0.866025,0.0,-1.0,winter_night
1672101_clip012_s002,resources/site_257_bowra-dry-a/downloaded_clips/site_257_item_1672101/site_257_item_1672101_clip_012.webm,night,winter,-0.5,0.866025,0.0,-1.0,winter_night
1672101_clip013_s000,resources/site_257_bowra-dry-a/downloaded_clips/site_257_item_1672101/site_257_item_1672101_clip_013.webm,night,winter,-0.5,0.866025,0.0,-1.0,winter_night
1672101_clip014_s000,resources/site_257_bowra-dry-a/downloaded_clips/site_257_item_1672101/site_257_item_1672101_clip_014.webm,night,winter,-0.5,0.866025,0.0,-1.0,winter_night
1672101_clip014_s001,resources/site_257_bowra-dry-a/downloaded_clips/site_257_item_1672101/site_257_item_1672101_clip_014.webm,night,winter,-0.5,0.866025,0.0,-1.0,winter_night
1672101_clip016_s000,resources/site_257_bowra-dry-a/downloaded_clips/site_257_item_1672101/site_257_item_1672101_clip_016.webm,night,winter,-0.5,0.866025,0.0,-1.0,winter_night
1672101_clip016_s001,resources/site_257_bowra-dry-a/downloaded_clips/site_257_item_1672101/site_257_item_1672101_clip_016.webm,night,winter,-0.5,0.866025,0.0,-1.0,winter_night
1672101_clip016_s002,resources/site_257_bowra-dry-a/downloaded_clips/site_257_item_1672101/site_257_item_1672101_clip_016.webm,night,winter,-0.5,0.866025,0.0,-1.0,winter_night
1672101_clip017_s000,resources/site_257_bowra-dry-a/downloaded_clips/site_257_item_1672101/site_257_item_1672101_clip_017.webm,night,winter,-0.5,0.866025,0.0,-1.0,winter_night
1672101_clip017_s001,resources/site_257_bowra-dry-a/downloaded_clips/site_257_item_1672101/site_257_item_1672101_clip_017.webm,night,winter,-0.5,0.866025,0.0,-1.0,winter_night
1672101_clip017_s002,resources/site_257_bowra-dry-a/downloaded_clips/site_257_item_1672101/site_257_item_1672101_clip_017.webm,night,winter,-0.5,0.866025,0.0,-1.0,winter_night
1672101_clip018_s000,resources/site_257_bowra-dry-a/downloaded_clips/site_257_item_1672101/site_257_item_1672101_clip_018.webm,night,winter,-0.5,0.866025,0.0,-1.0,winter_night
1672101_clip018_s001,resources/site_257_bowra-dry-a/downloaded_clips/site_257_item_1672101/site_257_item_1672101_clip_018.webm,night,winter,-0.5,0.866025,0.0,-1.0,winter_night
1672101_clip019_s000,resources/site_257_bowra-dry-a/downloaded_clips/site_257_item_1672101/site_257_item_1672101_clip_019.webm,night,winter,-0.5,0.866025,0.0,-1.0,winter_night
1672101_clip019_s001,resources/site_257_bowra-dry-a/downloaded_clips/site_257_item_1672101/site_257_item_1672101_clip_019.webm,night,winter,-0.5,0.866025,0.0,-1.0,winter_night
1672101_clip019_s002,resources/site_257_bowra-dry-a/downloaded_clips/site_257_item_1672101/site_257_item_1672101_clip_019.webm,night,winter,-0.5,0.866025,0.0,-1.0,winter_night
1672101_clip020_s000,resources/site_257_bowra-dry-a/downloaded_clips/site_257_item_1672101/site_257_item_1672101_clip_020.webm,night,winter,-0.5,0.866025,0.0,-1.0,winter_night
1672101_clip021_s000,resources/site_257_bowra-dry-a/downloaded_clips/site_257_item_1672101/site_257_item_1672101_clip_021.webm,night,winter,-0.5,0.866025,0.0,-1.0,winter_night
1672101_clip022_s000,resources/site_257_bowra-dry-a/downloaded_clips/site_257_item_1672101/site_257_item_1672101_clip_022.webm,night,winter,-0.5,0.866025,0.0,-1.0,winter_night
1672101_clip022_s001,resources/site_257_bowra-dry-a/downloaded_clips/site_257_item_1672101/site_257_item_1672101_clip_022.webm,night,winter,-0.5,0.866025,0.0,-1.0,winter_night
1672101_clip022_s002,resources/site_257_bowra-dry-a/downloaded_clips/site_257_item_1672101/site_257_item_1672101_clip_022.webm,night,winter,-0.5,0.866025,0.0,-1.0,winter_night
1672101_clip023_s000,resources/site_257_bowra-dry-a/downloaded_clips/site_257_item_1672101/site_257_item_1672101_clip_023.webm,night,winter,-0.5,0.866025,0.0,-1.0,winter_night
1672101_clip023_s001,resources/site_257_bowra-dry-a/downloaded_clips/site_257_item_1672101/site_257_item_1672101_clip_023.webm,night,winter,-0.5,0.866025,0.0,-1.0,winter_night
1672101_clip023_s002,resources/site_257_bowra-dry-a/downloaded_clips/site_257_item_1672101/site_257_item_1672101_clip_023.webm,night,winter,-0.5,0.866025,0.0,-1.0,winter_night
1672101_clip023_s003,resources/site_257_bowra-dry-a/downloaded_clips/site_257_item_1672101/site_257_item_1672101_clip_023.webm,night,winter,-0.5,0.866025,0.0,-1.0,winter_night
1672101_clip024_s000,resources/site_257_bowra-dry-a/downloaded_clips/site_257_item_1672101/site_257_item_1672101_clip_024.webm,night,winter,-0.5,0.866025,0.0,-1.0,winter_night
1672101_clip024_s001,resources/site_257_bowra-dry-a/downloaded_clips/site_257_item_1672101/site_257_item_1672101_clip_024.webm,night,winter,-0.5,0.866025,0.0,-1.0,winter_night
1672101_clip024_s002,resources/site_257_bowra-dry-a/downloaded_clips/site_257_item_1672101/site_257_item_1672101_clip_024.webm,night,winter,-0.5,0.866025,0.0,-1.0,winter_night
1672867_clip013_s000,resources/site_257_bowra-dry-a/downloaded_clips/site_257_item_1672867/site_257_item_1672867_clip_013.webm,night,winter,-0.5,0.866025,0.0,-1.0,winter_night
1672867_clip013_s001,resources/site_257_bowra-dry-a/downloaded_clips/site_257_item_1672867/site_257_item_1672867_clip_013.webm,night,winter,-0.5,0.866025,0.0,-1.0,winter_night
1672867_clip013_s002,resources/site_257_bowra-dry-a/downloaded_clips/site_257_item_1672867/site_257_item_1672867_clip_013.webm,night,winter,-0.5,0.866025,0.0,-1.0,winter_night
1672867_clip013_s003,resources/site_257_bowra-dry-a/downloaded_clips/site_257_item_1672867/site_257_item_1672867_clip_013.webm,night,winter,-0.5,0.866025,0.0,-1.0,winter_night
1672867_clip014_s000,resources/site_257_bowra-dry-a/downloaded_clips/site_257_item_1672867/site_257_item_1672867_clip_014.webm,night,winter,-0.5,0.866025,0.0,-1.0,winter_night
1672867_clip014_s001,resources/site_257_bowra-dry-a/downloaded_clips/site_257_item_1672867/site_257_item_1672867_clip_014.webm,night,winter,-0.5,0.866025,0.0,-1.0,winter_night
1672867_clip023_s000,resources/site_257_bowra-dry-a/downloaded_clips/site_257_item_1672867/site_257_item_1672867_clip_023.webm,night,winter,-0.5,0.866025,0.0,-1.0,winter_night
1675693_clip003_s000,resources/site_257_bowra-dry-a/downloaded_clips/site_257_item_1675693/site_257_item_1675693_clip_003.webm,night,winter,-0.5,0.866025,0.0,-1.0,winter_night
1675693_clip005_s000,resources/site_257_bowra-dry-a/downloaded_clips/site_257_item_1675693/site_257_item_1675693_clip_005.webm,night,winter,-0.5,0.866025,0.0,-1.0,winter_night
1675693_clip011_s000,resources/site_257_bowra-dry-a/downloaded_clips/site_257_item_1675693/site_257_item_1675693_clip_011.webm,night,winter,-0.5,0.866025,0.0,-1.0,winter_night
1675693_clip013_s000,resources/site_257_bowra-dry-a/downloaded_clips/site_257_item_1675693/site_257_item_1675693_clip_013.webm,night,winter,-0.5,0.866025,0.0,-1.0,winter_night
1675693_clip013_s001,resources/site_257_bowra-dry-a/downloaded_clips/site_257_item_1675693/site_257_item_1675693_clip_013.webm,night,winter,-0.5,0.866025,0.0,-1.0,winter_night
1675693_clip018_s000,resources/site_257_bowra-dry-a/downloaded_clips/site_257_item_1675693/site_257_item_1675693_clip_018.webm,night,winter,-0.5,0.866025,0.0,-1.0,winter_night
1680718_clip001_s000,resources/site_257_bowra-dry-a/downloaded_clips/site_257_item_1680718/site_257_item_1680718_clip_001.webm,night,winter,-0.5,0.866025,0.0,-1.0,winter_night
1680718_clip002_s000,resources/site_257_bowra-dry-a/downloaded_clips/site_257_item_1680718/site_257_item_1680718_clip_002.webm,night,winter,-0.5,0.866025,0.0,-1.0,winter_night
1680718_clip003_s000,resources/site_257_bowra-dry-a/downloaded_clips/site_257_item_1680718/site_257_item_1680718_clip_003.webm,night,winter,-0.5,0.866025,0.0,-1.0,winter_night
1680718_clip007_s000,resources/site_257_bowra-dry-a/downloaded_clips/site_257_item_1680718/site_257_item_1680718_clip_007.webm,night,winter,-0.5,0.866025,0.0,-1.0,winter_night
1680718_clip008_s000,resources/site_257_bowra-dry-a/downloaded_clips/site_257_item_1680718/site_257_item_1680718_clip_008.webm,night,winter,-0.5,0.866025,0.0,-1.0,winter_night
1680718_clip009_s000,resources/site_257_bowra-dry-a/downloaded_clips/site_257_item_1680718/site_257_item_1680718_clip_009.webm,night,winter,-0.5,0.866025,0.0,-1.0,winter_night
1680718_clip009_s001,resources/site_257_bowra-dry-a/downloaded_clips/site_257_item_1680718/site_257_item_1680718_clip_009.webm,night,winter,-0.5,0.866025,0.0,-1.0,winter_night
1680718_clip009_s002,resources/site_257_bowra-dry-a/downloaded_clips/site_257_item_1680718/site_257_item_1680718_clip_009.webm,night,winter,-0.5,0.866025,0.0,-1.0,winter_night
1680718_clip009_s003,resources/site_257_bowra-dry-a/downloaded_clips/site_257_item_1680718/site_257_item_1680718_clip_009.webm,night,winter,-0.5,0.866025,0.0,-1.0,winter_night
1680718_clip010_s000,resources/site_257_bowra-dry-a/downloaded_clips/site_257_item_1680718/site_257_item_1680718_clip_010.webm,night,winter,-0.5,0.866025,0.0,-1.0,winter_night
1680718_clip011_s000,resources/site_257_bowra-dry-a/downloaded_clips/site_257_item_1680718/site_257_item_1680718_clip_011.webm,night,winter,-0.5,0.866025,0.0,-1.0,winter_night
1680718_clip012_s000,resources/site_257_bowra-dry-a/downloaded_clips/site_257_item_1680718/site_257_item_1680718_clip_012.webm,night,winter,-0.5,0.866025,0.0,-1.0,winter_night
1680718_clip012_s001,resources/site_257_bowra-dry-a/downloaded_clips/site_257_item_1680718/site_257_item_1680718_clip_012.webm,night,winter,-0.5,0.866025,0.0,-1.0,winter_night
1680718_clip012_s002,resources/site_257_bowra-dry-a/downloaded_clips/site_257_item_1680718/site_257_item_1680718_clip_012.webm,night,winter,-0.5,0.866025,0.0,-1.0,winter_night
1680718_clip013_s000,resources/site_257_bowra-dry-a/downloaded_clips/site_257_item_1680718/site_257_item_1680718_clip_013.webm,night,winter,-0.5,0.866025,0.0,-1.0,winter_night
1680718_clip013_s001,resources/site_257_bowra-dry-a/downloaded_clips/site_257_item_1680718/site_257_item_1680718_clip_013.webm,night,winter,-0.5,0.866025,0.0,-1.0,winter_night
1680718_clip013_s002,resources/site_257_bowra-dry-a/downloaded_clips/site_257_item_1680718/site_257_item_1680718_clip_013.webm,night,winter,-0.5,0.866025,0.0,-1.0,winter_night
1680718_clip014_s000,resources/site_257_bowra-dry-a/downloaded_clips/site_257_item_1680718/site_257_item_1680718_clip_014.webm,night,winter,-0.5,0.866025,0.0,-1.0,winter_night
1680718_clip015_s000,resources/site_257_bowra-dry-a/downloaded_clips/site_257_item_1680718/site_257_item_1680718_clip_015.webm,night,winter,-0.5,0.866025,0.0,-1.0,winter_night
1680718_clip015_s001,resources/site_257_bowra-dry-a/downloaded_clips/site_257_item_1680718/site_257_item_1680718_clip_015.webm,night,winter,-0.5,0.866025,0.0,-1.0,winter_night
1680718_clip015_s002,resources/site_257_bowra-dry-a/downloaded_clips/site_257_item_1680718/site_257_item_1680718_clip_015.webm,night,winter,-0.5,0.866025,0.0,-1.0,winter_night
1680718_clip016_s000,resources/site_257_bowra-dry-a/downloaded_clips/site_257_item_1680718/site_257_item_1680718_clip_016.webm,night,winter,-0.5,0.866025,0.0,-1.0,winter_night
1680718_clip017_s000,resources/site_257_bowra-dry-a/downloaded_clips/site_257_item_1680718/site_257_item_1680718_clip_017.webm,night,winter,-0.5,0.866025,0.0,-1.0,winter_night
1680718_clip018_s000,resources/site_257_bowra-dry-a/downloaded_clips/site_257_item_1680718/site_257_item_1680718_clip_018.webm,night,winter,-0.5,0.866025,0.0,-1.0,winter_night
1680718_clip018_s001,resources/site_257_bowra-dry-a/downloaded_clips/site_257_item_1680718/site_257_item_1680718_clip_018.webm,night,winter,-0.5,0.866025,0.0,-1.0,winter_night
1680718_clip018_s002,resources/site_257_bowra-dry-a/downloaded_clips/site_257_item_1680718/site_257_item_1680718_clip_018.webm,night,winter,-0.5,0.866025,0.0,-1.0,winter_night
1680718_clip019_s000,resources/site_257_bowra-dry-a/downloaded_clips/site_257_item_1680718/site_257_item_1680718_clip_019.webm,night,winter,-0.5,0.866025,0.0,-1.0,winter_night
1680718_clip019_s001,resources/site_257_bowra-dry-a/downloaded_clips/site_257_item_1680718/site_257_item_1680718_clip_019.webm,night,winter,-0.5,0.866025,0.0,-1.0,winter_night
1680718_clip019_s002,resources/site_257_bowra-dry-a/downloaded_clips/site_257_item_1680718/site_257_item_1680718_clip_019.webm,night,winter,-0.5,0.866025,0.0,-1.0,winter_night
1680718_clip019_s003,resources/site_257_bowra-dry-a/downloaded_clips/site_257_item_1680718/site_257_item_1680718_clip_019.webm,night,winter,-0.5,0.866025,0.0,-1.0,winter_night
1680718_clip020_s000,resources/site_257_bowra-dry-a/downloaded_clips/site_257_item_1680718/site_257_item_1680718_clip_020.webm,night,winter,-0.5,0.866025,0.0,-1.0,winter_night
1680718_clip020_s001,resources/site_257_bowra-dry-a/downloaded_clips/site_257_item_1680718/site_257_item_1680718_clip_020.webm,night,winter,-0.5,0.866025,0.0,-1.0,winter_night
1680718_clip020_s002,resources/site_257_bowra-dry-a/downloaded_clips/site_257_item_1680718/site_257_item_1680718_clip_020.webm,night,winter,-0.5,0.866025,0.0,-1.0,winter_night
1680718_clip023_s000,resources/site_257_bowra-dry-a/downloaded_clips/site_257_item_1680718/site_257_item_1680718_clip_023.webm,night,winter,-0.5,0.866025,0.0,-1.0,winter_night
1680718_clip023_s001,resources/site_257_bowra-dry-a/downloaded_clips/site_257_item_1680718/site_257_item_1680718_clip_023.webm,night,winter,-0.5,0.866025,0.0,-1.0,winter_night
1680718_clip023_s002,resources/site_257_bowra-dry-a/downloaded_clips/site_257_item_1680718/site_257_item_1680718_clip_023.webm,night,winter,-0.5,0.866025,0.0,-1.0,winter_night
1680718_clip023_s003,resources/site_257_bowra-dry-a/downloaded_clips/site_257_item_1680718/site_257_item_1680718_clip_023.webm,night,winter,-0.5,0.866025,0.0,-1.0,winter_night
1680718_clip024_s000,resources/site_257_bowra-dry-a/downloaded_clips/site_257_item_1680718/site_257_item_1680718_clip_024.webm,night,winter,-0.5,0.866025,0.0,-1.0,winter_night
1680718_clip024_s001,resources/site_257_bowra-dry-a/downloaded_clips/site_257_item_1680718/site_257_item_1680718_clip_024.webm,night,winter,-0.5,0.866025,0.0,-1.0,winter_night
1680718_clip024_s002,resources/site_257_bowra-dry-a/downloaded_clips/site_257_item_1680718/site_257_item_1680718_clip_024.webm,night,winter,-0.5,0.866025,0.0,-1.0,winter_night
1680718_clip024_s003,resources/site_257_bowra-dry-a/downloaded_clips/site_257_item_1680718/site_257_item_1680718_clip_024.webm,night,winter,-0.5,0.866025,0.0,-1.0,winter_night
1681110_clip003_s000,resources/site_257_bowra-dry-a/downloaded_clips/site_257_item_1681110/site_257_item_1681110_clip_003.webm,night,winter,-0.5,0.866025,0.0,-1.0,winter_night
1681110_clip005_s000,resources/site_257_bowra-dry-a/downloaded_clips/site_257_item_1681110/site_257_item_1681110_clip_005.webm,night,winter,-0.5,0.866025,0.0,-1.0,winter_night
1681110_clip005_s001,resources/site_257_bowra-dry-a/downloaded_clips/site_257_item_1681110/site_257_item_1681110_clip_005.webm,night,winter,-0.5,0.866025,0.0,-1.0,winter_night
1681110_clip006_s000,resources/site_257_bowra-dry-a/downloaded_clips/site_257_item_1681110/site_257_item_1681110_clip_006.webm,night,winter,-0.5,0.866025,0.0,-1.0,winter_night
1681110_clip007_s000,resources/site_257_bowra-dry-a/downloaded_clips/site_257_item_1681110/site_257_item_1681110_clip_007.webm,night,winter,-0.5,0.866025,0.0,-1.0,winter_night
1681110_clip008_s000,resources/site_257_bowra-dry-a/downloaded_clips/site_257_item_1681110/site_257_item_1681110_clip_008.webm,night,winter,-0.5,0.866025,0.0,-1.0,winter_night
1681110_clip010_s000,resources/site_257_bowra-dry-a/downloaded_clips/site_257_item_1681110/site_257_item_1681110_clip_010.webm,night,winter,-0.5,0.866025,0.0,-1.0,winter_night
1681110_clip010_s001,resources/site_257_bowra-dry-a/downloaded_clips/site_257_item_1681110/site_257_item_1681110_clip_010.webm,night,winter,-0.5,0.866025,0.0,-1.0,winter_night
1681110_clip012_s000,resources/site_257_bowra-dry-a/downloaded_clips/site_257_item_1681110/site_257_item_1681110_clip_012.webm,night,winter,-0.5,0.866025,0.0,-1.0,winter_night
1681110_clip012_s001,resources/site_257_bowra-dry-a/downloaded_clips/site_257_item_1681110/site_257_item_1681110_clip_012.webm,night,winter,-0.5,0.866025,0.0,-1.0,winter_night
1681110_clip012_s002,resources/site_257_bowra-dry-a/downloaded_clips/site_257_item_1681110/site_257_item_1681110_clip_012.webm,night,winter,-0.5,0.866025,0.0,-1.0,winter_night
1681110_clip012_s003,resources/site_257_bowra-dry-a/downloaded_clips/site_257_item_1681110/site_257_item_1681110_clip_012.webm,night,winter,-0.5,0.866025,0.0,-1.0,winter_night
1681110_clip014_s000,resources/site_257_bowra-dry-a/downloaded_clips/site_257_item_1681110/site_257_item_1681110_clip_014.webm,night,winter,-0.5,0.866025,0.0,-1.0,winter_night
1681110_clip014_s001,resources/site_257_bowra-dry-a/downloaded_clips/site_257_item_1681110/site_257_item_1681110_clip_014.webm,night,winter,-0.5,0.866025,0.0,-1.0,winter_night
1681110_clip015_s000,resources/site_257_bowra-dry-a/downloaded_clips/site_257_item_1681110/site_257_item_1681110_clip_015.webm,night,winter,-0.5,0.866025,0.0,-1.0,winter_night
1681110_clip015_s001,resources/site_257_bowra-dry-a/downloaded_clips/site_257_item_1681110/site_257_item_1681110_clip_015.webm,night,winter,-0.5,0.866025,0.0,-1.0,winter_night
1681110_clip016_s000,resources/site_257_bowra-dry-a/downloaded_clips/site_257_item_1681110/site_257_item_1681110_clip_016.webm,night,winter,-0.5,0.866025,0.0,-1.0,winter_night
1681110_clip016_s001,resources/site_257_bowra-dry-a/downloaded_clips/site_257_item_1681110/site_257_item_1681110_clip_016.webm,night,winter,-0.5,0.866025,0.0,-1.0,winter_night
1681110_clip016_s002,resources/site_257_bowra-dry-a/downloaded_clips/site_257_item_1681110/site_257_item_1681110_clip_016.webm,night,winter,-0.5,0.866025,0.0,-1.0,winter_night
1681110_clip016_s003,resources/site_257_bowra-dry-a/downloaded_clips/site_257_item_1681110/site_257_item_1681110_clip_016.webm,night,winter,-0.5,0.866025,0.0,-1.0,winter_night
1681110_clip016_s004,resources/site_257_bowra-dry-a/downloaded_clips/site_257_item_1681110/site_257_item_1681110_clip_016.webm,night,winter,-0.5,0.866025,0.0,-1.0,winter_night
1681110_clip022_s000,resources/site_257_bowra-dry-a/downloaded_clips/site_257_item_1681110/site_257_item_1681110_clip_022.webm,night,winter,-0.5,0.866025,0.0,-1.0,winter_night
1681110_clip023_s000,resources/site_257_bowra-dry-a/downloaded_clips/site_257_item_1681110/site_257_item_1681110_clip_023.webm,night,winter,-0.5,0.866025,0.0,-1.0,winter_night
1681110_clip023_s001,resources/site_257_bowra-dry-a/downloaded_clips/site_257_item_1681110/site_257_item_1681110_clip_023.webm,night,winter,-0.5,0.866025,0.0,-1.0,winter_night
1681110_clip023_s002,resources/site_257_bowra-dry-a/downloaded_clips/site_257_item_1681110/site_257_item_1681110_clip_023.webm,night,winter,-0.5,0.866025,0.0,-1.0,winter_night
1314118_clip012_s000,resources/site_257_bowra-dry-a/downloaded_clips/site_257_item_1314118/site_257_item_1314118_clip_012.webm,morning,winter,0.866025,-0.5,-0.5,-0.866025,winter_morning
1534162_clip012_s000,resources/site_257_bowra-dry-a/downloaded_clips/site_257_item_1534162/site_257_item_1534162_clip_012.webm,morning,winter,0.866025,-0.5,-0.866025,-0.5,winter_morning
1535172_clip009_s000,resources/site_257_bowra-dry-a/downloaded_clips/site_257_item_1535172/site_257_item_1535172_clip_009.webm,morning,winter,0.866025,-0.5,0.0,-1.0,winter_morning
1539107_clip004_s000,resources/site_257_bowra-dry-a/downloaded_clips/site_257_item_1539107/site_257_item_1539107_clip_004.webm,morning,winter,0.707107,-0.707107,0.0,-1.0,winter_morning
1539107_clip009_s000,resources/site_257_bowra-dry-a/downloaded_clips/site_257_item_1539107/site_257_item_1539107_clip_009.webm,morning,winter,0.707107,-0.707107,0.0,-1.0,winter_morning
1672466_clip001_s000,resources/site_257_bowra-dry-a/downloaded_clips/site_257_item_1672466/site_257_item_1672466_clip_001.webm,morning,winter,0.707107,-0.707107,0.0,-1.0,winter_morning
1672466_clip001_s001,resources/site_257_bowra-dry-a/downloaded_clips/site_257_item_1672466/site_257_item_1672466_clip_001.webm,morning,winter,0.707107,-0.707107,0.0,-1.0,winter_morning
1672466_clip005_s000,resources/site_257_bowra-dry-a/downloaded_clips/site_257_item_1672466/site_257_item_1672466_clip_005.webm,morning,winter,0.707107,-0.707107,0.0,-1.0,winter_morning
5299_clip018_s000,resources/site_257_bowra-dry-a/downloaded_clips/site_257_item_5299/site_257_item_5299_clip_018.webm,morning,winter,0.866025,-0.5,-0.866025,-0.5,winter_morning
5489_clip003_s000,resources/site_257_bowra-dry-a/downloaded_clips/site_257_item_5489/site_257_item_5489_clip_003.webm,morning,winter,0.866025,-0.5,-0.866025,-0.5,winter_morning
5489_clip005_s000,resources/site_257_bowra-dry-a/downloaded_clips/site_257_item_5489/site_257_item_5489_clip_005.webm,morning,winter,0.866025,-0.5,-0.866025,-0.5,winter_morning
5489_clip006_s000,resources/site_257_bowra-dry-a/downloaded_clips/site_257_item_5489/site_257_item_5489_clip_006.webm,morning,winter,0.866025,-0.5,-0.866025,-0.5,winter_morning
5489_clip007_s000,resources/site_257_bowra-dry-a/downloaded_clips/site_257_item_5489/site_257_item_5489_clip_007.webm,morning,winter,0.866025,-0.5,-0.866025,-0.5,winter_morning
5489_clip010_s000,resources/site_257_bowra-dry-a/downloaded_clips/site_257_item_5489/site_257_item_5489_clip_010.webm,morning,winter,0.866025,-0.5,-0.866025,-0.5,winter_morning
5489_clip018_s000,resources/site_257_bowra-dry-a/downloaded_clips/site_257_item_5489/site_257_item_5489_clip_018.webm,morning,winter,0.866025,-0.5,-0.866025,-0.5,winter_morning
5489_clip021_s000,resources/site_257_bowra-dry-a/downloaded_clips/site_257_item_5489/site_257_item_5489_clip_021.webm,morning,winter,0.866025,-0.5,-0.866025,-0.5,winter_morning
5489_clip023_s000,resources/site_257_bowra-dry-a/downloaded_clips/site_257_item_5489/site_257_item_5489_clip_023.webm,morning,winter,0.866025,-0.5,-0.866025,-0.5,winter_morning
4904_clip010_s000,resources/site_257_bowra-dry-a/downloaded_clips/site_257_item_4904/site_257_item_4904_clip_010.webm,morning,winter,0.866025,-0.5,-0.866025,-0.5,winter_morning
5019_clip022_s000,resources/site_257_bowra-dry-a/downloaded_clips/site_257_item_5019/site_257_item_5019_clip_022.webm,morning,winter,0.866025,-0.5,-0.866025,-0.5,winter_morning
5295_clip006_s000,resources/site_257_bowra-dry-a/downloaded_clips/site_257_item_5295/site_257_item_5295_clip_006.webm,morning,winter,0.5,-0.866025,-0.866025,-0.5,winter_morning
5295_clip006_s001,resources/site_257_bowra-dry-a/downloaded_clips/site_257_item_5295/site_257_item_5295_clip_006.webm,morning,winter,0.5,-0.866025,-0.866025,-0.5,winter_morning
5295_clip008_s000,resources/site_257_bowra-dry-a/downloaded_clips/site_257_item_5295/site_257_item_5295_clip_008.webm,morning,winter,0.5,-0.866025,-0.866025,-0.5,winter_morning
5295_clip008_s001,resources/site_257_bowra-dry-a/downloaded_clips/site_257_item_5295/site_257_item_5295_clip_008.webm,morning,winter,0.5,-0.866025,-0.866025,-0.5,winter_morning
5295_clip010_s000,resources/site_257_bowra-dry-a/downloaded_clips/site_257_item_5295/site_257_item_5295_clip_010.webm,morning,winter,0.5,-0.866025,-0.866025,-0.5,winter_morning
5295_clip014_s000,resources/site_257_bowra-dry-a/downloaded_clips/site_257_item_5295/site_257_item_5295_clip_014.webm,morning,winter,0.5,-0.866025,-0.866025,-0.5,winter_morning
5295_clip014_s001,resources/site_257_bowra-dry-a/downloaded_clips/site_257_item_5295/site_257_item_5295_clip_014.webm,morning,winter,0.5,-0.866025,-0.866025,-0.5,winter_morning
5295_clip015_s000,resources/site_257_bowra-dry-a/downloaded_clips/site_257_item_5295/site_257_item_5295_clip_015.webm,morning,winter,0.5,-0.866025,-0.866025,-0.5,winter_morning
5295_clip015_s001,resources/site_257_bowra-dry-a/downloaded_clips/site_257_item_5295/site_257_item_5295_clip_015.webm,morning,winter,0.5,-0.866025,-0.866025,-0.5,winter_morning
5403_clip015_s000,resources/site_257_bowra-dry-a/downloaded_clips/site_257_item_5403/site_257_item_5403_clip_015.webm,morning,winter,0.866025,-0.5,-0.866025,-0.5,winter_morning
5496_clip004_s000,resources/site_257_bowra-dry-a/downloaded_clips/site_257_item_5496/site_257_item_5496_clip_004.webm,morning,winter,0.5,-0.866025,-0.866025,-0.5,winter_morning
5496_clip007_s000,resources/site_257_bowra-dry-a/downloaded_clips/site_257_item_5496/site_257_item_5496_clip_007.webm,morning,winter,0.5,-0.866025,-0.866025,-0.5,winter_morning
5496_clip008_s000,resources/site_257_bowra-dry-a/downloaded_clips/site_257_item_5496/site_257_item_5496_clip_008.webm,morning,winter,0.5,-0.866025,-0.866025,-0.5,winter_morning
5496_clip008_s001,resources/site_257_bowra-dry-a/downloaded_clips/site_257_item_5496/site_257_item_5496_clip_008.webm,morning,winter,0.5,-0.866025,-0.866025,-0.5,winter_morning
5496_clip014_s000,resources/site_257_bowra-dry-a/downloaded_clips/site_257_item_5496/site_257_item_5496_clip_014.webm,morning,winter,0.5,-0.866025,-0.866025,-0.5,winter_morning
5496_clip016_s000,resources/site_257_bowra-dry-a/downloaded_clips/site_257_item_5496/site_257_item_5496_clip_016.webm,morning,winter,0.5,-0.866025,-0.866025,-0.5,winter_morning
5496_clip017_s000,resources/site_257_bowra-dry-a/downloaded_clips/site_257_item_5496/site_257_item_5496_clip_017.webm,morning,winter,0.5,-0.866025,-0.866025,-0.5,winter_morning
5496_clip017_s001,resources/site_257_bowra-dry-a/downloaded_clips/site_257_item_5496/site_257_item_5496_clip_017.webm,morning,winter,0.5,-0.866025,-0.866025,-0.5,winter_morning
5496_clip018_s000,resources/site_257_bowra-dry-a/downloaded_clips/site_257_item_5496/site_257_item_5496_clip_018.webm,morning,winter,0.5,-0.866025,-0.866025,-0.5,winter_morning
5496_clip019_s000,resources/site_257_bowra-dry-a/downloaded_clips/site_257_item_5496/site_257_item_5496_clip_019.webm,morning,winter,0.5,-0.866025,-0.866025,-0.5,winter_morning
5496_clip021_s000,resources/site_257_bowra-dry-a/downloaded_clips/site_257_item_5496/site_257_item_5496_clip_021.webm,morning,winter,0.5,-0.866025,-0.866025,-0.5,winter_morning
445516_clip003_s000,resources/site_257_bowra-dry-a/downloaded_clips/site_257_item_445516/site_257_item_445516_clip_003.webm,morning,winter,0.866025,-0.5,-0.866025,-0.5,winter_morning
445516_clip003_s001,resources/site_257_bowra-dry-a/downloaded_clips/site_257_item_445516/site_257_item_445516_clip_003.webm,morning,winter,0.866025,-0.5,-0.866025,-0.5,winter_morning
445516_clip003_s002,resources/site_257_bowra-dry-a/downloaded_clips/site_257_item_445516/site_257_item_445516_clip_003.webm,morning,winter,0.866025,-0.5,-0.866025,-0.5,winter_morning
445516_clip004_s000,resources/site_257_bowra-dry-a/downloaded_clips/site_257_item_445516/site_257_item_445516_clip_004.webm,morning,winter,0.866025,-0.5,-0.866025,-0.5,winter_morning
445516_clip004_s001,resources/site_257_bowra-dry-a/downloaded_clips/site_257_item_445516/site_257_item_445516_clip_004.webm,morning,winter,0.866025,-0.5,-0.866025,-0.5,winter_morning
445516_clip007_s000,resources/site_257_bowra-dry-a/downloaded_clips/site_257_item_445516/site_257_item_445516_clip_007.webm,morning,winter,0.866025,-0.5,-0.866025,-0.5,winter_morning
445516_clip008_s000,resources/site_257_bowra-dry-a/downloaded_clips/site_257_item_445516/site_257_item_445516_clip_008.webm,morning,winter,0.866025,-0.5,-0.866025,-0.5,winter_morning
445516_clip008_s001,resources/site_257_bowra-dry-a/downloaded_clips/site_257_item_445516/site_257_item_445516_clip_008.webm,morning,winter,0.866025,-0.5,-0.866025,-0.5,winter_morning
445516_clip010_s000,resources/site_257_bowra-dry-a/downloaded_clips/site_257_item_445516/site_257_item_445516_clip_010.webm,morning,winter,0.866025,-0.5,-0.866025,-0.5,winter_morning
445516_clip012_s000,resources/site_257_bowra-dry-a/downloaded_clips/site_257_item_445516/site_257_item_445516_clip_012.webm,morning,winter,0.866025,-0.5,-0.866025,-0.5,winter_morning
445516_clip013_s000,resources/site_257_bowra-dry-a/downloaded_clips/site_257_item_445516/site_257_item_445516_clip_013.webm,morning,winter,0.866025,-0.5,-0.866025,-0.5,winter_morning
445516_clip018_s000,resources/site_257_bowra-dry-a/downloaded_clips/site_257_item_445516/site_257_item_445516_clip_018.webm,morning,winter,0.866025,-0.5,-0.866025,-0.5,winter_morning
445516_clip018_s001,resources/site_257_bowra-dry-a/downloaded_clips/site_257_item_445516/site_257_item_445516_clip_018.webm,morning,winter,0.866025,-0.5,-0.866025,-0.5,winter_morning
445516_clip020_s000,resources/site_257_bowra-dry-a/downloaded_clips/site_257_item_445516/site_257_item_445516_clip_020.webm,morning,winter,0.866025,-0.5,-0.866025,-0.5,winter_morning
445530_clip015_s000,resources/site_257_bowra-dry-a/downloaded_clips/site_257_item_445530/site_257_item_445530_clip_015.webm,morning,winter,0.5,-0.866025,-0.866025,-0.5,winter_morning
445530_clip016_s000,resources/site_257_bowra-dry-a/downloaded_clips/site_257_item_445530/site_257_item_445530_clip_016.webm,morning,winter,0.5,-0.866025,-0.866025,-0.5,winter_morning
1536789_clip007_s000,resources/site_257_bowra-dry-a/downloaded_clips/site_257_item_1536789/site_257_item_1536789_clip_007.webm,morning,winter,0.866025,-0.5,0.0,-1.0,winter_morning
1536789_clip015_s000,resources/site_257_bowra-dry-a/downloaded_clips/site_257_item_1536789/site_257_item_1536789_clip_015.webm,morning,winter,0.866025,-0.5,0.0,-1.0,winter_morning
1536789_clip020_s000,resources/site_257_bowra-dry-a/downloaded_clips/site_257_item_1536789/site_257_item_1536789_clip_020.webm,morning,winter,0.866025,-0.5,0.0,-1.0,winter_morning
1536789_clip023_s000,resources/site_257_bowra-dry-a/downloaded_clips/site_257_item_1536789/site_257_item_1536789_clip_023.webm,morning,winter,0.866025,-0.5,0.0,-1.0,winter_morning
1535156_clip003_s000,resources/site_257_bowra-dry-a/downloaded_clips/site_257_item_1535156/site_257_item_1535156_clip_003.webm,morning,winter,0.707107,-0.707107,-0.5,-0.866025,winter_morning
1539112_clip010_s000,resources/site_257_bowra-dry-a/downloaded_clips/site_257_item_1539112/site_257_item_1539112_clip_010.webm,morning,winter,0.5,-0.866025,0.0,-1.0,winter_morning
1539112_clip013_s000,resources/site_257_bowra-dry-a/downloaded_clips/site_257_item_1539112/site_257_item_1539112_clip_013.webm,morning,winter,0.5,-0.866025,0.0,-1.0,winter_morning
1539112_clip019_s000,resources/site_257_bowra-dry-a/downloaded_clips/site_257_item_1539112/site_257_item_1539112_clip_019.webm,morning,winter,0.5,-0.866025,0.0,-1.0,winter_morning
1539353_clip010_s000,resources/site_257_bowra-dry-a/downloaded_clips/site_257_item_1539353/site_257_item_1539353_clip_010.webm,morning,winter,0.866025,-0.5,0.0,-1.0,winter_morning
1539353_clip014_s000,resources/site_257_bowra-dry-a/downloaded_clips/site_257_item_1539353/site_257_item_1539353_clip_014.webm,morning,winter,0.866025,-0.5,0.0,-1.0,winter_morning
1539353_clip015_s000,resources/site_257_bowra-dry-a/downloaded_clips/site_257_item_1539353/site_257_item_1539353_clip_015.webm,morning,winter,0.866025,-0.5,0.0,-1.0,winter_morning
1539353_clip018_s000,resources/site_257_bowra-dry-a/downloaded_clips/site_257_item_1539353/site_257_item_1539353_clip_018.webm,morning,winter,0.866025,-0.5,0.0,-1.0,winter_morning
1539375_clip011_s000,resources/site_257_bowra-dry-a/downloaded_clips/site_257_item_1539375/site_257_item_1539375_clip_011.webm,morning,winter,0.866025,-0.5,0.0,-1.0,winter_morning
1539567_clip024_s000,resources/site_257_bowra-dry-a/downloaded_clips/site_257_item_1539567/site_257_item_1539567_clip_024.webm,morning,winter,0.866025,-0.5,-0.5,-0.866025,winter_morning
1535567_clip008_s000,resources/site_257_bowra-dry-a/downloaded_clips/site_257_item_1535567/site_257_item_1535567_clip_008.webm,morning,winter,0.866025,-0.5,-0.866025,-0.5,winter_morning
1535567_clip017_s000,resources/site_257_bowra-dry-a/downloaded_clips/site_257_item_1535567/site_257_item_1535567_clip_017.webm,morning,winter,0.866025,-0.5,-0.866025,-0.5,winter_morning
1535988_clip016_s000,resources/site_257_bowra-dry-a/downloaded_clips/site_257_item_1535988/site_257_item_1535988_clip_016.webm,morning,winter,0.5,-0.866025,-0.866025,-0.5,winter_morning
1535988_clip023_s000,resources/site_257_bowra-dry-a/downloaded_clips/site_257_item_1535988/site_257_item_1535988_clip_023.webm,morning,winter,0.5,-0.866025,-0.866025,-0.5,winter_morning
1539240_clip011_s000,resources/site_257_bowra-dry-a/downloaded_clips/site_257_item_1539240/site_257_item_1539240_clip_011.webm,morning,winter,0.866025,-0.5,-0.5,-0.866025,winter_morning
1539240_clip021_s000,resources/site_257_bowra-dry-a/downloaded_clips/site_257_item_1539240/site_257_item_1539240_clip_021.webm,morning,winter,0.866025,-0.5,-0.5,-0.866025,winter_morning
1539259_clip002_s000,resources/site_257_bowra-dry-a/downloaded_clips/site_257_item_1539259/site_257_item_1539259_clip_002.webm,morning,winter,0.866025,-0.5,-0.5,-0.866025,winter_morning
1539259_clip004_s000,resources/site_257_bowra-dry-a/downloaded_clips/site_257_item_1539259/site_257_item_1539259_clip_004.webm,morning,winter,0.866025,-0.5,-0.5,-0.866025,winter_morning
1539259_clip005_s000,resources/site_257_bowra-dry-a/downloaded_clips/site_257_item_1539259/site_257_item_1539259_clip_005.webm,morning,winter,0.866025,-0.5,-0.5,-0.866025,winter_morning
1539259_clip006_s000,resources/site_257_bowra-dry-a/downloaded_clips/site_257_item_1539259/site_257_item_1539259_clip_006.webm,morning,winter,0.866025,-0.5,-0.5,-0.866025,winter_morning
1539259_clip008_s000,resources/site_257_bowra-dry-a/downloaded_clips/site_257_item_1539259/site_257_item_1539259_clip_008.webm,morning,winter,0.866025,-0.5,-0.5,-0.866025,winter_morning
1539259_clip017_s000,resources/site_257_bowra-dry-a/downloaded_clips/site_257_item_1539259/site_257_item_1539259_clip_017.webm,morning,winter,0.866025,-0.5,-0.5,-0.866025,winter_morning
1539259_clip022_s000,resources/site_257_bowra-dry-a/downloaded_clips/site_257_item_1539259/site_257_item_1539259_clip_022.webm,morning,winter,0.866025,-0.5,-0.5,-0.866025,winter_morning
1539627_clip020_s000,resources/site_257_bowra-dry-a/downloaded_clips/site_257_item_1539627/site_257_item_1539627_clip_020.webm,morning,winter,0.866025,-0.5,-0.5,-0.866025,winter_morning
1539671_clip007_s000,resources/site_257_bowra-dry-a/downloaded_clips/site_257_item_1539671/site_257_item_1539671_clip_007.webm,morning,winter,0.707107,-0.707107,-0.866025,-0.5,winter_morning
1539671_clip008_s000,resources/site_257_bowra-dry-a/downloaded_clips/site_257_item_1539671/site_257_item_1539671_clip_008.webm,morning,winter,0.707107,-0.707107,-0.866025,-0.5,winter_morning
1540020_clip009_s000,resources/site_257_bowra-dry-a/downloaded_clips/site_257_item_1540020/site_257_item_1540020_clip_009.webm,morning,winter,0.866025,-0.5,-0.866025,-0.5,winter_morning
1672337_clip001_s000,resources/site_257_bowra-dry-a/downloaded_clips/site_257_item_1672337/site_257_item_1672337_clip_001.webm,morning,winter,0.866025,-0.5,0.0,-1.0,winter_morning
1672337_clip001_s001,resources/site_257_bowra-dry-a/downloaded_clips/site_257_item_1672337/site_257_item_1672337_clip_001.webm,morning,winter,0.866025,-0.5,0.0,-1.0,winter_morning
1672337_clip007_s000,resources/site_257_bowra-dry-a/downloaded_clips/site_257_item_1672337/site_257_item_1672337_clip_007.webm,morning,winter,0.866025,-0.5,0.0,-1.0,winter_morning
1672337_clip011_s000,resources/site_257_bowra-dry-a/downloaded_clips/site_257_item_1672337/site_257_item_1672337_clip_011.webm,morning,winter,0.866025,-0.5,0.0,-1.0,winter_morning
1672337_clip011_s001,resources/site_257_bowra-dry-a/downloaded_clips/site_257_item_1672337/site_257_item_1672337_clip_011.webm,morning,winter,0.866025,-0.5,0.0,-1.0,winter_morning
1672337_clip014_s000,resources/site_257_bowra-dry-a/downloaded_clips/site_257_item_1672337/site_257_item_1672337_clip_014.webm,morning,winter,0.866025,-0.5,0.0,-1.0,winter_morning
1672337_clip016_s000,resources/site_257_bowra-dry-a/downloaded_clips/site_257_item_1672337/site_257_item_1672337_clip_016.webm,morning,winter,0.866025,-0.5,0.0,-1.0,winter_morning
1672337_clip018_s000,resources/site_257_bowra-dry-a/downloaded_clips/site_257_item_1672337/site_257_item_1672337_clip_018.webm,morning,winter,0.866025,-0.5,0.0,-1.0,winter_morning
1672337_clip023_s000,resources/site_257_bowra-dry-a/downloaded_clips/site_257_item_1672337/site_257_item_1672337_clip_023.webm,morning,winter,0.866025,-0.5,0.0,-1.0,winter_morning
1677772_clip010_s000,resources/site_257_bowra-dry-a/downloaded_clips/site_257_item_1677772/site_257_item_1677772_clip_010.webm,morning,winter,0.866025,-0.5,0.0,-1.0,winter_morning
1681511_clip016_s000,resources/site_257_bowra-dry-a/downloaded_clips/site_257_item_1681511/site_257_item_1681511_clip_016.webm,morning,winter,0.866025,-0.5,0.0,-1.0,winter_morning
1672915_clip023_s000,resources/site_257_bowra-dry-a/downloaded_clips/site_257_item_1672915/site_257_item_1672915_clip_023.webm,morning,winter,0.866025,-0.5,0.0,-1.0,winter_morning
1680749_clip002_s000,resources/site_257_bowra-dry-a/downloaded_clips/site_257_item_1680749/site_257_item_1680749_clip_002.webm,morning,winter,0.866025,-0.5,0.0,-1.0,winter_morning
1680749_clip009_s000,resources/site_257_bowra-dry-a/downloaded_clips/site_257_item_1680749/site_257_item_1680749_clip_009.webm,morning,winter,0.866025,-0.5,0.0,-1.0,winter_morning
1680749_clip009_s001,resources/site_257_bowra-dry-a/downloaded_clips/site_257_item_1680749/site_257_item_1680749_clip_009.webm,morning,winter,0.866025,-0.5,0.0,-1.0,winter_morning
1680749_clip016_s000,resources/site_257_bowra-dry-a/downloaded_clips/site_257_item_1680749/site_257_item_1680749_clip_016.webm,morning,winter,0.866025,-0.5,0.0,-1.0,winter_morning
1680749_clip018_s000,resources/site_257_bowra-dry-a/downloaded_clips/site_257_item_1680749/site_257_item_1680749_clip_018.webm,morning,winter,0.866025,-0.5,0.0,-1.0,winter_morning
1680749_clip021_s000,resources/site_257_bowra-dry-a/downloaded_clips/site_257_item_1680749/site_257_item_1680749_clip_021.webm,morning,winter,0.866025,-0.5,0.0,-1.0,winter_morning
1399601_clip001_s000,resources/site_257_bowra-dry-a/downloaded_clips/site_257_item_1399601/site_257_item_1399601_clip_001.webm,dawn,spring,1.0,0.0,-1.0,-0.0,spring_dawn
1401105_clip003_s000,resources/site_257_bowra-dry-a/downloaded_clips/site_257_item_1401105/site_257_item_1401105_clip_003.webm,dawn,spring,0.866025,0.5,-0.5,0.866025,spring_dawn
1401105_clip005_s000,resources/site_257_bowra-dry-a/downloaded_clips/site_257_item_1401105/site_257_item_1401105_clip_005.webm,dawn,spring,0.866025,0.5,-0.5,0.866025,spring_dawn
1401105_clip006_s000,resources/site_257_bowra-dry-a/downloaded_clips/site_257_item_1401105/site_257_item_1401105_clip_006.webm,dawn,spring,0.866025,0.5,-0.5,0.866025,spring_dawn
1401105_clip006_s001,resources/site_257_bowra-dry-a/downloaded_clips/site_257_item_1401105/site_257_item_1401105_clip_006.webm,dawn,spring,0.866025,0.5,-0.5,0.866025,spring_dawn
1401105_clip006_s002,resources/site_257_bowra-dry-a/downloaded_clips/site_257_item_1401105/site_257_item_1401105_clip_006.webm,dawn,spring,0.866025,0.5,-0.5,0.866025,spring_dawn
1401105_clip006_s003,resources/site_257_bowra-dry-a/downloaded_clips/site_257_item_1401105/site_257_item_1401105_clip_006.webm,dawn,spring,0.866025,0.5,-0.5,0.866025,spring_dawn
1401105_clip007_s000,resources/site_257_bowra-dry-a/downloaded_clips/site_257_item_1401105/site_257_item_1401105_clip_007.webm,dawn,spring,0.866025,0.5,-0.5,0.866025,spring_dawn
1401105_clip007_s001,resources/site_257_bowra-dry-a/downloaded_clips/site_257_item_1401105/site_257_item_1401105_clip_007.webm,dawn,spring,0.866025,0.5,-0.5,0.866025,spring_dawn
1401105_clip007_s002,resources/site_257_bowra-dry-a/downloaded_clips/site_257_item_1401105/site_257_item_1401105_clip_007.webm,dawn,spring,0.866025,0.5,-0.5,0.866025,spring_dawn
1401105_clip012_s000,resources/site_257_bowra-dry-a/downloaded_clips/site_257_item_1401105/site_257_item_1401105_clip_012.webm,dawn,spring,0.866025,0.5,-0.5,0.866025,spring_dawn
1401105_clip014_s000,resources/site_257_bowra-dry-a/downloaded_clips/site_257_item_1401105/site_257_item_1401105_clip_014.webm,dawn,spring,0.866025,0.5,-0.5,0.866025,spring_dawn
1401105_clip015_s000,resources/site_257_bowra-dry-a/downloaded_clips/site_257_item_1401105/site_257_item_1401105_clip_015.webm,dawn,spring,0.866025,0.5,-0.5,0.866025,spring_dawn
1401105_clip015_s001,resources/site_257_bowra-dry-a/downloaded_clips/site_257_item_1401105/site_257_item_1401105_clip_015.webm,dawn,spring,0.866025,0.5,-0.5,0.866025,spring_dawn
1401563_clip001_s000,resources/site_257_bowra-dry-a/downloaded_clips/site_257_item_1401563/site_257_item_1401563_clip_001.webm,dawn,spring,1.0,0.0,-0.866025,0.5,spring_dawn
1401563_clip015_s000,resources/site_257_bowra-dry-a/downloaded_clips/site_257_item_1401563/site_257_item_1401563_clip_015.webm,dawn,spring,1.0,0.0,-0.866025,0.5,spring_dawn
1401599_clip013_s000,resources/site_257_bowra-dry-a/downloaded_clips/site_257_item_1401599/site_257_item_1401599_clip_013.webm,dawn,spring,1.0,0.0,-0.5,0.866025,spring_dawn
1535362_clip006_s000,resources/site_257_bowra-dry-a/downloaded_clips/site_257_item_1535362/site_257_item_1535362_clip_006.webm,dawn,spring,1.0,0.0,-1.0,-0.0,spring_dawn
1535362_clip009_s000,resources/site_257_bowra-dry-a/downloaded_clips/site_257_item_1535362/site_257_item_1535362_clip_009.webm,dawn,spring,1.0,0.0,-1.0,-0.0,spring_dawn
1535362_clip011_s000,resources/site_257_bowra-dry-a/downloaded_clips/site_257_item_1535362/site_257_item_1535362_clip_011.webm,dawn,spring,1.0,0.0,-1.0,-0.0,spring_dawn
1535362_clip012_s000,resources/site_257_bowra-dry-a/downloaded_clips/site_257_item_1535362/site_257_item_1535362_clip_012.webm,dawn,spring,1.0,0.0,-1.0,-0.0,spring_dawn
1535362_clip012_s001,resources/site_257_bowra-dry-a/downloaded_clips/site_257_item_1535362/site_257_item_1535362_clip_012.webm,dawn,spring,1.0,0.0,-1.0,-0.0,spring_dawn
1535362_clip012_s002,resources/site_257_bowra-dry-a/downloaded_clips/site_257_item_1535362/site_257_item_1535362_clip_012.webm,dawn,spring,1.0,0.0,-1.0,-0.0,spring_dawn
1535362_clip014_s000,resources/site_257_bowra-dry-a/downloaded_clips/site_257_item_1535362/site_257_item_1535362_clip_014.webm,dawn,spring,1.0,0.0,-1.0,-0.0,spring_dawn
1535362_clip016_s000,resources/site_257_bowra-dry-a/downloaded_clips/site_257_item_1535362/site_257_item_1535362_clip_016.webm,dawn,spring,1.0,0.0,-1.0,-0.0,spring_dawn
1535362_clip020_s000,resources/site_257_bowra-dry-a/downloaded_clips/site_257_item_1535362/site_257_item_1535362_clip_020.webm,dawn,spring,1.0,0.0,-1.0,-0.0,spring_dawn
1535362_clip020_s001,resources/site_257_bowra-dry-a/downloaded_clips/site_257_item_1535362/site_257_item_1535362_clip_020.webm,dawn,spring,1.0,0.0,-1.0,-0.0,spring_dawn
1535362_clip021_s000,resources/site_257_bowra-dry-a/downloaded_clips/site_257_item_1535362/site_257_item_1535362_clip_021.webm,dawn,spring,1.0,0.0,-1.0,-0.0,spring_dawn
1668454_clip005_s000,resources/site_257_bowra-dry-a/downloaded_clips/site_257_item_1668454/site_257_item_1668454_clip_005.webm,dawn,spring,1.0,0.0,-0.5,0.866025,spring_dawn
1668454_clip013_s000,resources/site_257_bowra-dry-a/downloaded_clips/site_257_item_1668454/site_257_item_1668454_clip_013.webm,dawn,spring,1.0,0.0,-0.5,0.866025,spring_dawn
1668454_clip019_s000,resources/site_257_bowra-dry-a/downloaded_clips/site_257_item_1668454/site_257_item_1668454_clip_019.webm,dawn,spring,1.0,0.0,-0.5,0.866025,spring_dawn
1668454_clip021_s000,resources/site_257_bowra-dry-a/downloaded_clips/site_257_item_1668454/site_257_item_1668454_clip_021.webm,dawn,spring,1.0,0.0,-0.5,0.866025,spring_dawn
1668454_clip022_s000,resources/site_257_bowra-dry-a/downloaded_clips/site_257_item_1668454/site_257_item_1668454_clip_022.webm,dawn,spring,1.0,0.0,-0.5,0.866025,spring_dawn
1678484_clip004_s000,resources/site_257_bowra-dry-a/downloaded_clips/site_257_item_1678484/site_257_item_1678484_clip_004.webm,dawn,spring,1.0,0.0,-0.866025,0.5,spring_dawn
1678484_clip008_s000,resources/site_257_bowra-dry-a/downloaded_clips/site_257_item_1678484/site_257_item_1678484_clip_008.webm,dawn,spring,1.0,0.0,-0.866025,0.5,spring_dawn
1678484_clip016_s000,resources/site_257_bowra-dry-a/downloaded_clips/site_257_item_1678484/site_257_item_1678484_clip_016.webm,dawn,spring,1.0,0.0,-0.866025,0.5,spring_dawn
1678484_clip017_s000,resources/site_257_bowra-dry-a/downloaded_clips/site_257_item_1678484/site_257_item_1678484_clip_017.webm,dawn,spring,1.0,0.0,-0.866025,0.5,spring_dawn
1678484_clip020_s000,resources/site_257_bowra-dry-a/downloaded_clips/site_257_item_1678484/site_257_item_1678484_clip_020.webm,dawn,spring,1.0,0.0,-0.866025,0.5,spring_dawn
1682477_clip017_s000,resources/site_257_bowra-dry-a/downloaded_clips/site_257_item_1682477/site_257_item_1682477_clip_017.webm,dawn,spring,1.0,0.0,-0.5,0.866025,spring_dawn
1682477_clip024_s000,resources/site_257_bowra-dry-a/downloaded_clips/site_257_item_1682477/site_257_item_1682477_clip_024.webm,dawn,spring,1.0,0.0,-0.5,0.866025,spring_dawn
214503_clip012_s000,resources/site_257_bowra-dry-a/downloaded_clips/site_257_item_214503/site_257_item_214503_clip_012.webm,dawn,spring,1.0,0.0,-0.866025,0.5,spring_dawn
214503_clip012_s001,resources/site_257_bowra-dry-a/downloaded_clips/site_257_item_214503/site_257_item_214503_clip_012.webm,dawn,spring,1.0,0.0,-0.866025,0.5,spring_dawn
214503_clip013_s000,resources/site_257_bowra-dry-a/downloaded_clips/site_257_item_214503/site_257_item_214503_clip_013.webm,dawn,spring,1.0,0.0,-0.866025,0.5,spring_dawn
214503_clip015_s000,resources/site_257_bowra-dry-a/downloaded_clips/site_257_item_214503/site_257_item_214503_clip_015.webm,dawn,spring,1.0,0.0,-0.866025,0.5,spring_dawn
214503_clip023_s000,resources/site_257_bowra-dry-a/downloaded_clips/site_257_item_214503/site_257_item_214503_clip_023.webm,dawn,spring,1.0,0.0,-0.866025,0.5,spring_dawn
214654_clip001_s000,resources/site_257_bowra-dry-a/downloaded_clips/site_257_item_214654/site_257_item_214654_clip_001.webm,dawn,spring,1.0,0.0,-0.5,0.866025,spring_dawn
445574_clip008_s000,resources/site_257_bowra-dry-a/downloaded_clips/site_257_item_445574/site_257_item_445574_clip_008.webm,dawn,spring,1.0,0.0,-1.0,-0.0,spring_dawn
445574_clip013_s000,resources/site_257_bowra-dry-a/downloaded_clips/site_257_item_445574/site_257_item_445574_clip_013.webm,dawn,spring,1.0,0.0,-1.0,-0.0,spring_dawn
445574_clip013_s001,resources/site_257_bowra-dry-a/downloaded_clips/site_257_item_445574/site_257_item_445574_clip_013.webm,dawn,spring,1.0,0.0,-1.0,-0.0,spring_dawn
445574_clip016_s000,resources/site_257_bowra-dry-a/downloaded_clips/site_257_item_445574/site_257_item_445574_clip_016.webm,dawn,spring,1.0,0.0,-1.0,-0.0,spring_dawn
445574_clip019_s000,resources/site_257_bowra-dry-a/downloaded_clips/site_257_item_445574/site_257_item_445574_clip_019.webm,dawn,spring,1.0,0.0,-1.0,-0.0,spring_dawn
445574_clip019_s001,resources/site_257_bowra-dry-a/downloaded_clips/site_257_item_445574/site_257_item_445574_clip_019.webm,dawn,spring,1.0,0.0,-1.0,-0.0,spring_dawn
445574_clip019_s002,resources/site_257_bowra-dry-a/downloaded_clips/site_257_item_445574/site_257_item_445574_clip_019.webm,dawn,spring,1.0,0.0,-1.0,-0.0,spring_dawn
445574_clip022_s000,resources/site_257_bowra-dry-a/downloaded_clips/site_257_item_445574/site_257_item_445574_clip_022.webm,dawn,spring,1.0,0.0,-1.0,-0.0,spring_dawn
445574_clip023_s000,resources/site_257_bowra-dry-a/downloaded_clips/site_257_item_445574/site_257_item_445574_clip_023.webm,dawn,spring,1.0,0.0,-1.0,-0.0,spring_dawn
445759_clip002_s000,resources/site_257_bowra-dry-a/downloaded_clips/site_257_item_445759/site_257_item_445759_clip_002.webm,dawn,spring,1.0,0.0,-1.0,-0.0,spring_dawn
445759_clip005_s000,resources/site_257_bowra-dry-a/downloaded_clips/site_257_item_445759/site_257_item_445759_clip_005.webm,dawn,spring,1.0,0.0,-1.0,-0.0,spring_dawn
445759_clip005_s001,resources/site_257_bowra-dry-a/downloaded_clips/site_257_item_445759/site_257_item_445759_clip_005.webm,dawn,spring,1.0,0.0,-1.0,-0.0,spring_dawn
445759_clip005_s002,resources/site_257_bowra-dry-a/downloaded_clips/site_257_item_445759/site_257_item_445759_clip_005.webm,dawn,spring,1.0,0.0,-1.0,-0.0,spring_dawn
445759_clip006_s000,resources/site_257_bowra-dry-a/downloaded_clips/site_257_item_445759/site_257_item_445759_clip_006.webm,dawn,spring,1.0,0.0,-1.0,-0.0,spring_dawn
445759_clip007_s000,resources/site_257_bowra-dry-a/downloaded_clips/site_257_item_445759/site_257_item_445759_clip_007.webm,dawn,spring,1.0,0.0,-1.0,-0.0,spring_dawn
445759_clip007_s001,resources/site_257_bowra-dry-a/downloaded_clips/site_257_item_445759/site_257_item_445759_clip_007.webm,dawn,spring,1.0,0.0,-1.0,-0.0,spring_dawn
445759_clip008_s000,resources/site_257_bowra-dry-a/downloaded_clips/site_257_item_445759/site_257_item_445759_clip_008.webm,dawn,spring,1.0,0.0,-1.0,-0.0,spring_dawn
445759_clip009_s000,resources/site_257_bowra-dry-a/downloaded_clips/site_257_item_445759/site_257_item_445759_clip_009.webm,dawn,spring,1.0,0.0,-1.0,-0.0,spring_dawn
445759_clip009_s001,resources/site_257_bowra-dry-a/downloaded_clips/site_257_item_445759/site_257_item_445759_clip_009.webm,dawn,spring,1.0,0.0,-1.0,-0.0,spring_dawn
445759_clip015_s000,resources/site_257_bowra-dry-a/downloaded_clips/site_257_item_445759/site_257_item_445759_clip_015.webm,dawn,spring,1.0,0.0,-1.0,-0.0,spring_dawn
445759_clip016_s000,resources/site_257_bowra-dry-a/downloaded_clips/site_257_item_445759/site_257_item_445759_clip_016.webm,dawn,spring,1.0,0.0,-1.0,-0.0,spring_dawn
445759_clip018_s000,resources/site_257_bowra-dry-a/downloaded_clips/site_257_item_445759/site_257_item_445759_clip_018.webm,dawn,spring,1.0,0.0,-1.0,-0.0,spring_dawn
445759_clip018_s001,resources/site_257_bowra-dry-a/downloaded_clips/site_257_item_445759/site_257_item_445759_clip_018.webm,dawn,spring,1.0,0.0,-1.0,-0.0,spring_dawn
445759_clip024_s000,resources/site_257_bowra-dry-a/downloaded_clips/site_257_item_445759/site_257_item_445759_clip_024.webm,dawn,spring,1.0,0.0,-1.0,-0.0,spring_dawn
4881_clip001_s000,resources/site_257_bowra-dry-a/downloaded_clips/site_257_item_4881/site_257_item_4881_clip_001.webm,dawn,spring,1.0,0.0,-0.866025,0.5,spring_dawn
4881_clip003_s000,resources/site_257_bowra-dry-a/downloaded_clips/site_257_item_4881/site_257_item_4881_clip_003.webm,dawn,spring,1.0,0.0,-0.866025,0.5,spring_dawn
4881_clip004_s000,resources/site_257_bowra-dry-a/downloaded_clips/site_257_item_4881/site_257_item_4881_clip_004.webm,dawn,spring,1.0,0.0,-0.866025,0.5,spring_dawn
4881_clip005_s000,resources/site_257_bowra-dry-a/downloaded_clips/site_257_item_4881/site_257_item_4881_clip_005.webm,dawn,spring,1.0,0.0,-0.866025,0.5,spring_dawn
4881_clip008_s000,resources/site_257_bowra-dry-a/downloaded_clips/site_257_item_4881/site_257_item_4881_clip_008.webm,dawn,spring,1.0,0.0,-0.866025,0.5,spring_dawn
4881_clip008_s001,resources/site_257_bowra-dry-a/downloaded_clips/site_257_item_4881/site_257_item_4881_clip_008.webm,dawn,spring,1.0,0.0,-0.866025,0.5,spring_dawn
4881_clip008_s002,resources/site_257_bowra-dry-a/downloaded_clips/site_257_item_4881/site_257_item_4881_clip_008.webm,dawn,spring,1.0,0.0,-0.866025,0.5,spring_dawn
4881_clip009_s000,resources/site_257_bowra-dry-a/downloaded_clips/site_257_item_4881/site_257_item_4881_clip_009.webm,dawn,spring,1.0,0.0,-0.866025,0.5,spring_dawn
4881_clip014_s000,resources/site_257_bowra-dry-a/downloaded_clips/site_257_item_4881/site_257_item_4881_clip_014.webm,dawn,spring,1.0,0.0,-0.866025,0.5,spring_dawn
4881_clip014_s001,resources/site_257_bowra-dry-a/downloaded_clips/site_257_item_4881/site_257_item_4881_clip_014.webm,dawn,spring,1.0,0.0,-0.866025,0.5,spring_dawn
4881_clip014_s002,resources/site_257_bowra-dry-a/downloaded_clips/site_257_item_4881/site_257_item_4881_clip_014.webm,dawn,spring,1.0,0.0,-0.866025,0.5,spring_dawn
4881_clip016_s000,resources/site_257_bowra-dry-a/downloaded_clips/site_257_item_4881/site_257_item_4881_clip_016.webm,dawn,spring,1.0,0.0,-0.866025,0.5,spring_dawn
4881_clip019_s000,resources/site_257_bowra-dry-a/downloaded_clips/site_257_item_4881/site_257_item_4881_clip_019.webm,dawn,spring,1.0,0.0,-0.866025,0.5,spring_dawn
4881_clip019_s001,resources/site_257_bowra-dry-a/downloaded_clips/site_257_item_4881/site_257_item_4881_clip_019.webm,dawn,spring,1.0,0.0,-0.866025,0.5,spring_dawn
4881_clip019_s002,resources/site_257_bowra-dry-a/downloaded_clips/site_257_item_4881/site_257_item_4881_clip_019.webm,dawn,spring,1.0,0.0,-0.866025,0.5,spring_dawn
4881_clip020_s000,resources/site_257_bowra-dry-a/downloaded_clips/site_257_item_4881/site_257_item_4881_clip_020.webm,dawn,spring,1.0,0.0,-0.866025,0.5,spring_dawn
4881_clip022_s000,resources/site_257_bowra-dry-a/downloaded_clips/site_257_item_4881/site_257_item_4881_clip_022.webm,dawn,spring,1.0,0.0,-0.866025,0.5,spring_dawn
4881_clip023_s000,resources/site_257_bowra-dry-a/downloaded_clips/site_257_item_4881/site_257_item_4881_clip_023.webm,dawn,spring,1.0,0.0,-0.866025,0.5,spring_dawn
4796_clip002_s000,resources/site_257_bowra-dry-a/downloaded_clips/site_257_item_4796/site_257_item_4796_clip_002.webm,dawn,spring,1.0,0.0,-1.0,-0.0,spring_dawn
4796_clip006_s000,resources/site_257_bowra-dry-a/downloaded_clips/site_257_item_4796/site_257_item_4796_clip_006.webm,dawn,spring,1.0,0.0,-1.0,-0.0,spring_dawn
4796_clip023_s000,resources/site_257_bowra-dry-a/downloaded_clips/site_257_item_4796/site_257_item_4796_clip_023.webm,dawn,spring,1.0,0.0,-1.0,-0.0,spring_dawn
5005_clip015_s000,resources/site_257_bowra-dry-a/downloaded_clips/site_257_item_5005/site_257_item_5005_clip_015.webm,dawn,spring,1.0,0.0,-1.0,-0.0,spring_dawn
5036_clip002_s000,resources/site_257_bowra-dry-a/downloaded_clips/site_257_item_5036/site_257_item_5036_clip_002.webm,dawn,spring,1.0,0.0,-0.866025,0.5,spring_dawn
5036_clip002_s001,resources/site_257_bowra-dry-a/downloaded_clips/site_257_item_5036/site_257_item_5036_clip_002.webm,dawn,spring,1.0,0.0,-0.866025,0.5,spring_dawn
5036_clip002_s002,resources/site_257_bowra-dry-a/downloaded_clips/site_257_item_5036/site_257_item_5036_clip_002.webm,dawn,spring,1.0,0.0,-0.866025,0.5,spring_dawn
5036_clip006_s000,resources/site_257_bowra-dry-a/downloaded_clips/site_257_item_5036/site_257_item_5036_clip_006.webm,dawn,spring,1.0,0.0,-0.866025,0.5,spring_dawn
5036_clip006_s001,resources/site_257_bowra-dry-a/downloaded_clips/site_257_item_5036/site_257_item_5036_clip_006.webm,dawn,spring,1.0,0.0,-0.866025,0.5,spring_dawn
5036_clip024_s000,resources/site_257_bowra-dry-a/downloaded_clips/site_257_item_5036/site_257_item_5036_clip_024.webm,dawn,spring,1.0,0.0,-0.866025,0.5,spring_dawn
5330_clip014_s000,resources/site_257_bowra-dry-a/downloaded_clips/site_257_item_5330/site_257_item_5330_clip_014.webm,dawn,spring,1.0,0.0,-1.0,-0.0,spring_dawn
5330_clip014_s001,resources/site_257_bowra-dry-a/downloaded_clips/site_257_item_5330/site_257_item_5330_clip_014.webm,dawn,spring,1.0,0.0,-1.0,-0.0,spring_dawn
5330_clip015_s000,resources/site_257_bowra-dry-a/downloaded_clips/site_257_item_5330/site_257_item_5330_clip_015.webm,dawn,spring,1.0,0.0,-1.0,-0.0,spring_dawn
5330_clip022_s000,resources/site_257_bowra-dry-a/downloaded_clips/site_257_item_5330/site_257_item_5330_clip_022.webm,dawn,spring,1.0,0.0,-1.0,-0.0,spring_dawn
5467_clip006_s000,resources/site_257_bowra-dry-a/downloaded_clips/site_257_item_5467/site_257_item_5467_clip_006.webm,dawn,spring,1.0,0.0,-1.0,-0.0,spring_dawn
5467_clip016_s000,resources/site_257_bowra-dry-a/downloaded_clips/site_257_item_5467/site_257_item_5467_clip_016.webm,dawn,spring,1.0,0.0,-1.0,-0.0,spring_dawn
5467_clip016_s001,resources/site_257_bowra-dry-a/downloaded_clips/site_257_item_5467/site_257_item_5467_clip_016.webm,dawn,spring,1.0,0.0,-1.0,-0.0,spring_dawn
214445_clip014_s000,resources/site_257_bowra-dry-a/downloaded_clips/site_257_item_214445/site_257_item_214445_clip_014.webm,dawn,spring,1.0,0.0,-0.866025,0.5,spring_dawn
214445_clip023_s000,resources/site_257_bowra-dry-a/downloaded_clips/site_257_item_214445/site_257_item_214445_clip_023.webm,dawn,spring,1.0,0.0,-0.866025,0.5,spring_dawn
214445_clip024_s000,resources/site_257_bowra-dry-a/downloaded_clips/site_257_item_214445/site_257_item_214445_clip_024.webm,dawn,spring,1.0,0.0,-0.866025,0.5,spring_dawn
214784_clip001_s000,resources/site_257_bowra-dry-a/downloaded_clips/site_257_item_214784/site_257_item_214784_clip_001.webm,dawn,spring,1.0,0.0,-0.5,0.866025,spring_dawn
214784_clip024_s000,resources/site_257_bowra-dry-a/downloaded_clips/site_257_item_214784/site_257_item_214784_clip_024.webm,dawn,spring,1.0,0.0,-0.5,0.866025,spring_dawn
214888_clip014_s000,resources/site_257_bowra-dry-a/downloaded_clips/site_257_item_214888/site_257_item_214888_clip_014.webm,dawn,spring,1.0,0.0,-0.5,0.866025,spring_dawn
5084_clip001_s000,resources/site_257_bowra-dry-a/downloaded_clips/site_257_item_5084/site_257_item_5084_clip_001.webm,dawn,spring,1.0,0.0,-0.866025,0.5,spring_dawn
5084_clip001_s001,resources/site_257_bowra-dry-a/downloaded_clips/site_257_item_5084/site_257_item_5084_clip_001.webm,dawn,spring,1.0,0.0,-0.866025,0.5,spring_dawn
5084_clip001_s002,resources/site_257_bowra-dry-a/downloaded_clips/site_257_item_5084/site_257_item_5084_clip_001.webm,dawn,spring,1.0,0.0,-0.866025,0.5,spring_dawn
5084_clip007_s000,resources/site_257_bowra-dry-a/downloaded_clips/site_257_item_5084/site_257_item_5084_clip_007.webm,dawn,spring,1.0,0.0,-0.866025,0.5,spring_dawn
5084_clip008_s000,resources/site_257_bowra-dry-a/downloaded_clips/site_257_item_5084/site_257_item_5084_clip_008.webm,dawn,spring,1.0,0.0,-0.866025,0.5,spring_dawn
5084_clip010_s000,resources/site_257_bowra-dry-a/downloaded_clips/site_257_item_5084/site_257_item_5084_clip_010.webm,dawn,spring,1.0,0.0,-0.866025,0.5,spring_dawn
5084_clip021_s000,resources/site_257_bowra-dry-a/downloaded_clips/site_257_item_5084/site_257_item_5084_clip_021.webm,dawn,spring,1.0,0.0,-0.866025,0.5,spring_dawn
5518_clip005_s000,resources/site_257_bowra-dry-a/downloaded_clips/site_257_item_5518/site_257_item_5518_clip_005.webm,dawn,spring,1.0,0.0,-0.866025,0.5,spring_dawn
5518_clip006_s000,resources/site_257_bowra-dry-a/downloaded_clips/site_257_item_5518/site_257_item_5518_clip_006.webm,dawn,spring,1.0,0.0,-0.866025,0.5,spring_dawn
445696_clip024_s000,resources/site_257_bowra-dry-a/downloaded_clips/site_257_item_445696/site_257_item_445696_clip_024.webm,dawn,spring,1.0,0.0,-1.0,-0.0,spring_dawn
445732_clip011_s000,resources/site_257_bowra-dry-a/downloaded_clips/site_257_item_445732/site_257_item_445732_clip_011.webm,dawn,spring,1.0,0.0,-1.0,-0.0,spring_dawn
445732_clip016_s000,resources/site_257_bowra-dry-a/downloaded_clips/site_257_item_445732/site_257_item_445732_clip_016.webm,dawn,spring,1.0,0.0,-1.0,-0.0,spring_dawn
445732_clip017_s000,resources/site_257_bowra-dry-a/downloaded_clips/site_257_item_445732/site_257_item_445732_clip_017.webm,dawn,spring,1.0,0.0,-1.0,-0.0,spring_dawn
445732_clip023_s000,resources/site_257_bowra-dry-a/downloaded_clips/site_257_item_445732/site_257_item_445732_clip_023.webm,dawn,spring,1.0,0.0,-1.0,-0.0,spring_dawn
445732_clip023_s001,resources/site_257_bowra-dry-a/downloaded_clips/site_257_item_445732/site_257_item_445732_clip_023.webm,dawn,spring,1.0,0.0,-1.0,-0.0,spring_dawn
445757_clip012_s000,resources/site_257_bowra-dry-a/downloaded_clips/site_257_item_445757/site_257_item_445757_clip_012.webm,dawn,spring,0.866025,0.5,-1.0,-0.0,spring_dawn
445757_clip014_s000,resources/site_257_bowra-dry-a/downloaded_clips/site_257_item_445757/site_257_item_445757_clip_014.webm,dawn,spring,0.866025,0.5,-1.0,-0.0,spring_dawn
445757_clip017_s000,resources/site_257_bowra-dry-a/downloaded_clips/site_257_item_445757/site_257_item_445757_clip_017.webm,dawn,spring,0.866025,0.5,-1.0,-0.0,spring_dawn
445757_clip017_s001,resources/site_257_bowra-dry-a/downloaded_clips/site_257_item_445757/site_257_item_445757_clip_017.webm,dawn,spring,0.866025,0.5,-1.0,-0.0,spring_dawn
445757_clip017_s002,resources/site_257_bowra-dry-a/downloaded_clips/site_257_item_445757/site_257_item_445757_clip_017.webm,dawn,spring,0.866025,0.5,-1.0,-0.0,spring_dawn
445757_clip018_s000,resources/site_257_bowra-dry-a/downloaded_clips/site_257_item_445757/site_257_item_445757_clip_018.webm,dawn,spring,0.866025,0.5,-1.0,-0.0,spring_dawn
445757_clip020_s000,resources/site_257_bowra-dry-a/downloaded_clips/site_257_item_445757/site_257_item_445757_clip_020.webm,dawn,spring,0.866025,0.5,-1.0,-0.0,spring_dawn
1399542_clip002_s000,resources/site_257_bowra-dry-a/downloaded_clips/site_257_item_1399542/site_257_item_1399542_clip_002.webm,dawn,spring,1.0,0.0,-1.0,-0.0,spring_dawn
1399542_clip002_s001,resources/site_257_bowra-dry-a/downloaded_clips/site_257_item_1399542/site_257_item_1399542_clip_002.webm,dawn,spring,1.0,0.0,-1.0,-0.0,spring_dawn
1399542_clip003_s000,resources/site_257_bowra-dry-a/downloaded_clips/site_257_item_1399542/site_257_item_1399542_clip_003.webm,dawn,spring,1.0,0.0,-1.0,-0.0,spring_dawn
1399542_clip006_s000,resources/site_257_bowra-dry-a/downloaded_clips/site_257_item_1399542/site_257_item_1399542_clip_006.webm,dawn,spring,1.0,0.0,-1.0,-0.0,spring_dawn
1399743_clip014_s000,resources/site_257_bowra-dry-a/downloaded_clips/site_257_item_1399743/site_257_item_1399743_clip_014.webm,dawn,spring,1.0,0.0,-1.0,-0.0,spring_dawn
1399743_clip014_s001,resources/site_257_bowra-dry-a/downloaded_clips/site_257_item_1399743/site_257_item_1399743_clip_014.webm,dawn,spring,1.0,0.0,-1.0,-0.0,spring_dawn
1399743_clip024_s000,resources/site_257_bowra-dry-a/downloaded_clips/site_257_item_1399743/site_257_item_1399743_clip_024.webm,dawn,spring,1.0,0.0,-1.0,-0.0,spring_dawn
1400650_clip019_s000,resources/site_257_bowra-dry-a/downloaded_clips/site_257_item_1400650/site_257_item_1400650_clip_019.webm,dawn,spring,1.0,0.0,-1.0,-0.0,spring_dawn
1400793_clip021_s000,resources/site_257_bowra-dry-a/downloaded_clips/site_257_item_1400793/site_257_item_1400793_clip_021.webm,dawn,spring,1.0,0.0,-0.866025,0.5,spring_dawn
1400793_clip024_s000,resources/site_257_bowra-dry-a/downloaded_clips/site_257_item_1400793/site_257_item_1400793_clip_024.webm,dawn,spring,1.0,0.0,-0.866025,0.5,spring_dawn
1400848_clip004_s000,resources/site_257_bowra-dry-a/downloaded_clips/site_257_item_1400848/site_257_item_1400848_clip_004.webm,dawn,spring,1.0,0.0,-0.866025,0.5,spring_dawn
1400848_clip006_s000,resources/site_257_bowra-dry-a/downloaded_clips/site_257_item_1400848/site_257_item_1400848_clip_006.webm,dawn,spring,1.0,0.0,-0.866025,0.5,spring_dawn
1400848_clip006_s001,resources/site_257_bowra-dry-a/downloaded_clips/site_257_item_1400848/site_257_item_1400848_clip_006.webm,dawn,spring,1.0,0.0,-0.866025,0.5,spring_dawn
1400848_clip011_s000,resources/site_257_bowra-dry-a/downloaded_clips/site_257_item_1400848/site_257_item_1400848_clip_011.webm,dawn,spring,1.0,0.0,-0.866025,0.5,spring_dawn
1400848_clip014_s000,resources/site_257_bowra-dry-a/downloaded_clips/site_257_item_1400848/site_257_item_1400848_clip_014.webm,dawn,spring,1.0,0.0,-0.866025,0.5,spring_dawn
1400848_clip017_s000,resources/site_257_bowra-dry-a/downloaded_clips/site_257_item_1400848/site_257_item_1400848_clip_017.webm,dawn,spring,1.0,0.0,-0.866025,0.5,spring_dawn
1400848_clip017_s001,resources/site_257_bowra-dry-a/downloaded_clips/site_257_item_1400848/site_257_item_1400848_clip_017.webm,dawn,spring,1.0,0.0,-0.866025,0.5,spring_dawn
1400848_clip017_s002,resources/site_257_bowra-dry-a/downloaded_clips/site_257_item_1400848/site_257_item_1400848_clip_017.webm,dawn,spring,1.0,0.0,-0.866025,0.5,spring_dawn
1400848_clip017_s003,resources/site_257_bowra-dry-a/downloaded_clips/site_257_item_1400848/site_257_item_1400848_clip_017.webm,dawn,spring,1.0,0.0,-0.866025,0.5,spring_dawn
1400848_clip022_s000,resources/site_257_bowra-dry-a/downloaded_clips/site_257_item_1400848/site_257_item_1400848_clip_022.webm,dawn,spring,1.0,0.0,-0.866025,0.5,spring_dawn
1400848_clip022_s001,resources/site_257_bowra-dry-a/downloaded_clips/site_257_item_1400848/site_257_item_1400848_clip_022.webm,dawn,spring,1.0,0.0,-0.866025,0.5,spring_dawn
1400848_clip024_s000,resources/site_257_bowra-dry-a/downloaded_clips/site_257_item_1400848/site_257_item_1400848_clip_024.webm,dawn,spring,1.0,0.0,-0.866025,0.5,spring_dawn
1401313_clip010_s000,resources/site_257_bowra-dry-a/downloaded_clips/site_257_item_1401313/site_257_item_1401313_clip_010.webm,dawn,spring,0.866025,0.5,-0.866025,0.5,spring_dawn
1401313_clip020_s000,resources/site_257_bowra-dry-a/downloaded_clips/site_257_item_1401313/site_257_item_1401313_clip_020.webm,dawn,spring,0.866025,0.5,-0.866025,0.5,spring_dawn
1401313_clip021_s000,resources/site_257_bowra-dry-a/downloaded_clips/site_257_item_1401313/site_257_item_1401313_clip_021.webm,dawn,spring,0.866025,0.5,-0.866025,0.5,spring_dawn
1401313_clip021_s001,resources/site_257_bowra-dry-a/downloaded_clips/site_257_item_1401313/site_257_item_1401313_clip_021.webm,dawn,spring,0.866025,0.5,-0.866025,0.5,spring_dawn
1401562_clip004_s000,resources/site_257_bowra-dry-a/downloaded_clips/site_257_item_1401562/site_257_item_1401562_clip_004.webm,dawn,spring,0.866025,0.5,-0.866025,0.5,spring_dawn
1401562_clip006_s000,resources/site_257_bowra-dry-a/downloaded_clips/site_257_item_1401562/site_257_item_1401562_clip_006.webm,dawn,spring,0.866025,0.5,-0.866025,0.5,spring_dawn
1401562_clip007_s000,resources/site_257_bowra-dry-a/downloaded_clips/site_257_item_1401562/site_257_item_1401562_clip_007.webm,dawn,spring,0.866025,0.5,-0.866025,0.5,spring_dawn
1401562_clip008_s000,resources/site_257_bowra-dry-a/downloaded_clips/site_257_item_1401562/site_257_item_1401562_clip_008.webm,dawn,spring,0.866025,0.5,-0.866025,0.5,spring_dawn
1401562_clip008_s001,resources/site_257_bowra-dry-a/downloaded_clips/site_257_item_1401562/site_257_item_1401562_clip_008.webm,dawn,spring,0.866025,0.5,-0.866025,0.5,spring_dawn
1401562_clip010_s000,resources/site_257_bowra-dry-a/downloaded_clips/site_257_item_1401562/site_257_item_1401562_clip_010.webm,dawn,spring,0.866025,0.5,-0.866025,0.5,spring_dawn
1401562_clip010_s001,resources/site_257_bowra-dry-a/downloaded_clips/site_257_item_1401562/site_257_item_1401562_clip_010.webm,dawn,spring,0.866025,0.5,-0.866025,0.5,spring_dawn
1401562_clip010_s002,resources/site_257_bowra-dry-a/downloaded_clips/site_257_item_1401562/site_257_item_1401562_clip_010.webm,dawn,spring,0.866025,0.5,-0.866025,0.5,spring_dawn
1401562_clip016_s000,resources/site_257_bowra-dry-a/downloaded_clips/site_257_item_1401562/site_257_item_1401562_clip_016.webm,dawn,spring,0.866025,0.5,-0.866025,0.5,spring_dawn
1401562_clip018_s000,resources/site_257_bowra-dry-a/downloaded_clips/site_257_item_1401562/site_257_item_1401562_clip_018.webm,dawn,spring,0.866025,0.5,-0.866025,0.5,spring_dawn
1401562_clip019_s000,resources/site_257_bowra-dry-a/downloaded_clips/site_257_item_1401562/site_257_item_1401562_clip_019.webm,dawn,spring,0.866025,0.5,-0.866025,0.5,spring_dawn
1401562_clip019_s001,resources/site_257_bowra-dry-a/downloaded_clips/site_257_item_1401562/site_257_item_1401562_clip_019.webm,dawn,spring,0.866025,0.5,-0.866025,0.5,spring_dawn
1401562_clip020_s000,resources/site_257_bowra-dry-a/downloaded_clips/site_257_item_1401562/site_257_item_1401562_clip_020.webm,dawn,spring,0.866025,0.5,-0.866025,0.5,spring_dawn
1400979_clip016_s000,resources/site_257_bowra-dry-a/downloaded_clips/site_257_item_1400979/site_257_item_1400979_clip_016.webm,dawn,spring,1.0,0.0,-0.5,0.866025,spring_dawn
1400979_clip018_s000,resources/site_257_bowra-dry-a/downloaded_clips/site_257_item_1400979/site_257_item_1400979_clip_018.webm,dawn,spring,1.0,0.0,-0.5,0.866025,spring_dawn
1400979_clip023_s000,resources/site_257_bowra-dry-a/downloaded_clips/site_257_item_1400979/site_257_item_1400979_clip_023.webm,dawn,spring,1.0,0.0,-0.5,0.866025,spring_dawn
1401877_clip002_s000,resources/site_257_bowra-dry-a/downloaded_clips/site_257_item_1401877/site_257_item_1401877_clip_002.webm,dawn,spring,1.0,0.0,-0.5,0.866025,spring_dawn
1401877_clip002_s001,resources/site_257_bowra-dry-a/downloaded_clips/site_257_item_1401877/site_257_item_1401877_clip_002.webm,dawn,spring,1.0,0.0,-0.5,0.866025,spring_dawn
1401877_clip007_s000,resources/site_257_bowra-dry-a/downloaded_clips/site_257_item_1401877/site_257_item_1401877_clip_007.webm,dawn,spring,1.0,0.0,-0.5,0.866025,spring_dawn
1401877_clip008_s000,resources/site_257_bowra-dry-a/downloaded_clips/site_257_item_1401877/site_257_item_1401877_clip_008.webm,dawn,spring,1.0,0.0,-0.5,0.866025,spring_dawn
1401877_clip009_s000,resources/site_257_bowra-dry-a/downloaded_clips/site_257_item_1401877/site_257_item_1401877_clip_009.webm,dawn,spring,1.0,0.0,-0.5,0.866025,spring_dawn
1401877_clip010_s000,resources/site_257_bowra-dry-a/downloaded_clips/site_257_item_1401877/site_257_item_1401877_clip_010.webm,dawn,spring,1.0,0.0,-0.5,0.866025,spring_dawn
1401877_clip013_s000,resources/site_257_bowra-dry-a/downloaded_clips/site_257_item_1401877/site_257_item_1401877_clip_013.webm,dawn,spring,1.0,0.0,-0.5,0.866025,spring_dawn
1401877_clip013_s001,resources/site_257_bowra-dry-a/downloaded_clips/site_257_item_1401877/site_257_item_1401877_clip_013.webm,dawn,spring,1.0,0.0,-0.5,0.866025,spring_dawn
1401877_clip013_s002,resources/site_257_bowra-dry-a/downloaded_clips/site_257_item_1401877/site_257_item_1401877_clip_013.webm,dawn,spring,1.0,0.0,-0.5,0.866025,spring_dawn
1401877_clip013_s003,resources/site_257_bowra-dry-a/downloaded_clips/site_257_item_1401877/site_257_item_1401877_clip_013.webm,dawn,spring,1.0,0.0,-0.5,0.866025,spring_dawn
1401877_clip014_s000,resources/site_257_bowra-dry-a/downloaded_clips/site_257_item_1401877/site_257_item_1401877_clip_014.webm,dawn,spring,1.0,0.0,-0.5,0.866025,spring_dawn
1401877_clip014_s001,resources/site_257_bowra-dry-a/downloaded_clips/site_257_item_1401877/site_257_item_1401877_clip_014.webm,dawn,spring,1.0,0.0,-0.5,0.866025,spring_dawn
1401877_clip016_s000,resources/site_257_bowra-dry-a/downloaded_clips/site_257_item_1401877/site_257_item_1401877_clip_016.webm,dawn,spring,1.0,0.0,-0.5,0.866025,spring_dawn
1401887_clip002_s000,resources/site_257_bowra-dry-a/downloaded_clips/site_257_item_1401887/site_257_item_1401887_clip_002.webm,dawn,spring,1.0,0.0,-0.5,0.866025,spring_dawn
1401887_clip005_s000,resources/site_257_bowra-dry-a/downloaded_clips/site_257_item_1401887/site_257_item_1401887_clip_005.webm,dawn,spring,1.0,0.0,-0.5,0.866025,spring_dawn
1401887_clip005_s001,resources/site_257_bowra-dry-a/downloaded_clips/site_257_item_1401887/site_257_item_1401887_clip_005.webm,dawn,spring,1.0,0.0,-0.5,0.866025,spring_dawn
1401887_clip008_s000,resources/site_257_bowra-dry-a/downloaded_clips/site_257_item_1401887/site_257_item_1401887_clip_008.webm,dawn,spring,1.0,0.0,-0.5,0.866025,spring_dawn
1401887_clip011_s000,resources/site_257_bowra-dry-a/downloaded_clips/site_257_item_1401887/site_257_item_1401887_clip_011.webm,dawn,spring,1.0,0.0,-0.5,0.866025,spring_dawn
1401887_clip013_s000,resources/site_257_bowra-dry-a/downloaded_clips/site_257_item_1401887/site_257_item_1401887_clip_013.webm,dawn,spring,1.0,0.0,-0.5,0.866025,spring_dawn
1401887_clip013_s001,resources/site_257_bowra-dry-a/downloaded_clips/site_257_item_1401887/site_257_item_1401887_clip_013.webm,dawn,spring,1.0,0.0,-0.5,0.866025,spring_dawn
1401947_clip014_s000,resources/site_257_bowra-dry-a/downloaded_clips/site_257_item_1401947/site_257_item_1401947_clip_014.webm,dawn,spring,1.0,0.0,-0.5,0.866025,spring_dawn
1536200_clip010_s000,resources/site_257_bowra-dry-a/downloaded_clips/site_257_item_1536200/site_257_item_1536200_clip_010.webm,dawn,spring,1.0,0.0,-1.0,-0.0,spring_dawn
1536200_clip011_s000,resources/site_257_bowra-dry-a/downloaded_clips/site_257_item_1536200/site_257_item_1536200_clip_011.webm,dawn,spring,1.0,0.0,-1.0,-0.0,spring_dawn
1677316_clip001_s000,resources/site_257_bowra-dry-a/downloaded_clips/site_257_item_1677316/site_257_item_1677316_clip_001.webm,dawn,spring,1.0,0.0,-0.5,0.866025,spring_dawn
1677316_clip006_s000,resources/site_257_bowra-dry-a/downloaded_clips/site_257_item_1677316/site_257_item_1677316_clip_006.webm,dawn,spring,1.0,0.0,-0.5,0.866025,spring_dawn
1677316_clip006_s001,resources/site_257_bowra-dry-a/downloaded_clips/site_257_item_1677316/site_257_item_1677316_clip_006.webm,dawn,spring,1.0,0.0,-0.5,0.866025,spring_dawn
1677316_clip006_s002,resources/site_257_bowra-dry-a/downloaded_clips/site_257_item_1677316/site_257_item_1677316_clip_006.webm,dawn,spring,1.0,0.0,-0.5,0.866025,spring_dawn
1677316_clip006_s003,resources/site_257_bowra-dry-a/downloaded_clips/site_257_item_1677316/site_257_item_1677316_clip_006.webm,dawn,spring,1.0,0.0,-0.5,0.866025,spring_dawn
1677316_clip006_s004,resources/site_257_bowra-dry-a/downloaded_clips/site_257_item_1677316/site_257_item_1677316_clip_006.webm,dawn,spring,1.0,0.0,-0.5,0.866025,spring_dawn
1677316_clip006_s005,resources/site_257_bowra-dry-a/downloaded_clips/site_257_item_1677316/site_257_item_1677316_clip_006.webm,dawn,spring,1.0,0.0,-0.5,0.866025,spring_dawn
1677316_clip007_s000,resources/site_257_bowra-dry-a/downloaded_clips/site_257_item_1677316/site_257_item_1677316_clip_007.webm,dawn,spring,1.0,0.0,-0.5,0.866025,spring_dawn
1677316_clip007_s001,resources/site_257_bowra-dry-a/downloaded_clips/site_257_item_1677316/site_257_item_1677316_clip_007.webm,dawn,spring,1.0,0.0,-0.5,0.866025,spring_dawn
1677316_clip007_s002,resources/site_257_bowra-dry-a/downloaded_clips/site_257_item_1677316/site_257_item_1677316_clip_007.webm,dawn,spring,1.0,0.0,-0.5,0.866025,spring_dawn
1677316_clip007_s003,resources/site_257_bowra-dry-a/downloaded_clips/site_257_item_1677316/site_257_item_1677316_clip_007.webm,dawn,spring,1.0,0.0,-0.5,0.866025,spring_dawn
1677316_clip009_s000,resources/site_257_bowra-dry-a/downloaded_clips/site_257_item_1677316/site_257_item_1677316_clip_009.webm,dawn,spring,1.0,0.0,-0.5,0.866025,spring_dawn
1677316_clip010_s000,resources/site_257_bowra-dry-a/downloaded_clips/site_257_item_1677316/site_257_item_1677316_clip_010.webm,dawn,spring,1.0,0.0,-0.5,0.866025,spring_dawn
1677316_clip011_s000,resources/site_257_bowra-dry-a/downloaded_clips/site_257_item_1677316/site_257_item_1677316_clip_011.webm,dawn,spring,1.0,0.0,-0.5,0.866025,spring_dawn
1677316_clip011_s001,resources/site_257_bowra-dry-a/downloaded_clips/site_257_item_1677316/site_257_item_1677316_clip_011.webm,dawn,spring,1.0,0.0,-0.5,0.866025,spring_dawn
1677316_clip012_s000,resources/site_257_bowra-dry-a/downloaded_clips/site_257_item_1677316/site_257_item_1677316_clip_012.webm,dawn,spring,1.0,0.0,-0.5,0.866025,spring_dawn
1677316_clip013_s000,resources/site_257_bowra-dry-a/downloaded_clips/site_257_item_1677316/site_257_item_1677316_clip_013.webm,dawn,spring,1.0,0.0,-0.5,0.866025,spring_dawn
1677316_clip013_s001,resources/site_257_bowra-dry-a/downloaded_clips/site_257_item_1677316/site_257_item_1677316_clip_013.webm,dawn,spring,1.0,0.0,-0.5,0.866025,spring_dawn
1677316_clip013_s002,resources/site_257_bowra-dry-a/downloaded_clips/site_257_item_1677316/site_257_item_1677316_clip_013.webm,dawn,spring,1.0,0.0,-0.5,0.866025,spring_dawn
1677316_clip013_s003,resources/site_257_bowra-dry-a/downloaded_clips/site_257_item_1677316/site_257_item_1677316_clip_013.webm,dawn,spring,1.0,0.0,-0.5,0.866025,spring_dawn
1677316_clip013_s004,resources/site_257_bowra-dry-a/downloaded_clips/site_257_item_1677316/site_257_item_1677316_clip_013.webm,dawn,spring,1.0,0.0,-0.5,0.866025,spring_dawn
1677316_clip016_s000,resources/site_257_bowra-dry-a/downloaded_clips/site_257_item_1677316/site_257_item_1677316_clip_016.webm,dawn,spring,1.0,0.0,-0.5,0.866025,spring_dawn
1677316_clip016_s001,resources/site_257_bowra-dry-a/downloaded_clips/site_257_item_1677316/site_257_item_1677316_clip_016.webm,dawn,spring,1.0,0.0,-0.5,0.866025,spring_dawn
1677316_clip017_s000,resources/site_257_bowra-dry-a/downloaded_clips/site_257_item_1677316/site_257_item_1677316_clip_017.webm,dawn,spring,1.0,0.0,-0.5,0.866025,spring_dawn
1677316_clip017_s001,resources/site_257_bowra-dry-a/downloaded_clips/site_257_item_1677316/site_257_item_1677316_clip_017.webm,dawn,spring,1.0,0.0,-0.5,0.866025,spring_dawn
1677316_clip019_s000,resources/site_257_bowra-dry-a/downloaded_clips/site_257_item_1677316/site_257_item_1677316_clip_019.webm,dawn,spring,1.0,0.0,-0.5,0.866025,spring_dawn
1678407_clip024_s000,resources/site_257_bowra-dry-a/downloaded_clips/site_257_item_1678407/site_257_item_1678407_clip_024.webm,dawn,spring,1.0,0.0,-1.0,-0.0,spring_dawn
1682511_clip001_s000,resources/site_257_bowra-dry-a/downloaded_clips/site_257_item_1682511/site_257_item_1682511_clip_001.webm,dawn,spring,1.0,0.0,-0.866025,0.5,spring_dawn
1682511_clip001_s001,resources/site_257_bowra-dry-a/downloaded_clips/site_257_item_1682511/site_257_item_1682511_clip_001.webm,dawn,spring,1.0,0.0,-0.866025,0.5,spring_dawn
1682511_clip006_s000,resources/site_257_bowra-dry-a/downloaded_clips/site_257_item_1682511/site_257_item_1682511_clip_006.webm,dawn,spring,1.0,0.0,-0.866025,0.5,spring_dawn
1682511_clip007_s000,resources/site_257_bowra-dry-a/downloaded_clips/site_257_item_1682511/site_257_item_1682511_clip_007.webm,dawn,spring,1.0,0.0,-0.866025,0.5,spring_dawn
1682511_clip012_s000,resources/site_257_bowra-dry-a/downloaded_clips/site_257_item_1682511/site_257_item_1682511_clip_012.webm,dawn,spring,1.0,0.0,-0.866025,0.5,spring_dawn
1668620_clip002_s000,resources/site_257_bowra-dry-a/downloaded_clips/site_257_item_1668620/site_257_item_1668620_clip_002.webm,dawn,spring,1.0,0.0,-0.5,0.866025,spring_dawn
1668620_clip004_s000,resources/site_257_bowra-dry-a/downloaded_clips/site_257_item_1668620/site_257_item_1668620_clip_004.webm,dawn,spring,1.0,0.0,-0.5,0.866025,spring_dawn
1668620_clip004_s001,resources/site_257_bowra-dry-a/downloaded_clips/site_257_item_1668620/site_257_item_1668620_clip_004.webm,dawn,spring,1.0,0.0,-0.5,0.866025,spring_dawn
1668620_clip004_s002,resources/site_257_bowra-dry-a/downloaded_clips/site_257_item_1668620/site_257_item_1668620_clip_004.webm,dawn,spring,1.0,0.0,-0.5,0.866025,spring_dawn
1668620_clip005_s000,resources/site_257_bowra-dry-a/downloaded_clips/site_257_item_1668620/site_257_item_1668620_clip_005.webm,dawn,spring,1.0,0.0,-0.5,0.866025,spring_dawn
1668620_clip011_s000,resources/site_257_bowra-dry-a/downloaded_clips/site_257_item_1668620/site_257_item_1668620_clip_011.webm,dawn,spring,1.0,0.0,-0.5,0.866025,spring_dawn
1668620_clip012_s000,resources/site_257_bowra-dry-a/downloaded_clips/site_257_item_1668620/site_257_item_1668620_clip_012.webm,dawn,spring,1.0,0.0,-0.5,0.866025,spring_dawn
1668620_clip013_s000,resources/site_257_bowra-dry-a/downloaded_clips/site_257_item_1668620/site_257_item_1668620_clip_013.webm,dawn,spring,1.0,0.0,-0.5,0.866025,spring_dawn
1668620_clip013_s001,resources/site_257_bowra-dry-a/downloaded_clips/site_257_item_1668620/site_257_item_1668620_clip_013.webm,dawn,spring,1.0,0.0,-0.5,0.866025,spring_dawn
1668620_clip014_s000,resources/site_257_bowra-dry-a/downloaded_clips/site_257_item_1668620/site_257_item_1668620_clip_014.webm,dawn,spring,1.0,0.0,-0.5,0.866025,spring_dawn
1668620_clip015_s000,resources/site_257_bowra-dry-a/downloaded_clips/site_257_item_1668620/site_257_item_1668620_clip_015.webm,dawn,spring,1.0,0.0,-0.5,0.866025,spring_dawn
1668620_clip017_s000,resources/site_257_bowra-dry-a/downloaded_clips/site_257_item_1668620/site_257_item_1668620_clip_017.webm,dawn,spring,1.0,0.0,-0.5,0.866025,spring_dawn
1668620_clip017_s001,resources/site_257_bowra-dry-a/downloaded_clips/site_257_item_1668620/site_257_item_1668620_clip_017.webm,dawn,spring,1.0,0.0,-0.5,0.866025,spring_dawn
1668620_clip018_s000,resources/site_257_bowra-dry-a/downloaded_clips/site_257_item_1668620/site_257_item_1668620_clip_018.webm,dawn,spring,1.0,0.0,-0.5,0.866025,spring_dawn
1668620_clip019_s000,resources/site_257_bowra-dry-a/downloaded_clips/site_257_item_1668620/site_257_item_1668620_clip_019.webm,dawn,spring,1.0,0.0,-0.5,0.866025,spring_dawn
1668620_clip019_s001,resources/site_257_bowra-dry-a/downloaded_clips/site_257_item_1668620/site_257_item_1668620_clip_019.webm,dawn,spring,1.0,0.0,-0.5,0.866025,spring_dawn
1676967_clip006_s000,resources/site_257_bowra-dry-a/downloaded_clips/site_257_item_1676967/site_257_item_1676967_clip_006.webm,dawn,spring,1.0,0.0,-0.5,0.866025,spring_dawn
1676967_clip007_s000,resources/site_257_bowra-dry-a/downloaded_clips/site_257_item_1676967/site_257_item_1676967_clip_007.webm,dawn,spring,1.0,0.0,-0.5,0.866025,spring_dawn
1399606_clip014_s000,resources/site_257_bowra-dry-a/downloaded_clips/site_257_item_1399606/site_257_item_1399606_clip_014.webm,morning,spring,0.866025,-0.5,-1.0,-0.0,spring_morning
1399606_clip014_s001,resources/site_257_bowra-dry-a/downloaded_clips/site_257_item_1399606/site_257_item_1399606_clip_014.webm,morning,spring,0.866025,-0.5,-1.0,-0.0,spring_morning
1399606_clip022_s000,resources/site_257_bowra-dry-a/downloaded_clips/site_257_item_1399606/site_257_item_1399606_clip_022.webm,morning,spring,0.866025,-0.5,-1.0,-0.0,spring_morning
1401564_clip017_s000,resources/site_257_bowra-dry-a/downloaded_clips/site_257_item_1401564/site_257_item_1401564_clip_017.webm,morning,spring,0.866025,-0.5,-0.866025,0.5,spring_morning
1401564_clip018_s000,resources/site_257_bowra-dry-a/downloaded_clips/site_257_item_1401564/site_257_item_1401564_clip_018.webm,morning,spring,0.866025,-0.5,-0.866025,0.5,spring_morning
1401603_clip003_s000,resources/site_257_bowra-dry-a/downloaded_clips/site_257_item_1401603/site_257_item_1401603_clip_003.webm,morning,spring,0.866025,-0.5,-0.5,0.866025,spring_morning
1401603_clip018_s000,resources/site_257_bowra-dry-a/downloaded_clips/site_257_item_1401603/site_257_item_1401603_clip_018.webm,morning,spring,0.866025,-0.5,-0.5,0.866025,spring_morning
1536675_clip001_s000,resources/site_257_bowra-dry-a/downloaded_clips/site_257_item_1536675/site_257_item_1536675_clip_001.webm,morning,spring,0.866025,-0.5,-1.0,-0.0,spring_morning
1536675_clip002_s000,resources/site_257_bowra-dry-a/downloaded_clips/site_257_item_1536675/site_257_item_1536675_clip_002.webm,morning,spring,0.866025,-0.5,-1.0,-0.0,spring_morning
1536675_clip002_s001,resources/site_257_bowra-dry-a/downloaded_clips/site_257_item_1536675/site_257_item_1536675_clip_002.webm,morning,spring,0.866025,-0.5,-1.0,-0.0,spring_morning
1536675_clip003_s000,resources/site_257_bowra-dry-a/downloaded_clips/site_257_item_1536675/site_257_item_1536675_clip_003.webm,morning,spring,0.866025,-0.5,-1.0,-0.0,spring_morning
1536675_clip006_s000,resources/site_257_bowra-dry-a/downloaded_clips/site_257_item_1536675/site_257_item_1536675_clip_006.webm,morning,spring,0.866025,-0.5,-1.0,-0.0,spring_morning
1536675_clip011_s000,resources/site_257_bowra-dry-a/downloaded_clips/site_257_item_1536675/site_257_item_1536675_clip_011.webm,morning,spring,0.866025,-0.5,-1.0,-0.0,spring_morning
1536675_clip011_s001,resources/site_257_bowra-dry-a/downloaded_clips/site_257_item_1536675/site_257_item_1536675_clip_011.webm,morning,spring,0.866025,-0.5,-1.0,-0.0,spring_morning
1536675_clip013_s000,resources/site_257_bowra-dry-a/downloaded_clips/site_257_item_1536675/site_257_item_1536675_clip_013.webm,morning,spring,0.866025,-0.5,-1.0,-0.0,spring_morning
1536675_clip013_s001,resources/site_257_bowra-dry-a/downloaded_clips/site_257_item_1536675/site_257_item_1536675_clip_013.webm,morning,spring,0.866025,-0.5,-1.0,-0.0,spring_morning
1536675_clip014_s000,resources/site_257_bowra-dry-a/downloaded_clips/site_257_item_1536675/site_257_item_1536675_clip_014.webm,morning,spring,0.866025,-0.5,-1.0,-0.0,spring_morning
1536675_clip017_s000,resources/site_257_bowra-dry-a/downloaded_clips/site_257_item_1536675/site_257_item_1536675_clip_017.webm,morning,spring,0.866025,-0.5,-1.0,-0.0,spring_morning
1536675_clip018_s000,resources/site_257_bowra-dry-a/downloaded_clips/site_257_item_1536675/site_257_item_1536675_clip_018.webm,morning,spring,0.866025,-0.5,-1.0,-0.0,spring_morning
1536675_clip020_s000,resources/site_257_bowra-dry-a/downloaded_clips/site_257_item_1536675/site_257_item_1536675_clip_020.webm,morning,spring,0.866025,-0.5,-1.0,-0.0,spring_morning
1536675_clip021_s000,resources/site_257_bowra-dry-a/downloaded_clips/site_257_item_1536675/site_257_item_1536675_clip_021.webm,morning,spring,0.866025,-0.5,-1.0,-0.0,spring_morning
1536675_clip022_s000,resources/site_257_bowra-dry-a/downloaded_clips/site_257_item_1536675/site_257_item_1536675_clip_022.webm,morning,spring,0.866025,-0.5,-1.0,-0.0,spring_morning
1536675_clip022_s001,resources/site_257_bowra-dry-a/downloaded_clips/site_257_item_1536675/site_257_item_1536675_clip_022.webm,morning,spring,0.866025,-0.5,-1.0,-0.0,spring_morning
1536675_clip022_s002,resources/site_257_bowra-dry-a/downloaded_clips/site_257_item_1536675/site_257_item_1536675_clip_022.webm,morning,spring,0.866025,-0.5,-1.0,-0.0,spring_morning
1536675_clip023_s000,resources/site_257_bowra-dry-a/downloaded_clips/site_257_item_1536675/site_257_item_1536675_clip_023.webm,morning,spring,0.866025,-0.5,-1.0,-0.0,spring_morning
1668395_clip020_s000,resources/site_257_bowra-dry-a/downloaded_clips/site_257_item_1668395/site_257_item_1668395_clip_020.webm,morning,spring,0.866025,-0.5,-0.5,0.866025,spring_morning
1668453_clip006_s000,resources/site_257_bowra-dry-a/downloaded_clips/site_257_item_1668453/site_257_item_1668453_clip_006.webm,morning,spring,0.866025,-0.5,-0.5,0.866025,spring_morning
1668453_clip011_s000,resources/site_257_bowra-dry-a/downloaded_clips/site_257_item_1668453/site_257_item_1668453_clip_011.webm,morning,spring,0.866025,-0.5,-0.5,0.866025,spring_morning
1668453_clip018_s000,resources/site_257_bowra-dry-a/downloaded_clips/site_257_item_1668453/site_257_item_1668453_clip_018.webm,morning,spring,0.866025,-0.5,-0.5,0.866025,spring_morning
1668453_clip019_s000,resources/site_257_bowra-dry-a/downloaded_clips/site_257_item_1668453/site_257_item_1668453_clip_019.webm,morning,spring,0.866025,-0.5,-0.5,0.866025,spring_morning
1668453_clip020_s000,resources/site_257_bowra-dry-a/downloaded_clips/site_257_item_1668453/site_257_item_1668453_clip_020.webm,morning,spring,0.866025,-0.5,-0.5,0.866025,spring_morning
1668453_clip020_s001,resources/site_257_bowra-dry-a/downloaded_clips/site_257_item_1668453/site_257_item_1668453_clip_020.webm,morning,spring,0.866025,-0.5,-0.5,0.866025,spring_morning
1668453_clip020_s002,resources/site_257_bowra-dry-a/downloaded_clips/site_257_item_1668453/site_257_item_1668453_clip_020.webm,morning,spring,0.866025,-0.5,-0.5,0.866025,spring_morning
1668453_clip021_s000,resources/site_257_bowra-dry-a/downloaded_clips/site_257_item_1668453/site_257_item_1668453_clip_021.webm,morning,spring,0.866025,-0.5,-0.5,0.866025,spring_morning
1668453_clip023_s000,resources/site_257_bowra-dry-a/downloaded_clips/site_257_item_1668453/site_257_item_1668453_clip_023.webm,morning,spring,0.866025,-0.5,-0.5,0.866025,spring_morning
1677131_clip001_s000,resources/site_257_bowra-dry-a/downloaded_clips/site_257_item_1677131/site_257_item_1677131_clip_001.webm,morning,spring,0.866025,-0.5,-0.866025,0.5,spring_morning
1677131_clip012_s000,resources/site_257_bowra-dry-a/downloaded_clips/site_257_item_1677131/site_257_item_1677131_clip_012.webm,morning,spring,0.866025,-0.5,-0.866025,0.5,spring_morning
1677131_clip012_s001,resources/site_257_bowra-dry-a/downloaded_clips/site_257_item_1677131/site_257_item_1677131_clip_012.webm,morning,spring,0.866025,-0.5,-0.866025,0.5,spring_morning
1677131_clip013_s000,resources/site_257_bowra-dry-a/downloaded_clips/site_257_item_1677131/site_257_item_1677131_clip_013.webm,morning,spring,0.866025,-0.5,-0.866025,0.5,spring_morning
1677131_clip015_s000,resources/site_257_bowra-dry-a/downloaded_clips/site_257_item_1677131/site_257_item_1677131_clip_015.webm,morning,spring,0.866025,-0.5,-0.866025,0.5,spring_morning
1677131_clip016_s000,resources/site_257_bowra-dry-a/downloaded_clips/site_257_item_1677131/site_257_item_1677131_clip_016.webm,morning,spring,0.866025,-0.5,-0.866025,0.5,spring_morning
1677131_clip016_s001,resources/site_257_bowra-dry-a/downloaded_clips/site_257_item_1677131/site_257_item_1677131_clip_016.webm,morning,spring,0.866025,-0.5,-0.866025,0.5,spring_morning
1677131_clip017_s000,resources/site_257_bowra-dry-a/downloaded_clips/site_257_item_1677131/site_257_item_1677131_clip_017.webm,morning,spring,0.866025,-0.5,-0.866025,0.5,spring_morning
1677131_clip018_s000,resources/site_257_bowra-dry-a/downloaded_clips/site_257_item_1677131/site_257_item_1677131_clip_018.webm,morning,spring,0.866025,-0.5,-0.866025,0.5,spring_morning
1677131_clip018_s001,resources/site_257_bowra-dry-a/downloaded_clips/site_257_item_1677131/site_257_item_1677131_clip_018.webm,morning,spring,0.866025,-0.5,-0.866025,0.5,spring_morning
1677131_clip020_s000,resources/site_257_bowra-dry-a/downloaded_clips/site_257_item_1677131/site_257_item_1677131_clip_020.webm,morning,spring,0.866025,-0.5,-0.866025,0.5,spring_morning
1677131_clip024_s000,resources/site_257_bowra-dry-a/downloaded_clips/site_257_item_1677131/site_257_item_1677131_clip_024.webm,morning,spring,0.866025,-0.5,-0.866025,0.5,spring_morning
1678750_clip016_s000,resources/site_257_bowra-dry-a/downloaded_clips/site_257_item_1678750/site_257_item_1678750_clip_016.webm,morning,spring,0.866025,-0.5,-0.866025,0.5,spring_morning
1678750_clip018_s000,resources/site_257_bowra-dry-a/downloaded_clips/site_257_item_1678750/site_257_item_1678750_clip_018.webm,morning,spring,0.866025,-0.5,-0.866025,0.5,spring_morning
1678750_clip021_s000,resources/site_257_bowra-dry-a/downloaded_clips/site_257_item_1678750/site_257_item_1678750_clip_021.webm,morning,spring,0.866025,-0.5,-0.866025,0.5,spring_morning
214510_clip010_s000,resources/site_257_bowra-dry-a/downloaded_clips/site_257_item_214510/site_257_item_214510_clip_010.webm,morning,spring,0.866025,-0.5,-0.866025,0.5,spring_morning
214510_clip013_s000,resources/site_257_bowra-dry-a/downloaded_clips/site_257_item_214510/site_257_item_214510_clip_013.webm,morning,spring,0.866025,-0.5,-0.866025,0.5,spring_morning
214510_clip016_s000,resources/site_257_bowra-dry-a/downloaded_clips/site_257_item_214510/site_257_item_214510_clip_016.webm,morning,spring,0.866025,-0.5,-0.866025,0.5,spring_morning
214510_clip018_s000,resources/site_257_bowra-dry-a/downloaded_clips/site_257_item_214510/site_257_item_214510_clip_018.webm,morning,spring,0.866025,-0.5,-0.866025,0.5,spring_morning
214510_clip018_s001,resources/site_257_bowra-dry-a/downloaded_clips/site_257_item_214510/site_257_item_214510_clip_018.webm,morning,spring,0.866025,-0.5,-0.866025,0.5,spring_morning
214510_clip020_s000,resources/site_257_bowra-dry-a/downloaded_clips/site_257_item_214510/site_257_item_214510_clip_020.webm,morning,spring,0.866025,-0.5,-0.866025,0.5,spring_morning
214510_clip021_s000,resources/site_257_bowra-dry-a/downloaded_clips/site_257_item_214510/site_257_item_214510_clip_021.webm,morning,spring,0.866025,-0.5,-0.866025,0.5,spring_morning
214510_clip024_s000,resources/site_257_bowra-dry-a/downloaded_clips/site_257_item_214510/site_257_item_214510_clip_024.webm,morning,spring,0.866025,-0.5,-0.866025,0.5,spring_morning
214655_clip003_s000,resources/site_257_bowra-dry-a/downloaded_clips/site_257_item_214655/site_257_item_214655_clip_003.webm,morning,spring,0.866025,-0.5,-0.5,0.866025,spring_morning
214655_clip004_s000,resources/site_257_bowra-dry-a/downloaded_clips/site_257_item_214655/site_257_item_214655_clip_004.webm,morning,spring,0.866025,-0.5,-0.5,0.866025,spring_morning
214655_clip008_s000,resources/site_257_bowra-dry-a/downloaded_clips/site_257_item_214655/site_257_item_214655_clip_008.webm,morning,spring,0.866025,-0.5,-0.5,0.866025,spring_morning
214655_clip009_s000,resources/site_257_bowra-dry-a/downloaded_clips/site_257_item_214655/site_257_item_214655_clip_009.webm,morning,spring,0.866025,-0.5,-0.5,0.866025,spring_morning
214655_clip009_s001,resources/site_257_bowra-dry-a/downloaded_clips/site_257_item_214655/site_257_item_214655_clip_009.webm,morning,spring,0.866025,-0.5,-0.5,0.866025,spring_morning
214655_clip010_s000,resources/site_257_bowra-dry-a/downloaded_clips/site_257_item_214655/site_257_item_214655_clip_010.webm,morning,spring,0.866025,-0.5,-0.5,0.866025,spring_morning
214655_clip010_s001,resources/site_257_bowra-dry-a/downloaded_clips/site_257_item_214655/site_257_item_214655_clip_010.webm,morning,spring,0.866025,-0.5,-0.5,0.866025,spring_morning
214655_clip012_s000,resources/site_257_bowra-dry-a/downloaded_clips/site_257_item_214655/site_257_item_214655_clip_012.webm,morning,spring,0.866025,-0.5,-0.5,0.866025,spring_morning
214655_clip012_s001,resources/site_257_bowra-dry-a/downloaded_clips/site_257_item_214655/site_257_item_214655_clip_012.webm,morning,spring,0.866025,-0.5,-0.5,0.866025,spring_morning
214655_clip013_s000,resources/site_257_bowra-dry-a/downloaded_clips/site_257_item_214655/site_257_item_214655_clip_013.webm,morning,spring,0.866025,-0.5,-0.5,0.866025,spring_morning
214655_clip021_s000,resources/site_257_bowra-dry-a/downloaded_clips/site_257_item_214655/site_257_item_214655_clip_021.webm,morning,spring,0.866025,-0.5,-0.5,0.866025,spring_morning
214836_clip017_s000,resources/site_257_bowra-dry-a/downloaded_clips/site_257_item_214836/site_257_item_214836_clip_017.webm,morning,spring,0.866025,-0.5,-0.5,0.866025,spring_morning
445580_clip011_s000,resources/site_257_bowra-dry-a/downloaded_clips/site_257_item_445580/site_257_item_445580_clip_011.webm,morning,spring,0.866025,-0.5,-1.0,-0.0,spring_morning
445580_clip012_s000,resources/site_257_bowra-dry-a/downloaded_clips/site_257_item_445580/site_257_item_445580_clip_012.webm,morning,spring,0.866025,-0.5,-1.0,-0.0,spring_morning
445580_clip013_s000,resources/site_257_bowra-dry-a/downloaded_clips/site_257_item_445580/site_257_item_445580_clip_013.webm,morning,spring,0.866025,-0.5,-1.0,-0.0,spring_morning
445580_clip014_s000,resources/site_257_bowra-dry-a/downloaded_clips/site_257_item_445580/site_257_item_445580_clip_014.webm,morning,spring,0.866025,-0.5,-1.0,-0.0,spring_morning
445580_clip016_s000,resources/site_257_bowra-dry-a/downloaded_clips/site_257_item_445580/site_257_item_445580_clip_016.webm,morning,spring,0.866025,-0.5,-1.0,-0.0,spring_morning
445580_clip019_s000,resources/site_257_bowra-dry-a/downloaded_clips/site_257_item_445580/site_257_item_445580_clip_019.webm,morning,spring,0.866025,-0.5,-1.0,-0.0,spring_morning
445765_clip001_s000,resources/site_257_bowra-dry-a/downloaded_clips/site_257_item_445765/site_257_item_445765_clip_001.webm,morning,spring,0.866025,-0.5,-1.0,-0.0,spring_morning
445765_clip002_s000,resources/site_257_bowra-dry-a/downloaded_clips/site_257_item_445765/site_257_item_445765_clip_002.webm,morning,spring,0.866025,-0.5,-1.0,-0.0,spring_morning
445765_clip018_s000,resources/site_257_bowra-dry-a/downloaded_clips/site_257_item_445765/site_257_item_445765_clip_018.webm,morning,spring,0.866025,-0.5,-1.0,-0.0,spring_morning
445765_clip022_s000,resources/site_257_bowra-dry-a/downloaded_clips/site_257_item_445765/site_257_item_445765_clip_022.webm,morning,spring,0.866025,-0.5,-1.0,-0.0,spring_morning
445765_clip022_s001,resources/site_257_bowra-dry-a/downloaded_clips/site_257_item_445765/site_257_item_445765_clip_022.webm,morning,spring,0.866025,-0.5,-1.0,-0.0,spring_morning
445765_clip024_s000,resources/site_257_bowra-dry-a/downloaded_clips/site_257_item_445765/site_257_item_445765_clip_024.webm,morning,spring,0.866025,-0.5,-1.0,-0.0,spring_morning
4887_clip002_s000,resources/site_257_bowra-dry-a/downloaded_clips/site_257_item_4887/site_257_item_4887_clip_002.webm,morning,spring,0.866025,-0.5,-0.866025,0.5,spring_morning
4887_clip002_s001,resources/site_257_bowra-dry-a/downloaded_clips/site_257_item_4887/site_257_item_4887_clip_002.webm,morning,spring,0.866025,-0.5,-0.866025,0.5,spring_morning
4887_clip004_s000,resources/site_257_bowra-dry-a/downloaded_clips/site_257_item_4887/site_257_item_4887_clip_004.webm,morning,spring,0.866025,-0.5,-0.866025,0.5,spring_morning
4887_clip008_s000,resources/site_257_bowra-dry-a/downloaded_clips/site_257_item_4887/site_257_item_4887_clip_008.webm,morning,spring,0.866025,-0.5,-0.866025,0.5,spring_morning
4887_clip008_s001,resources/site_257_bowra-dry-a/downloaded_clips/site_257_item_4887/site_257_item_4887_clip_008.webm,morning,spring,0.866025,-0.5,-0.866025,0.5,spring_morning
4887_clip009_s000,resources/site_257_bowra-dry-a/downloaded_clips/site_257_item_4887/site_257_item_4887_clip_009.webm,morning,spring,0.866025,-0.5,-0.866025,0.5,spring_morning
4887_clip009_s001,resources/site_257_bowra-dry-a/downloaded_clips/site_257_item_4887/site_257_item_4887_clip_009.webm,morning,spring,0.866025,-0.5,-0.866025,0.5,spring_morning
4887_clip011_s000,resources/site_257_bowra-dry-a/downloaded_clips/site_257_item_4887/site_257_item_4887_clip_011.webm,morning,spring,0.866025,-0.5,-0.866025,0.5,spring_morning
4887_clip019_s000,resources/site_257_bowra-dry-a/downloaded_clips/site_257_item_4887/site_257_item_4887_clip_019.webm,morning,spring,0.866025,-0.5,-0.866025,0.5,spring_morning
4887_clip019_s001,resources/site_257_bowra-dry-a/downloaded_clips/site_257_item_4887/site_257_item_4887_clip_019.webm,morning,spring,0.866025,-0.5,-0.866025,0.5,spring_morning
4887_clip019_s002,resources/site_257_bowra-dry-a/downloaded_clips/site_257_item_4887/site_257_item_4887_clip_019.webm,morning,spring,0.866025,-0.5,-0.866025,0.5,spring_morning
4887_clip021_s000,resources/site_257_bowra-dry-a/downloaded_clips/site_257_item_4887/site_257_item_4887_clip_021.webm,morning,spring,0.866025,-0.5,-0.866025,0.5,spring_morning
4887_clip023_s000,resources/site_257_bowra-dry-a/downloaded_clips/site_257_item_4887/site_257_item_4887_clip_023.webm,morning,spring,0.866025,-0.5,-0.866025,0.5,spring_morning
5425_clip005_s000,resources/site_257_bowra-dry-a/downloaded_clips/site_257_item_5425/site_257_item_5425_clip_005.webm,morning,spring,0.866025,-0.5,-1.0,-0.0,spring_morning
5425_clip005_s001,resources/site_257_bowra-dry-a/downloaded_clips/site_257_item_5425/site_257_item_5425_clip_005.webm,morning,spring,0.866025,-0.5,-1.0,-0.0,spring_morning
5425_clip018_s000,resources/site_257_bowra-dry-a/downloaded_clips/site_257_item_5425/site_257_item_5425_clip_018.webm,morning,spring,0.866025,-0.5,-1.0,-0.0,spring_morning
5425_clip023_s000,resources/site_257_bowra-dry-a/downloaded_clips/site_257_item_5425/site_257_item_5425_clip_023.webm,morning,spring,0.866025,-0.5,-1.0,-0.0,spring_morning
4801_clip006_s000,resources/site_257_bowra-dry-a/downloaded_clips/site_257_item_4801/site_257_item_4801_clip_006.webm,morning,spring,0.866025,-0.5,-1.0,-0.0,spring_morning
4801_clip010_s000,resources/site_257_bowra-dry-a/downloaded_clips/site_257_item_4801/site_257_item_4801_clip_010.webm,morning,spring,0.866025,-0.5,-1.0,-0.0,spring_morning
4801_clip015_s000,resources/site_257_bowra-dry-a/downloaded_clips/site_257_item_4801/site_257_item_4801_clip_015.webm,morning,spring,0.866025,-0.5,-1.0,-0.0,spring_morning
4801_clip016_s000,resources/site_257_bowra-dry-a/downloaded_clips/site_257_item_4801/site_257_item_4801_clip_016.webm,morning,spring,0.866025,-0.5,-1.0,-0.0,spring_morning
4801_clip017_s000,resources/site_257_bowra-dry-a/downloaded_clips/site_257_item_4801/site_257_item_4801_clip_017.webm,morning,spring,0.866025,-0.5,-1.0,-0.0,spring_morning
4801_clip018_s000,resources/site_257_bowra-dry-a/downloaded_clips/site_257_item_4801/site_257_item_4801_clip_018.webm,morning,spring,0.866025,-0.5,-1.0,-0.0,spring_morning
5018_clip016_s000,resources/site_257_bowra-dry-a/downloaded_clips/site_257_item_5018/site_257_item_5018_clip_016.webm,morning,spring,0.866025,-0.5,-1.0,-0.0,spring_morning
5018_clip023_s000,resources/site_257_bowra-dry-a/downloaded_clips/site_257_item_5018/site_257_item_5018_clip_023.webm,morning,spring,0.866025,-0.5,-1.0,-0.0,spring_morning
5340_clip009_s000,resources/site_257_bowra-dry-a/downloaded_clips/site_257_item_5340/site_257_item_5340_clip_009.webm,morning,spring,0.866025,-0.5,-1.0,-0.0,spring_morning
5340_clip016_s000,resources/site_257_bowra-dry-a/downloaded_clips/site_257_item_5340/site_257_item_5340_clip_016.webm,morning,spring,0.866025,-0.5,-1.0,-0.0,spring_morning
5472_clip006_s000,resources/site_257_bowra-dry-a/downloaded_clips/site_257_item_5472/site_257_item_5472_clip_006.webm,morning,spring,0.866025,-0.5,-1.0,-0.0,spring_morning
5472_clip006_s001,resources/site_257_bowra-dry-a/downloaded_clips/site_257_item_5472/site_257_item_5472_clip_006.webm,morning,spring,0.866025,-0.5,-1.0,-0.0,spring_morning
5472_clip018_s000,resources/site_257_bowra-dry-a/downloaded_clips/site_257_item_5472/site_257_item_5472_clip_018.webm,morning,spring,0.866025,-0.5,-1.0,-0.0,spring_morning
5472_clip019_s000,resources/site_257_bowra-dry-a/downloaded_clips/site_257_item_5472/site_257_item_5472_clip_019.webm,morning,spring,0.866025,-0.5,-1.0,-0.0,spring_morning
5472_clip020_s000,resources/site_257_bowra-dry-a/downloaded_clips/site_257_item_5472/site_257_item_5472_clip_020.webm,morning,spring,0.866025,-0.5,-1.0,-0.0,spring_morning
5472_clip020_s001,resources/site_257_bowra-dry-a/downloaded_clips/site_257_item_5472/site_257_item_5472_clip_020.webm,morning,spring,0.866025,-0.5,-1.0,-0.0,spring_morning
5472_clip022_s000,resources/site_257_bowra-dry-a/downloaded_clips/site_257_item_5472/site_257_item_5472_clip_022.webm,morning,spring,0.866025,-0.5,-1.0,-0.0,spring_morning
214452_clip006_s000,resources/site_257_bowra-dry-a/downloaded_clips/site_257_item_214452/site_257_item_214452_clip_006.webm,morning,spring,0.866025,-0.5,-0.866025,0.5,spring_morning
214452_clip009_s000,resources/site_257_bowra-dry-a/downloaded_clips/site_257_item_214452/site_257_item_214452_clip_009.webm,morning,spring,0.866025,-0.5,-0.866025,0.5,spring_morning
214452_clip012_s000,resources/site_257_bowra-dry-a/downloaded_clips/site_257_item_214452/site_257_item_214452_clip_012.webm,morning,spring,0.866025,-0.5,-0.866025,0.5,spring_morning
214452_clip013_s000,resources/site_257_bowra-dry-a/downloaded_clips/site_257_item_214452/site_257_item_214452_clip_013.webm,morning,spring,0.866025,-0.5,-0.866025,0.5,spring_morning
214667_clip014_s000,resources/site_257_bowra-dry-a/downloaded_clips/site_257_item_214667/site_257_item_214667_clip_014.webm,morning,spring,0.866025,-0.5,-0.5,0.866025,spring_morning
214793_clip018_s000,resources/site_257_bowra-dry-a/downloaded_clips/site_257_item_214793/site_257_item_214793_clip_018.webm,morning,spring,0.866025,-0.5,-0.5,0.866025,spring_morning
214793_clip022_s000,resources/site_257_bowra-dry-a/downloaded_clips/site_257_item_214793/site_257_item_214793_clip_022.webm,morning,spring,0.866025,-0.5,-0.5,0.866025,spring_morning
214793_clip024_s000,resources/site_257_bowra-dry-a/downloaded_clips/site_257_item_214793/site_257_item_214793_clip_024.webm,morning,spring,0.866025,-0.5,-0.5,0.866025,spring_morning
214897_clip001_s000,resources/site_257_bowra-dry-a/downloaded_clips/site_257_item_214897/site_257_item_214897_clip_001.webm,morning,spring,0.866025,-0.5,-0.5,0.866025,spring_morning
214897_clip018_s000,resources/site_257_bowra-dry-a/downloaded_clips/site_257_item_214897/site_257_item_214897_clip_018.webm,morning,spring,0.866025,-0.5,-0.5,0.866025,spring_morning
5033_clip008_s000,resources/site_257_bowra-dry-a/downloaded_clips/site_257_item_5033/site_257_item_5033_clip_008.webm,morning,spring,0.866025,-0.5,-0.866025,0.5,spring_morning
5033_clip013_s000,resources/site_257_bowra-dry-a/downloaded_clips/site_257_item_5033/site_257_item_5033_clip_013.webm,morning,spring,0.866025,-0.5,-0.866025,0.5,spring_morning
5033_clip013_s001,resources/site_257_bowra-dry-a/downloaded_clips/site_257_item_5033/site_257_item_5033_clip_013.webm,morning,spring,0.866025,-0.5,-0.866025,0.5,spring_morning
5082_clip017_s000,resources/site_257_bowra-dry-a/downloaded_clips/site_257_item_5082/site_257_item_5082_clip_017.webm,morning,spring,0.866025,-0.5,-0.866025,0.5,spring_morning
5082_clip019_s000,resources/site_257_bowra-dry-a/downloaded_clips/site_257_item_5082/site_257_item_5082_clip_019.webm,morning,spring,0.866025,-0.5,-0.866025,0.5,spring_morning
445598_clip017_s000,resources/site_257_bowra-dry-a/downloaded_clips/site_257_item_445598/site_257_item_445598_clip_017.webm,morning,spring,0.866025,-0.5,-1.0,-0.0,spring_morning
445699_clip005_s000,resources/site_257_bowra-dry-a/downloaded_clips/site_257_item_445699/site_257_item_445699_clip_005.webm,morning,spring,0.866025,-0.5,-1.0,-0.0,spring_morning
445735_clip001_s000,resources/site_257_bowra-dry-a/downloaded_clips/site_257_item_445735/site_257_item_445735_clip_001.webm,morning,spring,0.866025,-0.5,-1.0,-0.0,spring_morning
445735_clip001_s001,resources/site_257_bowra-dry-a/downloaded_clips/site_257_item_445735/site_257_item_445735_clip_001.webm,morning,spring,0.866025,-0.5,-1.0,-0.0,spring_morning
445735_clip004_s000,resources/site_257_bowra-dry-a/downloaded_clips/site_257_item_445735/site_257_item_445735_clip_004.webm,morning,spring,0.866025,-0.5,-1.0,-0.0,spring_morning
445735_clip005_s000,resources/site_257_bowra-dry-a/downloaded_clips/site_257_item_445735/site_257_item_445735_clip_005.webm,morning,spring,0.866025,-0.5,-1.0,-0.0,spring_morning
445735_clip005_s001,resources/site_257_bowra-dry-a/downloaded_clips/site_257_item_445735/site_257_item_445735_clip_005.webm,morning,spring,0.866025,-0.5,-1.0,-0.0,spring_morning
445735_clip006_s000,resources/site_257_bowra-dry-a/downloaded_clips/site_257_item_445735/site_257_item_445735_clip_006.webm,morning,spring,0.866025,-0.5,-1.0,-0.0,spring_morning
445735_clip007_s000,resources/site_257_bowra-dry-a/downloaded_clips/site_257_item_445735/site_257_item_445735_clip_007.webm,morning,spring,0.866025,-0.5,-1.0,-0.0,spring_morning
445735_clip008_s000,resources/site_257_bowra-dry-a/downloaded_clips/site_257_item_445735/site_257_item_445735_clip_008.webm,morning,spring,0.866025,-0.5,-1.0,-0.0,spring_morning
445735_clip008_s001,resources/site_257_bowra-dry-a/downloaded_clips/site_257_item_445735/site_257_item_445735_clip_008.webm,morning,spring,0.866025,-0.5,-1.0,-0.0,spring_morning
445735_clip008_s002,resources/site_257_bowra-dry-a/downloaded_clips/site_257_item_445735/site_257_item_445735_clip_008.webm,morning,spring,0.866025,-0.5,-1.0,-0.0,spring_morning
445735_clip009_s000,resources/site_257_bowra-dry-a/downloaded_clips/site_257_item_445735/site_257_item_445735_clip_009.webm,morning,spring,0.866025,-0.5,-1.0,-0.0,spring_morning
445735_clip012_s000,resources/site_257_bowra-dry-a/downloaded_clips/site_257_item_445735/site_257_item_445735_clip_012.webm,morning,spring,0.866025,-0.5,-1.0,-0.0,spring_morning
445735_clip013_s000,resources/site_257_bowra-dry-a/downloaded_clips/site_257_item_445735/site_257_item_445735_clip_013.webm,morning,spring,0.866025,-0.5,-1.0,-0.0,spring_morning
445735_clip014_s000,resources/site_257_bowra-dry-a/downloaded_clips/site_257_item_445735/site_257_item_445735_clip_014.webm,morning,spring,0.866025,-0.5,-1.0,-0.0,spring_morning
445735_clip017_s000,resources/site_257_bowra-dry-a/downloaded_clips/site_257_item_445735/site_257_item_445735_clip_017.webm,morning,spring,0.866025,-0.5,-1.0,-0.0,spring_morning
445735_clip017_s001,resources/site_257_bowra-dry-a/downloaded_clips/site_257_item_445735/site_257_item_445735_clip_017.webm,morning,spring,0.866025,-0.5,-1.0,-0.0,spring_morning
445735_clip018_s000,resources/site_257_bowra-dry-a/downloaded_clips/site_257_item_445735/site_257_item_445735_clip_018.webm,morning,spring,0.866025,-0.5,-1.0,-0.0,spring_morning
1399541_clip013_s000,resources/site_257_bowra-dry-a/downloaded_clips/site_257_item_1399541/site_257_item_1399541_clip_013.webm,morning,spring,0.866025,-0.5,-1.0,-0.0,spring_morning
1400177_clip003_s000,resources/site_257_bowra-dry-a/downloaded_clips/site_257_item_1400177/site_257_item_1400177_clip_003.webm,morning,spring,0.866025,-0.5,-1.0,-0.0,spring_morning
1400177_clip005_s000,resources/site_257_bowra-dry-a/downloaded_clips/site_257_item_1400177/site_257_item_1400177_clip_005.webm,morning,spring,0.866025,-0.5,-1.0,-0.0,spring_morning
1400177_clip020_s000,resources/site_257_bowra-dry-a/downloaded_clips/site_257_item_1400177/site_257_item_1400177_clip_020.webm,morning,spring,0.866025,-0.5,-1.0,-0.0,spring_morning
1400383_clip014_s000,resources/site_257_bowra-dry-a/downloaded_clips/site_257_item_1400383/site_257_item_1400383_clip_014.webm,morning,spring,0.5,-0.866025,-0.866025,0.5,spring_morning
1400645_clip007_s000,resources/site_257_bowra-dry-a/downloaded_clips/site_257_item_1400645/site_257_item_1400645_clip_007.webm,morning,spring,0.866025,-0.5,-1.0,-0.0,spring_morning
1400645_clip007_s001,resources/site_257_bowra-dry-a/downloaded_clips/site_257_item_1400645/site_257_item_1400645_clip_007.webm,morning,spring,0.866025,-0.5,-1.0,-0.0,spring_morning
1400645_clip007_s002,resources/site_257_bowra-dry-a/downloaded_clips/site_257_item_1400645/site_257_item_1400645_clip_007.webm,morning,spring,0.866025,-0.5,-1.0,-0.0,spring_morning
1400645_clip016_s000,resources/site_257_bowra-dry-a/downloaded_clips/site_257_item_1400645/site_257_item_1400645_clip_016.webm,morning,spring,0.866025,-0.5,-1.0,-0.0,spring_morning
1400803_clip004_s000,resources/site_257_bowra-dry-a/downloaded_clips/site_257_item_1400803/site_257_item_1400803_clip_004.webm,morning,spring,0.707107,-0.707107,-0.866025,0.5,spring_morning
1400846_clip003_s000,resources/site_257_bowra-dry-a/downloaded_clips/site_257_item_1400846/site_257_item_1400846_clip_003.webm,morning,spring,0.866025,-0.5,-0.866025,0.5,spring_morning
1400846_clip008_s000,resources/site_257_bowra-dry-a/downloaded_clips/site_257_item_1400846/site_257_item_1400846_clip_008.webm,morning,spring,0.866025,-0.5,-0.866025,0.5,spring_morning
1400846_clip010_s000,resources/site_257_bowra-dry-a/downloaded_clips/site_257_item_1400846/site_257_item_1400846_clip_010.webm,morning,spring,0.866025,-0.5,-0.866025,0.5,spring_morning
1400846_clip011_s000,resources/site_257_bowra-dry-a/downloaded_clips/site_257_item_1400846/site_257_item_1400846_clip_011.webm,morning,spring,0.866025,-0.5,-0.866025,0.5,spring_morning
1400846_clip011_s001,resources/site_257_bowra-dry-a/downloaded_clips/site_257_item_1400846/site_257_item_1400846_clip_011.webm,morning,spring,0.866025,-0.5,-0.866025,0.5,spring_morning
1400846_clip013_s000,resources/site_257_bowra-dry-a/downloaded_clips/site_257_item_1400846/site_257_item_1400846_clip_013.webm,morning,spring,0.866025,-0.5,-0.866025,0.5,spring_morning
1400846_clip015_s000,resources/site_257_bowra-dry-a/downloaded_clips/site_257_item_1400846/site_257_item_1400846_clip_015.webm,morning,spring,0.866025,-0.5,-0.866025,0.5,spring_morning
1400846_clip017_s000,resources/site_257_bowra-dry-a/downloaded_clips/site_257_item_1400846/site_257_item_1400846_clip_017.webm,morning,spring,0.866025,-0.5,-0.866025,0.5,spring_morning
1400846_clip018_s000,resources/site_257_bowra-dry-a/downloaded_clips/site_257_item_1400846/site_257_item_1400846_clip_018.webm,morning,spring,0.866025,-0.5,-0.866025,0.5,spring_morning
1400846_clip020_s000,resources/site_257_bowra-dry-a/downloaded_clips/site_257_item_1400846/site_257_item_1400846_clip_020.webm,morning,spring,0.866025,-0.5,-0.866025,0.5,spring_morning
1400846_clip021_s000,resources/site_257_bowra-dry-a/downloaded_clips/site_257_item_1400846/site_257_item_1400846_clip_021.webm,morning,spring,0.866025,-0.5,-0.866025,0.5,spring_morning
1400846_clip021_s001,resources/site_257_bowra-dry-a/downloaded_clips/site_257_item_1400846/site_257_item_1400846_clip_021.webm,morning,spring,0.866025,-0.5,-0.866025,0.5,spring_morning
1400846_clip021_s002,resources/site_257_bowra-dry-a/downloaded_clips/site_257_item_1400846/site_257_item_1400846_clip_021.webm,morning,spring,0.866025,-0.5,-0.866025,0.5,spring_morning
1400846_clip022_s000,resources/site_257_bowra-dry-a/downloaded_clips/site_257_item_1400846/site_257_item_1400846_clip_022.webm,morning,spring,0.866025,-0.5,-0.866025,0.5,spring_morning
1400846_clip023_s000,resources/site_257_bowra-dry-a/downloaded_clips/site_257_item_1400846/site_257_item_1400846_clip_023.webm,morning,spring,0.866025,-0.5,-0.866025,0.5,spring_morning
1401565_clip004_s000,resources/site_257_bowra-dry-a/downloaded_clips/site_257_item_1401565/site_257_item_1401565_clip_004.webm,morning,spring,0.5,-0.866025,-0.866025,0.5,spring_morning
1401565_clip018_s000,resources/site_257_bowra-dry-a/downloaded_clips/site_257_item_1401565/site_257_item_1401565_clip_018.webm,morning,spring,0.5,-0.866025,-0.866025,0.5,spring_morning
1401565_clip019_s000,resources/site_257_bowra-dry-a/downloaded_clips/site_257_item_1401565/site_257_item_1401565_clip_019.webm,morning,spring,0.5,-0.866025,-0.866025,0.5,spring_morning
1401878_clip011_s000,resources/site_257_bowra-dry-a/downloaded_clips/site_257_item_1401878/site_257_item_1401878_clip_011.webm,morning,spring,0.866025,-0.5,-0.5,0.866025,spring_morning
1401889_clip001_s000,resources/site_257_bowra-dry-a/downloaded_clips/site_257_item_1401889/site_257_item_1401889_clip_001.webm,morning,spring,0.866025,-0.5,-0.5,0.866025,spring_morning
1401889_clip004_s000,resources/site_257_bowra-dry-a/downloaded_clips/site_257_item_1401889/site_257_item_1401889_clip_004.webm,morning,spring,0.866025,-0.5,-0.5,0.866025,spring_morning
1401889_clip004_s001,resources/site_257_bowra-dry-a/downloaded_clips/site_257_item_1401889/site_257_item_1401889_clip_004.webm,morning,spring,0.866025,-0.5,-0.5,0.866025,spring_morning
1401889_clip009_s000,resources/site_257_bowra-dry-a/downloaded_clips/site_257_item_1401889/site_257_item_1401889_clip_009.webm,morning,spring,0.866025,-0.5,-0.5,0.866025,spring_morning
1401889_clip011_s000,resources/site_257_bowra-dry-a/downloaded_clips/site_257_item_1401889/site_257_item_1401889_clip_011.webm,morning,spring,0.866025,-0.5,-0.5,0.866025,spring_morning
1401889_clip012_s000,resources/site_257_bowra-dry-a/downloaded_clips/site_257_item_1401889/site_257_item_1401889_clip_012.webm,morning,spring,0.866025,-0.5,-0.5,0.866025,spring_morning
1401889_clip014_s000,resources/site_257_bowra-dry-a/downloaded_clips/site_257_item_1401889/site_257_item_1401889_clip_014.webm,morning,spring,0.866025,-0.5,-0.5,0.866025,spring_morning
1401889_clip014_s001,resources/site_257_bowra-dry-a/downloaded_clips/site_257_item_1401889/site_257_item_1401889_clip_014.webm,morning,spring,0.866025,-0.5,-0.5,0.866025,spring_morning
1401889_clip015_s000,resources/site_257_bowra-dry-a/downloaded_clips/site_257_item_1401889/site_257_item_1401889_clip_015.webm,morning,spring,0.866025,-0.5,-0.5,0.866025,spring_morning
1401889_clip016_s000,resources/site_257_bowra-dry-a/downloaded_clips/site_257_item_1401889/site_257_item_1401889_clip_016.webm,morning,spring,0.866025,-0.5,-0.5,0.866025,spring_morning
1401889_clip017_s000,resources/site_257_bowra-dry-a/downloaded_clips/site_257_item_1401889/site_257_item_1401889_clip_017.webm,morning,spring,0.866025,-0.5,-0.5,0.866025,spring_morning
1401889_clip020_s000,resources/site_257_bowra-dry-a/downloaded_clips/site_257_item_1401889/site_257_item_1401889_clip_020.webm,morning,spring,0.866025,-0.5,-0.5,0.866025,spring_morning
1401889_clip020_s001,resources/site_257_bowra-dry-a/downloaded_clips/site_257_item_1401889/site_257_item_1401889_clip_020.webm,morning,spring,0.866025,-0.5,-0.5,0.866025,spring_morning
1401889_clip021_s000,resources/site_257_bowra-dry-a/downloaded_clips/site_257_item_1401889/site_257_item_1401889_clip_021.webm,morning,spring,0.866025,-0.5,-0.5,0.866025,spring_morning
1401889_clip023_s000,resources/site_257_bowra-dry-a/downloaded_clips/site_257_item_1401889/site_257_item_1401889_clip_023.webm,morning,spring,0.866025,-0.5,-0.5,0.866025,spring_morning
1401889_clip023_s001,resources/site_257_bowra-dry-a/downloaded_clips/site_257_item_1401889/site_257_item_1401889_clip_023.webm,morning,spring,0.866025,-0.5,-0.5,0.866025,spring_morning
1401889_clip024_s000,resources/site_257_bowra-dry-a/downloaded_clips/site_257_item_1401889/site_257_item_1401889_clip_024.webm,morning,spring,0.866025,-0.5,-0.5,0.866025,spring_morning
1401889_clip024_s001,resources/site_257_bowra-dry-a/downloaded_clips/site_257_item_1401889/site_257_item_1401889_clip_024.webm,morning,spring,0.866025,-0.5,-0.5,0.866025,spring_morning
1536217_clip024_s000,resources/site_257_bowra-dry-a/downloaded_clips/site_257_item_1536217/site_257_item_1536217_clip_024.webm,morning,spring,0.866025,-0.5,-1.0,-0.0,spring_morning
1667862_clip005_s000,resources/site_257_bowra-dry-a/downloaded_clips/site_257_item_1667862/site_257_item_1667862_clip_005.webm,morning,spring,0.707107,-0.707107,-0.866025,0.5,spring_morning
1667862_clip006_s000,resources/site_257_bowra-dry-a/downloaded_clips/site_257_item_1667862/site_257_item_1667862_clip_006.webm,morning,spring,0.707107,-0.707107,-0.866025,0.5,spring_morning
1667862_clip007_s000,resources/site_257_bowra-dry-a/downloaded_clips/site_257_item_1667862/site_257_item_1667862_clip_007.webm,morning,spring,0.707107,-0.707107,-0.866025,0.5,spring_morning
1668219_clip002_s000,resources/site_257_bowra-dry-a/downloaded_clips/site_257_item_1668219/site_257_item_1668219_clip_002.webm,morning,spring,0.866025,-0.5,-0.866025,0.5,spring_morning
1668219_clip002_s001,resources/site_257_bowra-dry-a/downloaded_clips/site_257_item_1668219/site_257_item_1668219_clip_002.webm,morning,spring,0.866025,-0.5,-0.866025,0.5,spring_morning
1668219_clip002_s002,resources/site_257_bowra-dry-a/downloaded_clips/site_257_item_1668219/site_257_item_1668219_clip_002.webm,morning,spring,0.866025,-0.5,-0.866025,0.5,spring_morning
1668219_clip002_s003,resources/site_257_bowra-dry-a/downloaded_clips/site_257_item_1668219/site_257_item_1668219_clip_002.webm,morning,spring,0.866025,-0.5,-0.866025,0.5,spring_morning
1668219_clip002_s004,resources/site_257_bowra-dry-a/downloaded_clips/site_257_item_1668219/site_257_item_1668219_clip_002.webm,morning,spring,0.866025,-0.5,-0.866025,0.5,spring_morning
1668219_clip002_s005,resources/site_257_bowra-dry-a/downloaded_clips/site_257_item_1668219/site_257_item_1668219_clip_002.webm,morning,spring,0.866025,-0.5,-0.866025,0.5,spring_morning
1668219_clip002_s006,resources/site_257_bowra-dry-a/downloaded_clips/site_257_item_1668219/site_257_item_1668219_clip_002.webm,morning,spring,0.866025,-0.5,-0.866025,0.5,spring_morning
1668219_clip002_s007,resources/site_257_bowra-dry-a/downloaded_clips/site_257_item_1668219/site_257_item_1668219_clip_002.webm,morning,spring,0.866025,-0.5,-0.866025,0.5,spring_morning
1668219_clip006_s000,resources/site_257_bowra-dry-a/downloaded_clips/site_257_item_1668219/site_257_item_1668219_clip_006.webm,morning,spring,0.866025,-0.5,-0.866025,0.5,spring_morning
1668219_clip006_s001,resources/site_257_bowra-dry-a/downloaded_clips/site_257_item_1668219/site_257_item_1668219_clip_006.webm,morning,spring,0.866025,-0.5,-0.866025,0.5,spring_morning
1668219_clip006_s002,resources/site_257_bowra-dry-a/downloaded_clips/site_257_item_1668219/site_257_item_1668219_clip_006.webm,morning,spring,0.866025,-0.5,-0.866025,0.5,spring_morning
1668219_clip007_s000,resources/site_257_bowra-dry-a/downloaded_clips/site_257_item_1668219/site_257_item_1668219_clip_007.webm,morning,spring,0.866025,-0.5,-0.866025,0.5,spring_morning
1668219_clip007_s001,resources/site_257_bowra-dry-a/downloaded_clips/site_257_item_1668219/site_257_item_1668219_clip_007.webm,morning,spring,0.866025,-0.5,-0.866025,0.5,spring_morning
1668219_clip009_s000,resources/site_257_bowra-dry-a/downloaded_clips/site_257_item_1668219/site_257_item_1668219_clip_009.webm,morning,spring,0.866025,-0.5,-0.866025,0.5,spring_morning
1668219_clip010_s000,resources/site_257_bowra-dry-a/downloaded_clips/site_257_item_1668219/site_257_item_1668219_clip_010.webm,morning,spring,0.866025,-0.5,-0.866025,0.5,spring_morning
1668219_clip010_s001,resources/site_257_bowra-dry-a/downloaded_clips/site_257_item_1668219/site_257_item_1668219_clip_010.webm,morning,spring,0.866025,-0.5,-0.866025,0.5,spring_morning
1668219_clip012_s000,resources/site_257_bowra-dry-a/downloaded_clips/site_257_item_1668219/site_257_item_1668219_clip_012.webm,morning,spring,0.866025,-0.5,-0.866025,0.5,spring_morning
1668219_clip012_s001,resources/site_257_bowra-dry-a/downloaded_clips/site_257_item_1668219/site_257_item_1668219_clip_012.webm,morning,spring,0.866025,-0.5,-0.866025,0.5,spring_morning
1668219_clip016_s000,resources/site_257_bowra-dry-a/downloaded_clips/site_257_item_1668219/site_257_item_1668219_clip_016.webm,morning,spring,0.866025,-0.5,-0.866025,0.5,spring_morning
1668219_clip017_s000,resources/site_257_bowra-dry-a/downloaded_clips/site_257_item_1668219/site_257_item_1668219_clip_017.webm,morning,spring,0.866025,-0.5,-0.866025,0.5,spring_morning
1668219_clip017_s001,resources/site_257_bowra-dry-a/downloaded_clips/site_257_item_1668219/site_257_item_1668219_clip_017.webm,morning,spring,0.866025,-0.5,-0.866025,0.5,spring_morning
1668219_clip018_s000,resources/site_257_bowra-dry-a/downloaded_clips/site_257_item_1668219/site_257_item_1668219_clip_018.webm,morning,spring,0.866025,-0.5,-0.866025,0.5,spring_morning
1668219_clip024_s000,resources/site_257_bowra-dry-a/downloaded_clips/site_257_item_1668219/site_257_item_1668219_clip_024.webm,morning,spring,0.866025,-0.5,-0.866025,0.5,spring_morning
1668219_clip024_s001,resources/site_257_bowra-dry-a/downloaded_clips/site_257_item_1668219/site_257_item_1668219_clip_024.webm,morning,spring,0.866025,-0.5,-0.866025,0.5,spring_morning
1677374_clip010_s000,resources/site_257_bowra-dry-a/downloaded_clips/site_257_item_1677374/site_257_item_1677374_clip_010.webm,morning,spring,0.866025,-0.5,-0.866025,0.5,spring_morning
1677374_clip013_s000,resources/site_257_bowra-dry-a/downloaded_clips/site_257_item_1677374/site_257_item_1677374_clip_013.webm,morning,spring,0.866025,-0.5,-0.866025,0.5,spring_morning
1677374_clip020_s000,resources/site_257_bowra-dry-a/downloaded_clips/site_257_item_1677374/site_257_item_1677374_clip_020.webm,morning,spring,0.866025,-0.5,-0.866025,0.5,spring_morning
1677374_clip020_s001,resources/site_257_bowra-dry-a/downloaded_clips/site_257_item_1677374/site_257_item_1677374_clip_020.webm,morning,spring,0.866025,-0.5,-0.866025,0.5,spring_morning
1677374_clip021_s000,resources/site_257_bowra-dry-a/downloaded_clips/site_257_item_1677374/site_257_item_1677374_clip_021.webm,morning,spring,0.866025,-0.5,-0.866025,0.5,spring_morning
1677374_clip021_s001,resources/site_257_bowra-dry-a/downloaded_clips/site_257_item_1677374/site_257_item_1677374_clip_021.webm,morning,spring,0.866025,-0.5,-0.866025,0.5,spring_morning
1677448_clip010_s000,resources/site_257_bowra-dry-a/downloaded_clips/site_257_item_1677448/site_257_item_1677448_clip_010.webm,morning,spring,0.866025,-0.5,-0.866025,0.5,spring_morning
1677448_clip015_s000,resources/site_257_bowra-dry-a/downloaded_clips/site_257_item_1677448/site_257_item_1677448_clip_015.webm,morning,spring,0.866025,-0.5,-0.866025,0.5,spring_morning
1677448_clip022_s000,resources/site_257_bowra-dry-a/downloaded_clips/site_257_item_1677448/site_257_item_1677448_clip_022.webm,morning,spring,0.866025,-0.5,-0.866025,0.5,spring_morning
1677448_clip024_s000,resources/site_257_bowra-dry-a/downloaded_clips/site_257_item_1677448/site_257_item_1677448_clip_024.webm,morning,spring,0.866025,-0.5,-0.866025,0.5,spring_morning
1678402_clip002_s000,resources/site_257_bowra-dry-a/downloaded_clips/site_257_item_1678402/site_257_item_1678402_clip_002.webm,morning,spring,0.866025,-0.5,-1.0,-0.0,spring_morning
1678402_clip004_s000,resources/site_257_bowra-dry-a/downloaded_clips/site_257_item_1678402/site_257_item_1678402_clip_004.webm,morning,spring,0.866025,-0.5,-1.0,-0.0,spring_morning
1678402_clip004_s001,resources/site_257_bowra-dry-a/downloaded_clips/site_257_item_1678402/site_257_item_1678402_clip_004.webm,morning,spring,0.866025,-0.5,-1.0,-0.0,spring_morning
1678402_clip006_s000,resources/site_257_bowra-dry-a/downloaded_clips/site_257_item_1678402/site_257_item_1678402_clip_006.webm,morning,spring,0.866025,-0.5,-1.0,-0.0,spring_morning
1678402_clip007_s000,resources/site_257_bowra-dry-a/downloaded_clips/site_257_item_1678402/site_257_item_1678402_clip_007.webm,morning,spring,0.866025,-0.5,-1.0,-0.0,spring_morning
1678402_clip008_s000,resources/site_257_bowra-dry-a/downloaded_clips/site_257_item_1678402/site_257_item_1678402_clip_008.webm,morning,spring,0.866025,-0.5,-1.0,-0.0,spring_morning
1678402_clip009_s000,resources/site_257_bowra-dry-a/downloaded_clips/site_257_item_1678402/site_257_item_1678402_clip_009.webm,morning,spring,0.866025,-0.5,-1.0,-0.0,spring_morning
1678402_clip011_s000,resources/site_257_bowra-dry-a/downloaded_clips/site_257_item_1678402/site_257_item_1678402_clip_011.webm,morning,spring,0.866025,-0.5,-1.0,-0.0,spring_morning
1399626_clip001_s000,resources/site_257_bowra-dry-a/downloaded_clips/site_257_item_1399626/site_257_item_1399626_clip_001.webm,night,spring,-0.5,0.866025,-1.0,-0.0,spring_night
1399626_clip002_s000,resources/site_257_bowra-dry-a/downloaded_clips/site_257_item_1399626/site_257_item_1399626_clip_002.webm,night,spring,-0.5,0.866025,-1.0,-0.0,spring_night
1399626_clip002_s001,resources/site_257_bowra-dry-a/downloaded_clips/site_257_item_1399626/site_257_item_1399626_clip_002.webm,night,spring,-0.5,0.866025,-1.0,-0.0,spring_night
1399626_clip002_s002,resources/site_257_bowra-dry-a/downloaded_clips/site_257_item_1399626/site_257_item_1399626_clip_002.webm,night,spring,-0.5,0.866025,-1.0,-0.0,spring_night
1399626_clip003_s000,resources/site_257_bowra-dry-a/downloaded_clips/site_257_item_1399626/site_257_item_1399626_clip_003.webm,night,spring,-0.5,0.866025,-1.0,-0.0,spring_night
1399626_clip003_s001,resources/site_257_bowra-dry-a/downloaded_clips/site_257_item_1399626/site_257_item_1399626_clip_003.webm,night,spring,-0.5,0.866025,-1.0,-0.0,spring_night
1399626_clip003_s002,resources/site_257_bowra-dry-a/downloaded_clips/site_257_item_1399626/site_257_item_1399626_clip_003.webm,night,spring,-0.5,0.866025,-1.0,-0.0,spring_night
1399626_clip003_s003,resources/site_257_bowra-dry-a/downloaded_clips/site_257_item_1399626/site_257_item_1399626_clip_003.webm,night,spring,-0.5,0.866025,-1.0,-0.0,spring_night
1399626_clip003_s004,resources/site_257_bowra-dry-a/downloaded_clips/site_257_item_1399626/site_257_item_1399626_clip_003.webm,night,spring,-0.5,0.866025,-1.0,-0.0,spring_night
1399626_clip005_s000,resources/site_257_bowra-dry-a/downloaded_clips/site_257_item_1399626/site_257_item_1399626_clip_005.webm,night,spring,-0.5,0.866025,-1.0,-0.0,spring_night
1399626_clip007_s000,resources/site_257_bowra-dry-a/downloaded_clips/site_257_item_1399626/site_257_item_1399626_clip_007.webm,night,spring,-0.5,0.866025,-1.0,-0.0,spring_night
1399626_clip007_s001,resources/site_257_bowra-dry-a/downloaded_clips/site_257_item_1399626/site_257_item_1399626_clip_007.webm,night,spring,-0.5,0.866025,-1.0,-0.0,spring_night
1399626_clip008_s000,resources/site_257_bowra-dry-a/downloaded_clips/site_257_item_1399626/site_257_item_1399626_clip_008.webm,night,spring,-0.5,0.866025,-1.0,-0.0,spring_night
1399626_clip008_s001,resources/site_257_bowra-dry-a/downloaded_clips/site_257_item_1399626/site_257_item_1399626_clip_008.webm,night,spring,-0.5,0.866025,-1.0,-0.0,spring_night
1399626_clip008_s002,resources/site_257_bowra-dry-a/downloaded_clips/site_257_item_1399626/site_257_item_1399626_clip_008.webm,night,spring,-0.5,0.866025,-1.0,-0.0,spring_night
1399626_clip008_s003,resources/site_257_bowra-dry-a/downloaded_clips/site_257_item_1399626/site_257_item_1399626_clip_008.webm,night,spring,-0.5,0.866025,-1.0,-0.0,spring_night
1399626_clip008_s004,resources/site_257_bowra-dry-a/downloaded_clips/site_257_item_1399626/site_257_item_1399626_clip_008.webm,night,spring,-0.5,0.866025,-1.0,-0.0,spring_night
1399626_clip009_s000,resources/site_257_bowra-dry-a/downloaded_clips/site_257_item_1399626/site_257_item_1399626_clip_009.webm,night,spring,-0.5,0.866025,-1.0,-0.0,spring_night
1399626_clip009_s001,resources/site_257_bowra-dry-a/downloaded_clips/site_257_item_1399626/site_257_item_1399626_clip_009.webm,night,spring,-0.5,0.866025,-1.0,-0.0,spring_night
1399626_clip009_s002,resources/site_257_bowra-dry-a/downloaded_clips/site_257_item_1399626/site_257_item_1399626_clip_009.webm,night,spring,-0.5,0.866025,-1.0,-0.0,spring_night
1399626_clip010_s000,resources/site_257_bowra-dry-a/downloaded_clips/site_257_item_1399626/site_257_item_1399626_clip_010.webm,night,spring,-0.5,0.866025,-1.0,-0.0,spring_night
1399626_clip010_s001,resources/site_257_bowra-dry-a/downloaded_clips/site_257_item_1399626/site_257_item_1399626_clip_010.webm,night,spring,-0.5,0.866025,-1.0,-0.0,spring_night
1399626_clip010_s002,resources/site_257_bowra-dry-a/downloaded_clips/site_257_item_1399626/site_257_item_1399626_clip_010.webm,night,spring,-0.5,0.866025,-1.0,-0.0,spring_night
1399626_clip010_s003,resources/site_257_bowra-dry-a/downloaded_clips/site_257_item_1399626/site_257_item_1399626_clip_010.webm,night,spring,-0.5,0.866025,-1.0,-0.0,spring_night
1399626_clip012_s000,resources/site_257_bowra-dry-a/downloaded_clips/site_257_item_1399626/site_257_item_1399626_clip_012.webm,night,spring,-0.5,0.866025,-1.0,-0.0,spring_night
1399626_clip012_s001,resources/site_257_bowra-dry-a/downloaded_clips/site_257_item_1399626/site_257_item_1399626_clip_012.webm,night,spring,-0.5,0.866025,-1.0,-0.0,spring_night
1399626_clip013_s000,resources/site_257_bowra-dry-a/downloaded_clips/site_257_item_1399626/site_257_item_1399626_clip_013.webm,night,spring,-0.5,0.866025,-1.0,-0.0,spring_night
1399626_clip013_s001,resources/site_257_bowra-dry-a/downloaded_clips/site_257_item_1399626/site_257_item_1399626_clip_013.webm,night,spring,-0.5,0.866025,-1.0,-0.0,spring_night
1399626_clip013_s002,resources/site_257_bowra-dry-a/downloaded_clips/site_257_item_1399626/site_257_item_1399626_clip_013.webm,night,spring,-0.5,0.866025,-1.0,-0.0,spring_night
1399626_clip014_s000,resources/site_257_bowra-dry-a/downloaded_clips/site_257_item_1399626/site_257_item_1399626_clip_014.webm,night,spring,-0.5,0.866025,-1.0,-0.0,spring_night
1399626_clip015_s000,resources/site_257_bowra-dry-a/downloaded_clips/site_257_item_1399626/site_257_item_1399626_clip_015.webm,night,spring,-0.5,0.866025,-1.0,-0.0,spring_night
1399626_clip015_s001,resources/site_257_bowra-dry-a/downloaded_clips/site_257_item_1399626/site_257_item_1399626_clip_015.webm,night,spring,-0.5,0.866025,-1.0,-0.0,spring_night
1399626_clip015_s002,resources/site_257_bowra-dry-a/downloaded_clips/site_257_item_1399626/site_257_item_1399626_clip_015.webm,night,spring,-0.5,0.866025,-1.0,-0.0,spring_night
1399626_clip016_s000,resources/site_257_bowra-dry-a/downloaded_clips/site_257_item_1399626/site_257_item_1399626_clip_016.webm,night,spring,-0.5,0.866025,-1.0,-0.0,spring_night
1399626_clip016_s001,resources/site_257_bowra-dry-a/downloaded_clips/site_257_item_1399626/site_257_item_1399626_clip_016.webm,night,spring,-0.5,0.866025,-1.0,-0.0,spring_night
1399626_clip017_s000,resources/site_257_bowra-dry-a/downloaded_clips/site_257_item_1399626/site_257_item_1399626_clip_017.webm,night,spring,-0.5,0.866025,-1.0,-0.0,spring_night
1399626_clip017_s001,resources/site_257_bowra-dry-a/downloaded_clips/site_257_item_1399626/site_257_item_1399626_clip_017.webm,night,spring,-0.5,0.866025,-1.0,-0.0,spring_night
1399626_clip017_s002,resources/site_257_bowra-dry-a/downloaded_clips/site_257_item_1399626/site_257_item_1399626_clip_017.webm,night,spring,-0.5,0.866025,-1.0,-0.0,spring_night
1399626_clip019_s000,resources/site_257_bowra-dry-a/downloaded_clips/site_257_item_1399626/site_257_item_1399626_clip_019.webm,night,spring,-0.5,0.866025,-1.0,-0.0,spring_night
1399626_clip019_s001,resources/site_257_bowra-dry-a/downloaded_clips/site_257_item_1399626/site_257_item_1399626_clip_019.webm,night,spring,-0.5,0.866025,-1.0,-0.0,spring_night
1399626_clip019_s002,resources/site_257_bowra-dry-a/downloaded_clips/site_257_item_1399626/site_257_item_1399626_clip_019.webm,night,spring,-0.5,0.866025,-1.0,-0.0,spring_night
1399626_clip019_s003,resources/site_257_bowra-dry-a/downloaded_clips/site_257_item_1399626/site_257_item_1399626_clip_019.webm,night,spring,-0.5,0.866025,-1.0,-0.0,spring_night
1399626_clip019_s004,resources/site_257_bowra-dry-a/downloaded_clips/site_257_item_1399626/site_257_item_1399626_clip_019.webm,night,spring,-0.5,0.866025,-1.0,-0.0,spring_night
1399626_clip020_s000,resources/site_257_bowra-dry-a/downloaded_clips/site_257_item_1399626/site_257_item_1399626_clip_020.webm,night,spring,-0.5,0.866025,-1.0,-0.0,spring_night
1399626_clip020_s001,resources/site_257_bowra-dry-a/downloaded_clips/site_257_item_1399626/site_257_item_1399626_clip_020.webm,night,spring,-0.5,0.866025,-1.0,-0.0,spring_night
1399626_clip020_s002,resources/site_257_bowra-dry-a/downloaded_clips/site_257_item_1399626/site_257_item_1399626_clip_020.webm,night,spring,-0.5,0.866025,-1.0,-0.0,spring_night
1399626_clip020_s003,resources/site_257_bowra-dry-a/downloaded_clips/site_257_item_1399626/site_257_item_1399626_clip_020.webm,night,spring,-0.5,0.866025,-1.0,-0.0,spring_night
1399626_clip021_s000,resources/site_257_bowra-dry-a/downloaded_clips/site_257_item_1399626/site_257_item_1399626_clip_021.webm,night,spring,-0.5,0.866025,-1.0,-0.0,spring_night
1399626_clip021_s001,resources/site_257_bowra-dry-a/downloaded_clips/site_257_item_1399626/site_257_item_1399626_clip_021.webm,night,spring,-0.5,0.866025,-1.0,-0.0,spring_night
1399626_clip021_s002,resources/site_257_bowra-dry-a/downloaded_clips/site_257_item_1399626/site_257_item_1399626_clip_021.webm,night,spring,-0.5,0.866025,-1.0,-0.0,spring_night
1399626_clip022_s000,resources/site_257_bowra-dry-a/downloaded_clips/site_257_item_1399626/site_257_item_1399626_clip_022.webm,night,spring,-0.5,0.866025,-1.0,-0.0,spring_night
1399626_clip022_s001,resources/site_257_bowra-dry-a/downloaded_clips/site_257_item_1399626/site_257_item_1399626_clip_022.webm,night,spring,-0.5,0.866025,-1.0,-0.0,spring_night
1399626_clip022_s002,resources/site_257_bowra-dry-a/downloaded_clips/site_257_item_1399626/site_257_item_1399626_clip_022.webm,night,spring,-0.5,0.866025,-1.0,-0.0,spring_night
1399626_clip023_s000,resources/site_257_bowra-dry-a/downloaded_clips/site_257_item_1399626/site_257_item_1399626_clip_023.webm,night,spring,-0.5,0.866025,-1.0,-0.0,spring_night
1399626_clip024_s000,resources/site_257_bowra-dry-a/downloaded_clips/site_257_item_1399626/site_257_item_1399626_clip_024.webm,night,spring,-0.5,0.866025,-1.0,-0.0,spring_night
1399626_clip024_s001,resources/site_257_bowra-dry-a/downloaded_clips/site_257_item_1399626/site_257_item_1399626_clip_024.webm,night,spring,-0.5,0.866025,-1.0,-0.0,spring_night
1399626_clip024_s002,resources/site_257_bowra-dry-a/downloaded_clips/site_257_item_1399626/site_257_item_1399626_clip_024.webm,night,spring,-0.5,0.866025,-1.0,-0.0,spring_night
1400040_clip001_s000,resources/site_257_bowra-dry-a/downloaded_clips/site_257_item_1400040/site_257_item_1400040_clip_001.webm,night,spring,-0.5,0.866025,-1.0,-0.0,spring_night
1400040_clip003_s000,resources/site_257_bowra-dry-a/downloaded_clips/site_257_item_1400040/site_257_item_1400040_clip_003.webm,night,spring,-0.5,0.866025,-1.0,-0.0,spring_night
1400040_clip006_s000,resources/site_257_bowra-dry-a/downloaded_clips/site_257_item_1400040/site_257_item_1400040_clip_006.webm,night,spring,-0.5,0.866025,-1.0,-0.0,spring_night
1400040_clip006_s001,resources/site_257_bowra-dry-a/downloaded_clips/site_257_item_1400040/site_257_item_1400040_clip_006.webm,night,spring,-0.5,0.866025,-1.0,-0.0,spring_night
1400040_clip010_s000,resources/site_257_bowra-dry-a/downloaded_clips/site_257_item_1400040/site_257_item_1400040_clip_010.webm,night,spring,-0.5,0.866025,-1.0,-0.0,spring_night
1400040_clip010_s001,resources/site_257_bowra-dry-a/downloaded_clips/site_257_item_1400040/site_257_item_1400040_clip_010.webm,night,spring,-0.5,0.866025,-1.0,-0.0,spring_night
1400040_clip011_s000,resources/site_257_bowra-dry-a/downloaded_clips/site_257_item_1400040/site_257_item_1400040_clip_011.webm,night,spring,-0.5,0.866025,-1.0,-0.0,spring_night
1400040_clip013_s000,resources/site_257_bowra-dry-a/downloaded_clips/site_257_item_1400040/site_257_item_1400040_clip_013.webm,night,spring,-0.5,0.866025,-1.0,-0.0,spring_night
1400040_clip013_s001,resources/site_257_bowra-dry-a/downloaded_clips/site_257_item_1400040/site_257_item_1400040_clip_013.webm,night,spring,-0.5,0.866025,-1.0,-0.0,spring_night
1400040_clip013_s002,resources/site_257_bowra-dry-a/downloaded_clips/site_257_item_1400040/site_257_item_1400040_clip_013.webm,night,spring,-0.5,0.866025,-1.0,-0.0,spring_night
1400040_clip014_s000,resources/site_257_bowra-dry-a/downloaded_clips/site_257_item_1400040/site_257_item_1400040_clip_014.webm,night,spring,-0.5,0.866025,-1.0,-0.0,spring_night
1400040_clip015_s000,resources/site_257_bowra-dry-a/downloaded_clips/site_257_item_1400040/site_257_item_1400040_clip_015.webm,night,spring,-0.5,0.866025,-1.0,-0.0,spring_night
1400040_clip016_s000,resources/site_257_bowra-dry-a/downloaded_clips/site_257_item_1400040/site_257_item_1400040_clip_016.webm,night,spring,-0.5,0.866025,-1.0,-0.0,spring_night
1400040_clip016_s001,resources/site_257_bowra-dry-a/downloaded_clips/site_257_item_1400040/site_257_item_1400040_clip_016.webm,night,spring,-0.5,0.866025,-1.0,-0.0,spring_night
1400040_clip017_s000,resources/site_257_bowra-dry-a/downloaded_clips/site_257_item_1400040/site_257_item_1400040_clip_017.webm,night,spring,-0.5,0.866025,-1.0,-0.0,spring_night
1400040_clip017_s001,resources/site_257_bowra-dry-a/downloaded_clips/site_257_item_1400040/site_257_item_1400040_clip_017.webm,night,spring,-0.5,0.866025,-1.0,-0.0,spring_night
1400040_clip018_s000,resources/site_257_bowra-dry-a/downloaded_clips/site_257_item_1400040/site_257_item_1400040_clip_018.webm,night,spring,-0.5,0.866025,-1.0,-0.0,spring_night
1400040_clip020_s000,resources/site_257_bowra-dry-a/downloaded_clips/site_257_item_1400040/site_257_item_1400040_clip_020.webm,night,spring,-0.5,0.866025,-1.0,-0.0,spring_night
1400040_clip020_s001,resources/site_257_bowra-dry-a/downloaded_clips/site_257_item_1400040/site_257_item_1400040_clip_020.webm,night,spring,-0.5,0.866025,-1.0,-0.0,spring_night
1400040_clip021_s000,resources/site_257_bowra-dry-a/downloaded_clips/site_257_item_1400040/site_257_item_1400040_clip_021.webm,night,spring,-0.5,0.866025,-1.0,-0.0,spring_night
1400040_clip024_s000,resources/site_257_bowra-dry-a/downloaded_clips/site_257_item_1400040/site_257_item_1400040_clip_024.webm,night,spring,-0.5,0.866025,-1.0,-0.0,spring_night
1400040_clip024_s001,resources/site_257_bowra-dry-a/downloaded_clips/site_257_item_1400040/site_257_item_1400040_clip_024.webm,night,spring,-0.5,0.866025,-1.0,-0.0,spring_night
1401113_clip008_s000,resources/site_257_bowra-dry-a/downloaded_clips/site_257_item_1401113/site_257_item_1401113_clip_008.webm,night,spring,-0.5,0.866025,-0.5,0.866025,spring_night
1401113_clip011_s000,resources/site_257_bowra-dry-a/downloaded_clips/site_257_item_1401113/site_257_item_1401113_clip_011.webm,night,spring,-0.5,0.866025,-0.5,0.866025,spring_night
1401113_clip017_s000,resources/site_257_bowra-dry-a/downloaded_clips/site_257_item_1401113/site_257_item_1401113_clip_017.webm,night,spring,-0.5,0.866025,-0.5,0.866025,spring_night
1401113_clip019_s000,resources/site_257_bowra-dry-a/downloaded_clips/site_257_item_1401113/site_257_item_1401113_clip_019.webm,night,spring,-0.5,0.866025,-0.5,0.866025,spring_night
1401305_clip006_s000,resources/site_257_bowra-dry-a/downloaded_clips/site_257_item_1401305/site_257_item_1401305_clip_006.webm,night,spring,-0.5,0.866025,-0.866025,0.5,spring_night
1401305_clip016_s000,resources/site_257_bowra-dry-a/downloaded_clips/site_257_item_1401305/site_257_item_1401305_clip_016.webm,night,spring,-0.5,0.866025,-0.866025,0.5,spring_night
1401305_clip016_s001,resources/site_257_bowra-dry-a/downloaded_clips/site_257_item_1401305/site_257_item_1401305_clip_016.webm,night,spring,-0.5,0.866025,-0.866025,0.5,spring_night
1401569_clip003_s000,resources/site_257_bowra-dry-a/downloaded_clips/site_257_item_1401569/site_257_item_1401569_clip_003.webm,night,spring,-0.5,0.866025,-0.866025,0.5,spring_night
1401569_clip004_s000,resources/site_257_bowra-dry-a/downloaded_clips/site_257_item_1401569/site_257_item_1401569_clip_004.webm,night,spring,-0.5,0.866025,-0.866025,0.5,spring_night
1401569_clip004_s001,resources/site_257_bowra-dry-a/downloaded_clips/site_257_item_1401569/site_257_item_1401569_clip_004.webm,night,spring,-0.5,0.866025,-0.866025,0.5,spring_night
1401569_clip005_s000,resources/site_257_bowra-dry-a/downloaded_clips/site_257_item_1401569/site_257_item_1401569_clip_005.webm,night,spring,-0.5,0.866025,-0.866025,0.5,spring_night
1401569_clip005_s001,resources/site_257_bowra-dry-a/downloaded_clips/site_257_item_1401569/site_257_item_1401569_clip_005.webm,night,spring,-0.5,0.866025,-0.866025,0.5,spring_night
1401569_clip006_s000,resources/site_257_bowra-dry-a/downloaded_clips/site_257_item_1401569/site_257_item_1401569_clip_006.webm,night,spring,-0.5,0.866025,-0.866025,0.5,spring_night
1401569_clip006_s001,resources/site_257_bowra-dry-a/downloaded_clips/site_257_item_1401569/site_257_item_1401569_clip_006.webm,night,spring,-0.5,0.866025,-0.866025,0.5,spring_night
1401569_clip007_s000,resources/site_257_bowra-dry-a/downloaded_clips/site_257_item_1401569/site_257_item_1401569_clip_007.webm,night,spring,-0.5,0.866025,-0.866025,0.5,spring_night
1401569_clip007_s001,resources/site_257_bowra-dry-a/downloaded_clips/site_257_item_1401569/site_257_item_1401569_clip_007.webm,night,spring,-0.5,0.866025,-0.866025,0.5,spring_night
1401569_clip008_s000,resources/site_257_bowra-dry-a/downloaded_clips/site_257_item_1401569/site_257_item_1401569_clip_008.webm,night,spring,-0.5,0.866025,-0.866025,0.5,spring_night
1401569_clip010_s000,resources/site_257_bowra-dry-a/downloaded_clips/site_257_item_1401569/site_257_item_1401569_clip_010.webm,night,spring,-0.5,0.866025,-0.866025,0.5,spring_night
1401569_clip010_s001,resources/site_257_bowra-dry-a/downloaded_clips/site_257_item_1401569/site_257_item_1401569_clip_010.webm,night,spring,-0.5,0.866025,-0.866025,0.5,spring_night
1401569_clip012_s000,resources/site_257_bowra-dry-a/downloaded_clips/site_257_item_1401569/site_257_item_1401569_clip_012.webm,night,spring,-0.5,0.866025,-0.866025,0.5,spring_night
1401569_clip012_s001,resources/site_257_bowra-dry-a/downloaded_clips/site_257_item_1401569/site_257_item_1401569_clip_012.webm,night,spring,-0.5,0.866025,-0.866025,0.5,spring_night
1401569_clip014_s000,resources/site_257_bowra-dry-a/downloaded_clips/site_257_item_1401569/site_257_item_1401569_clip_014.webm,night,spring,-0.5,0.866025,-0.866025,0.5,spring_night
1401569_clip014_s001,resources/site_257_bowra-dry-a/downloaded_clips/site_257_item_1401569/site_257_item_1401569_clip_014.webm,night,spring,-0.5,0.866025,-0.866025,0.5,spring_night
1401569_clip015_s000,resources/site_257_bowra-dry-a/downloaded_clips/site_257_item_1401569/site_257_item_1401569_clip_015.webm,night,spring,-0.5,0.866025,-0.866025,0.5,spring_night
1401569_clip017_s000,resources/site_257_bowra-dry-a/downloaded_clips/site_257_item_1401569/site_257_item_1401569_clip_017.webm,night,spring,-0.5,0.866025,-0.866025,0.5,spring_night
1401569_clip017_s001,resources/site_257_bowra-dry-a/downloaded_clips/site_257_item_1401569/site_257_item_1401569_clip_017.webm,night,spring,-0.5,0.866025,-0.866025,0.5,spring_night
1401569_clip019_s000,resources/site_257_bowra-dry-a/downloaded_clips/site_257_item_1401569/site_257_item_1401569_clip_019.webm,night,spring,-0.5,0.866025,-0.866025,0.5,spring_night
1401569_clip022_s000,resources/site_257_bowra-dry-a/downloaded_clips/site_257_item_1401569/site_257_item_1401569_clip_022.webm,night,spring,-0.5,0.866025,-0.866025,0.5,spring_night
1401569_clip022_s001,resources/site_257_bowra-dry-a/downloaded_clips/site_257_item_1401569/site_257_item_1401569_clip_022.webm,night,spring,-0.5,0.866025,-0.866025,0.5,spring_night
1401569_clip022_s002,resources/site_257_bowra-dry-a/downloaded_clips/site_257_item_1401569/site_257_item_1401569_clip_022.webm,night,spring,-0.5,0.866025,-0.866025,0.5,spring_night
1401569_clip022_s003,resources/site_257_bowra-dry-a/downloaded_clips/site_257_item_1401569/site_257_item_1401569_clip_022.webm,night,spring,-0.5,0.866025,-0.866025,0.5,spring_night
1401569_clip023_s000,resources/site_257_bowra-dry-a/downloaded_clips/site_257_item_1401569/site_257_item_1401569_clip_023.webm,night,spring,-0.5,0.866025,-0.866025,0.5,spring_night
1401569_clip024_s000,resources/site_257_bowra-dry-a/downloaded_clips/site_257_item_1401569/site_257_item_1401569_clip_024.webm,night,spring,-0.5,0.866025,-0.866025,0.5,spring_night
1401569_clip024_s001,resources/site_257_bowra-dry-a/downloaded_clips/site_257_item_1401569/site_257_item_1401569_clip_024.webm,night,spring,-0.5,0.866025,-0.866025,0.5,spring_night
1401569_clip024_s002,resources/site_257_bowra-dry-a/downloaded_clips/site_257_item_1401569/site_257_item_1401569_clip_024.webm,night,spring,-0.5,0.866025,-0.866025,0.5,spring_night
1401611_clip001_s000,resources/site_257_bowra-dry-a/downloaded_clips/site_257_item_1401611/site_257_item_1401611_clip_001.webm,night,spring,-0.5,0.866025,-0.5,0.866025,spring_night
1401611_clip005_s000,resources/site_257_bowra-dry-a/downloaded_clips/site_257_item_1401611/site_257_item_1401611_clip_005.webm,night,spring,-0.5,0.866025,-0.5,0.866025,spring_night
1401611_clip006_s000,resources/site_257_bowra-dry-a/downloaded_clips/site_257_item_1401611/site_257_item_1401611_clip_006.webm,night,spring,-0.5,0.866025,-0.5,0.866025,spring_night
1401611_clip007_s000,resources/site_257_bowra-dry-a/downloaded_clips/site_257_item_1401611/site_257_item_1401611_clip_007.webm,night,spring,-0.5,0.866025,-0.5,0.866025,spring_night
1401611_clip007_s001,resources/site_257_bowra-dry-a/downloaded_clips/site_257_item_1401611/site_257_item_1401611_clip_007.webm,night,spring,-0.5,0.866025,-0.5,0.866025,spring_night
1401611_clip008_s000,resources/site_257_bowra-dry-a/downloaded_clips/site_257_item_1401611/site_257_item_1401611_clip_008.webm,night,spring,-0.5,0.866025,-0.5,0.866025,spring_night
1401611_clip010_s000,resources/site_257_bowra-dry-a/downloaded_clips/site_257_item_1401611/site_257_item_1401611_clip_010.webm,night,spring,-0.5,0.866025,-0.5,0.866025,spring_night
1401611_clip012_s000,resources/site_257_bowra-dry-a/downloaded_clips/site_257_item_1401611/site_257_item_1401611_clip_012.webm,night,spring,-0.5,0.866025,-0.5,0.866025,spring_night
1401611_clip013_s000,resources/site_257_bowra-dry-a/downloaded_clips/site_257_item_1401611/site_257_item_1401611_clip_013.webm,night,spring,-0.5,0.866025,-0.5,0.866025,spring_night
1401611_clip015_s000,resources/site_257_bowra-dry-a/downloaded_clips/site_257_item_1401611/site_257_item_1401611_clip_015.webm,night,spring,-0.5,0.866025,-0.5,0.866025,spring_night
1401611_clip015_s001,resources/site_257_bowra-dry-a/downloaded_clips/site_257_item_1401611/site_257_item_1401611_clip_015.webm,night,spring,-0.5,0.866025,-0.5,0.866025,spring_night
1401611_clip019_s000,resources/site_257_bowra-dry-a/downloaded_clips/site_257_item_1401611/site_257_item_1401611_clip_019.webm,night,spring,-0.5,0.866025,-0.5,0.866025,spring_night
1401611_clip019_s001,resources/site_257_bowra-dry-a/downloaded_clips/site_257_item_1401611/site_257_item_1401611_clip_019.webm,night,spring,-0.5,0.866025,-0.5,0.866025,spring_night
1401611_clip019_s002,resources/site_257_bowra-dry-a/downloaded_clips/site_257_item_1401611/site_257_item_1401611_clip_019.webm,night,spring,-0.5,0.866025,-0.5,0.866025,spring_night
1401611_clip023_s000,resources/site_257_bowra-dry-a/downloaded_clips/site_257_item_1401611/site_257_item_1401611_clip_023.webm,night,spring,-0.5,0.866025,-0.5,0.866025,spring_night
1401611_clip024_s000,resources/site_257_bowra-dry-a/downloaded_clips/site_257_item_1401611/site_257_item_1401611_clip_024.webm,night,spring,-0.5,0.866025,-0.5,0.866025,spring_night
1535454_clip001_s000,resources/site_257_bowra-dry-a/downloaded_clips/site_257_item_1535454/site_257_item_1535454_clip_001.webm,night,spring,-0.5,0.866025,-1.0,-0.0,spring_night
1535454_clip003_s000,resources/site_257_bowra-dry-a/downloaded_clips/site_257_item_1535454/site_257_item_1535454_clip_003.webm,night,spring,-0.5,0.866025,-1.0,-0.0,spring_night
1535454_clip006_s000,resources/site_257_bowra-dry-a/downloaded_clips/site_257_item_1535454/site_257_item_1535454_clip_006.webm,night,spring,-0.5,0.866025,-1.0,-0.0,spring_night
1535454_clip009_s000,resources/site_257_bowra-dry-a/downloaded_clips/site_257_item_1535454/site_257_item_1535454_clip_009.webm,night,spring,-0.5,0.866025,-1.0,-0.0,spring_night
1535454_clip014_s000,resources/site_257_bowra-dry-a/downloaded_clips/site_257_item_1535454/site_257_item_1535454_clip_014.webm,night,spring,-0.5,0.866025,-1.0,-0.0,spring_night
1535454_clip019_s000,resources/site_257_bowra-dry-a/downloaded_clips/site_257_item_1535454/site_257_item_1535454_clip_019.webm,night,spring,-0.5,0.866025,-1.0,-0.0,spring_night
1535454_clip021_s000,resources/site_257_bowra-dry-a/downloaded_clips/site_257_item_1535454/site_257_item_1535454_clip_021.webm,night,spring,-0.5,0.866025,-1.0,-0.0,spring_night
1677392_clip001_s000,resources/site_257_bowra-dry-a/downloaded_clips/site_257_item_1677392/site_257_item_1677392_clip_001.webm,night,spring,-0.5,0.866025,-0.866025,0.5,spring_night
1677392_clip024_s000,resources/site_257_bowra-dry-a/downloaded_clips/site_257_item_1677392/site_257_item_1677392_clip_024.webm,night,spring,-0.5,0.866025,-0.866025,0.5,spring_night
1678513_clip004_s000,resources/site_257_bowra-dry-a/downloaded_clips/site_257_item_1678513/site_257_item_1678513_clip_004.webm,night,spring,-0.258819,0.965926,-0.866025,0.5,spring_night
1679156_clip002_s000,resources/site_257_bowra-dry-a/downloaded_clips/site_257_item_1679156/site_257_item_1679156_clip_002.webm,night,spring,-0.5,0.866025,-0.5,0.866025,spring_night
1679156_clip005_s000,resources/site_257_bowra-dry-a/downloaded_clips/site_257_item_1679156/site_257_item_1679156_clip_005.webm,night,spring,-0.5,0.866025,-0.5,0.866025,spring_night
1679156_clip006_s000,resources/site_257_bowra-dry-a/downloaded_clips/site_257_item_1679156/site_257_item_1679156_clip_006.webm,night,spring,-0.5,0.866025,-0.5,0.866025,spring_night
1679156_clip006_s001,resources/site_257_bowra-dry-a/downloaded_clips/site_257_item_1679156/site_257_item_1679156_clip_006.webm,night,spring,-0.5,0.866025,-0.5,0.866025,spring_night
1679156_clip009_s000,resources/site_257_bowra-dry-a/downloaded_clips/site_257_item_1679156/site_257_item_1679156_clip_009.webm,night,spring,-0.5,0.866025,-0.5,0.866025,spring_night
1679156_clip011_s000,resources/site_257_bowra-dry-a/downloaded_clips/site_257_item_1679156/site_257_item_1679156_clip_011.webm,night,spring,-0.5,0.866025,-0.5,0.866025,spring_night
1679156_clip013_s000,resources/site_257_bowra-dry-a/downloaded_clips/site_257_item_1679156/site_257_item_1679156_clip_013.webm,night,spring,-0.5,0.866025,-0.5,0.866025,spring_night
1679156_clip014_s000,resources/site_257_bowra-dry-a/downloaded_clips/site_257_item_1679156/site_257_item_1679156_clip_014.webm,night,spring,-0.5,0.866025,-0.5,0.866025,spring_night
1679156_clip022_s000,resources/site_257_bowra-dry-a/downloaded_clips/site_257_item_1679156/site_257_item_1679156_clip_022.webm,night,spring,-0.5,0.866025,-0.5,0.866025,spring_night
1679156_clip022_s001,resources/site_257_bowra-dry-a/downloaded_clips/site_257_item_1679156/site_257_item_1679156_clip_022.webm,night,spring,-0.5,0.866025,-0.5,0.866025,spring_night
1682291_clip010_s000,resources/site_257_bowra-dry-a/downloaded_clips/site_257_item_1682291/site_257_item_1682291_clip_010.webm,night,spring,-0.5,0.866025,-0.5,0.866025,spring_night
1682291_clip013_s000,resources/site_257_bowra-dry-a/downloaded_clips/site_257_item_1682291/site_257_item_1682291_clip_013.webm,night,spring,-0.5,0.866025,-0.5,0.866025,spring_night
1682291_clip014_s000,resources/site_257_bowra-dry-a/downloaded_clips/site_257_item_1682291/site_257_item_1682291_clip_014.webm,night,spring,-0.5,0.866025,-0.5,0.866025,spring_night
1682291_clip019_s000,resources/site_257_bowra-dry-a/downloaded_clips/site_257_item_1682291/site_257_item_1682291_clip_019.webm,night,spring,-0.5,0.866025,-0.5,0.866025,spring_night
1682291_clip024_s000,resources/site_257_bowra-dry-a/downloaded_clips/site_257_item_1682291/site_257_item_1682291_clip_024.webm,night,spring,-0.5,0.866025,-0.5,0.866025,spring_night
214518_clip001_s000,resources/site_257_bowra-dry-a/downloaded_clips/site_257_item_214518/site_257_item_214518_clip_001.webm,night,spring,-0.5,0.866025,-0.866025,0.5,spring_night
214518_clip003_s000,resources/site_257_bowra-dry-a/downloaded_clips/site_257_item_214518/site_257_item_214518_clip_003.webm,night,spring,-0.5,0.866025,-0.866025,0.5,spring_night
214518_clip003_s001,resources/site_257_bowra-dry-a/downloaded_clips/site_257_item_214518/site_257_item_214518_clip_003.webm,night,spring,-0.5,0.866025,-0.866025,0.5,spring_night
214518_clip005_s000,resources/site_257_bowra-dry-a/downloaded_clips/site_257_item_214518/site_257_item_214518_clip_005.webm,night,spring,-0.5,0.866025,-0.866025,0.5,spring_night
214518_clip007_s000,resources/site_257_bowra-dry-a/downloaded_clips/site_257_item_214518/site_257_item_214518_clip_007.webm,night,spring,-0.5,0.866025,-0.866025,0.5,spring_night
214518_clip010_s000,resources/site_257_bowra-dry-a/downloaded_clips/site_257_item_214518/site_257_item_214518_clip_010.webm,night,spring,-0.5,0.866025,-0.866025,0.5,spring_night
214518_clip012_s000,resources/site_257_bowra-dry-a/downloaded_clips/site_257_item_214518/site_257_item_214518_clip_012.webm,night,spring,-0.5,0.866025,-0.866025,0.5,spring_night
214518_clip019_s000,resources/site_257_bowra-dry-a/downloaded_clips/site_257_item_214518/site_257_item_214518_clip_019.webm,night,spring,-0.5,0.866025,-0.866025,0.5,spring_night
214518_clip020_s000,resources/site_257_bowra-dry-a/downloaded_clips/site_257_item_214518/site_257_item_214518_clip_020.webm,night,spring,-0.5,0.866025,-0.866025,0.5,spring_night
214518_clip021_s000,resources/site_257_bowra-dry-a/downloaded_clips/site_257_item_214518/site_257_item_214518_clip_021.webm,night,spring,-0.5,0.866025,-0.866025,0.5,spring_night
214665_clip001_s000,resources/site_257_bowra-dry-a/downloaded_clips/site_257_item_214665/site_257_item_214665_clip_001.webm,night,spring,-0.5,0.866025,-0.5,0.866025,spring_night
214665_clip014_s000,resources/site_257_bowra-dry-a/downloaded_clips/site_257_item_214665/site_257_item_214665_clip_014.webm,night,spring,-0.5,0.866025,-0.5,0.866025,spring_night
214665_clip014_s001,resources/site_257_bowra-dry-a/downloaded_clips/site_257_item_214665/site_257_item_214665_clip_014.webm,night,spring,-0.5,0.866025,-0.5,0.866025,spring_night
214665_clip015_s000,resources/site_257_bowra-dry-a/downloaded_clips/site_257_item_214665/site_257_item_214665_clip_015.webm,night,spring,-0.5,0.866025,-0.5,0.866025,spring_night
214665_clip015_s001,resources/site_257_bowra-dry-a/downloaded_clips/site_257_item_214665/site_257_item_214665_clip_015.webm,night,spring,-0.5,0.866025,-0.5,0.866025,spring_night
214665_clip016_s000,resources/site_257_bowra-dry-a/downloaded_clips/site_257_item_214665/site_257_item_214665_clip_016.webm,night,spring,-0.5,0.866025,-0.5,0.866025,spring_night
214665_clip016_s001,resources/site_257_bowra-dry-a/downloaded_clips/site_257_item_214665/site_257_item_214665_clip_016.webm,night,spring,-0.5,0.866025,-0.5,0.866025,spring_night
214665_clip017_s000,resources/site_257_bowra-dry-a/downloaded_clips/site_257_item_214665/site_257_item_214665_clip_017.webm,night,spring,-0.5,0.866025,-0.5,0.866025,spring_night
214665_clip018_s000,resources/site_257_bowra-dry-a/downloaded_clips/site_257_item_214665/site_257_item_214665_clip_018.webm,night,spring,-0.5,0.866025,-0.5,0.866025,spring_night
214665_clip018_s001,resources/site_257_bowra-dry-a/downloaded_clips/site_257_item_214665/site_257_item_214665_clip_018.webm,night,spring,-0.5,0.866025,-0.5,0.866025,spring_night
214665_clip020_s000,resources/site_257_bowra-dry-a/downloaded_clips/site_257_item_214665/site_257_item_214665_clip_020.webm,night,spring,-0.5,0.866025,-0.5,0.866025,spring_night
214665_clip020_s001,resources/site_257_bowra-dry-a/downloaded_clips/site_257_item_214665/site_257_item_214665_clip_020.webm,night,spring,-0.5,0.866025,-0.5,0.866025,spring_night
214665_clip022_s000,resources/site_257_bowra-dry-a/downloaded_clips/site_257_item_214665/site_257_item_214665_clip_022.webm,night,spring,-0.5,0.866025,-0.5,0.866025,spring_night
214665_clip022_s001,resources/site_257_bowra-dry-a/downloaded_clips/site_257_item_214665/site_257_item_214665_clip_022.webm,night,spring,-0.5,0.866025,-0.5,0.866025,spring_night
214665_clip024_s000,resources/site_257_bowra-dry-a/downloaded_clips/site_257_item_214665/site_257_item_214665_clip_024.webm,night,spring,-0.5,0.866025,-0.5,0.866025,spring_night
214665_clip024_s001,resources/site_257_bowra-dry-a/downloaded_clips/site_257_item_214665/site_257_item_214665_clip_024.webm,night,spring,-0.5,0.866025,-0.5,0.866025,spring_night
214835_clip001_s000,resources/site_257_bowra-dry-a/downloaded_clips/site_257_item_214835/site_257_item_214835_clip_001.webm,night,spring,-0.5,0.866025,-0.5,0.866025,spring_night
214835_clip001_s001,resources/site_257_bowra-dry-a/downloaded_clips/site_257_item_214835/site_257_item_214835_clip_001.webm,night,spring,-0.5,0.866025,-0.5,0.866025,spring_night
214835_clip001_s002,resources/site_257_bowra-dry-a/downloaded_clips/site_257_item_214835/site_257_item_214835_clip_001.webm,night,spring,-0.5,0.866025,-0.5,0.866025,spring_night
214835_clip002_s000,resources/site_257_bowra-dry-a/downloaded_clips/site_257_item_214835/site_257_item_214835_clip_002.webm,night,spring,-0.5,0.866025,-0.5,0.866025,spring_night
214835_clip003_s000,resources/site_257_bowra-dry-a/downloaded_clips/site_257_item_214835/site_257_item_214835_clip_003.webm,night,spring,-0.5,0.866025,-0.5,0.866025,spring_night
214835_clip003_s001,resources/site_257_bowra-dry-a/downloaded_clips/site_257_item_214835/site_257_item_214835_clip_003.webm,night,spring,-0.5,0.866025,-0.5,0.866025,spring_night
214835_clip003_s002,resources/site_257_bowra-dry-a/downloaded_clips/site_257_item_214835/site_257_item_214835_clip_003.webm,night,spring,-0.5,0.866025,-0.5,0.866025,spring_night
214835_clip003_s003,resources/site_257_bowra-dry-a/downloaded_clips/site_257_item_214835/site_257_item_214835_clip_003.webm,night,spring,-0.5,0.866025,-0.5,0.866025,spring_night
214835_clip003_s004,resources/site_257_bowra-dry-a/downloaded_clips/site_257_item_214835/site_257_item_214835_clip_003.webm,night,spring,-0.5,0.866025,-0.5,0.866025,spring_night
214835_clip004_s000,resources/site_257_bowra-dry-a/downloaded_clips/site_257_item_214835/site_257_item_214835_clip_004.webm,night,spring,-0.5,0.866025,-0.5,0.866025,spring_night
214835_clip004_s001,resources/site_257_bowra-dry-a/downloaded_clips/site_257_item_214835/site_257_item_214835_clip_004.webm,night,spring,-0.5,0.866025,-0.5,0.866025,spring_night
214835_clip004_s002,resources/site_257_bowra-dry-a/downloaded_clips/site_257_item_214835/site_257_item_214835_clip_004.webm,night,spring,-0.5,0.866025,-0.5,0.866025,spring_night
214835_clip005_s000,resources/site_257_bowra-dry-a/downloaded_clips/site_257_item_214835/site_257_item_214835_clip_005.webm,night,spring,-0.5,0.866025,-0.5,0.866025,spring_night
214835_clip005_s001,resources/site_257_bowra-dry-a/downloaded_clips/site_257_item_214835/site_257_item_214835_clip_005.webm,night,spring,-0.5,0.866025,-0.5,0.866025,spring_night
214835_clip006_s000,resources/site_257_bowra-dry-a/downloaded_clips/site_257_item_214835/site_257_item_214835_clip_006.webm,night,spring,-0.5,0.866025,-0.5,0.866025,spring_night
214835_clip006_s001,resources/site_257_bowra-dry-a/downloaded_clips/site_257_item_214835/site_257_item_214835_clip_006.webm,night,spring,-0.5,0.866025,-0.5,0.866025,spring_night
214835_clip006_s002,resources/site_257_bowra-dry-a/downloaded_clips/site_257_item_214835/site_257_item_214835_clip_006.webm,night,spring,-0.5,0.866025,-0.5,0.866025,spring_night
214835_clip006_s003,resources/site_257_bowra-dry-a/downloaded_clips/site_257_item_214835/site_257_item_214835_clip_006.webm,night,spring,-0.5,0.866025,-0.5,0.866025,spring_night
214835_clip007_s000,resources/site_257_bowra-dry-a/downloaded_clips/site_257_item_214835/site_257_item_214835_clip_007.webm,night,spring,-0.5,0.866025,-0.5,0.866025,spring_night
214835_clip008_s000,resources/site_257_bowra-dry-a/downloaded_clips/site_257_item_214835/site_257_item_214835_clip_008.webm,night,spring,-0.5,0.866025,-0.5,0.866025,spring_night
214835_clip008_s001,resources/site_257_bowra-dry-a/downloaded_clips/site_257_item_214835/site_257_item_214835_clip_008.webm,night,spring,-0.5,0.866025,-0.5,0.866025,spring_night
214835_clip009_s000,resources/site_257_bowra-dry-a/downloaded_clips/site_257_item_214835/site_257_item_214835_clip_009.webm,night,spring,-0.5,0.866025,-0.5,0.866025,spring_night
214835_clip009_s001,resources/site_257_bowra-dry-a/downloaded_clips/site_257_item_214835/site_257_item_214835_clip_009.webm,night,spring,-0.5,0.866025,-0.5,0.866025,spring_night
214835_clip009_s002,resources/site_257_bowra-dry-a/downloaded_clips/site_257_item_214835/site_257_item_214835_clip_009.webm,night,spring,-0.5,0.866025,-0.5,0.866025,spring_night
214835_clip010_s000,resources/site_257_bowra-dry-a/downloaded_clips/site_257_item_214835/site_257_item_214835_clip_010.webm,night,spring,-0.5,0.866025,-0.5,0.866025,spring_night
214835_clip010_s001,resources/site_257_bowra-dry-a/downloaded_clips/site_257_item_214835/site_257_item_214835_clip_010.webm,night,spring,-0.5,0.866025,-0.5,0.866025,spring_night
214835_clip010_s002,resources/site_257_bowra-dry-a/downloaded_clips/site_257_item_214835/site_257_item_214835_clip_010.webm,night,spring,-0.5,0.866025,-0.5,0.866025,spring_night
214835_clip010_s003,resources/site_257_bowra-dry-a/downloaded_clips/site_257_item_214835/site_257_item_214835_clip_010.webm,night,spring,-0.5,0.866025,-0.5,0.866025,spring_night
214835_clip011_s000,resources/site_257_bowra-dry-a/downloaded_clips/site_257_item_214835/site_257_item_214835_clip_011.webm,night,spring,-0.5,0.866025,-0.5,0.866025,spring_night
214835_clip011_s001,resources/site_257_bowra-dry-a/downloaded_clips/site_257_item_214835/site_257_item_214835_clip_011.webm,night,spring,-0.5,0.866025,-0.5,0.866025,spring_night
214835_clip012_s000,resources/site_257_bowra-dry-a/downloaded_clips/site_257_item_214835/site_257_item_214835_clip_012.webm,night,spring,-0.5,0.866025,-0.5,0.866025,spring_night
214835_clip012_s001,resources/site_257_bowra-dry-a/downloaded_clips/site_257_item_214835/site_257_item_214835_clip_012.webm,night,spring,-0.5,0.866025,-0.5,0.866025,spring_night
214835_clip012_s002,resources/site_257_bowra-dry-a/downloaded_clips/site_257_item_214835/site_257_item_214835_clip_012.webm,night,spring,-0.5,0.866025,-0.5,0.866025,spring_night
214835_clip012_s003,resources/site_257_bowra-dry-a/downloaded_clips/site_257_item_214835/site_257_item_214835_clip_012.webm,night,spring,-0.5,0.866025,-0.5,0.866025,spring_night
214835_clip012_s004,resources/site_257_bowra-dry-a/downloaded_clips/site_257_item_214835/site_257_item_214835_clip_012.webm,night,spring,-0.5,0.866025,-0.5,0.866025,spring_night
214835_clip013_s000,resources/site_257_bowra-dry-a/downloaded_clips/site_257_item_214835/site_257_item_214835_clip_013.webm,night,spring,-0.5,0.866025,-0.5,0.866025,spring_night
214835_clip013_s001,resources/site_257_bowra-dry-a/downloaded_clips/site_257_item_214835/site_257_item_214835_clip_013.webm,night,spring,-0.5,0.866025,-0.5,0.866025,spring_night
214835_clip014_s000,resources/site_257_bowra-dry-a/downloaded_clips/site_257_item_214835/site_257_item_214835_clip_014.webm,night,spring,-0.5,0.866025,-0.5,0.866025,spring_night
214835_clip014_s001,resources/site_257_bowra-dry-a/downloaded_clips/site_257_item_214835/site_257_item_214835_clip_014.webm,night,spring,-0.5,0.866025,-0.5,0.866025,spring_night
214835_clip015_s000,resources/site_257_bowra-dry-a/downloaded_clips/site_257_item_214835/site_257_item_214835_clip_015.webm,night,spring,-0.5,0.866025,-0.5,0.866025,spring_night
214835_clip015_s001,resources/site_257_bowra-dry-a/downloaded_clips/site_257_item_214835/site_257_item_214835_clip_015.webm,night,spring,-0.5,0.866025,-0.5,0.866025,spring_night
214835_clip017_s000,resources/site_257_bowra-dry-a/downloaded_clips/site_257_item_214835/site_257_item_214835_clip_017.webm,night,spring,-0.5,0.866025,-0.5,0.866025,spring_night
214835_clip017_s001,resources/site_257_bowra-dry-a/downloaded_clips/site_257_item_214835/site_257_item_214835_clip_017.webm,night,spring,-0.5,0.866025,-0.5,0.866025,spring_night
4883_clip001_s000,resources/site_257_bowra-dry-a/downloaded_clips/site_257_item_4883/site_257_item_4883_clip_001.webm,night,spring,-0.5,0.866025,-0.866025,0.5,spring_night
4883_clip001_s001,resources/site_257_bowra-dry-a/downloaded_clips/site_257_item_4883/site_257_item_4883_clip_001.webm,night,spring,-0.5,0.866025,-0.866025,0.5,spring_night
4883_clip001_s002,resources/site_257_bowra-dry-a/downloaded_clips/site_257_item_4883/site_257_item_4883_clip_001.webm,night,spring,-0.5,0.866025,-0.866025,0.5,spring_night
4883_clip001_s003,resources/site_257_bowra-dry-a/downloaded_clips/site_257_item_4883/site_257_item_4883_clip_001.webm,night,spring,-0.5,0.866025,-0.866025,0.5,spring_night
4883_clip005_s000,resources/site_257_bowra-dry-a/downloaded_clips/site_257_item_4883/site_257_item_4883_clip_005.webm,night,spring,-0.5,0.866025,-0.866025,0.5,spring_night
4883_clip008_s000,resources/site_257_bowra-dry-a/downloaded_clips/site_257_item_4883/site_257_item_4883_clip_008.webm,night,spring,-0.5,0.866025,-0.866025,0.5,spring_night
4883_clip009_s000,resources/site_257_bowra-dry-a/downloaded_clips/site_257_item_4883/site_257_item_4883_clip_009.webm,night,spring,-0.5,0.866025,-0.866025,0.5,spring_night
4883_clip011_s000,resources/site_257_bowra-dry-a/downloaded_clips/site_257_item_4883/site_257_item_4883_clip_011.webm,night,spring,-0.5,0.866025,-0.866025,0.5,spring_night
4883_clip012_s000,resources/site_257_bowra-dry-a/downloaded_clips/site_257_item_4883/site_257_item_4883_clip_012.webm,night,spring,-0.5,0.866025,-0.866025,0.5,spring_night
4883_clip013_s000,resources/site_257_bowra-dry-a/downloaded_clips/site_257_item_4883/site_257_item_4883_clip_013.webm,night,spring,-0.5,0.866025,-0.866025,0.5,spring_night
4883_clip013_s001,resources/site_257_bowra-dry-a/downloaded_clips/site_257_item_4883/site_257_item_4883_clip_013.webm,night,spring,-0.5,0.866025,-0.866025,0.5,spring_night
4883_clip014_s000,resources/site_257_bowra-dry-a/downloaded_clips/site_257_item_4883/site_257_item_4883_clip_014.webm,night,spring,-0.5,0.866025,-0.866025,0.5,spring_night
4883_clip014_s001,resources/site_257_bowra-dry-a/downloaded_clips/site_257_item_4883/site_257_item_4883_clip_014.webm,night,spring,-0.5,0.866025,-0.866025,0.5,spring_night
4883_clip015_s000,resources/site_257_bowra-dry-a/downloaded_clips/site_257_item_4883/site_257_item_4883_clip_015.webm,night,spring,-0.5,0.866025,-0.866025,0.5,spring_night
4883_clip015_s001,resources/site_257_bowra-dry-a/downloaded_clips/site_257_item_4883/site_257_item_4883_clip_015.webm,night,spring,-0.5,0.866025,-0.866025,0.5,spring_night
4883_clip016_s000,resources/site_257_bowra-dry-a/downloaded_clips/site_257_item_4883/site_257_item_4883_clip_016.webm,night,spring,-0.5,0.866025,-0.866025,0.5,spring_night
4883_clip016_s001,resources/site_257_bowra-dry-a/downloaded_clips/site_257_item_4883/site_257_item_4883_clip_016.webm,night,spring,-0.5,0.866025,-0.866025,0.5,spring_night
4883_clip017_s000,resources/site_257_bowra-dry-a/downloaded_clips/site_257_item_4883/site_257_item_4883_clip_017.webm,night,spring,-0.5,0.866025,-0.866025,0.5,spring_night
4883_clip017_s001,resources/site_257_bowra-dry-a/downloaded_clips/site_257_item_4883/site_257_item_4883_clip_017.webm,night,spring,-0.5,0.866025,-0.866025,0.5,spring_night
4883_clip017_s002,resources/site_257_bowra-dry-a/downloaded_clips/site_257_item_4883/site_257_item_4883_clip_017.webm,night,spring,-0.5,0.866025,-0.866025,0.5,spring_night
4883_clip018_s000,resources/site_257_bowra-dry-a/downloaded_clips/site_257_item_4883/site_257_item_4883_clip_018.webm,night,spring,-0.5,0.866025,-0.866025,0.5,spring_night
4883_clip021_s000,resources/site_257_bowra-dry-a/downloaded_clips/site_257_item_4883/site_257_item_4883_clip_021.webm,night,spring,-0.5,0.866025,-0.866025,0.5,spring_night
4883_clip021_s001,resources/site_257_bowra-dry-a/downloaded_clips/site_257_item_4883/site_257_item_4883_clip_021.webm,night,spring,-0.5,0.866025,-0.866025,0.5,spring_night
4883_clip021_s002,resources/site_257_bowra-dry-a/downloaded_clips/site_257_item_4883/site_257_item_4883_clip_021.webm,night,spring,-0.5,0.866025,-0.866025,0.5,spring_night
4883_clip023_s000,resources/site_257_bowra-dry-a/downloaded_clips/site_257_item_4883/site_257_item_4883_clip_023.webm,night,spring,-0.5,0.866025,-0.866025,0.5,spring_night
4883_clip023_s001,resources/site_257_bowra-dry-a/downloaded_clips/site_257_item_4883/site_257_item_4883_clip_023.webm,night,spring,-0.5,0.866025,-0.866025,0.5,spring_night
4883_clip023_s002,resources/site_257_bowra-dry-a/downloaded_clips/site_257_item_4883/site_257_item_4883_clip_023.webm,night,spring,-0.5,0.866025,-0.866025,0.5,spring_night
4883_clip023_s003,resources/site_257_bowra-dry-a/downloaded_clips/site_257_item_4883/site_257_item_4883_clip_023.webm,night,spring,-0.5,0.866025,-0.866025,0.5,spring_night
4883_clip023_s004,resources/site_257_bowra-dry-a/downloaded_clips/site_257_item_4883/site_257_item_4883_clip_023.webm,night,spring,-0.5,0.866025,-0.866025,0.5,spring_night
4883_clip024_s000,resources/site_257_bowra-dry-a/downloaded_clips/site_257_item_4883/site_257_item_4883_clip_024.webm,night,spring,-0.5,0.866025,-0.866025,0.5,spring_night
5392_clip001_s000,resources/site_257_bowra-dry-a/downloaded_clips/site_257_item_5392/site_257_item_5392_clip_001.webm,night,spring,-0.5,0.866025,-1.0,-0.0,spring_night
5392_clip001_s001,resources/site_257_bowra-dry-a/downloaded_clips/site_257_item_5392/site_257_item_5392_clip_001.webm,night,spring,-0.5,0.866025,-1.0,-0.0,spring_night
5392_clip002_s000,resources/site_257_bowra-dry-a/downloaded_clips/site_257_item_5392/site_257_item_5392_clip_002.webm,night,spring,-0.5,0.866025,-1.0,-0.0,spring_night
5392_clip002_s001,resources/site_257_bowra-dry-a/downloaded_clips/site_257_item_5392/site_257_item_5392_clip_002.webm,night,spring,-0.5,0.866025,-1.0,-0.0,spring_night
5392_clip002_s002,resources/site_257_bowra-dry-a/downloaded_clips/site_257_item_5392/site_257_item_5392_clip_002.webm,night,spring,-0.5,0.866025,-1.0,-0.0,spring_night
5392_clip002_s003,resources/site_257_bowra-dry-a/downloaded_clips/site_257_item_5392/site_257_item_5392_clip_002.webm,night,spring,-0.5,0.866025,-1.0,-0.0,spring_night
5392_clip003_s000,resources/site_257_bowra-dry-a/downloaded_clips/site_257_item_5392/site_257_item_5392_clip_003.webm,night,spring,-0.5,0.866025,-1.0,-0.0,spring_night
5392_clip003_s001,resources/site_257_bowra-dry-a/downloaded_clips/site_257_item_5392/site_257_item_5392_clip_003.webm,night,spring,-0.5,0.866025,-1.0,-0.0,spring_night
5392_clip003_s002,resources/site_257_bowra-dry-a/downloaded_clips/site_257_item_5392/site_257_item_5392_clip_003.webm,night,spring,-0.5,0.866025,-1.0,-0.0,spring_night
5392_clip003_s003,resources/site_257_bowra-dry-a/downloaded_clips/site_257_item_5392/site_257_item_5392_clip_003.webm,night,spring,-0.5,0.866025,-1.0,-0.0,spring_night
5392_clip003_s004,resources/site_257_bowra-dry-a/downloaded_clips/site_257_item_5392/site_257_item_5392_clip_003.webm,night,spring,-0.5,0.866025,-1.0,-0.0,spring_night
5392_clip005_s000,resources/site_257_bowra-dry-a/downloaded_clips/site_257_item_5392/site_257_item_5392_clip_005.webm,night,spring,-0.5,0.866025,-1.0,-0.0,spring_night
5392_clip005_s001,resources/site_257_bowra-dry-a/downloaded_clips/site_257_item_5392/site_257_item_5392_clip_005.webm,night,spring,-0.5,0.866025,-1.0,-0.0,spring_night
5392_clip005_s002,resources/site_257_bowra-dry-a/downloaded_clips/site_257_item_5392/site_257_item_5392_clip_005.webm,night,spring,-0.5,0.866025,-1.0,-0.0,spring_night
5392_clip006_s000,resources/site_257_bowra-dry-a/downloaded_clips/site_257_item_5392/site_257_item_5392_clip_006.webm,night,spring,-0.5,0.866025,-1.0,-0.0,spring_night
5392_clip008_s000,resources/site_257_bowra-dry-a/downloaded_clips/site_257_item_5392/site_257_item_5392_clip_008.webm,night,spring,-0.5,0.866025,-1.0,-0.0,spring_night
5392_clip008_s001,resources/site_257_bowra-dry-a/downloaded_clips/site_257_item_5392/site_257_item_5392_clip_008.webm,night,spring,-0.5,0.866025,-1.0,-0.0,spring_night
5392_clip009_s000,resources/site_257_bowra-dry-a/downloaded_clips/site_257_item_5392/site_257_item_5392_clip_009.webm,night,spring,-0.5,0.866025,-1.0,-0.0,spring_night
5392_clip009_s001,resources/site_257_bowra-dry-a/downloaded_clips/site_257_item_5392/site_257_item_5392_clip_009.webm,night,spring,-0.5,0.866025,-1.0,-0.0,spring_night
5392_clip009_s002,resources/site_257_bowra-dry-a/downloaded_clips/site_257_item_5392/site_257_item_5392_clip_009.webm,night,spring,-0.5,0.866025,-1.0,-0.0,spring_night
5392_clip009_s003,resources/site_257_bowra-dry-a/downloaded_clips/site_257_item_5392/site_257_item_5392_clip_009.webm,night,spring,-0.5,0.866025,-1.0,-0.0,spring_night
5392_clip010_s000,resources/site_257_bowra-dry-a/downloaded_clips/site_257_item_5392/site_257_item_5392_clip_010.webm,night,spring,-0.5,0.866025,-1.0,-0.0,spring_night
5392_clip010_s001,resources/site_257_bowra-dry-a/downloaded_clips/site_257_item_5392/site_257_item_5392_clip_010.webm,night,spring,-0.5,0.866025,-1.0,-0.0,spring_night
5392_clip010_s002,resources/site_257_bowra-dry-a/downloaded_clips/site_257_item_5392/site_257_item_5392_clip_010.webm,night,spring,-0.5,0.866025,-1.0,-0.0,spring_night
5392_clip011_s000,resources/site_257_bowra-dry-a/downloaded_clips/site_257_item_5392/site_257_item_5392_clip_011.webm,night,spring,-0.5,0.866025,-1.0,-0.0,spring_night
5392_clip012_s000,resources/site_257_bowra-dry-a/downloaded_clips/site_257_item_5392/site_257_item_5392_clip_012.webm,night,spring,-0.5,0.866025,-1.0,-0.0,spring_night
5392_clip012_s001,resources/site_257_bowra-dry-a/downloaded_clips/site_257_item_5392/site_257_item_5392_clip_012.webm,night,spring,-0.5,0.866025,-1.0,-0.0,spring_night
5392_clip014_s000,resources/site_257_bowra-dry-a/downloaded_clips/site_257_item_5392/site_257_item_5392_clip_014.webm,night,spring,-0.5,0.866025,-1.0,-0.0,spring_night
5392_clip015_s000,resources/site_257_bowra-dry-a/downloaded_clips/site_257_item_5392/site_257_item_5392_clip_015.webm,night,spring,-0.5,0.866025,-1.0,-0.0,spring_night
5392_clip015_s001,resources/site_257_bowra-dry-a/downloaded_clips/site_257_item_5392/site_257_item_5392_clip_015.webm,night,spring,-0.5,0.866025,-1.0,-0.0,spring_night
5392_clip016_s000,resources/site_257_bowra-dry-a/downloaded_clips/site_257_item_5392/site_257_item_5392_clip_016.webm,night,spring,-0.5,0.866025,-1.0,-0.0,spring_night
5392_clip016_s001,resources/site_257_bowra-dry-a/downloaded_clips/site_257_item_5392/site_257_item_5392_clip_016.webm,night,spring,-0.5,0.866025,-1.0,-0.0,spring_night
5392_clip016_s002,resources/site_257_bowra-dry-a/downloaded_clips/site_257_item_5392/site_257_item_5392_clip_016.webm,night,spring,-0.5,0.866025,-1.0,-0.0,spring_night
5392_clip016_s003,resources/site_257_bowra-dry-a/downloaded_clips/site_257_item_5392/site_257_item_5392_clip_016.webm,night,spring,-0.5,0.866025,-1.0,-0.0,spring_night
5392_clip018_s000,resources/site_257_bowra-dry-a/downloaded_clips/site_257_item_5392/site_257_item_5392_clip_018.webm,night,spring,-0.5,0.866025,-1.0,-0.0,spring_night
5392_clip019_s000,resources/site_257_bowra-dry-a/downloaded_clips/site_257_item_5392/site_257_item_5392_clip_019.webm,night,spring,-0.5,0.866025,-1.0,-0.0,spring_night
5392_clip020_s000,resources/site_257_bowra-dry-a/downloaded_clips/site_257_item_5392/site_257_item_5392_clip_020.webm,night,spring,-0.5,0.866025,-1.0,-0.0,spring_night
5392_clip022_s000,resources/site_257_bowra-dry-a/downloaded_clips/site_257_item_5392/site_257_item_5392_clip_022.webm,night,spring,-0.5,0.866025,-1.0,-0.0,spring_night
5392_clip024_s000,resources/site_257_bowra-dry-a/downloaded_clips/site_257_item_5392/site_257_item_5392_clip_024.webm,night,spring,-0.5,0.866025,-1.0,-0.0,spring_night
5421_clip006_s000,resources/site_257_bowra-dry-a/downloaded_clips/site_257_item_5421/site_257_item_5421_clip_006.webm,night,spring,-0.5,0.866025,-1.0,-0.0,spring_night
4803_clip003_s000,resources/site_257_bowra-dry-a/downloaded_clips/site_257_item_4803/site_257_item_4803_clip_003.webm,night,spring,-0.5,0.866025,-1.0,-0.0,spring_night
4803_clip009_s000,resources/site_257_bowra-dry-a/downloaded_clips/site_257_item_4803/site_257_item_4803_clip_009.webm,night,spring,-0.5,0.866025,-1.0,-0.0,spring_night
4803_clip009_s001,resources/site_257_bowra-dry-a/downloaded_clips/site_257_item_4803/site_257_item_4803_clip_009.webm,night,spring,-0.5,0.866025,-1.0,-0.0,spring_night
4803_clip012_s000,resources/site_257_bowra-dry-a/downloaded_clips/site_257_item_4803/site_257_item_4803_clip_012.webm,night,spring,-0.5,0.866025,-1.0,-0.0,spring_night
4803_clip024_s000,resources/site_257_bowra-dry-a/downloaded_clips/site_257_item_4803/site_257_item_4803_clip_024.webm,night,spring,-0.5,0.866025,-1.0,-0.0,spring_night
5013_clip007_s000,resources/site_257_bowra-dry-a/downloaded_clips/site_257_item_5013/site_257_item_5013_clip_007.webm,night,spring,-0.5,0.866025,-1.0,-0.0,spring_night
5013_clip019_s000,resources/site_257_bowra-dry-a/downloaded_clips/site_257_item_5013/site_257_item_5013_clip_019.webm,night,spring,-0.5,0.866025,-1.0,-0.0,spring_night
5013_clip019_s001,resources/site_257_bowra-dry-a/downloaded_clips/site_257_item_5013/site_257_item_5013_clip_019.webm,night,spring,-0.5,0.866025,-1.0,-0.0,spring_night
5013_clip021_s000,resources/site_257_bowra-dry-a/downloaded_clips/site_257_item_5013/site_257_item_5013_clip_021.webm,night,spring,-0.5,0.866025,-1.0,-0.0,spring_night
5346_clip011_s000,resources/site_257_bowra-dry-a/downloaded_clips/site_257_item_5346/site_257_item_5346_clip_011.webm,night,spring,-0.5,0.866025,-1.0,-0.0,spring_night
5346_clip011_s001,resources/site_257_bowra-dry-a/downloaded_clips/site_257_item_5346/site_257_item_5346_clip_011.webm,night,spring,-0.5,0.866025,-1.0,-0.0,spring_night
5346_clip011_s002,resources/site_257_bowra-dry-a/downloaded_clips/site_257_item_5346/site_257_item_5346_clip_011.webm,night,spring,-0.5,0.866025,-1.0,-0.0,spring_night
5346_clip012_s000,resources/site_257_bowra-dry-a/downloaded_clips/site_257_item_5346/site_257_item_5346_clip_012.webm,night,spring,-0.5,0.866025,-1.0,-0.0,spring_night
5346_clip012_s001,resources/site_257_bowra-dry-a/downloaded_clips/site_257_item_5346/site_257_item_5346_clip_012.webm,night,spring,-0.5,0.866025,-1.0,-0.0,spring_night
5346_clip013_s000,resources/site_257_bowra-dry-a/downloaded_clips/site_257_item_5346/site_257_item_5346_clip_013.webm,night,spring,-0.5,0.866025,-1.0,-0.0,spring_night
5346_clip015_s000,resources/site_257_bowra-dry-a/downloaded_clips/site_257_item_5346/site_257_item_5346_clip_015.webm,night,spring,-0.5,0.866025,-1.0,-0.0,spring_night
5346_clip015_s001,resources/site_257_bowra-dry-a/downloaded_clips/site_257_item_5346/site_257_item_5346_clip_015.webm,night,spring,-0.5,0.866025,-1.0,-0.0,spring_night
5346_clip016_s000,resources/site_257_bowra-dry-a/downloaded_clips/site_257_item_5346/site_257_item_5346_clip_016.webm,night,spring,-0.5,0.866025,-1.0,-0.0,spring_night
5346_clip016_s001,resources/site_257_bowra-dry-a/downloaded_clips/site_257_item_5346/site_257_item_5346_clip_016.webm,night,spring,-0.5,0.866025,-1.0,-0.0,spring_night
5346_clip018_s000,resources/site_257_bowra-dry-a/downloaded_clips/site_257_item_5346/site_257_item_5346_clip_018.webm,night,spring,-0.5,0.866025,-1.0,-0.0,spring_night
5346_clip018_s001,resources/site_257_bowra-dry-a/downloaded_clips/site_257_item_5346/site_257_item_5346_clip_018.webm,night,spring,-0.5,0.866025,-1.0,-0.0,spring_night
5346_clip018_s002,resources/site_257_bowra-dry-a/downloaded_clips/site_257_item_5346/site_257_item_5346_clip_018.webm,night,spring,-0.5,0.866025,-1.0,-0.0,spring_night
5346_clip019_s000,resources/site_257_bowra-dry-a/downloaded_clips/site_257_item_5346/site_257_item_5346_clip_019.webm,night,spring,-0.5,0.866025,-1.0,-0.0,spring_night
5346_clip019_s001,resources/site_257_bowra-dry-a/downloaded_clips/site_257_item_5346/site_257_item_5346_clip_019.webm,night,spring,-0.5,0.866025,-1.0,-0.0,spring_night
5346_clip020_s000,resources/site_257_bowra-dry-a/downloaded_clips/site_257_item_5346/site_257_item_5346_clip_020.webm,night,spring,-0.5,0.866025,-1.0,-0.0,spring_night
5346_clip020_s001,resources/site_257_bowra-dry-a/downloaded_clips/site_257_item_5346/site_257_item_5346_clip_020.webm,night,spring,-0.5,0.866025,-1.0,-0.0,spring_night
5346_clip020_s002,resources/site_257_bowra-dry-a/downloaded_clips/site_257_item_5346/site_257_item_5346_clip_020.webm,night,spring,-0.5,0.866025,-1.0,-0.0,spring_night
5346_clip021_s000,resources/site_257_bowra-dry-a/downloaded_clips/site_257_item_5346/site_257_item_5346_clip_021.webm,night,spring,-0.5,0.866025,-1.0,-0.0,spring_night
5346_clip021_s001,resources/site_257_bowra-dry-a/downloaded_clips/site_257_item_5346/site_257_item_5346_clip_021.webm,night,spring,-0.5,0.866025,-1.0,-0.0,spring_night
5346_clip022_s000,resources/site_257_bowra-dry-a/downloaded_clips/site_257_item_5346/site_257_item_5346_clip_022.webm,night,spring,-0.5,0.866025,-1.0,-0.0,spring_night
5346_clip022_s001,resources/site_257_bowra-dry-a/downloaded_clips/site_257_item_5346/site_257_item_5346_clip_022.webm,night,spring,-0.5,0.866025,-1.0,-0.0,spring_night
5346_clip022_s002,resources/site_257_bowra-dry-a/downloaded_clips/site_257_item_5346/site_257_item_5346_clip_022.webm,night,spring,-0.5,0.866025,-1.0,-0.0,spring_night
5346_clip023_s000,resources/site_257_bowra-dry-a/downloaded_clips/site_257_item_5346/site_257_item_5346_clip_023.webm,night,spring,-0.5,0.866025,-1.0,-0.0,spring_night
5462_clip006_s000,resources/site_257_bowra-dry-a/downloaded_clips/site_257_item_5462/site_257_item_5462_clip_006.webm,night,spring,-0.5,0.866025,-1.0,-0.0,spring_night
5462_clip006_s001,resources/site_257_bowra-dry-a/downloaded_clips/site_257_item_5462/site_257_item_5462_clip_006.webm,night,spring,-0.5,0.866025,-1.0,-0.0,spring_night
5462_clip007_s000,resources/site_257_bowra-dry-a/downloaded_clips/site_257_item_5462/site_257_item_5462_clip_007.webm,night,spring,-0.5,0.866025,-1.0,-0.0,spring_night
5462_clip009_s000,resources/site_257_bowra-dry-a/downloaded_clips/site_257_item_5462/site_257_item_5462_clip_009.webm,night,spring,-0.5,0.866025,-1.0,-0.0,spring_night
5462_clip009_s001,resources/site_257_bowra-dry-a/downloaded_clips/site_257_item_5462/site_257_item_5462_clip_009.webm,night,spring,-0.5,0.866025,-1.0,-0.0,spring_night
5462_clip010_s000,resources/site_257_bowra-dry-a/downloaded_clips/site_257_item_5462/site_257_item_5462_clip_010.webm,night,spring,-0.5,0.866025,-1.0,-0.0,spring_night
5462_clip013_s000,resources/site_257_bowra-dry-a/downloaded_clips/site_257_item_5462/site_257_item_5462_clip_013.webm,night,spring,-0.5,0.866025,-1.0,-0.0,spring_night
5462_clip014_s000,resources/site_257_bowra-dry-a/downloaded_clips/site_257_item_5462/site_257_item_5462_clip_014.webm,night,spring,-0.5,0.866025,-1.0,-0.0,spring_night
5462_clip014_s001,resources/site_257_bowra-dry-a/downloaded_clips/site_257_item_5462/site_257_item_5462_clip_014.webm,night,spring,-0.5,0.866025,-1.0,-0.0,spring_night
5462_clip016_s000,resources/site_257_bowra-dry-a/downloaded_clips/site_257_item_5462/site_257_item_5462_clip_016.webm,night,spring,-0.5,0.866025,-1.0,-0.0,spring_night
5462_clip016_s001,resources/site_257_bowra-dry-a/downloaded_clips/site_257_item_5462/site_257_item_5462_clip_016.webm,night,spring,-0.5,0.866025,-1.0,-0.0,spring_night
5462_clip017_s000,resources/site_257_bowra-dry-a/downloaded_clips/site_257_item_5462/site_257_item_5462_clip_017.webm,night,spring,-0.5,0.866025,-1.0,-0.0,spring_night
5462_clip020_s000,resources/site_257_bowra-dry-a/downloaded_clips/site_257_item_5462/site_257_item_5462_clip_020.webm,night,spring,-0.5,0.866025,-1.0,-0.0,spring_night
5462_clip020_s001,resources/site_257_bowra-dry-a/downloaded_clips/site_257_item_5462/site_257_item_5462_clip_020.webm,night,spring,-0.5,0.866025,-1.0,-0.0,spring_night
5462_clip020_s002,resources/site_257_bowra-dry-a/downloaded_clips/site_257_item_5462/site_257_item_5462_clip_020.webm,night,spring,-0.5,0.866025,-1.0,-0.0,spring_night
5462_clip020_s003,resources/site_257_bowra-dry-a/downloaded_clips/site_257_item_5462/site_257_item_5462_clip_020.webm,night,spring,-0.5,0.866025,-1.0,-0.0,spring_night
5462_clip020_s004,resources/site_257_bowra-dry-a/downloaded_clips/site_257_item_5462/site_257_item_5462_clip_020.webm,night,spring,-0.5,0.866025,-1.0,-0.0,spring_night
5462_clip021_s000,resources/site_257_bowra-dry-a/downloaded_clips/site_257_item_5462/site_257_item_5462_clip_021.webm,night,spring,-0.5,0.866025,-1.0,-0.0,spring_night
5462_clip022_s000,resources/site_257_bowra-dry-a/downloaded_clips/site_257_item_5462/site_257_item_5462_clip_022.webm,night,spring,-0.5,0.866025,-1.0,-0.0,spring_night
5462_clip022_s001,resources/site_257_bowra-dry-a/downloaded_clips/site_257_item_5462/site_257_item_5462_clip_022.webm,night,spring,-0.5,0.866025,-1.0,-0.0,spring_night
5462_clip024_s000,resources/site_257_bowra-dry-a/downloaded_clips/site_257_item_5462/site_257_item_5462_clip_024.webm,night,spring,-0.5,0.866025,-1.0,-0.0,spring_night
5462_clip024_s001,resources/site_257_bowra-dry-a/downloaded_clips/site_257_item_5462/site_257_item_5462_clip_024.webm,night,spring,-0.5,0.866025,-1.0,-0.0,spring_night
214431_clip001_s000,resources/site_257_bowra-dry-a/downloaded_clips/site_257_item_214431/site_257_item_214431_clip_001.webm,night,spring,-0.5,0.866025,-0.866025,0.5,spring_night
214431_clip001_s001,resources/site_257_bowra-dry-a/downloaded_clips/site_257_item_214431/site_257_item_214431_clip_001.webm,night,spring,-0.5,0.866025,-0.866025,0.5,spring_night
214431_clip002_s000,resources/site_257_bowra-dry-a/downloaded_clips/site_257_item_214431/site_257_item_214431_clip_002.webm,night,spring,-0.5,0.866025,-0.866025,0.5,spring_night
214431_clip002_s001,resources/site_257_bowra-dry-a/downloaded_clips/site_257_item_214431/site_257_item_214431_clip_002.webm,night,spring,-0.5,0.866025,-0.866025,0.5,spring_night
214431_clip002_s002,resources/site_257_bowra-dry-a/downloaded_clips/site_257_item_214431/site_257_item_214431_clip_002.webm,night,spring,-0.5,0.866025,-0.866025,0.5,spring_night
214431_clip005_s000,resources/site_257_bowra-dry-a/downloaded_clips/site_257_item_214431/site_257_item_214431_clip_005.webm,night,spring,-0.5,0.866025,-0.866025,0.5,spring_night
214431_clip006_s000,resources/site_257_bowra-dry-a/downloaded_clips/site_257_item_214431/site_257_item_214431_clip_006.webm,night,spring,-0.5,0.866025,-0.866025,0.5,spring_night
214431_clip006_s001,resources/site_257_bowra-dry-a/downloaded_clips/site_257_item_214431/site_257_item_214431_clip_006.webm,night,spring,-0.5,0.866025,-0.866025,0.5,spring_night
214431_clip006_s002,resources/site_257_bowra-dry-a/downloaded_clips/site_257_item_214431/site_257_item_214431_clip_006.webm,night,spring,-0.5,0.866025,-0.866025,0.5,spring_night
214431_clip007_s000,resources/site_257_bowra-dry-a/downloaded_clips/site_257_item_214431/site_257_item_214431_clip_007.webm,night,spring,-0.5,0.866025,-0.866025,0.5,spring_night
214431_clip008_s000,resources/site_257_bowra-dry-a/downloaded_clips/site_257_item_214431/site_257_item_214431_clip_008.webm,night,spring,-0.5,0.866025,-0.866025,0.5,spring_night
214431_clip008_s001,resources/site_257_bowra-dry-a/downloaded_clips/site_257_item_214431/site_257_item_214431_clip_008.webm,night,spring,-0.5,0.866025,-0.866025,0.5,spring_night
214431_clip008_s002,resources/site_257_bowra-dry-a/downloaded_clips/site_257_item_214431/site_257_item_214431_clip_008.webm,night,spring,-0.5,0.866025,-0.866025,0.5,spring_night
214431_clip009_s000,resources/site_257_bowra-dry-a/downloaded_clips/site_257_item_214431/site_257_item_214431_clip_009.webm,night,spring,-0.5,0.866025,-0.866025,0.5,spring_night
214431_clip009_s001,resources/site_257_bowra-dry-a/downloaded_clips/site_257_item_214431/site_257_item_214431_clip_009.webm,night,spring,-0.5,0.866025,-0.866025,0.5,spring_night
214431_clip011_s000,resources/site_257_bowra-dry-a/downloaded_clips/site_257_item_214431/site_257_item_214431_clip_011.webm,night,spring,-0.5,0.866025,-0.866025,0.5,spring_night
214431_clip011_s001,resources/site_257_bowra-dry-a/downloaded_clips/site_257_item_214431/site_257_item_214431_clip_011.webm,night,spring,-0.5,0.866025,-0.866025,0.5,spring_night
214431_clip015_s000,resources/site_257_bowra-dry-a/downloaded_clips/site_257_item_214431/site_257_item_214431_clip_015.webm,night,spring,-0.5,0.866025,-0.866025,0.5,spring_night
214431_clip015_s001,resources/site_257_bowra-dry-a/downloaded_clips/site_257_item_214431/site_257_item_214431_clip_015.webm,night,spring,-0.5,0.866025,-0.866025,0.5,spring_night
214431_clip015_s002,resources/site_257_bowra-dry-a/downloaded_clips/site_257_item_214431/site_257_item_214431_clip_015.webm,night,spring,-0.5,0.866025,-0.866025,0.5,spring_night
214431_clip016_s000,resources/site_257_bowra-dry-a/downloaded_clips/site_257_item_214431/site_257_item_214431_clip_016.webm,night,spring,-0.5,0.866025,-0.866025,0.5,spring_night
214431_clip016_s001,resources/site_257_bowra-dry-a/downloaded_clips/site_257_item_214431/site_257_item_214431_clip_016.webm,night,spring,-0.5,0.866025,-0.866025,0.5,spring_night
214431_clip016_s002,resources/site_257_bowra-dry-a/downloaded_clips/site_257_item_214431/site_257_item_214431_clip_016.webm,night,spring,-0.5,0.866025,-0.866025,0.5,spring_night
214431_clip018_s000,resources/site_257_bowra-dry-a/downloaded_clips/site_257_item_214431/site_257_item_214431_clip_018.webm,night,spring,-0.5,0.866025,-0.866025,0.5,spring_night
214431_clip018_s001,resources/site_257_bowra-dry-a/downloaded_clips/site_257_item_214431/site_257_item_214431_clip_018.webm,night,spring,-0.5,0.866025,-0.866025,0.5,spring_night
214431_clip018_s002,resources/site_257_bowra-dry-a/downloaded_clips/site_257_item_214431/site_257_item_214431_clip_018.webm,night,spring,-0.5,0.866025,-0.866025,0.5,spring_night
214431_clip019_s000,resources/site_257_bowra-dry-a/downloaded_clips/site_257_item_214431/site_257_item_214431_clip_019.webm,night,spring,-0.5,0.866025,-0.866025,0.5,spring_night
214431_clip019_s001,resources/site_257_bowra-dry-a/downloaded_clips/site_257_item_214431/site_257_item_214431_clip_019.webm,night,spring,-0.5,0.866025,-0.866025,0.5,spring_night
214431_clip021_s000,resources/site_257_bowra-dry-a/downloaded_clips/site_257_item_214431/site_257_item_214431_clip_021.webm,night,spring,-0.5,0.866025,-0.866025,0.5,spring_night
214431_clip021_s001,resources/site_257_bowra-dry-a/downloaded_clips/site_257_item_214431/site_257_item_214431_clip_021.webm,night,spring,-0.5,0.866025,-0.866025,0.5,spring_night
214431_clip021_s002,resources/site_257_bowra-dry-a/downloaded_clips/site_257_item_214431/site_257_item_214431_clip_021.webm,night,spring,-0.5,0.866025,-0.866025,0.5,spring_night
214431_clip021_s003,resources/site_257_bowra-dry-a/downloaded_clips/site_257_item_214431/site_257_item_214431_clip_021.webm,night,spring,-0.5,0.866025,-0.866025,0.5,spring_night
214431_clip021_s004,resources/site_257_bowra-dry-a/downloaded_clips/site_257_item_214431/site_257_item_214431_clip_021.webm,night,spring,-0.5,0.866025,-0.866025,0.5,spring_night
214431_clip022_s000,resources/site_257_bowra-dry-a/downloaded_clips/site_257_item_214431/site_257_item_214431_clip_022.webm,night,spring,-0.5,0.866025,-0.866025,0.5,spring_night
214431_clip024_s000,resources/site_257_bowra-dry-a/downloaded_clips/site_257_item_214431/site_257_item_214431_clip_024.webm,night,spring,-0.5,0.866025,-0.866025,0.5,spring_night
214454_clip004_s000,resources/site_257_bowra-dry-a/downloaded_clips/site_257_item_214454/site_257_item_214454_clip_004.webm,night,spring,-0.5,0.866025,-0.866025,0.5,spring_night
214454_clip009_s000,resources/site_257_bowra-dry-a/downloaded_clips/site_257_item_214454/site_257_item_214454_clip_009.webm,night,spring,-0.5,0.866025,-0.866025,0.5,spring_night
214454_clip016_s000,resources/site_257_bowra-dry-a/downloaded_clips/site_257_item_214454/site_257_item_214454_clip_016.webm,night,spring,-0.5,0.866025,-0.866025,0.5,spring_night
214454_clip021_s000,resources/site_257_bowra-dry-a/downloaded_clips/site_257_item_214454/site_257_item_214454_clip_021.webm,night,spring,-0.5,0.866025,-0.866025,0.5,spring_night
214675_clip001_s000,resources/site_257_bowra-dry-a/downloaded_clips/site_257_item_214675/site_257_item_214675_clip_001.webm,night,spring,-0.5,0.866025,-0.5,0.866025,spring_night
214675_clip009_s000,resources/site_257_bowra-dry-a/downloaded_clips/site_257_item_214675/site_257_item_214675_clip_009.webm,night,spring,-0.5,0.866025,-0.5,0.866025,spring_night
214675_clip024_s000,resources/site_257_bowra-dry-a/downloaded_clips/site_257_item_214675/site_257_item_214675_clip_024.webm,night,spring,-0.5,0.866025,-0.5,0.866025,spring_night
214790_clip002_s000,resources/site_257_bowra-dry-a/downloaded_clips/site_257_item_214790/site_257_item_214790_clip_002.webm,night,spring,-0.5,0.866025,-0.5,0.866025,spring_night
214790_clip002_s001,resources/site_257_bowra-dry-a/downloaded_clips/site_257_item_214790/site_257_item_214790_clip_002.webm,night,spring,-0.5,0.866025,-0.5,0.866025,spring_night
214790_clip003_s000,resources/site_257_bowra-dry-a/downloaded_clips/site_257_item_214790/site_257_item_214790_clip_003.webm,night,spring,-0.5,0.866025,-0.5,0.866025,spring_night
214790_clip006_s000,resources/site_257_bowra-dry-a/downloaded_clips/site_257_item_214790/site_257_item_214790_clip_006.webm,night,spring,-0.5,0.866025,-0.5,0.866025,spring_night
214790_clip006_s001,resources/site_257_bowra-dry-a/downloaded_clips/site_257_item_214790/site_257_item_214790_clip_006.webm,night,spring,-0.5,0.866025,-0.5,0.866025,spring_night
214790_clip006_s002,resources/site_257_bowra-dry-a/downloaded_clips/site_257_item_214790/site_257_item_214790_clip_006.webm,night,spring,-0.5,0.866025,-0.5,0.866025,spring_night
214790_clip007_s000,resources/site_257_bowra-dry-a/downloaded_clips/site_257_item_214790/site_257_item_214790_clip_007.webm,night,spring,-0.5,0.866025,-0.5,0.866025,spring_night
214790_clip007_s001,resources/site_257_bowra-dry-a/downloaded_clips/site_257_item_214790/site_257_item_214790_clip_007.webm,night,spring,-0.5,0.866025,-0.5,0.866025,spring_night
214790_clip007_s002,resources/site_257_bowra-dry-a/downloaded_clips/site_257_item_214790/site_257_item_214790_clip_007.webm,night,spring,-0.5,0.866025,-0.5,0.866025,spring_night
214790_clip007_s003,resources/site_257_bowra-dry-a/downloaded_clips/site_257_item_214790/site_257_item_214790_clip_007.webm,night,spring,-0.5,0.866025,-0.5,0.866025,spring_night
214790_clip007_s004,resources/site_257_bowra-dry-a/downloaded_clips/site_257_item_214790/site_257_item_214790_clip_007.webm,night,spring,-0.5,0.866025,-0.5,0.866025,spring_night
214790_clip008_s000,resources/site_257_bowra-dry-a/downloaded_clips/site_257_item_214790/site_257_item_214790_clip_008.webm,night,spring,-0.5,0.866025,-0.5,0.866025,spring_night
214790_clip009_s000,resources/site_257_bowra-dry-a/downloaded_clips/site_257_item_214790/site_257_item_214790_clip_009.webm,night,spring,-0.5,0.866025,-0.5,0.866025,spring_night
214790_clip010_s000,resources/site_257_bowra-dry-a/downloaded_clips/site_257_item_214790/site_257_item_214790_clip_010.webm,night,spring,-0.5,0.866025,-0.5,0.866025,spring_night
214790_clip010_s001,resources/site_257_bowra-dry-a/downloaded_clips/site_257_item_214790/site_257_item_214790_clip_010.webm,night,spring,-0.5,0.866025,-0.5,0.866025,spring_night
214790_clip012_s000,resources/site_257_bowra-dry-a/downloaded_clips/site_257_item_214790/site_257_item_214790_clip_012.webm,night,spring,-0.5,0.866025,-0.5,0.866025,spring_night
214790_clip012_s001,resources/site_257_bowra-dry-a/downloaded_clips/site_257_item_214790/site_257_item_214790_clip_012.webm,night,spring,-0.5,0.866025,-0.5,0.866025,spring_night
214790_clip012_s002,resources/site_257_bowra-dry-a/downloaded_clips/site_257_item_214790/site_257_item_214790_clip_012.webm,night,spring,-0.5,0.866025,-0.5,0.866025,spring_night
214790_clip013_s000,resources/site_257_bowra-dry-a/downloaded_clips/site_257_item_214790/site_257_item_214790_clip_013.webm,night,spring,-0.5,0.866025,-0.5,0.866025,spring_night
214790_clip013_s001,resources/site_257_bowra-dry-a/downloaded_clips/site_257_item_214790/site_257_item_214790_clip_013.webm,night,spring,-0.5,0.866025,-0.5,0.866025,spring_night
214790_clip013_s002,resources/site_257_bowra-dry-a/downloaded_clips/site_257_item_214790/site_257_item_214790_clip_013.webm,night,spring,-0.5,0.866025,-0.5,0.866025,spring_night
214790_clip013_s003,resources/site_257_bowra-dry-a/downloaded_clips/site_257_item_214790/site_257_item_214790_clip_013.webm,night,spring,-0.5,0.866025,-0.5,0.866025,spring_night
214790_clip013_s004,resources/site_257_bowra-dry-a/downloaded_clips/site_257_item_214790/site_257_item_214790_clip_013.webm,night,spring,-0.5,0.866025,-0.5,0.866025,spring_night
214790_clip015_s000,resources/site_257_bowra-dry-a/downloaded_clips/site_257_item_214790/site_257_item_214790_clip_015.webm,night,spring,-0.5,0.866025,-0.5,0.866025,spring_night
214790_clip017_s000,resources/site_257_bowra-dry-a/downloaded_clips/site_257_item_214790/site_257_item_214790_clip_017.webm,night,spring,-0.5,0.866025,-0.5,0.866025,spring_night
214790_clip017_s001,resources/site_257_bowra-dry-a/downloaded_clips/site_257_item_214790/site_257_item_214790_clip_017.webm,night,spring,-0.5,0.866025,-0.5,0.866025,spring_night
214790_clip017_s002,resources/site_257_bowra-dry-a/downloaded_clips/site_257_item_214790/site_257_item_214790_clip_017.webm,night,spring,-0.5,0.866025,-0.5,0.866025,spring_night
214790_clip017_s003,resources/site_257_bowra-dry-a/downloaded_clips/site_257_item_214790/site_257_item_214790_clip_017.webm,night,spring,-0.5,0.866025,-0.5,0.866025,spring_night
214790_clip017_s004,resources/site_257_bowra-dry-a/downloaded_clips/site_257_item_214790/site_257_item_214790_clip_017.webm,night,spring,-0.5,0.866025,-0.5,0.866025,spring_night
214790_clip018_s000,resources/site_257_bowra-dry-a/downloaded_clips/site_257_item_214790/site_257_item_214790_clip_018.webm,night,spring,-0.5,0.866025,-0.5,0.866025,spring_night
214790_clip018_s001,resources/site_257_bowra-dry-a/downloaded_clips/site_257_item_214790/site_257_item_214790_clip_018.webm,night,spring,-0.5,0.866025,-0.5,0.866025,spring_night
214790_clip018_s002,resources/site_257_bowra-dry-a/downloaded_clips/site_257_item_214790/site_257_item_214790_clip_018.webm,night,spring,-0.5,0.866025,-0.5,0.866025,spring_night
214790_clip019_s000,resources/site_257_bowra-dry-a/downloaded_clips/site_257_item_214790/site_257_item_214790_clip_019.webm,night,spring,-0.5,0.866025,-0.5,0.866025,spring_night
214790_clip019_s001,resources/site_257_bowra-dry-a/downloaded_clips/site_257_item_214790/site_257_item_214790_clip_019.webm,night,spring,-0.5,0.866025,-0.5,0.866025,spring_night
214790_clip019_s002,resources/site_257_bowra-dry-a/downloaded_clips/site_257_item_214790/site_257_item_214790_clip_019.webm,night,spring,-0.5,0.866025,-0.5,0.866025,spring_night
214790_clip019_s003,resources/site_257_bowra-dry-a/downloaded_clips/site_257_item_214790/site_257_item_214790_clip_019.webm,night,spring,-0.5,0.866025,-0.5,0.866025,spring_night
214790_clip019_s004,resources/site_257_bowra-dry-a/downloaded_clips/site_257_item_214790/site_257_item_214790_clip_019.webm,night,spring,-0.5,0.866025,-0.5,0.866025,spring_night
214790_clip021_s000,resources/site_257_bowra-dry-a/downloaded_clips/site_257_item_214790/site_257_item_214790_clip_021.webm,night,spring,-0.5,0.866025,-0.5,0.866025,spring_night
214790_clip022_s000,resources/site_257_bowra-dry-a/downloaded_clips/site_257_item_214790/site_257_item_214790_clip_022.webm,night,spring,-0.5,0.866025,-0.5,0.866025,spring_night
214790_clip022_s001,resources/site_257_bowra-dry-a/downloaded_clips/site_257_item_214790/site_257_item_214790_clip_022.webm,night,spring,-0.5,0.866025,-0.5,0.866025,spring_night
214790_clip022_s002,resources/site_257_bowra-dry-a/downloaded_clips/site_257_item_214790/site_257_item_214790_clip_022.webm,night,spring,-0.5,0.866025,-0.5,0.866025,spring_night
214790_clip023_s000,resources/site_257_bowra-dry-a/downloaded_clips/site_257_item_214790/site_257_item_214790_clip_023.webm,night,spring,-0.5,0.866025,-0.5,0.866025,spring_night
214790_clip023_s001,resources/site_257_bowra-dry-a/downloaded_clips/site_257_item_214790/site_257_item_214790_clip_023.webm,night,spring,-0.5,0.866025,-0.5,0.866025,spring_night
214804_clip001_s000,resources/site_257_bowra-dry-a/downloaded_clips/site_257_item_214804/site_257_item_214804_clip_001.webm,night,spring,-0.5,0.866025,-0.5,0.866025,spring_night
214804_clip002_s000,resources/site_257_bowra-dry-a/downloaded_clips/site_257_item_214804/site_257_item_214804_clip_002.webm,night,spring,-0.5,0.866025,-0.5,0.866025,spring_night
214804_clip002_s001,resources/site_257_bowra-dry-a/downloaded_clips/site_257_item_214804/site_257_item_214804_clip_002.webm,night,spring,-0.5,0.866025,-0.5,0.866025,spring_night
214804_clip002_s002,resources/site_257_bowra-dry-a/downloaded_clips/site_257_item_214804/site_257_item_214804_clip_002.webm,night,spring,-0.5,0.866025,-0.5,0.866025,spring_night
214804_clip002_s003,resources/site_257_bowra-dry-a/downloaded_clips/site_257_item_214804/site_257_item_214804_clip_002.webm,night,spring,-0.5,0.866025,-0.5,0.866025,spring_night
214804_clip004_s000,resources/site_257_bowra-dry-a/downloaded_clips/site_257_item_214804/site_257_item_214804_clip_004.webm,night,spring,-0.5,0.866025,-0.5,0.866025,spring_night
214804_clip004_s001,resources/site_257_bowra-dry-a/downloaded_clips/site_257_item_214804/site_257_item_214804_clip_004.webm,night,spring,-0.5,0.866025,-0.5,0.866025,spring_night
214804_clip005_s000,resources/site_257_bowra-dry-a/downloaded_clips/site_257_item_214804/site_257_item_214804_clip_005.webm,night,spring,-0.5,0.866025,-0.5,0.866025,spring_night
214804_clip005_s001,resources/site_257_bowra-dry-a/downloaded_clips/site_257_item_214804/site_257_item_214804_clip_005.webm,night,spring,-0.5,0.866025,-0.5,0.866025,spring_night
214804_clip005_s002,resources/site_257_bowra-dry-a/downloaded_clips/site_257_item_214804/site_257_item_214804_clip_005.webm,night,spring,-0.5,0.866025,-0.5,0.866025,spring_night
214804_clip005_s003,resources/site_257_bowra-dry-a/downloaded_clips/site_257_item_214804/site_257_item_214804_clip_005.webm,night,spring,-0.5,0.866025,-0.5,0.866025,spring_night
214804_clip006_s000,resources/site_257_bowra-dry-a/downloaded_clips/site_257_item_214804/site_257_item_214804_clip_006.webm,night,spring,-0.5,0.866025,-0.5,0.866025,spring_night
214804_clip006_s001,resources/site_257_bowra-dry-a/downloaded_clips/site_257_item_214804/site_257_item_214804_clip_006.webm,night,spring,-0.5,0.866025,-0.5,0.866025,spring_night
214804_clip006_s002,resources/site_257_bowra-dry-a/downloaded_clips/site_257_item_214804/site_257_item_214804_clip_006.webm,night,spring,-0.5,0.866025,-0.5,0.866025,spring_night
214804_clip007_s000,resources/site_257_bowra-dry-a/downloaded_clips/site_257_item_214804/site_257_item_214804_clip_007.webm,night,spring,-0.5,0.866025,-0.5,0.866025,spring_night
214804_clip007_s001,resources/site_257_bowra-dry-a/downloaded_clips/site_257_item_214804/site_257_item_214804_clip_007.webm,night,spring,-0.5,0.866025,-0.5,0.866025,spring_night
214804_clip008_s000,resources/site_257_bowra-dry-a/downloaded_clips/site_257_item_214804/site_257_item_214804_clip_008.webm,night,spring,-0.5,0.866025,-0.5,0.866025,spring_night
214804_clip010_s000,resources/site_257_bowra-dry-a/downloaded_clips/site_257_item_214804/site_257_item_214804_clip_010.webm,night,spring,-0.5,0.866025,-0.5,0.866025,spring_night
214804_clip010_s001,resources/site_257_bowra-dry-a/downloaded_clips/site_257_item_214804/site_257_item_214804_clip_010.webm,night,spring,-0.5,0.866025,-0.5,0.866025,spring_night
214804_clip010_s002,resources/site_257_bowra-dry-a/downloaded_clips/site_257_item_214804/site_257_item_214804_clip_010.webm,night,spring,-0.5,0.866025,-0.5,0.866025,spring_night
214804_clip010_s003,resources/site_257_bowra-dry-a/downloaded_clips/site_257_item_214804/site_257_item_214804_clip_010.webm,night,spring,-0.5,0.866025,-0.5,0.866025,spring_night
214804_clip017_s000,resources/site_257_bowra-dry-a/downloaded_clips/site_257_item_214804/site_257_item_214804_clip_017.webm,night,spring,-0.5,0.866025,-0.5,0.866025,spring_night
214804_clip017_s001,resources/site_257_bowra-dry-a/downloaded_clips/site_257_item_214804/site_257_item_214804_clip_017.webm,night,spring,-0.5,0.866025,-0.5,0.866025,spring_night
214804_clip019_s000,resources/site_257_bowra-dry-a/downloaded_clips/site_257_item_214804/site_257_item_214804_clip_019.webm,night,spring,-0.5,0.866025,-0.5,0.866025,spring_night
214804_clip019_s001,resources/site_257_bowra-dry-a/downloaded_clips/site_257_item_214804/site_257_item_214804_clip_019.webm,night,spring,-0.5,0.866025,-0.5,0.866025,spring_night
214804_clip021_s000,resources/site_257_bowra-dry-a/downloaded_clips/site_257_item_214804/site_257_item_214804_clip_021.webm,night,spring,-0.5,0.866025,-0.5,0.866025,spring_night
214804_clip021_s001,resources/site_257_bowra-dry-a/downloaded_clips/site_257_item_214804/site_257_item_214804_clip_021.webm,night,spring,-0.5,0.866025,-0.5,0.866025,spring_night
214804_clip021_s002,resources/site_257_bowra-dry-a/downloaded_clips/site_257_item_214804/site_257_item_214804_clip_021.webm,night,spring,-0.5,0.866025,-0.5,0.866025,spring_night
214804_clip022_s000,resources/site_257_bowra-dry-a/downloaded_clips/site_257_item_214804/site_257_item_214804_clip_022.webm,night,spring,-0.5,0.866025,-0.5,0.866025,spring_night
214804_clip022_s001,resources/site_257_bowra-dry-a/downloaded_clips/site_257_item_214804/site_257_item_214804_clip_022.webm,night,spring,-0.5,0.866025,-0.5,0.866025,spring_night
214804_clip022_s002,resources/site_257_bowra-dry-a/downloaded_clips/site_257_item_214804/site_257_item_214804_clip_022.webm,night,spring,-0.5,0.866025,-0.5,0.866025,spring_night
214804_clip022_s003,resources/site_257_bowra-dry-a/downloaded_clips/site_257_item_214804/site_257_item_214804_clip_022.webm,night,spring,-0.5,0.866025,-0.5,0.866025,spring_night
214804_clip022_s004,resources/site_257_bowra-dry-a/downloaded_clips/site_257_item_214804/site_257_item_214804_clip_022.webm,night,spring,-0.5,0.866025,-0.5,0.866025,spring_night
214804_clip023_s000,resources/site_257_bowra-dry-a/downloaded_clips/site_257_item_214804/site_257_item_214804_clip_023.webm,night,spring,-0.5,0.866025,-0.5,0.866025,spring_night
214804_clip024_s000,resources/site_257_bowra-dry-a/downloaded_clips/site_257_item_214804/site_257_item_214804_clip_024.webm,night,spring,-0.5,0.866025,-0.5,0.866025,spring_night
214899_clip019_s000,resources/site_257_bowra-dry-a/downloaded_clips/site_257_item_214899/site_257_item_214899_clip_019.webm,night,spring,-0.5,0.866025,-0.5,0.866025,spring_night
214899_clip022_s000,resources/site_257_bowra-dry-a/downloaded_clips/site_257_item_214899/site_257_item_214899_clip_022.webm,night,spring,-0.5,0.866025,-0.5,0.866025,spring_night
214899_clip022_s001,resources/site_257_bowra-dry-a/downloaded_clips/site_257_item_214899/site_257_item_214899_clip_022.webm,night,spring,-0.5,0.866025,-0.5,0.866025,spring_night
214899_clip024_s000,resources/site_257_bowra-dry-a/downloaded_clips/site_257_item_214899/site_257_item_214899_clip_024.webm,night,spring,-0.5,0.866025,-0.5,0.866025,spring_night
214899_clip024_s001,resources/site_257_bowra-dry-a/downloaded_clips/site_257_item_214899/site_257_item_214899_clip_024.webm,night,spring,-0.5,0.866025,-0.5,0.866025,spring_night
5031_clip001_s000,resources/site_257_bowra-dry-a/downloaded_clips/site_257_item_5031/site_257_item_5031_clip_001.webm,night,spring,-0.5,0.866025,-0.866025,0.5,spring_night
5031_clip002_s000,resources/site_257_bowra-dry-a/downloaded_clips/site_257_item_5031/site_257_item_5031_clip_002.webm,night,spring,-0.5,0.866025,-0.866025,0.5,spring_night
5031_clip003_s000,resources/site_257_bowra-dry-a/downloaded_clips/site_257_item_5031/site_257_item_5031_clip_003.webm,night,spring,-0.5,0.866025,-0.866025,0.5,spring_night
5031_clip004_s000,resources/site_257_bowra-dry-a/downloaded_clips/site_257_item_5031/site_257_item_5031_clip_004.webm,night,spring,-0.5,0.866025,-0.866025,0.5,spring_night
5031_clip005_s000,resources/site_257_bowra-dry-a/downloaded_clips/site_257_item_5031/site_257_item_5031_clip_005.webm,night,spring,-0.5,0.866025,-0.866025,0.5,spring_night
5031_clip006_s000,resources/site_257_bowra-dry-a/downloaded_clips/site_257_item_5031/site_257_item_5031_clip_006.webm,night,spring,-0.5,0.866025,-0.866025,0.5,spring_night
5031_clip008_s000,resources/site_257_bowra-dry-a/downloaded_clips/site_257_item_5031/site_257_item_5031_clip_008.webm,night,spring,-0.5,0.866025,-0.866025,0.5,spring_night
5031_clip008_s001,resources/site_257_bowra-dry-a/downloaded_clips/site_257_item_5031/site_257_item_5031_clip_008.webm,night,spring,-0.5,0.866025,-0.866025,0.5,spring_night
5031_clip011_s000,resources/site_257_bowra-dry-a/downloaded_clips/site_257_item_5031/site_257_item_5031_clip_011.webm,night,spring,-0.5,0.866025,-0.866025,0.5,spring_night
5031_clip013_s000,resources/site_257_bowra-dry-a/downloaded_clips/site_257_item_5031/site_257_item_5031_clip_013.webm,night,spring,-0.5,0.866025,-0.866025,0.5,spring_night
5031_clip014_s000,resources/site_257_bowra-dry-a/downloaded_clips/site_257_item_5031/site_257_item_5031_clip_014.webm,night,spring,-0.5,0.866025,-0.866025,0.5,spring_night
5031_clip017_s000,resources/site_257_bowra-dry-a/downloaded_clips/site_257_item_5031/site_257_item_5031_clip_017.webm,night,spring,-0.5,0.866025,-0.866025,0.5,spring_night
5031_clip021_s000,resources/site_257_bowra-dry-a/downloaded_clips/site_257_item_5031/site_257_item_5031_clip_021.webm,night,spring,-0.5,0.866025,-0.866025,0.5,spring_night
5031_clip022_s000,resources/site_257_bowra-dry-a/downloaded_clips/site_257_item_5031/site_257_item_5031_clip_022.webm,night,spring,-0.5,0.866025,-0.866025,0.5,spring_night
5031_clip022_s001,resources/site_257_bowra-dry-a/downloaded_clips/site_257_item_5031/site_257_item_5031_clip_022.webm,night,spring,-0.5,0.866025,-0.866025,0.5,spring_night
5031_clip024_s000,resources/site_257_bowra-dry-a/downloaded_clips/site_257_item_5031/site_257_item_5031_clip_024.webm,night,spring,-0.5,0.866025,-0.866025,0.5,spring_night
5088_clip001_s000,resources/site_257_bowra-dry-a/downloaded_clips/site_257_item_5088/site_257_item_5088_clip_001.webm,night,spring,-0.5,0.866025,-0.866025,0.5,spring_night
5088_clip004_s000,resources/site_257_bowra-dry-a/downloaded_clips/site_257_item_5088/site_257_item_5088_clip_004.webm,night,spring,-0.5,0.866025,-0.866025,0.5,spring_night
5088_clip004_s001,resources/site_257_bowra-dry-a/downloaded_clips/site_257_item_5088/site_257_item_5088_clip_004.webm,night,spring,-0.5,0.866025,-0.866025,0.5,spring_night
5088_clip005_s000,resources/site_257_bowra-dry-a/downloaded_clips/site_257_item_5088/site_257_item_5088_clip_005.webm,night,spring,-0.5,0.866025,-0.866025,0.5,spring_night
5088_clip006_s000,resources/site_257_bowra-dry-a/downloaded_clips/site_257_item_5088/site_257_item_5088_clip_006.webm,night,spring,-0.5,0.866025,-0.866025,0.5,spring_night
5088_clip006_s001,resources/site_257_bowra-dry-a/downloaded_clips/site_257_item_5088/site_257_item_5088_clip_006.webm,night,spring,-0.5,0.866025,-0.866025,0.5,spring_night
5088_clip006_s002,resources/site_257_bowra-dry-a/downloaded_clips/site_257_item_5088/site_257_item_5088_clip_006.webm,night,spring,-0.5,0.866025,-0.866025,0.5,spring_night
5088_clip007_s000,resources/site_257_bowra-dry-a/downloaded_clips/site_257_item_5088/site_257_item_5088_clip_007.webm,night,spring,-0.5,0.866025,-0.866025,0.5,spring_night
5088_clip008_s000,resources/site_257_bowra-dry-a/downloaded_clips/site_257_item_5088/site_257_item_5088_clip_008.webm,night,spring,-0.5,0.866025,-0.866025,0.5,spring_night
5088_clip008_s001,resources/site_257_bowra-dry-a/downloaded_clips/site_257_item_5088/site_257_item_5088_clip_008.webm,night,spring,-0.5,0.866025,-0.866025,0.5,spring_night
5088_clip009_s000,resources/site_257_bowra-dry-a/downloaded_clips/site_257_item_5088/site_257_item_5088_clip_009.webm,night,spring,-0.5,0.866025,-0.866025,0.5,spring_night
5088_clip009_s001,resources/site_257_bowra-dry-a/downloaded_clips/site_257_item_5088/site_257_item_5088_clip_009.webm,night,spring,-0.5,0.866025,-0.866025,0.5,spring_night
5088_clip009_s002,resources/site_257_bowra-dry-a/downloaded_clips/site_257_item_5088/site_257_item_5088_clip_009.webm,night,spring,-0.5,0.866025,-0.866025,0.5,spring_night
5088_clip010_s000,resources/site_257_bowra-dry-a/downloaded_clips/site_257_item_5088/site_257_item_5088_clip_010.webm,night,spring,-0.5,0.866025,-0.866025,0.5,spring_night
5088_clip010_s001,resources/site_257_bowra-dry-a/downloaded_clips/site_257_item_5088/site_257_item_5088_clip_010.webm,night,spring,-0.5,0.866025,-0.866025,0.5,spring_night
5088_clip010_s002,resources/site_257_bowra-dry-a/downloaded_clips/site_257_item_5088/site_257_item_5088_clip_010.webm,night,spring,-0.5,0.866025,-0.866025,0.5,spring_night
5088_clip010_s003,resources/site_257_bowra-dry-a/downloaded_clips/site_257_item_5088/site_257_item_5088_clip_010.webm,night,spring,-0.5,0.866025,-0.866025,0.5,spring_night
5088_clip013_s000,resources/site_257_bowra-dry-a/downloaded_clips/site_257_item_5088/site_257_item_5088_clip_013.webm,night,spring,-0.5,0.866025,-0.866025,0.5,spring_night
5088_clip013_s001,resources/site_257_bowra-dry-a/downloaded_clips/site_257_item_5088/site_257_item_5088_clip_013.webm,night,spring,-0.5,0.866025,-0.866025,0.5,spring_night
5088_clip017_s000,resources/site_257_bowra-dry-a/downloaded_clips/site_257_item_5088/site_257_item_5088_clip_017.webm,night,spring,-0.5,0.866025,-0.866025,0.5,spring_night
5088_clip019_s000,resources/site_257_bowra-dry-a/downloaded_clips/site_257_item_5088/site_257_item_5088_clip_019.webm,night,spring,-0.5,0.866025,-0.866025,0.5,spring_night
5088_clip019_s001,resources/site_257_bowra-dry-a/downloaded_clips/site_257_item_5088/site_257_item_5088_clip_019.webm,night,spring,-0.5,0.866025,-0.866025,0.5,spring_night
5088_clip019_s002,resources/site_257_bowra-dry-a/downloaded_clips/site_257_item_5088/site_257_item_5088_clip_019.webm,night,spring,-0.5,0.866025,-0.866025,0.5,spring_night
5088_clip019_s003,resources/site_257_bowra-dry-a/downloaded_clips/site_257_item_5088/site_257_item_5088_clip_019.webm,night,spring,-0.5,0.866025,-0.866025,0.5,spring_night
5088_clip021_s000,resources/site_257_bowra-dry-a/downloaded_clips/site_257_item_5088/site_257_item_5088_clip_021.webm,night,spring,-0.5,0.866025,-0.866025,0.5,spring_night
5088_clip021_s001,resources/site_257_bowra-dry-a/downloaded_clips/site_257_item_5088/site_257_item_5088_clip_021.webm,night,spring,-0.5,0.866025,-0.866025,0.5,spring_night
5088_clip021_s002,resources/site_257_bowra-dry-a/downloaded_clips/site_257_item_5088/site_257_item_5088_clip_021.webm,night,spring,-0.5,0.866025,-0.866025,0.5,spring_night
5088_clip022_s000,resources/site_257_bowra-dry-a/downloaded_clips/site_257_item_5088/site_257_item_5088_clip_022.webm,night,spring,-0.5,0.866025,-0.866025,0.5,spring_night
5088_clip022_s001,resources/site_257_bowra-dry-a/downloaded_clips/site_257_item_5088/site_257_item_5088_clip_022.webm,night,spring,-0.5,0.866025,-0.866025,0.5,spring_night
5088_clip023_s000,resources/site_257_bowra-dry-a/downloaded_clips/site_257_item_5088/site_257_item_5088_clip_023.webm,night,spring,-0.5,0.866025,-0.866025,0.5,spring_night
5088_clip023_s001,resources/site_257_bowra-dry-a/downloaded_clips/site_257_item_5088/site_257_item_5088_clip_023.webm,night,spring,-0.5,0.866025,-0.866025,0.5,spring_night
5088_clip023_s002,resources/site_257_bowra-dry-a/downloaded_clips/site_257_item_5088/site_257_item_5088_clip_023.webm,night,spring,-0.5,0.866025,-0.866025,0.5,spring_night
445609_clip003_s000,resources/site_257_bowra-dry-a/downloaded_clips/site_257_item_445609/site_257_item_445609_clip_003.webm,night,spring,-0.5,0.866025,-1.0,-0.0,spring_night
445609_clip006_s000,resources/site_257_bowra-dry-a/downloaded_clips/site_257_item_445609/site_257_item_445609_clip_006.webm,night,spring,-0.5,0.866025,-1.0,-0.0,spring_night
445609_clip011_s000,resources/site_257_bowra-dry-a/downloaded_clips/site_257_item_445609/site_257_item_445609_clip_011.webm,night,spring,-0.5,0.866025,-1.0,-0.0,spring_night
445609_clip012_s000,resources/site_257_bowra-dry-a/downloaded_clips/site_257_item_445609/site_257_item_445609_clip_012.webm,night,spring,-0.5,0.866025,-1.0,-0.0,spring_night
445609_clip013_s000,resources/site_257_bowra-dry-a/downloaded_clips/site_257_item_445609/site_257_item_445609_clip_013.webm,night,spring,-0.5,0.866025,-1.0,-0.0,spring_night
445609_clip013_s001,resources/site_257_bowra-dry-a/downloaded_clips/site_257_item_445609/site_257_item_445609_clip_013.webm,night,spring,-0.5,0.866025,-1.0,-0.0,spring_night
445609_clip013_s002,resources/site_257_bowra-dry-a/downloaded_clips/site_257_item_445609/site_257_item_445609_clip_013.webm,night,spring,-0.5,0.866025,-1.0,-0.0,spring_night
445609_clip014_s000,resources/site_257_bowra-dry-a/downloaded_clips/site_257_item_445609/site_257_item_445609_clip_014.webm,night,spring,-0.5,0.866025,-1.0,-0.0,spring_night
445609_clip021_s000,resources/site_257_bowra-dry-a/downloaded_clips/site_257_item_445609/site_257_item_445609_clip_021.webm,night,spring,-0.5,0.866025,-1.0,-0.0,spring_night
445609_clip021_s001,resources/site_257_bowra-dry-a/downloaded_clips/site_257_item_445609/site_257_item_445609_clip_021.webm,night,spring,-0.5,0.866025,-1.0,-0.0,spring_night
445609_clip021_s002,resources/site_257_bowra-dry-a/downloaded_clips/site_257_item_445609/site_257_item_445609_clip_021.webm,night,spring,-0.5,0.866025,-1.0,-0.0,spring_night
445609_clip022_s000,resources/site_257_bowra-dry-a/downloaded_clips/site_257_item_445609/site_257_item_445609_clip_022.webm,night,spring,-0.5,0.866025,-1.0,-0.0,spring_night
445609_clip022_s001,resources/site_257_bowra-dry-a/downloaded_clips/site_257_item_445609/site_257_item_445609_clip_022.webm,night,spring,-0.5,0.866025,-1.0,-0.0,spring_night
445609_clip022_s002,resources/site_257_bowra-dry-a/downloaded_clips/site_257_item_445609/site_257_item_445609_clip_022.webm,night,spring,-0.5,0.866025,-1.0,-0.0,spring_night
445609_clip023_s000,resources/site_257_bowra-dry-a/downloaded_clips/site_257_item_445609/site_257_item_445609_clip_023.webm,night,spring,-0.5,0.866025,-1.0,-0.0,spring_night
445609_clip023_s001,resources/site_257_bowra-dry-a/downloaded_clips/site_257_item_445609/site_257_item_445609_clip_023.webm,night,spring,-0.5,0.866025,-1.0,-0.0,spring_night
445609_clip023_s002,resources/site_257_bowra-dry-a/downloaded_clips/site_257_item_445609/site_257_item_445609_clip_023.webm,night,spring,-0.5,0.866025,-1.0,-0.0,spring_night
445609_clip023_s003,resources/site_257_bowra-dry-a/downloaded_clips/site_257_item_445609/site_257_item_445609_clip_023.webm,night,spring,-0.5,0.866025,-1.0,-0.0,spring_night
445609_clip024_s000,resources/site_257_bowra-dry-a/downloaded_clips/site_257_item_445609/site_257_item_445609_clip_024.webm,night,spring,-0.5,0.866025,-1.0,-0.0,spring_night
445609_clip024_s001,resources/site_257_bowra-dry-a/downloaded_clips/site_257_item_445609/site_257_item_445609_clip_024.webm,night,spring,-0.5,0.866025,-1.0,-0.0,spring_night
445609_clip024_s002,resources/site_257_bowra-dry-a/downloaded_clips/site_257_item_445609/site_257_item_445609_clip_024.webm,night,spring,-0.5,0.866025,-1.0,-0.0,spring_night
445609_clip024_s003,resources/site_257_bowra-dry-a/downloaded_clips/site_257_item_445609/site_257_item_445609_clip_024.webm,night,spring,-0.5,0.866025,-1.0,-0.0,spring_night
445706_clip018_s000,resources/site_257_bowra-dry-a/downloaded_clips/site_257_item_445706/site_257_item_445706_clip_018.webm,night,spring,-0.5,0.866025,-1.0,-0.0,spring_night
445741_clip003_s000,resources/site_257_bowra-dry-a/downloaded_clips/site_257_item_445741/site_257_item_445741_clip_003.webm,night,spring,-0.5,0.866025,-1.0,-0.0,spring_night
445741_clip005_s000,resources/site_257_bowra-dry-a/downloaded_clips/site_257_item_445741/site_257_item_445741_clip_005.webm,night,spring,-0.5,0.866025,-1.0,-0.0,spring_night
445741_clip014_s000,resources/site_257_bowra-dry-a/downloaded_clips/site_257_item_445741/site_257_item_445741_clip_014.webm,night,spring,-0.5,0.866025,-1.0,-0.0,spring_night
445741_clip019_s000,resources/site_257_bowra-dry-a/downloaded_clips/site_257_item_445741/site_257_item_445741_clip_019.webm,night,spring,-0.5,0.866025,-1.0,-0.0,spring_night
1399444_clip002_s000,resources/site_257_bowra-dry-a/downloaded_clips/site_257_item_1399444/site_257_item_1399444_clip_002.webm,night,spring,-0.5,0.866025,-1.0,-0.0,spring_night
1399444_clip003_s000,resources/site_257_bowra-dry-a/downloaded_clips/site_257_item_1399444/site_257_item_1399444_clip_003.webm,night,spring,-0.5,0.866025,-1.0,-0.0,spring_night
1399444_clip003_s001,resources/site_257_bowra-dry-a/downloaded_clips/site_257_item_1399444/site_257_item_1399444_clip_003.webm,night,spring,-0.5,0.866025,-1.0,-0.0,spring_night
1399444_clip006_s000,resources/site_257_bowra-dry-a/downloaded_clips/site_257_item_1399444/site_257_item_1399444_clip_006.webm,night,spring,-0.5,0.866025,-1.0,-0.0,spring_night
1399444_clip007_s000,resources/site_257_bowra-dry-a/downloaded_clips/site_257_item_1399444/site_257_item_1399444_clip_007.webm,night,spring,-0.5,0.866025,-1.0,-0.0,spring_night
1399444_clip011_s000,resources/site_257_bowra-dry-a/downloaded_clips/site_257_item_1399444/site_257_item_1399444_clip_011.webm,night,spring,-0.5,0.866025,-1.0,-0.0,spring_night
1399550_clip003_s000,resources/site_257_bowra-dry-a/downloaded_clips/site_257_item_1399550/site_257_item_1399550_clip_003.webm,night,spring,-0.5,0.866025,-1.0,-0.0,spring_night
1399550_clip005_s000,resources/site_257_bowra-dry-a/downloaded_clips/site_257_item_1399550/site_257_item_1399550_clip_005.webm,night,spring,-0.5,0.866025,-1.0,-0.0,spring_night
1399550_clip007_s000,resources/site_257_bowra-dry-a/downloaded_clips/site_257_item_1399550/site_257_item_1399550_clip_007.webm,night,spring,-0.5,0.866025,-1.0,-0.0,spring_night
1399550_clip011_s000,resources/site_257_bowra-dry-a/downloaded_clips/site_257_item_1399550/site_257_item_1399550_clip_011.webm,night,spring,-0.5,0.866025,-1.0,-0.0,spring_night
1399550_clip013_s000,resources/site_257_bowra-dry-a/downloaded_clips/site_257_item_1399550/site_257_item_1399550_clip_013.webm,night,spring,-0.5,0.866025,-1.0,-0.0,spring_night
1399550_clip017_s000,resources/site_257_bowra-dry-a/downloaded_clips/site_257_item_1399550/site_257_item_1399550_clip_017.webm,night,spring,-0.5,0.866025,-1.0,-0.0,spring_night
1399550_clip020_s000,resources/site_257_bowra-dry-a/downloaded_clips/site_257_item_1399550/site_257_item_1399550_clip_020.webm,night,spring,-0.5,0.866025,-1.0,-0.0,spring_night
1399550_clip021_s000,resources/site_257_bowra-dry-a/downloaded_clips/site_257_item_1399550/site_257_item_1399550_clip_021.webm,night,spring,-0.5,0.866025,-1.0,-0.0,spring_night
1399550_clip022_s000,resources/site_257_bowra-dry-a/downloaded_clips/site_257_item_1399550/site_257_item_1399550_clip_022.webm,night,spring,-0.5,0.866025,-1.0,-0.0,spring_night
1399550_clip023_s000,resources/site_257_bowra-dry-a/downloaded_clips/site_257_item_1399550/site_257_item_1399550_clip_023.webm,night,spring,-0.5,0.866025,-1.0,-0.0,spring_night
1399550_clip024_s000,resources/site_257_bowra-dry-a/downloaded_clips/site_257_item_1399550/site_257_item_1399550_clip_024.webm,night,spring,-0.5,0.866025,-1.0,-0.0,spring_night
1399550_clip024_s001,resources/site_257_bowra-dry-a/downloaded_clips/site_257_item_1399550/site_257_item_1399550_clip_024.webm,night,spring,-0.5,0.866025,-1.0,-0.0,spring_night
1399550_clip024_s002,resources/site_257_bowra-dry-a/downloaded_clips/site_257_item_1399550/site_257_item_1399550_clip_024.webm,night,spring,-0.5,0.866025,-1.0,-0.0,spring_night
1399550_clip024_s003,resources/site_257_bowra-dry-a/downloaded_clips/site_257_item_1399550/site_257_item_1399550_clip_024.webm,night,spring,-0.5,0.866025,-1.0,-0.0,spring_night
1399884_clip003_s000,resources/site_257_bowra-dry-a/downloaded_clips/site_257_item_1399884/site_257_item_1399884_clip_003.webm,night,spring,-0.5,0.866025,-1.0,-0.0,spring_night
1399884_clip003_s001,resources/site_257_bowra-dry-a/downloaded_clips/site_257_item_1399884/site_257_item_1399884_clip_003.webm,night,spring,-0.5,0.866025,-1.0,-0.0,spring_night
1399884_clip006_s000,resources/site_257_bowra-dry-a/downloaded_clips/site_257_item_1399884/site_257_item_1399884_clip_006.webm,night,spring,-0.5,0.866025,-1.0,-0.0,spring_night
1399884_clip006_s001,resources/site_257_bowra-dry-a/downloaded_clips/site_257_item_1399884/site_257_item_1399884_clip_006.webm,night,spring,-0.5,0.866025,-1.0,-0.0,spring_night
1399884_clip009_s000,resources/site_257_bowra-dry-a/downloaded_clips/site_257_item_1399884/site_257_item_1399884_clip_009.webm,night,spring,-0.5,0.866025,-1.0,-0.0,spring_night
1399884_clip009_s001,resources/site_257_bowra-dry-a/downloaded_clips/site_257_item_1399884/site_257_item_1399884_clip_009.webm,night,spring,-0.5,0.866025,-1.0,-0.0,spring_night
1399884_clip009_s002,resources/site_257_bowra-dry-a/downloaded_clips/site_257_item_1399884/site_257_item_1399884_clip_009.webm,night,spring,-0.5,0.866025,-1.0,-0.0,spring_night
1399884_clip010_s000,resources/site_257_bowra-dry-a/downloaded_clips/site_257_item_1399884/site_257_item_1399884_clip_010.webm,night,spring,-0.5,0.866025,-1.0,-0.0,spring_night
1399884_clip011_s000,resources/site_257_bowra-dry-a/downloaded_clips/site_257_item_1399884/site_257_item_1399884_clip_011.webm,night,spring,-0.5,0.866025,-1.0,-0.0,spring_night
1399884_clip011_s001,resources/site_257_bowra-dry-a/downloaded_clips/site_257_item_1399884/site_257_item_1399884_clip_011.webm,night,spring,-0.5,0.866025,-1.0,-0.0,spring_night
1399884_clip013_s000,resources/site_257_bowra-dry-a/downloaded_clips/site_257_item_1399884/site_257_item_1399884_clip_013.webm,night,spring,-0.5,0.866025,-1.0,-0.0,spring_night
1399884_clip013_s001,resources/site_257_bowra-dry-a/downloaded_clips/site_257_item_1399884/site_257_item_1399884_clip_013.webm,night,spring,-0.5,0.866025,-1.0,-0.0,spring_night
1399884_clip013_s002,resources/site_257_bowra-dry-a/downloaded_clips/site_257_item_1399884/site_257_item_1399884_clip_013.webm,night,spring,-0.5,0.866025,-1.0,-0.0,spring_night
1399884_clip013_s003,resources/site_257_bowra-dry-a/downloaded_clips/site_257_item_1399884/site_257_item_1399884_clip_013.webm,night,spring,-0.5,0.866025,-1.0,-0.0,spring_night
1399884_clip014_s000,resources/site_257_bowra-dry-a/downloaded_clips/site_257_item_1399884/site_257_item_1399884_clip_014.webm,night,spring,-0.5,0.866025,-1.0,-0.0,spring_night
1399884_clip015_s000,resources/site_257_bowra-dry-a/downloaded_clips/site_257_item_1399884/site_257_item_1399884_clip_015.webm,night,spring,-0.5,0.866025,-1.0,-0.0,spring_night
1399884_clip016_s000,resources/site_257_bowra-dry-a/downloaded_clips/site_257_item_1399884/site_257_item_1399884_clip_016.webm,night,spring,-0.5,0.866025,-1.0,-0.0,spring_night
1399884_clip016_s001,resources/site_257_bowra-dry-a/downloaded_clips/site_257_item_1399884/site_257_item_1399884_clip_016.webm,night,spring,-0.5,0.866025,-1.0,-0.0,spring_night
1399884_clip017_s000,resources/site_257_bowra-dry-a/downloaded_clips/site_257_item_1399884/site_257_item_1399884_clip_017.webm,night,spring,-0.5,0.866025,-1.0,-0.0,spring_night
1399884_clip017_s001,resources/site_257_bowra-dry-a/downloaded_clips/site_257_item_1399884/site_257_item_1399884_clip_017.webm,night,spring,-0.5,0.866025,-1.0,-0.0,spring_night
1399884_clip019_s000,resources/site_257_bowra-dry-a/downloaded_clips/site_257_item_1399884/site_257_item_1399884_clip_019.webm,night,spring,-0.5,0.866025,-1.0,-0.0,spring_night
1399884_clip024_s000,resources/site_257_bowra-dry-a/downloaded_clips/site_257_item_1399884/site_257_item_1399884_clip_024.webm,night,spring,-0.5,0.866025,-1.0,-0.0,spring_night
1399884_clip024_s001,resources/site_257_bowra-dry-a/downloaded_clips/site_257_item_1399884/site_257_item_1399884_clip_024.webm,night,spring,-0.5,0.866025,-1.0,-0.0,spring_night
1400669_clip004_s000,resources/site_257_bowra-dry-a/downloaded_clips/site_257_item_1400669/site_257_item_1400669_clip_004.webm,night,spring,-0.5,0.866025,-1.0,-0.0,spring_night
1400669_clip004_s001,resources/site_257_bowra-dry-a/downloaded_clips/site_257_item_1400669/site_257_item_1400669_clip_004.webm,night,spring,-0.5,0.866025,-1.0,-0.0,spring_night
1400669_clip005_s000,resources/site_257_bowra-dry-a/downloaded_clips/site_257_item_1400669/site_257_item_1400669_clip_005.webm,night,spring,-0.5,0.866025,-1.0,-0.0,spring_night
1400669_clip006_s000,resources/site_257_bowra-dry-a/downloaded_clips/site_257_item_1400669/site_257_item_1400669_clip_006.webm,night,spring,-0.5,0.866025,-1.0,-0.0,spring_night
1400669_clip006_s001,resources/site_257_bowra-dry-a/downloaded_clips/site_257_item_1400669/site_257_item_1400669_clip_006.webm,night,spring,-0.5,0.866025,-1.0,-0.0,spring_night
1400669_clip006_s002,resources/site_257_bowra-dry-a/downloaded_clips/site_257_item_1400669/site_257_item_1400669_clip_006.webm,night,spring,-0.5,0.866025,-1.0,-0.0,spring_night
1400669_clip008_s000,resources/site_257_bowra-dry-a/downloaded_clips/site_257_item_1400669/site_257_item_1400669_clip_008.webm,night,spring,-0.5,0.866025,-1.0,-0.0,spring_night
1400669_clip008_s001,resources/site_257_bowra-dry-a/downloaded_clips/site_257_item_1400669/site_257_item_1400669_clip_008.webm,night,spring,-0.5,0.866025,-1.0,-0.0,spring_night
1400669_clip008_s002,resources/site_257_bowra-dry-a/downloaded_clips/site_257_item_1400669/site_257_item_1400669_clip_008.webm,night,spring,-0.5,0.866025,-1.0,-0.0,spring_night
1400669_clip010_s000,resources/site_257_bowra-dry-a/downloaded_clips/site_257_item_1400669/site_257_item_1400669_clip_010.webm,night,spring,-0.5,0.866025,-1.0,-0.0,spring_night
1400669_clip012_s000,resources/site_257_bowra-dry-a/downloaded_clips/site_257_item_1400669/site_257_item_1400669_clip_012.webm,night,spring,-0.5,0.866025,-1.0,-0.0,spring_night
1400669_clip015_s000,resources/site_257_bowra-dry-a/downloaded_clips/site_257_item_1400669/site_257_item_1400669_clip_015.webm,night,spring,-0.5,0.866025,-1.0,-0.0,spring_night
1400669_clip017_s000,resources/site_257_bowra-dry-a/downloaded_clips/site_257_item_1400669/site_257_item_1400669_clip_017.webm,night,spring,-0.5,0.866025,-1.0,-0.0,spring_night
1400669_clip018_s000,resources/site_257_bowra-dry-a/downloaded_clips/site_257_item_1400669/site_257_item_1400669_clip_018.webm,night,spring,-0.5,0.866025,-1.0,-0.0,spring_night
1400669_clip021_s000,resources/site_257_bowra-dry-a/downloaded_clips/site_257_item_1400669/site_257_item_1400669_clip_021.webm,night,spring,-0.5,0.866025,-1.0,-0.0,spring_night
1400669_clip021_s001,resources/site_257_bowra-dry-a/downloaded_clips/site_257_item_1400669/site_257_item_1400669_clip_021.webm,night,spring,-0.5,0.866025,-1.0,-0.0,spring_night
1400669_clip022_s000,resources/site_257_bowra-dry-a/downloaded_clips/site_257_item_1400669/site_257_item_1400669_clip_022.webm,night,spring,-0.5,0.866025,-1.0,-0.0,spring_night
1400669_clip023_s000,resources/site_257_bowra-dry-a/downloaded_clips/site_257_item_1400669/site_257_item_1400669_clip_023.webm,night,spring,-0.5,0.866025,-1.0,-0.0,spring_night
1400801_clip001_s000,resources/site_257_bowra-dry-a/downloaded_clips/site_257_item_1400801/site_257_item_1400801_clip_001.webm,night,spring,-0.5,0.866025,-0.866025,0.5,spring_night
1400801_clip001_s001,resources/site_257_bowra-dry-a/downloaded_clips/site_257_item_1400801/site_257_item_1400801_clip_001.webm,night,spring,-0.5,0.866025,-0.866025,0.5,spring_night
1400801_clip001_s002,resources/site_257_bowra-dry-a/downloaded_clips/site_257_item_1400801/site_257_item_1400801_clip_001.webm,night,spring,-0.5,0.866025,-0.866025,0.5,spring_night
1400801_clip003_s000,resources/site_257_bowra-dry-a/downloaded_clips/site_257_item_1400801/site_257_item_1400801_clip_003.webm,night,spring,-0.5,0.866025,-0.866025,0.5,spring_night
1400801_clip003_s001,resources/site_257_bowra-dry-a/downloaded_clips/site_257_item_1400801/site_257_item_1400801_clip_003.webm,night,spring,-0.5,0.866025,-0.866025,0.5,spring_night
1400801_clip004_s000,resources/site_257_bowra-dry-a/downloaded_clips/site_257_item_1400801/site_257_item_1400801_clip_004.webm,night,spring,-0.5,0.866025,-0.866025,0.5,spring_night
1400801_clip006_s000,resources/site_257_bowra-dry-a/downloaded_clips/site_257_item_1400801/site_257_item_1400801_clip_006.webm,night,spring,-0.5,0.866025,-0.866025,0.5,spring_night
1400801_clip006_s001,resources/site_257_bowra-dry-a/downloaded_clips/site_257_item_1400801/site_257_item_1400801_clip_006.webm,night,spring,-0.5,0.866025,-0.866025,0.5,spring_night
1400801_clip007_s000,resources/site_257_bowra-dry-a/downloaded_clips/site_257_item_1400801/site_257_item_1400801_clip_007.webm,night,spring,-0.5,0.866025,-0.866025,0.5,spring_night
1400801_clip011_s000,resources/site_257_bowra-dry-a/downloaded_clips/site_257_item_1400801/site_257_item_1400801_clip_011.webm,night,spring,-0.5,0.866025,-0.866025,0.5,spring_night
1400801_clip011_s001,resources/site_257_bowra-dry-a/downloaded_clips/site_257_item_1400801/site_257_item_1400801_clip_011.webm,night,spring,-0.5,0.866025,-0.866025,0.5,spring_night
1400801_clip014_s000,resources/site_257_bowra-dry-a/downloaded_clips/site_257_item_1400801/site_257_item_1400801_clip_014.webm,night,spring,-0.5,0.866025,-0.866025,0.5,spring_night
1400801_clip014_s001,resources/site_257_bowra-dry-a/downloaded_clips/site_257_item_1400801/site_257_item_1400801_clip_014.webm,night,spring,-0.5,0.866025,-0.866025,0.5,spring_night
1400801_clip014_s002,resources/site_257_bowra-dry-a/downloaded_clips/site_257_item_1400801/site_257_item_1400801_clip_014.webm,night,spring,-0.5,0.866025,-0.866025,0.5,spring_night
1400801_clip015_s000,resources/site_257_bowra-dry-a/downloaded_clips/site_257_item_1400801/site_257_item_1400801_clip_015.webm,night,spring,-0.5,0.866025,-0.866025,0.5,spring_night
1400801_clip015_s001,resources/site_257_bowra-dry-a/downloaded_clips/site_257_item_1400801/site_257_item_1400801_clip_015.webm,night,spring,-0.5,0.866025,-0.866025,0.5,spring_night
1400801_clip019_s000,resources/site_257_bowra-dry-a/downloaded_clips/site_257_item_1400801/site_257_item_1400801_clip_019.webm,night,spring,-0.5,0.866025,-0.866025,0.5,spring_night
1400801_clip020_s000,resources/site_257_bowra-dry-a/downloaded_clips/site_257_item_1400801/site_257_item_1400801_clip_020.webm,night,spring,-0.5,0.866025,-0.866025,0.5,spring_night
1400801_clip021_s000,resources/site_257_bowra-dry-a/downloaded_clips/site_257_item_1400801/site_257_item_1400801_clip_021.webm,night,spring,-0.5,0.866025,-0.866025,0.5,spring_night
1400801_clip022_s000,resources/site_257_bowra-dry-a/downloaded_clips/site_257_item_1400801/site_257_item_1400801_clip_022.webm,night,spring,-0.5,0.866025,-0.866025,0.5,spring_night
1400801_clip023_s000,resources/site_257_bowra-dry-a/downloaded_clips/site_257_item_1400801/site_257_item_1400801_clip_023.webm,night,spring,-0.5,0.866025,-0.866025,0.5,spring_night
1400801_clip024_s000,resources/site_257_bowra-dry-a/downloaded_clips/site_257_item_1400801/site_257_item_1400801_clip_024.webm,night,spring,-0.5,0.866025,-0.866025,0.5,spring_night
1400801_clip024_s001,resources/site_257_bowra-dry-a/downloaded_clips/site_257_item_1400801/site_257_item_1400801_clip_024.webm,night,spring,-0.5,0.866025,-0.866025,0.5,spring_night
1400935_clip001_s000,resources/site_257_bowra-dry-a/downloaded_clips/site_257_item_1400935/site_257_item_1400935_clip_001.webm,night,spring,-0.258819,0.965926,-0.866025,0.5,spring_night
1401896_clip001_s000,resources/site_257_bowra-dry-a/downloaded_clips/site_257_item_1401896/site_257_item_1401896_clip_001.webm,night,spring,-0.5,0.866025,-0.5,0.866025,spring_night
1401896_clip002_s000,resources/site_257_bowra-dry-a/downloaded_clips/site_257_item_1401896/site_257_item_1401896_clip_002.webm,night,spring,-0.5,0.866025,-0.5,0.866025,spring_night
1401896_clip002_s001,resources/site_257_bowra-dry-a/downloaded_clips/site_257_item_1401896/site_257_item_1401896_clip_002.webm,night,spring,-0.5,0.866025,-0.5,0.866025,spring_night
1401896_clip002_s002,resources/site_257_bowra-dry-a/downloaded_clips/site_257_item_1401896/site_257_item_1401896_clip_002.webm,night,spring,-0.5,0.866025,-0.5,0.866025,spring_night
1401896_clip002_s003,resources/site_257_bowra-dry-a/downloaded_clips/site_257_item_1401896/site_257_item_1401896_clip_002.webm,night,spring,-0.5,0.866025,-0.5,0.866025,spring_night
1401896_clip002_s004,resources/site_257_bowra-dry-a/downloaded_clips/site_257_item_1401896/site_257_item_1401896_clip_002.webm,night,spring,-0.5,0.866025,-0.5,0.866025,spring_night
1401896_clip003_s000,resources/site_257_bowra-dry-a/downloaded_clips/site_257_item_1401896/site_257_item_1401896_clip_003.webm,night,spring,-0.5,0.866025,-0.5,0.866025,spring_night
1401896_clip004_s000,resources/site_257_bowra-dry-a/downloaded_clips/site_257_item_1401896/site_257_item_1401896_clip_004.webm,night,spring,-0.5,0.866025,-0.5,0.866025,spring_night
1401896_clip004_s001,resources/site_257_bowra-dry-a/downloaded_clips/site_257_item_1401896/site_257_item_1401896_clip_004.webm,night,spring,-0.5,0.866025,-0.5,0.866025,spring_night
1401896_clip004_s002,resources/site_257_bowra-dry-a/downloaded_clips/site_257_item_1401896/site_257_item_1401896_clip_004.webm,night,spring,-0.5,0.866025,-0.5,0.866025,spring_night
1401896_clip005_s000,resources/site_257_bowra-dry-a/downloaded_clips/site_257_item_1401896/site_257_item_1401896_clip_005.webm,night,spring,-0.5,0.866025,-0.5,0.866025,spring_night
1401896_clip005_s001,resources/site_257_bowra-dry-a/downloaded_clips/site_257_item_1401896/site_257_item_1401896_clip_005.webm,night,spring,-0.5,0.866025,-0.5,0.866025,spring_night
1401896_clip008_s000,resources/site_257_bowra-dry-a/downloaded_clips/site_257_item_1401896/site_257_item_1401896_clip_008.webm,night,spring,-0.5,0.866025,-0.5,0.866025,spring_night
1401896_clip008_s001,resources/site_257_bowra-dry-a/downloaded_clips/site_257_item_1401896/site_257_item_1401896_clip_008.webm,night,spring,-0.5,0.866025,-0.5,0.866025,spring_night
1401896_clip008_s002,resources/site_257_bowra-dry-a/downloaded_clips/site_257_item_1401896/site_257_item_1401896_clip_008.webm,night,spring,-0.5,0.866025,-0.5,0.866025,spring_night
1401896_clip008_s003,resources/site_257_bowra-dry-a/downloaded_clips/site_257_item_1401896/site_257_item_1401896_clip_008.webm,night,spring,-0.5,0.866025,-0.5,0.866025,spring_night
1401896_clip008_s004,resources/site_257_bowra-dry-a/downloaded_clips/site_257_item_1401896/site_257_item_1401896_clip_008.webm,night,spring,-0.5,0.866025,-0.5,0.866025,spring_night
1401896_clip008_s005,resources/site_257_bowra-dry-a/downloaded_clips/site_257_item_1401896/site_257_item_1401896_clip_008.webm,night,spring,-0.5,0.866025,-0.5,0.866025,spring_night
1401896_clip016_s000,resources/site_257_bowra-dry-a/downloaded_clips/site_257_item_1401896/site_257_item_1401896_clip_016.webm,night,spring,-0.5,0.866025,-0.5,0.866025,spring_night
1401896_clip016_s001,resources/site_257_bowra-dry-a/downloaded_clips/site_257_item_1401896/site_257_item_1401896_clip_016.webm,night,spring,-0.5,0.866025,-0.5,0.866025,spring_night
1401896_clip016_s002,resources/site_257_bowra-dry-a/downloaded_clips/site_257_item_1401896/site_257_item_1401896_clip_016.webm,night,spring,-0.5,0.866025,-0.5,0.866025,spring_night
1401896_clip017_s000,resources/site_257_bowra-dry-a/downloaded_clips/site_257_item_1401896/site_257_item_1401896_clip_017.webm,night,spring,-0.5,0.866025,-0.5,0.866025,spring_night
1401896_clip021_s000,resources/site_257_bowra-dry-a/downloaded_clips/site_257_item_1401896/site_257_item_1401896_clip_021.webm,night,spring,-0.5,0.866025,-0.5,0.866025,spring_night
1401956_clip001_s000,resources/site_257_bowra-dry-a/downloaded_clips/site_257_item_1401956/site_257_item_1401956_clip_001.webm,night,spring,-0.5,0.866025,-0.5,0.866025,spring_night
1401956_clip004_s000,resources/site_257_bowra-dry-a/downloaded_clips/site_257_item_1401956/site_257_item_1401956_clip_004.webm,night,spring,-0.5,0.866025,-0.5,0.866025,spring_night
1401956_clip007_s000,resources/site_257_bowra-dry-a/downloaded_clips/site_257_item_1401956/site_257_item_1401956_clip_007.webm,night,spring,-0.5,0.866025,-0.5,0.866025,spring_night
1401956_clip009_s000,resources/site_257_bowra-dry-a/downloaded_clips/site_257_item_1401956/site_257_item_1401956_clip_009.webm,night,spring,-0.5,0.866025,-0.5,0.866025,spring_night
1401956_clip010_s000,resources/site_257_bowra-dry-a/downloaded_clips/site_257_item_1401956/site_257_item_1401956_clip_010.webm,night,spring,-0.5,0.866025,-0.5,0.866025,spring_night
1401956_clip013_s000,resources/site_257_bowra-dry-a/downloaded_clips/site_257_item_1401956/site_257_item_1401956_clip_013.webm,night,spring,-0.5,0.866025,-0.5,0.866025,spring_night
1401956_clip014_s000,resources/site_257_bowra-dry-a/downloaded_clips/site_257_item_1401956/site_257_item_1401956_clip_014.webm,night,spring,-0.5,0.866025,-0.5,0.866025,spring_night
1401956_clip016_s000,resources/site_257_bowra-dry-a/downloaded_clips/site_257_item_1401956/site_257_item_1401956_clip_016.webm,night,spring,-0.5,0.866025,-0.5,0.866025,spring_night
1401956_clip018_s000,resources/site_257_bowra-dry-a/downloaded_clips/site_257_item_1401956/site_257_item_1401956_clip_018.webm,night,spring,-0.5,0.866025,-0.5,0.866025,spring_night
1401956_clip019_s000,resources/site_257_bowra-dry-a/downloaded_clips/site_257_item_1401956/site_257_item_1401956_clip_019.webm,night,spring,-0.5,0.866025,-0.5,0.866025,spring_night
1401956_clip024_s000,resources/site_257_bowra-dry-a/downloaded_clips/site_257_item_1401956/site_257_item_1401956_clip_024.webm,night,spring,-0.5,0.866025,-0.5,0.866025,spring_night
1536223_clip014_s000,resources/site_257_bowra-dry-a/downloaded_clips/site_257_item_1536223/site_257_item_1536223_clip_014.webm,night,spring,-0.5,0.866025,-1.0,-0.0,spring_night
1536223_clip015_s000,resources/site_257_bowra-dry-a/downloaded_clips/site_257_item_1536223/site_257_item_1536223_clip_015.webm,night,spring,-0.5,0.866025,-1.0,-0.0,spring_night
1536223_clip019_s000,resources/site_257_bowra-dry-a/downloaded_clips/site_257_item_1536223/site_257_item_1536223_clip_019.webm,night,spring,-0.5,0.866025,-1.0,-0.0,spring_night
1677342_clip002_s000,resources/site_257_bowra-dry-a/downloaded_clips/site_257_item_1677342/site_257_item_1677342_clip_002.webm,night,spring,-0.5,0.866025,-0.866025,0.5,spring_night
1677342_clip003_s000,resources/site_257_bowra-dry-a/downloaded_clips/site_257_item_1677342/site_257_item_1677342_clip_003.webm,night,spring,-0.5,0.866025,-0.866025,0.5,spring_night
1677342_clip005_s000,resources/site_257_bowra-dry-a/downloaded_clips/site_257_item_1677342/site_257_item_1677342_clip_005.webm,night,spring,-0.5,0.866025,-0.866025,0.5,spring_night
1677342_clip006_s000,resources/site_257_bowra-dry-a/downloaded_clips/site_257_item_1677342/site_257_item_1677342_clip_006.webm,night,spring,-0.5,0.866025,-0.866025,0.5,spring_night
1677342_clip013_s000,resources/site_257_bowra-dry-a/downloaded_clips/site_257_item_1677342/site_257_item_1677342_clip_013.webm,night,spring,-0.5,0.866025,-0.866025,0.5,spring_night
1677342_clip018_s000,resources/site_257_bowra-dry-a/downloaded_clips/site_257_item_1677342/site_257_item_1677342_clip_018.webm,night,spring,-0.5,0.866025,-0.866025,0.5,spring_night
1677342_clip018_s001,resources/site_257_bowra-dry-a/downloaded_clips/site_257_item_1677342/site_257_item_1677342_clip_018.webm,night,spring,-0.5,0.866025,-0.866025,0.5,spring_night
1677342_clip019_s000,resources/site_257_bowra-dry-a/downloaded_clips/site_257_item_1677342/site_257_item_1677342_clip_019.webm,night,spring,-0.5,0.866025,-0.866025,0.5,spring_night
1677342_clip020_s000,resources/site_257_bowra-dry-a/downloaded_clips/site_257_item_1677342/site_257_item_1677342_clip_020.webm,night,spring,-0.5,0.866025,-0.866025,0.5,spring_night
1677342_clip024_s000,resources/site_257_bowra-dry-a/downloaded_clips/site_257_item_1677342/site_257_item_1677342_clip_024.webm,night,spring,-0.5,0.866025,-0.866025,0.5,spring_night
1678476_clip002_s000,resources/site_257_bowra-dry-a/downloaded_clips/site_257_item_1678476/site_257_item_1678476_clip_002.webm,night,spring,-0.5,0.866025,-0.866025,0.5,spring_night
1678476_clip008_s000,resources/site_257_bowra-dry-a/downloaded_clips/site_257_item_1678476/site_257_item_1678476_clip_008.webm,night,spring,-0.5,0.866025,-0.866025,0.5,spring_night
1678476_clip009_s000,resources/site_257_bowra-dry-a/downloaded_clips/site_257_item_1678476/site_257_item_1678476_clip_009.webm,night,spring,-0.5,0.866025,-0.866025,0.5,spring_night
1678476_clip013_s000,resources/site_257_bowra-dry-a/downloaded_clips/site_257_item_1678476/site_257_item_1678476_clip_013.webm,night,spring,-0.5,0.866025,-0.866025,0.5,spring_night
1678476_clip013_s001,resources/site_257_bowra-dry-a/downloaded_clips/site_257_item_1678476/site_257_item_1678476_clip_013.webm,night,spring,-0.5,0.866025,-0.866025,0.5,spring_night
1678476_clip022_s000,resources/site_257_bowra-dry-a/downloaded_clips/site_257_item_1678476/site_257_item_1678476_clip_022.webm,night,spring,-0.5,0.866025,-0.866025,0.5,spring_night
1678476_clip022_s001,resources/site_257_bowra-dry-a/downloaded_clips/site_257_item_1678476/site_257_item_1678476_clip_022.webm,night,spring,-0.5,0.866025,-0.866025,0.5,spring_night
1678476_clip022_s002,resources/site_257_bowra-dry-a/downloaded_clips/site_257_item_1678476/site_257_item_1678476_clip_022.webm,night,spring,-0.5,0.866025,-0.866025,0.5,spring_night
1678476_clip023_s000,resources/site_257_bowra-dry-a/downloaded_clips/site_257_item_1678476/site_257_item_1678476_clip_023.webm,night,spring,-0.5,0.866025,-0.866025,0.5,spring_night
1678476_clip024_s000,resources/site_257_bowra-dry-a/downloaded_clips/site_257_item_1678476/site_257_item_1678476_clip_024.webm,night,spring,-0.5,0.866025,-0.866025,0.5,spring_night
1678476_clip024_s001,resources/site_257_bowra-dry-a/downloaded_clips/site_257_item_1678476/site_257_item_1678476_clip_024.webm,night,spring,-0.5,0.866025,-0.866025,0.5,spring_night
1678563_clip001_s000,resources/site_257_bowra-dry-a/downloaded_clips/site_257_item_1678563/site_257_item_1678563_clip_001.webm,night,spring,-0.5,0.866025,-0.866025,0.5,spring_night
1678563_clip001_s001,resources/site_257_bowra-dry-a/downloaded_clips/site_257_item_1678563/site_257_item_1678563_clip_001.webm,night,spring,-0.5,0.866025,-0.866025,0.5,spring_night
1678563_clip002_s000,resources/site_257_bowra-dry-a/downloaded_clips/site_257_item_1678563/site_257_item_1678563_clip_002.webm,night,spring,-0.5,0.866025,-0.866025,0.5,spring_night
1678563_clip002_s001,resources/site_257_bowra-dry-a/downloaded_clips/site_257_item_1678563/site_257_item_1678563_clip_002.webm,night,spring,-0.5,0.866025,-0.866025,0.5,spring_night
1678563_clip002_s002,resources/site_257_bowra-dry-a/downloaded_clips/site_257_item_1678563/site_257_item_1678563_clip_002.webm,night,spring,-0.5,0.866025,-0.866025,0.5,spring_night
1678563_clip002_s003,resources/site_257_bowra-dry-a/downloaded_clips/site_257_item_1678563/site_257_item_1678563_clip_002.webm,night,spring,-0.5,0.866025,-0.866025,0.5,spring_night
1678563_clip003_s000,resources/site_257_bowra-dry-a/downloaded_clips/site_257_item_1678563/site_257_item_1678563_clip_003.webm,night,spring,-0.5,0.866025,-0.866025,0.5,spring_night
1678563_clip003_s001,resources/site_257_bowra-dry-a/downloaded_clips/site_257_item_1678563/site_257_item_1678563_clip_003.webm,night,spring,-0.5,0.866025,-0.866025,0.5,spring_night
1678563_clip006_s000,resources/site_257_bowra-dry-a/downloaded_clips/site_257_item_1678563/site_257_item_1678563_clip_006.webm,night,spring,-0.5,0.866025,-0.866025,0.5,spring_night
1678563_clip007_s000,resources/site_257_bowra-dry-a/downloaded_clips/site_257_item_1678563/site_257_item_1678563_clip_007.webm,night,spring,-0.5,0.866025,-0.866025,0.5,spring_night
1678563_clip010_s000,resources/site_257_bowra-dry-a/downloaded_clips/site_257_item_1678563/site_257_item_1678563_clip_010.webm,night,spring,-0.5,0.866025,-0.866025,0.5,spring_night
1678563_clip010_s001,resources/site_257_bowra-dry-a/downloaded_clips/site_257_item_1678563/site_257_item_1678563_clip_010.webm,night,spring,-0.5,0.866025,-0.866025,0.5,spring_night
1678563_clip011_s000,resources/site_257_bowra-dry-a/downloaded_clips/site_257_item_1678563/site_257_item_1678563_clip_011.webm,night,spring,-0.5,0.866025,-0.866025,0.5,spring_night
1678563_clip011_s001,resources/site_257_bowra-dry-a/downloaded_clips/site_257_item_1678563/site_257_item_1678563_clip_011.webm,night,spring,-0.5,0.866025,-0.866025,0.5,spring_night
1678563_clip014_s000,resources/site_257_bowra-dry-a/downloaded_clips/site_257_item_1678563/site_257_item_1678563_clip_014.webm,night,spring,-0.5,0.866025,-0.866025,0.5,spring_night
1668509_clip001_s000,resources/site_257_bowra-dry-a/downloaded_clips/site_257_item_1668509/site_257_item_1668509_clip_001.webm,night,spring,-0.5,0.866025,-0.5,0.866025,spring_night
1668509_clip001_s001,resources/site_257_bowra-dry-a/downloaded_clips/site_257_item_1668509/site_257_item_1668509_clip_001.webm,night,spring,-0.5,0.866025,-0.5,0.866025,spring_night
1668509_clip001_s002,resources/site_257_bowra-dry-a/downloaded_clips/site_257_item_1668509/site_257_item_1668509_clip_001.webm,night,spring,-0.5,0.866025,-0.5,0.866025,spring_night
1668509_clip002_s000,resources/site_257_bowra-dry-a/downloaded_clips/site_257_item_1668509/site_257_item_1668509_clip_002.webm,night,spring,-0.5,0.866025,-0.5,0.866025,spring_night
1668509_clip004_s000,resources/site_257_bowra-dry-a/downloaded_clips/site_257_item_1668509/site_257_item_1668509_clip_004.webm,night,spring,-0.5,0.866025,-0.5,0.866025,spring_night
1668509_clip004_s001,resources/site_257_bowra-dry-a/downloaded_clips/site_257_item_1668509/site_257_item_1668509_clip_004.webm,night,spring,-0.5,0.866025,-0.5,0.866025,spring_night
1668509_clip021_s000,resources/site_257_bowra-dry-a/downloaded_clips/site_257_item_1668509/site_257_item_1668509_clip_021.webm,night,spring,-0.5,0.866025,-0.5,0.866025,spring_night
1668529_clip008_s000,resources/site_257_bowra-dry-a/downloaded_clips/site_257_item_1668529/site_257_item_1668529_clip_008.webm,night,spring,-0.5,0.866025,-0.5,0.866025,spring_night
1668529_clip008_s001,resources/site_257_bowra-dry-a/downloaded_clips/site_257_item_1668529/site_257_item_1668529_clip_008.webm,night,spring,-0.5,0.866025,-0.5,0.866025,spring_night
1668529_clip010_s000,resources/site_257_bowra-dry-a/downloaded_clips/site_257_item_1668529/site_257_item_1668529_clip_010.webm,night,spring,-0.5,0.866025,-0.5,0.866025,spring_night
1668529_clip011_s000,resources/site_257_bowra-dry-a/downloaded_clips/site_257_item_1668529/site_257_item_1668529_clip_011.webm,night,spring,-0.5,0.866025,-0.5,0.866025,spring_night
1668529_clip012_s000,resources/site_257_bowra-dry-a/downloaded_clips/site_257_item_1668529/site_257_item_1668529_clip_012.webm,night,spring,-0.5,0.866025,-0.5,0.866025,spring_night
1668529_clip012_s001,resources/site_257_bowra-dry-a/downloaded_clips/site_257_item_1668529/site_257_item_1668529_clip_012.webm,night,spring,-0.5,0.866025,-0.5,0.866025,spring_night
1668529_clip012_s002,resources/site_257_bowra-dry-a/downloaded_clips/site_257_item_1668529/site_257_item_1668529_clip_012.webm,night,spring,-0.5,0.866025,-0.5,0.866025,spring_night
1668529_clip014_s000,resources/site_257_bowra-dry-a/downloaded_clips/site_257_item_1668529/site_257_item_1668529_clip_014.webm,night,spring,-0.5,0.866025,-0.5,0.866025,spring_night
1668529_clip015_s000,resources/site_257_bowra-dry-a/downloaded_clips/site_257_item_1668529/site_257_item_1668529_clip_015.webm,night,spring,-0.5,0.866025,-0.5,0.866025,spring_night
1668529_clip016_s000,resources/site_257_bowra-dry-a/downloaded_clips/site_257_item_1668529/site_257_item_1668529_clip_016.webm,night,spring,-0.5,0.866025,-0.5,0.866025,spring_night
1668529_clip017_s000,resources/site_257_bowra-dry-a/downloaded_clips/site_257_item_1668529/site_257_item_1668529_clip_017.webm,night,spring,-0.5,0.866025,-0.5,0.866025,spring_night
1668529_clip018_s000,resources/site_257_bowra-dry-a/downloaded_clips/site_257_item_1668529/site_257_item_1668529_clip_018.webm,night,spring,-0.5,0.866025,-0.5,0.866025,spring_night
1668529_clip019_s000,resources/site_257_bowra-dry-a/downloaded_clips/site_257_item_1668529/site_257_item_1668529_clip_019.webm,night,spring,-0.5,0.866025,-0.5,0.866025,spring_night
1668529_clip019_s001,resources/site_257_bowra-dry-a/downloaded_clips/site_257_item_1668529/site_257_item_1668529_clip_019.webm,night,spring,-0.5,0.866025,-0.5,0.866025,spring_night
1668529_clip019_s002,resources/site_257_bowra-dry-a/downloaded_clips/site_257_item_1668529/site_257_item_1668529_clip_019.webm,night,spring,-0.5,0.866025,-0.5,0.866025,spring_night
1668529_clip019_s003,resources/site_257_bowra-dry-a/downloaded_clips/site_257_item_1668529/site_257_item_1668529_clip_019.webm,night,spring,-0.5,0.866025,-0.5,0.866025,spring_night
1668529_clip020_s000,resources/site_257_bowra-dry-a/downloaded_clips/site_257_item_1668529/site_257_item_1668529_clip_020.webm,night,spring,-0.5,0.866025,-0.5,0.866025,spring_night
1668529_clip020_s001,resources/site_257_bowra-dry-a/downloaded_clips/site_257_item_1668529/site_257_item_1668529_clip_020.webm,night,spring,-0.5,0.866025,-0.5,0.866025,spring_night
1668529_clip020_s002,resources/site_257_bowra-dry-a/downloaded_clips/site_257_item_1668529/site_257_item_1668529_clip_020.webm,night,spring,-0.5,0.866025,-0.5,0.866025,spring_night
1668695_clip021_s000,resources/site_257_bowra-dry-a/downloaded_clips/site_257_item_1668695/site_257_item_1668695_clip_021.webm,night,spring,-0.5,0.866025,-0.5,0.866025,spring_night
1400024_clip001_s000,resources/site_257_bowra-dry-a/downloaded_clips/site_257_item_1400024/site_257_item_1400024_clip_001.webm,afternoon,spring,-0.5,-0.866025,-1.0,-0.0,spring_afternoon
1400024_clip002_s000,resources/site_257_bowra-dry-a/downloaded_clips/site_257_item_1400024/site_257_item_1400024_clip_002.webm,afternoon,spring,-0.5,-0.866025,-1.0,-0.0,spring_afternoon
1400024_clip005_s000,resources/site_257_bowra-dry-a/downloaded_clips/site_257_item_1400024/site_257_item_1400024_clip_005.webm,afternoon,spring,-0.5,-0.866025,-1.0,-0.0,spring_afternoon
1400024_clip008_s000,resources/site_257_bowra-dry-a/downloaded_clips/site_257_item_1400024/site_257_item_1400024_clip_008.webm,afternoon,spring,-0.5,-0.866025,-1.0,-0.0,spring_afternoon
1400024_clip024_s000,resources/site_257_bowra-dry-a/downloaded_clips/site_257_item_1400024/site_257_item_1400024_clip_024.webm,afternoon,spring,-0.5,-0.866025,-1.0,-0.0,spring_afternoon
1401104_clip014_s000,resources/site_257_bowra-dry-a/downloaded_clips/site_257_item_1401104/site_257_item_1401104_clip_014.webm,afternoon,spring,0.0,-1.0,-0.5,0.866025,spring_afternoon
1401311_clip004_s000,resources/site_257_bowra-dry-a/downloaded_clips/site_257_item_1401311/site_257_item_1401311_clip_004.webm,afternoon,spring,-0.5,-0.866025,-0.866025,0.5,spring_afternoon
1401567_clip001_s000,resources/site_257_bowra-dry-a/downloaded_clips/site_257_item_1401567/site_257_item_1401567_clip_001.webm,afternoon,spring,-0.5,-0.866025,-0.866025,0.5,spring_afternoon
1401567_clip009_s000,resources/site_257_bowra-dry-a/downloaded_clips/site_257_item_1401567/site_257_item_1401567_clip_009.webm,afternoon,spring,-0.5,-0.866025,-0.866025,0.5,spring_afternoon
1401567_clip010_s000,resources/site_257_bowra-dry-a/downloaded_clips/site_257_item_1401567/site_257_item_1401567_clip_010.webm,afternoon,spring,-0.5,-0.866025,-0.866025,0.5,spring_afternoon
1401567_clip010_s001,resources/site_257_bowra-dry-a/downloaded_clips/site_257_item_1401567/site_257_item_1401567_clip_010.webm,afternoon,spring,-0.5,-0.866025,-0.866025,0.5,spring_afternoon
1401567_clip010_s002,resources/site_257_bowra-dry-a/downloaded_clips/site_257_item_1401567/site_257_item_1401567_clip_010.webm,afternoon,spring,-0.5,-0.866025,-0.866025,0.5,spring_afternoon
1401567_clip010_s003,resources/site_257_bowra-dry-a/downloaded_clips/site_257_item_1401567/site_257_item_1401567_clip_010.webm,afternoon,spring,-0.5,-0.866025,-0.866025,0.5,spring_afternoon
1401567_clip011_s000,resources/site_257_bowra-dry-a/downloaded_clips/site_257_item_1401567/site_257_item_1401567_clip_011.webm,afternoon,spring,-0.5,-0.866025,-0.866025,0.5,spring_afternoon
1401567_clip011_s001,resources/site_257_bowra-dry-a/downloaded_clips/site_257_item_1401567/site_257_item_1401567_clip_011.webm,afternoon,spring,-0.5,-0.866025,-0.866025,0.5,spring_afternoon
1401567_clip011_s002,resources/site_257_bowra-dry-a/downloaded_clips/site_257_item_1401567/site_257_item_1401567_clip_011.webm,afternoon,spring,-0.5,-0.866025,-0.866025,0.5,spring_afternoon
1401567_clip011_s003,resources/site_257_bowra-dry-a/downloaded_clips/site_257_item_1401567/site_257_item_1401567_clip_011.webm,afternoon,spring,-0.5,-0.866025,-0.866025,0.5,spring_afternoon
1401567_clip016_s000,resources/site_257_bowra-dry-a/downloaded_clips/site_257_item_1401567/site_257_item_1401567_clip_016.webm,afternoon,spring,-0.5,-0.866025,-0.866025,0.5,spring_afternoon
1401567_clip017_s000,resources/site_257_bowra-dry-a/downloaded_clips/site_257_item_1401567/site_257_item_1401567_clip_017.webm,afternoon,spring,-0.5,-0.866025,-0.866025,0.5,spring_afternoon
1401567_clip017_s001,resources/site_257_bowra-dry-a/downloaded_clips/site_257_item_1401567/site_257_item_1401567_clip_017.webm,afternoon,spring,-0.5,-0.866025,-0.866025,0.5,spring_afternoon
1401607_clip001_s000,resources/site_257_bowra-dry-a/downloaded_clips/site_257_item_1401607/site_257_item_1401607_clip_001.webm,afternoon,spring,-0.5,-0.866025,-0.5,0.866025,spring_afternoon
1401607_clip002_s000,resources/site_257_bowra-dry-a/downloaded_clips/site_257_item_1401607/site_257_item_1401607_clip_002.webm,afternoon,spring,-0.5,-0.866025,-0.5,0.866025,spring_afternoon
1401607_clip010_s000,resources/site_257_bowra-dry-a/downloaded_clips/site_257_item_1401607/site_257_item_1401607_clip_010.webm,afternoon,spring,-0.5,-0.866025,-0.5,0.866025,spring_afternoon
1401607_clip017_s000,resources/site_257_bowra-dry-a/downloaded_clips/site_257_item_1401607/site_257_item_1401607_clip_017.webm,afternoon,spring,-0.5,-0.866025,-0.5,0.866025,spring_afternoon
1401607_clip018_s000,resources/site_257_bowra-dry-a/downloaded_clips/site_257_item_1401607/site_257_item_1401607_clip_018.webm,afternoon,spring,-0.5,-0.866025,-0.5,0.866025,spring_afternoon
1401607_clip018_s001,resources/site_257_bowra-dry-a/downloaded_clips/site_257_item_1401607/site_257_item_1401607_clip_018.webm,afternoon,spring,-0.5,-0.866025,-0.5,0.866025,spring_afternoon
1401607_clip019_s000,resources/site_257_bowra-dry-a/downloaded_clips/site_257_item_1401607/site_257_item_1401607_clip_019.webm,afternoon,spring,-0.5,-0.866025,-0.5,0.866025,spring_afternoon
1401607_clip022_s000,resources/site_257_bowra-dry-a/downloaded_clips/site_257_item_1401607/site_257_item_1401607_clip_022.webm,afternoon,spring,-0.5,-0.866025,-0.5,0.866025,spring_afternoon
1534211_clip004_s000,resources/site_257_bowra-dry-a/downloaded_clips/site_257_item_1534211/site_257_item_1534211_clip_004.webm,afternoon,spring,-0.5,-0.866025,-1.0,-0.0,spring_afternoon
1534211_clip004_s001,resources/site_257_bowra-dry-a/downloaded_clips/site_257_item_1534211/site_257_item_1534211_clip_004.webm,afternoon,spring,-0.5,-0.866025,-1.0,-0.0,spring_afternoon
1534211_clip007_s000,resources/site_257_bowra-dry-a/downloaded_clips/site_257_item_1534211/site_257_item_1534211_clip_007.webm,afternoon,spring,-0.5,-0.866025,-1.0,-0.0,spring_afternoon
1534211_clip010_s000,resources/site_257_bowra-dry-a/downloaded_clips/site_257_item_1534211/site_257_item_1534211_clip_010.webm,afternoon,spring,-0.5,-0.866025,-1.0,-0.0,spring_afternoon
1534211_clip010_s001,resources/site_257_bowra-dry-a/downloaded_clips/site_257_item_1534211/site_257_item_1534211_clip_010.webm,afternoon,spring,-0.5,-0.866025,-1.0,-0.0,spring_afternoon
1534211_clip014_s000,resources/site_257_bowra-dry-a/downloaded_clips/site_257_item_1534211/site_257_item_1534211_clip_014.webm,afternoon,spring,-0.5,-0.866025,-1.0,-0.0,spring_afternoon
1534211_clip014_s001,resources/site_257_bowra-dry-a/downloaded_clips/site_257_item_1534211/site_257_item_1534211_clip_014.webm,afternoon,spring,-0.5,-0.866025,-1.0,-0.0,spring_afternoon
1534211_clip018_s000,resources/site_257_bowra-dry-a/downloaded_clips/site_257_item_1534211/site_257_item_1534211_clip_018.webm,afternoon,spring,-0.5,-0.866025,-1.0,-0.0,spring_afternoon
1534211_clip019_s000,resources/site_257_bowra-dry-a/downloaded_clips/site_257_item_1534211/site_257_item_1534211_clip_019.webm,afternoon,spring,-0.5,-0.866025,-1.0,-0.0,spring_afternoon
1534211_clip023_s000,resources/site_257_bowra-dry-a/downloaded_clips/site_257_item_1534211/site_257_item_1534211_clip_023.webm,afternoon,spring,-0.5,-0.866025,-1.0,-0.0,spring_afternoon
1534211_clip023_s001,resources/site_257_bowra-dry-a/downloaded_clips/site_257_item_1534211/site_257_item_1534211_clip_023.webm,afternoon,spring,-0.5,-0.866025,-1.0,-0.0,spring_afternoon
1668481_clip012_s000,resources/site_257_bowra-dry-a/downloaded_clips/site_257_item_1668481/site_257_item_1668481_clip_012.webm,afternoon,spring,-0.5,-0.866025,-0.5,0.866025,spring_afternoon
1668481_clip013_s000,resources/site_257_bowra-dry-a/downloaded_clips/site_257_item_1668481/site_257_item_1668481_clip_013.webm,afternoon,spring,-0.5,-0.866025,-0.5,0.866025,spring_afternoon
1668481_clip016_s000,resources/site_257_bowra-dry-a/downloaded_clips/site_257_item_1668481/site_257_item_1668481_clip_016.webm,afternoon,spring,-0.5,-0.866025,-0.5,0.866025,spring_afternoon
1668481_clip019_s000,resources/site_257_bowra-dry-a/downloaded_clips/site_257_item_1668481/site_257_item_1668481_clip_019.webm,afternoon,spring,-0.5,-0.866025,-0.5,0.866025,spring_afternoon
1678704_clip006_s000,resources/site_257_bowra-dry-a/downloaded_clips/site_257_item_1678704/site_257_item_1678704_clip_006.webm,afternoon,spring,-0.5,-0.866025,-0.5,0.866025,spring_afternoon
1678704_clip007_s000,resources/site_257_bowra-dry-a/downloaded_clips/site_257_item_1678704/site_257_item_1678704_clip_007.webm,afternoon,spring,-0.5,-0.866025,-0.5,0.866025,spring_afternoon
1678704_clip008_s000,resources/site_257_bowra-dry-a/downloaded_clips/site_257_item_1678704/site_257_item_1678704_clip_008.webm,afternoon,spring,-0.5,-0.866025,-0.5,0.866025,spring_afternoon
1678704_clip008_s001,resources/site_257_bowra-dry-a/downloaded_clips/site_257_item_1678704/site_257_item_1678704_clip_008.webm,afternoon,spring,-0.5,-0.866025,-0.5,0.866025,spring_afternoon
1678704_clip008_s002,resources/site_257_bowra-dry-a/downloaded_clips/site_257_item_1678704/site_257_item_1678704_clip_008.webm,afternoon,spring,-0.5,-0.866025,-0.5,0.866025,spring_afternoon
1678704_clip008_s003,resources/site_257_bowra-dry-a/downloaded_clips/site_257_item_1678704/site_257_item_1678704_clip_008.webm,afternoon,spring,-0.5,-0.866025,-0.5,0.866025,spring_afternoon
1678704_clip009_s000,resources/site_257_bowra-dry-a/downloaded_clips/site_257_item_1678704/site_257_item_1678704_clip_009.webm,afternoon,spring,-0.5,-0.866025,-0.5,0.866025,spring_afternoon
1678704_clip009_s001,resources/site_257_bowra-dry-a/downloaded_clips/site_257_item_1678704/site_257_item_1678704_clip_009.webm,afternoon,spring,-0.5,-0.866025,-0.5,0.866025,spring_afternoon
1678704_clip010_s000,resources/site_257_bowra-dry-a/downloaded_clips/site_257_item_1678704/site_257_item_1678704_clip_010.webm,afternoon,spring,-0.5,-0.866025,-0.5,0.866025,spring_afternoon
1678704_clip010_s001,resources/site_257_bowra-dry-a/downloaded_clips/site_257_item_1678704/site_257_item_1678704_clip_010.webm,afternoon,spring,-0.5,-0.866025,-0.5,0.866025,spring_afternoon
1678704_clip014_s000,resources/site_257_bowra-dry-a/downloaded_clips/site_257_item_1678704/site_257_item_1678704_clip_014.webm,afternoon,spring,-0.5,-0.866025,-0.5,0.866025,spring_afternoon
1678704_clip019_s000,resources/site_257_bowra-dry-a/downloaded_clips/site_257_item_1678704/site_257_item_1678704_clip_019.webm,afternoon,spring,-0.5,-0.866025,-0.5,0.866025,spring_afternoon
1681319_clip002_s000,resources/site_257_bowra-dry-a/downloaded_clips/site_257_item_1681319/site_257_item_1681319_clip_002.webm,afternoon,spring,-0.258819,-0.965926,-0.866025,0.5,spring_afternoon
1681319_clip002_s001,resources/site_257_bowra-dry-a/downloaded_clips/site_257_item_1681319/site_257_item_1681319_clip_002.webm,afternoon,spring,-0.258819,-0.965926,-0.866025,0.5,spring_afternoon
1682413_clip005_s000,resources/site_257_bowra-dry-a/downloaded_clips/site_257_item_1682413/site_257_item_1682413_clip_005.webm,afternoon,spring,-0.5,-0.866025,-0.866025,0.5,spring_afternoon
1682413_clip006_s000,resources/site_257_bowra-dry-a/downloaded_clips/site_257_item_1682413/site_257_item_1682413_clip_006.webm,afternoon,spring,-0.5,-0.866025,-0.866025,0.5,spring_afternoon
1682413_clip006_s001,resources/site_257_bowra-dry-a/downloaded_clips/site_257_item_1682413/site_257_item_1682413_clip_006.webm,afternoon,spring,-0.5,-0.866025,-0.866025,0.5,spring_afternoon
1682413_clip006_s002,resources/site_257_bowra-dry-a/downloaded_clips/site_257_item_1682413/site_257_item_1682413_clip_006.webm,afternoon,spring,-0.5,-0.866025,-0.866025,0.5,spring_afternoon
1682413_clip007_s000,resources/site_257_bowra-dry-a/downloaded_clips/site_257_item_1682413/site_257_item_1682413_clip_007.webm,afternoon,spring,-0.5,-0.866025,-0.866025,0.5,spring_afternoon
1682413_clip007_s001,resources/site_257_bowra-dry-a/downloaded_clips/site_257_item_1682413/site_257_item_1682413_clip_007.webm,afternoon,spring,-0.5,-0.866025,-0.866025,0.5,spring_afternoon
1682413_clip012_s000,resources/site_257_bowra-dry-a/downloaded_clips/site_257_item_1682413/site_257_item_1682413_clip_012.webm,afternoon,spring,-0.5,-0.866025,-0.866025,0.5,spring_afternoon
1682413_clip012_s001,resources/site_257_bowra-dry-a/downloaded_clips/site_257_item_1682413/site_257_item_1682413_clip_012.webm,afternoon,spring,-0.5,-0.866025,-0.866025,0.5,spring_afternoon
1682413_clip012_s002,resources/site_257_bowra-dry-a/downloaded_clips/site_257_item_1682413/site_257_item_1682413_clip_012.webm,afternoon,spring,-0.5,-0.866025,-0.866025,0.5,spring_afternoon
1682413_clip013_s000,resources/site_257_bowra-dry-a/downloaded_clips/site_257_item_1682413/site_257_item_1682413_clip_013.webm,afternoon,spring,-0.5,-0.866025,-0.866025,0.5,spring_afternoon
1682413_clip014_s000,resources/site_257_bowra-dry-a/downloaded_clips/site_257_item_1682413/site_257_item_1682413_clip_014.webm,afternoon,spring,-0.5,-0.866025,-0.866025,0.5,spring_afternoon
1682413_clip015_s000,resources/site_257_bowra-dry-a/downloaded_clips/site_257_item_1682413/site_257_item_1682413_clip_015.webm,afternoon,spring,-0.5,-0.866025,-0.866025,0.5,spring_afternoon
1682413_clip015_s001,resources/site_257_bowra-dry-a/downloaded_clips/site_257_item_1682413/site_257_item_1682413_clip_015.webm,afternoon,spring,-0.5,-0.866025,-0.866025,0.5,spring_afternoon
1682413_clip018_s000,resources/site_257_bowra-dry-a/downloaded_clips/site_257_item_1682413/site_257_item_1682413_clip_018.webm,afternoon,spring,-0.5,-0.866025,-0.866025,0.5,spring_afternoon
1682413_clip019_s000,resources/site_257_bowra-dry-a/downloaded_clips/site_257_item_1682413/site_257_item_1682413_clip_019.webm,afternoon,spring,-0.5,-0.866025,-0.866025,0.5,spring_afternoon
1682413_clip022_s000,resources/site_257_bowra-dry-a/downloaded_clips/site_257_item_1682413/site_257_item_1682413_clip_022.webm,afternoon,spring,-0.5,-0.866025,-0.866025,0.5,spring_afternoon
1682413_clip022_s001,resources/site_257_bowra-dry-a/downloaded_clips/site_257_item_1682413/site_257_item_1682413_clip_022.webm,afternoon,spring,-0.5,-0.866025,-0.866025,0.5,spring_afternoon
1682413_clip022_s002,resources/site_257_bowra-dry-a/downloaded_clips/site_257_item_1682413/site_257_item_1682413_clip_022.webm,afternoon,spring,-0.5,-0.866025,-0.866025,0.5,spring_afternoon
1682413_clip022_s003,resources/site_257_bowra-dry-a/downloaded_clips/site_257_item_1682413/site_257_item_1682413_clip_022.webm,afternoon,spring,-0.5,-0.866025,-0.866025,0.5,spring_afternoon
1682413_clip022_s004,resources/site_257_bowra-dry-a/downloaded_clips/site_257_item_1682413/site_257_item_1682413_clip_022.webm,afternoon,spring,-0.5,-0.866025,-0.866025,0.5,spring_afternoon
1682413_clip022_s005,resources/site_257_bowra-dry-a/downloaded_clips/site_257_item_1682413/site_257_item_1682413_clip_022.webm,afternoon,spring,-0.5,-0.866025,-0.866025,0.5,spring_afternoon
1682413_clip022_s006,resources/site_257_bowra-dry-a/downloaded_clips/site_257_item_1682413/site_257_item_1682413_clip_022.webm,afternoon,spring,-0.5,-0.866025,-0.866025,0.5,spring_afternoon
1682413_clip022_s007,resources/site_257_bowra-dry-a/downloaded_clips/site_257_item_1682413/site_257_item_1682413_clip_022.webm,afternoon,spring,-0.5,-0.866025,-0.866025,0.5,spring_afternoon
1682413_clip023_s000,resources/site_257_bowra-dry-a/downloaded_clips/site_257_item_1682413/site_257_item_1682413_clip_023.webm,afternoon,spring,-0.5,-0.866025,-0.866025,0.5,spring_afternoon
1682413_clip023_s001,resources/site_257_bowra-dry-a/downloaded_clips/site_257_item_1682413/site_257_item_1682413_clip_023.webm,afternoon,spring,-0.5,-0.866025,-0.866025,0.5,spring_afternoon
214508_clip006_s000,resources/site_257_bowra-dry-a/downloaded_clips/site_257_item_214508/site_257_item_214508_clip_006.webm,afternoon,spring,-0.5,-0.866025,-0.866025,0.5,spring_afternoon
214508_clip008_s000,resources/site_257_bowra-dry-a/downloaded_clips/site_257_item_214508/site_257_item_214508_clip_008.webm,afternoon,spring,-0.5,-0.866025,-0.866025,0.5,spring_afternoon
214508_clip011_s000,resources/site_257_bowra-dry-a/downloaded_clips/site_257_item_214508/site_257_item_214508_clip_011.webm,afternoon,spring,-0.5,-0.866025,-0.866025,0.5,spring_afternoon
214508_clip014_s000,resources/site_257_bowra-dry-a/downloaded_clips/site_257_item_214508/site_257_item_214508_clip_014.webm,afternoon,spring,-0.5,-0.866025,-0.866025,0.5,spring_afternoon
214508_clip016_s000,resources/site_257_bowra-dry-a/downloaded_clips/site_257_item_214508/site_257_item_214508_clip_016.webm,afternoon,spring,-0.5,-0.866025,-0.866025,0.5,spring_afternoon
214659_clip002_s000,resources/site_257_bowra-dry-a/downloaded_clips/site_257_item_214659/site_257_item_214659_clip_002.webm,afternoon,spring,-0.5,-0.866025,-0.5,0.866025,spring_afternoon
214659_clip004_s000,resources/site_257_bowra-dry-a/downloaded_clips/site_257_item_214659/site_257_item_214659_clip_004.webm,afternoon,spring,-0.5,-0.866025,-0.5,0.866025,spring_afternoon
214659_clip005_s000,resources/site_257_bowra-dry-a/downloaded_clips/site_257_item_214659/site_257_item_214659_clip_005.webm,afternoon,spring,-0.5,-0.866025,-0.5,0.866025,spring_afternoon
214659_clip005_s001,resources/site_257_bowra-dry-a/downloaded_clips/site_257_item_214659/site_257_item_214659_clip_005.webm,afternoon,spring,-0.5,-0.866025,-0.5,0.866025,spring_afternoon
214659_clip006_s000,resources/site_257_bowra-dry-a/downloaded_clips/site_257_item_214659/site_257_item_214659_clip_006.webm,afternoon,spring,-0.5,-0.866025,-0.5,0.866025,spring_afternoon
214659_clip006_s001,resources/site_257_bowra-dry-a/downloaded_clips/site_257_item_214659/site_257_item_214659_clip_006.webm,afternoon,spring,-0.5,-0.866025,-0.5,0.866025,spring_afternoon
214659_clip007_s000,resources/site_257_bowra-dry-a/downloaded_clips/site_257_item_214659/site_257_item_214659_clip_007.webm,afternoon,spring,-0.5,-0.866025,-0.5,0.866025,spring_afternoon
214659_clip014_s000,resources/site_257_bowra-dry-a/downloaded_clips/site_257_item_214659/site_257_item_214659_clip_014.webm,afternoon,spring,-0.5,-0.866025,-0.5,0.866025,spring_afternoon
214659_clip014_s001,resources/site_257_bowra-dry-a/downloaded_clips/site_257_item_214659/site_257_item_214659_clip_014.webm,afternoon,spring,-0.5,-0.866025,-0.5,0.866025,spring_afternoon
214659_clip017_s000,resources/site_257_bowra-dry-a/downloaded_clips/site_257_item_214659/site_257_item_214659_clip_017.webm,afternoon,spring,-0.5,-0.866025,-0.5,0.866025,spring_afternoon
214659_clip019_s000,resources/site_257_bowra-dry-a/downloaded_clips/site_257_item_214659/site_257_item_214659_clip_019.webm,afternoon,spring,-0.5,-0.866025,-0.5,0.866025,spring_afternoon
214837_clip001_s000,resources/site_257_bowra-dry-a/downloaded_clips/site_257_item_214837/site_257_item_214837_clip_001.webm,afternoon,spring,-0.5,-0.866025,-0.5,0.866025,spring_afternoon
214837_clip008_s000,resources/site_257_bowra-dry-a/downloaded_clips/site_257_item_214837/site_257_item_214837_clip_008.webm,afternoon,spring,-0.5,-0.866025,-0.5,0.866025,spring_afternoon
445582_clip004_s000,resources/site_257_bowra-dry-a/downloaded_clips/site_257_item_445582/site_257_item_445582_clip_004.webm,afternoon,spring,-0.5,-0.866025,-1.0,-0.0,spring_afternoon
445582_clip009_s000,resources/site_257_bowra-dry-a/downloaded_clips/site_257_item_445582/site_257_item_445582_clip_009.webm,afternoon,spring,-0.5,-0.866025,-1.0,-0.0,spring_afternoon
445582_clip010_s000,resources/site_257_bowra-dry-a/downloaded_clips/site_257_item_445582/site_257_item_445582_clip_010.webm,afternoon,spring,-0.5,-0.866025,-1.0,-0.0,spring_afternoon
445582_clip016_s000,resources/site_257_bowra-dry-a/downloaded_clips/site_257_item_445582/site_257_item_445582_clip_016.webm,afternoon,spring,-0.5,-0.866025,-1.0,-0.0,spring_afternoon
445582_clip017_s000,resources/site_257_bowra-dry-a/downloaded_clips/site_257_item_445582/site_257_item_445582_clip_017.webm,afternoon,spring,-0.5,-0.866025,-1.0,-0.0,spring_afternoon
445582_clip018_s000,resources/site_257_bowra-dry-a/downloaded_clips/site_257_item_445582/site_257_item_445582_clip_018.webm,afternoon,spring,-0.5,-0.866025,-1.0,-0.0,spring_afternoon
445582_clip020_s000,resources/site_257_bowra-dry-a/downloaded_clips/site_257_item_445582/site_257_item_445582_clip_020.webm,afternoon,spring,-0.5,-0.866025,-1.0,-0.0,spring_afternoon
445582_clip022_s000,resources/site_257_bowra-dry-a/downloaded_clips/site_257_item_445582/site_257_item_445582_clip_022.webm,afternoon,spring,-0.5,-0.866025,-1.0,-0.0,spring_afternoon
4889_clip014_s000,resources/site_257_bowra-dry-a/downloaded_clips/site_257_item_4889/site_257_item_4889_clip_014.webm,afternoon,spring,-0.5,-0.866025,-0.866025,0.5,spring_afternoon
4889_clip019_s000,resources/site_257_bowra-dry-a/downloaded_clips/site_257_item_4889/site_257_item_4889_clip_019.webm,afternoon,spring,-0.5,-0.866025,-0.866025,0.5,spring_afternoon
5384_clip002_s000,resources/site_257_bowra-dry-a/downloaded_clips/site_257_item_5384/site_257_item_5384_clip_002.webm,afternoon,spring,-0.5,-0.866025,-1.0,-0.0,spring_afternoon
5384_clip010_s000,resources/site_257_bowra-dry-a/downloaded_clips/site_257_item_5384/site_257_item_5384_clip_010.webm,afternoon,spring,-0.5,-0.866025,-1.0,-0.0,spring_afternoon
5413_clip009_s000,resources/site_257_bowra-dry-a/downloaded_clips/site_257_item_5413/site_257_item_5413_clip_009.webm,afternoon,spring,-0.5,-0.866025,-1.0,-0.0,spring_afternoon
5009_clip001_s000,resources/site_257_bowra-dry-a/downloaded_clips/site_257_item_5009/site_257_item_5009_clip_001.webm,afternoon,spring,-0.5,-0.866025,-1.0,-0.0,spring_afternoon
5009_clip005_s000,resources/site_257_bowra-dry-a/downloaded_clips/site_257_item_5009/site_257_item_5009_clip_005.webm,afternoon,spring,-0.5,-0.866025,-1.0,-0.0,spring_afternoon
5009_clip008_s000,resources/site_257_bowra-dry-a/downloaded_clips/site_257_item_5009/site_257_item_5009_clip_008.webm,afternoon,spring,-0.5,-0.866025,-1.0,-0.0,spring_afternoon
5009_clip009_s000,resources/site_257_bowra-dry-a/downloaded_clips/site_257_item_5009/site_257_item_5009_clip_009.webm,afternoon,spring,-0.5,-0.866025,-1.0,-0.0,spring_afternoon
5009_clip011_s000,resources/site_257_bowra-dry-a/downloaded_clips/site_257_item_5009/site_257_item_5009_clip_011.webm,afternoon,spring,-0.5,-0.866025,-1.0,-0.0,spring_afternoon
5009_clip014_s000,resources/site_257_bowra-dry-a/downloaded_clips/site_257_item_5009/site_257_item_5009_clip_014.webm,afternoon,spring,-0.5,-0.866025,-1.0,-0.0,spring_afternoon
5328_clip006_s000,resources/site_257_bowra-dry-a/downloaded_clips/site_257_item_5328/site_257_item_5328_clip_006.webm,afternoon,spring,-0.5,-0.866025,-1.0,-0.0,spring_afternoon
5328_clip017_s000,resources/site_257_bowra-dry-a/downloaded_clips/site_257_item_5328/site_257_item_5328_clip_017.webm,afternoon,spring,-0.5,-0.866025,-1.0,-0.0,spring_afternoon
5468_clip014_s000,resources/site_257_bowra-dry-a/downloaded_clips/site_257_item_5468/site_257_item_5468_clip_014.webm,afternoon,spring,-0.5,-0.866025,-1.0,-0.0,spring_afternoon
5468_clip014_s001,resources/site_257_bowra-dry-a/downloaded_clips/site_257_item_5468/site_257_item_5468_clip_014.webm,afternoon,spring,-0.5,-0.866025,-1.0,-0.0,spring_afternoon
214664_clip006_s000,resources/site_257_bowra-dry-a/downloaded_clips/site_257_item_214664/site_257_item_214664_clip_006.webm,afternoon,spring,-0.5,-0.866025,-0.5,0.866025,spring_afternoon
214664_clip007_s000,resources/site_257_bowra-dry-a/downloaded_clips/site_257_item_214664/site_257_item_214664_clip_007.webm,afternoon,spring,-0.5,-0.866025,-0.5,0.866025,spring_afternoon
214664_clip010_s000,resources/site_257_bowra-dry-a/downloaded_clips/site_257_item_214664/site_257_item_214664_clip_010.webm,afternoon,spring,-0.5,-0.866025,-0.5,0.866025,spring_afternoon
214664_clip010_s001,resources/site_257_bowra-dry-a/downloaded_clips/site_257_item_214664/site_257_item_214664_clip_010.webm,afternoon,spring,-0.5,-0.866025,-0.5,0.866025,spring_afternoon
214789_clip005_s000,resources/site_257_bowra-dry-a/downloaded_clips/site_257_item_214789/site_257_item_214789_clip_005.webm,afternoon,spring,-0.5,-0.866025,-0.5,0.866025,spring_afternoon
214789_clip009_s000,resources/site_257_bowra-dry-a/downloaded_clips/site_257_item_214789/site_257_item_214789_clip_009.webm,afternoon,spring,-0.5,-0.866025,-0.5,0.866025,spring_afternoon
214801_clip004_s000,resources/site_257_bowra-dry-a/downloaded_clips/site_257_item_214801/site_257_item_214801_clip_004.webm,afternoon,spring,-0.5,-0.866025,-0.5,0.866025,spring_afternoon
214801_clip005_s000,resources/site_257_bowra-dry-a/downloaded_clips/site_257_item_214801/site_257_item_214801_clip_005.webm,afternoon,spring,-0.5,-0.866025,-0.5,0.866025,spring_afternoon
214801_clip009_s000,resources/site_257_bowra-dry-a/downloaded_clips/site_257_item_214801/site_257_item_214801_clip_009.webm,afternoon,spring,-0.5,-0.866025,-0.5,0.866025,spring_afternoon
214896_clip001_s000,resources/site_257_bowra-dry-a/downloaded_clips/site_257_item_214896/site_257_item_214896_clip_001.webm,afternoon,spring,-0.5,-0.866025,-0.5,0.866025,spring_afternoon
214896_clip004_s000,resources/site_257_bowra-dry-a/downloaded_clips/site_257_item_214896/site_257_item_214896_clip_004.webm,afternoon,spring,-0.5,-0.866025,-0.5,0.866025,spring_afternoon
214896_clip006_s000,resources/site_257_bowra-dry-a/downloaded_clips/site_257_item_214896/site_257_item_214896_clip_006.webm,afternoon,spring,-0.5,-0.866025,-0.5,0.866025,spring_afternoon
214896_clip007_s000,resources/site_257_bowra-dry-a/downloaded_clips/site_257_item_214896/site_257_item_214896_clip_007.webm,afternoon,spring,-0.5,-0.866025,-0.5,0.866025,spring_afternoon
5032_clip005_s000,resources/site_257_bowra-dry-a/downloaded_clips/site_257_item_5032/site_257_item_5032_clip_005.webm,afternoon,spring,-0.5,-0.866025,-0.866025,0.5,spring_afternoon
5032_clip006_s000,resources/site_257_bowra-dry-a/downloaded_clips/site_257_item_5032/site_257_item_5032_clip_006.webm,afternoon,spring,-0.5,-0.866025,-0.866025,0.5,spring_afternoon
5032_clip008_s000,resources/site_257_bowra-dry-a/downloaded_clips/site_257_item_5032/site_257_item_5032_clip_008.webm,afternoon,spring,-0.5,-0.866025,-0.866025,0.5,spring_afternoon
5032_clip012_s000,resources/site_257_bowra-dry-a/downloaded_clips/site_257_item_5032/site_257_item_5032_clip_012.webm,afternoon,spring,-0.5,-0.866025,-0.866025,0.5,spring_afternoon
5032_clip013_s000,resources/site_257_bowra-dry-a/downloaded_clips/site_257_item_5032/site_257_item_5032_clip_013.webm,afternoon,spring,-0.5,-0.866025,-0.866025,0.5,spring_afternoon
5032_clip013_s001,resources/site_257_bowra-dry-a/downloaded_clips/site_257_item_5032/site_257_item_5032_clip_013.webm,afternoon,spring,-0.5,-0.866025,-0.866025,0.5,spring_afternoon
5032_clip014_s000,resources/site_257_bowra-dry-a/downloaded_clips/site_257_item_5032/site_257_item_5032_clip_014.webm,afternoon,spring,-0.5,-0.866025,-0.866025,0.5,spring_afternoon
5079_clip019_s000,resources/site_257_bowra-dry-a/downloaded_clips/site_257_item_5079/site_257_item_5079_clip_019.webm,afternoon,spring,-0.5,-0.866025,-0.866025,0.5,spring_afternoon
5517_clip011_s000,resources/site_257_bowra-dry-a/downloaded_clips/site_257_item_5517/site_257_item_5517_clip_011.webm,afternoon,spring,-0.5,-0.866025,-0.866025,0.5,spring_afternoon
5517_clip017_s000,resources/site_257_bowra-dry-a/downloaded_clips/site_257_item_5517/site_257_item_5517_clip_017.webm,afternoon,spring,-0.5,-0.866025,-0.866025,0.5,spring_afternoon
5517_clip020_s000,resources/site_257_bowra-dry-a/downloaded_clips/site_257_item_5517/site_257_item_5517_clip_020.webm,afternoon,spring,-0.5,-0.866025,-0.866025,0.5,spring_afternoon
445604_clip020_s000,resources/site_257_bowra-dry-a/downloaded_clips/site_257_item_445604/site_257_item_445604_clip_020.webm,afternoon,spring,-0.5,-0.866025,-1.0,-0.0,spring_afternoon
445604_clip024_s000,resources/site_257_bowra-dry-a/downloaded_clips/site_257_item_445604/site_257_item_445604_clip_024.webm,afternoon,spring,-0.5,-0.866025,-1.0,-0.0,spring_afternoon
445701_clip018_s000,resources/site_257_bowra-dry-a/downloaded_clips/site_257_item_445701/site_257_item_445701_clip_018.webm,afternoon,spring,-0.5,-0.866025,-1.0,-0.0,spring_afternoon
445701_clip024_s000,resources/site_257_bowra-dry-a/downloaded_clips/site_257_item_445701/site_257_item_445701_clip_024.webm,afternoon,spring,-0.5,-0.866025,-1.0,-0.0,spring_afternoon
445738_clip008_s000,resources/site_257_bowra-dry-a/downloaded_clips/site_257_item_445738/site_257_item_445738_clip_008.webm,afternoon,spring,-0.5,-0.866025,-1.0,-0.0,spring_afternoon
445738_clip010_s000,resources/site_257_bowra-dry-a/downloaded_clips/site_257_item_445738/site_257_item_445738_clip_010.webm,afternoon,spring,-0.5,-0.866025,-1.0,-0.0,spring_afternoon
445738_clip021_s000,resources/site_257_bowra-dry-a/downloaded_clips/site_257_item_445738/site_257_item_445738_clip_021.webm,afternoon,spring,-0.5,-0.866025,-1.0,-0.0,spring_afternoon
445738_clip022_s000,resources/site_257_bowra-dry-a/downloaded_clips/site_257_item_445738/site_257_item_445738_clip_022.webm,afternoon,spring,-0.5,-0.866025,-1.0,-0.0,spring_afternoon
1399871_clip020_s000,resources/site_257_bowra-dry-a/downloaded_clips/site_257_item_1399871/site_257_item_1399871_clip_020.webm,afternoon,spring,0.0,-1.0,-1.0,-0.0,spring_afternoon
1399871_clip023_s000,resources/site_257_bowra-dry-a/downloaded_clips/site_257_item_1399871/site_257_item_1399871_clip_023.webm,afternoon,spring,0.0,-1.0,-1.0,-0.0,spring_afternoon
1400806_clip008_s000,resources/site_257_bowra-dry-a/downloaded_clips/site_257_item_1400806/site_257_item_1400806_clip_008.webm,afternoon,spring,-0.5,-0.866025,-0.866025,0.5,spring_afternoon
1400806_clip014_s000,resources/site_257_bowra-dry-a/downloaded_clips/site_257_item_1400806/site_257_item_1400806_clip_014.webm,afternoon,spring,-0.5,-0.866025,-0.866025,0.5,spring_afternoon
1400806_clip016_s000,resources/site_257_bowra-dry-a/downloaded_clips/site_257_item_1400806/site_257_item_1400806_clip_016.webm,afternoon,spring,-0.5,-0.866025,-0.866025,0.5,spring_afternoon
1400806_clip016_s001,resources/site_257_bowra-dry-a/downloaded_clips/site_257_item_1400806/site_257_item_1400806_clip_016.webm,afternoon,spring,-0.5,-0.866025,-0.866025,0.5,spring_afternoon
1400806_clip019_s000,resources/site_257_bowra-dry-a/downloaded_clips/site_257_item_1400806/site_257_item_1400806_clip_019.webm,afternoon,spring,-0.5,-0.866025,-0.866025,0.5,spring_afternoon
1400806_clip020_s000,resources/site_257_bowra-dry-a/downloaded_clips/site_257_item_1400806/site_257_item_1400806_clip_020.webm,afternoon,spring,-0.5,-0.866025,-0.866025,0.5,spring_afternoon
1400806_clip023_s000,resources/site_257_bowra-dry-a/downloaded_clips/site_257_item_1400806/site_257_item_1400806_clip_023.webm,afternoon,spring,-0.5,-0.866025,-0.866025,0.5,spring_afternoon
1400806_clip023_s001,resources/site_257_bowra-dry-a/downloaded_clips/site_257_item_1400806/site_257_item_1400806_clip_023.webm,afternoon,spring,-0.5,-0.866025,-0.866025,0.5,spring_afternoon
1401317_clip007_s000,resources/site_257_bowra-dry-a/downloaded_clips/site_257_item_1401317/site_257_item_1401317_clip_007.webm,afternoon,spring,0.0,-1.0,-0.866025,0.5,spring_afternoon
1401317_clip012_s000,resources/site_257_bowra-dry-a/downloaded_clips/site_257_item_1401317/site_257_item_1401317_clip_012.webm,afternoon,spring,0.0,-1.0,-0.866025,0.5,spring_afternoon
1401317_clip023_s000,resources/site_257_bowra-dry-a/downloaded_clips/site_257_item_1401317/site_257_item_1401317_clip_023.webm,afternoon,spring,0.0,-1.0,-0.866025,0.5,spring_afternoon
1401568_clip007_s000,resources/site_257_bowra-dry-a/downloaded_clips/site_257_item_1401568/site_257_item_1401568_clip_007.webm,afternoon,spring,0.0,-1.0,-0.866025,0.5,spring_afternoon
1401568_clip010_s000,resources/site_257_bowra-dry-a/downloaded_clips/site_257_item_1401568/site_257_item_1401568_clip_010.webm,afternoon,spring,0.0,-1.0,-0.866025,0.5,spring_afternoon
1400976_clip002_s000,resources/site_257_bowra-dry-a/downloaded_clips/site_257_item_1400976/site_257_item_1400976_clip_002.webm,afternoon,spring,-0.5,-0.866025,-0.5,0.866025,spring_afternoon
1400976_clip002_s001,resources/site_257_bowra-dry-a/downloaded_clips/site_257_item_1400976/site_257_item_1400976_clip_002.webm,afternoon,spring,-0.5,-0.866025,-0.5,0.866025,spring_afternoon
1400976_clip009_s000,resources/site_257_bowra-dry-a/downloaded_clips/site_257_item_1400976/site_257_item_1400976_clip_009.webm,afternoon,spring,-0.5,-0.866025,-0.5,0.866025,spring_afternoon
1400976_clip010_s000,resources/site_257_bowra-dry-a/downloaded_clips/site_257_item_1400976/site_257_item_1400976_clip_010.webm,afternoon,spring,-0.5,-0.866025,-0.5,0.866025,spring_afternoon
1400976_clip015_s000,resources/site_257_bowra-dry-a/downloaded_clips/site_257_item_1400976/site_257_item_1400976_clip_015.webm,afternoon,spring,-0.5,-0.866025,-0.5,0.866025,spring_afternoon
1400976_clip015_s001,resources/site_257_bowra-dry-a/downloaded_clips/site_257_item_1400976/site_257_item_1400976_clip_015.webm,afternoon,spring,-0.5,-0.866025,-0.5,0.866025,spring_afternoon
1400976_clip015_s002,resources/site_257_bowra-dry-a/downloaded_clips/site_257_item_1400976/site_257_item_1400976_clip_015.webm,afternoon,spring,-0.5,-0.866025,-0.5,0.866025,spring_afternoon
1401879_clip017_s000,resources/site_257_bowra-dry-a/downloaded_clips/site_257_item_1401879/site_257_item_1401879_clip_017.webm,afternoon,spring,-0.5,-0.866025,-0.5,0.866025,spring_afternoon
1401892_clip004_s000,resources/site_257_bowra-dry-a/downloaded_clips/site_257_item_1401892/site_257_item_1401892_clip_004.webm,afternoon,spring,-0.258819,-0.965926,-0.5,0.866025,spring_afternoon
1401892_clip005_s000,resources/site_257_bowra-dry-a/downloaded_clips/site_257_item_1401892/site_257_item_1401892_clip_005.webm,afternoon,spring,-0.258819,-0.965926,-0.5,0.866025,spring_afternoon
1536120_clip020_s000,resources/site_257_bowra-dry-a/downloaded_clips/site_257_item_1536120/site_257_item_1536120_clip_020.webm,afternoon,spring,0.0,-1.0,-1.0,-0.0,spring_afternoon
1536208_clip011_s000,resources/site_257_bowra-dry-a/downloaded_clips/site_257_item_1536208/site_257_item_1536208_clip_011.webm,afternoon,spring,-0.5,-0.866025,-1.0,-0.0,spring_afternoon
1536208_clip023_s000,resources/site_257_bowra-dry-a/downloaded_clips/site_257_item_1536208/site_257_item_1536208_clip_023.webm,afternoon,spring,-0.5,-0.866025,-1.0,-0.0,spring_afternoon
1668240_clip002_s000,resources/site_257_bowra-dry-a/downloaded_clips/site_257_item_1668240/site_257_item_1668240_clip_002.webm,afternoon,spring,-0.5,-0.866025,-0.866025,0.5,spring_afternoon
1668240_clip002_s001,resources/site_257_bowra-dry-a/downloaded_clips/site_257_item_1668240/site_257_item_1668240_clip_002.webm,afternoon,spring,-0.5,-0.866025,-0.866025,0.5,spring_afternoon
1668240_clip002_s002,resources/site_257_bowra-dry-a/downloaded_clips/site_257_item_1668240/site_257_item_1668240_clip_002.webm,afternoon,spring,-0.5,-0.866025,-0.866025,0.5,spring_afternoon
1668240_clip002_s003,resources/site_257_bowra-dry-a/downloaded_clips/site_257_item_1668240/site_257_item_1668240_clip_002.webm,afternoon,spring,-0.5,-0.866025,-0.866025,0.5,spring_afternoon
1668240_clip004_s000,resources/site_257_bowra-dry-a/downloaded_clips/site_257_item_1668240/site_257_item_1668240_clip_004.webm,afternoon,spring,-0.5,-0.866025,-0.866025,0.5,spring_afternoon
1668240_clip004_s001,resources/site_257_bowra-dry-a/downloaded_clips/site_257_item_1668240/site_257_item_1668240_clip_004.webm,afternoon,spring,-0.5,-0.866025,-0.866025,0.5,spring_afternoon
1678561_clip003_s000,resources/site_257_bowra-dry-a/downloaded_clips/site_257_item_1678561/site_257_item_1678561_clip_003.webm,afternoon,spring,-0.5,-0.866025,-0.866025,0.5,spring_afternoon
1678561_clip009_s000,resources/site_257_bowra-dry-a/downloaded_clips/site_257_item_1678561/site_257_item_1678561_clip_009.webm,afternoon,spring,-0.5,-0.866025,-0.866025,0.5,spring_afternoon
1678561_clip009_s001,resources/site_257_bowra-dry-a/downloaded_clips/site_257_item_1678561/site_257_item_1678561_clip_009.webm,afternoon,spring,-0.5,-0.866025,-0.866025,0.5,spring_afternoon
1678561_clip011_s000,resources/site_257_bowra-dry-a/downloaded_clips/site_257_item_1678561/site_257_item_1678561_clip_011.webm,afternoon,spring,-0.5,-0.866025,-0.866025,0.5,spring_afternoon
1678561_clip018_s000,resources/site_257_bowra-dry-a/downloaded_clips/site_257_item_1678561/site_257_item_1678561_clip_018.webm,afternoon,spring,-0.5,-0.866025,-0.866025,0.5,spring_afternoon
1678561_clip020_s000,resources/site_257_bowra-dry-a/downloaded_clips/site_257_item_1678561/site_257_item_1678561_clip_020.webm,afternoon,spring,-0.5,-0.866025,-0.866025,0.5,spring_afternoon
1678561_clip021_s000,resources/site_257_bowra-dry-a/downloaded_clips/site_257_item_1678561/site_257_item_1678561_clip_021.webm,afternoon,spring,-0.5,-0.866025,-0.866025,0.5,spring_afternoon
1678561_clip022_s000,resources/site_257_bowra-dry-a/downloaded_clips/site_257_item_1678561/site_257_item_1678561_clip_022.webm,afternoon,spring,-0.5,-0.866025,-0.866025,0.5,spring_afternoon
1678561_clip022_s001,resources/site_257_bowra-dry-a/downloaded_clips/site_257_item_1678561/site_257_item_1678561_clip_022.webm,afternoon,spring,-0.5,-0.866025,-0.866025,0.5,spring_afternoon
1678561_clip023_s000,resources/site_257_bowra-dry-a/downloaded_clips/site_257_item_1678561/site_257_item_1678561_clip_023.webm,afternoon,spring,-0.5,-0.866025,-0.866025,0.5,spring_afternoon
1678561_clip023_s001,resources/site_257_bowra-dry-a/downloaded_clips/site_257_item_1678561/site_257_item_1678561_clip_023.webm,afternoon,spring,-0.5,-0.866025,-0.866025,0.5,spring_afternoon
1678561_clip023_s002,resources/site_257_bowra-dry-a/downloaded_clips/site_257_item_1678561/site_257_item_1678561_clip_023.webm,afternoon,spring,-0.5,-0.866025,-0.866025,0.5,spring_afternoon
1682366_clip005_s000,resources/site_257_bowra-dry-a/downloaded_clips/site_257_item_1682366/site_257_item_1682366_clip_005.webm,afternoon,spring,-0.5,-0.866025,-0.866025,0.5,spring_afternoon
1682366_clip007_s000,resources/site_257_bowra-dry-a/downloaded_clips/site_257_item_1682366/site_257_item_1682366_clip_007.webm,afternoon,spring,-0.5,-0.866025,-0.866025,0.5,spring_afternoon
1682366_clip007_s001,resources/site_257_bowra-dry-a/downloaded_clips/site_257_item_1682366/site_257_item_1682366_clip_007.webm,afternoon,spring,-0.5,-0.866025,-0.866025,0.5,spring_afternoon
1682366_clip009_s000,resources/site_257_bowra-dry-a/downloaded_clips/site_257_item_1682366/site_257_item_1682366_clip_009.webm,afternoon,spring,-0.5,-0.866025,-0.866025,0.5,spring_afternoon
1682366_clip015_s000,resources/site_257_bowra-dry-a/downloaded_clips/site_257_item_1682366/site_257_item_1682366_clip_015.webm,afternoon,spring,-0.5,-0.866025,-0.866025,0.5,spring_afternoon
1682366_clip018_s000,resources/site_257_bowra-dry-a/downloaded_clips/site_257_item_1682366/site_257_item_1682366_clip_018.webm,afternoon,spring,-0.5,-0.866025,-0.866025,0.5,spring_afternoon
1682366_clip018_s001,resources/site_257_bowra-dry-a/downloaded_clips/site_257_item_1682366/site_257_item_1682366_clip_018.webm,afternoon,spring,-0.5,-0.866025,-0.866025,0.5,spring_afternoon
1682366_clip020_s000,resources/site_257_bowra-dry-a/downloaded_clips/site_257_item_1682366/site_257_item_1682366_clip_020.webm,afternoon,spring,-0.5,-0.866025,-0.866025,0.5,spring_afternoon
1682429_clip003_s000,resources/site_257_bowra-dry-a/downloaded_clips/site_257_item_1682429/site_257_item_1682429_clip_003.webm,afternoon,spring,-0.5,-0.866025,-0.866025,0.5,spring_afternoon
1682429_clip004_s000,resources/site_257_bowra-dry-a/downloaded_clips/site_257_item_1682429/site_257_item_1682429_clip_004.webm,afternoon,spring,-0.5,-0.866025,-0.866025,0.5,spring_afternoon
1682429_clip004_s001,resources/site_257_bowra-dry-a/downloaded_clips/site_257_item_1682429/site_257_item_1682429_clip_004.webm,afternoon,spring,-0.5,-0.866025,-0.866025,0.5,spring_afternoon
1682429_clip004_s002,resources/site_257_bowra-dry-a/downloaded_clips/site_257_item_1682429/site_257_item_1682429_clip_004.webm,afternoon,spring,-0.5,-0.866025,-0.866025,0.5,spring_afternoon
1682429_clip004_s003,resources/site_257_bowra-dry-a/downloaded_clips/site_257_item_1682429/site_257_item_1682429_clip_004.webm,afternoon,spring,-0.5,-0.866025,-0.866025,0.5,spring_afternoon
1682429_clip005_s000,resources/site_257_bowra-dry-a/downloaded_clips/site_257_item_1682429/site_257_item_1682429_clip_005.webm,afternoon,spring,-0.5,-0.866025,-0.866025,0.5,spring_afternoon
1682429_clip006_s000,resources/site_257_bowra-dry-a/downloaded_clips/site_257_item_1682429/site_257_item_1682429_clip_006.webm,afternoon,spring,-0.5,-0.866025,-0.866025,0.5,spring_afternoon
1682429_clip006_s001,resources/site_257_bowra-dry-a/downloaded_clips/site_257_item_1682429/site_257_item_1682429_clip_006.webm,afternoon,spring,-0.5,-0.866025,-0.866025,0.5,spring_afternoon
1682429_clip006_s002,resources/site_257_bowra-dry-a/downloaded_clips/site_257_item_1682429/site_257_item_1682429_clip_006.webm,afternoon,spring,-0.5,-0.866025,-0.866025,0.5,spring_afternoon
1682429_clip006_s003,resources/site_257_bowra-dry-a/downloaded_clips/site_257_item_1682429/site_257_item_1682429_clip_006.webm,afternoon,spring,-0.5,-0.866025,-0.866025,0.5,spring_afternoon
1682429_clip006_s004,resources/site_257_bowra-dry-a/downloaded_clips/site_257_item_1682429/site_257_item_1682429_clip_006.webm,afternoon,spring,-0.5,-0.866025,-0.866025,0.5,spring_afternoon
1682429_clip006_s005,resources/site_257_bowra-dry-a/downloaded_clips/site_257_item_1682429/site_257_item_1682429_clip_006.webm,afternoon,spring,-0.5,-0.866025,-0.866025,0.5,spring_afternoon
1682429_clip006_s006,resources/site_257_bowra-dry-a/downloaded_clips/site_257_item_1682429/site_257_item_1682429_clip_006.webm,afternoon,spring,-0.5,-0.866025,-0.866025,0.5,spring_afternoon
1682429_clip007_s000,resources/site_257_bowra-dry-a/downloaded_clips/site_257_item_1682429/site_257_item_1682429_clip_007.webm,afternoon,spring,-0.5,-0.866025,-0.866025,0.5,spring_afternoon
1682429_clip008_s000,resources/site_257_bowra-dry-a/downloaded_clips/site_257_item_1682429/site_257_item_1682429_clip_008.webm,afternoon,spring,-0.5,-0.866025,-0.866025,0.5,spring_afternoon
1682429_clip012_s000,resources/site_257_bowra-dry-a/downloaded_clips/site_257_item_1682429/site_257_item_1682429_clip_012.webm,afternoon,spring,-0.5,-0.866025,-0.866025,0.5,spring_afternoon
1682429_clip012_s001,resources/site_257_bowra-dry-a/downloaded_clips/site_257_item_1682429/site_257_item_1682429_clip_012.webm,afternoon,spring,-0.5,-0.866025,-0.866025,0.5,spring_afternoon
1682429_clip015_s000,resources/site_257_bowra-dry-a/downloaded_clips/site_257_item_1682429/site_257_item_1682429_clip_015.webm,afternoon,spring,-0.5,-0.866025,-0.866025,0.5,spring_afternoon
1682429_clip015_s001,resources/site_257_bowra-dry-a/downloaded_clips/site_257_item_1682429/site_257_item_1682429_clip_015.webm,afternoon,spring,-0.5,-0.866025,-0.866025,0.5,spring_afternoon
1682429_clip015_s002,resources/site_257_bowra-dry-a/downloaded_clips/site_257_item_1682429/site_257_item_1682429_clip_015.webm,afternoon,spring,-0.5,-0.866025,-0.866025,0.5,spring_afternoon
1682429_clip015_s003,resources/site_257_bowra-dry-a/downloaded_clips/site_257_item_1682429/site_257_item_1682429_clip_015.webm,afternoon,spring,-0.5,-0.866025,-0.866025,0.5,spring_afternoon
1682429_clip016_s000,resources/site_257_bowra-dry-a/downloaded_clips/site_257_item_1682429/site_257_item_1682429_clip_016.webm,afternoon,spring,-0.5,-0.866025,-0.866025,0.5,spring_afternoon
1682429_clip016_s001,resources/site_257_bowra-dry-a/downloaded_clips/site_257_item_1682429/site_257_item_1682429_clip_016.webm,afternoon,spring,-0.5,-0.866025,-0.866025,0.5,spring_afternoon
1682429_clip020_s000,resources/site_257_bowra-dry-a/downloaded_clips/site_257_item_1682429/site_257_item_1682429_clip_020.webm,afternoon,spring,-0.5,-0.866025,-0.866025,0.5,spring_afternoon
1682429_clip020_s001,resources/site_257_bowra-dry-a/downloaded_clips/site_257_item_1682429/site_257_item_1682429_clip_020.webm,afternoon,spring,-0.5,-0.866025,-0.866025,0.5,spring_afternoon
1682429_clip020_s002,resources/site_257_bowra-dry-a/downloaded_clips/site_257_item_1682429/site_257_item_1682429_clip_020.webm,afternoon,spring,-0.5,-0.866025,-0.866025,0.5,spring_afternoon
1682429_clip022_s000,resources/site_257_bowra-dry-a/downloaded_clips/site_257_item_1682429/site_257_item_1682429_clip_022.webm,afternoon,spring,-0.5,-0.866025,-0.866025,0.5,spring_afternoon
1682429_clip022_s001,resources/site_257_bowra-dry-a/downloaded_clips/site_257_item_1682429/site_257_item_1682429_clip_022.webm,afternoon,spring,-0.5,-0.866025,-0.866025,0.5,spring_afternoon
1682429_clip022_s002,resources/site_257_bowra-dry-a/downloaded_clips/site_257_item_1682429/site_257_item_1682429_clip_022.webm,afternoon,spring,-0.5,-0.866025,-0.866025,0.5,spring_afternoon
1682429_clip023_s000,resources/site_257_bowra-dry-a/downloaded_clips/site_257_item_1682429/site_257_item_1682429_clip_023.webm,afternoon,spring,-0.5,-0.866025,-0.866025,0.5,spring_afternoon
1668464_clip011_s000,resources/site_257_bowra-dry-a/downloaded_clips/site_257_item_1668464/site_257_item_1668464_clip_011.webm,afternoon,spring,-0.258819,-0.965926,-0.5,0.866025,spring_afternoon
1668658_clip007_s000,resources/site_257_bowra-dry-a/downloaded_clips/site_257_item_1668658/site_257_item_1668658_clip_007.webm,afternoon,spring,-0.5,-0.866025,-0.5,0.866025,spring_afternoon
1668658_clip007_s001,resources/site_257_bowra-dry-a/downloaded_clips/site_257_item_1668658/site_257_item_1668658_clip_007.webm,afternoon,spring,-0.5,-0.866025,-0.5,0.866025,spring_afternoon
1668658_clip010_s000,resources/site_257_bowra-dry-a/downloaded_clips/site_257_item_1668658/site_257_item_1668658_clip_010.webm,afternoon,spring,-0.5,-0.866025,-0.5,0.866025,spring_afternoon
1668658_clip012_s000,resources/site_257_bowra-dry-a/downloaded_clips/site_257_item_1668658/site_257_item_1668658_clip_012.webm,afternoon,spring,-0.5,-0.866025,-0.5,0.866025,spring_afternoon
1678614_clip008_s000,resources/site_257_bowra-dry-a/downloaded_clips/site_257_item_1678614/site_257_item_1678614_clip_008.webm,afternoon,spring,-0.5,-0.866025,-0.5,0.866025,spring_afternoon
1678614_clip008_s001,resources/site_257_bowra-dry-a/downloaded_clips/site_257_item_1678614/site_257_item_1678614_clip_008.webm,afternoon,spring,-0.5,-0.866025,-0.5,0.866025,spring_afternoon
1678614_clip009_s000,resources/site_257_bowra-dry-a/downloaded_clips/site_257_item_1678614/site_257_item_1678614_clip_009.webm,afternoon,spring,-0.5,-0.866025,-0.5,0.866025,spring_afternoon
1678614_clip010_s000,resources/site_257_bowra-dry-a/downloaded_clips/site_257_item_1678614/site_257_item_1678614_clip_010.webm,afternoon,spring,-0.5,-0.866025,-0.5,0.866025,spring_afternoon
1678614_clip013_s000,resources/site_257_bowra-dry-a/downloaded_clips/site_257_item_1678614/site_257_item_1678614_clip_013.webm,afternoon,spring,-0.5,-0.866025,-0.5,0.866025,spring_afternoon
1678614_clip015_s000,resources/site_257_bowra-dry-a/downloaded_clips/site_257_item_1678614/site_257_item_1678614_clip_015.webm,afternoon,spring,-0.5,-0.866025,-0.5,0.866025,spring_afternoon
1678614_clip017_s000,resources/site_257_bowra-dry-a/downloaded_clips/site_257_item_1678614/site_257_item_1678614_clip_017.webm,afternoon,spring,-0.5,-0.866025,-0.5,0.866025,spring_afternoon
1678614_clip017_s001,resources/site_257_bowra-dry-a/downloaded_clips/site_257_item_1678614/site_257_item_1678614_clip_017.webm,afternoon,spring,-0.5,-0.866025,-0.5,0.866025,spring_afternoon
1678614_clip023_s000,resources/site_257_bowra-dry-a/downloaded_clips/site_257_item_1678614/site_257_item_1678614_clip_023.webm,afternoon,spring,-0.5,-0.866025,-0.5,0.866025,spring_afternoon
1678614_clip024_s000,resources/site_257_bowra-dry-a/downloaded_clips/site_257_item_1678614/site_257_item_1678614_clip_024.webm,afternoon,spring,-0.5,-0.866025,-0.5,0.866025,spring_afternoon
1400482_clip001_s000,resources/site_257_bowra-dry-a/downloaded_clips/site_257_item_1400482/site_257_item_1400482_clip_001.webm,dawn,summer,0.965926,0.258819,-0.0,1.0,summer_dawn
1400482_clip001_s001,resources/site_257_bowra-dry-a/downloaded_clips/site_257_item_1400482/site_257_item_1400482_clip_001.webm,dawn,summer,0.965926,0.258819,-0.0,1.0,summer_dawn
1400482_clip001_s002,resources/site_257_bowra-dry-a/downloaded_clips/site_257_item_1400482/site_257_item_1400482_clip_001.webm,dawn,summer,0.965926,0.258819,-0.0,1.0,summer_dawn
1400482_clip002_s000,resources/site_257_bowra-dry-a/downloaded_clips/site_257_item_1400482/site_257_item_1400482_clip_002.webm,dawn,summer,0.965926,0.258819,-0.0,1.0,summer_dawn
1400482_clip002_s001,resources/site_257_bowra-dry-a/downloaded_clips/site_257_item_1400482/site_257_item_1400482_clip_002.webm,dawn,summer,0.965926,0.258819,-0.0,1.0,summer_dawn
1401151_clip008_s000,resources/site_257_bowra-dry-a/downloaded_clips/site_257_item_1401151/site_257_item_1401151_clip_008.webm,dawn,summer,0.965926,0.258819,0.5,0.866025,summer_dawn
1401151_clip008_s001,resources/site_257_bowra-dry-a/downloaded_clips/site_257_item_1401151/site_257_item_1401151_clip_008.webm,dawn,summer,0.965926,0.258819,0.5,0.866025,summer_dawn
1401692_clip001_s000,resources/site_257_bowra-dry-a/downloaded_clips/site_257_item_1401692/site_257_item_1401692_clip_001.webm,dawn,summer,0.965926,0.258819,0.866025,0.5,summer_dawn
1401692_clip003_s000,resources/site_257_bowra-dry-a/downloaded_clips/site_257_item_1401692/site_257_item_1401692_clip_003.webm,dawn,summer,0.965926,0.258819,0.866025,0.5,summer_dawn
1401692_clip008_s000,resources/site_257_bowra-dry-a/downloaded_clips/site_257_item_1401692/site_257_item_1401692_clip_008.webm,dawn,summer,0.965926,0.258819,0.866025,0.5,summer_dawn
1401692_clip008_s001,resources/site_257_bowra-dry-a/downloaded_clips/site_257_item_1401692/site_257_item_1401692_clip_008.webm,dawn,summer,0.965926,0.258819,0.866025,0.5,summer_dawn
1401692_clip009_s000,resources/site_257_bowra-dry-a/downloaded_clips/site_257_item_1401692/site_257_item_1401692_clip_009.webm,dawn,summer,0.965926,0.258819,0.866025,0.5,summer_dawn
1401692_clip009_s001,resources/site_257_bowra-dry-a/downloaded_clips/site_257_item_1401692/site_257_item_1401692_clip_009.webm,dawn,summer,0.965926,0.258819,0.866025,0.5,summer_dawn
1401692_clip009_s002,resources/site_257_bowra-dry-a/downloaded_clips/site_257_item_1401692/site_257_item_1401692_clip_009.webm,dawn,summer,0.965926,0.258819,0.866025,0.5,summer_dawn
1401692_clip009_s003,resources/site_257_bowra-dry-a/downloaded_clips/site_257_item_1401692/site_257_item_1401692_clip_009.webm,dawn,summer,0.965926,0.258819,0.866025,0.5,summer_dawn
1401692_clip009_s004,resources/site_257_bowra-dry-a/downloaded_clips/site_257_item_1401692/site_257_item_1401692_clip_009.webm,dawn,summer,0.965926,0.258819,0.866025,0.5,summer_dawn
1401692_clip009_s005,resources/site_257_bowra-dry-a/downloaded_clips/site_257_item_1401692/site_257_item_1401692_clip_009.webm,dawn,summer,0.965926,0.258819,0.866025,0.5,summer_dawn
1402116_clip001_s000,resources/site_257_bowra-dry-a/downloaded_clips/site_257_item_1402116/site_257_item_1402116_clip_001.webm,dawn,summer,0.866025,0.5,0.866025,0.5,summer_dawn
1402116_clip002_s000,resources/site_257_bowra-dry-a/downloaded_clips/site_257_item_1402116/site_257_item_1402116_clip_002.webm,dawn,summer,0.866025,0.5,0.866025,0.5,summer_dawn
1402116_clip015_s000,resources/site_257_bowra-dry-a/downloaded_clips/site_257_item_1402116/site_257_item_1402116_clip_015.webm,dawn,summer,0.866025,0.5,0.866025,0.5,summer_dawn
1402116_clip016_s000,resources/site_257_bowra-dry-a/downloaded_clips/site_257_item_1402116/site_257_item_1402116_clip_016.webm,dawn,summer,0.866025,0.5,0.866025,0.5,summer_dawn
1402116_clip016_s001,resources/site_257_bowra-dry-a/downloaded_clips/site_257_item_1402116/site_257_item_1402116_clip_016.webm,dawn,summer,0.866025,0.5,0.866025,0.5,summer_dawn
1402284_clip019_s000,resources/site_257_bowra-dry-a/downloaded_clips/site_257_item_1402284/site_257_item_1402284_clip_019.webm,dawn,summer,1.0,0.0,-0.0,1.0,summer_dawn
1676441_clip002_s000,resources/site_257_bowra-dry-a/downloaded_clips/site_257_item_1676441/site_257_item_1676441_clip_002.webm,dawn,summer,1.0,0.0,0.866025,0.5,summer_dawn
1676441_clip004_s000,resources/site_257_bowra-dry-a/downloaded_clips/site_257_item_1676441/site_257_item_1676441_clip_004.webm,dawn,summer,1.0,0.0,0.866025,0.5,summer_dawn
1676441_clip004_s001,resources/site_257_bowra-dry-a/downloaded_clips/site_257_item_1676441/site_257_item_1676441_clip_004.webm,dawn,summer,1.0,0.0,0.866025,0.5,summer_dawn
1676441_clip006_s000,resources/site_257_bowra-dry-a/downloaded_clips/site_257_item_1676441/site_257_item_1676441_clip_006.webm,dawn,summer,1.0,0.0,0.866025,0.5,summer_dawn
1676441_clip007_s000,resources/site_257_bowra-dry-a/downloaded_clips/site_257_item_1676441/site_257_item_1676441_clip_007.webm,dawn,summer,1.0,0.0,0.866025,0.5,summer_dawn
1677668_clip003_s000,resources/site_257_bowra-dry-a/downloaded_clips/site_257_item_1677668/site_257_item_1677668_clip_003.webm,dawn,summer,1.0,0.0,0.5,0.866025,summer_dawn
1677668_clip003_s001,resources/site_257_bowra-dry-a/downloaded_clips/site_257_item_1677668/site_257_item_1677668_clip_003.webm,dawn,summer,1.0,0.0,0.5,0.866025,summer_dawn
1677668_clip006_s000,resources/site_257_bowra-dry-a/downloaded_clips/site_257_item_1677668/site_257_item_1677668_clip_006.webm,dawn,summer,1.0,0.0,0.5,0.866025,summer_dawn
1677668_clip009_s000,resources/site_257_bowra-dry-a/downloaded_clips/site_257_item_1677668/site_257_item_1677668_clip_009.webm,dawn,summer,1.0,0.0,0.5,0.866025,summer_dawn
1677668_clip012_s000,resources/site_257_bowra-dry-a/downloaded_clips/site_257_item_1677668/site_257_item_1677668_clip_012.webm,dawn,summer,1.0,0.0,0.5,0.866025,summer_dawn
1677668_clip013_s000,resources/site_257_bowra-dry-a/downloaded_clips/site_257_item_1677668/site_257_item_1677668_clip_013.webm,dawn,summer,1.0,0.0,0.5,0.866025,summer_dawn
1677668_clip017_s000,resources/site_257_bowra-dry-a/downloaded_clips/site_257_item_1677668/site_257_item_1677668_clip_017.webm,dawn,summer,1.0,0.0,0.5,0.866025,summer_dawn
1677668_clip017_s001,resources/site_257_bowra-dry-a/downloaded_clips/site_257_item_1677668/site_257_item_1677668_clip_017.webm,dawn,summer,1.0,0.0,0.5,0.866025,summer_dawn
1677668_clip019_s000,resources/site_257_bowra-dry-a/downloaded_clips/site_257_item_1677668/site_257_item_1677668_clip_019.webm,dawn,summer,1.0,0.0,0.5,0.866025,summer_dawn
1679394_clip021_s000,resources/site_257_bowra-dry-a/downloaded_clips/site_257_item_1679394/site_257_item_1679394_clip_021.webm,dawn,summer,1.0,0.0,0.866025,0.5,summer_dawn
1679394_clip023_s000,resources/site_257_bowra-dry-a/downloaded_clips/site_257_item_1679394/site_257_item_1679394_clip_023.webm,dawn,summer,1.0,0.0,0.866025,0.5,summer_dawn
1680188_clip001_s000,resources/site_257_bowra-dry-a/downloaded_clips/site_257_item_1680188/site_257_item_1680188_clip_001.webm,dawn,summer,1.0,0.0,0.5,0.866025,summer_dawn
1680188_clip001_s001,resources/site_257_bowra-dry-a/downloaded_clips/site_257_item_1680188/site_257_item_1680188_clip_001.webm,dawn,summer,1.0,0.0,0.5,0.866025,summer_dawn
1680188_clip001_s002,resources/site_257_bowra-dry-a/downloaded_clips/site_257_item_1680188/site_257_item_1680188_clip_001.webm,dawn,summer,1.0,0.0,0.5,0.866025,summer_dawn
1680188_clip002_s000,resources/site_257_bowra-dry-a/downloaded_clips/site_257_item_1680188/site_257_item_1680188_clip_002.webm,dawn,summer,1.0,0.0,0.5,0.866025,summer_dawn
1680188_clip002_s001,resources/site_257_bowra-dry-a/downloaded_clips/site_257_item_1680188/site_257_item_1680188_clip_002.webm,dawn,summer,1.0,0.0,0.5,0.866025,summer_dawn
1680188_clip002_s002,resources/site_257_bowra-dry-a/downloaded_clips/site_257_item_1680188/site_257_item_1680188_clip_002.webm,dawn,summer,1.0,0.0,0.5,0.866025,summer_dawn
1680188_clip006_s000,resources/site_257_bowra-dry-a/downloaded_clips/site_257_item_1680188/site_257_item_1680188_clip_006.webm,dawn,summer,1.0,0.0,0.5,0.866025,summer_dawn
1680188_clip006_s001,resources/site_257_bowra-dry-a/downloaded_clips/site_257_item_1680188/site_257_item_1680188_clip_006.webm,dawn,summer,1.0,0.0,0.5,0.866025,summer_dawn
1680188_clip006_s002,resources/site_257_bowra-dry-a/downloaded_clips/site_257_item_1680188/site_257_item_1680188_clip_006.webm,dawn,summer,1.0,0.0,0.5,0.866025,summer_dawn
1680188_clip007_s000,resources/site_257_bowra-dry-a/downloaded_clips/site_257_item_1680188/site_257_item_1680188_clip_007.webm,dawn,summer,1.0,0.0,0.5,0.866025,summer_dawn
1680188_clip007_s001,resources/site_257_bowra-dry-a/downloaded_clips/site_257_item_1680188/site_257_item_1680188_clip_007.webm,dawn,summer,1.0,0.0,0.5,0.866025,summer_dawn
1680188_clip010_s000,resources/site_257_bowra-dry-a/downloaded_clips/site_257_item_1680188/site_257_item_1680188_clip_010.webm,dawn,summer,1.0,0.0,0.5,0.866025,summer_dawn
1680188_clip011_s000,resources/site_257_bowra-dry-a/downloaded_clips/site_257_item_1680188/site_257_item_1680188_clip_011.webm,dawn,summer,1.0,0.0,0.5,0.866025,summer_dawn
1680188_clip013_s000,resources/site_257_bowra-dry-a/downloaded_clips/site_257_item_1680188/site_257_item_1680188_clip_013.webm,dawn,summer,1.0,0.0,0.5,0.866025,summer_dawn
1680188_clip013_s001,resources/site_257_bowra-dry-a/downloaded_clips/site_257_item_1680188/site_257_item_1680188_clip_013.webm,dawn,summer,1.0,0.0,0.5,0.866025,summer_dawn
1680188_clip015_s000,resources/site_257_bowra-dry-a/downloaded_clips/site_257_item_1680188/site_257_item_1680188_clip_015.webm,dawn,summer,1.0,0.0,0.5,0.866025,summer_dawn
1680188_clip015_s001,resources/site_257_bowra-dry-a/downloaded_clips/site_257_item_1680188/site_257_item_1680188_clip_015.webm,dawn,summer,1.0,0.0,0.5,0.866025,summer_dawn
1680188_clip016_s000,resources/site_257_bowra-dry-a/downloaded_clips/site_257_item_1680188/site_257_item_1680188_clip_016.webm,dawn,summer,1.0,0.0,0.5,0.866025,summer_dawn
1680188_clip016_s001,resources/site_257_bowra-dry-a/downloaded_clips/site_257_item_1680188/site_257_item_1680188_clip_016.webm,dawn,summer,1.0,0.0,0.5,0.866025,summer_dawn
1680188_clip016_s002,resources/site_257_bowra-dry-a/downloaded_clips/site_257_item_1680188/site_257_item_1680188_clip_016.webm,dawn,summer,1.0,0.0,0.5,0.866025,summer_dawn
1680188_clip017_s000,resources/site_257_bowra-dry-a/downloaded_clips/site_257_item_1680188/site_257_item_1680188_clip_017.webm,dawn,summer,1.0,0.0,0.5,0.866025,summer_dawn
1680188_clip017_s001,resources/site_257_bowra-dry-a/downloaded_clips/site_257_item_1680188/site_257_item_1680188_clip_017.webm,dawn,summer,1.0,0.0,0.5,0.866025,summer_dawn
1680188_clip018_s000,resources/site_257_bowra-dry-a/downloaded_clips/site_257_item_1680188/site_257_item_1680188_clip_018.webm,dawn,summer,1.0,0.0,0.5,0.866025,summer_dawn
1680188_clip018_s001,resources/site_257_bowra-dry-a/downloaded_clips/site_257_item_1680188/site_257_item_1680188_clip_018.webm,dawn,summer,1.0,0.0,0.5,0.866025,summer_dawn
1680188_clip018_s002,resources/site_257_bowra-dry-a/downloaded_clips/site_257_item_1680188/site_257_item_1680188_clip_018.webm,dawn,summer,1.0,0.0,0.5,0.866025,summer_dawn
1680188_clip018_s003,resources/site_257_bowra-dry-a/downloaded_clips/site_257_item_1680188/site_257_item_1680188_clip_018.webm,dawn,summer,1.0,0.0,0.5,0.866025,summer_dawn
1680188_clip018_s004,resources/site_257_bowra-dry-a/downloaded_clips/site_257_item_1680188/site_257_item_1680188_clip_018.webm,dawn,summer,1.0,0.0,0.5,0.866025,summer_dawn
1680188_clip019_s000,resources/site_257_bowra-dry-a/downloaded_clips/site_257_item_1680188/site_257_item_1680188_clip_019.webm,dawn,summer,1.0,0.0,0.5,0.866025,summer_dawn
1680188_clip019_s001,resources/site_257_bowra-dry-a/downloaded_clips/site_257_item_1680188/site_257_item_1680188_clip_019.webm,dawn,summer,1.0,0.0,0.5,0.866025,summer_dawn
1680188_clip024_s000,resources/site_257_bowra-dry-a/downloaded_clips/site_257_item_1680188/site_257_item_1680188_clip_024.webm,dawn,summer,1.0,0.0,0.5,0.866025,summer_dawn
215111_clip003_s000,resources/site_257_bowra-dry-a/downloaded_clips/site_257_item_215111/site_257_item_215111_clip_003.webm,dawn,summer,1.0,0.0,-0.0,1.0,summer_dawn
215467_clip001_s000,resources/site_257_bowra-dry-a/downloaded_clips/site_257_item_215467/site_257_item_215467_clip_001.webm,dawn,summer,1.0,0.0,0.5,0.866025,summer_dawn
215467_clip001_s001,resources/site_257_bowra-dry-a/downloaded_clips/site_257_item_215467/site_257_item_215467_clip_001.webm,dawn,summer,1.0,0.0,0.5,0.866025,summer_dawn
215467_clip007_s000,resources/site_257_bowra-dry-a/downloaded_clips/site_257_item_215467/site_257_item_215467_clip_007.webm,dawn,summer,1.0,0.0,0.5,0.866025,summer_dawn
215467_clip010_s000,resources/site_257_bowra-dry-a/downloaded_clips/site_257_item_215467/site_257_item_215467_clip_010.webm,dawn,summer,1.0,0.0,0.5,0.866025,summer_dawn
215467_clip011_s000,resources/site_257_bowra-dry-a/downloaded_clips/site_257_item_215467/site_257_item_215467_clip_011.webm,dawn,summer,1.0,0.0,0.5,0.866025,summer_dawn
215467_clip011_s001,resources/site_257_bowra-dry-a/downloaded_clips/site_257_item_215467/site_257_item_215467_clip_011.webm,dawn,summer,1.0,0.0,0.5,0.866025,summer_dawn
215467_clip012_s000,resources/site_257_bowra-dry-a/downloaded_clips/site_257_item_215467/site_257_item_215467_clip_012.webm,dawn,summer,1.0,0.0,0.5,0.866025,summer_dawn
215467_clip012_s001,resources/site_257_bowra-dry-a/downloaded_clips/site_257_item_215467/site_257_item_215467_clip_012.webm,dawn,summer,1.0,0.0,0.5,0.866025,summer_dawn
215467_clip013_s000,resources/site_257_bowra-dry-a/downloaded_clips/site_257_item_215467/site_257_item_215467_clip_013.webm,dawn,summer,1.0,0.0,0.5,0.866025,summer_dawn
215467_clip015_s000,resources/site_257_bowra-dry-a/downloaded_clips/site_257_item_215467/site_257_item_215467_clip_015.webm,dawn,summer,1.0,0.0,0.5,0.866025,summer_dawn
215467_clip016_s000,resources/site_257_bowra-dry-a/downloaded_clips/site_257_item_215467/site_257_item_215467_clip_016.webm,dawn,summer,1.0,0.0,0.5,0.866025,summer_dawn
215467_clip017_s000,resources/site_257_bowra-dry-a/downloaded_clips/site_257_item_215467/site_257_item_215467_clip_017.webm,dawn,summer,1.0,0.0,0.5,0.866025,summer_dawn
215467_clip018_s000,resources/site_257_bowra-dry-a/downloaded_clips/site_257_item_215467/site_257_item_215467_clip_018.webm,dawn,summer,1.0,0.0,0.5,0.866025,summer_dawn
215467_clip020_s000,resources/site_257_bowra-dry-a/downloaded_clips/site_257_item_215467/site_257_item_215467_clip_020.webm,dawn,summer,1.0,0.0,0.5,0.866025,summer_dawn
215467_clip020_s001,resources/site_257_bowra-dry-a/downloaded_clips/site_257_item_215467/site_257_item_215467_clip_020.webm,dawn,summer,1.0,0.0,0.5,0.866025,summer_dawn
215467_clip021_s000,resources/site_257_bowra-dry-a/downloaded_clips/site_257_item_215467/site_257_item_215467_clip_021.webm,dawn,summer,1.0,0.0,0.5,0.866025,summer_dawn
215467_clip021_s001,resources/site_257_bowra-dry-a/downloaded_clips/site_257_item_215467/site_257_item_215467_clip_021.webm,dawn,summer,1.0,0.0,0.5,0.866025,summer_dawn
215467_clip021_s002,resources/site_257_bowra-dry-a/downloaded_clips/site_257_item_215467/site_257_item_215467_clip_021.webm,dawn,summer,1.0,0.0,0.5,0.866025,summer_dawn
215467_clip021_s003,resources/site_257_bowra-dry-a/downloaded_clips/site_257_item_215467/site_257_item_215467_clip_021.webm,dawn,summer,1.0,0.0,0.5,0.866025,summer_dawn
215467_clip021_s004,resources/site_257_bowra-dry-a/downloaded_clips/site_257_item_215467/site_257_item_215467_clip_021.webm,dawn,summer,1.0,0.0,0.5,0.866025,summer_dawn
215467_clip022_s000,resources/site_257_bowra-dry-a/downloaded_clips/site_257_item_215467/site_257_item_215467_clip_022.webm,dawn,summer,1.0,0.0,0.5,0.866025,summer_dawn
215467_clip024_s000,resources/site_257_bowra-dry-a/downloaded_clips/site_257_item_215467/site_257_item_215467_clip_024.webm,dawn,summer,1.0,0.0,0.5,0.866025,summer_dawn
215467_clip024_s001,resources/site_257_bowra-dry-a/downloaded_clips/site_257_item_215467/site_257_item_215467_clip_024.webm,dawn,summer,1.0,0.0,0.5,0.866025,summer_dawn
215730_clip011_s000,resources/site_257_bowra-dry-a/downloaded_clips/site_257_item_215730/site_257_item_215730_clip_011.webm,dawn,summer,1.0,0.0,0.866025,0.5,summer_dawn
215730_clip021_s000,resources/site_257_bowra-dry-a/downloaded_clips/site_257_item_215730/site_257_item_215730_clip_021.webm,dawn,summer,1.0,0.0,0.866025,0.5,summer_dawn
215903_clip005_s000,resources/site_257_bowra-dry-a/downloaded_clips/site_257_item_215903/site_257_item_215903_clip_005.webm,dawn,summer,1.0,0.0,0.866025,0.5,summer_dawn
215120_clip003_s000,resources/site_257_bowra-dry-a/downloaded_clips/site_257_item_215120/site_257_item_215120_clip_003.webm,dawn,summer,1.0,0.0,-0.0,1.0,summer_dawn
215120_clip003_s001,resources/site_257_bowra-dry-a/downloaded_clips/site_257_item_215120/site_257_item_215120_clip_003.webm,dawn,summer,1.0,0.0,-0.0,1.0,summer_dawn
215120_clip020_s000,resources/site_257_bowra-dry-a/downloaded_clips/site_257_item_215120/site_257_item_215120_clip_020.webm,dawn,summer,1.0,0.0,-0.0,1.0,summer_dawn
215312_clip001_s000,resources/site_257_bowra-dry-a/downloaded_clips/site_257_item_215312/site_257_item_215312_clip_001.webm,dawn,summer,1.0,0.0,-0.0,1.0,summer_dawn
215312_clip002_s000,resources/site_257_bowra-dry-a/downloaded_clips/site_257_item_215312/site_257_item_215312_clip_002.webm,dawn,summer,1.0,0.0,-0.0,1.0,summer_dawn
215312_clip002_s001,resources/site_257_bowra-dry-a/downloaded_clips/site_257_item_215312/site_257_item_215312_clip_002.webm,dawn,summer,1.0,0.0,-0.0,1.0,summer_dawn
215312_clip005_s000,resources/site_257_bowra-dry-a/downloaded_clips/site_257_item_215312/site_257_item_215312_clip_005.webm,dawn,summer,1.0,0.0,-0.0,1.0,summer_dawn
215312_clip005_s001,resources/site_257_bowra-dry-a/downloaded_clips/site_257_item_215312/site_257_item_215312_clip_005.webm,dawn,summer,1.0,0.0,-0.0,1.0,summer_dawn
215312_clip007_s000,resources/site_257_bowra-dry-a/downloaded_clips/site_257_item_215312/site_257_item_215312_clip_007.webm,dawn,summer,1.0,0.0,-0.0,1.0,summer_dawn
215312_clip007_s001,resources/site_257_bowra-dry-a/downloaded_clips/site_257_item_215312/site_257_item_215312_clip_007.webm,dawn,summer,1.0,0.0,-0.0,1.0,summer_dawn
215312_clip009_s000,resources/site_257_bowra-dry-a/downloaded_clips/site_257_item_215312/site_257_item_215312_clip_009.webm,dawn,summer,1.0,0.0,-0.0,1.0,summer_dawn
215312_clip009_s001,resources/site_257_bowra-dry-a/downloaded_clips/site_257_item_215312/site_257_item_215312_clip_009.webm,dawn,summer,1.0,0.0,-0.0,1.0,summer_dawn
215312_clip011_s000,resources/site_257_bowra-dry-a/downloaded_clips/site_257_item_215312/site_257_item_215312_clip_011.webm,dawn,summer,1.0,0.0,-0.0,1.0,summer_dawn
215312_clip012_s000,resources/site_257_bowra-dry-a/downloaded_clips/site_257_item_215312/site_257_item_215312_clip_012.webm,dawn,summer,1.0,0.0,-0.0,1.0,summer_dawn
215312_clip013_s000,resources/site_257_bowra-dry-a/downloaded_clips/site_257_item_215312/site_257_item_215312_clip_013.webm,dawn,summer,1.0,0.0,-0.0,1.0,summer_dawn
215312_clip013_s001,resources/site_257_bowra-dry-a/downloaded_clips/site_257_item_215312/site_257_item_215312_clip_013.webm,dawn,summer,1.0,0.0,-0.0,1.0,summer_dawn
215312_clip013_s002,resources/site_257_bowra-dry-a/downloaded_clips/site_257_item_215312/site_257_item_215312_clip_013.webm,dawn,summer,1.0,0.0,-0.0,1.0,summer_dawn
215312_clip014_s000,resources/site_257_bowra-dry-a/downloaded_clips/site_257_item_215312/site_257_item_215312_clip_014.webm,dawn,summer,1.0,0.0,-0.0,1.0,summer_dawn
215312_clip015_s000,resources/site_257_bowra-dry-a/downloaded_clips/site_257_item_215312/site_257_item_215312_clip_015.webm,dawn,summer,1.0,0.0,-0.0,1.0,summer_dawn
215312_clip021_s000,resources/site_257_bowra-dry-a/downloaded_clips/site_257_item_215312/site_257_item_215312_clip_021.webm,dawn,summer,1.0,0.0,-0.0,1.0,summer_dawn
215438_clip002_s000,resources/site_257_bowra-dry-a/downloaded_clips/site_257_item_215438/site_257_item_215438_clip_002.webm,dawn,summer,1.0,0.0,0.5,0.866025,summer_dawn
215438_clip003_s000,resources/site_257_bowra-dry-a/downloaded_clips/site_257_item_215438/site_257_item_215438_clip_003.webm,dawn,summer,1.0,0.0,0.5,0.866025,summer_dawn
215438_clip005_s000,resources/site_257_bowra-dry-a/downloaded_clips/site_257_item_215438/site_257_item_215438_clip_005.webm,dawn,summer,1.0,0.0,0.5,0.866025,summer_dawn
215438_clip007_s000,resources/site_257_bowra-dry-a/downloaded_clips/site_257_item_215438/site_257_item_215438_clip_007.webm,dawn,summer,1.0,0.0,0.5,0.866025,summer_dawn
215438_clip008_s000,resources/site_257_bowra-dry-a/downloaded_clips/site_257_item_215438/site_257_item_215438_clip_008.webm,dawn,summer,1.0,0.0,0.5,0.866025,summer_dawn
215438_clip008_s001,resources/site_257_bowra-dry-a/downloaded_clips/site_257_item_215438/site_257_item_215438_clip_008.webm,dawn,summer,1.0,0.0,0.5,0.866025,summer_dawn
215438_clip009_s000,resources/site_257_bowra-dry-a/downloaded_clips/site_257_item_215438/site_257_item_215438_clip_009.webm,dawn,summer,1.0,0.0,0.5,0.866025,summer_dawn
215438_clip009_s001,resources/site_257_bowra-dry-a/downloaded_clips/site_257_item_215438/site_257_item_215438_clip_009.webm,dawn,summer,1.0,0.0,0.5,0.866025,summer_dawn
215438_clip010_s000,resources/site_257_bowra-dry-a/downloaded_clips/site_257_item_215438/site_257_item_215438_clip_010.webm,dawn,summer,1.0,0.0,0.5,0.866025,summer_dawn
215438_clip011_s000,resources/site_257_bowra-dry-a/downloaded_clips/site_257_item_215438/site_257_item_215438_clip_011.webm,dawn,summer,1.0,0.0,0.5,0.866025,summer_dawn
215438_clip015_s000,resources/site_257_bowra-dry-a/downloaded_clips/site_257_item_215438/site_257_item_215438_clip_015.webm,dawn,summer,1.0,0.0,0.5,0.866025,summer_dawn
215438_clip023_s000,resources/site_257_bowra-dry-a/downloaded_clips/site_257_item_215438/site_257_item_215438_clip_023.webm,dawn,summer,1.0,0.0,0.5,0.866025,summer_dawn
215466_clip002_s000,resources/site_257_bowra-dry-a/downloaded_clips/site_257_item_215466/site_257_item_215466_clip_002.webm,dawn,summer,0.866025,0.5,0.5,0.866025,summer_dawn
215466_clip002_s001,resources/site_257_bowra-dry-a/downloaded_clips/site_257_item_215466/site_257_item_215466_clip_002.webm,dawn,summer,0.866025,0.5,0.5,0.866025,summer_dawn
215466_clip003_s000,resources/site_257_bowra-dry-a/downloaded_clips/site_257_item_215466/site_257_item_215466_clip_003.webm,dawn,summer,0.866025,0.5,0.5,0.866025,summer_dawn
215466_clip005_s000,resources/site_257_bowra-dry-a/downloaded_clips/site_257_item_215466/site_257_item_215466_clip_005.webm,dawn,summer,0.866025,0.5,0.5,0.866025,summer_dawn
215466_clip005_s001,resources/site_257_bowra-dry-a/downloaded_clips/site_257_item_215466/site_257_item_215466_clip_005.webm,dawn,summer,0.866025,0.5,0.5,0.866025,summer_dawn
215466_clip007_s000,resources/site_257_bowra-dry-a/downloaded_clips/site_257_item_215466/site_257_item_215466_clip_007.webm,dawn,summer,0.866025,0.5,0.5,0.866025,summer_dawn
215466_clip013_s000,resources/site_257_bowra-dry-a/downloaded_clips/site_257_item_215466/site_257_item_215466_clip_013.webm,dawn,summer,0.866025,0.5,0.5,0.866025,summer_dawn
215466_clip018_s000,resources/site_257_bowra-dry-a/downloaded_clips/site_257_item_215466/site_257_item_215466_clip_018.webm,dawn,summer,0.866025,0.5,0.5,0.866025,summer_dawn
215466_clip021_s000,resources/site_257_bowra-dry-a/downloaded_clips/site_257_item_215466/site_257_item_215466_clip_021.webm,dawn,summer,0.866025,0.5,0.5,0.866025,summer_dawn
215466_clip021_s001,resources/site_257_bowra-dry-a/downloaded_clips/site_257_item_215466/site_257_item_215466_clip_021.webm,dawn,summer,0.866025,0.5,0.5,0.866025,summer_dawn
215466_clip024_s000,resources/site_257_bowra-dry-a/downloaded_clips/site_257_item_215466/site_257_item_215466_clip_024.webm,dawn,summer,0.866025,0.5,0.5,0.866025,summer_dawn
215528_clip001_s000,resources/site_257_bowra-dry-a/downloaded_clips/site_257_item_215528/site_257_item_215528_clip_001.webm,dawn,summer,1.0,0.0,0.5,0.866025,summer_dawn
215528_clip005_s000,resources/site_257_bowra-dry-a/downloaded_clips/site_257_item_215528/site_257_item_215528_clip_005.webm,dawn,summer,1.0,0.0,0.5,0.866025,summer_dawn
215528_clip020_s000,resources/site_257_bowra-dry-a/downloaded_clips/site_257_item_215528/site_257_item_215528_clip_020.webm,dawn,summer,1.0,0.0,0.5,0.866025,summer_dawn
215528_clip021_s000,resources/site_257_bowra-dry-a/downloaded_clips/site_257_item_215528/site_257_item_215528_clip_021.webm,dawn,summer,1.0,0.0,0.5,0.866025,summer_dawn
215622_clip001_s000,resources/site_257_bowra-dry-a/downloaded_clips/site_257_item_215622/site_257_item_215622_clip_001.webm,dawn,summer,1.0,0.0,0.5,0.866025,summer_dawn
215622_clip002_s000,resources/site_257_bowra-dry-a/downloaded_clips/site_257_item_215622/site_257_item_215622_clip_002.webm,dawn,summer,1.0,0.0,0.5,0.866025,summer_dawn
215622_clip003_s000,resources/site_257_bowra-dry-a/downloaded_clips/site_257_item_215622/site_257_item_215622_clip_003.webm,dawn,summer,1.0,0.0,0.5,0.866025,summer_dawn
215622_clip005_s000,resources/site_257_bowra-dry-a/downloaded_clips/site_257_item_215622/site_257_item_215622_clip_005.webm,dawn,summer,1.0,0.0,0.5,0.866025,summer_dawn
215622_clip006_s000,resources/site_257_bowra-dry-a/downloaded_clips/site_257_item_215622/site_257_item_215622_clip_006.webm,dawn,summer,1.0,0.0,0.5,0.866025,summer_dawn
215622_clip007_s000,resources/site_257_bowra-dry-a/downloaded_clips/site_257_item_215622/site_257_item_215622_clip_007.webm,dawn,summer,1.0,0.0,0.5,0.866025,summer_dawn
215622_clip010_s000,resources/site_257_bowra-dry-a/downloaded_clips/site_257_item_215622/site_257_item_215622_clip_010.webm,dawn,summer,1.0,0.0,0.5,0.866025,summer_dawn
215622_clip012_s000,resources/site_257_bowra-dry-a/downloaded_clips/site_257_item_215622/site_257_item_215622_clip_012.webm,dawn,summer,1.0,0.0,0.5,0.866025,summer_dawn
215622_clip020_s000,resources/site_257_bowra-dry-a/downloaded_clips/site_257_item_215622/site_257_item_215622_clip_020.webm,dawn,summer,1.0,0.0,0.5,0.866025,summer_dawn
215622_clip020_s001,resources/site_257_bowra-dry-a/downloaded_clips/site_257_item_215622/site_257_item_215622_clip_020.webm,dawn,summer,1.0,0.0,0.5,0.866025,summer_dawn
215622_clip024_s000,resources/site_257_bowra-dry-a/downloaded_clips/site_257_item_215622/site_257_item_215622_clip_024.webm,dawn,summer,1.0,0.0,0.5,0.866025,summer_dawn
215876_clip003_s000,resources/site_257_bowra-dry-a/downloaded_clips/site_257_item_215876/site_257_item_215876_clip_003.webm,dawn,summer,1.0,0.0,0.866025,0.5,summer_dawn
215891_clip023_s000,resources/site_257_bowra-dry-a/downloaded_clips/site_257_item_215891/site_257_item_215891_clip_023.webm,dawn,summer,1.0,0.0,0.866025,0.5,summer_dawn
215923_clip010_s000,resources/site_257_bowra-dry-a/downloaded_clips/site_257_item_215923/site_257_item_215923_clip_010.webm,dawn,summer,1.0,0.0,0.866025,0.5,summer_dawn
215923_clip010_s001,resources/site_257_bowra-dry-a/downloaded_clips/site_257_item_215923/site_257_item_215923_clip_010.webm,dawn,summer,1.0,0.0,0.866025,0.5,summer_dawn
215923_clip014_s000,resources/site_257_bowra-dry-a/downloaded_clips/site_257_item_215923/site_257_item_215923_clip_014.webm,dawn,summer,1.0,0.0,0.866025,0.5,summer_dawn
215923_clip014_s001,resources/site_257_bowra-dry-a/downloaded_clips/site_257_item_215923/site_257_item_215923_clip_014.webm,dawn,summer,1.0,0.0,0.866025,0.5,summer_dawn
215923_clip021_s000,resources/site_257_bowra-dry-a/downloaded_clips/site_257_item_215923/site_257_item_215923_clip_021.webm,dawn,summer,1.0,0.0,0.866025,0.5,summer_dawn
215923_clip021_s001,resources/site_257_bowra-dry-a/downloaded_clips/site_257_item_215923/site_257_item_215923_clip_021.webm,dawn,summer,1.0,0.0,0.866025,0.5,summer_dawn
215923_clip023_s000,resources/site_257_bowra-dry-a/downloaded_clips/site_257_item_215923/site_257_item_215923_clip_023.webm,dawn,summer,1.0,0.0,0.866025,0.5,summer_dawn
215923_clip024_s000,resources/site_257_bowra-dry-a/downloaded_clips/site_257_item_215923/site_257_item_215923_clip_024.webm,dawn,summer,1.0,0.0,0.866025,0.5,summer_dawn
1401168_clip022_s000,resources/site_257_bowra-dry-a/downloaded_clips/site_257_item_1401168/site_257_item_1401168_clip_022.webm,dawn,summer,0.866025,0.5,0.5,0.866025,summer_dawn
1401168_clip022_s001,resources/site_257_bowra-dry-a/downloaded_clips/site_257_item_1401168/site_257_item_1401168_clip_022.webm,dawn,summer,0.866025,0.5,0.5,0.866025,summer_dawn
1402266_clip001_s000,resources/site_257_bowra-dry-a/downloaded_clips/site_257_item_1402266/site_257_item_1402266_clip_001.webm,dawn,summer,0.866025,0.5,-0.0,1.0,summer_dawn
1402714_clip004_s000,resources/site_257_bowra-dry-a/downloaded_clips/site_257_item_1402714/site_257_item_1402714_clip_004.webm,dawn,summer,1.0,0.0,0.5,0.866025,summer_dawn
1401235_clip001_s000,resources/site_257_bowra-dry-a/downloaded_clips/site_257_item_1401235/site_257_item_1401235_clip_001.webm,dawn,summer,0.965926,0.258819,0.866025,0.5,summer_dawn
1401235_clip001_s001,resources/site_257_bowra-dry-a/downloaded_clips/site_257_item_1401235/site_257_item_1401235_clip_001.webm,dawn,summer,0.965926,0.258819,0.866025,0.5,summer_dawn
1401235_clip002_s000,resources/site_257_bowra-dry-a/downloaded_clips/site_257_item_1401235/site_257_item_1401235_clip_002.webm,dawn,summer,0.965926,0.258819,0.866025,0.5,summer_dawn
1401235_clip005_s000,resources/site_257_bowra-dry-a/downloaded_clips/site_257_item_1401235/site_257_item_1401235_clip_005.webm,dawn,summer,0.965926,0.258819,0.866025,0.5,summer_dawn
1401235_clip005_s001,resources/site_257_bowra-dry-a/downloaded_clips/site_257_item_1401235/site_257_item_1401235_clip_005.webm,dawn,summer,0.965926,0.258819,0.866025,0.5,summer_dawn
1401235_clip008_s000,resources/site_257_bowra-dry-a/downloaded_clips/site_257_item_1401235/site_257_item_1401235_clip_008.webm,dawn,summer,0.965926,0.258819,0.866025,0.5,summer_dawn
1401235_clip010_s000,resources/site_257_bowra-dry-a/downloaded_clips/site_257_item_1401235/site_257_item_1401235_clip_010.webm,dawn,summer,0.965926,0.258819,0.866025,0.5,summer_dawn
1401235_clip010_s001,resources/site_257_bowra-dry-a/downloaded_clips/site_257_item_1401235/site_257_item_1401235_clip_010.webm,dawn,summer,0.965926,0.258819,0.866025,0.5,summer_dawn
1401235_clip010_s002,resources/site_257_bowra-dry-a/downloaded_clips/site_257_item_1401235/site_257_item_1401235_clip_010.webm,dawn,summer,0.965926,0.258819,0.866025,0.5,summer_dawn
1401235_clip010_s003,resources/site_257_bowra-dry-a/downloaded_clips/site_257_item_1401235/site_257_item_1401235_clip_010.webm,dawn,summer,0.965926,0.258819,0.866025,0.5,summer_dawn
1401464_clip006_s000,resources/site_257_bowra-dry-a/downloaded_clips/site_257_item_1401464/site_257_item_1401464_clip_006.webm,dawn,summer,0.965926,0.258819,0.866025,0.5,summer_dawn
1401822_clip011_s000,resources/site_257_bowra-dry-a/downloaded_clips/site_257_item_1401822/site_257_item_1401822_clip_011.webm,dawn,summer,1.0,0.0,0.866025,0.5,summer_dawn
1401822_clip020_s000,resources/site_257_bowra-dry-a/downloaded_clips/site_257_item_1401822/site_257_item_1401822_clip_020.webm,dawn,summer,1.0,0.0,0.866025,0.5,summer_dawn
1401822_clip023_s000,resources/site_257_bowra-dry-a/downloaded_clips/site_257_item_1401822/site_257_item_1401822_clip_023.webm,dawn,summer,1.0,0.0,0.866025,0.5,summer_dawn
1401822_clip024_s000,resources/site_257_bowra-dry-a/downloaded_clips/site_257_item_1401822/site_257_item_1401822_clip_024.webm,dawn,summer,1.0,0.0,0.866025,0.5,summer_dawn
1402107_clip002_s000,resources/site_257_bowra-dry-a/downloaded_clips/site_257_item_1402107/site_257_item_1402107_clip_002.webm,dawn,summer,1.0,0.0,0.866025,0.5,summer_dawn
1402107_clip004_s000,resources/site_257_bowra-dry-a/downloaded_clips/site_257_item_1402107/site_257_item_1402107_clip_004.webm,dawn,summer,1.0,0.0,0.866025,0.5,summer_dawn
1402107_clip004_s001,resources/site_257_bowra-dry-a/downloaded_clips/site_257_item_1402107/site_257_item_1402107_clip_004.webm,dawn,summer,1.0,0.0,0.866025,0.5,summer_dawn
1402107_clip009_s000,resources/site_257_bowra-dry-a/downloaded_clips/site_257_item_1402107/site_257_item_1402107_clip_009.webm,dawn,summer,1.0,0.0,0.866025,0.5,summer_dawn
1402107_clip014_s000,resources/site_257_bowra-dry-a/downloaded_clips/site_257_item_1402107/site_257_item_1402107_clip_014.webm,dawn,summer,1.0,0.0,0.866025,0.5,summer_dawn
1402107_clip014_s001,resources/site_257_bowra-dry-a/downloaded_clips/site_257_item_1402107/site_257_item_1402107_clip_014.webm,dawn,summer,1.0,0.0,0.866025,0.5,summer_dawn
1402793_clip009_s000,resources/site_257_bowra-dry-a/downloaded_clips/site_257_item_1402793/site_257_item_1402793_clip_009.webm,dawn,summer,1.0,0.0,0.5,0.866025,summer_dawn
1670118_clip006_s000,resources/site_257_bowra-dry-a/downloaded_clips/site_257_item_1670118/site_257_item_1670118_clip_006.webm,dawn,summer,1.0,0.0,0.5,0.866025,summer_dawn
1670118_clip006_s001,resources/site_257_bowra-dry-a/downloaded_clips/site_257_item_1670118/site_257_item_1670118_clip_006.webm,dawn,summer,1.0,0.0,0.5,0.866025,summer_dawn
1670118_clip006_s002,resources/site_257_bowra-dry-a/downloaded_clips/site_257_item_1670118/site_257_item_1670118_clip_006.webm,dawn,summer,1.0,0.0,0.5,0.866025,summer_dawn
1670118_clip012_s000,resources/site_257_bowra-dry-a/downloaded_clips/site_257_item_1670118/site_257_item_1670118_clip_012.webm,dawn,summer,1.0,0.0,0.5,0.866025,summer_dawn
1670118_clip012_s001,resources/site_257_bowra-dry-a/downloaded_clips/site_257_item_1670118/site_257_item_1670118_clip_012.webm,dawn,summer,1.0,0.0,0.5,0.866025,summer_dawn
1670118_clip016_s000,resources/site_257_bowra-dry-a/downloaded_clips/site_257_item_1670118/site_257_item_1670118_clip_016.webm,dawn,summer,1.0,0.0,0.5,0.866025,summer_dawn
1670118_clip020_s000,resources/site_257_bowra-dry-a/downloaded_clips/site_257_item_1670118/site_257_item_1670118_clip_020.webm,dawn,summer,1.0,0.0,0.5,0.866025,summer_dawn
1670118_clip020_s001,resources/site_257_bowra-dry-a/downloaded_clips/site_257_item_1670118/site_257_item_1670118_clip_020.webm,dawn,summer,1.0,0.0,0.5,0.866025,summer_dawn
1670118_clip023_s000,resources/site_257_bowra-dry-a/downloaded_clips/site_257_item_1670118/site_257_item_1670118_clip_023.webm,dawn,summer,1.0,0.0,0.5,0.866025,summer_dawn
1670118_clip023_s001,resources/site_257_bowra-dry-a/downloaded_clips/site_257_item_1670118/site_257_item_1670118_clip_023.webm,dawn,summer,1.0,0.0,0.5,0.866025,summer_dawn
1670118_clip024_s000,resources/site_257_bowra-dry-a/downloaded_clips/site_257_item_1670118/site_257_item_1670118_clip_024.webm,dawn,summer,1.0,0.0,0.5,0.866025,summer_dawn
1676805_clip018_s000,resources/site_257_bowra-dry-a/downloaded_clips/site_257_item_1676805/site_257_item_1676805_clip_018.webm,dawn,summer,0.866025,0.5,-0.0,1.0,summer_dawn
1677617_clip016_s000,resources/site_257_bowra-dry-a/downloaded_clips/site_257_item_1677617/site_257_item_1677617_clip_016.webm,dawn,summer,1.0,0.0,0.5,0.866025,summer_dawn
1679021_clip014_s000,resources/site_257_bowra-dry-a/downloaded_clips/site_257_item_1679021/site_257_item_1679021_clip_014.webm,dawn,summer,1.0,0.0,-0.0,1.0,summer_dawn
1679021_clip017_s000,resources/site_257_bowra-dry-a/downloaded_clips/site_257_item_1679021/site_257_item_1679021_clip_017.webm,dawn,summer,1.0,0.0,-0.0,1.0,summer_dawn
1679021_clip017_s001,resources/site_257_bowra-dry-a/downloaded_clips/site_257_item_1679021/site_257_item_1679021_clip_017.webm,dawn,summer,1.0,0.0,-0.0,1.0,summer_dawn
1679021_clip018_s000,resources/site_257_bowra-dry-a/downloaded_clips/site_257_item_1679021/site_257_item_1679021_clip_018.webm,dawn,summer,1.0,0.0,-0.0,1.0,summer_dawn
1679021_clip018_s001,resources/site_257_bowra-dry-a/downloaded_clips/site_257_item_1679021/site_257_item_1679021_clip_018.webm,dawn,summer,1.0,0.0,-0.0,1.0,summer_dawn
1679021_clip019_s000,resources/site_257_bowra-dry-a/downloaded_clips/site_257_item_1679021/site_257_item_1679021_clip_019.webm,dawn,summer,1.0,0.0,-0.0,1.0,summer_dawn
1679021_clip020_s000,resources/site_257_bowra-dry-a/downloaded_clips/site_257_item_1679021/site_257_item_1679021_clip_020.webm,dawn,summer,1.0,0.0,-0.0,1.0,summer_dawn
1679671_clip005_s000,resources/site_257_bowra-dry-a/downloaded_clips/site_257_item_1679671/site_257_item_1679671_clip_005.webm,dawn,summer,1.0,0.0,0.5,0.866025,summer_dawn
1679671_clip006_s000,resources/site_257_bowra-dry-a/downloaded_clips/site_257_item_1679671/site_257_item_1679671_clip_006.webm,dawn,summer,1.0,0.0,0.5,0.866025,summer_dawn
1679671_clip007_s000,resources/site_257_bowra-dry-a/downloaded_clips/site_257_item_1679671/site_257_item_1679671_clip_007.webm,dawn,summer,1.0,0.0,0.5,0.866025,summer_dawn
1679671_clip016_s000,resources/site_257_bowra-dry-a/downloaded_clips/site_257_item_1679671/site_257_item_1679671_clip_016.webm,dawn,summer,1.0,0.0,0.5,0.866025,summer_dawn
1679671_clip017_s000,resources/site_257_bowra-dry-a/downloaded_clips/site_257_item_1679671/site_257_item_1679671_clip_017.webm,dawn,summer,1.0,0.0,0.5,0.866025,summer_dawn
1679671_clip017_s001,resources/site_257_bowra-dry-a/downloaded_clips/site_257_item_1679671/site_257_item_1679671_clip_017.webm,dawn,summer,1.0,0.0,0.5,0.866025,summer_dawn
1679671_clip018_s000,resources/site_257_bowra-dry-a/downloaded_clips/site_257_item_1679671/site_257_item_1679671_clip_018.webm,dawn,summer,1.0,0.0,0.5,0.866025,summer_dawn
1679671_clip018_s001,resources/site_257_bowra-dry-a/downloaded_clips/site_257_item_1679671/site_257_item_1679671_clip_018.webm,dawn,summer,1.0,0.0,0.5,0.866025,summer_dawn
1679671_clip018_s002,resources/site_257_bowra-dry-a/downloaded_clips/site_257_item_1679671/site_257_item_1679671_clip_018.webm,dawn,summer,1.0,0.0,0.5,0.866025,summer_dawn
1679671_clip018_s003,resources/site_257_bowra-dry-a/downloaded_clips/site_257_item_1679671/site_257_item_1679671_clip_018.webm,dawn,summer,1.0,0.0,0.5,0.866025,summer_dawn
1679671_clip020_s000,resources/site_257_bowra-dry-a/downloaded_clips/site_257_item_1679671/site_257_item_1679671_clip_020.webm,dawn,summer,1.0,0.0,0.5,0.866025,summer_dawn
1679671_clip020_s001,resources/site_257_bowra-dry-a/downloaded_clips/site_257_item_1679671/site_257_item_1679671_clip_020.webm,dawn,summer,1.0,0.0,0.5,0.866025,summer_dawn
1679671_clip021_s000,resources/site_257_bowra-dry-a/downloaded_clips/site_257_item_1679671/site_257_item_1679671_clip_021.webm,dawn,summer,1.0,0.0,0.5,0.866025,summer_dawn
1679671_clip021_s001,resources/site_257_bowra-dry-a/downloaded_clips/site_257_item_1679671/site_257_item_1679671_clip_021.webm,dawn,summer,1.0,0.0,0.5,0.866025,summer_dawn
1679671_clip021_s002,resources/site_257_bowra-dry-a/downloaded_clips/site_257_item_1679671/site_257_item_1679671_clip_021.webm,dawn,summer,1.0,0.0,0.5,0.866025,summer_dawn
1679671_clip021_s003,resources/site_257_bowra-dry-a/downloaded_clips/site_257_item_1679671/site_257_item_1679671_clip_021.webm,dawn,summer,1.0,0.0,0.5,0.866025,summer_dawn
1679671_clip021_s004,resources/site_257_bowra-dry-a/downloaded_clips/site_257_item_1679671/site_257_item_1679671_clip_021.webm,dawn,summer,1.0,0.0,0.5,0.866025,summer_dawn
1669618_clip004_s000,resources/site_257_bowra-dry-a/downloaded_clips/site_257_item_1669618/site_257_item_1669618_clip_004.webm,dawn,summer,1.0,0.0,0.866025,0.5,summer_dawn
1669618_clip009_s000,resources/site_257_bowra-dry-a/downloaded_clips/site_257_item_1669618/site_257_item_1669618_clip_009.webm,dawn,summer,1.0,0.0,0.866025,0.5,summer_dawn
1669618_clip009_s001,resources/site_257_bowra-dry-a/downloaded_clips/site_257_item_1669618/site_257_item_1669618_clip_009.webm,dawn,summer,1.0,0.0,0.866025,0.5,summer_dawn
1669618_clip010_s000,resources/site_257_bowra-dry-a/downloaded_clips/site_257_item_1669618/site_257_item_1669618_clip_010.webm,dawn,summer,1.0,0.0,0.866025,0.5,summer_dawn
1669618_clip011_s000,resources/site_257_bowra-dry-a/downloaded_clips/site_257_item_1669618/site_257_item_1669618_clip_011.webm,dawn,summer,1.0,0.0,0.866025,0.5,summer_dawn
1669618_clip012_s000,resources/site_257_bowra-dry-a/downloaded_clips/site_257_item_1669618/site_257_item_1669618_clip_012.webm,dawn,summer,1.0,0.0,0.866025,0.5,summer_dawn
1669618_clip013_s000,resources/site_257_bowra-dry-a/downloaded_clips/site_257_item_1669618/site_257_item_1669618_clip_013.webm,dawn,summer,1.0,0.0,0.866025,0.5,summer_dawn
1669618_clip013_s001,resources/site_257_bowra-dry-a/downloaded_clips/site_257_item_1669618/site_257_item_1669618_clip_013.webm,dawn,summer,1.0,0.0,0.866025,0.5,summer_dawn
1669618_clip014_s000,resources/site_257_bowra-dry-a/downloaded_clips/site_257_item_1669618/site_257_item_1669618_clip_014.webm,dawn,summer,1.0,0.0,0.866025,0.5,summer_dawn
1669618_clip014_s001,resources/site_257_bowra-dry-a/downloaded_clips/site_257_item_1669618/site_257_item_1669618_clip_014.webm,dawn,summer,1.0,0.0,0.866025,0.5,summer_dawn
1669618_clip015_s000,resources/site_257_bowra-dry-a/downloaded_clips/site_257_item_1669618/site_257_item_1669618_clip_015.webm,dawn,summer,1.0,0.0,0.866025,0.5,summer_dawn
1669618_clip015_s001,resources/site_257_bowra-dry-a/downloaded_clips/site_257_item_1669618/site_257_item_1669618_clip_015.webm,dawn,summer,1.0,0.0,0.866025,0.5,summer_dawn
1669618_clip015_s002,resources/site_257_bowra-dry-a/downloaded_clips/site_257_item_1669618/site_257_item_1669618_clip_015.webm,dawn,summer,1.0,0.0,0.866025,0.5,summer_dawn
1669618_clip016_s000,resources/site_257_bowra-dry-a/downloaded_clips/site_257_item_1669618/site_257_item_1669618_clip_016.webm,dawn,summer,1.0,0.0,0.866025,0.5,summer_dawn
1669618_clip017_s000,resources/site_257_bowra-dry-a/downloaded_clips/site_257_item_1669618/site_257_item_1669618_clip_017.webm,dawn,summer,1.0,0.0,0.866025,0.5,summer_dawn
1669618_clip018_s000,resources/site_257_bowra-dry-a/downloaded_clips/site_257_item_1669618/site_257_item_1669618_clip_018.webm,dawn,summer,1.0,0.0,0.866025,0.5,summer_dawn
1669618_clip019_s000,resources/site_257_bowra-dry-a/downloaded_clips/site_257_item_1669618/site_257_item_1669618_clip_019.webm,dawn,summer,1.0,0.0,0.866025,0.5,summer_dawn
1669618_clip020_s000,resources/site_257_bowra-dry-a/downloaded_clips/site_257_item_1669618/site_257_item_1669618_clip_020.webm,dawn,summer,1.0,0.0,0.866025,0.5,summer_dawn
1669618_clip023_s000,resources/site_257_bowra-dry-a/downloaded_clips/site_257_item_1669618/site_257_item_1669618_clip_023.webm,dawn,summer,1.0,0.0,0.866025,0.5,summer_dawn
1669618_clip024_s000,resources/site_257_bowra-dry-a/downloaded_clips/site_257_item_1669618/site_257_item_1669618_clip_024.webm,dawn,summer,1.0,0.0,0.866025,0.5,summer_dawn
1669618_clip024_s001,resources/site_257_bowra-dry-a/downloaded_clips/site_257_item_1669618/site_257_item_1669618_clip_024.webm,dawn,summer,1.0,0.0,0.866025,0.5,summer_dawn
1670404_clip001_s000,resources/site_257_bowra-dry-a/downloaded_clips/site_257_item_1670404/site_257_item_1670404_clip_001.webm,dawn,summer,1.0,0.0,0.866025,0.5,summer_dawn
1670404_clip018_s000,resources/site_257_bowra-dry-a/downloaded_clips/site_257_item_1670404/site_257_item_1670404_clip_018.webm,dawn,summer,1.0,0.0,0.866025,0.5,summer_dawn
1670404_clip020_s000,resources/site_257_bowra-dry-a/downloaded_clips/site_257_item_1670404/site_257_item_1670404_clip_020.webm,dawn,summer,1.0,0.0,0.866025,0.5,summer_dawn
1670404_clip020_s001,resources/site_257_bowra-dry-a/downloaded_clips/site_257_item_1670404/site_257_item_1670404_clip_020.webm,dawn,summer,1.0,0.0,0.866025,0.5,summer_dawn
1670404_clip021_s000,resources/site_257_bowra-dry-a/downloaded_clips/site_257_item_1670404/site_257_item_1670404_clip_021.webm,dawn,summer,1.0,0.0,0.866025,0.5,summer_dawn
1670404_clip024_s000,resources/site_257_bowra-dry-a/downloaded_clips/site_257_item_1670404/site_257_item_1670404_clip_024.webm,dawn,summer,1.0,0.0,0.866025,0.5,summer_dawn
1679765_clip010_s000,resources/site_257_bowra-dry-a/downloaded_clips/site_257_item_1679765/site_257_item_1679765_clip_010.webm,dawn,summer,1.0,0.0,0.5,0.866025,summer_dawn
1679765_clip017_s000,resources/site_257_bowra-dry-a/downloaded_clips/site_257_item_1679765/site_257_item_1679765_clip_017.webm,dawn,summer,1.0,0.0,0.5,0.866025,summer_dawn
1679882_clip016_s000,resources/site_257_bowra-dry-a/downloaded_clips/site_257_item_1679882/site_257_item_1679882_clip_016.webm,dawn,summer,1.0,0.0,0.866025,0.5,summer_dawn
1679882_clip017_s000,resources/site_257_bowra-dry-a/downloaded_clips/site_257_item_1679882/site_257_item_1679882_clip_017.webm,dawn,summer,1.0,0.0,0.866025,0.5,summer_dawn
1679882_clip023_s000,resources/site_257_bowra-dry-a/downloaded_clips/site_257_item_1679882/site_257_item_1679882_clip_023.webm,dawn,summer,1.0,0.0,0.866025,0.5,summer_dawn
1679990_clip023_s000,resources/site_257_bowra-dry-a/downloaded_clips/site_257_item_1679990/site_257_item_1679990_clip_023.webm,dawn,summer,1.0,0.0,0.866025,0.5,summer_dawn
1401228_clip001_s000,resources/site_257_bowra-dry-a/downloaded_clips/site_257_item_1401228/site_257_item_1401228_clip_001.webm,afternoon,summer,-0.258819,-0.965926,0.866025,0.5,summer_afternoon
1401633_clip005_s000,resources/site_257_bowra-dry-a/downloaded_clips/site_257_item_1401633/site_257_item_1401633_clip_005.webm,afternoon,summer,0.0,-1.0,-0.0,1.0,summer_afternoon
1401633_clip010_s000,resources/site_257_bowra-dry-a/downloaded_clips/site_257_item_1401633/site_257_item_1401633_clip_010.webm,afternoon,summer,0.0,-1.0,-0.0,1.0,summer_afternoon
1401633_clip011_s000,resources/site_257_bowra-dry-a/downloaded_clips/site_257_item_1401633/site_257_item_1401633_clip_011.webm,afternoon,summer,0.0,-1.0,-0.0,1.0,summer_afternoon
1401701_clip012_s000,resources/site_257_bowra-dry-a/downloaded_clips/site_257_item_1401701/site_257_item_1401701_clip_012.webm,afternoon,summer,-0.5,-0.866025,0.866025,0.5,summer_afternoon
1402288_clip008_s000,resources/site_257_bowra-dry-a/downloaded_clips/site_257_item_1402288/site_257_item_1402288_clip_008.webm,afternoon,summer,-0.5,-0.866025,-0.0,1.0,summer_afternoon
1402653_clip005_s000,resources/site_257_bowra-dry-a/downloaded_clips/site_257_item_1402653/site_257_item_1402653_clip_005.webm,afternoon,summer,-0.5,-0.866025,0.5,0.866025,summer_afternoon
1402653_clip008_s000,resources/site_257_bowra-dry-a/downloaded_clips/site_257_item_1402653/site_257_item_1402653_clip_008.webm,afternoon,summer,-0.5,-0.866025,0.5,0.866025,summer_afternoon
1402653_clip011_s000,resources/site_257_bowra-dry-a/downloaded_clips/site_257_item_1402653/site_257_item_1402653_clip_011.webm,afternoon,summer,-0.5,-0.866025,0.5,0.866025,summer_afternoon
1402653_clip012_s000,resources/site_257_bowra-dry-a/downloaded_clips/site_257_item_1402653/site_257_item_1402653_clip_012.webm,afternoon,summer,-0.5,-0.866025,0.5,0.866025,summer_afternoon
1670984_clip004_s000,resources/site_257_bowra-dry-a/downloaded_clips/site_257_item_1670984/site_257_item_1670984_clip_004.webm,afternoon,summer,-0.258819,-0.965926,0.866025,0.5,summer_afternoon
1670984_clip004_s001,resources/site_257_bowra-dry-a/downloaded_clips/site_257_item_1670984/site_257_item_1670984_clip_004.webm,afternoon,summer,-0.258819,-0.965926,0.866025,0.5,summer_afternoon
1670984_clip005_s000,resources/site_257_bowra-dry-a/downloaded_clips/site_257_item_1670984/site_257_item_1670984_clip_005.webm,afternoon,summer,-0.258819,-0.965926,0.866025,0.5,summer_afternoon
1676444_clip004_s000,resources/site_257_bowra-dry-a/downloaded_clips/site_257_item_1676444/site_257_item_1676444_clip_004.webm,afternoon,summer,-0.5,-0.866025,0.866025,0.5,summer_afternoon
1676444_clip013_s000,resources/site_257_bowra-dry-a/downloaded_clips/site_257_item_1676444/site_257_item_1676444_clip_013.webm,afternoon,summer,-0.5,-0.866025,0.866025,0.5,summer_afternoon
1679219_clip004_s000,resources/site_257_bowra-dry-a/downloaded_clips/site_257_item_1679219/site_257_item_1679219_clip_004.webm,afternoon,summer,-0.5,-0.866025,0.5,0.866025,summer_afternoon
1679219_clip007_s000,resources/site_257_bowra-dry-a/downloaded_clips/site_257_item_1679219/site_257_item_1679219_clip_007.webm,afternoon,summer,-0.5,-0.866025,0.5,0.866025,summer_afternoon
1679219_clip008_s000,resources/site_257_bowra-dry-a/downloaded_clips/site_257_item_1679219/site_257_item_1679219_clip_008.webm,afternoon,summer,-0.5,-0.866025,0.5,0.866025,summer_afternoon
1679219_clip010_s000,resources/site_257_bowra-dry-a/downloaded_clips/site_257_item_1679219/site_257_item_1679219_clip_010.webm,afternoon,summer,-0.5,-0.866025,0.5,0.866025,summer_afternoon
1679219_clip021_s000,resources/site_257_bowra-dry-a/downloaded_clips/site_257_item_1679219/site_257_item_1679219_clip_021.webm,afternoon,summer,-0.5,-0.866025,0.5,0.866025,summer_afternoon
1680197_clip002_s000,resources/site_257_bowra-dry-a/downloaded_clips/site_257_item_1680197/site_257_item_1680197_clip_002.webm,afternoon,summer,0.0,-1.0,0.5,0.866025,summer_afternoon
1680197_clip005_s000,resources/site_257_bowra-dry-a/downloaded_clips/site_257_item_1680197/site_257_item_1680197_clip_005.webm,afternoon,summer,0.0,-1.0,0.5,0.866025,summer_afternoon
1680197_clip006_s000,resources/site_257_bowra-dry-a/downloaded_clips/site_257_item_1680197/site_257_item_1680197_clip_006.webm,afternoon,summer,0.0,-1.0,0.5,0.866025,summer_afternoon
1680197_clip009_s000,resources/site_257_bowra-dry-a/downloaded_clips/site_257_item_1680197/site_257_item_1680197_clip_009.webm,afternoon,summer,0.0,-1.0,0.5,0.866025,summer_afternoon
1680197_clip009_s001,resources/site_257_bowra-dry-a/downloaded_clips/site_257_item_1680197/site_257_item_1680197_clip_009.webm,afternoon,summer,0.0,-1.0,0.5,0.866025,summer_afternoon
1680197_clip014_s000,resources/site_257_bowra-dry-a/downloaded_clips/site_257_item_1680197/site_257_item_1680197_clip_014.webm,afternoon,summer,0.0,-1.0,0.5,0.866025,summer_afternoon
1680197_clip018_s000,resources/site_257_bowra-dry-a/downloaded_clips/site_257_item_1680197/site_257_item_1680197_clip_018.webm,afternoon,summer,0.0,-1.0,0.5,0.866025,summer_afternoon
1680197_clip018_s001,resources/site_257_bowra-dry-a/downloaded_clips/site_257_item_1680197/site_257_item_1680197_clip_018.webm,afternoon,summer,0.0,-1.0,0.5,0.866025,summer_afternoon
1680197_clip021_s000,resources/site_257_bowra-dry-a/downloaded_clips/site_257_item_1680197/site_257_item_1680197_clip_021.webm,afternoon,summer,0.0,-1.0,0.5,0.866025,summer_afternoon
1680197_clip021_s001,resources/site_257_bowra-dry-a/downloaded_clips/site_257_item_1680197/site_257_item_1680197_clip_021.webm,afternoon,summer,0.0,-1.0,0.5,0.866025,summer_afternoon
1680197_clip022_s000,resources/site_257_bowra-dry-a/downloaded_clips/site_257_item_1680197/site_257_item_1680197_clip_022.webm,afternoon,summer,0.0,-1.0,0.5,0.866025,summer_afternoon
1682297_clip018_s000,resources/site_257_bowra-dry-a/downloaded_clips/site_257_item_1682297/site_257_item_1682297_clip_018.webm,afternoon,summer,0.0,-1.0,-0.0,1.0,summer_afternoon
215109_clip017_s000,resources/site_257_bowra-dry-a/downloaded_clips/site_257_item_215109/site_257_item_215109_clip_017.webm,afternoon,summer,-0.5,-0.866025,-0.0,1.0,summer_afternoon
215191_clip014_s000,resources/site_257_bowra-dry-a/downloaded_clips/site_257_item_215191/site_257_item_215191_clip_014.webm,afternoon,summer,-0.5,-0.866025,-0.0,1.0,summer_afternoon
215191_clip015_s000,resources/site_257_bowra-dry-a/downloaded_clips/site_257_item_215191/site_257_item_215191_clip_015.webm,afternoon,summer,-0.5,-0.866025,-0.0,1.0,summer_afternoon
215191_clip018_s000,resources/site_257_bowra-dry-a/downloaded_clips/site_257_item_215191/site_257_item_215191_clip_018.webm,afternoon,summer,-0.5,-0.866025,-0.0,1.0,summer_afternoon
215191_clip019_s000,resources/site_257_bowra-dry-a/downloaded_clips/site_257_item_215191/site_257_item_215191_clip_019.webm,afternoon,summer,-0.5,-0.866025,-0.0,1.0,summer_afternoon
215191_clip021_s000,resources/site_257_bowra-dry-a/downloaded_clips/site_257_item_215191/site_257_item_215191_clip_021.webm,afternoon,summer,-0.5,-0.866025,-0.0,1.0,summer_afternoon
215469_clip003_s000,resources/site_257_bowra-dry-a/downloaded_clips/site_257_item_215469/site_257_item_215469_clip_003.webm,afternoon,summer,-0.5,-0.866025,0.5,0.866025,summer_afternoon
215469_clip005_s000,resources/site_257_bowra-dry-a/downloaded_clips/site_257_item_215469/site_257_item_215469_clip_005.webm,afternoon,summer,-0.5,-0.866025,0.5,0.866025,summer_afternoon
215469_clip008_s000,resources/site_257_bowra-dry-a/downloaded_clips/site_257_item_215469/site_257_item_215469_clip_008.webm,afternoon,summer,-0.5,-0.866025,0.5,0.866025,summer_afternoon
215469_clip013_s000,resources/site_257_bowra-dry-a/downloaded_clips/site_257_item_215469/site_257_item_215469_clip_013.webm,afternoon,summer,-0.5,-0.866025,0.5,0.866025,summer_afternoon
215469_clip016_s000,resources/site_257_bowra-dry-a/downloaded_clips/site_257_item_215469/site_257_item_215469_clip_016.webm,afternoon,summer,-0.5,-0.866025,0.5,0.866025,summer_afternoon
215469_clip018_s000,resources/site_257_bowra-dry-a/downloaded_clips/site_257_item_215469/site_257_item_215469_clip_018.webm,afternoon,summer,-0.5,-0.866025,0.5,0.866025,summer_afternoon
215469_clip021_s000,resources/site_257_bowra-dry-a/downloaded_clips/site_257_item_215469/site_257_item_215469_clip_021.webm,afternoon,summer,-0.5,-0.866025,0.5,0.866025,summer_afternoon
215688_clip006_s000,resources/site_257_bowra-dry-a/downloaded_clips/site_257_item_215688/site_257_item_215688_clip_006.webm,afternoon,summer,-0.5,-0.866025,0.5,0.866025,summer_afternoon
215688_clip006_s001,resources/site_257_bowra-dry-a/downloaded_clips/site_257_item_215688/site_257_item_215688_clip_006.webm,afternoon,summer,-0.5,-0.866025,0.5,0.866025,summer_afternoon
215688_clip007_s000,resources/site_257_bowra-dry-a/downloaded_clips/site_257_item_215688/site_257_item_215688_clip_007.webm,afternoon,summer,-0.5,-0.866025,0.5,0.866025,summer_afternoon
215688_clip007_s001,resources/site_257_bowra-dry-a/downloaded_clips/site_257_item_215688/site_257_item_215688_clip_007.webm,afternoon,summer,-0.5,-0.866025,0.5,0.866025,summer_afternoon
215688_clip018_s000,resources/site_257_bowra-dry-a/downloaded_clips/site_257_item_215688/site_257_item_215688_clip_018.webm,afternoon,summer,-0.5,-0.866025,0.5,0.866025,summer_afternoon
215729_clip001_s000,resources/site_257_bowra-dry-a/downloaded_clips/site_257_item_215729/site_257_item_215729_clip_001.webm,afternoon,summer,-0.5,-0.866025,0.866025,0.5,summer_afternoon
215729_clip001_s001,resources/site_257_bowra-dry-a/downloaded_clips/site_257_item_215729/site_257_item_215729_clip_001.webm,afternoon,summer,-0.5,-0.866025,0.866025,0.5,summer_afternoon
215729_clip003_s000,resources/site_257_bowra-dry-a/downloaded_clips/site_257_item_215729/site_257_item_215729_clip_003.webm,afternoon,summer,-0.5,-0.866025,0.866025,0.5,summer_afternoon
215729_clip004_s000,resources/site_257_bowra-dry-a/downloaded_clips/site_257_item_215729/site_257_item_215729_clip_004.webm,afternoon,summer,-0.5,-0.866025,0.866025,0.5,summer_afternoon
215729_clip012_s000,resources/site_257_bowra-dry-a/downloaded_clips/site_257_item_215729/site_257_item_215729_clip_012.webm,afternoon,summer,-0.5,-0.866025,0.866025,0.5,summer_afternoon
215729_clip012_s001,resources/site_257_bowra-dry-a/downloaded_clips/site_257_item_215729/site_257_item_215729_clip_012.webm,afternoon,summer,-0.5,-0.866025,0.866025,0.5,summer_afternoon
215729_clip015_s000,resources/site_257_bowra-dry-a/downloaded_clips/site_257_item_215729/site_257_item_215729_clip_015.webm,afternoon,summer,-0.5,-0.866025,0.866025,0.5,summer_afternoon
215729_clip017_s000,resources/site_257_bowra-dry-a/downloaded_clips/site_257_item_215729/site_257_item_215729_clip_017.webm,afternoon,summer,-0.5,-0.866025,0.866025,0.5,summer_afternoon
215729_clip021_s000,resources/site_257_bowra-dry-a/downloaded_clips/site_257_item_215729/site_257_item_215729_clip_021.webm,afternoon,summer,-0.5,-0.866025,0.866025,0.5,summer_afternoon
215905_clip008_s000,resources/site_257_bowra-dry-a/downloaded_clips/site_257_item_215905/site_257_item_215905_clip_008.webm,afternoon,summer,-0.5,-0.866025,0.866025,0.5,summer_afternoon
215905_clip015_s000,resources/site_257_bowra-dry-a/downloaded_clips/site_257_item_215905/site_257_item_215905_clip_015.webm,afternoon,summer,-0.5,-0.866025,0.866025,0.5,summer_afternoon
215905_clip016_s000,resources/site_257_bowra-dry-a/downloaded_clips/site_257_item_215905/site_257_item_215905_clip_016.webm,afternoon,summer,-0.5,-0.866025,0.866025,0.5,summer_afternoon
215905_clip016_s001,resources/site_257_bowra-dry-a/downloaded_clips/site_257_item_215905/site_257_item_215905_clip_016.webm,afternoon,summer,-0.5,-0.866025,0.866025,0.5,summer_afternoon
215905_clip016_s002,resources/site_257_bowra-dry-a/downloaded_clips/site_257_item_215905/site_257_item_215905_clip_016.webm,afternoon,summer,-0.5,-0.866025,0.866025,0.5,summer_afternoon
215905_clip024_s000,resources/site_257_bowra-dry-a/downloaded_clips/site_257_item_215905/site_257_item_215905_clip_024.webm,afternoon,summer,-0.5,-0.866025,0.866025,0.5,summer_afternoon
215029_clip018_s000,resources/site_257_bowra-dry-a/downloaded_clips/site_257_item_215029/site_257_item_215029_clip_018.webm,afternoon,summer,-0.5,-0.866025,-0.0,1.0,summer_afternoon
215029_clip021_s000,resources/site_257_bowra-dry-a/downloaded_clips/site_257_item_215029/site_257_item_215029_clip_021.webm,afternoon,summer,-0.5,-0.866025,-0.0,1.0,summer_afternoon
215134_clip001_s000,resources/site_257_bowra-dry-a/downloaded_clips/site_257_item_215134/site_257_item_215134_clip_001.webm,afternoon,summer,-0.5,-0.866025,-0.0,1.0,summer_afternoon
215134_clip001_s001,resources/site_257_bowra-dry-a/downloaded_clips/site_257_item_215134/site_257_item_215134_clip_001.webm,afternoon,summer,-0.5,-0.866025,-0.0,1.0,summer_afternoon
215134_clip007_s000,resources/site_257_bowra-dry-a/downloaded_clips/site_257_item_215134/site_257_item_215134_clip_007.webm,afternoon,summer,-0.5,-0.866025,-0.0,1.0,summer_afternoon
215134_clip011_s000,resources/site_257_bowra-dry-a/downloaded_clips/site_257_item_215134/site_257_item_215134_clip_011.webm,afternoon,summer,-0.5,-0.866025,-0.0,1.0,summer_afternoon
215315_clip003_s000,resources/site_257_bowra-dry-a/downloaded_clips/site_257_item_215315/site_257_item_215315_clip_003.webm,afternoon,summer,-0.5,-0.866025,-0.0,1.0,summer_afternoon
215315_clip008_s000,resources/site_257_bowra-dry-a/downloaded_clips/site_257_item_215315/site_257_item_215315_clip_008.webm,afternoon,summer,-0.5,-0.866025,-0.0,1.0,summer_afternoon
215315_clip008_s001,resources/site_257_bowra-dry-a/downloaded_clips/site_257_item_215315/site_257_item_215315_clip_008.webm,afternoon,summer,-0.5,-0.866025,-0.0,1.0,summer_afternoon
215315_clip009_s000,resources/site_257_bowra-dry-a/downloaded_clips/site_257_item_215315/site_257_item_215315_clip_009.webm,afternoon,summer,-0.5,-0.866025,-0.0,1.0,summer_afternoon
215315_clip011_s000,resources/site_257_bowra-dry-a/downloaded_clips/site_257_item_215315/site_257_item_215315_clip_011.webm,afternoon,summer,-0.5,-0.866025,-0.0,1.0,summer_afternoon
215315_clip011_s001,resources/site_257_bowra-dry-a/downloaded_clips/site_257_item_215315/site_257_item_215315_clip_011.webm,afternoon,summer,-0.5,-0.866025,-0.0,1.0,summer_afternoon
215315_clip012_s000,resources/site_257_bowra-dry-a/downloaded_clips/site_257_item_215315/site_257_item_215315_clip_012.webm,afternoon,summer,-0.5,-0.866025,-0.0,1.0,summer_afternoon
215315_clip020_s000,resources/site_257_bowra-dry-a/downloaded_clips/site_257_item_215315/site_257_item_215315_clip_020.webm,afternoon,summer,-0.5,-0.866025,-0.0,1.0,summer_afternoon
215315_clip020_s001,resources/site_257_bowra-dry-a/downloaded_clips/site_257_item_215315/site_257_item_215315_clip_020.webm,afternoon,summer,-0.5,-0.866025,-0.0,1.0,summer_afternoon
215315_clip021_s000,resources/site_257_bowra-dry-a/downloaded_clips/site_257_item_215315/site_257_item_215315_clip_021.webm,afternoon,summer,-0.5,-0.866025,-0.0,1.0,summer_afternoon
215315_clip021_s001,resources/site_257_bowra-dry-a/downloaded_clips/site_257_item_215315/site_257_item_215315_clip_021.webm,afternoon,summer,-0.5,-0.866025,-0.0,1.0,summer_afternoon
215450_clip006_s000,resources/site_257_bowra-dry-a/downloaded_clips/site_257_item_215450/site_257_item_215450_clip_006.webm,afternoon,summer,-0.5,-0.866025,0.5,0.866025,summer_afternoon
215450_clip009_s000,resources/site_257_bowra-dry-a/downloaded_clips/site_257_item_215450/site_257_item_215450_clip_009.webm,afternoon,summer,-0.5,-0.866025,0.5,0.866025,summer_afternoon
215450_clip018_s000,resources/site_257_bowra-dry-a/downloaded_clips/site_257_item_215450/site_257_item_215450_clip_018.webm,afternoon,summer,-0.5,-0.866025,0.5,0.866025,summer_afternoon
215450_clip018_s001,resources/site_257_bowra-dry-a/downloaded_clips/site_257_item_215450/site_257_item_215450_clip_018.webm,afternoon,summer,-0.5,-0.866025,0.5,0.866025,summer_afternoon
215483_clip005_s000,resources/site_257_bowra-dry-a/downloaded_clips/site_257_item_215483/site_257_item_215483_clip_005.webm,afternoon,summer,0.0,-1.0,0.5,0.866025,summer_afternoon
215483_clip005_s001,resources/site_257_bowra-dry-a/downloaded_clips/site_257_item_215483/site_257_item_215483_clip_005.webm,afternoon,summer,0.0,-1.0,0.5,0.866025,summer_afternoon
215483_clip008_s000,resources/site_257_bowra-dry-a/downloaded_clips/site_257_item_215483/site_257_item_215483_clip_008.webm,afternoon,summer,0.0,-1.0,0.5,0.866025,summer_afternoon
215483_clip008_s001,resources/site_257_bowra-dry-a/downloaded_clips/site_257_item_215483/site_257_item_215483_clip_008.webm,afternoon,summer,0.0,-1.0,0.5,0.866025,summer_afternoon
215483_clip009_s000,resources/site_257_bowra-dry-a/downloaded_clips/site_257_item_215483/site_257_item_215483_clip_009.webm,afternoon,summer,0.0,-1.0,0.5,0.866025,summer_afternoon
215483_clip018_s000,resources/site_257_bowra-dry-a/downloaded_clips/site_257_item_215483/site_257_item_215483_clip_018.webm,afternoon,summer,0.0,-1.0,0.5,0.866025,summer_afternoon
215483_clip019_s000,resources/site_257_bowra-dry-a/downloaded_clips/site_257_item_215483/site_257_item_215483_clip_019.webm,afternoon,summer,0.0,-1.0,0.5,0.866025,summer_afternoon
215483_clip021_s000,resources/site_257_bowra-dry-a/downloaded_clips/site_257_item_215483/site_257_item_215483_clip_021.webm,afternoon,summer,0.0,-1.0,0.5,0.866025,summer_afternoon
215483_clip023_s000,resources/site_257_bowra-dry-a/downloaded_clips/site_257_item_215483/site_257_item_215483_clip_023.webm,afternoon,summer,0.0,-1.0,0.5,0.866025,summer_afternoon
215532_clip001_s000,resources/site_257_bowra-dry-a/downloaded_clips/site_257_item_215532/site_257_item_215532_clip_001.webm,afternoon,summer,-0.5,-0.866025,0.5,0.866025,summer_afternoon
215532_clip012_s000,resources/site_257_bowra-dry-a/downloaded_clips/site_257_item_215532/site_257_item_215532_clip_012.webm,afternoon,summer,-0.5,-0.866025,0.5,0.866025,summer_afternoon
215532_clip013_s000,resources/site_257_bowra-dry-a/downloaded_clips/site_257_item_215532/site_257_item_215532_clip_013.webm,afternoon,summer,-0.5,-0.866025,0.5,0.866025,summer_afternoon
215619_clip001_s000,resources/site_257_bowra-dry-a/downloaded_clips/site_257_item_215619/site_257_item_215619_clip_001.webm,afternoon,summer,-0.5,-0.866025,0.5,0.866025,summer_afternoon
215619_clip001_s001,resources/site_257_bowra-dry-a/downloaded_clips/site_257_item_215619/site_257_item_215619_clip_001.webm,afternoon,summer,-0.5,-0.866025,0.5,0.866025,summer_afternoon
215619_clip004_s000,resources/site_257_bowra-dry-a/downloaded_clips/site_257_item_215619/site_257_item_215619_clip_004.webm,afternoon,summer,-0.5,-0.866025,0.5,0.866025,summer_afternoon
215619_clip004_s001,resources/site_257_bowra-dry-a/downloaded_clips/site_257_item_215619/site_257_item_215619_clip_004.webm,afternoon,summer,-0.5,-0.866025,0.5,0.866025,summer_afternoon
215619_clip007_s000,resources/site_257_bowra-dry-a/downloaded_clips/site_257_item_215619/site_257_item_215619_clip_007.webm,afternoon,summer,-0.5,-0.866025,0.5,0.866025,summer_afternoon
215619_clip008_s000,resources/site_257_bowra-dry-a/downloaded_clips/site_257_item_215619/site_257_item_215619_clip_008.webm,afternoon,summer,-0.5,-0.866025,0.5,0.866025,summer_afternoon
215619_clip008_s001,resources/site_257_bowra-dry-a/downloaded_clips/site_257_item_215619/site_257_item_215619_clip_008.webm,afternoon,summer,-0.5,-0.866025,0.5,0.866025,summer_afternoon
215619_clip010_s000,resources/site_257_bowra-dry-a/downloaded_clips/site_257_item_215619/site_257_item_215619_clip_010.webm,afternoon,summer,-0.5,-0.866025,0.5,0.866025,summer_afternoon
215619_clip013_s000,resources/site_257_bowra-dry-a/downloaded_clips/site_257_item_215619/site_257_item_215619_clip_013.webm,afternoon,summer,-0.5,-0.866025,0.5,0.866025,summer_afternoon
215619_clip017_s000,resources/site_257_bowra-dry-a/downloaded_clips/site_257_item_215619/site_257_item_215619_clip_017.webm,afternoon,summer,-0.5,-0.866025,0.5,0.866025,summer_afternoon
215619_clip018_s000,resources/site_257_bowra-dry-a/downloaded_clips/site_257_item_215619/site_257_item_215619_clip_018.webm,afternoon,summer,-0.5,-0.866025,0.5,0.866025,summer_afternoon
215880_clip005_s000,resources/site_257_bowra-dry-a/downloaded_clips/site_257_item_215880/site_257_item_215880_clip_005.webm,afternoon,summer,-0.5,-0.866025,0.866025,0.5,summer_afternoon
215880_clip005_s001,resources/site_257_bowra-dry-a/downloaded_clips/site_257_item_215880/site_257_item_215880_clip_005.webm,afternoon,summer,-0.5,-0.866025,0.866025,0.5,summer_afternoon
215880_clip010_s000,resources/site_257_bowra-dry-a/downloaded_clips/site_257_item_215880/site_257_item_215880_clip_010.webm,afternoon,summer,-0.5,-0.866025,0.866025,0.5,summer_afternoon
215880_clip017_s000,resources/site_257_bowra-dry-a/downloaded_clips/site_257_item_215880/site_257_item_215880_clip_017.webm,afternoon,summer,-0.5,-0.866025,0.866025,0.5,summer_afternoon
215880_clip019_s000,resources/site_257_bowra-dry-a/downloaded_clips/site_257_item_215880/site_257_item_215880_clip_019.webm,afternoon,summer,-0.5,-0.866025,0.866025,0.5,summer_afternoon
215880_clip020_s000,resources/site_257_bowra-dry-a/downloaded_clips/site_257_item_215880/site_257_item_215880_clip_020.webm,afternoon,summer,-0.5,-0.866025,0.866025,0.5,summer_afternoon
215880_clip021_s000,resources/site_257_bowra-dry-a/downloaded_clips/site_257_item_215880/site_257_item_215880_clip_021.webm,afternoon,summer,-0.5,-0.866025,0.866025,0.5,summer_afternoon
215887_clip001_s000,resources/site_257_bowra-dry-a/downloaded_clips/site_257_item_215887/site_257_item_215887_clip_001.webm,afternoon,summer,-0.5,-0.866025,0.866025,0.5,summer_afternoon
215887_clip001_s001,resources/site_257_bowra-dry-a/downloaded_clips/site_257_item_215887/site_257_item_215887_clip_001.webm,afternoon,summer,-0.5,-0.866025,0.866025,0.5,summer_afternoon
215887_clip003_s000,resources/site_257_bowra-dry-a/downloaded_clips/site_257_item_215887/site_257_item_215887_clip_003.webm,afternoon,summer,-0.5,-0.866025,0.866025,0.5,summer_afternoon
215887_clip003_s001,resources/site_257_bowra-dry-a/downloaded_clips/site_257_item_215887/site_257_item_215887_clip_003.webm,afternoon,summer,-0.5,-0.866025,0.866025,0.5,summer_afternoon
215887_clip003_s002,resources/site_257_bowra-dry-a/downloaded_clips/site_257_item_215887/site_257_item_215887_clip_003.webm,afternoon,summer,-0.5,-0.866025,0.866025,0.5,summer_afternoon
215887_clip004_s000,resources/site_257_bowra-dry-a/downloaded_clips/site_257_item_215887/site_257_item_215887_clip_004.webm,afternoon,summer,-0.5,-0.866025,0.866025,0.5,summer_afternoon
215930_clip001_s000,resources/site_257_bowra-dry-a/downloaded_clips/site_257_item_215930/site_257_item_215930_clip_001.webm,afternoon,summer,-0.5,-0.866025,0.866025,0.5,summer_afternoon
215930_clip003_s000,resources/site_257_bowra-dry-a/downloaded_clips/site_257_item_215930/site_257_item_215930_clip_003.webm,afternoon,summer,-0.5,-0.866025,0.866025,0.5,summer_afternoon
215930_clip007_s000,resources/site_257_bowra-dry-a/downloaded_clips/site_257_item_215930/site_257_item_215930_clip_007.webm,afternoon,summer,-0.5,-0.866025,0.866025,0.5,summer_afternoon
215930_clip009_s000,resources/site_257_bowra-dry-a/downloaded_clips/site_257_item_215930/site_257_item_215930_clip_009.webm,afternoon,summer,-0.5,-0.866025,0.866025,0.5,summer_afternoon
216038_clip010_s000,resources/site_257_bowra-dry-a/downloaded_clips/site_257_item_216038/site_257_item_216038_clip_010.webm,afternoon,summer,-0.5,-0.866025,0.866025,0.5,summer_afternoon
216038_clip018_s000,resources/site_257_bowra-dry-a/downloaded_clips/site_257_item_216038/site_257_item_216038_clip_018.webm,afternoon,summer,-0.5,-0.866025,0.866025,0.5,summer_afternoon
216038_clip019_s000,resources/site_257_bowra-dry-a/downloaded_clips/site_257_item_216038/site_257_item_216038_clip_019.webm,afternoon,summer,-0.5,-0.866025,0.866025,0.5,summer_afternoon
216038_clip024_s000,resources/site_257_bowra-dry-a/downloaded_clips/site_257_item_216038/site_257_item_216038_clip_024.webm,afternoon,summer,-0.5,-0.866025,0.866025,0.5,summer_afternoon
1401528_clip002_s000,resources/site_257_bowra-dry-a/downloaded_clips/site_257_item_1401528/site_257_item_1401528_clip_002.webm,afternoon,summer,-0.5,-0.866025,-0.0,1.0,summer_afternoon
1401528_clip010_s000,resources/site_257_bowra-dry-a/downloaded_clips/site_257_item_1401528/site_257_item_1401528_clip_010.webm,afternoon,summer,-0.5,-0.866025,-0.0,1.0,summer_afternoon
1401528_clip010_s001,resources/site_257_bowra-dry-a/downloaded_clips/site_257_item_1401528/site_257_item_1401528_clip_010.webm,afternoon,summer,-0.5,-0.866025,-0.0,1.0,summer_afternoon
1401528_clip020_s000,resources/site_257_bowra-dry-a/downloaded_clips/site_257_item_1401528/site_257_item_1401528_clip_020.webm,afternoon,summer,-0.5,-0.866025,-0.0,1.0,summer_afternoon
1402275_clip018_s000,resources/site_257_bowra-dry-a/downloaded_clips/site_257_item_1402275/site_257_item_1402275_clip_018.webm,afternoon,summer,-0.5,-0.866025,-0.0,1.0,summer_afternoon
1402275_clip018_s001,resources/site_257_bowra-dry-a/downloaded_clips/site_257_item_1402275/site_257_item_1402275_clip_018.webm,afternoon,summer,-0.5,-0.866025,-0.0,1.0,summer_afternoon
1402275_clip019_s000,resources/site_257_bowra-dry-a/downloaded_clips/site_257_item_1402275/site_257_item_1402275_clip_019.webm,afternoon,summer,-0.5,-0.866025,-0.0,1.0,summer_afternoon
1402275_clip019_s001,resources/site_257_bowra-dry-a/downloaded_clips/site_257_item_1402275/site_257_item_1402275_clip_019.webm,afternoon,summer,-0.5,-0.866025,-0.0,1.0,summer_afternoon
1402275_clip020_s000,resources/site_257_bowra-dry-a/downloaded_clips/site_257_item_1402275/site_257_item_1402275_clip_020.webm,afternoon,summer,-0.5,-0.866025,-0.0,1.0,summer_afternoon
1402275_clip021_s000,resources/site_257_bowra-dry-a/downloaded_clips/site_257_item_1402275/site_257_item_1402275_clip_021.webm,afternoon,summer,-0.5,-0.866025,-0.0,1.0,summer_afternoon
1402715_clip001_s000,resources/site_257_bowra-dry-a/downloaded_clips/site_257_item_1402715/site_257_item_1402715_clip_001.webm,afternoon,summer,-0.5,-0.866025,0.5,0.866025,summer_afternoon
1402715_clip001_s001,resources/site_257_bowra-dry-a/downloaded_clips/site_257_item_1402715/site_257_item_1402715_clip_001.webm,afternoon,summer,-0.5,-0.866025,0.5,0.866025,summer_afternoon
1402715_clip005_s000,resources/site_257_bowra-dry-a/downloaded_clips/site_257_item_1402715/site_257_item_1402715_clip_005.webm,afternoon,summer,-0.5,-0.866025,0.5,0.866025,summer_afternoon
1402715_clip005_s001,resources/site_257_bowra-dry-a/downloaded_clips/site_257_item_1402715/site_257_item_1402715_clip_005.webm,afternoon,summer,-0.5,-0.866025,0.5,0.866025,summer_afternoon
1402715_clip005_s002,resources/site_257_bowra-dry-a/downloaded_clips/site_257_item_1402715/site_257_item_1402715_clip_005.webm,afternoon,summer,-0.5,-0.866025,0.5,0.866025,summer_afternoon
1402715_clip006_s000,resources/site_257_bowra-dry-a/downloaded_clips/site_257_item_1402715/site_257_item_1402715_clip_006.webm,afternoon,summer,-0.5,-0.866025,0.5,0.866025,summer_afternoon
1402715_clip006_s001,resources/site_257_bowra-dry-a/downloaded_clips/site_257_item_1402715/site_257_item_1402715_clip_006.webm,afternoon,summer,-0.5,-0.866025,0.5,0.866025,summer_afternoon
1402715_clip006_s002,resources/site_257_bowra-dry-a/downloaded_clips/site_257_item_1402715/site_257_item_1402715_clip_006.webm,afternoon,summer,-0.5,-0.866025,0.5,0.866025,summer_afternoon
1402715_clip006_s003,resources/site_257_bowra-dry-a/downloaded_clips/site_257_item_1402715/site_257_item_1402715_clip_006.webm,afternoon,summer,-0.5,-0.866025,0.5,0.866025,summer_afternoon
1402715_clip006_s004,resources/site_257_bowra-dry-a/downloaded_clips/site_257_item_1402715/site_257_item_1402715_clip_006.webm,afternoon,summer,-0.5,-0.866025,0.5,0.866025,summer_afternoon
1402715_clip006_s005,resources/site_257_bowra-dry-a/downloaded_clips/site_257_item_1402715/site_257_item_1402715_clip_006.webm,afternoon,summer,-0.5,-0.866025,0.5,0.866025,summer_afternoon
1402715_clip007_s000,resources/site_257_bowra-dry-a/downloaded_clips/site_257_item_1402715/site_257_item_1402715_clip_007.webm,afternoon,summer,-0.5,-0.866025,0.5,0.866025,summer_afternoon
1402715_clip007_s001,resources/site_257_bowra-dry-a/downloaded_clips/site_257_item_1402715/site_257_item_1402715_clip_007.webm,afternoon,summer,-0.5,-0.866025,0.5,0.866025,summer_afternoon
1402715_clip007_s002,resources/site_257_bowra-dry-a/downloaded_clips/site_257_item_1402715/site_257_item_1402715_clip_007.webm,afternoon,summer,-0.5,-0.866025,0.5,0.866025,summer_afternoon
1402715_clip007_s003,resources/site_257_bowra-dry-a/downloaded_clips/site_257_item_1402715/site_257_item_1402715_clip_007.webm,afternoon,summer,-0.5,-0.866025,0.5,0.866025,summer_afternoon
1402715_clip008_s000,resources/site_257_bowra-dry-a/downloaded_clips/site_257_item_1402715/site_257_item_1402715_clip_008.webm,afternoon,summer,-0.5,-0.866025,0.5,0.866025,summer_afternoon
1402715_clip008_s001,resources/site_257_bowra-dry-a/downloaded_clips/site_257_item_1402715/site_257_item_1402715_clip_008.webm,afternoon,summer,-0.5,-0.866025,0.5,0.866025,summer_afternoon
1402715_clip011_s000,resources/site_257_bowra-dry-a/downloaded_clips/site_257_item_1402715/site_257_item_1402715_clip_011.webm,afternoon,summer,-0.5,-0.866025,0.5,0.866025,summer_afternoon
1402715_clip011_s001,resources/site_257_bowra-dry-a/downloaded_clips/site_257_item_1402715/site_257_item_1402715_clip_011.webm,afternoon,summer,-0.5,-0.866025,0.5,0.866025,summer_afternoon
1402715_clip011_s002,resources/site_257_bowra-dry-a/downloaded_clips/site_257_item_1402715/site_257_item_1402715_clip_011.webm,afternoon,summer,-0.5,-0.866025,0.5,0.866025,summer_afternoon
1402715_clip012_s000,resources/site_257_bowra-dry-a/downloaded_clips/site_257_item_1402715/site_257_item_1402715_clip_012.webm,afternoon,summer,-0.5,-0.866025,0.5,0.866025,summer_afternoon
1402715_clip012_s001,resources/site_257_bowra-dry-a/downloaded_clips/site_257_item_1402715/site_257_item_1402715_clip_012.webm,afternoon,summer,-0.5,-0.866025,0.5,0.866025,summer_afternoon
1402715_clip015_s000,resources/site_257_bowra-dry-a/downloaded_clips/site_257_item_1402715/site_257_item_1402715_clip_015.webm,afternoon,summer,-0.5,-0.866025,0.5,0.866025,summer_afternoon
1402715_clip017_s000,resources/site_257_bowra-dry-a/downloaded_clips/site_257_item_1402715/site_257_item_1402715_clip_017.webm,afternoon,summer,-0.5,-0.866025,0.5,0.866025,summer_afternoon
1402715_clip017_s001,resources/site_257_bowra-dry-a/downloaded_clips/site_257_item_1402715/site_257_item_1402715_clip_017.webm,afternoon,summer,-0.5,-0.866025,0.5,0.866025,summer_afternoon
1402715_clip020_s000,resources/site_257_bowra-dry-a/downloaded_clips/site_257_item_1402715/site_257_item_1402715_clip_020.webm,afternoon,summer,-0.5,-0.866025,0.5,0.866025,summer_afternoon
1402715_clip023_s000,resources/site_257_bowra-dry-a/downloaded_clips/site_257_item_1402715/site_257_item_1402715_clip_023.webm,afternoon,summer,-0.5,-0.866025,0.5,0.866025,summer_afternoon
1402715_clip024_s000,resources/site_257_bowra-dry-a/downloaded_clips/site_257_item_1402715/site_257_item_1402715_clip_024.webm,afternoon,summer,-0.5,-0.866025,0.5,0.866025,summer_afternoon
1401229_clip007_s000,resources/site_257_bowra-dry-a/downloaded_clips/site_257_item_1401229/site_257_item_1401229_clip_007.webm,afternoon,summer,0.0,-1.0,0.866025,0.5,summer_afternoon
1401229_clip010_s000,resources/site_257_bowra-dry-a/downloaded_clips/site_257_item_1401229/site_257_item_1401229_clip_010.webm,afternoon,summer,0.0,-1.0,0.866025,0.5,summer_afternoon
1401229_clip015_s000,resources/site_257_bowra-dry-a/downloaded_clips/site_257_item_1401229/site_257_item_1401229_clip_015.webm,afternoon,summer,0.0,-1.0,0.866025,0.5,summer_afternoon
1401229_clip018_s000,resources/site_257_bowra-dry-a/downloaded_clips/site_257_item_1401229/site_257_item_1401229_clip_018.webm,afternoon,summer,0.0,-1.0,0.866025,0.5,summer_afternoon
1401459_clip002_s000,resources/site_257_bowra-dry-a/downloaded_clips/site_257_item_1401459/site_257_item_1401459_clip_002.webm,afternoon,summer,-0.5,-0.866025,0.866025,0.5,summer_afternoon
1401459_clip010_s000,resources/site_257_bowra-dry-a/downloaded_clips/site_257_item_1401459/site_257_item_1401459_clip_010.webm,afternoon,summer,-0.5,-0.866025,0.866025,0.5,summer_afternoon
1401459_clip010_s001,resources/site_257_bowra-dry-a/downloaded_clips/site_257_item_1401459/site_257_item_1401459_clip_010.webm,afternoon,summer,-0.5,-0.866025,0.866025,0.5,summer_afternoon
1401459_clip014_s000,resources/site_257_bowra-dry-a/downloaded_clips/site_257_item_1401459/site_257_item_1401459_clip_014.webm,afternoon,summer,-0.5,-0.866025,0.866025,0.5,summer_afternoon
1401459_clip014_s001,resources/site_257_bowra-dry-a/downloaded_clips/site_257_item_1401459/site_257_item_1401459_clip_014.webm,afternoon,summer,-0.5,-0.866025,0.866025,0.5,summer_afternoon
1401459_clip016_s000,resources/site_257_bowra-dry-a/downloaded_clips/site_257_item_1401459/site_257_item_1401459_clip_016.webm,afternoon,summer,-0.5,-0.866025,0.866025,0.5,summer_afternoon
1401459_clip016_s001,resources/site_257_bowra-dry-a/downloaded_clips/site_257_item_1401459/site_257_item_1401459_clip_016.webm,afternoon,summer,-0.5,-0.866025,0.866025,0.5,summer_afternoon
1401459_clip016_s002,resources/site_257_bowra-dry-a/downloaded_clips/site_257_item_1401459/site_257_item_1401459_clip_016.webm,afternoon,summer,-0.5,-0.866025,0.866025,0.5,summer_afternoon
1401459_clip016_s003,resources/site_257_bowra-dry-a/downloaded_clips/site_257_item_1401459/site_257_item_1401459_clip_016.webm,afternoon,summer,-0.5,-0.866025,0.866025,0.5,summer_afternoon
1401459_clip018_s000,resources/site_257_bowra-dry-a/downloaded_clips/site_257_item_1401459/site_257_item_1401459_clip_018.webm,afternoon,summer,-0.5,-0.866025,0.866025,0.5,summer_afternoon
1401459_clip020_s000,resources/site_257_bowra-dry-a/downloaded_clips/site_257_item_1401459/site_257_item_1401459_clip_020.webm,afternoon,summer,-0.5,-0.866025,0.866025,0.5,summer_afternoon
1401459_clip022_s000,resources/site_257_bowra-dry-a/downloaded_clips/site_257_item_1401459/site_257_item_1401459_clip_022.webm,afternoon,summer,-0.5,-0.866025,0.866025,0.5,summer_afternoon
1401654_clip012_s000,resources/site_257_bowra-dry-a/downloaded_clips/site_257_item_1401654/site_257_item_1401654_clip_012.webm,afternoon,summer,-0.5,-0.866025,0.866025,0.5,summer_afternoon
1401654_clip016_s000,resources/site_257_bowra-dry-a/downloaded_clips/site_257_item_1401654/site_257_item_1401654_clip_016.webm,afternoon,summer,-0.5,-0.866025,0.866025,0.5,summer_afternoon
1401654_clip018_s000,resources/site_257_bowra-dry-a/downloaded_clips/site_257_item_1401654/site_257_item_1401654_clip_018.webm,afternoon,summer,-0.5,-0.866025,0.866025,0.5,summer_afternoon
1401827_clip004_s000,resources/site_257_bowra-dry-a/downloaded_clips/site_257_item_1401827/site_257_item_1401827_clip_004.webm,afternoon,summer,0.0,-1.0,0.866025,0.5,summer_afternoon
1401827_clip005_s000,resources/site_257_bowra-dry-a/downloaded_clips/site_257_item_1401827/site_257_item_1401827_clip_005.webm,afternoon,summer,0.0,-1.0,0.866025,0.5,summer_afternoon
1401827_clip009_s000,resources/site_257_bowra-dry-a/downloaded_clips/site_257_item_1401827/site_257_item_1401827_clip_009.webm,afternoon,summer,0.0,-1.0,0.866025,0.5,summer_afternoon
1401827_clip012_s000,resources/site_257_bowra-dry-a/downloaded_clips/site_257_item_1401827/site_257_item_1401827_clip_012.webm,afternoon,summer,0.0,-1.0,0.866025,0.5,summer_afternoon
1401827_clip019_s000,resources/site_257_bowra-dry-a/downloaded_clips/site_257_item_1401827/site_257_item_1401827_clip_019.webm,afternoon,summer,0.0,-1.0,0.866025,0.5,summer_afternoon
1401827_clip024_s000,resources/site_257_bowra-dry-a/downloaded_clips/site_257_item_1401827/site_257_item_1401827_clip_024.webm,afternoon,summer,0.0,-1.0,0.866025,0.5,summer_afternoon
1669252_clip006_s000,resources/site_257_bowra-dry-a/downloaded_clips/site_257_item_1669252/site_257_item_1669252_clip_006.webm,afternoon,summer,-0.5,-0.866025,-0.0,1.0,summer_afternoon
1669252_clip006_s001,resources/site_257_bowra-dry-a/downloaded_clips/site_257_item_1669252/site_257_item_1669252_clip_006.webm,afternoon,summer,-0.5,-0.866025,-0.0,1.0,summer_afternoon
1677675_clip014_s000,resources/site_257_bowra-dry-a/downloaded_clips/site_257_item_1677675/site_257_item_1677675_clip_014.webm,afternoon,summer,-0.5,-0.866025,0.5,0.866025,summer_afternoon
1678976_clip003_s000,resources/site_257_bowra-dry-a/downloaded_clips/site_257_item_1678976/site_257_item_1678976_clip_003.webm,afternoon,summer,-0.5,-0.866025,-0.0,1.0,summer_afternoon
1678976_clip009_s000,resources/site_257_bowra-dry-a/downloaded_clips/site_257_item_1678976/site_257_item_1678976_clip_009.webm,afternoon,summer,-0.5,-0.866025,-0.0,1.0,summer_afternoon
1678976_clip015_s000,resources/site_257_bowra-dry-a/downloaded_clips/site_257_item_1678976/site_257_item_1678976_clip_015.webm,afternoon,summer,-0.5,-0.866025,-0.0,1.0,summer_afternoon
1678976_clip016_s000,resources/site_257_bowra-dry-a/downloaded_clips/site_257_item_1678976/site_257_item_1678976_clip_016.webm,afternoon,summer,-0.5,-0.866025,-0.0,1.0,summer_afternoon
1678976_clip016_s001,resources/site_257_bowra-dry-a/downloaded_clips/site_257_item_1678976/site_257_item_1678976_clip_016.webm,afternoon,summer,-0.5,-0.866025,-0.0,1.0,summer_afternoon
1678976_clip018_s000,resources/site_257_bowra-dry-a/downloaded_clips/site_257_item_1678976/site_257_item_1678976_clip_018.webm,afternoon,summer,-0.5,-0.866025,-0.0,1.0,summer_afternoon
1669607_clip004_s000,resources/site_257_bowra-dry-a/downloaded_clips/site_257_item_1669607/site_257_item_1669607_clip_004.webm,afternoon,summer,0.0,-1.0,0.866025,0.5,summer_afternoon
1669607_clip006_s000,resources/site_257_bowra-dry-a/downloaded_clips/site_257_item_1669607/site_257_item_1669607_clip_006.webm,afternoon,summer,0.0,-1.0,0.866025,0.5,summer_afternoon
1669607_clip011_s000,resources/site_257_bowra-dry-a/downloaded_clips/site_257_item_1669607/site_257_item_1669607_clip_011.webm,afternoon,summer,0.0,-1.0,0.866025,0.5,summer_afternoon
1669607_clip012_s000,resources/site_257_bowra-dry-a/downloaded_clips/site_257_item_1669607/site_257_item_1669607_clip_012.webm,afternoon,summer,0.0,-1.0,0.866025,0.5,summer_afternoon
1669607_clip014_s000,resources/site_257_bowra-dry-a/downloaded_clips/site_257_item_1669607/site_257_item_1669607_clip_014.webm,afternoon,summer,0.0,-1.0,0.866025,0.5,summer_afternoon
1669607_clip019_s000,resources/site_257_bowra-dry-a/downloaded_clips/site_257_item_1669607/site_257_item_1669607_clip_019.webm,afternoon,summer,0.0,-1.0,0.866025,0.5,summer_afternoon
1670394_clip004_s000,resources/site_257_bowra-dry-a/downloaded_clips/site_257_item_1670394/site_257_item_1670394_clip_004.webm,afternoon,summer,-0.258819,-0.965926,0.866025,0.5,summer_afternoon
1670394_clip004_s001,resources/site_257_bowra-dry-a/downloaded_clips/site_257_item_1670394/site_257_item_1670394_clip_004.webm,afternoon,summer,-0.258819,-0.965926,0.866025,0.5,summer_afternoon
1670700_clip013_s000,resources/site_257_bowra-dry-a/downloaded_clips/site_257_item_1670700/site_257_item_1670700_clip_013.webm,afternoon,summer,-0.5,-0.866025,0.866025,0.5,summer_afternoon
1670700_clip018_s000,resources/site_257_bowra-dry-a/downloaded_clips/site_257_item_1670700/site_257_item_1670700_clip_018.webm,afternoon,summer,-0.5,-0.866025,0.866025,0.5,summer_afternoon
1670700_clip023_s000,resources/site_257_bowra-dry-a/downloaded_clips/site_257_item_1670700/site_257_item_1670700_clip_023.webm,afternoon,summer,-0.5,-0.866025,0.866025,0.5,summer_afternoon
1670700_clip024_s000,resources/site_257_bowra-dry-a/downloaded_clips/site_257_item_1670700/site_257_item_1670700_clip_024.webm,afternoon,summer,-0.5,-0.866025,0.866025,0.5,summer_afternoon
1670700_clip024_s001,resources/site_257_bowra-dry-a/downloaded_clips/site_257_item_1670700/site_257_item_1670700_clip_024.webm,afternoon,summer,-0.5,-0.866025,0.866025,0.5,summer_afternoon
1679766_clip002_s000,resources/site_257_bowra-dry-a/downloaded_clips/site_257_item_1679766/site_257_item_1679766_clip_002.webm,afternoon,summer,-0.5,-0.866025,0.5,0.866025,summer_afternoon
1679766_clip002_s001,resources/site_257_bowra-dry-a/downloaded_clips/site_257_item_1679766/site_257_item_1679766_clip_002.webm,afternoon,summer,-0.5,-0.866025,0.5,0.866025,summer_afternoon
1679766_clip005_s000,resources/site_257_bowra-dry-a/downloaded_clips/site_257_item_1679766/site_257_item_1679766_clip_005.webm,afternoon,summer,-0.5,-0.866025,0.5,0.866025,summer_afternoon
1679766_clip018_s000,resources/site_257_bowra-dry-a/downloaded_clips/site_257_item_1679766/site_257_item_1679766_clip_018.webm,afternoon,summer,-0.5,-0.866025,0.5,0.866025,summer_afternoon
1680214_clip007_s000,resources/site_257_bowra-dry-a/downloaded_clips/site_257_item_1680214/site_257_item_1680214_clip_007.webm,afternoon,summer,0.0,-1.0,0.5,0.866025,summer_afternoon
1680214_clip015_s000,resources/site_257_bowra-dry-a/downloaded_clips/site_257_item_1680214/site_257_item_1680214_clip_015.webm,afternoon,summer,0.0,-1.0,0.5,0.866025,summer_afternoon
1680214_clip022_s000,resources/site_257_bowra-dry-a/downloaded_clips/site_257_item_1680214/site_257_item_1680214_clip_022.webm,afternoon,summer,0.0,-1.0,0.5,0.866025,summer_afternoon
1680214_clip022_s001,resources/site_257_bowra-dry-a/downloaded_clips/site_257_item_1680214/site_257_item_1680214_clip_022.webm,afternoon,summer,0.0,-1.0,0.5,0.866025,summer_afternoon
1401402_clip001_s000,resources/site_257_bowra-dry-a/downloaded_clips/site_257_item_1401402/site_257_item_1401402_clip_001.webm,morning,summer,0.707107,-0.707107,0.5,0.866025,summer_morning
1401402_clip006_s000,resources/site_257_bowra-dry-a/downloaded_clips/site_257_item_1401402/site_257_item_1401402_clip_006.webm,morning,summer,0.707107,-0.707107,0.5,0.866025,summer_morning
1401402_clip009_s000,resources/site_257_bowra-dry-a/downloaded_clips/site_257_item_1401402/site_257_item_1401402_clip_009.webm,morning,summer,0.707107,-0.707107,0.5,0.866025,summer_morning
1401632_clip007_s000,resources/site_257_bowra-dry-a/downloaded_clips/site_257_item_1401632/site_257_item_1401632_clip_007.webm,morning,summer,0.866025,-0.5,-0.0,1.0,summer_morning
1401632_clip014_s000,resources/site_257_bowra-dry-a/downloaded_clips/site_257_item_1401632/site_257_item_1401632_clip_014.webm,morning,summer,0.866025,-0.5,-0.0,1.0,summer_morning
1401632_clip014_s001,resources/site_257_bowra-dry-a/downloaded_clips/site_257_item_1401632/site_257_item_1401632_clip_014.webm,morning,summer,0.866025,-0.5,-0.0,1.0,summer_morning
1402285_clip012_s000,resources/site_257_bowra-dry-a/downloaded_clips/site_257_item_1402285/site_257_item_1402285_clip_012.webm,morning,summer,0.866025,-0.5,-0.0,1.0,summer_morning
1402652_clip003_s000,resources/site_257_bowra-dry-a/downloaded_clips/site_257_item_1402652/site_257_item_1402652_clip_003.webm,morning,summer,0.866025,-0.5,0.5,0.866025,summer_morning
1669477_clip004_s000,resources/site_257_bowra-dry-a/downloaded_clips/site_257_item_1669477/site_257_item_1669477_clip_004.webm,morning,summer,0.866025,-0.5,0.866025,0.5,summer_morning
1669477_clip006_s000,resources/site_257_bowra-dry-a/downloaded_clips/site_257_item_1669477/site_257_item_1669477_clip_006.webm,morning,summer,0.866025,-0.5,0.866025,0.5,summer_morning
1676521_clip003_s000,resources/site_257_bowra-dry-a/downloaded_clips/site_257_item_1676521/site_257_item_1676521_clip_003.webm,morning,summer,0.707107,-0.707107,0.866025,0.5,summer_morning
1676619_clip004_s000,resources/site_257_bowra-dry-a/downloaded_clips/site_257_item_1676619/site_257_item_1676619_clip_004.webm,morning,summer,0.866025,-0.5,0.5,0.866025,summer_morning
1676619_clip005_s000,resources/site_257_bowra-dry-a/downloaded_clips/site_257_item_1676619/site_257_item_1676619_clip_005.webm,morning,summer,0.866025,-0.5,0.5,0.866025,summer_morning
1676619_clip008_s000,resources/site_257_bowra-dry-a/downloaded_clips/site_257_item_1676619/site_257_item_1676619_clip_008.webm,morning,summer,0.866025,-0.5,0.5,0.866025,summer_morning
1676619_clip011_s000,resources/site_257_bowra-dry-a/downloaded_clips/site_257_item_1676619/site_257_item_1676619_clip_011.webm,morning,summer,0.866025,-0.5,0.5,0.866025,summer_morning
1676619_clip015_s000,resources/site_257_bowra-dry-a/downloaded_clips/site_257_item_1676619/site_257_item_1676619_clip_015.webm,morning,summer,0.866025,-0.5,0.5,0.866025,summer_morning
1676619_clip017_s000,resources/site_257_bowra-dry-a/downloaded_clips/site_257_item_1676619/site_257_item_1676619_clip_017.webm,morning,summer,0.866025,-0.5,0.5,0.866025,summer_morning
1676791_clip004_s000,resources/site_257_bowra-dry-a/downloaded_clips/site_257_item_1676791/site_257_item_1676791_clip_004.webm,morning,summer,0.866025,-0.5,-0.0,1.0,summer_morning
1678929_clip021_s000,resources/site_257_bowra-dry-a/downloaded_clips/site_257_item_1678929/site_257_item_1678929_clip_021.webm,morning,summer,0.866025,-0.5,-0.0,1.0,summer_morning
1679216_clip002_s000,resources/site_257_bowra-dry-a/downloaded_clips/site_257_item_1679216/site_257_item_1679216_clip_002.webm,morning,summer,0.866025,-0.5,0.5,0.866025,summer_morning
1679216_clip003_s000,resources/site_257_bowra-dry-a/downloaded_clips/site_257_item_1679216/site_257_item_1679216_clip_003.webm,morning,summer,0.866025,-0.5,0.5,0.866025,summer_morning
1679216_clip007_s000,resources/site_257_bowra-dry-a/downloaded_clips/site_257_item_1679216/site_257_item_1679216_clip_007.webm,morning,summer,0.866025,-0.5,0.5,0.866025,summer_morning
1679216_clip010_s000,resources/site_257_bowra-dry-a/downloaded_clips/site_257_item_1679216/site_257_item_1679216_clip_010.webm,morning,summer,0.866025,-0.5,0.5,0.866025,summer_morning
1679216_clip012_s000,resources/site_257_bowra-dry-a/downloaded_clips/site_257_item_1679216/site_257_item_1679216_clip_012.webm,morning,summer,0.866025,-0.5,0.5,0.866025,summer_morning
1679216_clip012_s001,resources/site_257_bowra-dry-a/downloaded_clips/site_257_item_1679216/site_257_item_1679216_clip_012.webm,morning,summer,0.866025,-0.5,0.5,0.866025,summer_morning
1679216_clip012_s002,resources/site_257_bowra-dry-a/downloaded_clips/site_257_item_1679216/site_257_item_1679216_clip_012.webm,morning,summer,0.866025,-0.5,0.5,0.866025,summer_morning
1679216_clip014_s000,resources/site_257_bowra-dry-a/downloaded_clips/site_257_item_1679216/site_257_item_1679216_clip_014.webm,morning,summer,0.866025,-0.5,0.5,0.866025,summer_morning
1679216_clip014_s001,resources/site_257_bowra-dry-a/downloaded_clips/site_257_item_1679216/site_257_item_1679216_clip_014.webm,morning,summer,0.866025,-0.5,0.5,0.866025,summer_morning
1679216_clip014_s002,resources/site_257_bowra-dry-a/downloaded_clips/site_257_item_1679216/site_257_item_1679216_clip_014.webm,morning,summer,0.866025,-0.5,0.5,0.866025,summer_morning
1679216_clip015_s000,resources/site_257_bowra-dry-a/downloaded_clips/site_257_item_1679216/site_257_item_1679216_clip_015.webm,morning,summer,0.866025,-0.5,0.5,0.866025,summer_morning
1679216_clip015_s001,resources/site_257_bowra-dry-a/downloaded_clips/site_257_item_1679216/site_257_item_1679216_clip_015.webm,morning,summer,0.866025,-0.5,0.5,0.866025,summer_morning
1679216_clip015_s002,resources/site_257_bowra-dry-a/downloaded_clips/site_257_item_1679216/site_257_item_1679216_clip_015.webm,morning,summer,0.866025,-0.5,0.5,0.866025,summer_morning
1679216_clip015_s003,resources/site_257_bowra-dry-a/downloaded_clips/site_257_item_1679216/site_257_item_1679216_clip_015.webm,morning,summer,0.866025,-0.5,0.5,0.866025,summer_morning
215185_clip006_s000,resources/site_257_bowra-dry-a/downloaded_clips/site_257_item_215185/site_257_item_215185_clip_006.webm,morning,summer,0.866025,-0.5,-0.0,1.0,summer_morning
215185_clip020_s000,resources/site_257_bowra-dry-a/downloaded_clips/site_257_item_215185/site_257_item_215185_clip_020.webm,morning,summer,0.866025,-0.5,-0.0,1.0,summer_morning
215474_clip003_s000,resources/site_257_bowra-dry-a/downloaded_clips/site_257_item_215474/site_257_item_215474_clip_003.webm,morning,summer,0.866025,-0.5,0.5,0.866025,summer_morning
215474_clip004_s000,resources/site_257_bowra-dry-a/downloaded_clips/site_257_item_215474/site_257_item_215474_clip_004.webm,morning,summer,0.866025,-0.5,0.5,0.866025,summer_morning
215474_clip004_s001,resources/site_257_bowra-dry-a/downloaded_clips/site_257_item_215474/site_257_item_215474_clip_004.webm,morning,summer,0.866025,-0.5,0.5,0.866025,summer_morning
215474_clip004_s002,resources/site_257_bowra-dry-a/downloaded_clips/site_257_item_215474/site_257_item_215474_clip_004.webm,morning,summer,0.866025,-0.5,0.5,0.866025,summer_morning
215474_clip005_s000,resources/site_257_bowra-dry-a/downloaded_clips/site_257_item_215474/site_257_item_215474_clip_005.webm,morning,summer,0.866025,-0.5,0.5,0.866025,summer_morning
215474_clip007_s000,resources/site_257_bowra-dry-a/downloaded_clips/site_257_item_215474/site_257_item_215474_clip_007.webm,morning,summer,0.866025,-0.5,0.5,0.866025,summer_morning
215474_clip010_s000,resources/site_257_bowra-dry-a/downloaded_clips/site_257_item_215474/site_257_item_215474_clip_010.webm,morning,summer,0.866025,-0.5,0.5,0.866025,summer_morning
215474_clip013_s000,resources/site_257_bowra-dry-a/downloaded_clips/site_257_item_215474/site_257_item_215474_clip_013.webm,morning,summer,0.866025,-0.5,0.5,0.866025,summer_morning
215474_clip014_s000,resources/site_257_bowra-dry-a/downloaded_clips/site_257_item_215474/site_257_item_215474_clip_014.webm,morning,summer,0.866025,-0.5,0.5,0.866025,summer_morning
215474_clip014_s001,resources/site_257_bowra-dry-a/downloaded_clips/site_257_item_215474/site_257_item_215474_clip_014.webm,morning,summer,0.866025,-0.5,0.5,0.866025,summer_morning
215474_clip016_s000,resources/site_257_bowra-dry-a/downloaded_clips/site_257_item_215474/site_257_item_215474_clip_016.webm,morning,summer,0.866025,-0.5,0.5,0.866025,summer_morning
215474_clip019_s000,resources/site_257_bowra-dry-a/downloaded_clips/site_257_item_215474/site_257_item_215474_clip_019.webm,morning,summer,0.866025,-0.5,0.5,0.866025,summer_morning
215474_clip020_s000,resources/site_257_bowra-dry-a/downloaded_clips/site_257_item_215474/site_257_item_215474_clip_020.webm,morning,summer,0.866025,-0.5,0.5,0.866025,summer_morning
215474_clip020_s001,resources/site_257_bowra-dry-a/downloaded_clips/site_257_item_215474/site_257_item_215474_clip_020.webm,morning,summer,0.866025,-0.5,0.5,0.866025,summer_morning
215474_clip023_s000,resources/site_257_bowra-dry-a/downloaded_clips/site_257_item_215474/site_257_item_215474_clip_023.webm,morning,summer,0.866025,-0.5,0.5,0.866025,summer_morning
215474_clip023_s001,resources/site_257_bowra-dry-a/downloaded_clips/site_257_item_215474/site_257_item_215474_clip_023.webm,morning,summer,0.866025,-0.5,0.5,0.866025,summer_morning
215474_clip024_s000,resources/site_257_bowra-dry-a/downloaded_clips/site_257_item_215474/site_257_item_215474_clip_024.webm,morning,summer,0.866025,-0.5,0.5,0.866025,summer_morning
215684_clip017_s000,resources/site_257_bowra-dry-a/downloaded_clips/site_257_item_215684/site_257_item_215684_clip_017.webm,morning,summer,0.866025,-0.5,0.5,0.866025,summer_morning
215727_clip010_s000,resources/site_257_bowra-dry-a/downloaded_clips/site_257_item_215727/site_257_item_215727_clip_010.webm,morning,summer,0.866025,-0.5,0.866025,0.5,summer_morning
215727_clip019_s000,resources/site_257_bowra-dry-a/downloaded_clips/site_257_item_215727/site_257_item_215727_clip_019.webm,morning,summer,0.866025,-0.5,0.866025,0.5,summer_morning
215898_clip020_s000,resources/site_257_bowra-dry-a/downloaded_clips/site_257_item_215898/site_257_item_215898_clip_020.webm,morning,summer,0.866025,-0.5,0.866025,0.5,summer_morning
215898_clip021_s000,resources/site_257_bowra-dry-a/downloaded_clips/site_257_item_215898/site_257_item_215898_clip_021.webm,morning,summer,0.866025,-0.5,0.866025,0.5,summer_morning
215018_clip018_s000,resources/site_257_bowra-dry-a/downloaded_clips/site_257_item_215018/site_257_item_215018_clip_018.webm,morning,summer,0.866025,-0.5,-0.0,1.0,summer_morning
215117_clip021_s000,resources/site_257_bowra-dry-a/downloaded_clips/site_257_item_215117/site_257_item_215117_clip_021.webm,morning,summer,0.866025,-0.5,-0.0,1.0,summer_morning
215239_clip001_s000,resources/site_257_bowra-dry-a/downloaded_clips/site_257_item_215239/site_257_item_215239_clip_001.webm,morning,summer,0.866025,-0.5,-0.0,1.0,summer_morning
215239_clip010_s000,resources/site_257_bowra-dry-a/downloaded_clips/site_257_item_215239/site_257_item_215239_clip_010.webm,morning,summer,0.866025,-0.5,-0.0,1.0,summer_morning
215239_clip010_s001,resources/site_257_bowra-dry-a/downloaded_clips/site_257_item_215239/site_257_item_215239_clip_010.webm,morning,summer,0.866025,-0.5,-0.0,1.0,summer_morning
215304_clip013_s000,resources/site_257_bowra-dry-a/downloaded_clips/site_257_item_215304/site_257_item_215304_clip_013.webm,morning,summer,0.866025,-0.5,-0.0,1.0,summer_morning
215304_clip016_s000,resources/site_257_bowra-dry-a/downloaded_clips/site_257_item_215304/site_257_item_215304_clip_016.webm,morning,summer,0.866025,-0.5,-0.0,1.0,summer_morning
215304_clip016_s001,resources/site_257_bowra-dry-a/downloaded_clips/site_257_item_215304/site_257_item_215304_clip_016.webm,morning,summer,0.866025,-0.5,-0.0,1.0,summer_morning
215304_clip017_s000,resources/site_257_bowra-dry-a/downloaded_clips/site_257_item_215304/site_257_item_215304_clip_017.webm,morning,summer,0.866025,-0.5,-0.0,1.0,summer_morning
215304_clip017_s001,resources/site_257_bowra-dry-a/downloaded_clips/site_257_item_215304/site_257_item_215304_clip_017.webm,morning,summer,0.866025,-0.5,-0.0,1.0,summer_morning
215304_clip022_s000,resources/site_257_bowra-dry-a/downloaded_clips/site_257_item_215304/site_257_item_215304_clip_022.webm,morning,summer,0.866025,-0.5,-0.0,1.0,summer_morning
215304_clip023_s000,resources/site_257_bowra-dry-a/downloaded_clips/site_257_item_215304/site_257_item_215304_clip_023.webm,morning,summer,0.866025,-0.5,-0.0,1.0,summer_morning
215442_clip002_s000,resources/site_257_bowra-dry-a/downloaded_clips/site_257_item_215442/site_257_item_215442_clip_002.webm,morning,summer,0.866025,-0.5,0.5,0.866025,summer_morning
215442_clip003_s000,resources/site_257_bowra-dry-a/downloaded_clips/site_257_item_215442/site_257_item_215442_clip_003.webm,morning,summer,0.866025,-0.5,0.5,0.866025,summer_morning
215442_clip003_s001,resources/site_257_bowra-dry-a/downloaded_clips/site_257_item_215442/site_257_item_215442_clip_003.webm,morning,summer,0.866025,-0.5,0.5,0.866025,summer_morning
215442_clip009_s000,resources/site_257_bowra-dry-a/downloaded_clips/site_257_item_215442/site_257_item_215442_clip_009.webm,morning,summer,0.866025,-0.5,0.5,0.866025,summer_morning
215442_clip010_s000,resources/site_257_bowra-dry-a/downloaded_clips/site_257_item_215442/site_257_item_215442_clip_010.webm,morning,summer,0.866025,-0.5,0.5,0.866025,summer_morning
215442_clip011_s000,resources/site_257_bowra-dry-a/downloaded_clips/site_257_item_215442/site_257_item_215442_clip_011.webm,morning,summer,0.866025,-0.5,0.5,0.866025,summer_morning
215442_clip012_s000,resources/site_257_bowra-dry-a/downloaded_clips/site_257_item_215442/site_257_item_215442_clip_012.webm,morning,summer,0.866025,-0.5,0.5,0.866025,summer_morning
215442_clip012_s001,resources/site_257_bowra-dry-a/downloaded_clips/site_257_item_215442/site_257_item_215442_clip_012.webm,morning,summer,0.866025,-0.5,0.5,0.866025,summer_morning
215442_clip013_s000,resources/site_257_bowra-dry-a/downloaded_clips/site_257_item_215442/site_257_item_215442_clip_013.webm,morning,summer,0.866025,-0.5,0.5,0.866025,summer_morning
215442_clip013_s001,resources/site_257_bowra-dry-a/downloaded_clips/site_257_item_215442/site_257_item_215442_clip_013.webm,morning,summer,0.866025,-0.5,0.5,0.866025,summer_morning
215442_clip017_s000,resources/site_257_bowra-dry-a/downloaded_clips/site_257_item_215442/site_257_item_215442_clip_017.webm,morning,summer,0.866025,-0.5,0.5,0.866025,summer_morning
215442_clip019_s000,resources/site_257_bowra-dry-a/downloaded_clips/site_257_item_215442/site_257_item_215442_clip_019.webm,morning,summer,0.866025,-0.5,0.5,0.866025,summer_morning
215470_clip004_s000,resources/site_257_bowra-dry-a/downloaded_clips/site_257_item_215470/site_257_item_215470_clip_004.webm,morning,summer,0.5,-0.866025,0.5,0.866025,summer_morning
215470_clip008_s000,resources/site_257_bowra-dry-a/downloaded_clips/site_257_item_215470/site_257_item_215470_clip_008.webm,morning,summer,0.5,-0.866025,0.5,0.866025,summer_morning
215470_clip015_s000,resources/site_257_bowra-dry-a/downloaded_clips/site_257_item_215470/site_257_item_215470_clip_015.webm,morning,summer,0.5,-0.866025,0.5,0.866025,summer_morning
215530_clip003_s000,resources/site_257_bowra-dry-a/downloaded_clips/site_257_item_215530/site_257_item_215530_clip_003.webm,morning,summer,0.866025,-0.5,0.5,0.866025,summer_morning
215530_clip005_s000,resources/site_257_bowra-dry-a/downloaded_clips/site_257_item_215530/site_257_item_215530_clip_005.webm,morning,summer,0.866025,-0.5,0.5,0.866025,summer_morning
215530_clip007_s000,resources/site_257_bowra-dry-a/downloaded_clips/site_257_item_215530/site_257_item_215530_clip_007.webm,morning,summer,0.866025,-0.5,0.5,0.866025,summer_morning
215530_clip008_s000,resources/site_257_bowra-dry-a/downloaded_clips/site_257_item_215530/site_257_item_215530_clip_008.webm,morning,summer,0.866025,-0.5,0.5,0.866025,summer_morning
215530_clip011_s000,resources/site_257_bowra-dry-a/downloaded_clips/site_257_item_215530/site_257_item_215530_clip_011.webm,morning,summer,0.866025,-0.5,0.5,0.866025,summer_morning
215530_clip023_s000,resources/site_257_bowra-dry-a/downloaded_clips/site_257_item_215530/site_257_item_215530_clip_023.webm,morning,summer,0.866025,-0.5,0.5,0.866025,summer_morning
215530_clip024_s000,resources/site_257_bowra-dry-a/downloaded_clips/site_257_item_215530/site_257_item_215530_clip_024.webm,morning,summer,0.866025,-0.5,0.5,0.866025,summer_morning
215630_clip001_s000,resources/site_257_bowra-dry-a/downloaded_clips/site_257_item_215630/site_257_item_215630_clip_001.webm,morning,summer,0.866025,-0.5,0.5,0.866025,summer_morning
215630_clip004_s000,resources/site_257_bowra-dry-a/downloaded_clips/site_257_item_215630/site_257_item_215630_clip_004.webm,morning,summer,0.866025,-0.5,0.5,0.866025,summer_morning
215630_clip011_s000,resources/site_257_bowra-dry-a/downloaded_clips/site_257_item_215630/site_257_item_215630_clip_011.webm,morning,summer,0.866025,-0.5,0.5,0.866025,summer_morning
215630_clip014_s000,resources/site_257_bowra-dry-a/downloaded_clips/site_257_item_215630/site_257_item_215630_clip_014.webm,morning,summer,0.866025,-0.5,0.5,0.866025,summer_morning
215630_clip014_s001,resources/site_257_bowra-dry-a/downloaded_clips/site_257_item_215630/site_257_item_215630_clip_014.webm,morning,summer,0.866025,-0.5,0.5,0.866025,summer_morning
215630_clip019_s000,resources/site_257_bowra-dry-a/downloaded_clips/site_257_item_215630/site_257_item_215630_clip_019.webm,morning,summer,0.866025,-0.5,0.5,0.866025,summer_morning
215630_clip019_s001,resources/site_257_bowra-dry-a/downloaded_clips/site_257_item_215630/site_257_item_215630_clip_019.webm,morning,summer,0.866025,-0.5,0.5,0.866025,summer_morning
215630_clip022_s000,resources/site_257_bowra-dry-a/downloaded_clips/site_257_item_215630/site_257_item_215630_clip_022.webm,morning,summer,0.866025,-0.5,0.5,0.866025,summer_morning
215630_clip023_s000,resources/site_257_bowra-dry-a/downloaded_clips/site_257_item_215630/site_257_item_215630_clip_023.webm,morning,summer,0.866025,-0.5,0.5,0.866025,summer_morning
215888_clip007_s000,resources/site_257_bowra-dry-a/downloaded_clips/site_257_item_215888/site_257_item_215888_clip_007.webm,morning,summer,0.866025,-0.5,0.866025,0.5,summer_morning
215929_clip003_s000,resources/site_257_bowra-dry-a/downloaded_clips/site_257_item_215929/site_257_item_215929_clip_003.webm,morning,summer,0.866025,-0.5,0.866025,0.5,summer_morning
215929_clip004_s000,resources/site_257_bowra-dry-a/downloaded_clips/site_257_item_215929/site_257_item_215929_clip_004.webm,morning,summer,0.866025,-0.5,0.866025,0.5,summer_morning
215929_clip005_s000,resources/site_257_bowra-dry-a/downloaded_clips/site_257_item_215929/site_257_item_215929_clip_005.webm,morning,summer,0.866025,-0.5,0.866025,0.5,summer_morning
215929_clip005_s001,resources/site_257_bowra-dry-a/downloaded_clips/site_257_item_215929/site_257_item_215929_clip_005.webm,morning,summer,0.866025,-0.5,0.866025,0.5,summer_morning
215929_clip008_s000,resources/site_257_bowra-dry-a/downloaded_clips/site_257_item_215929/site_257_item_215929_clip_008.webm,morning,summer,0.866025,-0.5,0.866025,0.5,summer_morning
215929_clip008_s001,resources/site_257_bowra-dry-a/downloaded_clips/site_257_item_215929/site_257_item_215929_clip_008.webm,morning,summer,0.866025,-0.5,0.866025,0.5,summer_morning
215929_clip008_s002,resources/site_257_bowra-dry-a/downloaded_clips/site_257_item_215929/site_257_item_215929_clip_008.webm,morning,summer,0.866025,-0.5,0.866025,0.5,summer_morning
215929_clip009_s000,resources/site_257_bowra-dry-a/downloaded_clips/site_257_item_215929/site_257_item_215929_clip_009.webm,morning,summer,0.866025,-0.5,0.866025,0.5,summer_morning
215929_clip009_s001,resources/site_257_bowra-dry-a/downloaded_clips/site_257_item_215929/site_257_item_215929_clip_009.webm,morning,summer,0.866025,-0.5,0.866025,0.5,summer_morning
215929_clip009_s002,resources/site_257_bowra-dry-a/downloaded_clips/site_257_item_215929/site_257_item_215929_clip_009.webm,morning,summer,0.866025,-0.5,0.866025,0.5,summer_morning
215929_clip012_s000,resources/site_257_bowra-dry-a/downloaded_clips/site_257_item_215929/site_257_item_215929_clip_012.webm,morning,summer,0.866025,-0.5,0.866025,0.5,summer_morning
215929_clip013_s000,resources/site_257_bowra-dry-a/downloaded_clips/site_257_item_215929/site_257_item_215929_clip_013.webm,morning,summer,0.866025,-0.5,0.866025,0.5,summer_morning
215929_clip014_s000,resources/site_257_bowra-dry-a/downloaded_clips/site_257_item_215929/site_257_item_215929_clip_014.webm,morning,summer,0.866025,-0.5,0.866025,0.5,summer_morning
215929_clip020_s000,resources/site_257_bowra-dry-a/downloaded_clips/site_257_item_215929/site_257_item_215929_clip_020.webm,morning,summer,0.866025,-0.5,0.866025,0.5,summer_morning
215929_clip020_s001,resources/site_257_bowra-dry-a/downloaded_clips/site_257_item_215929/site_257_item_215929_clip_020.webm,morning,summer,0.866025,-0.5,0.866025,0.5,summer_morning
215929_clip020_s002,resources/site_257_bowra-dry-a/downloaded_clips/site_257_item_215929/site_257_item_215929_clip_020.webm,morning,summer,0.866025,-0.5,0.866025,0.5,summer_morning
1401074_clip010_s000,resources/site_257_bowra-dry-a/downloaded_clips/site_257_item_1401074/site_257_item_1401074_clip_010.webm,morning,summer,0.866025,-0.5,-0.0,1.0,summer_morning
1401074_clip010_s001,resources/site_257_bowra-dry-a/downloaded_clips/site_257_item_1401074/site_257_item_1401074_clip_010.webm,morning,summer,0.866025,-0.5,-0.0,1.0,summer_morning
1401074_clip011_s000,resources/site_257_bowra-dry-a/downloaded_clips/site_257_item_1401074/site_257_item_1401074_clip_011.webm,morning,summer,0.866025,-0.5,-0.0,1.0,summer_morning
1401074_clip016_s000,resources/site_257_bowra-dry-a/downloaded_clips/site_257_item_1401074/site_257_item_1401074_clip_016.webm,morning,summer,0.866025,-0.5,-0.0,1.0,summer_morning
1401172_clip004_s000,resources/site_257_bowra-dry-a/downloaded_clips/site_257_item_1401172/site_257_item_1401172_clip_004.webm,morning,summer,0.707107,-0.707107,0.5,0.866025,summer_morning
1401172_clip004_s001,resources/site_257_bowra-dry-a/downloaded_clips/site_257_item_1401172/site_257_item_1401172_clip_004.webm,morning,summer,0.707107,-0.707107,0.5,0.866025,summer_morning
1401172_clip004_s002,resources/site_257_bowra-dry-a/downloaded_clips/site_257_item_1401172/site_257_item_1401172_clip_004.webm,morning,summer,0.707107,-0.707107,0.5,0.866025,summer_morning
1401516_clip001_s000,resources/site_257_bowra-dry-a/downloaded_clips/site_257_item_1401516/site_257_item_1401516_clip_001.webm,morning,summer,0.707107,-0.707107,-0.0,1.0,summer_morning
1401516_clip005_s000,resources/site_257_bowra-dry-a/downloaded_clips/site_257_item_1401516/site_257_item_1401516_clip_005.webm,morning,summer,0.707107,-0.707107,-0.0,1.0,summer_morning
1401516_clip005_s001,resources/site_257_bowra-dry-a/downloaded_clips/site_257_item_1401516/site_257_item_1401516_clip_005.webm,morning,summer,0.707107,-0.707107,-0.0,1.0,summer_morning
1401516_clip007_s000,resources/site_257_bowra-dry-a/downloaded_clips/site_257_item_1401516/site_257_item_1401516_clip_007.webm,morning,summer,0.707107,-0.707107,-0.0,1.0,summer_morning
1401516_clip008_s000,resources/site_257_bowra-dry-a/downloaded_clips/site_257_item_1401516/site_257_item_1401516_clip_008.webm,morning,summer,0.707107,-0.707107,-0.0,1.0,summer_morning
1402269_clip016_s000,resources/site_257_bowra-dry-a/downloaded_clips/site_257_item_1402269/site_257_item_1402269_clip_016.webm,morning,summer,0.866025,-0.5,-0.0,1.0,summer_morning
1402704_clip008_s000,resources/site_257_bowra-dry-a/downloaded_clips/site_257_item_1402704/site_257_item_1402704_clip_008.webm,morning,summer,0.866025,-0.5,0.5,0.866025,summer_morning
1402704_clip009_s000,resources/site_257_bowra-dry-a/downloaded_clips/site_257_item_1402704/site_257_item_1402704_clip_009.webm,morning,summer,0.866025,-0.5,0.5,0.866025,summer_morning
1402704_clip012_s000,resources/site_257_bowra-dry-a/downloaded_clips/site_257_item_1402704/site_257_item_1402704_clip_012.webm,morning,summer,0.866025,-0.5,0.5,0.866025,summer_morning
1402704_clip013_s000,resources/site_257_bowra-dry-a/downloaded_clips/site_257_item_1402704/site_257_item_1402704_clip_013.webm,morning,summer,0.866025,-0.5,0.5,0.866025,summer_morning
1402704_clip015_s000,resources/site_257_bowra-dry-a/downloaded_clips/site_257_item_1402704/site_257_item_1402704_clip_015.webm,morning,summer,0.866025,-0.5,0.5,0.866025,summer_morning
1402704_clip016_s000,resources/site_257_bowra-dry-a/downloaded_clips/site_257_item_1402704/site_257_item_1402704_clip_016.webm,morning,summer,0.866025,-0.5,0.5,0.866025,summer_morning
1402704_clip016_s001,resources/site_257_bowra-dry-a/downloaded_clips/site_257_item_1402704/site_257_item_1402704_clip_016.webm,morning,summer,0.866025,-0.5,0.5,0.866025,summer_morning
1402704_clip019_s000,resources/site_257_bowra-dry-a/downloaded_clips/site_257_item_1402704/site_257_item_1402704_clip_019.webm,morning,summer,0.866025,-0.5,0.5,0.866025,summer_morning
1402704_clip020_s000,resources/site_257_bowra-dry-a/downloaded_clips/site_257_item_1402704/site_257_item_1402704_clip_020.webm,morning,summer,0.866025,-0.5,0.5,0.866025,summer_morning
1401454_clip003_s000,resources/site_257_bowra-dry-a/downloaded_clips/site_257_item_1401454/site_257_item_1401454_clip_003.webm,morning,summer,0.866025,-0.5,0.866025,0.5,summer_morning
1401454_clip009_s000,resources/site_257_bowra-dry-a/downloaded_clips/site_257_item_1401454/site_257_item_1401454_clip_009.webm,morning,summer,0.866025,-0.5,0.866025,0.5,summer_morning
1401454_clip015_s000,resources/site_257_bowra-dry-a/downloaded_clips/site_257_item_1401454/site_257_item_1401454_clip_015.webm,morning,summer,0.866025,-0.5,0.866025,0.5,summer_morning
1401454_clip021_s000,resources/site_257_bowra-dry-a/downloaded_clips/site_257_item_1401454/site_257_item_1401454_clip_021.webm,morning,summer,0.866025,-0.5,0.866025,0.5,summer_morning
1401454_clip022_s000,resources/site_257_bowra-dry-a/downloaded_clips/site_257_item_1401454/site_257_item_1401454_clip_022.webm,morning,summer,0.866025,-0.5,0.866025,0.5,summer_morning
1401454_clip024_s000,resources/site_257_bowra-dry-a/downloaded_clips/site_257_item_1401454/site_257_item_1401454_clip_024.webm,morning,summer,0.866025,-0.5,0.866025,0.5,summer_morning
1401824_clip009_s000,resources/site_257_bowra-dry-a/downloaded_clips/site_257_item_1401824/site_257_item_1401824_clip_009.webm,morning,summer,0.866025,-0.5,0.866025,0.5,summer_morning
1401824_clip015_s000,resources/site_257_bowra-dry-a/downloaded_clips/site_257_item_1401824/site_257_item_1401824_clip_015.webm,morning,summer,0.866025,-0.5,0.866025,0.5,summer_morning
1401824_clip016_s000,resources/site_257_bowra-dry-a/downloaded_clips/site_257_item_1401824/site_257_item_1401824_clip_016.webm,morning,summer,0.866025,-0.5,0.866025,0.5,summer_morning
1401824_clip018_s000,resources/site_257_bowra-dry-a/downloaded_clips/site_257_item_1401824/site_257_item_1401824_clip_018.webm,morning,summer,0.866025,-0.5,0.866025,0.5,summer_morning
1401824_clip019_s000,resources/site_257_bowra-dry-a/downloaded_clips/site_257_item_1401824/site_257_item_1401824_clip_019.webm,morning,summer,0.866025,-0.5,0.866025,0.5,summer_morning
1401824_clip021_s000,resources/site_257_bowra-dry-a/downloaded_clips/site_257_item_1401824/site_257_item_1401824_clip_021.webm,morning,summer,0.866025,-0.5,0.866025,0.5,summer_morning
1401824_clip024_s000,resources/site_257_bowra-dry-a/downloaded_clips/site_257_item_1401824/site_257_item_1401824_clip_024.webm,morning,summer,0.866025,-0.5,0.866025,0.5,summer_morning
1402319_clip010_s000,resources/site_257_bowra-dry-a/downloaded_clips/site_257_item_1402319/site_257_item_1402319_clip_010.webm,morning,summer,0.866025,-0.5,0.866025,0.5,summer_morning
1402795_clip005_s000,resources/site_257_bowra-dry-a/downloaded_clips/site_257_item_1402795/site_257_item_1402795_clip_005.webm,morning,summer,0.866025,-0.5,0.5,0.866025,summer_morning
1402795_clip006_s000,resources/site_257_bowra-dry-a/downloaded_clips/site_257_item_1402795/site_257_item_1402795_clip_006.webm,morning,summer,0.866025,-0.5,0.5,0.866025,summer_morning
1402881_clip004_s000,resources/site_257_bowra-dry-a/downloaded_clips/site_257_item_1402881/site_257_item_1402881_clip_004.webm,morning,summer,0.707107,-0.707107,0.5,0.866025,summer_morning
1402881_clip005_s000,resources/site_257_bowra-dry-a/downloaded_clips/site_257_item_1402881/site_257_item_1402881_clip_005.webm,morning,summer,0.707107,-0.707107,0.5,0.866025,summer_morning
1402881_clip005_s001,resources/site_257_bowra-dry-a/downloaded_clips/site_257_item_1402881/site_257_item_1402881_clip_005.webm,morning,summer,0.707107,-0.707107,0.5,0.866025,summer_morning
1677672_clip012_s000,resources/site_257_bowra-dry-a/downloaded_clips/site_257_item_1677672/site_257_item_1677672_clip_012.webm,morning,summer,0.866025,-0.5,0.5,0.866025,summer_morning
1677672_clip012_s001,resources/site_257_bowra-dry-a/downloaded_clips/site_257_item_1677672/site_257_item_1677672_clip_012.webm,morning,summer,0.866025,-0.5,0.5,0.866025,summer_morning
1677672_clip013_s000,resources/site_257_bowra-dry-a/downloaded_clips/site_257_item_1677672/site_257_item_1677672_clip_013.webm,morning,summer,0.866025,-0.5,0.5,0.866025,summer_morning
1677672_clip020_s000,resources/site_257_bowra-dry-a/downloaded_clips/site_257_item_1677672/site_257_item_1677672_clip_020.webm,morning,summer,0.866025,-0.5,0.5,0.866025,summer_morning
1680207_clip001_s000,resources/site_257_bowra-dry-a/downloaded_clips/site_257_item_1680207/site_257_item_1680207_clip_001.webm,morning,summer,0.866025,-0.5,0.5,0.866025,summer_morning
1680207_clip001_s001,resources/site_257_bowra-dry-a/downloaded_clips/site_257_item_1680207/site_257_item_1680207_clip_001.webm,morning,summer,0.866025,-0.5,0.5,0.866025,summer_morning
1680207_clip005_s000,resources/site_257_bowra-dry-a/downloaded_clips/site_257_item_1680207/site_257_item_1680207_clip_005.webm,morning,summer,0.866025,-0.5,0.5,0.866025,summer_morning
1680207_clip006_s000,resources/site_257_bowra-dry-a/downloaded_clips/site_257_item_1680207/site_257_item_1680207_clip_006.webm,morning,summer,0.866025,-0.5,0.5,0.866025,summer_morning
1680207_clip016_s000,resources/site_257_bowra-dry-a/downloaded_clips/site_257_item_1680207/site_257_item_1680207_clip_016.webm,morning,summer,0.866025,-0.5,0.5,0.866025,summer_morning
1669752_clip015_s000,resources/site_257_bowra-dry-a/downloaded_clips/site_257_item_1669752/site_257_item_1669752_clip_015.webm,morning,summer,0.866025,-0.5,0.5,0.866025,summer_morning
1669752_clip017_s000,resources/site_257_bowra-dry-a/downloaded_clips/site_257_item_1669752/site_257_item_1669752_clip_017.webm,morning,summer,0.866025,-0.5,0.5,0.866025,summer_morning
1669752_clip023_s000,resources/site_257_bowra-dry-a/downloaded_clips/site_257_item_1669752/site_257_item_1669752_clip_023.webm,morning,summer,0.866025,-0.5,0.5,0.866025,summer_morning
1671092_clip007_s000,resources/site_257_bowra-dry-a/downloaded_clips/site_257_item_1671092/site_257_item_1671092_clip_007.webm,morning,summer,0.866025,-0.5,0.866025,0.5,summer_morning
1671092_clip008_s000,resources/site_257_bowra-dry-a/downloaded_clips/site_257_item_1671092/site_257_item_1671092_clip_008.webm,morning,summer,0.866025,-0.5,0.866025,0.5,summer_morning
1676440_clip002_s000,resources/site_257_bowra-dry-a/downloaded_clips/site_257_item_1676440/site_257_item_1676440_clip_002.webm,morning,summer,0.866025,-0.5,0.866025,0.5,summer_morning
1676440_clip004_s000,resources/site_257_bowra-dry-a/downloaded_clips/site_257_item_1676440/site_257_item_1676440_clip_004.webm,morning,summer,0.866025,-0.5,0.866025,0.5,summer_morning
1676440_clip005_s000,resources/site_257_bowra-dry-a/downloaded_clips/site_257_item_1676440/site_257_item_1676440_clip_005.webm,morning,summer,0.866025,-0.5,0.866025,0.5,summer_morning
1676440_clip006_s000,resources/site_257_bowra-dry-a/downloaded_clips/site_257_item_1676440/site_257_item_1676440_clip_006.webm,morning,summer,0.866025,-0.5,0.866025,0.5,summer_morning
1676440_clip006_s001,resources/site_257_bowra-dry-a/downloaded_clips/site_257_item_1676440/site_257_item_1676440_clip_006.webm,morning,summer,0.866025,-0.5,0.866025,0.5,summer_morning
1676440_clip006_s002,resources/site_257_bowra-dry-a/downloaded_clips/site_257_item_1676440/site_257_item_1676440_clip_006.webm,morning,summer,0.866025,-0.5,0.866025,0.5,summer_morning
1676440_clip006_s003,resources/site_257_bowra-dry-a/downloaded_clips/site_257_item_1676440/site_257_item_1676440_clip_006.webm,morning,summer,0.866025,-0.5,0.866025,0.5,summer_morning
1676440_clip009_s000,resources/site_257_bowra-dry-a/downloaded_clips/site_257_item_1676440/site_257_item_1676440_clip_009.webm,morning,summer,0.866025,-0.5,0.866025,0.5,summer_morning
1676440_clip009_s001,resources/site_257_bowra-dry-a/downloaded_clips/site_257_item_1676440/site_257_item_1676440_clip_009.webm,morning,summer,0.866025,-0.5,0.866025,0.5,summer_morning
1676440_clip010_s000,resources/site_257_bowra-dry-a/downloaded_clips/site_257_item_1676440/site_257_item_1676440_clip_010.webm,morning,summer,0.866025,-0.5,0.866025,0.5,summer_morning
1676440_clip010_s001,resources/site_257_bowra-dry-a/downloaded_clips/site_257_item_1676440/site_257_item_1676440_clip_010.webm,morning,summer,0.866025,-0.5,0.866025,0.5,summer_morning
1676440_clip011_s000,resources/site_257_bowra-dry-a/downloaded_clips/site_257_item_1676440/site_257_item_1676440_clip_011.webm,morning,summer,0.866025,-0.5,0.866025,0.5,summer_morning
1676440_clip011_s001,resources/site_257_bowra-dry-a/downloaded_clips/site_257_item_1676440/site_257_item_1676440_clip_011.webm,morning,summer,0.866025,-0.5,0.866025,0.5,summer_morning
1676440_clip012_s000,resources/site_257_bowra-dry-a/downloaded_clips/site_257_item_1676440/site_257_item_1676440_clip_012.webm,morning,summer,0.866025,-0.5,0.866025,0.5,summer_morning
1676440_clip012_s001,resources/site_257_bowra-dry-a/downloaded_clips/site_257_item_1676440/site_257_item_1676440_clip_012.webm,morning,summer,0.866025,-0.5,0.866025,0.5,summer_morning
1676440_clip013_s000,resources/site_257_bowra-dry-a/downloaded_clips/site_257_item_1676440/site_257_item_1676440_clip_013.webm,morning,summer,0.866025,-0.5,0.866025,0.5,summer_morning
1676440_clip013_s001,resources/site_257_bowra-dry-a/downloaded_clips/site_257_item_1676440/site_257_item_1676440_clip_013.webm,morning,summer,0.866025,-0.5,0.866025,0.5,summer_morning
1676440_clip013_s002,resources/site_257_bowra-dry-a/downloaded_clips/site_257_item_1676440/site_257_item_1676440_clip_013.webm,morning,summer,0.866025,-0.5,0.866025,0.5,summer_morning
1676440_clip013_s003,resources/site_257_bowra-dry-a/downloaded_clips/site_257_item_1676440/site_257_item_1676440_clip_013.webm,morning,summer,0.866025,-0.5,0.866025,0.5,summer_morning
1676440_clip017_s000,resources/site_257_bowra-dry-a/downloaded_clips/site_257_item_1676440/site_257_item_1676440_clip_017.webm,morning,summer,0.866025,-0.5,0.866025,0.5,summer_morning
1676440_clip017_s001,resources/site_257_bowra-dry-a/downloaded_clips/site_257_item_1676440/site_257_item_1676440_clip_017.webm,morning,summer,0.866025,-0.5,0.866025,0.5,summer_morning
1676440_clip017_s002,resources/site_257_bowra-dry-a/downloaded_clips/site_257_item_1676440/site_257_item_1676440_clip_017.webm,morning,summer,0.866025,-0.5,0.866025,0.5,summer_morning
1676440_clip019_s000,resources/site_257_bowra-dry-a/downloaded_clips/site_257_item_1676440/site_257_item_1676440_clip_019.webm,morning,summer,0.866025,-0.5,0.866025,0.5,summer_morning
1676440_clip019_s001,resources/site_257_bowra-dry-a/downloaded_clips/site_257_item_1676440/site_257_item_1676440_clip_019.webm,morning,summer,0.866025,-0.5,0.866025,0.5,summer_morning
1676440_clip019_s002,resources/site_257_bowra-dry-a/downloaded_clips/site_257_item_1676440/site_257_item_1676440_clip_019.webm,morning,summer,0.866025,-0.5,0.866025,0.5,summer_morning
1676440_clip020_s000,resources/site_257_bowra-dry-a/downloaded_clips/site_257_item_1676440/site_257_item_1676440_clip_020.webm,morning,summer,0.866025,-0.5,0.866025,0.5,summer_morning
1676440_clip021_s000,resources/site_257_bowra-dry-a/downloaded_clips/site_257_item_1676440/site_257_item_1676440_clip_021.webm,morning,summer,0.866025,-0.5,0.866025,0.5,summer_morning
1676440_clip021_s001,resources/site_257_bowra-dry-a/downloaded_clips/site_257_item_1676440/site_257_item_1676440_clip_021.webm,morning,summer,0.866025,-0.5,0.866025,0.5,summer_morning
1676440_clip024_s000,resources/site_257_bowra-dry-a/downloaded_clips/site_257_item_1676440/site_257_item_1676440_clip_024.webm,morning,summer,0.866025,-0.5,0.866025,0.5,summer_morning
1676584_clip001_s000,resources/site_257_bowra-dry-a/downloaded_clips/site_257_item_1676584/site_257_item_1676584_clip_001.webm,morning,summer,0.866025,-0.5,0.866025,0.5,summer_morning
1676584_clip001_s001,resources/site_257_bowra-dry-a/downloaded_clips/site_257_item_1676584/site_257_item_1676584_clip_001.webm,morning,summer,0.866025,-0.5,0.866025,0.5,summer_morning
1676584_clip002_s000,resources/site_257_bowra-dry-a/downloaded_clips/site_257_item_1676584/site_257_item_1676584_clip_002.webm,morning,summer,0.866025,-0.5,0.866025,0.5,summer_morning
1676584_clip004_s000,resources/site_257_bowra-dry-a/downloaded_clips/site_257_item_1676584/site_257_item_1676584_clip_004.webm,morning,summer,0.866025,-0.5,0.866025,0.5,summer_morning
1676584_clip006_s000,resources/site_257_bowra-dry-a/downloaded_clips/site_257_item_1676584/site_257_item_1676584_clip_006.webm,morning,summer,0.866025,-0.5,0.866025,0.5,summer_morning
1676584_clip007_s000,resources/site_257_bowra-dry-a/downloaded_clips/site_257_item_1676584/site_257_item_1676584_clip_007.webm,morning,summer,0.866025,-0.5,0.866025,0.5,summer_morning
1676584_clip007_s001,resources/site_257_bowra-dry-a/downloaded_clips/site_257_item_1676584/site_257_item_1676584_clip_007.webm,morning,summer,0.866025,-0.5,0.866025,0.5,summer_morning
1676584_clip010_s000,resources/site_257_bowra-dry-a/downloaded_clips/site_257_item_1676584/site_257_item_1676584_clip_010.webm,morning,summer,0.866025,-0.5,0.866025,0.5,summer_morning
1676584_clip014_s000,resources/site_257_bowra-dry-a/downloaded_clips/site_257_item_1676584/site_257_item_1676584_clip_014.webm,morning,summer,0.866025,-0.5,0.866025,0.5,summer_morning
1676584_clip021_s000,resources/site_257_bowra-dry-a/downloaded_clips/site_257_item_1676584/site_257_item_1676584_clip_021.webm,morning,summer,0.866025,-0.5,0.866025,0.5,summer_morning
1676584_clip023_s000,resources/site_257_bowra-dry-a/downloaded_clips/site_257_item_1676584/site_257_item_1676584_clip_023.webm,morning,summer,0.866025,-0.5,0.866025,0.5,summer_morning
1679881_clip006_s000,resources/site_257_bowra-dry-a/downloaded_clips/site_257_item_1679881/site_257_item_1679881_clip_006.webm,morning,summer,0.866025,-0.5,0.866025,0.5,summer_morning
1679881_clip016_s000,resources/site_257_bowra-dry-a/downloaded_clips/site_257_item_1679881/site_257_item_1679881_clip_016.webm,morning,summer,0.866025,-0.5,0.866025,0.5,summer_morning
1401640_clip005_s000,resources/site_257_bowra-dry-a/downloaded_clips/site_257_item_1401640/site_257_item_1401640_clip_005.webm,night,summer,-0.5,0.866025,-0.0,1.0,summer_night
1401711_clip014_s000,resources/site_257_bowra-dry-a/downloaded_clips/site_257_item_1401711/site_257_item_1401711_clip_014.webm,night,summer,-0.5,0.866025,0.866025,0.5,summer_night
1402123_clip016_s000,resources/site_257_bowra-dry-a/downloaded_clips/site_257_item_1402123/site_257_item_1402123_clip_016.webm,night,summer,-0.5,0.866025,0.866025,0.5,summer_night
1402123_clip024_s000,resources/site_257_bowra-dry-a/downloaded_clips/site_257_item_1402123/site_257_item_1402123_clip_024.webm,night,summer,-0.5,0.866025,0.866025,0.5,summer_night
1402286_clip005_s000,resources/site_257_bowra-dry-a/downloaded_clips/site_257_item_1402286/site_257_item_1402286_clip_005.webm,night,summer,-0.5,0.866025,-0.0,1.0,summer_night
1402286_clip005_s001,resources/site_257_bowra-dry-a/downloaded_clips/site_257_item_1402286/site_257_item_1402286_clip_005.webm,night,summer,-0.5,0.866025,-0.0,1.0,summer_night
1402286_clip010_s000,resources/site_257_bowra-dry-a/downloaded_clips/site_257_item_1402286/site_257_item_1402286_clip_010.webm,night,summer,-0.5,0.866025,-0.0,1.0,summer_night
1402286_clip022_s000,resources/site_257_bowra-dry-a/downloaded_clips/site_257_item_1402286/site_257_item_1402286_clip_022.webm,night,summer,-0.5,0.866025,-0.0,1.0,summer_night
1402286_clip023_s000,resources/site_257_bowra-dry-a/downloaded_clips/site_257_item_1402286/site_257_item_1402286_clip_023.webm,night,summer,-0.5,0.866025,-0.0,1.0,summer_night
1402659_clip006_s000,resources/site_257_bowra-dry-a/downloaded_clips/site_257_item_1402659/site_257_item_1402659_clip_006.webm,night,summer,-0.5,0.866025,0.5,0.866025,summer_night
1402659_clip012_s000,resources/site_257_bowra-dry-a/downloaded_clips/site_257_item_1402659/site_257_item_1402659_clip_012.webm,night,summer,-0.5,0.866025,0.5,0.866025,summer_night
1402659_clip020_s000,resources/site_257_bowra-dry-a/downloaded_clips/site_257_item_1402659/site_257_item_1402659_clip_020.webm,night,summer,-0.5,0.866025,0.5,0.866025,summer_night
1402659_clip020_s001,resources/site_257_bowra-dry-a/downloaded_clips/site_257_item_1402659/site_257_item_1402659_clip_020.webm,night,summer,-0.5,0.866025,0.5,0.866025,summer_night
1676615_clip003_s000,resources/site_257_bowra-dry-a/downloaded_clips/site_257_item_1676615/site_257_item_1676615_clip_003.webm,night,summer,-0.5,0.866025,0.5,0.866025,summer_night
1676615_clip004_s000,resources/site_257_bowra-dry-a/downloaded_clips/site_257_item_1676615/site_257_item_1676615_clip_004.webm,night,summer,-0.5,0.866025,0.5,0.866025,summer_night
1676615_clip005_s000,resources/site_257_bowra-dry-a/downloaded_clips/site_257_item_1676615/site_257_item_1676615_clip_005.webm,night,summer,-0.5,0.866025,0.5,0.866025,summer_night
1676615_clip007_s000,resources/site_257_bowra-dry-a/downloaded_clips/site_257_item_1676615/site_257_item_1676615_clip_007.webm,night,summer,-0.5,0.866025,0.5,0.866025,summer_night
1676615_clip008_s000,resources/site_257_bowra-dry-a/downloaded_clips/site_257_item_1676615/site_257_item_1676615_clip_008.webm,night,summer,-0.5,0.866025,0.5,0.866025,summer_night
1676615_clip008_s001,resources/site_257_bowra-dry-a/downloaded_clips/site_257_item_1676615/site_257_item_1676615_clip_008.webm,night,summer,-0.5,0.866025,0.5,0.866025,summer_night
1676615_clip015_s000,resources/site_257_bowra-dry-a/downloaded_clips/site_257_item_1676615/site_257_item_1676615_clip_015.webm,night,summer,-0.5,0.866025,0.5,0.866025,summer_night
1676615_clip019_s000,resources/site_257_bowra-dry-a/downloaded_clips/site_257_item_1676615/site_257_item_1676615_clip_019.webm,night,summer,-0.5,0.866025,0.5,0.866025,summer_night
1676615_clip019_s001,resources/site_257_bowra-dry-a/downloaded_clips/site_257_item_1676615/site_257_item_1676615_clip_019.webm,night,summer,-0.5,0.866025,0.5,0.866025,summer_night
1676615_clip023_s000,resources/site_257_bowra-dry-a/downloaded_clips/site_257_item_1676615/site_257_item_1676615_clip_023.webm,night,summer,-0.5,0.866025,0.5,0.866025,summer_night
1677542_clip001_s000,resources/site_257_bowra-dry-a/downloaded_clips/site_257_item_1677542/site_257_item_1677542_clip_001.webm,night,summer,-0.5,0.866025,-0.0,1.0,summer_night
1677542_clip001_s001,resources/site_257_bowra-dry-a/downloaded_clips/site_257_item_1677542/site_257_item_1677542_clip_001.webm,night,summer,-0.5,0.866025,-0.0,1.0,summer_night
1677542_clip001_s002,resources/site_257_bowra-dry-a/downloaded_clips/site_257_item_1677542/site_257_item_1677542_clip_001.webm,night,summer,-0.5,0.866025,-0.0,1.0,summer_night
1677542_clip001_s003,resources/site_257_bowra-dry-a/downloaded_clips/site_257_item_1677542/site_257_item_1677542_clip_001.webm,night,summer,-0.5,0.866025,-0.0,1.0,summer_night
1677542_clip002_s000,resources/site_257_bowra-dry-a/downloaded_clips/site_257_item_1677542/site_257_item_1677542_clip_002.webm,night,summer,-0.5,0.866025,-0.0,1.0,summer_night
1677542_clip002_s001,resources/site_257_bowra-dry-a/downloaded_clips/site_257_item_1677542/site_257_item_1677542_clip_002.webm,night,summer,-0.5,0.866025,-0.0,1.0,summer_night
1677542_clip002_s002,resources/site_257_bowra-dry-a/downloaded_clips/site_257_item_1677542/site_257_item_1677542_clip_002.webm,night,summer,-0.5,0.866025,-0.0,1.0,summer_night
1677542_clip002_s003,resources/site_257_bowra-dry-a/downloaded_clips/site_257_item_1677542/site_257_item_1677542_clip_002.webm,night,summer,-0.5,0.866025,-0.0,1.0,summer_night
1677542_clip002_s004,resources/site_257_bowra-dry-a/downloaded_clips/site_257_item_1677542/site_257_item_1677542_clip_002.webm,night,summer,-0.5,0.866025,-0.0,1.0,summer_night
1677542_clip002_s005,resources/site_257_bowra-dry-a/downloaded_clips/site_257_item_1677542/site_257_item_1677542_clip_002.webm,night,summer,-0.5,0.866025,-0.0,1.0,summer_night
1677542_clip002_s006,resources/site_257_bowra-dry-a/downloaded_clips/site_257_item_1677542/site_257_item_1677542_clip_002.webm,night,summer,-0.5,0.866025,-0.0,1.0,summer_night
1677542_clip006_s000,resources/site_257_bowra-dry-a/downloaded_clips/site_257_item_1677542/site_257_item_1677542_clip_006.webm,night,summer,-0.5,0.866025,-0.0,1.0,summer_night
1677542_clip006_s001,resources/site_257_bowra-dry-a/downloaded_clips/site_257_item_1677542/site_257_item_1677542_clip_006.webm,night,summer,-0.5,0.866025,-0.0,1.0,summer_night
1677542_clip006_s002,resources/site_257_bowra-dry-a/downloaded_clips/site_257_item_1677542/site_257_item_1677542_clip_006.webm,night,summer,-0.5,0.866025,-0.0,1.0,summer_night
1677542_clip007_s000,resources/site_257_bowra-dry-a/downloaded_clips/site_257_item_1677542/site_257_item_1677542_clip_007.webm,night,summer,-0.5,0.866025,-0.0,1.0,summer_night
1677542_clip007_s001,resources/site_257_bowra-dry-a/downloaded_clips/site_257_item_1677542/site_257_item_1677542_clip_007.webm,night,summer,-0.5,0.866025,-0.0,1.0,summer_night
1677542_clip007_s002,resources/site_257_bowra-dry-a/downloaded_clips/site_257_item_1677542/site_257_item_1677542_clip_007.webm,night,summer,-0.5,0.866025,-0.0,1.0,summer_night
1677542_clip007_s003,resources/site_257_bowra-dry-a/downloaded_clips/site_257_item_1677542/site_257_item_1677542_clip_007.webm,night,summer,-0.5,0.866025,-0.0,1.0,summer_night
1677542_clip007_s004,resources/site_257_bowra-dry-a/downloaded_clips/site_257_item_1677542/site_257_item_1677542_clip_007.webm,night,summer,-0.5,0.866025,-0.0,1.0,summer_night
1677542_clip007_s005,resources/site_257_bowra-dry-a/downloaded_clips/site_257_item_1677542/site_257_item_1677542_clip_007.webm,night,summer,-0.5,0.866025,-0.0,1.0,summer_night
1677542_clip007_s006,resources/site_257_bowra-dry-a/downloaded_clips/site_257_item_1677542/site_257_item_1677542_clip_007.webm,night,summer,-0.5,0.866025,-0.0,1.0,summer_night
1677542_clip007_s007,resources/site_257_bowra-dry-a/downloaded_clips/site_257_item_1677542/site_257_item_1677542_clip_007.webm,night,summer,-0.5,0.866025,-0.0,1.0,summer_night
1677542_clip007_s008,resources/site_257_bowra-dry-a/downloaded_clips/site_257_item_1677542/site_257_item_1677542_clip_007.webm,night,summer,-0.5,0.866025,-0.0,1.0,summer_night
1677542_clip011_s000,resources/site_257_bowra-dry-a/downloaded_clips/site_257_item_1677542/site_257_item_1677542_clip_011.webm,night,summer,-0.5,0.866025,-0.0,1.0,summer_night
1677542_clip011_s001,resources/site_257_bowra-dry-a/downloaded_clips/site_257_item_1677542/site_257_item_1677542_clip_011.webm,night,summer,-0.5,0.866025,-0.0,1.0,summer_night
1677542_clip011_s002,resources/site_257_bowra-dry-a/downloaded_clips/site_257_item_1677542/site_257_item_1677542_clip_011.webm,night,summer,-0.5,0.866025,-0.0,1.0,summer_night
1677542_clip011_s003,resources/site_257_bowra-dry-a/downloaded_clips/site_257_item_1677542/site_257_item_1677542_clip_011.webm,night,summer,-0.5,0.866025,-0.0,1.0,summer_night
1677542_clip011_s004,resources/site_257_bowra-dry-a/downloaded_clips/site_257_item_1677542/site_257_item_1677542_clip_011.webm,night,summer,-0.5,0.866025,-0.0,1.0,summer_night
1677542_clip011_s005,resources/site_257_bowra-dry-a/downloaded_clips/site_257_item_1677542/site_257_item_1677542_clip_011.webm,night,summer,-0.5,0.866025,-0.0,1.0,summer_night
1677542_clip011_s006,resources/site_257_bowra-dry-a/downloaded_clips/site_257_item_1677542/site_257_item_1677542_clip_011.webm,night,summer,-0.5,0.866025,-0.0,1.0,summer_night
1677542_clip013_s000,resources/site_257_bowra-dry-a/downloaded_clips/site_257_item_1677542/site_257_item_1677542_clip_013.webm,night,summer,-0.5,0.866025,-0.0,1.0,summer_night
1677542_clip015_s000,resources/site_257_bowra-dry-a/downloaded_clips/site_257_item_1677542/site_257_item_1677542_clip_015.webm,night,summer,-0.5,0.866025,-0.0,1.0,summer_night
1677542_clip015_s001,resources/site_257_bowra-dry-a/downloaded_clips/site_257_item_1677542/site_257_item_1677542_clip_015.webm,night,summer,-0.5,0.866025,-0.0,1.0,summer_night
1677542_clip015_s002,resources/site_257_bowra-dry-a/downloaded_clips/site_257_item_1677542/site_257_item_1677542_clip_015.webm,night,summer,-0.5,0.866025,-0.0,1.0,summer_night
1677542_clip015_s003,resources/site_257_bowra-dry-a/downloaded_clips/site_257_item_1677542/site_257_item_1677542_clip_015.webm,night,summer,-0.5,0.866025,-0.0,1.0,summer_night
1677542_clip016_s000,resources/site_257_bowra-dry-a/downloaded_clips/site_257_item_1677542/site_257_item_1677542_clip_016.webm,night,summer,-0.5,0.866025,-0.0,1.0,summer_night
1677542_clip016_s001,resources/site_257_bowra-dry-a/downloaded_clips/site_257_item_1677542/site_257_item_1677542_clip_016.webm,night,summer,-0.5,0.866025,-0.0,1.0,summer_night
1677542_clip019_s000,resources/site_257_bowra-dry-a/downloaded_clips/site_257_item_1677542/site_257_item_1677542_clip_019.webm,night,summer,-0.5,0.866025,-0.0,1.0,summer_night
1677542_clip019_s001,resources/site_257_bowra-dry-a/downloaded_clips/site_257_item_1677542/site_257_item_1677542_clip_019.webm,night,summer,-0.5,0.866025,-0.0,1.0,summer_night
1677542_clip019_s002,resources/site_257_bowra-dry-a/downloaded_clips/site_257_item_1677542/site_257_item_1677542_clip_019.webm,night,summer,-0.5,0.866025,-0.0,1.0,summer_night
1677542_clip019_s003,resources/site_257_bowra-dry-a/downloaded_clips/site_257_item_1677542/site_257_item_1677542_clip_019.webm,night,summer,-0.5,0.866025,-0.0,1.0,summer_night
1677542_clip019_s004,resources/site_257_bowra-dry-a/downloaded_clips/site_257_item_1677542/site_257_item_1677542_clip_019.webm,night,summer,-0.5,0.866025,-0.0,1.0,summer_night
1677542_clip020_s000,resources/site_257_bowra-dry-a/downloaded_clips/site_257_item_1677542/site_257_item_1677542_clip_020.webm,night,summer,-0.5,0.866025,-0.0,1.0,summer_night
1677542_clip021_s000,resources/site_257_bowra-dry-a/downloaded_clips/site_257_item_1677542/site_257_item_1677542_clip_021.webm,night,summer,-0.5,0.866025,-0.0,1.0,summer_night
1677542_clip021_s001,resources/site_257_bowra-dry-a/downloaded_clips/site_257_item_1677542/site_257_item_1677542_clip_021.webm,night,summer,-0.5,0.866025,-0.0,1.0,summer_night
1677542_clip022_s000,resources/site_257_bowra-dry-a/downloaded_clips/site_257_item_1677542/site_257_item_1677542_clip_022.webm,night,summer,-0.5,0.866025,-0.0,1.0,summer_night
1677542_clip022_s001,resources/site_257_bowra-dry-a/downloaded_clips/site_257_item_1677542/site_257_item_1677542_clip_022.webm,night,summer,-0.5,0.866025,-0.0,1.0,summer_night
1677542_clip024_s000,resources/site_257_bowra-dry-a/downloaded_clips/site_257_item_1677542/site_257_item_1677542_clip_024.webm,night,summer,-0.5,0.866025,-0.0,1.0,summer_night
1677542_clip024_s001,resources/site_257_bowra-dry-a/downloaded_clips/site_257_item_1677542/site_257_item_1677542_clip_024.webm,night,summer,-0.5,0.866025,-0.0,1.0,summer_night
1677542_clip024_s002,resources/site_257_bowra-dry-a/downloaded_clips/site_257_item_1677542/site_257_item_1677542_clip_024.webm,night,summer,-0.5,0.866025,-0.0,1.0,summer_night
1677542_clip024_s003,resources/site_257_bowra-dry-a/downloaded_clips/site_257_item_1677542/site_257_item_1677542_clip_024.webm,night,summer,-0.5,0.866025,-0.0,1.0,summer_night
1679511_clip005_s000,resources/site_257_bowra-dry-a/downloaded_clips/site_257_item_1679511/site_257_item_1679511_clip_005.webm,night,summer,-0.5,0.866025,0.866025,0.5,summer_night
1679511_clip013_s000,resources/site_257_bowra-dry-a/downloaded_clips/site_257_item_1679511/site_257_item_1679511_clip_013.webm,night,summer,-0.5,0.866025,0.866025,0.5,summer_night
1679511_clip014_s000,resources/site_257_bowra-dry-a/downloaded_clips/site_257_item_1679511/site_257_item_1679511_clip_014.webm,night,summer,-0.5,0.866025,0.866025,0.5,summer_night
1679511_clip015_s000,resources/site_257_bowra-dry-a/downloaded_clips/site_257_item_1679511/site_257_item_1679511_clip_015.webm,night,summer,-0.5,0.866025,0.866025,0.5,summer_night
1679511_clip015_s001,resources/site_257_bowra-dry-a/downloaded_clips/site_257_item_1679511/site_257_item_1679511_clip_015.webm,night,summer,-0.5,0.866025,0.866025,0.5,summer_night
1679511_clip019_s000,resources/site_257_bowra-dry-a/downloaded_clips/site_257_item_1679511/site_257_item_1679511_clip_019.webm,night,summer,-0.5,0.866025,0.866025,0.5,summer_night
1679511_clip020_s000,resources/site_257_bowra-dry-a/downloaded_clips/site_257_item_1679511/site_257_item_1679511_clip_020.webm,night,summer,-0.5,0.866025,0.866025,0.5,summer_night
1679511_clip021_s000,resources/site_257_bowra-dry-a/downloaded_clips/site_257_item_1679511/site_257_item_1679511_clip_021.webm,night,summer,-0.5,0.866025,0.866025,0.5,summer_night
1679511_clip023_s000,resources/site_257_bowra-dry-a/downloaded_clips/site_257_item_1679511/site_257_item_1679511_clip_023.webm,night,summer,-0.5,0.866025,0.866025,0.5,summer_night
1679511_clip024_s000,resources/site_257_bowra-dry-a/downloaded_clips/site_257_item_1679511/site_257_item_1679511_clip_024.webm,night,summer,-0.5,0.866025,0.866025,0.5,summer_night
1680019_clip005_s000,resources/site_257_bowra-dry-a/downloaded_clips/site_257_item_1680019/site_257_item_1680019_clip_005.webm,night,summer,-0.5,0.866025,0.866025,0.5,summer_night
1680019_clip015_s000,resources/site_257_bowra-dry-a/downloaded_clips/site_257_item_1680019/site_257_item_1680019_clip_015.webm,night,summer,-0.5,0.866025,0.866025,0.5,summer_night
1680019_clip023_s000,resources/site_257_bowra-dry-a/downloaded_clips/site_257_item_1680019/site_257_item_1680019_clip_023.webm,night,summer,-0.5,0.866025,0.866025,0.5,summer_night
1681922_clip001_s000,resources/site_257_bowra-dry-a/downloaded_clips/site_257_item_1681922/site_257_item_1681922_clip_001.webm,night,summer,-0.5,0.866025,0.5,0.866025,summer_night
1681922_clip018_s000,resources/site_257_bowra-dry-a/downloaded_clips/site_257_item_1681922/site_257_item_1681922_clip_018.webm,night,summer,-0.5,0.866025,0.5,0.866025,summer_night
215122_clip005_s000,resources/site_257_bowra-dry-a/downloaded_clips/site_257_item_215122/site_257_item_215122_clip_005.webm,night,summer,-0.5,0.866025,-0.0,1.0,summer_night
215122_clip007_s000,resources/site_257_bowra-dry-a/downloaded_clips/site_257_item_215122/site_257_item_215122_clip_007.webm,night,summer,-0.5,0.866025,-0.0,1.0,summer_night
215122_clip021_s000,resources/site_257_bowra-dry-a/downloaded_clips/site_257_item_215122/site_257_item_215122_clip_021.webm,night,summer,-0.5,0.866025,-0.0,1.0,summer_night
215122_clip023_s000,resources/site_257_bowra-dry-a/downloaded_clips/site_257_item_215122/site_257_item_215122_clip_023.webm,night,summer,-0.5,0.866025,-0.0,1.0,summer_night
215190_clip001_s000,resources/site_257_bowra-dry-a/downloaded_clips/site_257_item_215190/site_257_item_215190_clip_001.webm,night,summer,-0.5,0.866025,-0.0,1.0,summer_night
215190_clip001_s001,resources/site_257_bowra-dry-a/downloaded_clips/site_257_item_215190/site_257_item_215190_clip_001.webm,night,summer,-0.5,0.866025,-0.0,1.0,summer_night
215190_clip001_s002,resources/site_257_bowra-dry-a/downloaded_clips/site_257_item_215190/site_257_item_215190_clip_001.webm,night,summer,-0.5,0.866025,-0.0,1.0,summer_night
215190_clip002_s000,resources/site_257_bowra-dry-a/downloaded_clips/site_257_item_215190/site_257_item_215190_clip_002.webm,night,summer,-0.5,0.866025,-0.0,1.0,summer_night
215190_clip003_s000,resources/site_257_bowra-dry-a/downloaded_clips/site_257_item_215190/site_257_item_215190_clip_003.webm,night,summer,-0.5,0.866025,-0.0,1.0,summer_night
215190_clip003_s001,resources/site_257_bowra-dry-a/downloaded_clips/site_257_item_215190/site_257_item_215190_clip_003.webm,night,summer,-0.5,0.866025,-0.0,1.0,summer_night
215190_clip004_s000,resources/site_257_bowra-dry-a/downloaded_clips/site_257_item_215190/site_257_item_215190_clip_004.webm,night,summer,-0.5,0.866025,-0.0,1.0,summer_night
215190_clip004_s001,resources/site_257_bowra-dry-a/downloaded_clips/site_257_item_215190/site_257_item_215190_clip_004.webm,night,summer,-0.5,0.866025,-0.0,1.0,summer_night
215190_clip007_s000,resources/site_257_bowra-dry-a/downloaded_clips/site_257_item_215190/site_257_item_215190_clip_007.webm,night,summer,-0.5,0.866025,-0.0,1.0,summer_night
215190_clip007_s001,resources/site_257_bowra-dry-a/downloaded_clips/site_257_item_215190/site_257_item_215190_clip_007.webm,night,summer,-0.5,0.866025,-0.0,1.0,summer_night
215190_clip007_s002,resources/site_257_bowra-dry-a/downloaded_clips/site_257_item_215190/site_257_item_215190_clip_007.webm,night,summer,-0.5,0.866025,-0.0,1.0,summer_night
215190_clip008_s000,resources/site_257_bowra-dry-a/downloaded_clips/site_257_item_215190/site_257_item_215190_clip_008.webm,night,summer,-0.5,0.866025,-0.0,1.0,summer_night
215190_clip013_s000,resources/site_257_bowra-dry-a/downloaded_clips/site_257_item_215190/site_257_item_215190_clip_013.webm,night,summer,-0.5,0.866025,-0.0,1.0,summer_night
215190_clip017_s000,resources/site_257_bowra-dry-a/downloaded_clips/site_257_item_215190/site_257_item_215190_clip_017.webm,night,summer,-0.5,0.866025,-0.0,1.0,summer_night
215190_clip018_s000,resources/site_257_bowra-dry-a/downloaded_clips/site_257_item_215190/site_257_item_215190_clip_018.webm,night,summer,-0.5,0.866025,-0.0,1.0,summer_night
215190_clip021_s000,resources/site_257_bowra-dry-a/downloaded_clips/site_257_item_215190/site_257_item_215190_clip_021.webm,night,summer,-0.5,0.866025,-0.0,1.0,summer_night
215190_clip021_s001,resources/site_257_bowra-dry-a/downloaded_clips/site_257_item_215190/site_257_item_215190_clip_021.webm,night,summer,-0.5,0.866025,-0.0,1.0,summer_night
215190_clip022_s000,resources/site_257_bowra-dry-a/downloaded_clips/site_257_item_215190/site_257_item_215190_clip_022.webm,night,summer,-0.5,0.866025,-0.0,1.0,summer_night
215473_clip001_s000,resources/site_257_bowra-dry-a/downloaded_clips/site_257_item_215473/site_257_item_215473_clip_001.webm,night,summer,-0.5,0.866025,0.5,0.866025,summer_night
215473_clip002_s000,resources/site_257_bowra-dry-a/downloaded_clips/site_257_item_215473/site_257_item_215473_clip_002.webm,night,summer,-0.5,0.866025,0.5,0.866025,summer_night
215473_clip003_s000,resources/site_257_bowra-dry-a/downloaded_clips/site_257_item_215473/site_257_item_215473_clip_003.webm,night,summer,-0.5,0.866025,0.5,0.866025,summer_night
215473_clip005_s000,resources/site_257_bowra-dry-a/downloaded_clips/site_257_item_215473/site_257_item_215473_clip_005.webm,night,summer,-0.5,0.866025,0.5,0.866025,summer_night
215473_clip006_s000,resources/site_257_bowra-dry-a/downloaded_clips/site_257_item_215473/site_257_item_215473_clip_006.webm,night,summer,-0.5,0.866025,0.5,0.866025,summer_night
215473_clip011_s000,resources/site_257_bowra-dry-a/downloaded_clips/site_257_item_215473/site_257_item_215473_clip_011.webm,night,summer,-0.5,0.866025,0.5,0.866025,summer_night
215473_clip013_s000,resources/site_257_bowra-dry-a/downloaded_clips/site_257_item_215473/site_257_item_215473_clip_013.webm,night,summer,-0.5,0.866025,0.5,0.866025,summer_night
215473_clip016_s000,resources/site_257_bowra-dry-a/downloaded_clips/site_257_item_215473/site_257_item_215473_clip_016.webm,night,summer,-0.5,0.866025,0.5,0.866025,summer_night
215473_clip022_s000,resources/site_257_bowra-dry-a/downloaded_clips/site_257_item_215473/site_257_item_215473_clip_022.webm,night,summer,-0.5,0.866025,0.5,0.866025,summer_night
215689_clip017_s000,resources/site_257_bowra-dry-a/downloaded_clips/site_257_item_215689/site_257_item_215689_clip_017.webm,night,summer,-0.5,0.866025,0.5,0.866025,summer_night
215025_clip001_s000,resources/site_257_bowra-dry-a/downloaded_clips/site_257_item_215025/site_257_item_215025_clip_001.webm,night,summer,-0.5,0.866025,-0.0,1.0,summer_night
215025_clip001_s001,resources/site_257_bowra-dry-a/downloaded_clips/site_257_item_215025/site_257_item_215025_clip_001.webm,night,summer,-0.5,0.866025,-0.0,1.0,summer_night
215025_clip001_s002,resources/site_257_bowra-dry-a/downloaded_clips/site_257_item_215025/site_257_item_215025_clip_001.webm,night,summer,-0.5,0.866025,-0.0,1.0,summer_night
215025_clip001_s003,resources/site_257_bowra-dry-a/downloaded_clips/site_257_item_215025/site_257_item_215025_clip_001.webm,night,summer,-0.5,0.866025,-0.0,1.0,summer_night
215025_clip002_s000,resources/site_257_bowra-dry-a/downloaded_clips/site_257_item_215025/site_257_item_215025_clip_002.webm,night,summer,-0.5,0.866025,-0.0,1.0,summer_night
215025_clip002_s001,resources/site_257_bowra-dry-a/downloaded_clips/site_257_item_215025/site_257_item_215025_clip_002.webm,night,summer,-0.5,0.866025,-0.0,1.0,summer_night
215025_clip002_s002,resources/site_257_bowra-dry-a/downloaded_clips/site_257_item_215025/site_257_item_215025_clip_002.webm,night,summer,-0.5,0.866025,-0.0,1.0,summer_night
215025_clip002_s003,resources/site_257_bowra-dry-a/downloaded_clips/site_257_item_215025/site_257_item_215025_clip_002.webm,night,summer,-0.5,0.866025,-0.0,1.0,summer_night
215025_clip002_s004,resources/site_257_bowra-dry-a/downloaded_clips/site_257_item_215025/site_257_item_215025_clip_002.webm,night,summer,-0.5,0.866025,-0.0,1.0,summer_night
215025_clip004_s000,resources/site_257_bowra-dry-a/downloaded_clips/site_257_item_215025/site_257_item_215025_clip_004.webm,night,summer,-0.5,0.866025,-0.0,1.0,summer_night
215025_clip004_s001,resources/site_257_bowra-dry-a/downloaded_clips/site_257_item_215025/site_257_item_215025_clip_004.webm,night,summer,-0.5,0.866025,-0.0,1.0,summer_night
215025_clip004_s002,resources/site_257_bowra-dry-a/downloaded_clips/site_257_item_215025/site_257_item_215025_clip_004.webm,night,summer,-0.5,0.866025,-0.0,1.0,summer_night
215025_clip004_s003,resources/site_257_bowra-dry-a/downloaded_clips/site_257_item_215025/site_257_item_215025_clip_004.webm,night,summer,-0.5,0.866025,-0.0,1.0,summer_night
215025_clip004_s004,resources/site_257_bowra-dry-a/downloaded_clips/site_257_item_215025/site_257_item_215025_clip_004.webm,night,summer,-0.5,0.866025,-0.0,1.0,summer_night
215025_clip004_s005,resources/site_257_bowra-dry-a/downloaded_clips/site_257_item_215025/site_257_item_215025_clip_004.webm,night,summer,-0.5,0.866025,-0.0,1.0,summer_night
215025_clip004_s006,resources/site_257_bowra-dry-a/downloaded_clips/site_257_item_215025/site_257_item_215025_clip_004.webm,night,summer,-0.5,0.866025,-0.0,1.0,summer_night
215025_clip005_s000,resources/site_257_bowra-dry-a/downloaded_clips/site_257_item_215025/site_257_item_215025_clip_005.webm,night,summer,-0.5,0.866025,-0.0,1.0,summer_night
215025_clip005_s001,resources/site_257_bowra-dry-a/downloaded_clips/site_257_item_215025/site_257_item_215025_clip_005.webm,night,summer,-0.5,0.866025,-0.0,1.0,summer_night
215025_clip005_s002,resources/site_257_bowra-dry-a/downloaded_clips/site_257_item_215025/site_257_item_215025_clip_005.webm,night,summer,-0.5,0.866025,-0.0,1.0,summer_night
215025_clip005_s003,resources/site_257_bowra-dry-a/downloaded_clips/site_257_item_215025/site_257_item_215025_clip_005.webm,night,summer,-0.5,0.866025,-0.0,1.0,summer_night
215025_clip008_s000,resources/site_257_bowra-dry-a/downloaded_clips/site_257_item_215025/site_257_item_215025_clip_008.webm,night,summer,-0.5,0.866025,-0.0,1.0,summer_night
215025_clip008_s001,resources/site_257_bowra-dry-a/downloaded_clips/site_257_item_215025/site_257_item_215025_clip_008.webm,night,summer,-0.5,0.866025,-0.0,1.0,summer_night
215025_clip008_s002,resources/site_257_bowra-dry-a/downloaded_clips/site_257_item_215025/site_257_item_215025_clip_008.webm,night,summer,-0.5,0.866025,-0.0,1.0,summer_night
215025_clip008_s003,resources/site_257_bowra-dry-a/downloaded_clips/site_257_item_215025/site_257_item_215025_clip_008.webm,night,summer,-0.5,0.866025,-0.0,1.0,summer_night
215025_clip009_s000,resources/site_257_bowra-dry-a/downloaded_clips/site_257_item_215025/site_257_item_215025_clip_009.webm,night,summer,-0.5,0.866025,-0.0,1.0,summer_night
215025_clip009_s001,resources/site_257_bowra-dry-a/downloaded_clips/site_257_item_215025/site_257_item_215025_clip_009.webm,night,summer,-0.5,0.866025,-0.0,1.0,summer_night
215025_clip009_s002,resources/site_257_bowra-dry-a/downloaded_clips/site_257_item_215025/site_257_item_215025_clip_009.webm,night,summer,-0.5,0.866025,-0.0,1.0,summer_night
215025_clip010_s000,resources/site_257_bowra-dry-a/downloaded_clips/site_257_item_215025/site_257_item_215025_clip_010.webm,night,summer,-0.5,0.866025,-0.0,1.0,summer_night
215025_clip010_s001,resources/site_257_bowra-dry-a/downloaded_clips/site_257_item_215025/site_257_item_215025_clip_010.webm,night,summer,-0.5,0.866025,-0.0,1.0,summer_night
215025_clip010_s002,resources/site_257_bowra-dry-a/downloaded_clips/site_257_item_215025/site_257_item_215025_clip_010.webm,night,summer,-0.5,0.866025,-0.0,1.0,summer_night
215025_clip012_s000,resources/site_257_bowra-dry-a/downloaded_clips/site_257_item_215025/site_257_item_215025_clip_012.webm,night,summer,-0.5,0.866025,-0.0,1.0,summer_night
215025_clip012_s001,resources/site_257_bowra-dry-a/downloaded_clips/site_257_item_215025/site_257_item_215025_clip_012.webm,night,summer,-0.5,0.866025,-0.0,1.0,summer_night
215025_clip012_s002,resources/site_257_bowra-dry-a/downloaded_clips/site_257_item_215025/site_257_item_215025_clip_012.webm,night,summer,-0.5,0.866025,-0.0,1.0,summer_night
215025_clip015_s000,resources/site_257_bowra-dry-a/downloaded_clips/site_257_item_215025/site_257_item_215025_clip_015.webm,night,summer,-0.5,0.866025,-0.0,1.0,summer_night
215025_clip015_s001,resources/site_257_bowra-dry-a/downloaded_clips/site_257_item_215025/site_257_item_215025_clip_015.webm,night,summer,-0.5,0.866025,-0.0,1.0,summer_night
215025_clip016_s000,resources/site_257_bowra-dry-a/downloaded_clips/site_257_item_215025/site_257_item_215025_clip_016.webm,night,summer,-0.5,0.866025,-0.0,1.0,summer_night
215025_clip016_s001,resources/site_257_bowra-dry-a/downloaded_clips/site_257_item_215025/site_257_item_215025_clip_016.webm,night,summer,-0.5,0.866025,-0.0,1.0,summer_night
215025_clip016_s002,resources/site_257_bowra-dry-a/downloaded_clips/site_257_item_215025/site_257_item_215025_clip_016.webm,night,summer,-0.5,0.866025,-0.0,1.0,summer_night
215025_clip016_s003,resources/site_257_bowra-dry-a/downloaded_clips/site_257_item_215025/site_257_item_215025_clip_016.webm,night,summer,-0.5,0.866025,-0.0,1.0,summer_night
215025_clip018_s000,resources/site_257_bowra-dry-a/downloaded_clips/site_257_item_215025/site_257_item_215025_clip_018.webm,night,summer,-0.5,0.866025,-0.0,1.0,summer_night
215025_clip018_s001,resources/site_257_bowra-dry-a/downloaded_clips/site_257_item_215025/site_257_item_215025_clip_018.webm,night,summer,-0.5,0.866025,-0.0,1.0,summer_night
215025_clip018_s002,resources/site_257_bowra-dry-a/downloaded_clips/site_257_item_215025/site_257_item_215025_clip_018.webm,night,summer,-0.5,0.866025,-0.0,1.0,summer_night
215025_clip018_s003,resources/site_257_bowra-dry-a/downloaded_clips/site_257_item_215025/site_257_item_215025_clip_018.webm,night,summer,-0.5,0.866025,-0.0,1.0,summer_night
215025_clip019_s000,resources/site_257_bowra-dry-a/downloaded_clips/site_257_item_215025/site_257_item_215025_clip_019.webm,night,summer,-0.5,0.866025,-0.0,1.0,summer_night
215025_clip020_s000,resources/site_257_bowra-dry-a/downloaded_clips/site_257_item_215025/site_257_item_215025_clip_020.webm,night,summer,-0.5,0.866025,-0.0,1.0,summer_night
215025_clip020_s001,resources/site_257_bowra-dry-a/downloaded_clips/site_257_item_215025/site_257_item_215025_clip_020.webm,night,summer,-0.5,0.866025,-0.0,1.0,summer_night
215025_clip020_s002,resources/site_257_bowra-dry-a/downloaded_clips/site_257_item_215025/site_257_item_215025_clip_020.webm,night,summer,-0.5,0.866025,-0.0,1.0,summer_night
215025_clip020_s003,resources/site_257_bowra-dry-a/downloaded_clips/site_257_item_215025/site_257_item_215025_clip_020.webm,night,summer,-0.5,0.866025,-0.0,1.0,summer_night
215025_clip020_s004,resources/site_257_bowra-dry-a/downloaded_clips/site_257_item_215025/site_257_item_215025_clip_020.webm,night,summer,-0.5,0.866025,-0.0,1.0,summer_night
215025_clip021_s000,resources/site_257_bowra-dry-a/downloaded_clips/site_257_item_215025/site_257_item_215025_clip_021.webm,night,summer,-0.5,0.866025,-0.0,1.0,summer_night
215025_clip021_s001,resources/site_257_bowra-dry-a/downloaded_clips/site_257_item_215025/site_257_item_215025_clip_021.webm,night,summer,-0.5,0.866025,-0.0,1.0,summer_night
215025_clip023_s000,resources/site_257_bowra-dry-a/downloaded_clips/site_257_item_215025/site_257_item_215025_clip_023.webm,night,summer,-0.5,0.866025,-0.0,1.0,summer_night
215025_clip023_s001,resources/site_257_bowra-dry-a/downloaded_clips/site_257_item_215025/site_257_item_215025_clip_023.webm,night,summer,-0.5,0.866025,-0.0,1.0,summer_night
215025_clip023_s002,resources/site_257_bowra-dry-a/downloaded_clips/site_257_item_215025/site_257_item_215025_clip_023.webm,night,summer,-0.5,0.866025,-0.0,1.0,summer_night
215025_clip023_s003,resources/site_257_bowra-dry-a/downloaded_clips/site_257_item_215025/site_257_item_215025_clip_023.webm,night,summer,-0.5,0.866025,-0.0,1.0,summer_night
215025_clip023_s004,resources/site_257_bowra-dry-a/downloaded_clips/site_257_item_215025/site_257_item_215025_clip_023.webm,night,summer,-0.5,0.866025,-0.0,1.0,summer_night
215025_clip023_s005,resources/site_257_bowra-dry-a/downloaded_clips/site_257_item_215025/site_257_item_215025_clip_023.webm,night,summer,-0.5,0.866025,-0.0,1.0,summer_night
215025_clip024_s000,resources/site_257_bowra-dry-a/downloaded_clips/site_257_item_215025/site_257_item_215025_clip_024.webm,night,summer,-0.5,0.866025,-0.0,1.0,summer_night
215132_clip002_s000,resources/site_257_bowra-dry-a/downloaded_clips/site_257_item_215132/site_257_item_215132_clip_002.webm,night,summer,-0.5,0.866025,-0.0,1.0,summer_night
215132_clip005_s000,resources/site_257_bowra-dry-a/downloaded_clips/site_257_item_215132/site_257_item_215132_clip_005.webm,night,summer,-0.5,0.866025,-0.0,1.0,summer_night
215132_clip013_s000,resources/site_257_bowra-dry-a/downloaded_clips/site_257_item_215132/site_257_item_215132_clip_013.webm,night,summer,-0.5,0.866025,-0.0,1.0,summer_night
215245_clip017_s000,resources/site_257_bowra-dry-a/downloaded_clips/site_257_item_215245/site_257_item_215245_clip_017.webm,night,summer,-0.5,0.866025,-0.0,1.0,summer_night
215245_clip023_s000,resources/site_257_bowra-dry-a/downloaded_clips/site_257_item_215245/site_257_item_215245_clip_023.webm,night,summer,-0.5,0.866025,-0.0,1.0,summer_night
215326_clip006_s000,resources/site_257_bowra-dry-a/downloaded_clips/site_257_item_215326/site_257_item_215326_clip_006.webm,night,summer,-0.5,0.866025,-0.0,1.0,summer_night
215326_clip009_s000,resources/site_257_bowra-dry-a/downloaded_clips/site_257_item_215326/site_257_item_215326_clip_009.webm,night,summer,-0.5,0.866025,-0.0,1.0,summer_night
215326_clip013_s000,resources/site_257_bowra-dry-a/downloaded_clips/site_257_item_215326/site_257_item_215326_clip_013.webm,night,summer,-0.5,0.866025,-0.0,1.0,summer_night
215326_clip015_s000,resources/site_257_bowra-dry-a/downloaded_clips/site_257_item_215326/site_257_item_215326_clip_015.webm,night,summer,-0.5,0.866025,-0.0,1.0,summer_night
215326_clip015_s001,resources/site_257_bowra-dry-a/downloaded_clips/site_257_item_215326/site_257_item_215326_clip_015.webm,night,summer,-0.5,0.866025,-0.0,1.0,summer_night
215326_clip015_s002,resources/site_257_bowra-dry-a/downloaded_clips/site_257_item_215326/site_257_item_215326_clip_015.webm,night,summer,-0.5,0.866025,-0.0,1.0,summer_night
215326_clip016_s000,resources/site_257_bowra-dry-a/downloaded_clips/site_257_item_215326/site_257_item_215326_clip_016.webm,night,summer,-0.5,0.866025,-0.0,1.0,summer_night
215326_clip018_s000,resources/site_257_bowra-dry-a/downloaded_clips/site_257_item_215326/site_257_item_215326_clip_018.webm,night,summer,-0.5,0.866025,-0.0,1.0,summer_night
215326_clip022_s000,resources/site_257_bowra-dry-a/downloaded_clips/site_257_item_215326/site_257_item_215326_clip_022.webm,night,summer,-0.5,0.866025,-0.0,1.0,summer_night
215456_clip002_s000,resources/site_257_bowra-dry-a/downloaded_clips/site_257_item_215456/site_257_item_215456_clip_002.webm,night,summer,-0.5,0.866025,0.5,0.866025,summer_night
215456_clip006_s000,resources/site_257_bowra-dry-a/downloaded_clips/site_257_item_215456/site_257_item_215456_clip_006.webm,night,summer,-0.5,0.866025,0.5,0.866025,summer_night
215456_clip007_s000,resources/site_257_bowra-dry-a/downloaded_clips/site_257_item_215456/site_257_item_215456_clip_007.webm,night,summer,-0.5,0.866025,0.5,0.866025,summer_night
215456_clip009_s000,resources/site_257_bowra-dry-a/downloaded_clips/site_257_item_215456/site_257_item_215456_clip_009.webm,night,summer,-0.5,0.866025,0.5,0.866025,summer_night
215456_clip009_s001,resources/site_257_bowra-dry-a/downloaded_clips/site_257_item_215456/site_257_item_215456_clip_009.webm,night,summer,-0.5,0.866025,0.5,0.866025,summer_night
215456_clip010_s000,resources/site_257_bowra-dry-a/downloaded_clips/site_257_item_215456/site_257_item_215456_clip_010.webm,night,summer,-0.5,0.866025,0.5,0.866025,summer_night
215456_clip011_s000,resources/site_257_bowra-dry-a/downloaded_clips/site_257_item_215456/site_257_item_215456_clip_011.webm,night,summer,-0.5,0.866025,0.5,0.866025,summer_night
215456_clip011_s001,resources/site_257_bowra-dry-a/downloaded_clips/site_257_item_215456/site_257_item_215456_clip_011.webm,night,summer,-0.5,0.866025,0.5,0.866025,summer_night
215456_clip015_s000,resources/site_257_bowra-dry-a/downloaded_clips/site_257_item_215456/site_257_item_215456_clip_015.webm,night,summer,-0.5,0.866025,0.5,0.866025,summer_night
215456_clip015_s001,resources/site_257_bowra-dry-a/downloaded_clips/site_257_item_215456/site_257_item_215456_clip_015.webm,night,summer,-0.5,0.866025,0.5,0.866025,summer_night
215456_clip018_s000,resources/site_257_bowra-dry-a/downloaded_clips/site_257_item_215456/site_257_item_215456_clip_018.webm,night,summer,-0.5,0.866025,0.5,0.866025,summer_night
215456_clip021_s000,resources/site_257_bowra-dry-a/downloaded_clips/site_257_item_215456/site_257_item_215456_clip_021.webm,night,summer,-0.5,0.866025,0.5,0.866025,summer_night
215456_clip022_s000,resources/site_257_bowra-dry-a/downloaded_clips/site_257_item_215456/site_257_item_215456_clip_022.webm,night,summer,-0.5,0.866025,0.5,0.866025,summer_night
215456_clip023_s000,resources/site_257_bowra-dry-a/downloaded_clips/site_257_item_215456/site_257_item_215456_clip_023.webm,night,summer,-0.5,0.866025,0.5,0.866025,summer_night
215533_clip020_s000,resources/site_257_bowra-dry-a/downloaded_clips/site_257_item_215533/site_257_item_215533_clip_020.webm,night,summer,-0.5,0.866025,0.5,0.866025,summer_night
215533_clip021_s000,resources/site_257_bowra-dry-a/downloaded_clips/site_257_item_215533/site_257_item_215533_clip_021.webm,night,summer,-0.5,0.866025,0.5,0.866025,summer_night
215533_clip022_s000,resources/site_257_bowra-dry-a/downloaded_clips/site_257_item_215533/site_257_item_215533_clip_022.webm,night,summer,-0.5,0.866025,0.5,0.866025,summer_night
215631_clip002_s000,resources/site_257_bowra-dry-a/downloaded_clips/site_257_item_215631/site_257_item_215631_clip_002.webm,night,summer,-0.5,0.866025,0.5,0.866025,summer_night
215631_clip003_s000,resources/site_257_bowra-dry-a/downloaded_clips/site_257_item_215631/site_257_item_215631_clip_003.webm,night,summer,-0.5,0.866025,0.5,0.866025,summer_night
215631_clip005_s000,resources/site_257_bowra-dry-a/downloaded_clips/site_257_item_215631/site_257_item_215631_clip_005.webm,night,summer,-0.5,0.866025,0.5,0.866025,summer_night
215631_clip006_s000,resources/site_257_bowra-dry-a/downloaded_clips/site_257_item_215631/site_257_item_215631_clip_006.webm,night,summer,-0.5,0.866025,0.5,0.866025,summer_night
215631_clip006_s001,resources/site_257_bowra-dry-a/downloaded_clips/site_257_item_215631/site_257_item_215631_clip_006.webm,night,summer,-0.5,0.866025,0.5,0.866025,summer_night
215631_clip007_s000,resources/site_257_bowra-dry-a/downloaded_clips/site_257_item_215631/site_257_item_215631_clip_007.webm,night,summer,-0.5,0.866025,0.5,0.866025,summer_night
215631_clip012_s000,resources/site_257_bowra-dry-a/downloaded_clips/site_257_item_215631/site_257_item_215631_clip_012.webm,night,summer,-0.5,0.866025,0.5,0.866025,summer_night
215631_clip020_s000,resources/site_257_bowra-dry-a/downloaded_clips/site_257_item_215631/site_257_item_215631_clip_020.webm,night,summer,-0.5,0.866025,0.5,0.866025,summer_night
215882_clip013_s000,resources/site_257_bowra-dry-a/downloaded_clips/site_257_item_215882/site_257_item_215882_clip_013.webm,night,summer,-0.5,0.866025,0.866025,0.5,summer_night
215925_clip011_s000,resources/site_257_bowra-dry-a/downloaded_clips/site_257_item_215925/site_257_item_215925_clip_011.webm,night,summer,-0.5,0.866025,0.866025,0.5,summer_night
215925_clip011_s001,resources/site_257_bowra-dry-a/downloaded_clips/site_257_item_215925/site_257_item_215925_clip_011.webm,night,summer,-0.5,0.866025,0.866025,0.5,summer_night
1400480_clip002_s000,resources/site_257_bowra-dry-a/downloaded_clips/site_257_item_1400480/site_257_item_1400480_clip_002.webm,night,summer,-0.258819,0.965926,-0.0,1.0,summer_night
1400480_clip002_s001,resources/site_257_bowra-dry-a/downloaded_clips/site_257_item_1400480/site_257_item_1400480_clip_002.webm,night,summer,-0.258819,0.965926,-0.0,1.0,summer_night
1400480_clip003_s000,resources/site_257_bowra-dry-a/downloaded_clips/site_257_item_1400480/site_257_item_1400480_clip_003.webm,night,summer,-0.258819,0.965926,-0.0,1.0,summer_night
1400480_clip003_s001,resources/site_257_bowra-dry-a/downloaded_clips/site_257_item_1400480/site_257_item_1400480_clip_003.webm,night,summer,-0.258819,0.965926,-0.0,1.0,summer_night
1400480_clip003_s002,resources/site_257_bowra-dry-a/downloaded_clips/site_257_item_1400480/site_257_item_1400480_clip_003.webm,night,summer,-0.258819,0.965926,-0.0,1.0,summer_night
1400480_clip003_s003,resources/site_257_bowra-dry-a/downloaded_clips/site_257_item_1400480/site_257_item_1400480_clip_003.webm,night,summer,-0.258819,0.965926,-0.0,1.0,summer_night
1400480_clip006_s000,resources/site_257_bowra-dry-a/downloaded_clips/site_257_item_1400480/site_257_item_1400480_clip_006.webm,night,summer,-0.258819,0.965926,-0.0,1.0,summer_night
1400480_clip006_s001,resources/site_257_bowra-dry-a/downloaded_clips/site_257_item_1400480/site_257_item_1400480_clip_006.webm,night,summer,-0.258819,0.965926,-0.0,1.0,summer_night
1402258_clip007_s000,resources/site_257_bowra-dry-a/downloaded_clips/site_257_item_1402258/site_257_item_1402258_clip_007.webm,night,summer,-0.5,0.866025,-0.0,1.0,summer_night
1402258_clip012_s000,resources/site_257_bowra-dry-a/downloaded_clips/site_257_item_1402258/site_257_item_1402258_clip_012.webm,night,summer,-0.5,0.866025,-0.0,1.0,summer_night
1402274_clip001_s000,resources/site_257_bowra-dry-a/downloaded_clips/site_257_item_1402274/site_257_item_1402274_clip_001.webm,night,summer,-0.5,0.866025,-0.0,1.0,summer_night
1402274_clip004_s000,resources/site_257_bowra-dry-a/downloaded_clips/site_257_item_1402274/site_257_item_1402274_clip_004.webm,night,summer,-0.5,0.866025,-0.0,1.0,summer_night
1402274_clip005_s000,resources/site_257_bowra-dry-a/downloaded_clips/site_257_item_1402274/site_257_item_1402274_clip_005.webm,night,summer,-0.5,0.866025,-0.0,1.0,summer_night
1402274_clip018_s000,resources/site_257_bowra-dry-a/downloaded_clips/site_257_item_1402274/site_257_item_1402274_clip_018.webm,night,summer,-0.5,0.866025,-0.0,1.0,summer_night
1402274_clip023_s000,resources/site_257_bowra-dry-a/downloaded_clips/site_257_item_1402274/site_257_item_1402274_clip_023.webm,night,summer,-0.5,0.866025,-0.0,1.0,summer_night
1401655_clip009_s000,resources/site_257_bowra-dry-a/downloaded_clips/site_257_item_1401655/site_257_item_1401655_clip_009.webm,night,summer,-0.5,0.866025,0.866025,0.5,summer_night
1401655_clip011_s000,resources/site_257_bowra-dry-a/downloaded_clips/site_257_item_1401655/site_257_item_1401655_clip_011.webm,night,summer,-0.5,0.866025,0.866025,0.5,summer_night
1401655_clip011_s001,resources/site_257_bowra-dry-a/downloaded_clips/site_257_item_1401655/site_257_item_1401655_clip_011.webm,night,summer,-0.5,0.866025,0.866025,0.5,summer_night
1401655_clip014_s000,resources/site_257_bowra-dry-a/downloaded_clips/site_257_item_1401655/site_257_item_1401655_clip_014.webm,night,summer,-0.5,0.866025,0.866025,0.5,summer_night
1401655_clip014_s001,resources/site_257_bowra-dry-a/downloaded_clips/site_257_item_1401655/site_257_item_1401655_clip_014.webm,night,summer,-0.5,0.866025,0.866025,0.5,summer_night
1401655_clip014_s002,resources/site_257_bowra-dry-a/downloaded_clips/site_257_item_1401655/site_257_item_1401655_clip_014.webm,night,summer,-0.5,0.866025,0.866025,0.5,summer_night
1401655_clip017_s000,resources/site_257_bowra-dry-a/downloaded_clips/site_257_item_1401655/site_257_item_1401655_clip_017.webm,night,summer,-0.5,0.866025,0.866025,0.5,summer_night
1401655_clip022_s000,resources/site_257_bowra-dry-a/downloaded_clips/site_257_item_1401655/site_257_item_1401655_clip_022.webm,night,summer,-0.5,0.866025,0.866025,0.5,summer_night
1402115_clip005_s000,resources/site_257_bowra-dry-a/downloaded_clips/site_257_item_1402115/site_257_item_1402115_clip_005.webm,night,summer,-0.5,0.866025,0.866025,0.5,summer_night
1402115_clip010_s000,resources/site_257_bowra-dry-a/downloaded_clips/site_257_item_1402115/site_257_item_1402115_clip_010.webm,night,summer,-0.5,0.866025,0.866025,0.5,summer_night
1402801_clip003_s000,resources/site_257_bowra-dry-a/downloaded_clips/site_257_item_1402801/site_257_item_1402801_clip_003.webm,night,summer,-0.5,0.866025,0.5,0.866025,summer_night
1402801_clip004_s000,resources/site_257_bowra-dry-a/downloaded_clips/site_257_item_1402801/site_257_item_1402801_clip_004.webm,night,summer,-0.5,0.866025,0.5,0.866025,summer_night
1402801_clip006_s000,resources/site_257_bowra-dry-a/downloaded_clips/site_257_item_1402801/site_257_item_1402801_clip_006.webm,night,summer,-0.5,0.866025,0.5,0.866025,summer_night
1402801_clip006_s001,resources/site_257_bowra-dry-a/downloaded_clips/site_257_item_1402801/site_257_item_1402801_clip_006.webm,night,summer,-0.5,0.866025,0.5,0.866025,summer_night
1402801_clip006_s002,resources/site_257_bowra-dry-a/downloaded_clips/site_257_item_1402801/site_257_item_1402801_clip_006.webm,night,summer,-0.5,0.866025,0.5,0.866025,summer_night
1402801_clip006_s003,resources/site_257_bowra-dry-a/downloaded_clips/site_257_item_1402801/site_257_item_1402801_clip_006.webm,night,summer,-0.5,0.866025,0.5,0.866025,summer_night
1402801_clip006_s004,resources/site_257_bowra-dry-a/downloaded_clips/site_257_item_1402801/site_257_item_1402801_clip_006.webm,night,summer,-0.5,0.866025,0.5,0.866025,summer_night
1402801_clip006_s005,resources/site_257_bowra-dry-a/downloaded_clips/site_257_item_1402801/site_257_item_1402801_clip_006.webm,night,summer,-0.5,0.866025,0.5,0.866025,summer_night
1402801_clip006_s006,resources/site_257_bowra-dry-a/downloaded_clips/site_257_item_1402801/site_257_item_1402801_clip_006.webm,night,summer,-0.5,0.866025,0.5,0.866025,summer_night
1402801_clip024_s000,resources/site_257_bowra-dry-a/downloaded_clips/site_257_item_1402801/site_257_item_1402801_clip_024.webm,night,summer,-0.5,0.866025,0.5,0.866025,summer_night
1676801_clip001_s000,resources/site_257_bowra-dry-a/downloaded_clips/site_257_item_1676801/site_257_item_1676801_clip_001.webm,night,summer,-0.5,0.866025,-0.0,1.0,summer_night
1676801_clip001_s001,resources/site_257_bowra-dry-a/downloaded_clips/site_257_item_1676801/site_257_item_1676801_clip_001.webm,night,summer,-0.5,0.866025,-0.0,1.0,summer_night
1676801_clip001_s002,resources/site_257_bowra-dry-a/downloaded_clips/site_257_item_1676801/site_257_item_1676801_clip_001.webm,night,summer,-0.5,0.866025,-0.0,1.0,summer_night
1676801_clip001_s003,resources/site_257_bowra-dry-a/downloaded_clips/site_257_item_1676801/site_257_item_1676801_clip_001.webm,night,summer,-0.5,0.866025,-0.0,1.0,summer_night
1676801_clip001_s004,resources/site_257_bowra-dry-a/downloaded_clips/site_257_item_1676801/site_257_item_1676801_clip_001.webm,night,summer,-0.5,0.866025,-0.0,1.0,summer_night
1676801_clip001_s005,resources/site_257_bowra-dry-a/downloaded_clips/site_257_item_1676801/site_257_item_1676801_clip_001.webm,night,summer,-0.5,0.866025,-0.0,1.0,summer_night
1676801_clip001_s006,resources/site_257_bowra-dry-a/downloaded_clips/site_257_item_1676801/site_257_item_1676801_clip_001.webm,night,summer,-0.5,0.866025,-0.0,1.0,summer_night
1676801_clip001_s007,resources/site_257_bowra-dry-a/downloaded_clips/site_257_item_1676801/site_257_item_1676801_clip_001.webm,night,summer,-0.5,0.866025,-0.0,1.0,summer_night
1676801_clip001_s008,resources/site_257_bowra-dry-a/downloaded_clips/site_257_item_1676801/site_257_item_1676801_clip_001.webm,night,summer,-0.5,0.866025,-0.0,1.0,summer_night
1676801_clip003_s000,resources/site_257_bowra-dry-a/downloaded_clips/site_257_item_1676801/site_257_item_1676801_clip_003.webm,night,summer,-0.5,0.866025,-0.0,1.0,summer_night
1676801_clip003_s001,resources/site_257_bowra-dry-a/downloaded_clips/site_257_item_1676801/site_257_item_1676801_clip_003.webm,night,summer,-0.5,0.866025,-0.0,1.0,summer_night
1676801_clip003_s002,resources/site_257_bowra-dry-a/downloaded_clips/site_257_item_1676801/site_257_item_1676801_clip_003.webm,night,summer,-0.5,0.866025,-0.0,1.0,summer_night
1676801_clip003_s003,resources/site_257_bowra-dry-a/downloaded_clips/site_257_item_1676801/site_257_item_1676801_clip_003.webm,night,summer,-0.5,0.866025,-0.0,1.0,summer_night
1676801_clip003_s004,resources/site_257_bowra-dry-a/downloaded_clips/site_257_item_1676801/site_257_item_1676801_clip_003.webm,night,summer,-0.5,0.866025,-0.0,1.0,summer_night
1676801_clip004_s000,resources/site_257_bowra-dry-a/downloaded_clips/site_257_item_1676801/site_257_item_1676801_clip_004.webm,night,summer,-0.5,0.866025,-0.0,1.0,summer_night
1676801_clip004_s001,resources/site_257_bowra-dry-a/downloaded_clips/site_257_item_1676801/site_257_item_1676801_clip_004.webm,night,summer,-0.5,0.866025,-0.0,1.0,summer_night
1676801_clip008_s000,resources/site_257_bowra-dry-a/downloaded_clips/site_257_item_1676801/site_257_item_1676801_clip_008.webm,night,summer,-0.5,0.866025,-0.0,1.0,summer_night
1676801_clip008_s001,resources/site_257_bowra-dry-a/downloaded_clips/site_257_item_1676801/site_257_item_1676801_clip_008.webm,night,summer,-0.5,0.866025,-0.0,1.0,summer_night
1676801_clip008_s002,resources/site_257_bowra-dry-a/downloaded_clips/site_257_item_1676801/site_257_item_1676801_clip_008.webm,night,summer,-0.5,0.866025,-0.0,1.0,summer_night
1676801_clip008_s003,resources/site_257_bowra-dry-a/downloaded_clips/site_257_item_1676801/site_257_item_1676801_clip_008.webm,night,summer,-0.5,0.866025,-0.0,1.0,summer_night
1676801_clip008_s004,resources/site_257_bowra-dry-a/downloaded_clips/site_257_item_1676801/site_257_item_1676801_clip_008.webm,night,summer,-0.5,0.866025,-0.0,1.0,summer_night
1676801_clip008_s005,resources/site_257_bowra-dry-a/downloaded_clips/site_257_item_1676801/site_257_item_1676801_clip_008.webm,night,summer,-0.5,0.866025,-0.0,1.0,summer_night
1676801_clip008_s006,resources/site_257_bowra-dry-a/downloaded_clips/site_257_item_1676801/site_257_item_1676801_clip_008.webm,night,summer,-0.5,0.866025,-0.0,1.0,summer_night
1676801_clip008_s007,resources/site_257_bowra-dry-a/downloaded_clips/site_257_item_1676801/site_257_item_1676801_clip_008.webm,night,summer,-0.5,0.866025,-0.0,1.0,summer_night
1676801_clip008_s008,resources/site_257_bowra-dry-a/downloaded_clips/site_257_item_1676801/site_257_item_1676801_clip_008.webm,night,summer,-0.5,0.866025,-0.0,1.0,summer_night
1676801_clip014_s000,resources/site_257_bowra-dry-a/downloaded_clips/site_257_item_1676801/site_257_item_1676801_clip_014.webm,night,summer,-0.5,0.866025,-0.0,1.0,summer_night
1676801_clip014_s001,resources/site_257_bowra-dry-a/downloaded_clips/site_257_item_1676801/site_257_item_1676801_clip_014.webm,night,summer,-0.5,0.866025,-0.0,1.0,summer_night
1676801_clip014_s002,resources/site_257_bowra-dry-a/downloaded_clips/site_257_item_1676801/site_257_item_1676801_clip_014.webm,night,summer,-0.5,0.866025,-0.0,1.0,summer_night
1676801_clip015_s000,resources/site_257_bowra-dry-a/downloaded_clips/site_257_item_1676801/site_257_item_1676801_clip_015.webm,night,summer,-0.5,0.866025,-0.0,1.0,summer_night
1676801_clip015_s001,resources/site_257_bowra-dry-a/downloaded_clips/site_257_item_1676801/site_257_item_1676801_clip_015.webm,night,summer,-0.5,0.866025,-0.0,1.0,summer_night
1676801_clip015_s002,resources/site_257_bowra-dry-a/downloaded_clips/site_257_item_1676801/site_257_item_1676801_clip_015.webm,night,summer,-0.5,0.866025,-0.0,1.0,summer_night
1676801_clip015_s003,resources/site_257_bowra-dry-a/downloaded_clips/site_257_item_1676801/site_257_item_1676801_clip_015.webm,night,summer,-0.5,0.866025,-0.0,1.0,summer_night
1676801_clip015_s004,resources/site_257_bowra-dry-a/downloaded_clips/site_257_item_1676801/site_257_item_1676801_clip_015.webm,night,summer,-0.5,0.866025,-0.0,1.0,summer_night
1676801_clip019_s000,resources/site_257_bowra-dry-a/downloaded_clips/site_257_item_1676801/site_257_item_1676801_clip_019.webm,night,summer,-0.5,0.866025,-0.0,1.0,summer_night
1676801_clip020_s000,resources/site_257_bowra-dry-a/downloaded_clips/site_257_item_1676801/site_257_item_1676801_clip_020.webm,night,summer,-0.5,0.866025,-0.0,1.0,summer_night
1676801_clip020_s001,resources/site_257_bowra-dry-a/downloaded_clips/site_257_item_1676801/site_257_item_1676801_clip_020.webm,night,summer,-0.5,0.866025,-0.0,1.0,summer_night
1676801_clip020_s002,resources/site_257_bowra-dry-a/downloaded_clips/site_257_item_1676801/site_257_item_1676801_clip_020.webm,night,summer,-0.5,0.866025,-0.0,1.0,summer_night
1676801_clip020_s003,resources/site_257_bowra-dry-a/downloaded_clips/site_257_item_1676801/site_257_item_1676801_clip_020.webm,night,summer,-0.5,0.866025,-0.0,1.0,summer_night
1676801_clip023_s000,resources/site_257_bowra-dry-a/downloaded_clips/site_257_item_1676801/site_257_item_1676801_clip_023.webm,night,summer,-0.5,0.866025,-0.0,1.0,summer_night
1676801_clip023_s001,resources/site_257_bowra-dry-a/downloaded_clips/site_257_item_1676801/site_257_item_1676801_clip_023.webm,night,summer,-0.5,0.866025,-0.0,1.0,summer_night
1676801_clip023_s002,resources/site_257_bowra-dry-a/downloaded_clips/site_257_item_1676801/site_257_item_1676801_clip_023.webm,night,summer,-0.5,0.866025,-0.0,1.0,summer_night
1676801_clip023_s003,resources/site_257_bowra-dry-a/downloaded_clips/site_257_item_1676801/site_257_item_1676801_clip_023.webm,night,summer,-0.5,0.866025,-0.0,1.0,summer_night
1676801_clip023_s004,resources/site_257_bowra-dry-a/downloaded_clips/site_257_item_1676801/site_257_item_1676801_clip_023.webm,night,summer,-0.5,0.866025,-0.0,1.0,summer_night
1676801_clip023_s005,resources/site_257_bowra-dry-a/downloaded_clips/site_257_item_1676801/site_257_item_1676801_clip_023.webm,night,summer,-0.5,0.866025,-0.0,1.0,summer_night
1676801_clip024_s000,resources/site_257_bowra-dry-a/downloaded_clips/site_257_item_1676801/site_257_item_1676801_clip_024.webm,night,summer,-0.5,0.866025,-0.0,1.0,summer_night
1676801_clip024_s001,resources/site_257_bowra-dry-a/downloaded_clips/site_257_item_1676801/site_257_item_1676801_clip_024.webm,night,summer,-0.5,0.866025,-0.0,1.0,summer_night
1676801_clip024_s002,resources/site_257_bowra-dry-a/downloaded_clips/site_257_item_1676801/site_257_item_1676801_clip_024.webm,night,summer,-0.5,0.866025,-0.0,1.0,summer_night
1676801_clip024_s003,resources/site_257_bowra-dry-a/downloaded_clips/site_257_item_1676801/site_257_item_1676801_clip_024.webm,night,summer,-0.5,0.866025,-0.0,1.0,summer_night
1676801_clip024_s004,resources/site_257_bowra-dry-a/downloaded_clips/site_257_item_1676801/site_257_item_1676801_clip_024.webm,night,summer,-0.5,0.866025,-0.0,1.0,summer_night
1678870_clip005_s000,resources/site_257_bowra-dry-a/downloaded_clips/site_257_item_1678870/site_257_item_1678870_clip_005.webm,night,summer,-0.5,0.866025,-0.0,1.0,summer_night
1678870_clip022_s000,resources/site_257_bowra-dry-a/downloaded_clips/site_257_item_1678870/site_257_item_1678870_clip_022.webm,night,summer,-0.5,0.866025,-0.0,1.0,summer_night
1679369_clip003_s000,resources/site_257_bowra-dry-a/downloaded_clips/site_257_item_1679369/site_257_item_1679369_clip_003.webm,night,summer,-0.5,0.866025,0.5,0.866025,summer_night
1679369_clip006_s000,resources/site_257_bowra-dry-a/downloaded_clips/site_257_item_1679369/site_257_item_1679369_clip_006.webm,night,summer,-0.5,0.866025,0.5,0.866025,summer_night
1679369_clip008_s000,resources/site_257_bowra-dry-a/downloaded_clips/site_257_item_1679369/site_257_item_1679369_clip_008.webm,night,summer,-0.5,0.866025,0.5,0.866025,summer_night
1679369_clip015_s000,resources/site_257_bowra-dry-a/downloaded_clips/site_257_item_1679369/site_257_item_1679369_clip_015.webm,night,summer,-0.5,0.866025,0.5,0.866025,summer_night
1681920_clip001_s000,resources/site_257_bowra-dry-a/downloaded_clips/site_257_item_1681920/site_257_item_1681920_clip_001.webm,night,summer,-0.5,0.866025,0.5,0.866025,summer_night
1681920_clip001_s001,resources/site_257_bowra-dry-a/downloaded_clips/site_257_item_1681920/site_257_item_1681920_clip_001.webm,night,summer,-0.5,0.866025,0.5,0.866025,summer_night
1681920_clip001_s002,resources/site_257_bowra-dry-a/downloaded_clips/site_257_item_1681920/site_257_item_1681920_clip_001.webm,night,summer,-0.5,0.866025,0.5,0.866025,summer_night
1681920_clip001_s003,resources/site_257_bowra-dry-a/downloaded_clips/site_257_item_1681920/site_257_item_1681920_clip_001.webm,night,summer,-0.5,0.866025,0.5,0.866025,summer_night
1681920_clip001_s004,resources/site_257_bowra-dry-a/downloaded_clips/site_257_item_1681920/site_257_item_1681920_clip_001.webm,night,summer,-0.5,0.866025,0.5,0.866025,summer_night
1681920_clip004_s000,resources/site_257_bowra-dry-a/downloaded_clips/site_257_item_1681920/site_257_item_1681920_clip_004.webm,night,summer,-0.5,0.866025,0.5,0.866025,summer_night
1681920_clip004_s001,resources/site_257_bowra-dry-a/downloaded_clips/site_257_item_1681920/site_257_item_1681920_clip_004.webm,night,summer,-0.5,0.866025,0.5,0.866025,summer_night
1681920_clip004_s002,resources/site_257_bowra-dry-a/downloaded_clips/site_257_item_1681920/site_257_item_1681920_clip_004.webm,night,summer,-0.5,0.866025,0.5,0.866025,summer_night
1681920_clip004_s003,resources/site_257_bowra-dry-a/downloaded_clips/site_257_item_1681920/site_257_item_1681920_clip_004.webm,night,summer,-0.5,0.866025,0.5,0.866025,summer_night
1681920_clip005_s000,resources/site_257_bowra-dry-a/downloaded_clips/site_257_item_1681920/site_257_item_1681920_clip_005.webm,night,summer,-0.5,0.866025,0.5,0.866025,summer_night
1681920_clip005_s001,resources/site_257_bowra-dry-a/downloaded_clips/site_257_item_1681920/site_257_item_1681920_clip_005.webm,night,summer,-0.5,0.866025,0.5,0.866025,summer_night
1681920_clip005_s002,resources/site_257_bowra-dry-a/downloaded_clips/site_257_item_1681920/site_257_item_1681920_clip_005.webm,night,summer,-0.5,0.866025,0.5,0.866025,summer_night
1681920_clip005_s003,resources/site_257_bowra-dry-a/downloaded_clips/site_257_item_1681920/site_257_item_1681920_clip_005.webm,night,summer,-0.5,0.866025,0.5,0.866025,summer_night
1681920_clip005_s004,resources/site_257_bowra-dry-a/downloaded_clips/site_257_item_1681920/site_257_item_1681920_clip_005.webm,night,summer,-0.5,0.866025,0.5,0.866025,summer_night
1681920_clip005_s005,resources/site_257_bowra-dry-a/downloaded_clips/site_257_item_1681920/site_257_item_1681920_clip_005.webm,night,summer,-0.5,0.866025,0.5,0.866025,summer_night
1681920_clip005_s006,resources/site_257_bowra-dry-a/downloaded_clips/site_257_item_1681920/site_257_item_1681920_clip_005.webm,night,summer,-0.5,0.866025,0.5,0.866025,summer_night
1681920_clip006_s000,resources/site_257_bowra-dry-a/downloaded_clips/site_257_item_1681920/site_257_item_1681920_clip_006.webm,night,summer,-0.5,0.866025,0.5,0.866025,summer_night
1681920_clip006_s001,resources/site_257_bowra-dry-a/downloaded_clips/site_257_item_1681920/site_257_item_1681920_clip_006.webm,night,summer,-0.5,0.866025,0.5,0.866025,summer_night
1681920_clip006_s002,resources/site_257_bowra-dry-a/downloaded_clips/site_257_item_1681920/site_257_item_1681920_clip_006.webm,night,summer,-0.5,0.866025,0.5,0.866025,summer_night
1681920_clip006_s003,resources/site_257_bowra-dry-a/downloaded_clips/site_257_item_1681920/site_257_item_1681920_clip_006.webm,night,summer,-0.5,0.866025,0.5,0.866025,summer_night
1681920_clip006_s004,resources/site_257_bowra-dry-a/downloaded_clips/site_257_item_1681920/site_257_item_1681920_clip_006.webm,night,summer,-0.5,0.866025,0.5,0.866025,summer_night
1681920_clip006_s005,resources/site_257_bowra-dry-a/downloaded_clips/site_257_item_1681920/site_257_item_1681920_clip_006.webm,night,summer,-0.5,0.866025,0.5,0.866025,summer_night
1681920_clip007_s000,resources/site_257_bowra-dry-a/downloaded_clips/site_257_item_1681920/site_257_item_1681920_clip_007.webm,night,summer,-0.5,0.866025,0.5,0.866025,summer_night
1681920_clip007_s001,resources/site_257_bowra-dry-a/downloaded_clips/site_257_item_1681920/site_257_item_1681920_clip_007.webm,night,summer,-0.5,0.866025,0.5,0.866025,summer_night
1681920_clip007_s002,resources/site_257_bowra-dry-a/downloaded_clips/site_257_item_1681920/site_257_item_1681920_clip_007.webm,night,summer,-0.5,0.866025,0.5,0.866025,summer_night
1681920_clip007_s003,resources/site_257_bowra-dry-a/downloaded_clips/site_257_item_1681920/site_257_item_1681920_clip_007.webm,night,summer,-0.5,0.866025,0.5,0.866025,summer_night
1681920_clip009_s000,resources/site_257_bowra-dry-a/downloaded_clips/site_257_item_1681920/site_257_item_1681920_clip_009.webm,night,summer,-0.5,0.866025,0.5,0.866025,summer_night
1681920_clip009_s001,resources/site_257_bowra-dry-a/downloaded_clips/site_257_item_1681920/site_257_item_1681920_clip_009.webm,night,summer,-0.5,0.866025,0.5,0.866025,summer_night
1681920_clip009_s002,resources/site_257_bowra-dry-a/downloaded_clips/site_257_item_1681920/site_257_item_1681920_clip_009.webm,night,summer,-0.5,0.866025,0.5,0.866025,summer_night
1681920_clip009_s003,resources/site_257_bowra-dry-a/downloaded_clips/site_257_item_1681920/site_257_item_1681920_clip_009.webm,night,summer,-0.5,0.866025,0.5,0.866025,summer_night
1681920_clip009_s004,resources/site_257_bowra-dry-a/downloaded_clips/site_257_item_1681920/site_257_item_1681920_clip_009.webm,night,summer,-0.5,0.866025,0.5,0.866025,summer_night
1681920_clip009_s005,resources/site_257_bowra-dry-a/downloaded_clips/site_257_item_1681920/site_257_item_1681920_clip_009.webm,night,summer,-0.5,0.866025,0.5,0.866025,summer_night
1681920_clip010_s000,resources/site_257_bowra-dry-a/downloaded_clips/site_257_item_1681920/site_257_item_1681920_clip_010.webm,night,summer,-0.5,0.866025,0.5,0.866025,summer_night
1681920_clip010_s001,resources/site_257_bowra-dry-a/downloaded_clips/site_257_item_1681920/site_257_item_1681920_clip_010.webm,night,summer,-0.5,0.866025,0.5,0.866025,summer_night
1681920_clip010_s002,resources/site_257_bowra-dry-a/downloaded_clips/site_257_item_1681920/site_257_item_1681920_clip_010.webm,night,summer,-0.5,0.866025,0.5,0.866025,summer_night
1681920_clip012_s000,resources/site_257_bowra-dry-a/downloaded_clips/site_257_item_1681920/site_257_item_1681920_clip_012.webm,night,summer,-0.5,0.866025,0.5,0.866025,summer_night
1681920_clip012_s001,resources/site_257_bowra-dry-a/downloaded_clips/site_257_item_1681920/site_257_item_1681920_clip_012.webm,night,summer,-0.5,0.866025,0.5,0.866025,summer_night
1681920_clip013_s000,resources/site_257_bowra-dry-a/downloaded_clips/site_257_item_1681920/site_257_item_1681920_clip_013.webm,night,summer,-0.5,0.866025,0.5,0.866025,summer_night
1681920_clip013_s001,resources/site_257_bowra-dry-a/downloaded_clips/site_257_item_1681920/site_257_item_1681920_clip_013.webm,night,summer,-0.5,0.866025,0.5,0.866025,summer_night
1681920_clip014_s000,resources/site_257_bowra-dry-a/downloaded_clips/site_257_item_1681920/site_257_item_1681920_clip_014.webm,night,summer,-0.5,0.866025,0.5,0.866025,summer_night
1681920_clip014_s001,resources/site_257_bowra-dry-a/downloaded_clips/site_257_item_1681920/site_257_item_1681920_clip_014.webm,night,summer,-0.5,0.866025,0.5,0.866025,summer_night
1681920_clip015_s000,resources/site_257_bowra-dry-a/downloaded_clips/site_257_item_1681920/site_257_item_1681920_clip_015.webm,night,summer,-0.5,0.866025,0.5,0.866025,summer_night
1681920_clip017_s000,resources/site_257_bowra-dry-a/downloaded_clips/site_257_item_1681920/site_257_item_1681920_clip_017.webm,night,summer,-0.5,0.866025,0.5,0.866025,summer_night
1681920_clip017_s001,resources/site_257_bowra-dry-a/downloaded_clips/site_257_item_1681920/site_257_item_1681920_clip_017.webm,night,summer,-0.5,0.866025,0.5,0.866025,summer_night
1681920_clip020_s000,resources/site_257_bowra-dry-a/downloaded_clips/site_257_item_1681920/site_257_item_1681920_clip_020.webm,night,summer,-0.5,0.866025,0.5,0.866025,summer_night
1681920_clip020_s001,resources/site_257_bowra-dry-a/downloaded_clips/site_257_item_1681920/site_257_item_1681920_clip_020.webm,night,summer,-0.5,0.866025,0.5,0.866025,summer_night
1681920_clip020_s002,resources/site_257_bowra-dry-a/downloaded_clips/site_257_item_1681920/site_257_item_1681920_clip_020.webm,night,summer,-0.5,0.866025,0.5,0.866025,summer_night
1681920_clip020_s003,resources/site_257_bowra-dry-a/downloaded_clips/site_257_item_1681920/site_257_item_1681920_clip_020.webm,night,summer,-0.5,0.866025,0.5,0.866025,summer_night
1681920_clip020_s004,resources/site_257_bowra-dry-a/downloaded_clips/site_257_item_1681920/site_257_item_1681920_clip_020.webm,night,summer,-0.5,0.866025,0.5,0.866025,summer_night
1681920_clip020_s005,resources/site_257_bowra-dry-a/downloaded_clips/site_257_item_1681920/site_257_item_1681920_clip_020.webm,night,summer,-0.5,0.866025,0.5,0.866025,summer_night
1681920_clip021_s000,resources/site_257_bowra-dry-a/downloaded_clips/site_257_item_1681920/site_257_item_1681920_clip_021.webm,night,summer,-0.5,0.866025,0.5,0.866025,summer_night
1681920_clip021_s001,resources/site_257_bowra-dry-a/downloaded_clips/site_257_item_1681920/site_257_item_1681920_clip_021.webm,night,summer,-0.5,0.866025,0.5,0.866025,summer_night
1681920_clip021_s002,resources/site_257_bowra-dry-a/downloaded_clips/site_257_item_1681920/site_257_item_1681920_clip_021.webm,night,summer,-0.5,0.866025,0.5,0.866025,summer_night
1681920_clip024_s000,resources/site_257_bowra-dry-a/downloaded_clips/site_257_item_1681920/site_257_item_1681920_clip_024.webm,night,summer,-0.5,0.866025,0.5,0.866025,summer_night
1681920_clip024_s001,resources/site_257_bowra-dry-a/downloaded_clips/site_257_item_1681920/site_257_item_1681920_clip_024.webm,night,summer,-0.5,0.866025,0.5,0.866025,summer_night
1681920_clip024_s002,resources/site_257_bowra-dry-a/downloaded_clips/site_257_item_1681920/site_257_item_1681920_clip_024.webm,night,summer,-0.5,0.866025,0.5,0.866025,summer_night
1681920_clip024_s003,resources/site_257_bowra-dry-a/downloaded_clips/site_257_item_1681920/site_257_item_1681920_clip_024.webm,night,summer,-0.5,0.866025,0.5,0.866025,summer_night
1681920_clip024_s004,resources/site_257_bowra-dry-a/downloaded_clips/site_257_item_1681920/site_257_item_1681920_clip_024.webm,night,summer,-0.5,0.866025,0.5,0.866025,summer_night
1681920_clip024_s005,resources/site_257_bowra-dry-a/downloaded_clips/site_257_item_1681920/site_257_item_1681920_clip_024.webm,night,summer,-0.5,0.866025,0.5,0.866025,summer_night
1682104_clip024_s000,resources/site_257_bowra-dry-a/downloaded_clips/site_257_item_1682104/site_257_item_1682104_clip_024.webm,night,summer,-0.5,0.866025,-0.0,1.0,summer_night
1670202_clip020_s000,resources/site_257_bowra-dry-a/downloaded_clips/site_257_item_1670202/site_257_item_1670202_clip_020.webm,night,summer,-0.5,0.866025,0.5,0.866025,summer_night
1670202_clip020_s001,resources/site_257_bowra-dry-a/downloaded_clips/site_257_item_1670202/site_257_item_1670202_clip_020.webm,night,summer,-0.5,0.866025,0.5,0.866025,summer_night
1670202_clip022_s000,resources/site_257_bowra-dry-a/downloaded_clips/site_257_item_1670202/site_257_item_1670202_clip_022.webm,night,summer,-0.5,0.866025,0.5,0.866025,summer_night
1676457_clip005_s000,resources/site_257_bowra-dry-a/downloaded_clips/site_257_item_1676457/site_257_item_1676457_clip_005.webm,night,summer,-0.5,0.866025,0.866025,0.5,summer_night
1676457_clip007_s000,resources/site_257_bowra-dry-a/downloaded_clips/site_257_item_1676457/site_257_item_1676457_clip_007.webm,night,summer,-0.5,0.866025,0.866025,0.5,summer_night
1676457_clip011_s000,resources/site_257_bowra-dry-a/downloaded_clips/site_257_item_1676457/site_257_item_1676457_clip_011.webm,night,summer,-0.5,0.866025,0.866025,0.5,summer_night
1676457_clip012_s000,resources/site_257_bowra-dry-a/downloaded_clips/site_257_item_1676457/site_257_item_1676457_clip_012.webm,night,summer,-0.5,0.866025,0.866025,0.5,summer_night
1676457_clip012_s001,resources/site_257_bowra-dry-a/downloaded_clips/site_257_item_1676457/site_257_item_1676457_clip_012.webm,night,summer,-0.5,0.866025,0.866025,0.5,summer_night
1676457_clip013_s000,resources/site_257_bowra-dry-a/downloaded_clips/site_257_item_1676457/site_257_item_1676457_clip_013.webm,night,summer,-0.5,0.866025,0.866025,0.5,summer_night
1676457_clip015_s000,resources/site_257_bowra-dry-a/downloaded_clips/site_257_item_1676457/site_257_item_1676457_clip_015.webm,night,summer,-0.5,0.866025,0.866025,0.5,summer_night
1676457_clip015_s001,resources/site_257_bowra-dry-a/downloaded_clips/site_257_item_1676457/site_257_item_1676457_clip_015.webm,night,summer,-0.5,0.866025,0.866025,0.5,summer_night
1676457_clip017_s000,resources/site_257_bowra-dry-a/downloaded_clips/site_257_item_1676457/site_257_item_1676457_clip_017.webm,night,summer,-0.5,0.866025,0.866025,0.5,summer_night
1676457_clip020_s000,resources/site_257_bowra-dry-a/downloaded_clips/site_257_item_1676457/site_257_item_1676457_clip_020.webm,night,summer,-0.5,0.866025,0.866025,0.5,summer_night
1676457_clip020_s001,resources/site_257_bowra-dry-a/downloaded_clips/site_257_item_1676457/site_257_item_1676457_clip_020.webm,night,summer,-0.5,0.866025,0.866025,0.5,summer_night
1676457_clip020_s002,resources/site_257_bowra-dry-a/downloaded_clips/site_257_item_1676457/site_257_item_1676457_clip_020.webm,night,summer,-0.5,0.866025,0.866025,0.5,summer_night
1676576_clip010_s000,resources/site_257_bowra-dry-a/downloaded_clips/site_257_item_1676576/site_257_item_1676576_clip_010.webm,night,summer,-0.5,0.866025,0.866025,0.5,summer_night
1676576_clip012_s000,resources/site_257_bowra-dry-a/downloaded_clips/site_257_item_1676576/site_257_item_1676576_clip_012.webm,night,summer,-0.5,0.866025,0.866025,0.5,summer_night
1676576_clip012_s001,resources/site_257_bowra-dry-a/downloaded_clips/site_257_item_1676576/site_257_item_1676576_clip_012.webm,night,summer,-0.5,0.866025,0.866025,0.5,summer_night
1676576_clip014_s000,resources/site_257_bowra-dry-a/downloaded_clips/site_257_item_1676576/site_257_item_1676576_clip_014.webm,night,summer,-0.5,0.866025,0.866025,0.5,summer_night
1676576_clip024_s000,resources/site_257_bowra-dry-a/downloaded_clips/site_257_item_1676576/site_257_item_1676576_clip_024.webm,night,summer,-0.5,0.866025,0.866025,0.5,summer_night
1676646_clip005_s000,resources/site_257_bowra-dry-a/downloaded_clips/site_257_item_1676646/site_257_item_1676646_clip_005.webm,night,summer,-0.5,0.866025,0.5,0.866025,summer_night
1676646_clip010_s000,resources/site_257_bowra-dry-a/downloaded_clips/site_257_item_1676646/site_257_item_1676646_clip_010.webm,night,summer,-0.5,0.866025,0.5,0.866025,summer_night
1676646_clip010_s001,resources/site_257_bowra-dry-a/downloaded_clips/site_257_item_1676646/site_257_item_1676646_clip_010.webm,night,summer,-0.5,0.866025,0.5,0.866025,summer_night
1676646_clip011_s000,resources/site_257_bowra-dry-a/downloaded_clips/site_257_item_1676646/site_257_item_1676646_clip_011.webm,night,summer,-0.5,0.866025,0.5,0.866025,summer_night
1676646_clip011_s001,resources/site_257_bowra-dry-a/downloaded_clips/site_257_item_1676646/site_257_item_1676646_clip_011.webm,night,summer,-0.5,0.866025,0.5,0.866025,summer_night
1676646_clip014_s000,resources/site_257_bowra-dry-a/downloaded_clips/site_257_item_1676646/site_257_item_1676646_clip_014.webm,night,summer,-0.5,0.866025,0.5,0.866025,summer_night
1676646_clip014_s001,resources/site_257_bowra-dry-a/downloaded_clips/site_257_item_1676646/site_257_item_1676646_clip_014.webm,night,summer,-0.5,0.866025,0.5,0.866025,summer_night
1676646_clip014_s002,resources/site_257_bowra-dry-a/downloaded_clips/site_257_item_1676646/site_257_item_1676646_clip_014.webm,night,summer,-0.5,0.866025,0.5,0.866025,summer_night
1676646_clip014_s003,resources/site_257_bowra-dry-a/downloaded_clips/site_257_item_1676646/site_257_item_1676646_clip_014.webm,night,summer,-0.5,0.866025,0.5,0.866025,summer_night
1676646_clip014_s004,resources/site_257_bowra-dry-a/downloaded_clips/site_257_item_1676646/site_257_item_1676646_clip_014.webm,night,summer,-0.5,0.866025,0.5,0.866025,summer_night
1676646_clip016_s000,resources/site_257_bowra-dry-a/downloaded_clips/site_257_item_1676646/site_257_item_1676646_clip_016.webm,night,summer,-0.5,0.866025,0.5,0.866025,summer_night
1676646_clip016_s001,resources/site_257_bowra-dry-a/downloaded_clips/site_257_item_1676646/site_257_item_1676646_clip_016.webm,night,summer,-0.5,0.866025,0.5,0.866025,summer_night
1676646_clip020_s000,resources/site_257_bowra-dry-a/downloaded_clips/site_257_item_1676646/site_257_item_1676646_clip_020.webm,night,summer,-0.5,0.866025,0.5,0.866025,summer_night
1676646_clip022_s000,resources/site_257_bowra-dry-a/downloaded_clips/site_257_item_1676646/site_257_item_1676646_clip_022.webm,night,summer,-0.5,0.866025,0.5,0.866025,summer_night
1676646_clip022_s001,resources/site_257_bowra-dry-a/downloaded_clips/site_257_item_1676646/site_257_item_1676646_clip_022.webm,night,summer,-0.5,0.866025,0.5,0.866025,summer_night
1676646_clip022_s002,resources/site_257_bowra-dry-a/downloaded_clips/site_257_item_1676646/site_257_item_1676646_clip_022.webm,night,summer,-0.5,0.866025,0.5,0.866025,summer_night
1676646_clip022_s003,resources/site_257_bowra-dry-a/downloaded_clips/site_257_item_1676646/site_257_item_1676646_clip_022.webm,night,summer,-0.5,0.866025,0.5,0.866025,summer_night
1676646_clip022_s004,resources/site_257_bowra-dry-a/downloaded_clips/site_257_item_1676646/site_257_item_1676646_clip_022.webm,night,summer,-0.5,0.866025,0.5,0.866025,summer_night
1676646_clip022_s005,resources/site_257_bowra-dry-a/downloaded_clips/site_257_item_1676646/site_257_item_1676646_clip_022.webm,night,summer,-0.5,0.866025,0.5,0.866025,summer_night
1676646_clip022_s006,resources/site_257_bowra-dry-a/downloaded_clips/site_257_item_1676646/site_257_item_1676646_clip_022.webm,night,summer,-0.5,0.866025,0.5,0.866025,summer_night
1676646_clip023_s000,resources/site_257_bowra-dry-a/downloaded_clips/site_257_item_1676646/site_257_item_1676646_clip_023.webm,night,summer,-0.5,0.866025,0.5,0.866025,summer_night
1676646_clip024_s000,resources/site_257_bowra-dry-a/downloaded_clips/site_257_item_1676646/site_257_item_1676646_clip_024.webm,night,summer,-0.5,0.866025,0.5,0.866025,summer_night
1680033_clip001_s000,resources/site_257_bowra-dry-a/downloaded_clips/site_257_item_1680033/site_257_item_1680033_clip_001.webm,night,summer,-0.5,0.866025,0.866025,0.5,summer_night
1680033_clip003_s000,resources/site_257_bowra-dry-a/downloaded_clips/site_257_item_1680033/site_257_item_1680033_clip_003.webm,night,summer,-0.5,0.866025,0.866025,0.5,summer_night
1680033_clip004_s000,resources/site_257_bowra-dry-a/downloaded_clips/site_257_item_1680033/site_257_item_1680033_clip_004.webm,night,summer,-0.5,0.866025,0.866025,0.5,summer_night
1680033_clip004_s001,resources/site_257_bowra-dry-a/downloaded_clips/site_257_item_1680033/site_257_item_1680033_clip_004.webm,night,summer,-0.5,0.866025,0.866025,0.5,summer_night
1680033_clip005_s000,resources/site_257_bowra-dry-a/downloaded_clips/site_257_item_1680033/site_257_item_1680033_clip_005.webm,night,summer,-0.5,0.866025,0.866025,0.5,summer_night
1680033_clip009_s000,resources/site_257_bowra-dry-a/downloaded_clips/site_257_item_1680033/site_257_item_1680033_clip_009.webm,night,summer,-0.5,0.866025,0.866025,0.5,summer_night
1680033_clip013_s000,resources/site_257_bowra-dry-a/downloaded_clips/site_257_item_1680033/site_257_item_1680033_clip_013.webm,night,summer,-0.5,0.866025,0.866025,0.5,summer_night
1680033_clip017_s000,resources/site_257_bowra-dry-a/downloaded_clips/site_257_item_1680033/site_257_item_1680033_clip_017.webm,night,summer,-0.5,0.866025,0.866025,0.5,summer_night
1402574_clip009_s000,resources/site_257_bowra-dry-a/downloaded_clips/site_257_item_1402574/site_257_item_1402574_clip_009.webm,morning,autumn,0.866025,-0.5,1.0,0.0,autumn_morning
1402574_clip021_s000,resources/site_257_bowra-dry-a/downloaded_clips/site_257_item_1402574/site_257_item_1402574_clip_021.webm,morning,autumn,0.866025,-0.5,1.0,0.0,autumn_morning
1402574_clip023_s000,resources/site_257_bowra-dry-a/downloaded_clips/site_257_item_1402574/site_257_item_1402574_clip_023.webm,morning,autumn,0.866025,-0.5,1.0,0.0,autumn_morning
1534209_clip008_s000,resources/site_257_bowra-dry-a/downloaded_clips/site_257_item_1534209/site_257_item_1534209_clip_008.webm,morning,autumn,0.866025,-0.5,0.866025,-0.5,autumn_morning
1534209_clip011_s000,resources/site_257_bowra-dry-a/downloaded_clips/site_257_item_1534209/site_257_item_1534209_clip_011.webm,morning,autumn,0.866025,-0.5,0.866025,-0.5,autumn_morning
1534209_clip014_s000,resources/site_257_bowra-dry-a/downloaded_clips/site_257_item_1534209/site_257_item_1534209_clip_014.webm,morning,autumn,0.866025,-0.5,0.866025,-0.5,autumn_morning
1534209_clip021_s000,resources/site_257_bowra-dry-a/downloaded_clips/site_257_item_1534209/site_257_item_1534209_clip_021.webm,morning,autumn,0.866025,-0.5,0.866025,-0.5,autumn_morning
1534209_clip022_s000,resources/site_257_bowra-dry-a/downloaded_clips/site_257_item_1534209/site_257_item_1534209_clip_022.webm,morning,autumn,0.866025,-0.5,0.866025,-0.5,autumn_morning
1534209_clip022_s001,resources/site_257_bowra-dry-a/downloaded_clips/site_257_item_1534209/site_257_item_1534209_clip_022.webm,morning,autumn,0.866025,-0.5,0.866025,-0.5,autumn_morning
1536554_clip008_s000,resources/site_257_bowra-dry-a/downloaded_clips/site_257_item_1536554/site_257_item_1536554_clip_008.webm,morning,autumn,0.866025,-0.5,0.5,-0.866025,autumn_morning
1672053_clip005_s000,resources/site_257_bowra-dry-a/downloaded_clips/site_257_item_1672053/site_257_item_1672053_clip_005.webm,morning,autumn,0.866025,-0.5,0.866025,-0.5,autumn_morning
1672053_clip018_s000,resources/site_257_bowra-dry-a/downloaded_clips/site_257_item_1672053/site_257_item_1672053_clip_018.webm,morning,autumn,0.866025,-0.5,0.866025,-0.5,autumn_morning
1675916_clip017_s000,resources/site_257_bowra-dry-a/downloaded_clips/site_257_item_1675916/site_257_item_1675916_clip_017.webm,morning,autumn,0.866025,-0.5,0.5,-0.866025,autumn_morning
1675916_clip019_s000,resources/site_257_bowra-dry-a/downloaded_clips/site_257_item_1675916/site_257_item_1675916_clip_019.webm,morning,autumn,0.866025,-0.5,0.5,-0.866025,autumn_morning
1675916_clip024_s000,resources/site_257_bowra-dry-a/downloaded_clips/site_257_item_1675916/site_257_item_1675916_clip_024.webm,morning,autumn,0.866025,-0.5,0.5,-0.866025,autumn_morning
1681726_clip013_s000,resources/site_257_bowra-dry-a/downloaded_clips/site_257_item_1681726/site_257_item_1681726_clip_013.webm,morning,autumn,0.866025,-0.5,1.0,0.0,autumn_morning
1681726_clip021_s000,resources/site_257_bowra-dry-a/downloaded_clips/site_257_item_1681726/site_257_item_1681726_clip_021.webm,morning,autumn,0.866025,-0.5,1.0,0.0,autumn_morning
216088_clip002_s000,resources/site_257_bowra-dry-a/downloaded_clips/site_257_item_216088/site_257_item_216088_clip_002.webm,morning,autumn,0.866025,-0.5,1.0,0.0,autumn_morning
216088_clip002_s001,resources/site_257_bowra-dry-a/downloaded_clips/site_257_item_216088/site_257_item_216088_clip_002.webm,morning,autumn,0.866025,-0.5,1.0,0.0,autumn_morning
216088_clip003_s000,resources/site_257_bowra-dry-a/downloaded_clips/site_257_item_216088/site_257_item_216088_clip_003.webm,morning,autumn,0.866025,-0.5,1.0,0.0,autumn_morning
216088_clip005_s000,resources/site_257_bowra-dry-a/downloaded_clips/site_257_item_216088/site_257_item_216088_clip_005.webm,morning,autumn,0.866025,-0.5,1.0,0.0,autumn_morning
216088_clip007_s000,resources/site_257_bowra-dry-a/downloaded_clips/site_257_item_216088/site_257_item_216088_clip_007.webm,morning,autumn,0.866025,-0.5,1.0,0.0,autumn_morning
216088_clip014_s000,resources/site_257_bowra-dry-a/downloaded_clips/site_257_item_216088/site_257_item_216088_clip_014.webm,morning,autumn,0.866025,-0.5,1.0,0.0,autumn_morning
216088_clip016_s000,resources/site_257_bowra-dry-a/downloaded_clips/site_257_item_216088/site_257_item_216088_clip_016.webm,morning,autumn,0.866025,-0.5,1.0,0.0,autumn_morning
216088_clip017_s000,resources/site_257_bowra-dry-a/downloaded_clips/site_257_item_216088/site_257_item_216088_clip_017.webm,morning,autumn,0.866025,-0.5,1.0,0.0,autumn_morning
216088_clip017_s001,resources/site_257_bowra-dry-a/downloaded_clips/site_257_item_216088/site_257_item_216088_clip_017.webm,morning,autumn,0.866025,-0.5,1.0,0.0,autumn_morning
216088_clip019_s000,resources/site_257_bowra-dry-a/downloaded_clips/site_257_item_216088/site_257_item_216088_clip_019.webm,morning,autumn,0.866025,-0.5,1.0,0.0,autumn_morning
216088_clip023_s000,resources/site_257_bowra-dry-a/downloaded_clips/site_257_item_216088/site_257_item_216088_clip_023.webm,morning,autumn,0.866025,-0.5,1.0,0.0,autumn_morning
216088_clip024_s000,resources/site_257_bowra-dry-a/downloaded_clips/site_257_item_216088/site_257_item_216088_clip_024.webm,morning,autumn,0.866025,-0.5,1.0,0.0,autumn_morning
216464_clip021_s000,resources/site_257_bowra-dry-a/downloaded_clips/site_257_item_216464/site_257_item_216464_clip_021.webm,morning,autumn,0.866025,-0.5,0.866025,-0.5,autumn_morning
216594_clip005_s000,resources/site_257_bowra-dry-a/downloaded_clips/site_257_item_216594/site_257_item_216594_clip_005.webm,morning,autumn,0.866025,-0.5,0.866025,-0.5,autumn_morning
216594_clip021_s000,resources/site_257_bowra-dry-a/downloaded_clips/site_257_item_216594/site_257_item_216594_clip_021.webm,morning,autumn,0.866025,-0.5,0.866025,-0.5,autumn_morning
216594_clip021_s001,resources/site_257_bowra-dry-a/downloaded_clips/site_257_item_216594/site_257_item_216594_clip_021.webm,morning,autumn,0.866025,-0.5,0.866025,-0.5,autumn_morning
216147_clip008_s000,resources/site_257_bowra-dry-a/downloaded_clips/site_257_item_216147/site_257_item_216147_clip_008.webm,morning,autumn,0.866025,-0.5,1.0,0.0,autumn_morning
216276_clip017_s000,resources/site_257_bowra-dry-a/downloaded_clips/site_257_item_216276/site_257_item_216276_clip_017.webm,morning,autumn,0.866025,-0.5,1.0,0.0,autumn_morning
216276_clip024_s000,resources/site_257_bowra-dry-a/downloaded_clips/site_257_item_216276/site_257_item_216276_clip_024.webm,morning,autumn,0.866025,-0.5,1.0,0.0,autumn_morning
216276_clip024_s001,resources/site_257_bowra-dry-a/downloaded_clips/site_257_item_216276/site_257_item_216276_clip_024.webm,morning,autumn,0.866025,-0.5,1.0,0.0,autumn_morning
216325_clip006_s000,resources/site_257_bowra-dry-a/downloaded_clips/site_257_item_216325/site_257_item_216325_clip_006.webm,morning,autumn,0.866025,-0.5,1.0,0.0,autumn_morning
216325_clip006_s001,resources/site_257_bowra-dry-a/downloaded_clips/site_257_item_216325/site_257_item_216325_clip_006.webm,morning,autumn,0.866025,-0.5,1.0,0.0,autumn_morning
216325_clip010_s000,resources/site_257_bowra-dry-a/downloaded_clips/site_257_item_216325/site_257_item_216325_clip_010.webm,morning,autumn,0.866025,-0.5,1.0,0.0,autumn_morning
216474_clip020_s000,resources/site_257_bowra-dry-a/downloaded_clips/site_257_item_216474/site_257_item_216474_clip_020.webm,morning,autumn,0.5,-0.866025,0.866025,-0.5,autumn_morning
216474_clip024_s000,resources/site_257_bowra-dry-a/downloaded_clips/site_257_item_216474/site_257_item_216474_clip_024.webm,morning,autumn,0.5,-0.866025,0.866025,-0.5,autumn_morning
216577_clip023_s000,resources/site_257_bowra-dry-a/downloaded_clips/site_257_item_216577/site_257_item_216577_clip_023.webm,morning,autumn,0.866025,-0.5,0.866025,-0.5,autumn_morning
216577_clip023_s001,resources/site_257_bowra-dry-a/downloaded_clips/site_257_item_216577/site_257_item_216577_clip_023.webm,morning,autumn,0.866025,-0.5,0.866025,-0.5,autumn_morning
216596_clip002_s000,resources/site_257_bowra-dry-a/downloaded_clips/site_257_item_216596/site_257_item_216596_clip_002.webm,morning,autumn,0.5,-0.866025,0.866025,-0.5,autumn_morning
216596_clip002_s001,resources/site_257_bowra-dry-a/downloaded_clips/site_257_item_216596/site_257_item_216596_clip_002.webm,morning,autumn,0.5,-0.866025,0.866025,-0.5,autumn_morning
216596_clip002_s002,resources/site_257_bowra-dry-a/downloaded_clips/site_257_item_216596/site_257_item_216596_clip_002.webm,morning,autumn,0.5,-0.866025,0.866025,-0.5,autumn_morning
216621_clip004_s000,resources/site_257_bowra-dry-a/downloaded_clips/site_257_item_216621/site_257_item_216621_clip_004.webm,morning,autumn,0.866025,-0.5,0.866025,-0.5,autumn_morning
216621_clip014_s000,resources/site_257_bowra-dry-a/downloaded_clips/site_257_item_216621/site_257_item_216621_clip_014.webm,morning,autumn,0.866025,-0.5,0.866025,-0.5,autumn_morning
1312960_clip003_s000,resources/site_257_bowra-dry-a/downloaded_clips/site_257_item_1312960/site_257_item_1312960_clip_003.webm,morning,autumn,0.866025,-0.5,0.866025,-0.5,autumn_morning
1312960_clip007_s000,resources/site_257_bowra-dry-a/downloaded_clips/site_257_item_1312960/site_257_item_1312960_clip_007.webm,morning,autumn,0.866025,-0.5,0.866025,-0.5,autumn_morning
1312960_clip007_s001,resources/site_257_bowra-dry-a/downloaded_clips/site_257_item_1312960/site_257_item_1312960_clip_007.webm,morning,autumn,0.866025,-0.5,0.866025,-0.5,autumn_morning
1312960_clip009_s000,resources/site_257_bowra-dry-a/downloaded_clips/site_257_item_1312960/site_257_item_1312960_clip_009.webm,morning,autumn,0.866025,-0.5,0.866025,-0.5,autumn_morning
1312960_clip010_s000,resources/site_257_bowra-dry-a/downloaded_clips/site_257_item_1312960/site_257_item_1312960_clip_010.webm,morning,autumn,0.866025,-0.5,0.866025,-0.5,autumn_morning
1312960_clip012_s000,resources/site_257_bowra-dry-a/downloaded_clips/site_257_item_1312960/site_257_item_1312960_clip_012.webm,morning,autumn,0.866025,-0.5,0.866025,-0.5,autumn_morning
1312960_clip018_s000,resources/site_257_bowra-dry-a/downloaded_clips/site_257_item_1312960/site_257_item_1312960_clip_018.webm,morning,autumn,0.866025,-0.5,0.866025,-0.5,autumn_morning
1312960_clip018_s001,resources/site_257_bowra-dry-a/downloaded_clips/site_257_item_1312960/site_257_item_1312960_clip_018.webm,morning,autumn,0.866025,-0.5,0.866025,-0.5,autumn_morning
1312960_clip023_s000,resources/site_257_bowra-dry-a/downloaded_clips/site_257_item_1312960/site_257_item_1312960_clip_023.webm,morning,autumn,0.866025,-0.5,0.866025,-0.5,autumn_morning
1312960_clip023_s001,resources/site_257_bowra-dry-a/downloaded_clips/site_257_item_1312960/site_257_item_1312960_clip_023.webm,morning,autumn,0.866025,-0.5,0.866025,-0.5,autumn_morning
1312960_clip023_s002,resources/site_257_bowra-dry-a/downloaded_clips/site_257_item_1312960/site_257_item_1312960_clip_023.webm,morning,autumn,0.866025,-0.5,0.866025,-0.5,autumn_morning
1312960_clip024_s000,resources/site_257_bowra-dry-a/downloaded_clips/site_257_item_1312960/site_257_item_1312960_clip_024.webm,morning,autumn,0.866025,-0.5,0.866025,-0.5,autumn_morning
1313097_clip004_s000,resources/site_257_bowra-dry-a/downloaded_clips/site_257_item_1313097/site_257_item_1313097_clip_004.webm,morning,autumn,0.707107,-0.707107,0.866025,-0.5,autumn_morning
1313097_clip004_s001,resources/site_257_bowra-dry-a/downloaded_clips/site_257_item_1313097/site_257_item_1313097_clip_004.webm,morning,autumn,0.707107,-0.707107,0.866025,-0.5,autumn_morning
1313097_clip005_s000,resources/site_257_bowra-dry-a/downloaded_clips/site_257_item_1313097/site_257_item_1313097_clip_005.webm,morning,autumn,0.707107,-0.707107,0.866025,-0.5,autumn_morning
1313144_clip002_s000,resources/site_257_bowra-dry-a/downloaded_clips/site_257_item_1313144/site_257_item_1313144_clip_002.webm,morning,autumn,0.707107,-0.707107,0.866025,-0.5,autumn_morning
1313144_clip003_s000,resources/site_257_bowra-dry-a/downloaded_clips/site_257_item_1313144/site_257_item_1313144_clip_003.webm,morning,autumn,0.707107,-0.707107,0.866025,-0.5,autumn_morning
1313419_clip002_s000,resources/site_257_bowra-dry-a/downloaded_clips/site_257_item_1313419/site_257_item_1313419_clip_002.webm,morning,autumn,0.866025,-0.5,0.866025,-0.5,autumn_morning
1313419_clip005_s000,resources/site_257_bowra-dry-a/downloaded_clips/site_257_item_1313419/site_257_item_1313419_clip_005.webm,morning,autumn,0.866025,-0.5,0.866025,-0.5,autumn_morning
1313419_clip010_s000,resources/site_257_bowra-dry-a/downloaded_clips/site_257_item_1313419/site_257_item_1313419_clip_010.webm,morning,autumn,0.866025,-0.5,0.866025,-0.5,autumn_morning
1313419_clip015_s000,resources/site_257_bowra-dry-a/downloaded_clips/site_257_item_1313419/site_257_item_1313419_clip_015.webm,morning,autumn,0.866025,-0.5,0.866025,-0.5,autumn_morning
1313419_clip016_s000,resources/site_257_bowra-dry-a/downloaded_clips/site_257_item_1313419/site_257_item_1313419_clip_016.webm,morning,autumn,0.866025,-0.5,0.866025,-0.5,autumn_morning
1313419_clip017_s000,resources/site_257_bowra-dry-a/downloaded_clips/site_257_item_1313419/site_257_item_1313419_clip_017.webm,morning,autumn,0.866025,-0.5,0.866025,-0.5,autumn_morning
1401991_clip002_s000,resources/site_257_bowra-dry-a/downloaded_clips/site_257_item_1401991/site_257_item_1401991_clip_002.webm,morning,autumn,0.707107,-0.707107,1.0,0.0,autumn_morning
1401991_clip002_s001,resources/site_257_bowra-dry-a/downloaded_clips/site_257_item_1401991/site_257_item_1401991_clip_002.webm,morning,autumn,0.707107,-0.707107,1.0,0.0,autumn_morning
1401991_clip006_s000,resources/site_257_bowra-dry-a/downloaded_clips/site_257_item_1401991/site_257_item_1401991_clip_006.webm,morning,autumn,0.707107,-0.707107,1.0,0.0,autumn_morning
1401991_clip006_s001,resources/site_257_bowra-dry-a/downloaded_clips/site_257_item_1401991/site_257_item_1401991_clip_006.webm,morning,autumn,0.707107,-0.707107,1.0,0.0,autumn_morning
1401991_clip009_s000,resources/site_257_bowra-dry-a/downloaded_clips/site_257_item_1401991/site_257_item_1401991_clip_009.webm,morning,autumn,0.707107,-0.707107,1.0,0.0,autumn_morning
1401991_clip009_s001,resources/site_257_bowra-dry-a/downloaded_clips/site_257_item_1401991/site_257_item_1401991_clip_009.webm,morning,autumn,0.707107,-0.707107,1.0,0.0,autumn_morning
1401991_clip011_s000,resources/site_257_bowra-dry-a/downloaded_clips/site_257_item_1401991/site_257_item_1401991_clip_011.webm,morning,autumn,0.707107,-0.707107,1.0,0.0,autumn_morning
1403167_clip002_s000,resources/site_257_bowra-dry-a/downloaded_clips/site_257_item_1403167/site_257_item_1403167_clip_002.webm,morning,autumn,0.866025,-0.5,1.0,0.0,autumn_morning
1403167_clip003_s000,resources/site_257_bowra-dry-a/downloaded_clips/site_257_item_1403167/site_257_item_1403167_clip_003.webm,morning,autumn,0.866025,-0.5,1.0,0.0,autumn_morning
1403167_clip007_s000,resources/site_257_bowra-dry-a/downloaded_clips/site_257_item_1403167/site_257_item_1403167_clip_007.webm,morning,autumn,0.866025,-0.5,1.0,0.0,autumn_morning
1403167_clip010_s000,resources/site_257_bowra-dry-a/downloaded_clips/site_257_item_1403167/site_257_item_1403167_clip_010.webm,morning,autumn,0.866025,-0.5,1.0,0.0,autumn_morning
1403167_clip010_s001,resources/site_257_bowra-dry-a/downloaded_clips/site_257_item_1403167/site_257_item_1403167_clip_010.webm,morning,autumn,0.866025,-0.5,1.0,0.0,autumn_morning
1403167_clip011_s000,resources/site_257_bowra-dry-a/downloaded_clips/site_257_item_1403167/site_257_item_1403167_clip_011.webm,morning,autumn,0.866025,-0.5,1.0,0.0,autumn_morning
1403167_clip011_s001,resources/site_257_bowra-dry-a/downloaded_clips/site_257_item_1403167/site_257_item_1403167_clip_011.webm,morning,autumn,0.866025,-0.5,1.0,0.0,autumn_morning
1403167_clip011_s002,resources/site_257_bowra-dry-a/downloaded_clips/site_257_item_1403167/site_257_item_1403167_clip_011.webm,morning,autumn,0.866025,-0.5,1.0,0.0,autumn_morning
1403167_clip012_s000,resources/site_257_bowra-dry-a/downloaded_clips/site_257_item_1403167/site_257_item_1403167_clip_012.webm,morning,autumn,0.866025,-0.5,1.0,0.0,autumn_morning
1403167_clip012_s001,resources/site_257_bowra-dry-a/downloaded_clips/site_257_item_1403167/site_257_item_1403167_clip_012.webm,morning,autumn,0.866025,-0.5,1.0,0.0,autumn_morning
1403167_clip013_s000,resources/site_257_bowra-dry-a/downloaded_clips/site_257_item_1403167/site_257_item_1403167_clip_013.webm,morning,autumn,0.866025,-0.5,1.0,0.0,autumn_morning
1403167_clip020_s000,resources/site_257_bowra-dry-a/downloaded_clips/site_257_item_1403167/site_257_item_1403167_clip_020.webm,morning,autumn,0.866025,-0.5,1.0,0.0,autumn_morning
1403167_clip022_s000,resources/site_257_bowra-dry-a/downloaded_clips/site_257_item_1403167/site_257_item_1403167_clip_022.webm,morning,autumn,0.866025,-0.5,1.0,0.0,autumn_morning
1535887_clip011_s000,resources/site_257_bowra-dry-a/downloaded_clips/site_257_item_1535887/site_257_item_1535887_clip_011.webm,morning,autumn,0.866025,-0.5,1.0,0.0,autumn_morning
1535887_clip012_s000,resources/site_257_bowra-dry-a/downloaded_clips/site_257_item_1535887/site_257_item_1535887_clip_012.webm,morning,autumn,0.866025,-0.5,1.0,0.0,autumn_morning
1535887_clip015_s000,resources/site_257_bowra-dry-a/downloaded_clips/site_257_item_1535887/site_257_item_1535887_clip_015.webm,morning,autumn,0.866025,-0.5,1.0,0.0,autumn_morning
1535887_clip015_s001,resources/site_257_bowra-dry-a/downloaded_clips/site_257_item_1535887/site_257_item_1535887_clip_015.webm,morning,autumn,0.866025,-0.5,1.0,0.0,autumn_morning
1534220_clip014_s000,resources/site_257_bowra-dry-a/downloaded_clips/site_257_item_1534220/site_257_item_1534220_clip_014.webm,morning,autumn,0.866025,-0.5,0.5,-0.866025,autumn_morning
1535232_clip010_s000,resources/site_257_bowra-dry-a/downloaded_clips/site_257_item_1535232/site_257_item_1535232_clip_010.webm,morning,autumn,0.866025,-0.5,0.5,-0.866025,autumn_morning
1535232_clip022_s000,resources/site_257_bowra-dry-a/downloaded_clips/site_257_item_1535232/site_257_item_1535232_clip_022.webm,morning,autumn,0.866025,-0.5,0.5,-0.866025,autumn_morning
1535401_clip004_s000,resources/site_257_bowra-dry-a/downloaded_clips/site_257_item_1535401/site_257_item_1535401_clip_004.webm,morning,autumn,0.866025,-0.5,0.5,-0.866025,autumn_morning
1535401_clip020_s000,resources/site_257_bowra-dry-a/downloaded_clips/site_257_item_1535401/site_257_item_1535401_clip_020.webm,morning,autumn,0.866025,-0.5,0.5,-0.866025,autumn_morning
1536132_clip001_s000,resources/site_257_bowra-dry-a/downloaded_clips/site_257_item_1536132/site_257_item_1536132_clip_001.webm,morning,autumn,0.866025,-0.5,0.866025,-0.5,autumn_morning
1536132_clip017_s000,resources/site_257_bowra-dry-a/downloaded_clips/site_257_item_1536132/site_257_item_1536132_clip_017.webm,morning,autumn,0.866025,-0.5,0.866025,-0.5,autumn_morning
1536282_clip015_s000,resources/site_257_bowra-dry-a/downloaded_clips/site_257_item_1536282/site_257_item_1536282_clip_015.webm,morning,autumn,0.866025,-0.5,0.866025,-0.5,autumn_morning
1536282_clip017_s000,resources/site_257_bowra-dry-a/downloaded_clips/site_257_item_1536282/site_257_item_1536282_clip_017.webm,morning,autumn,0.866025,-0.5,0.866025,-0.5,autumn_morning
1670313_clip001_s000,resources/site_257_bowra-dry-a/downloaded_clips/site_257_item_1670313/site_257_item_1670313_clip_001.webm,morning,autumn,0.866025,-0.5,1.0,0.0,autumn_morning
1670313_clip003_s000,resources/site_257_bowra-dry-a/downloaded_clips/site_257_item_1670313/site_257_item_1670313_clip_003.webm,morning,autumn,0.866025,-0.5,1.0,0.0,autumn_morning
1670313_clip005_s000,resources/site_257_bowra-dry-a/downloaded_clips/site_257_item_1670313/site_257_item_1670313_clip_005.webm,morning,autumn,0.866025,-0.5,1.0,0.0,autumn_morning
1670313_clip007_s000,resources/site_257_bowra-dry-a/downloaded_clips/site_257_item_1670313/site_257_item_1670313_clip_007.webm,morning,autumn,0.866025,-0.5,1.0,0.0,autumn_morning
1670313_clip007_s001,resources/site_257_bowra-dry-a/downloaded_clips/site_257_item_1670313/site_257_item_1670313_clip_007.webm,morning,autumn,0.866025,-0.5,1.0,0.0,autumn_morning
1670313_clip008_s000,resources/site_257_bowra-dry-a/downloaded_clips/site_257_item_1670313/site_257_item_1670313_clip_008.webm,morning,autumn,0.866025,-0.5,1.0,0.0,autumn_morning
1670313_clip010_s000,resources/site_257_bowra-dry-a/downloaded_clips/site_257_item_1670313/site_257_item_1670313_clip_010.webm,morning,autumn,0.866025,-0.5,1.0,0.0,autumn_morning
1670313_clip010_s001,resources/site_257_bowra-dry-a/downloaded_clips/site_257_item_1670313/site_257_item_1670313_clip_010.webm,morning,autumn,0.866025,-0.5,1.0,0.0,autumn_morning
1670313_clip011_s000,resources/site_257_bowra-dry-a/downloaded_clips/site_257_item_1670313/site_257_item_1670313_clip_011.webm,morning,autumn,0.866025,-0.5,1.0,0.0,autumn_morning
1670313_clip011_s001,resources/site_257_bowra-dry-a/downloaded_clips/site_257_item_1670313/site_257_item_1670313_clip_011.webm,morning,autumn,0.866025,-0.5,1.0,0.0,autumn_morning
1670313_clip012_s000,resources/site_257_bowra-dry-a/downloaded_clips/site_257_item_1670313/site_257_item_1670313_clip_012.webm,morning,autumn,0.866025,-0.5,1.0,0.0,autumn_morning
1670313_clip012_s001,resources/site_257_bowra-dry-a/downloaded_clips/site_257_item_1670313/site_257_item_1670313_clip_012.webm,morning,autumn,0.866025,-0.5,1.0,0.0,autumn_morning
1670313_clip018_s000,resources/site_257_bowra-dry-a/downloaded_clips/site_257_item_1670313/site_257_item_1670313_clip_018.webm,morning,autumn,0.866025,-0.5,1.0,0.0,autumn_morning
1670435_clip008_s000,resources/site_257_bowra-dry-a/downloaded_clips/site_257_item_1670435/site_257_item_1670435_clip_008.webm,morning,autumn,0.866025,-0.5,1.0,0.0,autumn_morning
1671040_clip005_s000,resources/site_257_bowra-dry-a/downloaded_clips/site_257_item_1671040/site_257_item_1671040_clip_005.webm,morning,autumn,0.866025,-0.5,1.0,0.0,autumn_morning
1671040_clip008_s000,resources/site_257_bowra-dry-a/downloaded_clips/site_257_item_1671040/site_257_item_1671040_clip_008.webm,morning,autumn,0.866025,-0.5,1.0,0.0,autumn_morning
1671732_clip018_s000,resources/site_257_bowra-dry-a/downloaded_clips/site_257_item_1671732/site_257_item_1671732_clip_018.webm,morning,autumn,0.866025,-0.5,0.866025,-0.5,autumn_morning
1679599_clip024_s000,resources/site_257_bowra-dry-a/downloaded_clips/site_257_item_1679599/site_257_item_1679599_clip_024.webm,morning,autumn,0.866025,-0.5,1.0,0.0,autumn_morning
1672590_clip020_s000,resources/site_257_bowra-dry-a/downloaded_clips/site_257_item_1672590/site_257_item_1672590_clip_020.webm,morning,autumn,0.866025,-0.5,0.866025,-0.5,autumn_morning
1673374_clip009_s000,resources/site_257_bowra-dry-a/downloaded_clips/site_257_item_1673374/site_257_item_1673374_clip_009.webm,morning,autumn,0.866025,-0.5,0.5,-0.866025,autumn_morning
1673374_clip016_s000,resources/site_257_bowra-dry-a/downloaded_clips/site_257_item_1673374/site_257_item_1673374_clip_016.webm,morning,autumn,0.866025,-0.5,0.5,-0.866025,autumn_morning
1680545_clip023_s000,resources/site_257_bowra-dry-a/downloaded_clips/site_257_item_1680545/site_257_item_1680545_clip_023.webm,morning,autumn,0.866025,-0.5,0.5,-0.866025,autumn_morning
