segment_id,source_clip,diel_bin,season,hour_sin,hour_cos,month_sin,month_cos,cell
1313184_clip009_s000,resources/site_257_bowra-dry-a/downloaded_clips/site_257_item_1313184/site_257_item_1313184_clip_009.webm,dawn,autumn,1.0,0.0,0.866025,-0.5,autumn_dawn
1313184_clip017_s000,resources/site_257_bowra-dry-a/downloaded_clips/site_257_item_1313184/site_257_item_1313184_clip_017.webm,dawn,autumn,1.0,0.0,0.866025,-0.5,autumn_dawn
1313184_clip022_s000,resources/site_257_bowra-dry-a/downloaded_clips/site_257_item_1313184/site_257_item_1313184_clip_022.webm,dawn,autumn,1.0,0.0,0.866025,-0.5,autumn_dawn
1313285_clip004_s000,resources/site_257_bowra-dry-a/downloaded_clips/site_257_item_1313285/site_257_item_1313285_clip_004.webm,dawn,autumn,1.0,0.0,0.5,-0.866025,autumn_dawn
1313285_clip004_s001,resources/site_257_bowra-dry-a/downloaded_clips/site_257_item_1313285/site_257_item_1313285_clip_004.webm,dawn,autumn,1.0,0.0,0.5,-0.866025,autumn_dawn
1313285_clip004_s002,resources/site_257_bowra-dry-a/downloaded_clips/site_257_item_1313285/site_257_item_1313285_clip_004.webm,dawn,autumn,1.0,0.0,0.5,-0.866025,autumn_dawn
1313384_clip001_s000,resources/site_257_bowra-dry-a/downloaded_clips/site_257_item_1313384/site_257_item_1313384_clip_001.webm,dawn,autumn,1.0,0.0,0.866025,-0.5,autumn_dawn
1313384_clip003_s000,resources/site_257_bowra-dry-a/downloaded_clips/site_257_item_1313384/site_257_item_1313384_clip_003.webm,dawn,autumn,1.0,0.0,0.866025,-0.5,autumn_dawn
1313384_clip003_s001,resources/site_257_bowra-dry-a/downloaded_clips/site_257_item_1313384/site_257_item_1313384_clip_003.webm,dawn,autumn,1.0,0.0,0.866025,-0.5,autumn_dawn
1313384_clip005_s000,resources/site_257_bowra-dry-a/downloaded_clips/site_257_item_1313384/site_257_item_1313384_clip_005.webm,dawn,autumn,1.0,0.0,0.866025,-0.5,autumn_dawn
1313384_clip005_s001,resources/site_257_bowra-dry-a/downloaded_clips/site_257_item_1313384/site_257_item_1313384_clip_005.webm,dawn,autumn,1.0,0.0,0.866025,-0.5,autumn_dawn
1313384_clip006_s000,resources/site_257_bowra-dry-a/downloaded_clips/site_257_item_1313384/site_257_item_1313384_clip_006.webm,dawn,autumn,1.0,0.0,0.866025,-0.5,autumn_dawn
1313384_clip006_s001,resources/site_257_bowra-dry-a/downloaded_clips/site_257_item_1313384/site_257_item_1313384_clip_006.webm,dawn,autumn,1.0,0.0,0.866025,-0.5,autumn_dawn
1313384_clip006_s002,resources/site_257_bowra-dry-a/downloaded_clips/site_257_item_1313384/site_257_item_1313384_clip_006.webm,dawn,autumn,1.0,0.0,0.866025,-0.5,autumn_dawn
1313484_clip001_s000,resources/site_257_bowra-dry-a/downloaded_clips/site_257_item_1313484/site_257_item_1313484_clip_001.webm,dawn,autumn,0.965926,0.258819,0.5,-0.866025,autumn_dawn
1313484_clip003_s000,resources/site_257_bowra-dry-a/downloaded_clips/site_257_item_1313484/site_257_item_1313484_clip_003.webm,dawn,autumn,0.965926,0.258819,0.5,-0.866025,autumn_dawn
1313484_clip003_s001,resources/site_257_bowra-dry-a/downloaded_clips/site_257_item_1313484/site_257_item_1313484_clip_003.webm,dawn,autumn,0.965926,0.258819,0.5,-0.866025,autumn_dawn
1313484_clip003_s002,resources/site_257_bowra-dry-a/downloaded_clips/site_257_item_1313484/site_257_item_1313484_clip_003.webm,dawn,autumn,0.965926,0.258819,0.5,-0.866025,autumn_dawn
1313484_clip004_s000,resources/site_257_bowra-dry-a/downloaded_clips/site_257_item_1313484/site_257_item_1313484_clip_004.webm,dawn,autumn,0.965926,0.258819,0.5,-0.866025,autumn_dawn
1313484_clip004_s001,resources/site_257_bowra-dry-a/downloaded_clips/site_257_item_1313484/site_257_item_1313484_clip_004.webm,dawn,autumn,0.965926,0.258819,0.5,-0.866025,autumn_dawn
1313484_clip005_s000,resources/site_257_bowra-dry-a/downloaded_clips/site_257_item_1313484/site_257_item_1313484_clip_005.webm,dawn,autumn,0.965926,0.258819,0.5,-0.866025,autumn_dawn
1313484_clip006_s000,resources/site_257_bowra-dry-a/downloaded_clips/site_257_item_1313484/site_257_item_1313484_clip_006.webm,dawn,autumn,0.965926,0.258819,0.5,-0.866025,autumn_dawn
1313484_clip006_s001,resources/site_257_bowra-dry-a/downloaded_clips/site_257_item_1313484/site_257_item_1313484_clip_006.webm,dawn,autumn,0.965926,0.258819,0.5,-0.866025,autumn_dawn
1313484_clip006_s002,resources/site_257_bowra-dry-a/downloaded_clips/site_257_item_1313484/site_257_item_1313484_clip_006.webm,dawn,autumn,0.965926,0.258819,0.5,-0.866025,autumn_dawn
1313484_clip007_s000,resources/site_257_bowra-dry-a/downloaded_clips/site_257_item_1313484/site_257_item_1313484_clip_007.webm,dawn,autumn,0.965926,0.258819,0.5,-0.866025,autumn_dawn
1402571_clip018_s000,resources/site_257_bowra-dry-a/downloaded_clips/site_257_item_1402571/site_257_item_1402571_clip_018.webm,dawn,autumn,0.866025,0.5,1.0,0.0,autumn_dawn
1534205_clip020_s000,resources/site_257_bowra-dry-a/downloaded_clips/site_257_item_1534205/site_257_item_1534205_clip_020.webm,dawn,autumn,0.866025,0.5,0.866025,-0.5,autumn_dawn
1534205_clip020_s001,resources/site_257_bowra-dry-a/downloaded_clips/site_257_item_1534205/site_257_item_1534205_clip_020.webm,dawn,autumn,0.866025,0.5,0.866025,-0.5,autumn_dawn
1534205_clip023_s000,resources/site_257_bowra-dry-a/downloaded_clips/site_257_item_1534205/site_257_item_1534205_clip_023.webm,dawn,autumn,0.866025,0.5,0.866025,-0.5,autumn_dawn
1535269_clip009_s000,resources/site_257_bowra-dry-a/downloaded_clips/site_257_item_1535269/site_257_item_1535269_clip_009.webm,dawn,autumn,0.866025,0.5,0.5,-0.866025,autumn_dawn
1535269_clip010_s000,resources/site_257_bowra-dry-a/downloaded_clips/site_257_item_1535269/site_257_item_1535269_clip_010.webm,dawn,autumn,0.866025,0.5,0.5,-0.866025,autumn_dawn
1535269_clip010_s001,resources/site_257_bowra-dry-a/downloaded_clips/site_257_item_1535269/site_257_item_1535269_clip_010.webm,dawn,autumn,0.866025,0.5,0.5,-0.866025,autumn_dawn
1535269_clip013_s000,resources/site_257_bowra-dry-a/downloaded_clips/site_257_item_1535269/site_257_item_1535269_clip_013.webm,dawn,autumn,0.866025,0.5,0.5,-0.866025,autumn_dawn
1535269_clip023_s000,resources/site_257_bowra-dry-a/downloaded_clips/site_257_item_1535269/site_257_item_1535269_clip_023.webm,dawn,autumn,0.866025,0.5,0.5,-0.866025,autumn_dawn
1671221_clip001_s000,resources/site_257_bowra-dry-a/downloaded_clips/site_257_item_1671221/site_257_item_1671221_clip_001.webm,dawn,autumn,1.0,0.0,0.5,-0.866025,autumn_dawn
1680496_clip002_s000,resources/site_257_bowra-dry-a/downloaded_clips/site_257_item_1680496/site_257_item_1680496_clip_002.webm,dawn,autumn,1.0,0.0,0.5,-0.866025,autumn_dawn
1680496_clip002_s001,resources/site_257_bowra-dry-a/downloaded_clips/site_257_item_1680496/site_257_item_1680496_clip_002.webm,dawn,autumn,1.0,0.0,0.5,-0.866025,autumn_dawn
216086_clip002_s000,resources/site_257_bowra-dry-a/downloaded_clips/site_257_item_216086/site_257_item_216086_clip_002.webm,dawn,autumn,1.0,0.0,1.0,0.0,autumn_dawn
216086_clip007_s000,resources/site_257_bowra-dry-a/downloaded_clips/site_257_item_216086/site_257_item_216086_clip_007.webm,dawn,autumn,1.0,0.0,1.0,0.0,autumn_dawn
216086_clip011_s000,resources/site_257_bowra-dry-a/downloaded_clips/site_257_item_216086/site_257_item_216086_clip_011.webm,dawn,autumn,1.0,0.0,1.0,0.0,autumn_dawn
216086_clip011_s001,resources/site_257_bowra-dry-a/downloaded_clips/site_257_item_216086/site_257_item_216086_clip_011.webm,dawn,autumn,1.0,0.0,1.0,0.0,autumn_dawn
216086_clip014_s000,resources/site_257_bowra-dry-a/downloaded_clips/site_257_item_216086/site_257_item_216086_clip_014.webm,dawn,autumn,1.0,0.0,1.0,0.0,autumn_dawn
216086_clip014_s001,resources/site_257_bowra-dry-a/downloaded_clips/site_257_item_216086/site_257_item_216086_clip_014.webm,dawn,autumn,1.0,0.0,1.0,0.0,autumn_dawn
216086_clip014_s002,resources/site_257_bowra-dry-a/downloaded_clips/site_257_item_216086/site_257_item_216086_clip_014.webm,dawn,autumn,1.0,0.0,1.0,0.0,autumn_dawn
216086_clip016_s000,resources/site_257_bowra-dry-a/downloaded_clips/site_257_item_216086/site_257_item_216086_clip_016.webm,dawn,autumn,1.0,0.0,1.0,0.0,autumn_dawn
216086_clip018_s000,resources/site_257_bowra-dry-a/downloaded_clips/site_257_item_216086/site_257_item_216086_clip_018.webm,dawn,autumn,1.0,0.0,1.0,0.0,autumn_dawn
216086_clip020_s000,resources/site_257_bowra-dry-a/downloaded_clips/site_257_item_216086/site_257_item_216086_clip_020.webm,dawn,autumn,1.0,0.0,1.0,0.0,autumn_dawn
216086_clip023_s000,resources/site_257_bowra-dry-a/downloaded_clips/site_257_item_216086/site_257_item_216086_clip_023.webm,dawn,autumn,1.0,0.0,1.0,0.0,autumn_dawn
216086_clip024_s000,resources/site_257_bowra-dry-a/downloaded_clips/site_257_item_216086/site_257_item_216086_clip_024.webm,dawn,autumn,1.0,0.0,1.0,0.0,autumn_dawn
216466_clip011_s000,resources/site_257_bowra-dry-a/downloaded_clips/site_257_item_216466/site_257_item_216466_clip_011.webm,dawn,autumn,1.0,0.0,0.866025,-0.5,autumn_dawn
216466_clip014_s000,resources/site_257_bowra-dry-a/downloaded_clips/site_257_item_216466/site_257_item_216466_clip_014.webm,dawn,autumn,1.0,0.0,0.866025,-0.5,autumn_dawn
216466_clip018_s000,resources/site_257_bowra-dry-a/downloaded_clips/site_257_item_216466/site_257_item_216466_clip_018.webm,dawn,autumn,1.0,0.0,0.866025,-0.5,autumn_dawn
216466_clip022_s000,resources/site_257_bowra-dry-a/downloaded_clips/site_257_item_216466/site_257_item_216466_clip_022.webm,dawn,autumn,1.0,0.0,0.866025,-0.5,autumn_dawn
1313190_clip004_s000,resources/site_257_bowra-dry-a/downloaded_clips/site_257_item_1313190/site_257_item_1313190_clip_004.webm,afternoon,autumn,-0.5,-0.866025,0.866025,-0.5,autumn_afternoon
1313190_clip007_s000,resources/site_257_bowra-dry-a/downloaded_clips/site_257_item_1313190/site_257_item_1313190_clip_007.webm,afternoon,autumn,-0.5,-0.866025,0.866025,-0.5,autumn_afternoon
1313190_clip014_s000,resources/site_257_bowra-dry-a/downloaded_clips/site_257_item_1313190/site_257_item_1313190_clip_014.webm,afternoon,autumn,-0.5,-0.866025,0.866025,-0.5,autumn_afternoon
1313190_clip014_s001,resources/site_257_bowra-dry-a/downloaded_clips/site_257_item_1313190/site_257_item_1313190_clip_014.webm,afternoon,autumn,-0.5,-0.866025,0.866025,-0.5,autumn_afternoon
1313190_clip020_s000,resources/site_257_bowra-dry-a/downloaded_clips/site_257_item_1313190/site_257_item_1313190_clip_020.webm,afternoon,autumn,-0.5,-0.866025,0.866025,-0.5,autumn_afternoon
1313284_clip002_s000,resources/site_257_bowra-dry-a/downloaded_clips/site_257_item_1313284/site_257_item_1313284_clip_002.webm,afternoon,autumn,0.0,-1.0,0.5,-0.866025,autumn_afternoon
1313392_clip007_s000,resources/site_257_bowra-dry-a/downloaded_clips/site_257_item_1313392/site_257_item_1313392_clip_007.webm,afternoon,autumn,-0.5,-0.866025,0.866025,-0.5,autumn_afternoon
1313392_clip022_s000,resources/site_257_bowra-dry-a/downloaded_clips/site_257_item_1313392/site_257_item_1313392_clip_022.webm,afternoon,autumn,-0.5,-0.866025,0.866025,-0.5,autumn_afternoon
1313392_clip022_s001,resources/site_257_bowra-dry-a/downloaded_clips/site_257_item_1313392/site_257_item_1313392_clip_022.webm,afternoon,autumn,-0.5,-0.866025,0.866025,-0.5,autumn_afternoon
1313480_clip001_s000,resources/site_257_bowra-dry-a/downloaded_clips/site_257_item_1313480/site_257_item_1313480_clip_001.webm,afternoon,autumn,-0.5,-0.866025,0.5,-0.866025,autumn_afternoon
1313480_clip001_s001,resources/site_257_bowra-dry-a/downloaded_clips/site_257_item_1313480/site_257_item_1313480_clip_001.webm,afternoon,autumn,-0.5,-0.866025,0.5,-0.866025,autumn_afternoon
1313480_clip002_s000,resources/site_257_bowra-dry-a/downloaded_clips/site_257_item_1313480/site_257_item_1313480_clip_002.webm,afternoon,autumn,-0.5,-0.866025,0.5,-0.866025,autumn_afternoon
1313480_clip004_s000,resources/site_257_bowra-dry-a/downloaded_clips/site_257_item_1313480/site_257_item_1313480_clip_004.webm,afternoon,autumn,-0.5,-0.866025,0.5,-0.866025,autumn_afternoon
1313480_clip005_s000,resources/site_257_bowra-dry-a/downloaded_clips/site_257_item_1313480/site_257_item_1313480_clip_005.webm,afternoon,autumn,-0.5,-0.866025,0.5,-0.866025,autumn_afternoon
1313480_clip005_s001,resources/site_257_bowra-dry-a/downloaded_clips/site_257_item_1313480/site_257_item_1313480_clip_005.webm,afternoon,autumn,-0.5,-0.866025,0.5,-0.866025,autumn_afternoon
1313480_clip009_s000,resources/site_257_bowra-dry-a/downloaded_clips/site_257_item_1313480/site_257_item_1313480_clip_009.webm,afternoon,autumn,-0.5,-0.866025,0.5,-0.866025,autumn_afternoon
1313480_clip009_s001,resources/site_257_bowra-dry-a/downloaded_clips/site_257_item_1313480/site_257_item_1313480_clip_009.webm,afternoon,autumn,-0.5,-0.866025,0.5,-0.866025,autumn_afternoon
1313480_clip009_s002,resources/site_257_bowra-dry-a/downloaded_clips/site_257_item_1313480/site_257_item_1313480_clip_009.webm,afternoon,autumn,-0.5,-0.866025,0.5,-0.866025,autumn_afternoon
1313480_clip013_s000,resources/site_257_bowra-dry-a/downloaded_clips/site_257_item_1313480/site_257_item_1313480_clip_013.webm,afternoon,autumn,-0.5,-0.866025,0.5,-0.866025,autumn_afternoon
1313480_clip013_s001,resources/site_257_bowra-dry-a/downloaded_clips/site_257_item_1313480/site_257_item_1313480_clip_013.webm,afternoon,autumn,-0.5,-0.866025,0.5,-0.866025,autumn_afternoon
1313480_clip013_s002,resources/site_257_bowra-dry-a/downloaded_clips/site_257_item_1313480/site_257_item_1313480_clip_013.webm,afternoon,autumn,-0.5,-0.866025,0.5,-0.866025,autumn_afternoon
1313480_clip015_s000,resources/site_257_bowra-dry-a/downloaded_clips/site_257_item_1313480/site_257_item_1313480_clip_015.webm,afternoon,autumn,-0.5,-0.866025,0.5,-0.866025,autumn_afternoon
1313480_clip015_s001,resources/site_257_bowra-dry-a/downloaded_clips/site_257_item_1313480/site_257_item_1313480_clip_015.webm,afternoon,autumn,-0.5,-0.866025,0.5,-0.866025,autumn_afternoon
1313480_clip015_s002,resources/site_257_bowra-dry-a/downloaded_clips/site_257_item_1313480/site_257_item_1313480_clip_015.webm,afternoon,autumn,-0.5,-0.866025,0.5,-0.866025,autumn_afternoon
1313480_clip015_s003,resources/site_257_bowra-dry-a/downloaded_clips/site_257_item_1313480/site_257_item_1313480_clip_015.webm,afternoon,autumn,-0.5,-0.866025,0.5,-0.866025,autumn_afternoon
1313480_clip015_s004,resources/site_257_bowra-dry-a/downloaded_clips/site_257_item_1313480/site_257_item_1313480_clip_015.webm,afternoon,autumn,-0.5,-0.866025,0.5,-0.866025,autumn_afternoon
1313480_clip017_s000,resources/site_257_bowra-dry-a/downloaded_clips/site_257_item_1313480/site_257_item_1313480_clip_017.webm,afternoon,autumn,-0.5,-0.866025,0.5,-0.866025,autumn_afternoon
1313480_clip017_s001,resources/site_257_bowra-dry-a/downloaded_clips/site_257_item_1313480/site_257_item_1313480_clip_017.webm,afternoon,autumn,-0.5,-0.866025,0.5,-0.866025,autumn_afternoon
1313480_clip018_s000,resources/site_257_bowra-dry-a/downloaded_clips/site_257_item_1313480/site_257_item_1313480_clip_018.webm,afternoon,autumn,-0.5,-0.866025,0.5,-0.866025,autumn_afternoon
1313480_clip018_s001,resources/site_257_bowra-dry-a/downloaded_clips/site_257_item_1313480/site_257_item_1313480_clip_018.webm,afternoon,autumn,-0.5,-0.866025,0.5,-0.866025,autumn_afternoon
1313480_clip018_s002,resources/site_257_bowra-dry-a/downloaded_clips/site_257_item_1313480/site_257_item_1313480_clip_018.webm,afternoon,autumn,-0.5,-0.866025,0.5,-0.866025,autumn_afternoon
1313480_clip018_s003,resources/site_257_bowra-dry-a/downloaded_clips/site_257_item_1313480/site_257_item_1313480_clip_018.webm,afternoon,autumn,-0.5,-0.866025,0.5,-0.866025,autumn_afternoon
1313480_clip019_s000,resources/site_257_bowra-dry-a/downloaded_clips/site_257_item_1313480/site_257_item_1313480_clip_019.webm,afternoon,autumn,-0.5,-0.866025,0.5,-0.866025,autumn_afternoon
1313480_clip019_s001,resources/site_257_bowra-dry-a/downloaded_clips/site_257_item_1313480/site_257_item_1313480_clip_019.webm,afternoon,autumn,-0.5,-0.866025,0.5,-0.866025,autumn_afternoon
1313480_clip020_s000,resources/site_257_bowra-dry-a/downloaded_clips/site_257_item_1313480/site_257_item_1313480_clip_020.webm,afternoon,autumn,-0.5,-0.866025,0.5,-0.866025,autumn_afternoon
1313480_clip020_s001,resources/site_257_bowra-dry-a/downloaded_clips/site_257_item_1313480/site_257_item_1313480_clip_020.webm,afternoon,autumn,-0.5,-0.866025,0.5,-0.866025,autumn_afternoon
1402577_clip002_s000,resources/site_257_bowra-dry-a/downloaded_clips/site_257_item_1402577/site_257_item_1402577_clip_002.webm,afternoon,autumn,0.0,-1.0,1.0,0.0,autumn_afternoon
1402577_clip009_s000,resources/site_257_bowra-dry-a/downloaded_clips/site_257_item_1402577/site_257_item_1402577_clip_009.webm,afternoon,autumn,0.0,-1.0,1.0,0.0,autumn_afternoon
1402577_clip011_s000,resources/site_257_bowra-dry-a/downloaded_clips/site_257_item_1402577/site_257_item_1402577_clip_011.webm,afternoon,autumn,0.0,-1.0,1.0,0.0,autumn_afternoon
1402577_clip021_s000,resources/site_257_bowra-dry-a/downloaded_clips/site_257_item_1402577/site_257_item_1402577_clip_021.webm,afternoon,autumn,0.0,-1.0,1.0,0.0,autumn_afternoon
1535281_clip005_s000,resources/site_257_bowra-dry-a/downloaded_clips/site_257_item_1535281/site_257_item_1535281_clip_005.webm,afternoon,autumn,-0.5,-0.866025,0.5,-0.866025,autumn_afternoon
1535281_clip005_s001,resources/site_257_bowra-dry-a/downloaded_clips/site_257_item_1535281/site_257_item_1535281_clip_005.webm,afternoon,autumn,-0.5,-0.866025,0.5,-0.866025,autumn_afternoon
1535281_clip005_s002,resources/site_257_bowra-dry-a/downloaded_clips/site_257_item_1535281/site_257_item_1535281_clip_005.webm,afternoon,autumn,-0.5,-0.866025,0.5,-0.866025,autumn_afternoon
1535281_clip005_s003,resources/site_257_bowra-dry-a/downloaded_clips/site_257_item_1535281/site_257_item_1535281_clip_005.webm,afternoon,autumn,-0.5,-0.866025,0.5,-0.866025,autumn_afternoon
1535281_clip005_s004,resources/site_257_bowra-dry-a/downloaded_clips/site_257_item_1535281/site_257_item_1535281_clip_005.webm,afternoon,autumn,-0.5,-0.866025,0.5,-0.866025,autumn_afternoon
1535281_clip006_s000,resources/site_257_bowra-dry-a/downloaded_clips/site_257_item_1535281/site_257_item_1535281_clip_006.webm,afternoon,autumn,-0.5,-0.866025,0.5,-0.866025,autumn_afternoon
1535281_clip006_s001,resources/site_257_bowra-dry-a/downloaded_clips/site_257_item_1535281/site_257_item_1535281_clip_006.webm,afternoon,autumn,-0.5,-0.866025,0.5,-0.866025,autumn_afternoon
1535281_clip006_s002,resources/site_257_bowra-dry-a/downloaded_clips/site_257_item_1535281/site_257_item_1535281_clip_006.webm,afternoon,autumn,-0.5,-0.866025,0.5,-0.866025,autumn_afternoon
1535281_clip006_s003,resources/site_257_bowra-dry-a/downloaded_clips/site_257_item_1535281/site_257_item_1535281_clip_006.webm,afternoon,autumn,-0.5,-0.866025,0.5,-0.866025,autumn_afternoon
1535281_clip014_s000,resources/site_257_bowra-dry-a/downloaded_clips/site_257_item_1535281/site_257_item_1535281_clip_014.webm,afternoon,autumn,-0.5,-0.866025,0.5,-0.866025,autumn_afternoon
1535281_clip018_s000,resources/site_257_bowra-dry-a/downloaded_clips/site_257_item_1535281/site_257_item_1535281_clip_018.webm,afternoon,autumn,-0.5,-0.866025,0.5,-0.866025,autumn_afternoon
1535281_clip022_s000,resources/site_257_bowra-dry-a/downloaded_clips/site_257_item_1535281/site_257_item_1535281_clip_022.webm,afternoon,autumn,-0.5,-0.866025,0.5,-0.866025,autumn_afternoon
1535281_clip023_s000,resources/site_257_bowra-dry-a/downloaded_clips/site_257_item_1535281/site_257_item_1535281_clip_023.webm,afternoon,autumn,-0.5,-0.866025,0.5,-0.866025,autumn_afternoon
1535281_clip023_s001,resources/site_257_bowra-dry-a/downloaded_clips/site_257_item_1535281/site_257_item_1535281_clip_023.webm,afternoon,autumn,-0.5,-0.866025,0.5,-0.866025,autumn_afternoon
1535281_clip023_s002,resources/site_257_bowra-dry-a/downloaded_clips/site_257_item_1535281/site_257_item_1535281_clip_023.webm,afternoon,autumn,-0.5,-0.866025,0.5,-0.866025,autumn_afternoon
1535281_clip023_s003,resources/site_257_bowra-dry-a/downloaded_clips/site_257_item_1535281/site_257_item_1535281_clip_023.webm,afternoon,autumn,-0.5,-0.866025,0.5,-0.866025,autumn_afternoon
1535281_clip023_s004,resources/site_257_bowra-dry-a/downloaded_clips/site_257_item_1535281/site_257_item_1535281_clip_023.webm,afternoon,autumn,-0.5,-0.866025,0.5,-0.866025,autumn_afternoon
1535770_clip012_s000,resources/site_257_bowra-dry-a/downloaded_clips/site_257_item_1535770/site_257_item_1535770_clip_012.webm,afternoon,autumn,-0.5,-0.866025,1.0,0.0,autumn_afternoon
1535770_clip012_s001,resources/site_257_bowra-dry-a/downloaded_clips/site_257_item_1535770/site_257_item_1535770_clip_012.webm,afternoon,autumn,-0.5,-0.866025,1.0,0.0,autumn_afternoon
1535770_clip023_s000,resources/site_257_bowra-dry-a/downloaded_clips/site_257_item_1535770/site_257_item_1535770_clip_023.webm,afternoon,autumn,-0.5,-0.866025,1.0,0.0,autumn_afternoon
1536130_clip002_s000,resources/site_257_bowra-dry-a/downloaded_clips/site_257_item_1536130/site_257_item_1536130_clip_002.webm,afternoon,autumn,-0.5,-0.866025,0.866025,-0.5,autumn_afternoon
1536130_clip004_s000,resources/site_257_bowra-dry-a/downloaded_clips/site_257_item_1536130/site_257_item_1536130_clip_004.webm,afternoon,autumn,-0.5,-0.866025,0.866025,-0.5,autumn_afternoon
1536130_clip010_s000,resources/site_257_bowra-dry-a/downloaded_clips/site_257_item_1536130/site_257_item_1536130_clip_010.webm,afternoon,autumn,-0.5,-0.866025,0.866025,-0.5,autumn_afternoon
1536130_clip013_s000,resources/site_257_bowra-dry-a/downloaded_clips/site_257_item_1536130/site_257_item_1536130_clip_013.webm,afternoon,autumn,-0.5,-0.866025,0.866025,-0.5,autumn_afternoon
1536130_clip015_s000,resources/site_257_bowra-dry-a/downloaded_clips/site_257_item_1536130/site_257_item_1536130_clip_015.webm,afternoon,autumn,-0.5,-0.866025,0.866025,-0.5,autumn_afternoon
1536130_clip016_s000,resources/site_257_bowra-dry-a/downloaded_clips/site_257_item_1536130/site_257_item_1536130_clip_016.webm,afternoon,autumn,-0.5,-0.866025,0.866025,-0.5,autumn_afternoon
1536130_clip019_s000,resources/site_257_bowra-dry-a/downloaded_clips/site_257_item_1536130/site_257_item_1536130_clip_019.webm,afternoon,autumn,-0.5,-0.866025,0.866025,-0.5,autumn_afternoon
1536130_clip019_s001,resources/site_257_bowra-dry-a/downloaded_clips/site_257_item_1536130/site_257_item_1536130_clip_019.webm,afternoon,autumn,-0.5,-0.866025,0.866025,-0.5,autumn_afternoon
1536130_clip023_s000,resources/site_257_bowra-dry-a/downloaded_clips/site_257_item_1536130/site_257_item_1536130_clip_023.webm,afternoon,autumn,-0.5,-0.866025,0.866025,-0.5,autumn_afternoon
1536463_clip005_s000,resources/site_257_bowra-dry-a/downloaded_clips/site_257_item_1536463/site_257_item_1536463_clip_005.webm,afternoon,autumn,-0.5,-0.866025,0.866025,-0.5,autumn_afternoon
1536463_clip007_s000,resources/site_257_bowra-dry-a/downloaded_clips/site_257_item_1536463/site_257_item_1536463_clip_007.webm,afternoon,autumn,-0.5,-0.866025,0.866025,-0.5,autumn_afternoon
1536463_clip008_s000,resources/site_257_bowra-dry-a/downloaded_clips/site_257_item_1536463/site_257_item_1536463_clip_008.webm,afternoon,autumn,-0.5,-0.866025,0.866025,-0.5,autumn_afternoon
1536463_clip010_s000,resources/site_257_bowra-dry-a/downloaded_clips/site_257_item_1536463/site_257_item_1536463_clip_010.webm,afternoon,autumn,-0.5,-0.866025,0.866025,-0.5,autumn_afternoon
1536463_clip011_s000,resources/site_257_bowra-dry-a/downloaded_clips/site_257_item_1536463/site_257_item_1536463_clip_011.webm,afternoon,autumn,-0.5,-0.866025,0.866025,-0.5,autumn_afternoon
1536463_clip011_s001,resources/site_257_bowra-dry-a/downloaded_clips/site_257_item_1536463/site_257_item_1536463_clip_011.webm,afternoon,autumn,-0.5,-0.866025,0.866025,-0.5,autumn_afternoon
1536463_clip012_s000,resources/site_257_bowra-dry-a/downloaded_clips/site_257_item_1536463/site_257_item_1536463_clip_012.webm,afternoon,autumn,-0.5,-0.866025,0.866025,-0.5,autumn_afternoon
1536463_clip020_s000,resources/site_257_bowra-dry-a/downloaded_clips/site_257_item_1536463/site_257_item_1536463_clip_020.webm,afternoon,autumn,-0.5,-0.866025,0.866025,-0.5,autumn_afternoon
1536463_clip020_s001,resources/site_257_bowra-dry-a/downloaded_clips/site_257_item_1536463/site_257_item_1536463_clip_020.webm,afternoon,autumn,-0.5,-0.866025,0.866025,-0.5,autumn_afternoon
1536463_clip021_s000,resources/site_257_bowra-dry-a/downloaded_clips/site_257_item_1536463/site_257_item_1536463_clip_021.webm,afternoon,autumn,-0.5,-0.866025,0.866025,-0.5,autumn_afternoon
1536463_clip021_s001,resources/site_257_bowra-dry-a/downloaded_clips/site_257_item_1536463/site_257_item_1536463_clip_021.webm,afternoon,autumn,-0.5,-0.866025,0.866025,-0.5,autumn_afternoon
1536559_clip001_s000,resources/site_257_bowra-dry-a/downloaded_clips/site_257_item_1536559/site_257_item_1536559_clip_001.webm,afternoon,autumn,-0.5,-0.866025,0.5,-0.866025,autumn_afternoon
1536559_clip001_s001,resources/site_257_bowra-dry-a/downloaded_clips/site_257_item_1536559/site_257_item_1536559_clip_001.webm,afternoon,autumn,-0.5,-0.866025,0.5,-0.866025,autumn_afternoon
1536559_clip001_s002,resources/site_257_bowra-dry-a/downloaded_clips/site_257_item_1536559/site_257_item_1536559_clip_001.webm,afternoon,autumn,-0.5,-0.866025,0.5,-0.866025,autumn_afternoon
1536559_clip002_s000,resources/site_257_bowra-dry-a/downloaded_clips/site_257_item_1536559/site_257_item_1536559_clip_002.webm,afternoon,autumn,-0.5,-0.866025,0.5,-0.866025,autumn_afternoon
1536559_clip002_s001,resources/site_257_bowra-dry-a/downloaded_clips/site_257_item_1536559/site_257_item_1536559_clip_002.webm,afternoon,autumn,-0.5,-0.866025,0.5,-0.866025,autumn_afternoon
1536559_clip007_s000,resources/site_257_bowra-dry-a/downloaded_clips/site_257_item_1536559/site_257_item_1536559_clip_007.webm,afternoon,autumn,-0.5,-0.866025,0.5,-0.866025,autumn_afternoon
1536559_clip015_s000,resources/site_257_bowra-dry-a/downloaded_clips/site_257_item_1536559/site_257_item_1536559_clip_015.webm,afternoon,autumn,-0.5,-0.866025,0.5,-0.866025,autumn_afternoon
1536559_clip015_s001,resources/site_257_bowra-dry-a/downloaded_clips/site_257_item_1536559/site_257_item_1536559_clip_015.webm,afternoon,autumn,-0.5,-0.866025,0.5,-0.866025,autumn_afternoon
1536559_clip015_s002,resources/site_257_bowra-dry-a/downloaded_clips/site_257_item_1536559/site_257_item_1536559_clip_015.webm,afternoon,autumn,-0.5,-0.866025,0.5,-0.866025,autumn_afternoon
1536559_clip018_s000,resources/site_257_bowra-dry-a/downloaded_clips/site_257_item_1536559/site_257_item_1536559_clip_018.webm,afternoon,autumn,-0.5,-0.866025,0.5,-0.866025,autumn_afternoon
1536559_clip019_s000,resources/site_257_bowra-dry-a/downloaded_clips/site_257_item_1536559/site_257_item_1536559_clip_019.webm,afternoon,autumn,-0.5,-0.866025,0.5,-0.866025,autumn_afternoon
1670408_clip001_s000,resources/site_257_bowra-dry-a/downloaded_clips/site_257_item_1670408/site_257_item_1670408_clip_001.webm,afternoon,autumn,-0.5,-0.866025,1.0,0.0,autumn_afternoon
1670408_clip009_s000,resources/site_257_bowra-dry-a/downloaded_clips/site_257_item_1670408/site_257_item_1670408_clip_009.webm,afternoon,autumn,-0.5,-0.866025,1.0,0.0,autumn_afternoon
1670408_clip009_s001,resources/site_257_bowra-dry-a/downloaded_clips/site_257_item_1670408/site_257_item_1670408_clip_009.webm,afternoon,autumn,-0.5,-0.866025,1.0,0.0,autumn_afternoon
1670408_clip009_s002,resources/site_257_bowra-dry-a/downloaded_clips/site_257_item_1670408/site_257_item_1670408_clip_009.webm,afternoon,autumn,-0.5,-0.866025,1.0,0.0,autumn_afternoon
1670408_clip013_s000,resources/site_257_bowra-dry-a/downloaded_clips/site_257_item_1670408/site_257_item_1670408_clip_013.webm,afternoon,autumn,-0.5,-0.866025,1.0,0.0,autumn_afternoon
1670408_clip013_s001,resources/site_257_bowra-dry-a/downloaded_clips/site_257_item_1670408/site_257_item_1670408_clip_013.webm,afternoon,autumn,-0.5,-0.866025,1.0,0.0,autumn_afternoon
1670408_clip013_s002,resources/site_257_bowra-dry-a/downloaded_clips/site_257_item_1670408/site_257_item_1670408_clip_013.webm,afternoon,autumn,-0.5,-0.866025,1.0,0.0,autumn_afternoon
1670408_clip013_s003,resources/site_257_bowra-dry-a/downloaded_clips/site_257_item_1670408/site_257_item_1670408_clip_013.webm,afternoon,autumn,-0.5,-0.866025,1.0,0.0,autumn_afternoon
1670408_clip023_s000,resources/site_257_bowra-dry-a/downloaded_clips/site_257_item_1670408/site_257_item_1670408_clip_023.webm,afternoon,autumn,-0.5,-0.866025,1.0,0.0,autumn_afternoon
1670408_clip023_s001,resources/site_257_bowra-dry-a/downloaded_clips/site_257_item_1670408/site_257_item_1670408_clip_023.webm,afternoon,autumn,-0.5,-0.866025,1.0,0.0,autumn_afternoon
1672094_clip002_s000,resources/site_257_bowra-dry-a/downloaded_clips/site_257_item_1672094/site_257_item_1672094_clip_002.webm,afternoon,autumn,-0.258819,-0.965926,0.866025,-0.5,autumn_afternoon
1672094_clip002_s001,resources/site_257_bowra-dry-a/downloaded_clips/site_257_item_1672094/site_257_item_1672094_clip_002.webm,afternoon,autumn,-0.258819,-0.965926,0.866025,-0.5,autumn_afternoon
1672094_clip002_s002,resources/site_257_bowra-dry-a/downloaded_clips/site_257_item_1672094/site_257_item_1672094_clip_002.webm,afternoon,autumn,-0.258819,-0.965926,0.866025,-0.5,autumn_afternoon
1672094_clip002_s003,resources/site_257_bowra-dry-a/downloaded_clips/site_257_item_1672094/site_257_item_1672094_clip_002.webm,afternoon,autumn,-0.258819,-0.965926,0.866025,-0.5,autumn_afternoon
1672094_clip004_s000,resources/site_257_bowra-dry-a/downloaded_clips/site_257_item_1672094/site_257_item_1672094_clip_004.webm,afternoon,autumn,-0.258819,-0.965926,0.866025,-0.5,autumn_afternoon
1672094_clip005_s000,resources/site_257_bowra-dry-a/downloaded_clips/site_257_item_1672094/site_257_item_1672094_clip_005.webm,afternoon,autumn,-0.258819,-0.965926,0.866025,-0.5,autumn_afternoon
1672094_clip005_s001,resources/site_257_bowra-dry-a/downloaded_clips/site_257_item_1672094/site_257_item_1672094_clip_005.webm,afternoon,autumn,-0.258819,-0.965926,0.866025,-0.5,autumn_afternoon
1672094_clip005_s002,resources/site_257_bowra-dry-a/downloaded_clips/site_257_item_1672094/site_257_item_1672094_clip_005.webm,afternoon,autumn,-0.258819,-0.965926,0.866025,-0.5,autumn_afternoon
1672094_clip005_s003,resources/site_257_bowra-dry-a/downloaded_clips/site_257_item_1672094/site_257_item_1672094_clip_005.webm,afternoon,autumn,-0.258819,-0.965926,0.866025,-0.5,autumn_afternoon
1672094_clip005_s004,resources/site_257_bowra-dry-a/downloaded_clips/site_257_item_1672094/site_257_item_1672094_clip_005.webm,afternoon,autumn,-0.258819,-0.965926,0.866025,-0.5,autumn_afternoon
1672094_clip005_s005,resources/site_257_bowra-dry-a/downloaded_clips/site_257_item_1672094/site_257_item_1672094_clip_005.webm,afternoon,autumn,-0.258819,-0.965926,0.866025,-0.5,autumn_afternoon
1672094_clip006_s000,resources/site_257_bowra-dry-a/downloaded_clips/site_257_item_1672094/site_257_item_1672094_clip_006.webm,afternoon,autumn,-0.258819,-0.965926,0.866025,-0.5,autumn_afternoon
1672923_clip001_s000,resources/site_257_bowra-dry-a/downloaded_clips/site_257_item_1672923/site_257_item_1672923_clip_001.webm,afternoon,autumn,-0.258819,-0.965926,0.5,-0.866025,autumn_afternoon
1672923_clip001_s001,resources/site_257_bowra-dry-a/downloaded_clips/site_257_item_1672923/site_257_item_1672923_clip_001.webm,afternoon,autumn,-0.258819,-0.965926,0.5,-0.866025,autumn_afternoon
1672923_clip002_s000,resources/site_257_bowra-dry-a/downloaded_clips/site_257_item_1672923/site_257_item_1672923_clip_002.webm,afternoon,autumn,-0.258819,-0.965926,0.5,-0.866025,autumn_afternoon
1672923_clip004_s000,resources/site_257_bowra-dry-a/downloaded_clips/site_257_item_1672923/site_257_item_1672923_clip_004.webm,afternoon,autumn,-0.258819,-0.965926,0.5,-0.866025,autumn_afternoon
1672923_clip004_s001,resources/site_257_bowra-dry-a/downloaded_clips/site_257_item_1672923/site_257_item_1672923_clip_004.webm,afternoon,autumn,-0.258819,-0.965926,0.5,-0.866025,autumn_afternoon
1672923_clip004_s002,resources/site_257_bowra-dry-a/downloaded_clips/site_257_item_1672923/site_257_item_1672923_clip_004.webm,afternoon,autumn,-0.258819,-0.965926,0.5,-0.866025,autumn_afternoon
1676142_clip005_s000,resources/site_257_bowra-dry-a/downloaded_clips/site_257_item_1676142/site_257_item_1676142_clip_005.webm,afternoon,autumn,0.0,-1.0,0.866025,-0.5,autumn_afternoon
1676142_clip009_s000,resources/site_257_bowra-dry-a/downloaded_clips/site_257_item_1676142/site_257_item_1676142_clip_009.webm,afternoon,autumn,0.0,-1.0,0.866025,-0.5,autumn_afternoon
1676142_clip010_s000,resources/site_257_bowra-dry-a/downloaded_clips/site_257_item_1676142/site_257_item_1676142_clip_010.webm,afternoon,autumn,0.0,-1.0,0.866025,-0.5,autumn_afternoon
1676142_clip012_s000,resources/site_257_bowra-dry-a/downloaded_clips/site_257_item_1676142/site_257_item_1676142_clip_012.webm,afternoon,autumn,0.0,-1.0,0.866025,-0.5,autumn_afternoon
1676142_clip014_s000,resources/site_257_bowra-dry-a/downloaded_clips/site_257_item_1676142/site_257_item_1676142_clip_014.webm,afternoon,autumn,0.0,-1.0,0.866025,-0.5,autumn_afternoon
1676142_clip014_s001,resources/site_257_bowra-dry-a/downloaded_clips/site_257_item_1676142/site_257_item_1676142_clip_014.webm,afternoon,autumn,0.0,-1.0,0.866025,-0.5,autumn_afternoon
1676142_clip014_s002,resources/site_257_bowra-dry-a/downloaded_clips/site_257_item_1676142/site_257_item_1676142_clip_014.webm,afternoon,autumn,0.0,-1.0,0.866025,-0.5,autumn_afternoon
1676142_clip014_s003,resources/site_257_bowra-dry-a/downloaded_clips/site_257_item_1676142/site_257_item_1676142_clip_014.webm,afternoon,autumn,0.0,-1.0,0.866025,-0.5,autumn_afternoon
1676142_clip014_s004,resources/site_257_bowra-dry-a/downloaded_clips/site_257_item_1676142/site_257_item_1676142_clip_014.webm,afternoon,autumn,0.0,-1.0,0.866025,-0.5,autumn_afternoon
1676142_clip015_s000,resources/site_257_bowra-dry-a/downloaded_clips/site_257_item_1676142/site_257_item_1676142_clip_015.webm,afternoon,autumn,0.0,-1.0,0.866025,-0.5,autumn_afternoon
1676142_clip015_s001,resources/site_257_bowra-dry-a/downloaded_clips/site_257_item_1676142/site_257_item_1676142_clip_015.webm,afternoon,autumn,0.0,-1.0,0.866025,-0.5,autumn_afternoon
1676142_clip015_s002,resources/site_257_bowra-dry-a/downloaded_clips/site_257_item_1676142/site_257_item_1676142_clip_015.webm,afternoon,autumn,0.0,-1.0,0.866025,-0.5,autumn_afternoon
1676142_clip016_s000,resources/site_257_bowra-dry-a/downloaded_clips/site_257_item_1676142/site_257_item_1676142_clip_016.webm,afternoon,autumn,0.0,-1.0,0.866025,-0.5,autumn_afternoon
1676142_clip016_s001,resources/site_257_bowra-dry-a/downloaded_clips/site_257_item_1676142/site_257_item_1676142_clip_016.webm,afternoon,autumn,0.0,-1.0,0.866025,-0.5,autumn_afternoon
1676142_clip016_s002,resources/site_257_bowra-dry-a/downloaded_clips/site_257_item_1676142/site_257_item_1676142_clip_016.webm,afternoon,autumn,0.0,-1.0,0.866025,-0.5,autumn_afternoon
1681672_clip008_s000,resources/site_257_bowra-dry-a/downloaded_clips/site_257_item_1681672/site_257_item_1681672_clip_008.webm,afternoon,autumn,-0.5,-0.866025,0.5,-0.866025,autumn_afternoon
1681672_clip013_s000,resources/site_257_bowra-dry-a/downloaded_clips/site_257_item_1681672/site_257_item_1681672_clip_013.webm,afternoon,autumn,-0.5,-0.866025,0.5,-0.866025,autumn_afternoon
1681672_clip015_s000,resources/site_257_bowra-dry-a/downloaded_clips/site_257_item_1681672/site_257_item_1681672_clip_015.webm,afternoon,autumn,-0.5,-0.866025,0.5,-0.866025,autumn_afternoon
1681672_clip015_s001,resources/site_257_bowra-dry-a/downloaded_clips/site_257_item_1681672/site_257_item_1681672_clip_015.webm,afternoon,autumn,-0.5,-0.866025,0.5,-0.866025,autumn_afternoon
1681672_clip015_s002,resources/site_257_bowra-dry-a/downloaded_clips/site_257_item_1681672/site_257_item_1681672_clip_015.webm,afternoon,autumn,-0.5,-0.866025,0.5,-0.866025,autumn_afternoon
1681672_clip015_s003,resources/site_257_bowra-dry-a/downloaded_clips/site_257_item_1681672/site_257_item_1681672_clip_015.webm,afternoon,autumn,-0.5,-0.866025,0.5,-0.866025,autumn_afternoon
1681672_clip015_s004,resources/site_257_bowra-dry-a/downloaded_clips/site_257_item_1681672/site_257_item_1681672_clip_015.webm,afternoon,autumn,-0.5,-0.866025,0.5,-0.866025,autumn_afternoon
1681672_clip015_s005,resources/site_257_bowra-dry-a/downloaded_clips/site_257_item_1681672/site_257_item_1681672_clip_015.webm,afternoon,autumn,-0.5,-0.866025,0.5,-0.866025,autumn_afternoon
1681672_clip015_s006,resources/site_257_bowra-dry-a/downloaded_clips/site_257_item_1681672/site_257_item_1681672_clip_015.webm,afternoon,autumn,-0.5,-0.866025,0.5,-0.866025,autumn_afternoon
1681672_clip016_s000,resources/site_257_bowra-dry-a/downloaded_clips/site_257_item_1681672/site_257_item_1681672_clip_016.webm,afternoon,autumn,-0.5,-0.866025,0.5,-0.866025,autumn_afternoon
1681672_clip020_s000,resources/site_257_bowra-dry-a/downloaded_clips/site_257_item_1681672/site_257_item_1681672_clip_020.webm,afternoon,autumn,-0.5,-0.866025,0.5,-0.866025,autumn_afternoon
1681672_clip021_s000,resources/site_257_bowra-dry-a/downloaded_clips/site_257_item_1681672/site_257_item_1681672_clip_021.webm,afternoon,autumn,-0.5,-0.866025,0.5,-0.866025,autumn_afternoon
1681672_clip021_s001,resources/site_257_bowra-dry-a/downloaded_clips/site_257_item_1681672/site_257_item_1681672_clip_021.webm,afternoon,autumn,-0.5,-0.866025,0.5,-0.866025,autumn_afternoon
1681672_clip021_s002,resources/site_257_bowra-dry-a/downloaded_clips/site_257_item_1681672/site_257_item_1681672_clip_021.webm,afternoon,autumn,-0.5,-0.866025,0.5,-0.866025,autumn_afternoon
1681672_clip021_s003,resources/site_257_bowra-dry-a/downloaded_clips/site_257_item_1681672/site_257_item_1681672_clip_021.webm,afternoon,autumn,-0.5,-0.866025,0.5,-0.866025,autumn_afternoon
1681672_clip021_s004,resources/site_257_bowra-dry-a/downloaded_clips/site_257_item_1681672/site_257_item_1681672_clip_021.webm,afternoon,autumn,-0.5,-0.866025,0.5,-0.866025,autumn_afternoon
1681672_clip021_s005,resources/site_257_bowra-dry-a/downloaded_clips/site_257_item_1681672/site_257_item_1681672_clip_021.webm,afternoon,autumn,-0.5,-0.866025,0.5,-0.866025,autumn_afternoon
1681672_clip021_s006,resources/site_257_bowra-dry-a/downloaded_clips/site_257_item_1681672/site_257_item_1681672_clip_021.webm,afternoon,autumn,-0.5,-0.866025,0.5,-0.866025,autumn_afternoon
1681672_clip021_s007,resources/site_257_bowra-dry-a/downloaded_clips/site_257_item_1681672/site_257_item_1681672_clip_021.webm,afternoon,autumn,-0.5,-0.866025,0.5,-0.866025,autumn_afternoon
1681672_clip022_s000,resources/site_257_bowra-dry-a/downloaded_clips/site_257_item_1681672/site_257_item_1681672_clip_022.webm,afternoon,autumn,-0.5,-0.866025,0.5,-0.866025,autumn_afternoon
1681672_clip022_s001,resources/site_257_bowra-dry-a/downloaded_clips/site_257_item_1681672/site_257_item_1681672_clip_022.webm,afternoon,autumn,-0.5,-0.866025,0.5,-0.866025,autumn_afternoon
216095_clip001_s000,resources/site_257_bowra-dry-a/downloaded_clips/site_257_item_216095/site_257_item_216095_clip_001.webm,afternoon,autumn,-0.5,-0.866025,1.0,0.0,autumn_afternoon
216095_clip003_s000,resources/site_257_bowra-dry-a/downloaded_clips/site_257_item_216095/site_257_item_216095_clip_003.webm,afternoon,autumn,-0.5,-0.866025,1.0,0.0,autumn_afternoon
216095_clip006_s000,resources/site_257_bowra-dry-a/downloaded_clips/site_257_item_216095/site_257_item_216095_clip_006.webm,afternoon,autumn,-0.5,-0.866025,1.0,0.0,autumn_afternoon
216095_clip006_s001,resources/site_257_bowra-dry-a/downloaded_clips/site_257_item_216095/site_257_item_216095_clip_006.webm,afternoon,autumn,-0.5,-0.866025,1.0,0.0,autumn_afternoon
216095_clip007_s000,resources/site_257_bowra-dry-a/downloaded_clips/site_257_item_216095/site_257_item_216095_clip_007.webm,afternoon,autumn,-0.5,-0.866025,1.0,0.0,autumn_afternoon
216095_clip007_s001,resources/site_257_bowra-dry-a/downloaded_clips/site_257_item_216095/site_257_item_216095_clip_007.webm,afternoon,autumn,-0.5,-0.866025,1.0,0.0,autumn_afternoon
216095_clip010_s000,resources/site_257_bowra-dry-a/downloaded_clips/site_257_item_216095/site_257_item_216095_clip_010.webm,afternoon,autumn,-0.5,-0.866025,1.0,0.0,autumn_afternoon
216095_clip010_s001,resources/site_257_bowra-dry-a/downloaded_clips/site_257_item_216095/site_257_item_216095_clip_010.webm,afternoon,autumn,-0.5,-0.866025,1.0,0.0,autumn_afternoon
216095_clip011_s000,resources/site_257_bowra-dry-a/downloaded_clips/site_257_item_216095/site_257_item_216095_clip_011.webm,afternoon,autumn,-0.5,-0.866025,1.0,0.0,autumn_afternoon
216095_clip011_s001,resources/site_257_bowra-dry-a/downloaded_clips/site_257_item_216095/site_257_item_216095_clip_011.webm,afternoon,autumn,-0.5,-0.866025,1.0,0.0,autumn_afternoon
216095_clip012_s000,resources/site_257_bowra-dry-a/downloaded_clips/site_257_item_216095/site_257_item_216095_clip_012.webm,afternoon,autumn,-0.5,-0.866025,1.0,0.0,autumn_afternoon
216095_clip013_s000,resources/site_257_bowra-dry-a/downloaded_clips/site_257_item_216095/site_257_item_216095_clip_013.webm,afternoon,autumn,-0.5,-0.866025,1.0,0.0,autumn_afternoon
216095_clip015_s000,resources/site_257_bowra-dry-a/downloaded_clips/site_257_item_216095/site_257_item_216095_clip_015.webm,afternoon,autumn,-0.5,-0.866025,1.0,0.0,autumn_afternoon
216095_clip016_s000,resources/site_257_bowra-dry-a/downloaded_clips/site_257_item_216095/site_257_item_216095_clip_016.webm,afternoon,autumn,-0.5,-0.866025,1.0,0.0,autumn_afternoon
216095_clip016_s001,resources/site_257_bowra-dry-a/downloaded_clips/site_257_item_216095/site_257_item_216095_clip_016.webm,afternoon,autumn,-0.5,-0.866025,1.0,0.0,autumn_afternoon
216095_clip016_s002,resources/site_257_bowra-dry-a/downloaded_clips/site_257_item_216095/site_257_item_216095_clip_016.webm,afternoon,autumn,-0.5,-0.866025,1.0,0.0,autumn_afternoon
216095_clip016_s003,resources/site_257_bowra-dry-a/downloaded_clips/site_257_item_216095/site_257_item_216095_clip_016.webm,afternoon,autumn,-0.5,-0.866025,1.0,0.0,autumn_afternoon
216095_clip017_s000,resources/site_257_bowra-dry-a/downloaded_clips/site_257_item_216095/site_257_item_216095_clip_017.webm,afternoon,autumn,-0.5,-0.866025,1.0,0.0,autumn_afternoon
216095_clip019_s000,resources/site_257_bowra-dry-a/downloaded_clips/site_257_item_216095/site_257_item_216095_clip_019.webm,afternoon,autumn,-0.5,-0.866025,1.0,0.0,autumn_afternoon
216095_clip019_s001,resources/site_257_bowra-dry-a/downloaded_clips/site_257_item_216095/site_257_item_216095_clip_019.webm,afternoon,autumn,-0.5,-0.866025,1.0,0.0,autumn_afternoon
216301_clip012_s000,resources/site_257_bowra-dry-a/downloaded_clips/site_257_item_216301/site_257_item_216301_clip_012.webm,afternoon,autumn,-0.5,-0.866025,1.0,0.0,autumn_afternoon
216301_clip015_s000,resources/site_257_bowra-dry-a/downloaded_clips/site_257_item_216301/site_257_item_216301_clip_015.webm,afternoon,autumn,-0.5,-0.866025,1.0,0.0,autumn_afternoon
216470_clip017_s000,resources/site_257_bowra-dry-a/downloaded_clips/site_257_item_216470/site_257_item_216470_clip_017.webm,afternoon,autumn,-0.5,-0.866025,0.866025,-0.5,autumn_afternoon
216470_clip017_s001,resources/site_257_bowra-dry-a/downloaded_clips/site_257_item_216470/site_257_item_216470_clip_017.webm,afternoon,autumn,-0.5,-0.866025,0.866025,-0.5,autumn_afternoon
216470_clip018_s000,resources/site_257_bowra-dry-a/downloaded_clips/site_257_item_216470/site_257_item_216470_clip_018.webm,afternoon,autumn,-0.5,-0.866025,0.866025,-0.5,autumn_afternoon
216470_clip019_s000,resources/site_257_bowra-dry-a/downloaded_clips/site_257_item_216470/site_257_item_216470_clip_019.webm,afternoon,autumn,-0.5,-0.866025,0.866025,-0.5,autumn_afternoon
216470_clip020_s000,resources/site_257_bowra-dry-a/downloaded_clips/site_257_item_216470/site_257_item_216470_clip_020.webm,afternoon,autumn,-0.5,-0.866025,0.866025,-0.5,autumn_afternoon
216601_clip007_s000,resources/site_257_bowra-dry-a/downloaded_clips/site_257_item_216601/site_257_item_216601_clip_007.webm,afternoon,autumn,-0.5,-0.866025,0.866025,-0.5,autumn_afternoon
1313286_clip002_s000,resources/site_257_bowra-dry-a/downloaded_clips/site_257_item_1313286/site_257_item_1313286_clip_002.webm,night,autumn,-0.5,0.866025,0.5,-0.866025,autumn_night
1313286_clip002_s001,resources/site_257_bowra-dry-a/downloaded_clips/site_257_item_1313286/site_257_item_1313286_clip_002.webm,night,autumn,-0.5,0.866025,0.5,-0.866025,autumn_night
1313286_clip003_s000,resources/site_257_bowra-dry-a/downloaded_clips/site_257_item_1313286/site_257_item_1313286_clip_003.webm,night,autumn,-0.5,0.866025,0.5,-0.866025,autumn_night
1313286_clip003_s001,resources/site_257_bowra-dry-a/downloaded_clips/site_257_item_1313286/site_257_item_1313286_clip_003.webm,night,autumn,-0.5,0.866025,0.5,-0.866025,autumn_night
1313286_clip003_s002,resources/site_257_bowra-dry-a/downloaded_clips/site_257_item_1313286/site_257_item_1313286_clip_003.webm,night,autumn,-0.5,0.866025,0.5,-0.866025,autumn_night
1313286_clip003_s003,resources/site_257_bowra-dry-a/downloaded_clips/site_257_item_1313286/site_257_item_1313286_clip_003.webm,night,autumn,-0.5,0.866025,0.5,-0.866025,autumn_night
1313286_clip004_s000,resources/site_257_bowra-dry-a/downloaded_clips/site_257_item_1313286/site_257_item_1313286_clip_004.webm,night,autumn,-0.5,0.866025,0.5,-0.866025,autumn_night
1313286_clip004_s001,resources/site_257_bowra-dry-a/downloaded_clips/site_257_item_1313286/site_257_item_1313286_clip_004.webm,night,autumn,-0.5,0.866025,0.5,-0.866025,autumn_night
1313286_clip005_s000,resources/site_257_bowra-dry-a/downloaded_clips/site_257_item_1313286/site_257_item_1313286_clip_005.webm,night,autumn,-0.5,0.866025,0.5,-0.866025,autumn_night
1313286_clip008_s000,resources/site_257_bowra-dry-a/downloaded_clips/site_257_item_1313286/site_257_item_1313286_clip_008.webm,night,autumn,-0.5,0.866025,0.5,-0.866025,autumn_night
1313286_clip009_s000,resources/site_257_bowra-dry-a/downloaded_clips/site_257_item_1313286/site_257_item_1313286_clip_009.webm,night,autumn,-0.5,0.866025,0.5,-0.866025,autumn_night
1313286_clip009_s001,resources/site_257_bowra-dry-a/downloaded_clips/site_257_item_1313286/site_257_item_1313286_clip_009.webm,night,autumn,-0.5,0.866025,0.5,-0.866025,autumn_night
1313286_clip009_s002,resources/site_257_bowra-dry-a/downloaded_clips/site_257_item_1313286/site_257_item_1313286_clip_009.webm,night,autumn,-0.5,0.866025,0.5,-0.866025,autumn_night
1313286_clip009_s003,resources/site_257_bowra-dry-a/downloaded_clips/site_257_item_1313286/site_257_item_1313286_clip_009.webm,night,autumn,-0.5,0.866025,0.5,-0.866025,autumn_night
1313286_clip011_s000,resources/site_257_bowra-dry-a/downloaded_clips/site_257_item_1313286/site_257_item_1313286_clip_011.webm,night,autumn,-0.5,0.866025,0.5,-0.866025,autumn_night
1313286_clip011_s001,resources/site_257_bowra-dry-a/downloaded_clips/site_257_item_1313286/site_257_item_1313286_clip_011.webm,night,autumn,-0.5,0.866025,0.5,-0.866025,autumn_night
1313286_clip011_s002,resources/site_257_bowra-dry-a/downloaded_clips/site_257_item_1313286/site_257_item_1313286_clip_011.webm,night,autumn,-0.5,0.866025,0.5,-0.866025,autumn_night
1313286_clip011_s003,resources/site_257_bowra-dry-a/downloaded_clips/site_257_item_1313286/site_257_item_1313286_clip_011.webm,night,autumn,-0.5,0.866025,0.5,-0.866025,autumn_night
1313286_clip012_s000,resources/site_257_bowra-dry-a/downloaded_clips/site_257_item_1313286/site_257_item_1313286_clip_012.webm,night,autumn,-0.5,0.866025,0.5,-0.866025,autumn_night
1313286_clip013_s000,resources/site_257_bowra-dry-a/downloaded_clips/site_257_item_1313286/site_257_item_1313286_clip_013.webm,night,autumn,-0.5,0.866025,0.5,-0.866025,autumn_night
1313286_clip015_s000,resources/site_257_bowra-dry-a/downloaded_clips/site_257_item_1313286/site_257_item_1313286_clip_015.webm,night,autumn,-0.5,0.866025,0.5,-0.866025,autumn_night
1313286_clip016_s000,resources/site_257_bowra-dry-a/downloaded_clips/site_257_item_1313286/site_257_item_1313286_clip_016.webm,night,autumn,-0.5,0.866025,0.5,-0.866025,autumn_night
1313286_clip016_s001,resources/site_257_bowra-dry-a/downloaded_clips/site_257_item_1313286/site_257_item_1313286_clip_016.webm,night,autumn,-0.5,0.866025,0.5,-0.866025,autumn_night
1313286_clip017_s000,resources/site_257_bowra-dry-a/downloaded_clips/site_257_item_1313286/site_257_item_1313286_clip_017.webm,night,autumn,-0.5,0.866025,0.5,-0.866025,autumn_night
1313286_clip017_s001,resources/site_257_bowra-dry-a/downloaded_clips/site_257_item_1313286/site_257_item_1313286_clip_017.webm,night,autumn,-0.5,0.866025,0.5,-0.866025,autumn_night
1313390_clip001_s000,resources/site_257_bowra-dry-a/downloaded_clips/site_257_item_1313390/site_257_item_1313390_clip_001.webm,night,autumn,-0.258819,0.965926,0.866025,-0.5,autumn_night
1313390_clip001_s001,resources/site_257_bowra-dry-a/downloaded_clips/site_257_item_1313390/site_257_item_1313390_clip_001.webm,night,autumn,-0.258819,0.965926,0.866025,-0.5,autumn_night
1313390_clip001_s002,resources/site_257_bowra-dry-a/downloaded_clips/site_257_item_1313390/site_257_item_1313390_clip_001.webm,night,autumn,-0.258819,0.965926,0.866025,-0.5,autumn_night
1313390_clip003_s000,resources/site_257_bowra-dry-a/downloaded_clips/site_257_item_1313390/site_257_item_1313390_clip_003.webm,night,autumn,-0.258819,0.965926,0.866025,-0.5,autumn_night
1313390_clip005_s000,resources/site_257_bowra-dry-a/downloaded_clips/site_257_item_1313390/site_257_item_1313390_clip_005.webm,night,autumn,-0.258819,0.965926,0.866025,-0.5,autumn_night
1313390_clip007_s000,resources/site_257_bowra-dry-a/downloaded_clips/site_257_item_1313390/site_257_item_1313390_clip_007.webm,night,autumn,-0.258819,0.965926,0.866025,-0.5,autumn_night
1313390_clip008_s000,resources/site_257_bowra-dry-a/downloaded_clips/site_257_item_1313390/site_257_item_1313390_clip_008.webm,night,autumn,-0.258819,0.965926,0.866025,-0.5,autumn_night
1313390_clip008_s001,resources/site_257_bowra-dry-a/downloaded_clips/site_257_item_1313390/site_257_item_1313390_clip_008.webm,night,autumn,-0.258819,0.965926,0.866025,-0.5,autumn_night
1313390_clip008_s002,resources/site_257_bowra-dry-a/downloaded_clips/site_257_item_1313390/site_257_item_1313390_clip_008.webm,night,autumn,-0.258819,0.965926,0.866025,-0.5,autumn_night
1313390_clip008_s003,resources/site_257_bowra-dry-a/downloaded_clips/site_257_item_1313390/site_257_item_1313390_clip_008.webm,night,autumn,-0.258819,0.965926,0.866025,-0.5,autumn_night
1313390_clip008_s004,resources/site_257_bowra-dry-a/downloaded_clips/site_257_item_1313390/site_257_item_1313390_clip_008.webm,night,autumn,-0.258819,0.965926,0.866025,-0.5,autumn_night
1313390_clip009_s000,resources/site_257_bowra-dry-a/downloaded_clips/site_257_item_1313390/site_257_item_1313390_clip_009.webm,night,autumn,-0.258819,0.965926,0.866025,-0.5,autumn_night
1313390_clip009_s001,resources/site_257_bowra-dry-a/downloaded_clips/site_257_item_1313390/site_257_item_1313390_clip_009.webm,night,autumn,-0.258819,0.965926,0.866025,-0.5,autumn_night
1313390_clip009_s002,resources/site_257_bowra-dry-a/downloaded_clips/site_257_item_1313390/site_257_item_1313390_clip_009.webm,night,autumn,-0.258819,0.965926,0.866025,-0.5,autumn_night
1313390_clip010_s000,resources/site_257_bowra-dry-a/downloaded_clips/site_257_item_1313390/site_257_item_1313390_clip_010.webm,night,autumn,-0.258819,0.965926,0.866025,-0.5,autumn_night
1313390_clip010_s001,resources/site_257_bowra-dry-a/downloaded_clips/site_257_item_1313390/site_257_item_1313390_clip_010.webm,night,autumn,-0.258819,0.965926,0.866025,-0.5,autumn_night
1313390_clip011_s000,resources/site_257_bowra-dry-a/downloaded_clips/site_257_item_1313390/site_257_item_1313390_clip_011.webm,night,autumn,-0.258819,0.965926,0.866025,-0.5,autumn_night
1313390_clip011_s001,resources/site_257_bowra-dry-a/downloaded_clips/site_257_item_1313390/site_257_item_1313390_clip_011.webm,night,autumn,-0.258819,0.965926,0.866025,-0.5,autumn_night
1313390_clip011_s002,resources/site_257_bowra-dry-a/downloaded_clips/site_257_item_1313390/site_257_item_1313390_clip_011.webm,night,autumn,-0.258819,0.965926,0.866025,-0.5,autumn_night
1313390_clip011_s003,resources/site_257_bowra-dry-a/downloaded_clips/site_257_item_1313390/site_257_item_1313390_clip_011.webm,night,autumn,-0.258819,0.965926,0.866025,-0.5,autumn_night
1313390_clip011_s004,resources/site_257_bowra-dry-a/downloaded_clips/site_257_item_1313390/site_257_item_1313390_clip_011.webm,night,autumn,-0.258819,0.965926,0.866025,-0.5,autumn_night
1313390_clip012_s000,resources/site_257_bowra-dry-a/downloaded_clips/site_257_item_1313390/site_257_item_1313390_clip_012.webm,night,autumn,-0.258819,0.965926,0.866025,-0.5,autumn_night
1313667_clip002_s000,resources/site_257_bowra-dry-a/downloaded_clips/site_257_item_1313667/site_257_item_1313667_clip_002.webm,night,autumn,-0.5,0.866025,0.866025,-0.5,autumn_night
1313667_clip005_s000,resources/site_257_bowra-dry-a/downloaded_clips/site_257_item_1313667/site_257_item_1313667_clip_005.webm,night,autumn,-0.5,0.866025,0.866025,-0.5,autumn_night
1313667_clip009_s000,resources/site_257_bowra-dry-a/downloaded_clips/site_257_item_1313667/site_257_item_1313667_clip_009.webm,night,autumn,-0.5,0.866025,0.866025,-0.5,autumn_night
1313667_clip009_s001,resources/site_257_bowra-dry-a/downloaded_clips/site_257_item_1313667/site_257_item_1313667_clip_009.webm,night,autumn,-0.5,0.866025,0.866025,-0.5,autumn_night
1313667_clip011_s000,resources/site_257_bowra-dry-a/downloaded_clips/site_257_item_1313667/site_257_item_1313667_clip_011.webm,night,autumn,-0.5,0.866025,0.866025,-0.5,autumn_night
1313667_clip012_s000,resources/site_257_bowra-dry-a/downloaded_clips/site_257_item_1313667/site_257_item_1313667_clip_012.webm,night,autumn,-0.5,0.866025,0.866025,-0.5,autumn_night
1313667_clip013_s000,resources/site_257_bowra-dry-a/downloaded_clips/site_257_item_1313667/site_257_item_1313667_clip_013.webm,night,autumn,-0.5,0.866025,0.866025,-0.5,autumn_night
1313667_clip018_s000,resources/site_257_bowra-dry-a/downloaded_clips/site_257_item_1313667/site_257_item_1313667_clip_018.webm,night,autumn,-0.5,0.866025,0.866025,-0.5,autumn_night
1313667_clip018_s001,resources/site_257_bowra-dry-a/downloaded_clips/site_257_item_1313667/site_257_item_1313667_clip_018.webm,night,autumn,-0.5,0.866025,0.866025,-0.5,autumn_night
1313667_clip024_s000,resources/site_257_bowra-dry-a/downloaded_clips/site_257_item_1313667/site_257_item_1313667_clip_024.webm,night,autumn,-0.5,0.866025,0.866025,-0.5,autumn_night
1535532_clip002_s000,resources/site_257_bowra-dry-a/downloaded_clips/site_257_item_1535532/site_257_item_1535532_clip_002.webm,night,autumn,-0.5,0.866025,0.866025,-0.5,autumn_night
1535532_clip002_s001,resources/site_257_bowra-dry-a/downloaded_clips/site_257_item_1535532/site_257_item_1535532_clip_002.webm,night,autumn,-0.5,0.866025,0.866025,-0.5,autumn_night
1535532_clip002_s002,resources/site_257_bowra-dry-a/downloaded_clips/site_257_item_1535532/site_257_item_1535532_clip_002.webm,night,autumn,-0.5,0.866025,0.866025,-0.5,autumn_night
1535532_clip002_s003,resources/site_257_bowra-dry-a/downloaded_clips/site_257_item_1535532/site_257_item_1535532_clip_002.webm,night,autumn,-0.5,0.866025,0.866025,-0.5,autumn_night
1535532_clip005_s000,resources/site_257_bowra-dry-a/downloaded_clips/site_257_item_1535532/site_257_item_1535532_clip_005.webm,night,autumn,-0.5,0.866025,0.866025,-0.5,autumn_night
1535532_clip006_s000,resources/site_257_bowra-dry-a/downloaded_clips/site_257_item_1535532/site_257_item_1535532_clip_006.webm,night,autumn,-0.5,0.866025,0.866025,-0.5,autumn_night
1535532_clip007_s000,resources/site_257_bowra-dry-a/downloaded_clips/site_257_item_1535532/site_257_item_1535532_clip_007.webm,night,autumn,-0.5,0.866025,0.866025,-0.5,autumn_night
1535532_clip007_s001,resources/site_257_bowra-dry-a/downloaded_clips/site_257_item_1535532/site_257_item_1535532_clip_007.webm,night,autumn,-0.5,0.866025,0.866025,-0.5,autumn_night
1535532_clip008_s000,resources/site_257_bowra-dry-a/downloaded_clips/site_257_item_1535532/site_257_item_1535532_clip_008.webm,night,autumn,-0.5,0.866025,0.866025,-0.5,autumn_night
1535532_clip009_s000,resources/site_257_bowra-dry-a/downloaded_clips/site_257_item_1535532/site_257_item_1535532_clip_009.webm,night,autumn,-0.5,0.866025,0.866025,-0.5,autumn_night
1535532_clip011_s000,resources/site_257_bowra-dry-a/downloaded_clips/site_257_item_1535532/site_257_item_1535532_clip_011.webm,night,autumn,-0.5,0.866025,0.866025,-0.5,autumn_night
1535532_clip011_s001,resources/site_257_bowra-dry-a/downloaded_clips/site_257_item_1535532/site_257_item_1535532_clip_011.webm,night,autumn,-0.5,0.866025,0.866025,-0.5,autumn_night
1535532_clip013_s000,resources/site_257_bowra-dry-a/downloaded_clips/site_257_item_1535532/site_257_item_1535532_clip_013.webm,night,autumn,-0.5,0.866025,0.866025,-0.5,autumn_night
1535532_clip013_s001,resources/site_257_bowra-dry-a/downloaded_clips/site_257_item_1535532/site_257_item_1535532_clip_013.webm,night,autumn,-0.5,0.866025,0.866025,-0.5,autumn_night
1535532_clip014_s000,resources/site_257_bowra-dry-a/downloaded_clips/site_257_item_1535532/site_257_item_1535532_clip_014.webm,night,autumn,-0.5,0.866025,0.866025,-0.5,autumn_night
1535532_clip014_s001,resources/site_257_bowra-dry-a/downloaded_clips/site_257_item_1535532/site_257_item_1535532_clip_014.webm,night,autumn,-0.5,0.866025,0.866025,-0.5,autumn_night
1535532_clip015_s000,resources/site_257_bowra-dry-a/downloaded_clips/site_257_item_1535532/site_257_item_1535532_clip_015.webm,night,autumn,-0.5,0.866025,0.866025,-0.5,autumn_night
1535532_clip016_s000,resources/site_257_bowra-dry-a/downloaded_clips/site_257_item_1535532/site_257_item_1535532_clip_016.webm,night,autumn,-0.5,0.866025,0.866025,-0.5,autumn_night
1535532_clip019_s000,resources/site_257_bowra-dry-a/downloaded_clips/site_257_item_1535532/site_257_item_1535532_clip_019.webm,night,autumn,-0.5,0.866025,0.866025,-0.5,autumn_night
1535532_clip020_s000,resources/site_257_bowra-dry-a/downloaded_clips/site_257_item_1535532/site_257_item_1535532_clip_020.webm,night,autumn,-0.5,0.866025,0.866025,-0.5,autumn_night
1535532_clip020_s001,resources/site_257_bowra-dry-a/downloaded_clips/site_257_item_1535532/site_257_item_1535532_clip_020.webm,night,autumn,-0.5,0.866025,0.866025,-0.5,autumn_night
1535532_clip020_s002,resources/site_257_bowra-dry-a/downloaded_clips/site_257_item_1535532/site_257_item_1535532_clip_020.webm,night,autumn,-0.5,0.866025,0.866025,-0.5,autumn_night
1535532_clip020_s003,resources/site_257_bowra-dry-a/downloaded_clips/site_257_item_1535532/site_257_item_1535532_clip_020.webm,night,autumn,-0.5,0.866025,0.866025,-0.5,autumn_night
1535532_clip020_s004,resources/site_257_bowra-dry-a/downloaded_clips/site_257_item_1535532/site_257_item_1535532_clip_020.webm,night,autumn,-0.5,0.866025,0.866025,-0.5,autumn_night
1535532_clip020_s005,resources/site_257_bowra-dry-a/downloaded_clips/site_257_item_1535532/site_257_item_1535532_clip_020.webm,night,autumn,-0.5,0.866025,0.866025,-0.5,autumn_night
1535532_clip021_s000,resources/site_257_bowra-dry-a/downloaded_clips/site_257_item_1535532/site_257_item_1535532_clip_021.webm,night,autumn,-0.5,0.866025,0.866025,-0.5,autumn_night
1535532_clip023_s000,resources/site_257_bowra-dry-a/downloaded_clips/site_257_item_1535532/site_257_item_1535532_clip_023.webm,night,autumn,-0.5,0.866025,0.866025,-0.5,autumn_night
1536532_clip004_s000,resources/site_257_bowra-dry-a/downloaded_clips/site_257_item_1536532/site_257_item_1536532_clip_004.webm,night,autumn,-0.5,0.866025,0.5,-0.866025,autumn_night
1536532_clip005_s000,resources/site_257_bowra-dry-a/downloaded_clips/site_257_item_1536532/site_257_item_1536532_clip_005.webm,night,autumn,-0.5,0.866025,0.5,-0.866025,autumn_night
1536532_clip009_s000,resources/site_257_bowra-dry-a/downloaded_clips/site_257_item_1536532/site_257_item_1536532_clip_009.webm,night,autumn,-0.5,0.866025,0.5,-0.866025,autumn_night
1536532_clip009_s001,resources/site_257_bowra-dry-a/downloaded_clips/site_257_item_1536532/site_257_item_1536532_clip_009.webm,night,autumn,-0.5,0.866025,0.5,-0.866025,autumn_night
1536532_clip012_s000,resources/site_257_bowra-dry-a/downloaded_clips/site_257_item_1536532/site_257_item_1536532_clip_012.webm,night,autumn,-0.5,0.866025,0.5,-0.866025,autumn_night
1536532_clip012_s001,resources/site_257_bowra-dry-a/downloaded_clips/site_257_item_1536532/site_257_item_1536532_clip_012.webm,night,autumn,-0.5,0.866025,0.5,-0.866025,autumn_night
1536532_clip012_s002,resources/site_257_bowra-dry-a/downloaded_clips/site_257_item_1536532/site_257_item_1536532_clip_012.webm,night,autumn,-0.5,0.866025,0.5,-0.866025,autumn_night
1536532_clip013_s000,resources/site_257_bowra-dry-a/downloaded_clips/site_257_item_1536532/site_257_item_1536532_clip_013.webm,night,autumn,-0.5,0.866025,0.5,-0.866025,autumn_night
1536532_clip016_s000,resources/site_257_bowra-dry-a/downloaded_clips/site_257_item_1536532/site_257_item_1536532_clip_016.webm,night,autumn,-0.5,0.866025,0.5,-0.866025,autumn_night
1536532_clip017_s000,resources/site_257_bowra-dry-a/downloaded_clips/site_257_item_1536532/site_257_item_1536532_clip_017.webm,night,autumn,-0.5,0.866025,0.5,-0.866025,autumn_night
1536532_clip018_s000,resources/site_257_bowra-dry-a/downloaded_clips/site_257_item_1536532/site_257_item_1536532_clip_018.webm,night,autumn,-0.5,0.866025,0.5,-0.866025,autumn_night
1536563_clip008_s000,resources/site_257_bowra-dry-a/downloaded_clips/site_257_item_1536563/site_257_item_1536563_clip_008.webm,night,autumn,-0.5,0.866025,0.5,-0.866025,autumn_night
1536563_clip009_s000,resources/site_257_bowra-dry-a/downloaded_clips/site_257_item_1536563/site_257_item_1536563_clip_009.webm,night,autumn,-0.5,0.866025,0.5,-0.866025,autumn_night
1536563_clip019_s000,resources/site_257_bowra-dry-a/downloaded_clips/site_257_item_1536563/site_257_item_1536563_clip_019.webm,night,autumn,-0.5,0.866025,0.5,-0.866025,autumn_night
1539712_clip004_s000,resources/site_257_bowra-dry-a/downloaded_clips/site_257_item_1539712/site_257_item_1539712_clip_004.webm,night,autumn,-0.5,0.866025,0.866025,-0.5,autumn_night
1539712_clip015_s000,resources/site_257_bowra-dry-a/downloaded_clips/site_257_item_1539712/site_257_item_1539712_clip_015.webm,night,autumn,-0.5,0.866025,0.866025,-0.5,autumn_night
1539712_clip023_s000,resources/site_257_bowra-dry-a/downloaded_clips/site_257_item_1539712/site_257_item_1539712_clip_023.webm,night,autumn,-0.5,0.866025,0.866025,-0.5,autumn_night
1678158_clip002_s000,resources/site_257_bowra-dry-a/downloaded_clips/site_257_item_1678158/site_257_item_1678158_clip_002.webm,night,autumn,-0.258819,0.965926,0.866025,-0.5,autumn_night
1678158_clip002_s001,resources/site_257_bowra-dry-a/downloaded_clips/site_257_item_1678158/site_257_item_1678158_clip_002.webm,night,autumn,-0.258819,0.965926,0.866025,-0.5,autumn_night
1678158_clip004_s000,resources/site_257_bowra-dry-a/downloaded_clips/site_257_item_1678158/site_257_item_1678158_clip_004.webm,night,autumn,-0.258819,0.965926,0.866025,-0.5,autumn_night
1678158_clip005_s000,resources/site_257_bowra-dry-a/downloaded_clips/site_257_item_1678158/site_257_item_1678158_clip_005.webm,night,autumn,-0.258819,0.965926,0.866025,-0.5,autumn_night
1678158_clip005_s001,resources/site_257_bowra-dry-a/downloaded_clips/site_257_item_1678158/site_257_item_1678158_clip_005.webm,night,autumn,-0.258819,0.965926,0.866025,-0.5,autumn_night
1678158_clip006_s000,resources/site_257_bowra-dry-a/downloaded_clips/site_257_item_1678158/site_257_item_1678158_clip_006.webm,night,autumn,-0.258819,0.965926,0.866025,-0.5,autumn_night
1678158_clip006_s001,resources/site_257_bowra-dry-a/downloaded_clips/site_257_item_1678158/site_257_item_1678158_clip_006.webm,night,autumn,-0.258819,0.965926,0.866025,-0.5,autumn_night
1678158_clip006_s002,resources/site_257_bowra-dry-a/downloaded_clips/site_257_item_1678158/site_257_item_1678158_clip_006.webm,night,autumn,-0.258819,0.965926,0.866025,-0.5,autumn_night
1678158_clip008_s000,resources/site_257_bowra-dry-a/downloaded_clips/site_257_item_1678158/site_257_item_1678158_clip_008.webm,night,autumn,-0.258819,0.965926,0.866025,-0.5,autumn_night
1678158_clip008_s001,resources/site_257_bowra-dry-a/downloaded_clips/site_257_item_1678158/site_257_item_1678158_clip_008.webm,night,autumn,-0.258819,0.965926,0.866025,-0.5,autumn_night
1678158_clip009_s000,resources/site_257_bowra-dry-a/downloaded_clips/site_257_item_1678158/site_257_item_1678158_clip_009.webm,night,autumn,-0.258819,0.965926,0.866025,-0.5,autumn_night
1678158_clip010_s000,resources/site_257_bowra-dry-a/downloaded_clips/site_257_item_1678158/site_257_item_1678158_clip_010.webm,night,autumn,-0.258819,0.965926,0.866025,-0.5,autumn_night
1678158_clip010_s001,resources/site_257_bowra-dry-a/downloaded_clips/site_257_item_1678158/site_257_item_1678158_clip_010.webm,night,autumn,-0.258819,0.965926,0.866025,-0.5,autumn_night
1678158_clip010_s002,resources/site_257_bowra-dry-a/downloaded_clips/site_257_item_1678158/site_257_item_1678158_clip_010.webm,night,autumn,-0.258819,0.965926,0.866025,-0.5,autumn_night
1678158_clip011_s000,resources/site_257_bowra-dry-a/downloaded_clips/site_257_item_1678158/site_257_item_1678158_clip_011.webm,night,autumn,-0.258819,0.965926,0.866025,-0.5,autumn_night
1680271_clip004_s000,resources/site_257_bowra-dry-a/downloaded_clips/site_257_item_1680271/site_257_item_1680271_clip_004.webm,night,autumn,-0.5,0.866025,0.866025,-0.5,autumn_night
1680500_clip009_s000,resources/site_257_bowra-dry-a/downloaded_clips/site_257_item_1680500/site_257_item_1680500_clip_009.webm,night,autumn,-0.5,0.866025,0.5,-0.866025,autumn_night
1680500_clip009_s001,resources/site_257_bowra-dry-a/downloaded_clips/site_257_item_1680500/site_257_item_1680500_clip_009.webm,night,autumn,-0.5,0.866025,0.5,-0.866025,autumn_night
1680500_clip009_s002,resources/site_257_bowra-dry-a/downloaded_clips/site_257_item_1680500/site_257_item_1680500_clip_009.webm,night,autumn,-0.5,0.866025,0.5,-0.866025,autumn_night
1680500_clip010_s000,resources/site_257_bowra-dry-a/downloaded_clips/site_257_item_1680500/site_257_item_1680500_clip_010.webm,night,autumn,-0.5,0.866025,0.5,-0.866025,autumn_night
1680500_clip011_s000,resources/site_257_bowra-dry-a/downloaded_clips/site_257_item_1680500/site_257_item_1680500_clip_011.webm,night,autumn,-0.5,0.866025,0.5,-0.866025,autumn_night
1680500_clip013_s000,resources/site_257_bowra-dry-a/downloaded_clips/site_257_item_1680500/site_257_item_1680500_clip_013.webm,night,autumn,-0.5,0.866025,0.5,-0.866025,autumn_night
1680500_clip014_s000,resources/site_257_bowra-dry-a/downloaded_clips/site_257_item_1680500/site_257_item_1680500_clip_014.webm,night,autumn,-0.5,0.866025,0.5,-0.866025,autumn_night
1680500_clip014_s001,resources/site_257_bowra-dry-a/downloaded_clips/site_257_item_1680500/site_257_item_1680500_clip_014.webm,night,autumn,-0.5,0.866025,0.5,-0.866025,autumn_night
1680500_clip015_s000,resources/site_257_bowra-dry-a/downloaded_clips/site_257_item_1680500/site_257_item_1680500_clip_015.webm,night,autumn,-0.5,0.866025,0.5,-0.866025,autumn_night
1680500_clip017_s000,resources/site_257_bowra-dry-a/downloaded_clips/site_257_item_1680500/site_257_item_1680500_clip_017.webm,night,autumn,-0.5,0.866025,0.5,-0.866025,autumn_night
1680500_clip018_s000,resources/site_257_bowra-dry-a/downloaded_clips/site_257_item_1680500/site_257_item_1680500_clip_018.webm,night,autumn,-0.5,0.866025,0.5,-0.866025,autumn_night
1680500_clip018_s001,resources/site_257_bowra-dry-a/downloaded_clips/site_257_item_1680500/site_257_item_1680500_clip_018.webm,night,autumn,-0.5,0.866025,0.5,-0.866025,autumn_night
1680500_clip020_s000,resources/site_257_bowra-dry-a/downloaded_clips/site_257_item_1680500/site_257_item_1680500_clip_020.webm,night,autumn,-0.5,0.866025,0.5,-0.866025,autumn_night
1680500_clip020_s001,resources/site_257_bowra-dry-a/downloaded_clips/site_257_item_1680500/site_257_item_1680500_clip_020.webm,night,autumn,-0.5,0.866025,0.5,-0.866025,autumn_night
1680500_clip020_s002,resources/site_257_bowra-dry-a/downloaded_clips/site_257_item_1680500/site_257_item_1680500_clip_020.webm,night,autumn,-0.5,0.866025,0.5,-0.866025,autumn_night
1680500_clip022_s000,resources/site_257_bowra-dry-a/downloaded_clips/site_257_item_1680500/site_257_item_1680500_clip_022.webm,night,autumn,-0.5,0.866025,0.5,-0.866025,autumn_night
1680609_clip002_s000,resources/site_257_bowra-dry-a/downloaded_clips/site_257_item_1680609/site_257_item_1680609_clip_002.webm,night,autumn,-0.5,0.866025,0.5,-0.866025,autumn_night
1680609_clip003_s000,resources/site_257_bowra-dry-a/downloaded_clips/site_257_item_1680609/site_257_item_1680609_clip_003.webm,night,autumn,-0.5,0.866025,0.5,-0.866025,autumn_night
1680609_clip004_s000,resources/site_257_bowra-dry-a/downloaded_clips/site_257_item_1680609/site_257_item_1680609_clip_004.webm,night,autumn,-0.5,0.866025,0.5,-0.866025,autumn_night
1680609_clip011_s000,resources/site_257_bowra-dry-a/downloaded_clips/site_257_item_1680609/site_257_item_1680609_clip_011.webm,night,autumn,-0.5,0.866025,0.5,-0.866025,autumn_night
1680609_clip011_s001,resources/site_257_bowra-dry-a/downloaded_clips/site_257_item_1680609/site_257_item_1680609_clip_011.webm,night,autumn,-0.5,0.866025,0.5,-0.866025,autumn_night
1680609_clip012_s000,resources/site_257_bowra-dry-a/downloaded_clips/site_257_item_1680609/site_257_item_1680609_clip_012.webm,night,autumn,-0.5,0.866025,0.5,-0.866025,autumn_night
1680609_clip012_s001,resources/site_257_bowra-dry-a/downloaded_clips/site_257_item_1680609/site_257_item_1680609_clip_012.webm,night,autumn,-0.5,0.866025,0.5,-0.866025,autumn_night
1680609_clip012_s002,resources/site_257_bowra-dry-a/downloaded_clips/site_257_item_1680609/site_257_item_1680609_clip_012.webm,night,autumn,-0.5,0.866025,0.5,-0.866025,autumn_night
1680609_clip013_s000,resources/site_257_bowra-dry-a/downloaded_clips/site_257_item_1680609/site_257_item_1680609_clip_013.webm,night,autumn,-0.5,0.866025,0.5,-0.866025,autumn_night
1680609_clip013_s001,resources/site_257_bowra-dry-a/downloaded_clips/site_257_item_1680609/site_257_item_1680609_clip_013.webm,night,autumn,-0.5,0.866025,0.5,-0.866025,autumn_night
1680609_clip013_s002,resources/site_257_bowra-dry-a/downloaded_clips/site_257_item_1680609/site_257_item_1680609_clip_013.webm,night,autumn,-0.5,0.866025,0.5,-0.866025,autumn_night
1680609_clip014_s000,resources/site_257_bowra-dry-a/downloaded_clips/site_257_item_1680609/site_257_item_1680609_clip_014.webm,night,autumn,-0.5,0.866025,0.5,-0.866025,autumn_night
1680609_clip014_s001,resources/site_257_bowra-dry-a/downloaded_clips/site_257_item_1680609/site_257_item_1680609_clip_014.webm,night,autumn,-0.5,0.866025,0.5,-0.866025,autumn_night
1680609_clip016_s000,resources/site_257_bowra-dry-a/downloaded_clips/site_257_item_1680609/site_257_item_1680609_clip_016.webm,night,autumn,-0.5,0.866025,0.5,-0.866025,autumn_night
1680609_clip016_s001,resources/site_257_bowra-dry-a/downloaded_clips/site_257_item_1680609/site_257_item_1680609_clip_016.webm,night,autumn,-0.5,0.866025,0.5,-0.866025,autumn_night
1680609_clip016_s002,resources/site_257_bowra-dry-a/downloaded_clips/site_257_item_1680609/site_257_item_1680609_clip_016.webm,night,autumn,-0.5,0.866025,0.5,-0.866025,autumn_night
1680609_clip017_s000,resources/site_257_bowra-dry-a/downloaded_clips/site_257_item_1680609/site_257_item_1680609_clip_017.webm,night,autumn,-0.5,0.866025,0.5,-0.866025,autumn_night
1680609_clip019_s000,resources/site_257_bowra-dry-a/downloaded_clips/site_257_item_1680609/site_257_item_1680609_clip_019.webm,night,autumn,-0.5,0.866025,0.5,-0.866025,autumn_night
1680609_clip019_s001,resources/site_257_bowra-dry-a/downloaded_clips/site_257_item_1680609/site_257_item_1680609_clip_019.webm,night,autumn,-0.5,0.866025,0.5,-0.866025,autumn_night
1680609_clip019_s002,resources/site_257_bowra-dry-a/downloaded_clips/site_257_item_1680609/site_257_item_1680609_clip_019.webm,night,autumn,-0.5,0.866025,0.5,-0.866025,autumn_night
1680609_clip021_s000,resources/site_257_bowra-dry-a/downloaded_clips/site_257_item_1680609/site_257_item_1680609_clip_021.webm,night,autumn,-0.5,0.866025,0.5,-0.866025,autumn_night
1680609_clip022_s000,resources/site_257_bowra-dry-a/downloaded_clips/site_257_item_1680609/site_257_item_1680609_clip_022.webm,night,autumn,-0.5,0.866025,0.5,-0.866025,autumn_night
1680609_clip023_s000,resources/site_257_bowra-dry-a/downloaded_clips/site_257_item_1680609/site_257_item_1680609_clip_023.webm,night,autumn,-0.5,0.866025,0.5,-0.866025,autumn_night
1680609_clip024_s000,resources/site_257_bowra-dry-a/downloaded_clips/site_257_item_1680609/site_257_item_1680609_clip_024.webm,night,autumn,-0.5,0.866025,0.5,-0.866025,autumn_night
216096_clip013_s000,resources/site_257_bowra-dry-a/downloaded_clips/site_257_item_216096/site_257_item_216096_clip_013.webm,night,autumn,-0.5,0.866025,1.0,0.0,autumn_night
216473_clip006_s000,resources/site_257_bowra-dry-a/downloaded_clips/site_257_item_216473/site_257_item_216473_clip_006.webm,night,autumn,-0.5,0.866025,0.866025,-0.5,autumn_night
216473_clip006_s001,resources/site_257_bowra-dry-a/downloaded_clips/site_257_item_216473/site_257_item_216473_clip_006.webm,night,autumn,-0.5,0.866025,0.866025,-0.5,autumn_night
216473_clip007_s000,resources/site_257_bowra-dry-a/downloaded_clips/site_257_item_216473/site_257_item_216473_clip_007.webm,night,autumn,-0.5,0.866025,0.866025,-0.5,autumn_night
216473_clip007_s001,resources/site_257_bowra-dry-a/downloaded_clips/site_257_item_216473/site_257_item_216473_clip_007.webm,night,autumn,-0.5,0.866025,0.866025,-0.5,autumn_night
216473_clip011_s000,resources/site_257_bowra-dry-a/downloaded_clips/site_257_item_216473/site_257_item_216473_clip_011.webm,night,autumn,-0.5,0.866025,0.866025,-0.5,autumn_night
216473_clip011_s001,resources/site_257_bowra-dry-a/downloaded_clips/site_257_item_216473/site_257_item_216473_clip_011.webm,night,autumn,-0.5,0.866025,0.866025,-0.5,autumn_night
216473_clip012_s000,resources/site_257_bowra-dry-a/downloaded_clips/site_257_item_216473/site_257_item_216473_clip_012.webm,night,autumn,-0.5,0.866025,0.866025,-0.5,autumn_night
216473_clip012_s001,resources/site_257_bowra-dry-a/downloaded_clips/site_257_item_216473/site_257_item_216473_clip_012.webm,night,autumn,-0.5,0.866025,0.866025,-0.5,autumn_night
216473_clip012_s002,resources/site_257_bowra-dry-a/downloaded_clips/site_257_item_216473/site_257_item_216473_clip_012.webm,night,autumn,-0.5,0.866025,0.866025,-0.5,autumn_night
216473_clip012_s003,resources/site_257_bowra-dry-a/downloaded_clips/site_257_item_216473/site_257_item_216473_clip_012.webm,night,autumn,-0.5,0.866025,0.866025,-0.5,autumn_night
216473_clip015_s000,resources/site_257_bowra-dry-a/downloaded_clips/site_257_item_216473/site_257_item_216473_clip_015.webm,night,autumn,-0.5,0.866025,0.866025,-0.5,autumn_night
216473_clip015_s001,resources/site_257_bowra-dry-a/downloaded_clips/site_257_item_216473/site_257_item_216473_clip_015.webm,night,autumn,-0.5,0.866025,0.866025,-0.5,autumn_night
216473_clip015_s002,resources/site_257_bowra-dry-a/downloaded_clips/site_257_item_216473/site_257_item_216473_clip_015.webm,night,autumn,-0.5,0.866025,0.866025,-0.5,autumn_night
216473_clip015_s003,resources/site_257_bowra-dry-a/downloaded_clips/site_257_item_216473/site_257_item_216473_clip_015.webm,night,autumn,-0.5,0.866025,0.866025,-0.5,autumn_night
216473_clip015_s004,resources/site_257_bowra-dry-a/downloaded_clips/site_257_item_216473/site_257_item_216473_clip_015.webm,night,autumn,-0.5,0.866025,0.866025,-0.5,autumn_night
216473_clip015_s005,resources/site_257_bowra-dry-a/downloaded_clips/site_257_item_216473/site_257_item_216473_clip_015.webm,night,autumn,-0.5,0.866025,0.866025,-0.5,autumn_night
216473_clip016_s000,resources/site_257_bowra-dry-a/downloaded_clips/site_257_item_216473/site_257_item_216473_clip_016.webm,night,autumn,-0.5,0.866025,0.866025,-0.5,autumn_night
216473_clip016_s001,resources/site_257_bowra-dry-a/downloaded_clips/site_257_item_216473/site_257_item_216473_clip_016.webm,night,autumn,-0.5,0.866025,0.866025,-0.5,autumn_night
216473_clip016_s002,resources/site_257_bowra-dry-a/downloaded_clips/site_257_item_216473/site_257_item_216473_clip_016.webm,night,autumn,-0.5,0.866025,0.866025,-0.5,autumn_night
216473_clip017_s000,resources/site_257_bowra-dry-a/downloaded_clips/site_257_item_216473/site_257_item_216473_clip_017.webm,night,autumn,-0.5,0.866025,0.866025,-0.5,autumn_night
216473_clip017_s001,resources/site_257_bowra-dry-a/downloaded_clips/site_257_item_216473/site_257_item_216473_clip_017.webm,night,autumn,-0.5,0.866025,0.866025,-0.5,autumn_night
216473_clip018_s000,resources/site_257_bowra-dry-a/downloaded_clips/site_257_item_216473/site_257_item_216473_clip_018.webm,night,autumn,-0.5,0.866025,0.866025,-0.5,autumn_night
216473_clip018_s001,resources/site_257_bowra-dry-a/downloaded_clips/site_257_item_216473/site_257_item_216473_clip_018.webm,night,autumn,-0.5,0.866025,0.866025,-0.5,autumn_night
216473_clip019_s000,resources/site_257_bowra-dry-a/downloaded_clips/site_257_item_216473/site_257_item_216473_clip_019.webm,night,autumn,-0.5,0.866025,0.866025,-0.5,autumn_night
216473_clip021_s000,resources/site_257_bowra-dry-a/downloaded_clips/site_257_item_216473/site_257_item_216473_clip_021.webm,night,autumn,-0.5,0.866025,0.866025,-0.5,autumn_night
216473_clip021_s001,resources/site_257_bowra-dry-a/downloaded_clips/site_257_item_216473/site_257_item_216473_clip_021.webm,night,autumn,-0.5,0.866025,0.866025,-0.5,autumn_night
216473_clip021_s002,resources/site_257_bowra-dry-a/downloaded_clips/site_257_item_216473/site_257_item_216473_clip_021.webm,night,autumn,-0.5,0.866025,0.866025,-0.5,autumn_night
216473_clip023_s000,resources/site_257_bowra-dry-a/downloaded_clips/site_257_item_216473/site_257_item_216473_clip_023.webm,night,autumn,-0.5,0.866025,0.866025,-0.5,autumn_night
216473_clip023_s001,resources/site_257_bowra-dry-a/downloaded_clips/site_257_item_216473/site_257_item_216473_clip_023.webm,night,autumn,-0.5,0.866025,0.866025,-0.5,autumn_night
216473_clip024_s000,resources/site_257_bowra-dry-a/downloaded_clips/site_257_item_216473/site_257_item_216473_clip_024.webm,night,autumn,-0.5,0.866025,0.866025,-0.5,autumn_night
1313802_clip002_s000,resources/site_257_bowra-dry-a/downloaded_clips/site_257_item_1313802/site_257_item_1313802_clip_002.webm,dawn,winter,1.0,0.0,0.0,-1.0,winter_dawn
1313802_clip002_s001,resources/site_257_bowra-dry-a/downloaded_clips/site_257_item_1313802/site_257_item_1313802_clip_002.webm,dawn,winter,1.0,0.0,0.0,-1.0,winter_dawn
1313802_clip004_s000,resources/site_257_bowra-dry-a/downloaded_clips/site_257_item_1313802/site_257_item_1313802_clip_004.webm,dawn,winter,1.0,0.0,0.0,-1.0,winter_dawn
1313802_clip004_s001,resources/site_257_bowra-dry-a/downloaded_clips/site_257_item_1313802/site_257_item_1313802_clip_004.webm,dawn,winter,1.0,0.0,0.0,-1.0,winter_dawn
1313802_clip005_s000,resources/site_257_bowra-dry-a/downloaded_clips/site_257_item_1313802/site_257_item_1313802_clip_005.webm,dawn,winter,1.0,0.0,0.0,-1.0,winter_dawn
1313802_clip007_s000,resources/site_257_bowra-dry-a/downloaded_clips/site_257_item_1313802/site_257_item_1313802_clip_007.webm,dawn,winter,1.0,0.0,0.0,-1.0,winter_dawn
1313802_clip007_s001,resources/site_257_bowra-dry-a/downloaded_clips/site_257_item_1313802/site_257_item_1313802_clip_007.webm,dawn,winter,1.0,0.0,0.0,-1.0,winter_dawn
1313802_clip009_s000,resources/site_257_bowra-dry-a/downloaded_clips/site_257_item_1313802/site_257_item_1313802_clip_009.webm,dawn,winter,1.0,0.0,0.0,-1.0,winter_dawn
1313802_clip024_s000,resources/site_257_bowra-dry-a/downloaded_clips/site_257_item_1313802/site_257_item_1313802_clip_024.webm,dawn,winter,1.0,0.0,0.0,-1.0,winter_dawn
1313828_clip001_s000,resources/site_257_bowra-dry-a/downloaded_clips/site_257_item_1313828/site_257_item_1313828_clip_001.webm,dawn,winter,1.0,0.0,0.0,-1.0,winter_dawn
1313828_clip001_s001,resources/site_257_bowra-dry-a/downloaded_clips/site_257_item_1313828/site_257_item_1313828_clip_001.webm,dawn,winter,1.0,0.0,0.0,-1.0,winter_dawn
1313828_clip002_s000,resources/site_257_bowra-dry-a/downloaded_clips/site_257_item_1313828/site_257_item_1313828_clip_002.webm,dawn,winter,1.0,0.0,0.0,-1.0,winter_dawn
1313828_clip002_s001,resources/site_257_bowra-dry-a/downloaded_clips/site_257_item_1313828/site_257_item_1313828_clip_002.webm,dawn,winter,1.0,0.0,0.0,-1.0,winter_dawn
1313828_clip004_s000,resources/site_257_bowra-dry-a/downloaded_clips/site_257_item_1313828/site_257_item_1313828_clip_004.webm,dawn,winter,1.0,0.0,0.0,-1.0,winter_dawn
1313828_clip006_s000,resources/site_257_bowra-dry-a/downloaded_clips/site_257_item_1313828/site_257_item_1313828_clip_006.webm,dawn,winter,1.0,0.0,0.0,-1.0,winter_dawn
1313828_clip007_s000,resources/site_257_bowra-dry-a/downloaded_clips/site_257_item_1313828/site_257_item_1313828_clip_007.webm,dawn,winter,1.0,0.0,0.0,-1.0,winter_dawn
1313828_clip007_s001,resources/site_257_bowra-dry-a/downloaded_clips/site_257_item_1313828/site_257_item_1313828_clip_007.webm,dawn,winter,1.0,0.0,0.0,-1.0,winter_dawn
1313828_clip011_s000,resources/site_257_bowra-dry-a/downloaded_clips/site_257_item_1313828/site_257_item_1313828_clip_011.webm,dawn,winter,1.0,0.0,0.0,-1.0,winter_dawn
1313828_clip012_s000,resources/site_257_bowra-dry-a/downloaded_clips/site_257_item_1313828/site_257_item_1313828_clip_012.webm,dawn,winter,1.0,0.0,0.0,-1.0,winter_dawn
1313828_clip012_s001,resources/site_257_bowra-dry-a/downloaded_clips/site_257_item_1313828/site_257_item_1313828_clip_012.webm,dawn,winter,1.0,0.0,0.0,-1.0,winter_dawn
1313828_clip013_s000,resources/site_257_bowra-dry-a/downloaded_clips/site_257_item_1313828/site_257_item_1313828_clip_013.webm,dawn,winter,1.0,0.0,0.0,-1.0,winter_dawn
1313828_clip013_s001,resources/site_257_bowra-dry-a/downloaded_clips/site_257_item_1313828/site_257_item_1313828_clip_013.webm,dawn,winter,1.0,0.0,0.0,-1.0,winter_dawn
1313828_clip014_s000,resources/site_257_bowra-dry-a/downloaded_clips/site_257_item_1313828/site_257_item_1313828_clip_014.webm,dawn,winter,1.0,0.0,0.0,-1.0,winter_dawn
1313828_clip015_s000,resources/site_257_bowra-dry-a/downloaded_clips/site_257_item_1313828/site_257_item_1313828_clip_015.webm,dawn,winter,1.0,0.0,0.0,-1.0,winter_dawn
1313828_clip016_s000,resources/site_257_bowra-dry-a/downloaded_clips/site_257_item_1313828/site_257_item_1313828_clip_016.webm,dawn,winter,1.0,0.0,0.0,-1.0,winter_dawn
1313828_clip021_s000,resources/site_257_bowra-dry-a/downloaded_clips/site_257_item_1313828/site_257_item_1313828_clip_021.webm,dawn,winter,1.0,0.0,0.0,-1.0,winter_dawn
1313828_clip021_s001,resources/site_257_bowra-dry-a/downloaded_clips/site_257_item_1313828/site_257_item_1313828_clip_021.webm,dawn,winter,1.0,0.0,0.0,-1.0,winter_dawn
1314116_clip001_s000,resources/site_257_bowra-dry-a/downloaded_clips/site_257_item_1314116/site_257_item_1314116_clip_001.webm,dawn,winter,1.0,0.0,-0.5,-0.866025,winter_dawn
1314116_clip005_s000,resources/site_257_bowra-dry-a/downloaded_clips/site_257_item_1314116/site_257_item_1314116_clip_005.webm,dawn,winter,1.0,0.0,-0.5,-0.866025,winter_dawn
1314116_clip005_s001,resources/site_257_bowra-dry-a/downloaded_clips/site_257_item_1314116/site_257_item_1314116_clip_005.webm,dawn,winter,1.0,0.0,-0.5,-0.866025,winter_dawn
1535637_clip002_s000,resources/site_257_bowra-dry-a/downloaded_clips/site_257_item_1535637/site_257_item_1535637_clip_002.webm,dawn,winter,0.965926,0.258819,-0.866025,-0.5,winter_dawn
1536798_clip001_s000,resources/site_257_bowra-dry-a/downloaded_clips/site_257_item_1536798/site_257_item_1536798_clip_001.webm,dawn,winter,1.0,0.0,0.0,-1.0,winter_dawn
1536798_clip001_s001,resources/site_257_bowra-dry-a/downloaded_clips/site_257_item_1536798/site_257_item_1536798_clip_001.webm,dawn,winter,1.0,0.0,0.0,-1.0,winter_dawn
1536798_clip002_s000,resources/site_257_bowra-dry-a/downloaded_clips/site_257_item_1536798/site_257_item_1536798_clip_002.webm,dawn,winter,1.0,0.0,0.0,-1.0,winter_dawn
1536798_clip002_s001,resources/site_257_bowra-dry-a/downloaded_clips/site_257_item_1536798/site_257_item_1536798_clip_002.webm,dawn,winter,1.0,0.0,0.0,-1.0,winter_dawn
1536798_clip011_s000,resources/site_257_bowra-dry-a/downloaded_clips/site_257_item_1536798/site_257_item_1536798_clip_011.webm,dawn,winter,1.0,0.0,0.0,-1.0,winter_dawn
1539111_clip003_s000,resources/site_257_bowra-dry-a/downloaded_clips/site_257_item_1539111/site_257_item_1539111_clip_003.webm,dawn,winter,1.0,0.0,0.0,-1.0,winter_dawn
1539111_clip003_s001,resources/site_257_bowra-dry-a/downloaded_clips/site_257_item_1539111/site_257_item_1539111_clip_003.webm,dawn,winter,1.0,0.0,0.0,-1.0,winter_dawn
1539111_clip004_s000,resources/site_257_bowra-dry-a/downloaded_clips/site_257_item_1539111/site_257_item_1539111_clip_004.webm,dawn,winter,1.0,0.0,0.0,-1.0,winter_dawn
1539111_clip004_s001,resources/site_257_bowra-dry-a/downloaded_clips/site_257_item_1539111/site_257_item_1539111_clip_004.webm,dawn,winter,1.0,0.0,0.0,-1.0,winter_dawn
1539111_clip004_s002,resources/site_257_bowra-dry-a/downloaded_clips/site_257_item_1539111/site_257_item_1539111_clip_004.webm,dawn,winter,1.0,0.0,0.0,-1.0,winter_dawn
1539111_clip004_s003,resources/site_257_bowra-dry-a/downloaded_clips/site_257_item_1539111/site_257_item_1539111_clip_004.webm,dawn,winter,1.0,0.0,0.0,-1.0,winter_dawn
1539111_clip015_s000,resources/site_257_bowra-dry-a/downloaded_clips/site_257_item_1539111/site_257_item_1539111_clip_015.webm,dawn,winter,1.0,0.0,0.0,-1.0,winter_dawn
1539171_clip003_s000,resources/site_257_bowra-dry-a/downloaded_clips/site_257_item_1539171/site_257_item_1539171_clip_003.webm,dawn,winter,1.0,0.0,-0.5,-0.866025,winter_dawn
1539171_clip003_s001,resources/site_257_bowra-dry-a/downloaded_clips/site_257_item_1539171/site_257_item_1539171_clip_003.webm,dawn,winter,1.0,0.0,-0.5,-0.866025,winter_dawn
1539171_clip007_s000,resources/site_257_bowra-dry-a/downloaded_clips/site_257_item_1539171/site_257_item_1539171_clip_007.webm,dawn,winter,1.0,0.0,-0.5,-0.866025,winter_dawn
1539171_clip016_s000,resources/site_257_bowra-dry-a/downloaded_clips/site_257_item_1539171/site_257_item_1539171_clip_016.webm,dawn,winter,1.0,0.0,-0.5,-0.866025,winter_dawn
1672451_clip003_s000,resources/site_257_bowra-dry-a/downloaded_clips/site_257_item_1672451/site_257_item_1672451_clip_003.webm,dawn,winter,0.866025,0.5,0.0,-1.0,winter_dawn
1672451_clip013_s000,resources/site_257_bowra-dry-a/downloaded_clips/site_257_item_1672451/site_257_item_1672451_clip_013.webm,dawn,winter,0.866025,0.5,0.0,-1.0,winter_dawn
1672451_clip017_s000,resources/site_257_bowra-dry-a/downloaded_clips/site_257_item_1672451/site_257_item_1672451_clip_017.webm,dawn,winter,0.866025,0.5,0.0,-1.0,winter_dawn
1672819_clip002_s000,resources/site_257_bowra-dry-a/downloaded_clips/site_257_item_1672819/site_257_item_1672819_clip_002.webm,dawn,winter,1.0,0.0,0.0,-1.0,winter_dawn
1672819_clip008_s000,resources/site_257_bowra-dry-a/downloaded_clips/site_257_item_1672819/site_257_item_1672819_clip_008.webm,dawn,winter,1.0,0.0,0.0,-1.0,winter_dawn
445525_clip012_s000,resources/site_257_bowra-dry-a/downloaded_clips/site_257_item_445525/site_257_item_445525_clip_012.webm,dawn,winter,1.0,0.0,-0.866025,-0.5,winter_dawn
445525_clip012_s001,resources/site_257_bowra-dry-a/downloaded_clips/site_257_item_445525/site_257_item_445525_clip_012.webm,dawn,winter,1.0,0.0,-0.866025,-0.5,winter_dawn
5495_clip011_s000,resources/site_257_bowra-dry-a/downloaded_clips/site_257_item_5495/site_257_item_5495_clip_011.webm,dawn,winter,1.0,0.0,-0.866025,-0.5,winter_dawn
5495_clip013_s000,resources/site_257_bowra-dry-a/downloaded_clips/site_257_item_5495/site_257_item_5495_clip_013.webm,dawn,winter,1.0,0.0,-0.866025,-0.5,winter_dawn
5495_clip018_s000,resources/site_257_bowra-dry-a/downloaded_clips/site_257_item_5495/site_257_item_5495_clip_018.webm,dawn,winter,1.0,0.0,-0.866025,-0.5,winter_dawn
5495_clip022_s000,resources/site_257_bowra-dry-a/downloaded_clips/site_257_item_5495/site_257_item_5495_clip_022.webm,dawn,winter,1.0,0.0,-0.866025,-0.5,winter_dawn
1313804_clip002_s000,resources/site_257_bowra-dry-a/downloaded_clips/site_257_item_1313804/site_257_item_1313804_clip_002.webm,afternoon,winter,-0.5,-0.866025,0.0,-1.0,winter_afternoon
1313804_clip005_s000,resources/site_257_bowra-dry-a/downloaded_clips/site_257_item_1313804/site_257_item_1313804_clip_005.webm,afternoon,winter,-0.5,-0.866025,0.0,-1.0,winter_afternoon
1313804_clip006_s000,resources/site_257_bowra-dry-a/downloaded_clips/site_257_item_1313804/site_257_item_1313804_clip_006.webm,afternoon,winter,-0.5,-0.866025,0.0,-1.0,winter_afternoon
1313804_clip010_s000,resources/site_257_bowra-dry-a/downloaded_clips/site_257_item_1313804/site_257_item_1313804_clip_010.webm,afternoon,winter,-0.5,-0.866025,0.0,-1.0,winter_afternoon
1313804_clip011_s000,resources/site_257_bowra-dry-a/downloaded_clips/site_257_item_1313804/site_257_item_1313804_clip_011.webm,afternoon,winter,-0.5,-0.866025,0.0,-1.0,winter_afternoon
1313804_clip017_s000,resources/site_257_bowra-dry-a/downloaded_clips/site_257_item_1313804/site_257_item_1313804_clip_017.webm,afternoon,winter,-0.5,-0.866025,0.0,-1.0,winter_afternoon
1313804_clip017_s001,resources/site_257_bowra-dry-a/downloaded_clips/site_257_item_1313804/site_257_item_1313804_clip_017.webm,afternoon,winter,-0.5,-0.866025,0.0,-1.0,winter_afternoon
1313804_clip020_s000,resources/site_257_bowra-dry-a/downloaded_clips/site_257_item_1313804/site_257_item_1313804_clip_020.webm,afternoon,winter,-0.5,-0.866025,0.0,-1.0,winter_afternoon
1313831_clip011_s000,resources/site_257_bowra-dry-a/downloaded_clips/site_257_item_1313831/site_257_item_1313831_clip_011.webm,afternoon,winter,0.0,-1.0,0.0,-1.0,winter_afternoon
1313831_clip014_s000,resources/site_257_bowra-dry-a/downloaded_clips/site_257_item_1313831/site_257_item_1313831_clip_014.webm,afternoon,winter,0.0,-1.0,0.0,-1.0,winter_afternoon
1313831_clip014_s001,resources/site_257_bowra-dry-a/downloaded_clips/site_257_item_1313831/site_257_item_1313831_clip_014.webm,afternoon,winter,0.0,-1.0,0.0,-1.0,winter_afternoon
1313831_clip014_s002,resources/site_257_bowra-dry-a/downloaded_clips/site_257_item_1313831/site_257_item_1313831_clip_014.webm,afternoon,winter,0.0,-1.0,0.0,-1.0,winter_afternoon
1313831_clip015_s000,resources/site_257_bowra-dry-a/downloaded_clips/site_257_item_1313831/site_257_item_1313831_clip_015.webm,afternoon,winter,0.0,-1.0,0.0,-1.0,winter_afternoon
1313831_clip017_s000,resources/site_257_bowra-dry-a/downloaded_clips/site_257_item_1313831/site_257_item_1313831_clip_017.webm,afternoon,winter,0.0,-1.0,0.0,-1.0,winter_afternoon
1313831_clip019_s000,resources/site_257_bowra-dry-a/downloaded_clips/site_257_item_1313831/site_257_item_1313831_clip_019.webm,afternoon,winter,0.0,-1.0,0.0,-1.0,winter_afternoon
1313831_clip019_s001,resources/site_257_bowra-dry-a/downloaded_clips/site_257_item_1313831/site_257_item_1313831_clip_019.webm,afternoon,winter,0.0,-1.0,0.0,-1.0,winter_afternoon
1313831_clip019_s002,resources/site_257_bowra-dry-a/downloaded_clips/site_257_item_1313831/site_257_item_1313831_clip_019.webm,afternoon,winter,0.0,-1.0,0.0,-1.0,winter_afternoon
1534156_clip001_s000,resources/site_257_bowra-dry-a/downloaded_clips/site_257_item_1534156/site_257_item_1534156_clip_001.webm,afternoon,winter,-0.5,-0.866025,0.0,-1.0,winter_afternoon
1534156_clip002_s000,resources/site_257_bowra-dry-a/downloaded_clips/site_257_item_1534156/site_257_item_1534156_clip_002.webm,afternoon,winter,-0.5,-0.866025,0.0,-1.0,winter_afternoon
1534156_clip004_s000,resources/site_257_bowra-dry-a/downloaded_clips/site_257_item_1534156/site_257_item_1534156_clip_004.webm,afternoon,winter,-0.5,-0.866025,0.0,-1.0,winter_afternoon
1534156_clip007_s000,resources/site_257_bowra-dry-a/downloaded_clips/site_257_item_1534156/site_257_item_1534156_clip_007.webm,afternoon,winter,-0.5,-0.866025,0.0,-1.0,winter_afternoon
1534156_clip009_s000,resources/site_257_bowra-dry-a/downloaded_clips/site_257_item_1534156/site_257_item_1534156_clip_009.webm,afternoon,winter,-0.5,-0.866025,0.0,-1.0,winter_afternoon
1534156_clip011_s000,resources/site_257_bowra-dry-a/downloaded_clips/site_257_item_1534156/site_257_item_1534156_clip_011.webm,afternoon,winter,-0.5,-0.866025,0.0,-1.0,winter_afternoon
1534156_clip013_s000,resources/site_257_bowra-dry-a/downloaded_clips/site_257_item_1534156/site_257_item_1534156_clip_013.webm,afternoon,winter,-0.5,-0.866025,0.0,-1.0,winter_afternoon
1534156_clip017_s000,resources/site_257_bowra-dry-a/downloaded_clips/site_257_item_1534156/site_257_item_1534156_clip_017.webm,afternoon,winter,-0.5,-0.866025,0.0,-1.0,winter_afternoon
1534156_clip017_s001,resources/site_257_bowra-dry-a/downloaded_clips/site_257_item_1534156/site_257_item_1534156_clip_017.webm,afternoon,winter,-0.5,-0.866025,0.0,-1.0,winter_afternoon
1534156_clip017_s002,resources/site_257_bowra-dry-a/downloaded_clips/site_257_item_1534156/site_257_item_1534156_clip_017.webm,afternoon,winter,-0.5,-0.866025,0.0,-1.0,winter_afternoon
1534156_clip018_s000,resources/site_257_bowra-dry-a/downloaded_clips/site_257_item_1534156/site_257_item_1534156_clip_018.webm,afternoon,winter,-0.5,-0.866025,0.0,-1.0,winter_afternoon
1534156_clip021_s000,resources/site_257_bowra-dry-a/downloaded_clips/site_257_item_1534156/site_257_item_1534156_clip_021.webm,afternoon,winter,-0.5,-0.866025,0.0,-1.0,winter_afternoon
1534156_clip021_s001,resources/site_257_bowra-dry-a/downloaded_clips/site_257_item_1534156/site_257_item_1534156_clip_021.webm,afternoon,winter,-0.5,-0.866025,0.0,-1.0,winter_afternoon
1534156_clip022_s000,resources/site_257_bowra-dry-a/downloaded_clips/site_257_item_1534156/site_257_item_1534156_clip_022.webm,afternoon,winter,-0.5,-0.866025,0.0,-1.0,winter_afternoon
1534156_clip022_s001,resources/site_257_bowra-dry-a/downloaded_clips/site_257_item_1534156/site_257_item_1534156_clip_022.webm,afternoon,winter,-0.5,-0.866025,0.0,-1.0,winter_afternoon
1534156_clip022_s002,resources/site_257_bowra-dry-a/downloaded_clips/site_257_item_1534156/site_257_item_1534156_clip_022.webm,afternoon,winter,-0.5,-0.866025,0.0,-1.0,winter_afternoon
1534156_clip024_s000,resources/site_257_bowra-dry-a/downloaded_clips/site_257_item_1534156/site_257_item_1534156_clip_024.webm,afternoon,winter,-0.5,-0.866025,0.0,-1.0,winter_afternoon
1535837_clip001_s000,resources/site_257_bowra-dry-a/downloaded_clips/site_257_item_1535837/site_257_item_1535837_clip_001.webm,afternoon,winter,-0.258819,-0.965926,-0.866025,-0.5,winter_afternoon
1535837_clip004_s000,resources/site_257_bowra-dry-a/downloaded_clips/site_257_item_1535837/site_257_item_1535837_clip_004.webm,afternoon,winter,-0.258819,-0.965926,-0.866025,-0.5,winter_afternoon
1535837_clip006_s000,resources/site_257_bowra-dry-a/downloaded_clips/site_257_item_1535837/site_257_item_1535837_clip_006.webm,afternoon,winter,-0.258819,-0.965926,-0.866025,-0.5,winter_afternoon
1536797_clip008_s000,resources/site_257_bowra-dry-a/downloaded_clips/site_257_item_1536797/site_257_item_1536797_clip_008.webm,afternoon,winter,-0.5,-0.866025,0.0,-1.0,winter_afternoon
1536797_clip008_s001,resources/site_257_bowra-dry-a/downloaded_clips/site_257_item_1536797/site_257_item_1536797_clip_008.webm,afternoon,winter,-0.5,-0.866025,0.0,-1.0,winter_afternoon
1536797_clip010_s000,resources/site_257_bowra-dry-a/downloaded_clips/site_257_item_1536797/site_257_item_1536797_clip_010.webm,afternoon,winter,-0.5,-0.866025,0.0,-1.0,winter_afternoon
1536797_clip011_s000,resources/site_257_bowra-dry-a/downloaded_clips/site_257_item_1536797/site_257_item_1536797_clip_011.webm,afternoon,winter,-0.5,-0.866025,0.0,-1.0,winter_afternoon
1536797_clip013_s000,resources/site_257_bowra-dry-a/downloaded_clips/site_257_item_1536797/site_257_item_1536797_clip_013.webm,afternoon,winter,-0.5,-0.866025,0.0,-1.0,winter_afternoon
1536797_clip017_s000,resources/site_257_bowra-dry-a/downloaded_clips/site_257_item_1536797/site_257_item_1536797_clip_017.webm,afternoon,winter,-0.5,-0.866025,0.0,-1.0,winter_afternoon
1536797_clip022_s000,resources/site_257_bowra-dry-a/downloaded_clips/site_257_item_1536797/site_257_item_1536797_clip_022.webm,afternoon,winter,-0.5,-0.866025,0.0,-1.0,winter_afternoon
1539520_clip004_s000,resources/site_257_bowra-dry-a/downloaded_clips/site_257_item_1539520/site_257_item_1539520_clip_004.webm,afternoon,winter,-0.258819,-0.965926,-0.5,-0.866025,winter_afternoon
1539520_clip008_s000,resources/site_257_bowra-dry-a/downloaded_clips/site_257_item_1539520/site_257_item_1539520_clip_008.webm,afternoon,winter,-0.258819,-0.965926,-0.5,-0.866025,winter_afternoon
1539520_clip010_s000,resources/site_257_bowra-dry-a/downloaded_clips/site_257_item_1539520/site_257_item_1539520_clip_010.webm,afternoon,winter,-0.258819,-0.965926,-0.5,-0.866025,winter_afternoon
1539520_clip010_s001,resources/site_257_bowra-dry-a/downloaded_clips/site_257_item_1539520/site_257_item_1539520_clip_010.webm,afternoon,winter,-0.258819,-0.965926,-0.5,-0.866025,winter_afternoon
1539520_clip010_s002,resources/site_257_bowra-dry-a/downloaded_clips/site_257_item_1539520/site_257_item_1539520_clip_010.webm,afternoon,winter,-0.258819,-0.965926,-0.5,-0.866025,winter_afternoon
1539520_clip010_s003,resources/site_257_bowra-dry-a/downloaded_clips/site_257_item_1539520/site_257_item_1539520_clip_010.webm,afternoon,winter,-0.258819,-0.965926,-0.5,-0.866025,winter_afternoon
1675748_clip001_s000,resources/site_257_bowra-dry-a/downloaded_clips/site_257_item_1675748/site_257_item_1675748_clip_001.webm,afternoon,winter,0.0,-1.0,0.0,-1.0,winter_afternoon
1675748_clip015_s000,resources/site_257_bowra-dry-a/downloaded_clips/site_257_item_1675748/site_257_item_1675748_clip_015.webm,afternoon,winter,0.0,-1.0,0.0,-1.0,winter_afternoon
1675748_clip016_s000,resources/site_257_bowra-dry-a/downloaded_clips/site_257_item_1675748/site_257_item_1675748_clip_016.webm,afternoon,winter,0.0,-1.0,0.0,-1.0,winter_afternoon
1681129_clip003_s000,resources/site_257_bowra-dry-a/downloaded_clips/site_257_item_1681129/site_257_item_1681129_clip_003.webm,afternoon,winter,0.0,-1.0,0.0,-1.0,winter_afternoon
1681129_clip022_s000,resources/site_257_bowra-dry-a/downloaded_clips/site_257_item_1681129/site_257_item_1681129_clip_022.webm,afternoon,winter,0.0,-1.0,0.0,-1.0,winter_afternoon
1681129_clip023_s000,resources/site_257_bowra-dry-a/downloaded_clips/site_257_item_1681129/site_257_item_1681129_clip_023.webm,afternoon,winter,0.0,-1.0,0.0,-1.0,winter_afternoon
445532_clip004_s000,resources/site_257_bowra-dry-a/downloaded_clips/site_257_item_445532/site_257_item_445532_clip_004.webm,afternoon,winter,-0.5,-0.866025,-0.866025,-0.5,winter_afternoon
445532_clip008_s000,resources/site_257_bowra-dry-a/downloaded_clips/site_257_item_445532/site_257_item_445532_clip_008.webm,afternoon,winter,-0.5,-0.866025,-0.866025,-0.5,winter_afternoon
445532_clip019_s000,resources/site_257_bowra-dry-a/downloaded_clips/site_257_item_445532/site_257_item_445532_clip_019.webm,afternoon,winter,-0.5,-0.866025,-0.866025,-0.5,winter_afternoon
445532_clip020_s000,resources/site_257_bowra-dry-a/downloaded_clips/site_257_item_445532/site_257_item_445532_clip_020.webm,afternoon,winter,-0.5,-0.866025,-0.866025,-0.5,winter_afternoon
5293_clip002_s000,resources/site_257_bowra-dry-a/downloaded_clips/site_257_item_5293/site_257_item_5293_clip_002.webm,afternoon,winter,-0.5,-0.866025,-0.866025,-0.5,winter_afternoon
5293_clip008_s000,resources/site_257_bowra-dry-a/downloaded_clips/site_257_item_5293/site_257_item_5293_clip_008.webm,afternoon,winter,-0.5,-0.866025,-0.866025,-0.5,winter_afternoon
5293_clip024_s000,resources/site_257_bowra-dry-a/downloaded_clips/site_257_item_5293/site_257_item_5293_clip_024.webm,afternoon,winter,-0.5,-0.866025,-0.866025,-0.5,winter_afternoon
5493_clip001_s000,resources/site_257_bowra-dry-a/downloaded_clips/site_257_item_5493/site_257_item_5493_clip_001.webm,afternoon,winter,-0.5,-0.866025,-0.866025,-0.5,winter_afternoon
5493_clip006_s000,resources/site_257_bowra-dry-a/downloaded_clips/site_257_item_5493/site_257_item_5493_clip_006.webm,afternoon,winter,-0.5,-0.866025,-0.866025,-0.5,winter_afternoon
5493_clip011_s000,resources/site_257_bowra-dry-a/downloaded_clips/site_257_item_5493/site_257_item_5493_clip_011.webm,afternoon,winter,-0.5,-0.866025,-0.866025,-0.5,winter_afternoon
5493_clip011_s001,resources/site_257_bowra-dry-a/downloaded_clips/site_257_item_5493/site_257_item_5493_clip_011.webm,afternoon,winter,-0.5,-0.866025,-0.866025,-0.5,winter_afternoon
5493_clip012_s000,resources/site_257_bowra-dry-a/downloaded_clips/site_257_item_5493/site_257_item_5493_clip_012.webm,afternoon,winter,-0.5,-0.866025,-0.866025,-0.5,winter_afternoon
5493_clip012_s001,resources/site_257_bowra-dry-a/downloaded_clips/site_257_item_5493/site_257_item_5493_clip_012.webm,afternoon,winter,-0.5,-0.866025,-0.866025,-0.5,winter_afternoon
5493_clip016_s000,resources/site_257_bowra-dry-a/downloaded_clips/site_257_item_5493/site_257_item_5493_clip_016.webm,afternoon,winter,-0.5,-0.866025,-0.866025,-0.5,winter_afternoon
1313809_clip017_s000,resources/site_257_bowra-dry-a/downloaded_clips/site_257_item_1313809/site_257_item_1313809_clip_017.webm,night,winter,-0.5,0.866025,0.0,-1.0,winter_night
1313809_clip021_s000,resources/site_257_bowra-dry-a/downloaded_clips/site_257_item_1313809/site_257_item_1313809_clip_021.webm,night,winter,-0.5,0.866025,0.0,-1.0,winter_night
1313809_clip022_s000,resources/site_257_bowra-dry-a/downloaded_clips/site_257_item_1313809/site_257_item_1313809_clip_022.webm,night,winter,-0.5,0.866025,0.0,-1.0,winter_night
1313809_clip022_s001,resources/site_257_bowra-dry-a/downloaded_clips/site_257_item_1313809/site_257_item_1313809_clip_022.webm,night,winter,-0.5,0.866025,0.0,-1.0,winter_night
1313809_clip022_s002,resources/site_257_bowra-dry-a/downloaded_clips/site_257_item_1313809/site_257_item_1313809_clip_022.webm,night,winter,-0.5,0.866025,0.0,-1.0,winter_night
1313833_clip003_s000,resources/site_257_bowra-dry-a/downloaded_clips/site_257_item_1313833/site_257_item_1313833_clip_003.webm,night,winter,-0.5,0.866025,0.0,-1.0,winter_night
1313833_clip009_s000,resources/site_257_bowra-dry-a/downloaded_clips/site_257_item_1313833/site_257_item_1313833_clip_009.webm,night,winter,-0.5,0.866025,0.0,-1.0,winter_night
1313833_clip014_s000,resources/site_257_bowra-dry-a/downloaded_clips/site_257_item_1313833/site_257_item_1313833_clip_014.webm,night,winter,-0.5,0.866025,0.0,-1.0,winter_night
1313833_clip017_s000,resources/site_257_bowra-dry-a/downloaded_clips/site_257_item_1313833/site_257_item_1313833_clip_017.webm,night,winter,-0.5,0.866025,0.0,-1.0,winter_night
1313833_clip019_s000,resources/site_257_bowra-dry-a/downloaded_clips/site_257_item_1313833/site_257_item_1313833_clip_019.webm,night,winter,-0.5,0.866025,0.0,-1.0,winter_night
1314130_clip002_s000,resources/site_257_bowra-dry-a/downloaded_clips/site_257_item_1314130/site_257_item_1314130_clip_002.webm,night,winter,-0.5,0.866025,-0.5,-0.866025,winter_night
1314130_clip019_s000,resources/site_257_bowra-dry-a/downloaded_clips/site_257_item_1314130/site_257_item_1314130_clip_019.webm,night,winter,-0.5,0.866025,-0.5,-0.866025,winter_night
1534143_clip001_s000,resources/site_257_bowra-dry-a/downloaded_clips/site_257_item_1534143/site_257_item_1534143_clip_001.webm,night,winter,-0.5,0.866025,0.0,-1.0,winter_night
1534143_clip002_s000,resources/site_257_bowra-dry-a/downloaded_clips/site_257_item_1534143/site_257_item_1534143_clip_002.webm,night,winter,-0.5,0.866025,0.0,-1.0,winter_night
1534143_clip002_s001,resources/site_257_bowra-dry-a/downloaded_clips/site_257_item_1534143/site_257_item_1534143_clip_002.webm,night,winter,-0.5,0.866025,0.0,-1.0,winter_night
1534143_clip002_s002,resources/site_257_bowra-dry-a/downloaded_clips/site_257_item_1534143/site_257_item_1534143_clip_002.webm,night,winter,-0.5,0.866025,0.0,-1.0,winter_night
1534143_clip004_s000,resources/site_257_bowra-dry-a/downloaded_clips/site_257_item_1534143/site_257_item_1534143_clip_004.webm,night,winter,-0.5,0.866025,0.0,-1.0,winter_night
1534143_clip008_s000,resources/site_257_bowra-dry-a/downloaded_clips/site_257_item_1534143/site_257_item_1534143_clip_008.webm,night,winter,-0.5,0.866025,0.0,-1.0,winter_night
1534143_clip009_s000,resources/site_257_bowra-dry-a/downloaded_clips/site_257_item_1534143/site_257_item_1534143_clip_009.webm,night,winter,-0.5,0.866025,0.0,-1.0,winter_night
1534143_clip009_s001,resources/site_257_bowra-dry-a/downloaded_clips/site_257_item_1534143/site_257_item_1534143_clip_009.webm,night,winter,-0.5,0.866025,0.0,-1.0,winter_night
1534143_clip011_s000,resources/site_257_bowra-dry-a/downloaded_clips/site_257_item_1534143/site_257_item_1534143_clip_011.webm,night,winter,-0.5,0.866025,0.0,-1.0,winter_night
1534143_clip011_s001,resources/site_257_bowra-dry-a/downloaded_clips/site_257_item_1534143/site_257_item_1534143_clip_011.webm,night,winter,-0.5,0.866025,0.0,-1.0,winter_night
1534143_clip016_s000,resources/site_257_bowra-dry-a/downloaded_clips/site_257_item_1534143/site_257_item_1534143_clip_016.webm,night,winter,-0.5,0.866025,0.0,-1.0,winter_night
1534143_clip016_s001,resources/site_257_bowra-dry-a/downloaded_clips/site_257_item_1534143/site_257_item_1534143_clip_016.webm,night,winter,-0.5,0.866025,0.0,-1.0,winter_night
1534143_clip021_s000,resources/site_257_bowra-dry-a/downloaded_clips/site_257_item_1534143/site_257_item_1534143_clip_021.webm,night,winter,-0.5,0.866025,0.0,-1.0,winter_night
1535645_clip001_s000,resources/site_257_bowra-dry-a/downloaded_clips/site_257_item_1535645/site_257_item_1535645_clip_001.webm,night,winter,-0.5,0.866025,-0.866025,-0.5,winter_night
1535645_clip002_s000,resources/site_257_bowra-dry-a/downloaded_clips/site_257_item_1535645/site_257_item_1535645_clip_002.webm,night,winter,-0.5,0.866025,-0.866025,-0.5,winter_night
1535645_clip005_s000,resources/site_257_bowra-dry-a/downloaded_clips/site_257_item_1535645/site_257_item_1535645_clip_005.webm,night,winter,-0.5,0.866025,-0.866025,-0.5,winter_night
1535645_clip008_s000,resources/site_257_bowra-dry-a/downloaded_clips/site_257_item_1535645/site_257_item_1535645_clip_008.webm,night,winter,-0.5,0.866025,-0.866025,-0.5,winter_night
1535645_clip012_s000,resources/site_257_bowra-dry-a/downloaded_clips/site_257_item_1535645/site_257_item_1535645_clip_012.webm,night,winter,-0.5,0.866025,-0.866025,-0.5,winter_night
1535645_clip015_s000,resources/site_257_bowra-dry-a/downloaded_clips/site_257_item_1535645/site_257_item_1535645_clip_015.webm,night,winter,-0.5,0.866025,-0.866025,-0.5,winter_night
1535645_clip017_s000,resources/site_257_bowra-dry-a/downloaded_clips/site_257_item_1535645/site_257_item_1535645_clip_017.webm,night,winter,-0.5,0.866025,-0.866025,-0.5,winter_night
1535645_clip022_s000,resources/site_257_bowra-dry-a/downloaded_clips/site_257_item_1535645/site_257_item_1535645_clip_022.webm,night,winter,-0.5,0.866025,-0.866025,-0.5,winter_night
1536811_clip002_s000,resources/site_257_bowra-dry-a/downloaded_clips/site_257_item_1536811/site_257_item_1536811_clip_002.webm,night,winter,-0.5,0.866025,0.0,-1.0,winter_night
1536811_clip002_s001,resources/site_257_bowra-dry-a/downloaded_clips/site_257_item_1536811/site_257_item_1536811_clip_002.webm,night,winter,-0.5,0.866025,0.0,-1.0,winter_night
1536811_clip004_s000,resources/site_257_bowra-dry-a/downloaded_clips/site_257_item_1536811/site_257_item_1536811_clip_004.webm,night,winter,-0.5,0.866025,0.0,-1.0,winter_night
1536811_clip006_s000,resources/site_257_bowra-dry-a/downloaded_clips/site_257_item_1536811/site_257_item_1536811_clip_006.webm,night,winter,-0.5,0.866025,0.0,-1.0,winter_night
1536811_clip013_s000,resources/site_257_bowra-dry-a/downloaded_clips/site_257_item_1536811/site_257_item_1536811_clip_013.webm,night,winter,-0.5,0.866025,0.0,-1.0,winter_night
1539208_clip004_s000,resources/site_257_bowra-dry-a/downloaded_clips/site_257_item_1539208/site_257_item_1539208_clip_004.webm,night,winter,-0.5,0.866025,-0.5,-0.866025,winter_night
1539208_clip005_s000,resources/site_257_bowra-dry-a/downloaded_clips/site_257_item_1539208/site_257_item_1539208_clip_005.webm,night,winter,-0.5,0.866025,-0.5,-0.866025,winter_night
1539208_clip007_s000,resources/site_257_bowra-dry-a/downloaded_clips/site_257_item_1539208/site_257_item_1539208_clip_007.webm,night,winter,-0.5,0.866025,-0.5,-0.866025,winter_night
1539525_clip001_s000,resources/site_257_bowra-dry-a/downloaded_clips/site_257_item_1539525/site_257_item_1539525_clip_001.webm,night,winter,-0.5,0.866025,-0.5,-0.866025,winter_night
1539525_clip002_s000,resources/site_257_bowra-dry-a/downloaded_clips/site_257_item_1539525/site_257_item_1539525_clip_002.webm,night,winter,-0.5,0.866025,-0.5,-0.866025,winter_night
1539525_clip005_s000,resources/site_257_bowra-dry-a/downloaded_clips/site_257_item_1539525/site_257_item_1539525_clip_005.webm,night,winter,-0.5,0.866025,-0.5,-0.866025,winter_night
1539719_clip007_s000,resources/site_257_bowra-dry-a/downloaded_clips/site_257_item_1539719/site_257_item_1539719_clip_007.webm,night,winter,-0.5,0.866025,-0.866025,-0.5,winter_night
1539719_clip008_s000,resources/site_257_bowra-dry-a/downloaded_clips/site_257_item_1539719/site_257_item_1539719_clip_008.webm,night,winter,-0.5,0.866025,-0.866025,-0.5,winter_night
1539719_clip009_s000,resources/site_257_bowra-dry-a/downloaded_clips/site_257_item_1539719/site_257_item_1539719_clip_009.webm,night,winter,-0.5,0.866025,-0.866025,-0.5,winter_night
1539719_clip014_s000,resources/site_257_bowra-dry-a/downloaded_clips/site_257_item_1539719/site_257_item_1539719_clip_014.webm,night,winter,-0.5,0.866025,-0.866025,-0.5,winter_night
1672840_clip004_s000,resources/site_257_bowra-dry-a/downloaded_clips/site_257_item_1672840/site_257_item_1672840_clip_004.webm,night,winter,-0.5,0.866025,0.0,-1.0,winter_night
1672840_clip004_s001,resources/site_257_bowra-dry-a/downloaded_clips/site_257_item_1672840/site_257_item_1672840_clip_004.webm,night,winter,-0.5,0.866025,0.0,-1.0,winter_night
1672840_clip005_s000,resources/site_257_bowra-dry-a/downloaded_clips/site_257_item_1672840/site_257_item_1672840_clip_005.webm,night,winter,-0.5,0.866025,0.0,-1.0,winter_night
1672840_clip005_s001,resources/site_257_bowra-dry-a/downloaded_clips/site_257_item_1672840/site_257_item_1672840_clip_005.webm,night,winter,-0.5,0.866025,0.0,-1.0,winter_night
1672840_clip008_s000,resources/site_257_bowra-dry-a/downloaded_clips/site_257_item_1672840/site_257_item_1672840_clip_008.webm,night,winter,-0.5,0.866025,0.0,-1.0,winter_night
1672840_clip008_s001,resources/site_257_bowra-dry-a/downloaded_clips/site_257_item_1672840/site_257_item_1672840_clip_008.webm,night,winter,-0.5,0.866025,0.0,-1.0,winter_night
1672840_clip008_s002,resources/site_257_bowra-dry-a/downloaded_clips/site_257_item_1672840/site_257_item_1672840_clip_008.webm,night,winter,-0.5,0.866025,0.0,-1.0,winter_night
1672840_clip008_s003,resources/site_257_bowra-dry-a/downloaded_clips/site_257_item_1672840/site_257_item_1672840_clip_008.webm,night,winter,-0.5,0.866025,0.0,-1.0,winter_night
1672840_clip009_s000,resources/site_257_bowra-dry-a/downloaded_clips/site_257_item_1672840/site_257_item_1672840_clip_009.webm,night,winter,-0.5,0.866025,0.0,-1.0,winter_night
1672840_clip010_s000,resources/site_257_bowra-dry-a/downloaded_clips/site_257_item_1672840/site_257_item_1672840_clip_010.webm,night,winter,-0.5,0.866025,0.0,-1.0,winter_night
1680712_clip003_s000,resources/site_257_bowra-dry-a/downloaded_clips/site_257_item_1680712/site_257_item_1680712_clip_003.webm,night,winter,-0.5,0.866025,0.0,-1.0,winter_night
1680712_clip005_s000,resources/site_257_bowra-dry-a/downloaded_clips/site_257_item_1680712/site_257_item_1680712_clip_005.webm,night,winter,-0.5,0.866025,0.0,-1.0,winter_night
1680712_clip007_s000,resources/site_257_bowra-dry-a/downloaded_clips/site_257_item_1680712/site_257_item_1680712_clip_007.webm,night,winter,-0.5,0.866025,0.0,-1.0,winter_night
1680712_clip008_s000,resources/site_257_bowra-dry-a/downloaded_clips/site_257_item_1680712/site_257_item_1680712_clip_008.webm,night,winter,-0.5,0.866025,0.0,-1.0,winter_night
445534_clip002_s000,resources/site_257_bowra-dry-a/downloaded_clips/site_257_item_445534/site_257_item_445534_clip_002.webm,night,winter,-0.5,0.866025,-0.866025,-0.5,winter_night
445534_clip004_s000,resources/site_257_bowra-dry-a/downloaded_clips/site_257_item_445534/site_257_item_445534_clip_004.webm,night,winter,-0.5,0.866025,-0.866025,-0.5,winter_night
445534_clip006_s000,resources/site_257_bowra-dry-a/downloaded_clips/site_257_item_445534/site_257_item_445534_clip_006.webm,night,winter,-0.5,0.866025,-0.866025,-0.5,winter_night
445534_clip011_s000,resources/site_257_bowra-dry-a/downloaded_clips/site_257_item_445534/site_257_item_445534_clip_011.webm,night,winter,-0.5,0.866025,-0.866025,-0.5,winter_night
445534_clip011_s001,resources/site_257_bowra-dry-a/downloaded_clips/site_257_item_445534/site_257_item_445534_clip_011.webm,night,winter,-0.5,0.866025,-0.866025,-0.5,winter_night
445534_clip020_s000,resources/site_257_bowra-dry-a/downloaded_clips/site_257_item_445534/site_257_item_445534_clip_020.webm,night,winter,-0.5,0.866025,-0.866025,-0.5,winter_night
445534_clip022_s000,resources/site_257_bowra-dry-a/downloaded_clips/site_257_item_445534/site_257_item_445534_clip_022.webm,night,winter,-0.5,0.866025,-0.866025,-0.5,winter_night
445534_clip023_s000,resources/site_257_bowra-dry-a/downloaded_clips/site_257_item_445534/site_257_item_445534_clip_023.webm,night,winter,-0.5,0.866025,-0.866025,-0.5,winter_night
445534_clip024_s000,resources/site_257_bowra-dry-a/downloaded_clips/site_257_item_445534/site_257_item_445534_clip_024.webm,night,winter,-0.5,0.866025,-0.866025,-0.5,winter_night
5296_clip001_s000,resources/site_257_bowra-dry-a/downloaded_clips/site_257_item_5296/site_257_item_5296_clip_001.webm,night,winter,-0.5,0.866025,-0.866025,-0.5,winter_night
5296_clip001_s001,resources/site_257_bowra-dry-a/downloaded_clips/site_257_item_5296/site_257_item_5296_clip_001.webm,night,winter,-0.5,0.866025,-0.866025,-0.5,winter_night
5296_clip001_s002,resources/site_257_bowra-dry-a/downloaded_clips/site_257_item_5296/site_257_item_5296_clip_001.webm,night,winter,-0.5,0.866025,-0.866025,-0.5,winter_night
5296_clip001_s003,resources/site_257_bowra-dry-a/downloaded_clips/site_257_item_5296/site_257_item_5296_clip_001.webm,night,winter,-0.5,0.866025,-0.866025,-0.5,winter_night
5296_clip002_s000,resources/site_257_bowra-dry-a/downloaded_clips/site_257_item_5296/site_257_item_5296_clip_002.webm,night,winter,-0.5,0.866025,-0.866025,-0.5,winter_night
5296_clip002_s001,resources/site_257_bowra-dry-a/downloaded_clips/site_257_item_5296/site_257_item_5296_clip_002.webm,night,winter,-0.5,0.866025,-0.866025,-0.5,winter_night
5296_clip002_s002,resources/site_257_bowra-dry-a/downloaded_clips/site_257_item_5296/site_257_item_5296_clip_002.webm,night,winter,-0.5,0.866025,-0.866025,-0.5,winter_night
5296_clip003_s000,resources/site_257_bowra-dry-a/downloaded_clips/site_257_item_5296/site_257_item_5296_clip_003.webm,night,winter,-0.5,0.866025,-0.866025,-0.5,winter_night
5296_clip008_s000,resources/site_257_bowra-dry-a/downloaded_clips/site_257_item_5296/site_257_item_5296_clip_008.webm,night,winter,-0.5,0.866025,-0.866025,-0.5,winter_night
5296_clip009_s000,resources/site_257_bowra-dry-a/downloaded_clips/site_257_item_5296/site_257_item_5296_clip_009.webm,night,winter,-0.5,0.866025,-0.866025,-0.5,winter_night
5296_clip013_s000,resources/site_257_bowra-dry-a/downloaded_clips/site_257_item_5296/site_257_item_5296_clip_013.webm,night,winter,-0.5,0.866025,-0.866025,-0.5,winter_night
5296_clip014_s000,resources/site_257_bowra-dry-a/downloaded_clips/site_257_item_5296/site_257_item_5296_clip_014.webm,night,winter,-0.5,0.866025,-0.866025,-0.5,winter_night
5296_clip021_s000,resources/site_257_bowra-dry-a/downloaded_clips/site_257_item_5296/site_257_item_5296_clip_021.webm,night,winter,-0.5,0.866025,-0.866025,-0.5,winter_night
5296_clip022_s000,resources/site_257_bowra-dry-a/downloaded_clips/site_257_item_5296/site_257_item_5296_clip_022.webm,night,winter,-0.5,0.866025,-0.866025,-0.5,winter_night
5296_clip022_s001,resources/site_257_bowra-dry-a/downloaded_clips/site_257_item_5296/site_257_item_5296_clip_022.webm,night,winter,-0.5,0.866025,-0.866025,-0.5,winter_night
5486_clip001_s000,resources/site_257_bowra-dry-a/downloaded_clips/site_257_item_5486/site_257_item_5486_clip_001.webm,night,winter,-0.5,0.866025,-0.866025,-0.5,winter_night
5486_clip010_s000,resources/site_257_bowra-dry-a/downloaded_clips/site_257_item_5486/site_257_item_5486_clip_010.webm,night,winter,-0.5,0.866025,-0.866025,-0.5,winter_night
5486_clip013_s000,resources/site_257_bowra-dry-a/downloaded_clips/site_257_item_5486/site_257_item_5486_clip_013.webm,night,winter,-0.5,0.866025,-0.866025,-0.5,winter_night
5486_clip014_s000,resources/site_257_bowra-dry-a/downloaded_clips/site_257_item_5486/site_257_item_5486_clip_014.webm,night,winter,-0.5,0.866025,-0.866025,-0.5,winter_night
5486_clip016_s000,resources/site_257_bowra-dry-a/downloaded_clips/site_257_item_5486/site_257_item_5486_clip_016.webm,night,winter,-0.5,0.866025,-0.866025,-0.5,winter_night
5486_clip016_s001,resources/site_257_bowra-dry-a/downloaded_clips/site_257_item_5486/site_257_item_5486_clip_016.webm,night,winter,-0.5,0.866025,-0.866025,-0.5,winter_night
5486_clip016_s002,resources/site_257_bowra-dry-a/downloaded_clips/site_257_item_5486/site_257_item_5486_clip_016.webm,night,winter,-0.5,0.866025,-0.866025,-0.5,winter_night
5486_clip018_s000,resources/site_257_bowra-dry-a/downloaded_clips/site_257_item_5486/site_257_item_5486_clip_018.webm,night,winter,-0.5,0.866025,-0.866025,-0.5,winter_night
5486_clip021_s000,resources/site_257_bowra-dry-a/downloaded_clips/site_257_item_5486/site_257_item_5486_clip_021.webm,night,winter,-0.5,0.866025,-0.866025,-0.5,winter_night
5486_clip021_s001,resources/site_257_bowra-dry-a/downloaded_clips/site_257_item_5486/site_257_item_5486_clip_021.webm,night,winter,-0.5,0.866025,-0.866025,-0.5,winter_night
5486_clip023_s000,resources/site_257_bowra-dry-a/downloaded_clips/site_257_item_5486/site_257_item_5486_clip_023.webm,night,winter,-0.5,0.866025,-0.866025,-0.5,winter_night
1534162_clip012_s000,resources/site_257_bowra-dry-a/downloaded_clips/site_257_item_1534162/site_257_item_1534162_clip_012.webm,morning,winter,0.866025,-0.5,-0.866025,-0.5,winter_morning
1535172_clip009_s000,resources/site_257_bowra-dry-a/downloaded_clips/site_257_item_1535172/site_257_item_1535172_clip_009.webm,morning,winter,0.866025,-0.5,0.0,-1.0,winter_morning
1539107_clip004_s000,resources/site_257_bowra-dry-a/downloaded_clips/site_257_item_1539107/site_257_item_1539107_clip_004.webm,morning,winter,0.707107,-0.707107,0.0,-1.0,winter_morning
1539107_clip008_s000,resources/site_257_bowra-dry-a/downloaded_clips/site_257_item_1539107/site_257_item_1539107_clip_008.webm,morning,winter,0.707107,-0.707107,0.0,-1.0,winter_morning
1539107_clip009_s000,resources/site_257_bowra-dry-a/downloaded_clips/site_257_item_1539107/site_257_item_1539107_clip_009.webm,morning,winter,0.707107,-0.707107,0.0,-1.0,winter_morning
1672466_clip001_s000,resources/site_257_bowra-dry-a/downloaded_clips/site_257_item_1672466/site_257_item_1672466_clip_001.webm,morning,winter,0.707107,-0.707107,0.0,-1.0,winter_morning
1672466_clip001_s001,resources/site_257_bowra-dry-a/downloaded_clips/site_257_item_1672466/site_257_item_1672466_clip_001.webm,morning,winter,0.707107,-0.707107,0.0,-1.0,winter_morning
1672466_clip005_s000,resources/site_257_bowra-dry-a/downloaded_clips/site_257_item_1672466/site_257_item_1672466_clip_005.webm,morning,winter,0.707107,-0.707107,0.0,-1.0,winter_morning
5299_clip018_s000,resources/site_257_bowra-dry-a/downloaded_clips/site_257_item_5299/site_257_item_5299_clip_018.webm,morning,winter,0.866025,-0.5,-0.866025,-0.5,winter_morning
5299_clip023_s000,resources/site_257_bowra-dry-a/downloaded_clips/site_257_item_5299/site_257_item_5299_clip_023.webm,morning,winter,0.866025,-0.5,-0.866025,-0.5,winter_morning
5489_clip003_s000,resources/site_257_bowra-dry-a/downloaded_clips/site_257_item_5489/site_257_item_5489_clip_003.webm,morning,winter,0.866025,-0.5,-0.866025,-0.5,winter_morning
5489_clip006_s000,resources/site_257_bowra-dry-a/downloaded_clips/site_257_item_5489/site_257_item_5489_clip_006.webm,morning,winter,0.866025,-0.5,-0.866025,-0.5,winter_morning
5489_clip007_s000,resources/site_257_bowra-dry-a/downloaded_clips/site_257_item_5489/site_257_item_5489_clip_007.webm,morning,winter,0.866025,-0.5,-0.866025,-0.5,winter_morning
5489_clip010_s000,resources/site_257_bowra-dry-a/downloaded_clips/site_257_item_5489/site_257_item_5489_clip_010.webm,morning,winter,0.866025,-0.5,-0.866025,-0.5,winter_morning
5489_clip018_s000,resources/site_257_bowra-dry-a/downloaded_clips/site_257_item_5489/site_257_item_5489_clip_018.webm,morning,winter,0.866025,-0.5,-0.866025,-0.5,winter_morning
5489_clip021_s000,resources/site_257_bowra-dry-a/downloaded_clips/site_257_item_5489/site_257_item_5489_clip_021.webm,morning,winter,0.866025,-0.5,-0.866025,-0.5,winter_morning
5489_clip023_s000,resources/site_257_bowra-dry-a/downloaded_clips/site_257_item_5489/site_257_item_5489_clip_023.webm,morning,winter,0.866025,-0.5,-0.866025,-0.5,winter_morning
1399601_clip001_s000,resources/site_257_bowra-dry-a/downloaded_clips/site_257_item_1399601/site_257_item_1399601_clip_001.webm,dawn,spring,1.0,0.0,-1.0,-0.0,spring_dawn
1399601_clip008_s000,resources/site_257_bowra-dry-a/downloaded_clips/site_257_item_1399601/site_257_item_1399601_clip_008.webm,dawn,spring,1.0,0.0,-1.0,-0.0,spring_dawn
1400010_clip010_s000,resources/site_257_bowra-dry-a/downloaded_clips/site_257_item_1400010/site_257_item_1400010_clip_010.webm,dawn,spring,1.0,0.0,-1.0,-0.0,spring_dawn
1400010_clip023_s000,resources/site_257_bowra-dry-a/downloaded_clips/site_257_item_1400010/site_257_item_1400010_clip_023.webm,dawn,spring,1.0,0.0,-1.0,-0.0,spring_dawn
1401105_clip003_s000,resources/site_257_bowra-dry-a/downloaded_clips/site_257_item_1401105/site_257_item_1401105_clip_003.webm,dawn,spring,0.866025,0.5,-0.5,0.866025,spring_dawn
1401105_clip007_s000,resources/site_257_bowra-dry-a/downloaded_clips/site_257_item_1401105/site_257_item_1401105_clip_007.webm,dawn,spring,0.866025,0.5,-0.5,0.866025,spring_dawn
1401105_clip007_s001,resources/site_257_bowra-dry-a/downloaded_clips/site_257_item_1401105/site_257_item_1401105_clip_007.webm,dawn,spring,0.866025,0.5,-0.5,0.866025,spring_dawn
1401105_clip007_s002,resources/site_257_bowra-dry-a/downloaded_clips/site_257_item_1401105/site_257_item_1401105_clip_007.webm,dawn,spring,0.866025,0.5,-0.5,0.866025,spring_dawn
1401105_clip012_s000,resources/site_257_bowra-dry-a/downloaded_clips/site_257_item_1401105/site_257_item_1401105_clip_012.webm,dawn,spring,0.866025,0.5,-0.5,0.866025,spring_dawn
1401105_clip014_s000,resources/site_257_bowra-dry-a/downloaded_clips/site_257_item_1401105/site_257_item_1401105_clip_014.webm,dawn,spring,0.866025,0.5,-0.5,0.866025,spring_dawn
1401105_clip015_s000,resources/site_257_bowra-dry-a/downloaded_clips/site_257_item_1401105/site_257_item_1401105_clip_015.webm,dawn,spring,0.866025,0.5,-0.5,0.866025,spring_dawn
1401105_clip015_s001,resources/site_257_bowra-dry-a/downloaded_clips/site_257_item_1401105/site_257_item_1401105_clip_015.webm,dawn,spring,0.866025,0.5,-0.5,0.866025,spring_dawn
1401563_clip001_s000,resources/site_257_bowra-dry-a/downloaded_clips/site_257_item_1401563/site_257_item_1401563_clip_001.webm,dawn,spring,1.0,0.0,-0.866025,0.5,spring_dawn
1401563_clip015_s000,resources/site_257_bowra-dry-a/downloaded_clips/site_257_item_1401563/site_257_item_1401563_clip_015.webm,dawn,spring,1.0,0.0,-0.866025,0.5,spring_dawn
1535362_clip006_s000,resources/site_257_bowra-dry-a/downloaded_clips/site_257_item_1535362/site_257_item_1535362_clip_006.webm,dawn,spring,1.0,0.0,-1.0,-0.0,spring_dawn
1535362_clip009_s000,resources/site_257_bowra-dry-a/downloaded_clips/site_257_item_1535362/site_257_item_1535362_clip_009.webm,dawn,spring,1.0,0.0,-1.0,-0.0,spring_dawn
1535362_clip011_s000,resources/site_257_bowra-dry-a/downloaded_clips/site_257_item_1535362/site_257_item_1535362_clip_011.webm,dawn,spring,1.0,0.0,-1.0,-0.0,spring_dawn
1535362_clip012_s000,resources/site_257_bowra-dry-a/downloaded_clips/site_257_item_1535362/site_257_item_1535362_clip_012.webm,dawn,spring,1.0,0.0,-1.0,-0.0,spring_dawn
1535362_clip012_s001,resources/site_257_bowra-dry-a/downloaded_clips/site_257_item_1535362/site_257_item_1535362_clip_012.webm,dawn,spring,1.0,0.0,-1.0,-0.0,spring_dawn
1535362_clip012_s002,resources/site_257_bowra-dry-a/downloaded_clips/site_257_item_1535362/site_257_item_1535362_clip_012.webm,dawn,spring,1.0,0.0,-1.0,-0.0,spring_dawn
1535362_clip016_s000,resources/site_257_bowra-dry-a/downloaded_clips/site_257_item_1535362/site_257_item_1535362_clip_016.webm,dawn,spring,1.0,0.0,-1.0,-0.0,spring_dawn
1535362_clip020_s000,resources/site_257_bowra-dry-a/downloaded_clips/site_257_item_1535362/site_257_item_1535362_clip_020.webm,dawn,spring,1.0,0.0,-1.0,-0.0,spring_dawn
1535362_clip020_s001,resources/site_257_bowra-dry-a/downloaded_clips/site_257_item_1535362/site_257_item_1535362_clip_020.webm,dawn,spring,1.0,0.0,-1.0,-0.0,spring_dawn
1668454_clip005_s000,resources/site_257_bowra-dry-a/downloaded_clips/site_257_item_1668454/site_257_item_1668454_clip_005.webm,dawn,spring,1.0,0.0,-0.5,0.866025,spring_dawn
1668454_clip019_s000,resources/site_257_bowra-dry-a/downloaded_clips/site_257_item_1668454/site_257_item_1668454_clip_019.webm,dawn,spring,1.0,0.0,-0.5,0.866025,spring_dawn
1668454_clip021_s000,resources/site_257_bowra-dry-a/downloaded_clips/site_257_item_1668454/site_257_item_1668454_clip_021.webm,dawn,spring,1.0,0.0,-0.5,0.866025,spring_dawn
1677090_clip003_s000,resources/site_257_bowra-dry-a/downloaded_clips/site_257_item_1677090/site_257_item_1677090_clip_003.webm,dawn,spring,1.0,0.0,-0.866025,0.5,spring_dawn
1678484_clip004_s000,resources/site_257_bowra-dry-a/downloaded_clips/site_257_item_1678484/site_257_item_1678484_clip_004.webm,dawn,spring,1.0,0.0,-0.866025,0.5,spring_dawn
1678484_clip005_s000,resources/site_257_bowra-dry-a/downloaded_clips/site_257_item_1678484/site_257_item_1678484_clip_005.webm,dawn,spring,1.0,0.0,-0.866025,0.5,spring_dawn
1678484_clip005_s001,resources/site_257_bowra-dry-a/downloaded_clips/site_257_item_1678484/site_257_item_1678484_clip_005.webm,dawn,spring,1.0,0.0,-0.866025,0.5,spring_dawn
1678484_clip008_s000,resources/site_257_bowra-dry-a/downloaded_clips/site_257_item_1678484/site_257_item_1678484_clip_008.webm,dawn,spring,1.0,0.0,-0.866025,0.5,spring_dawn
1678484_clip016_s000,resources/site_257_bowra-dry-a/downloaded_clips/site_257_item_1678484/site_257_item_1678484_clip_016.webm,dawn,spring,1.0,0.0,-0.866025,0.5,spring_dawn
1678484_clip017_s000,resources/site_257_bowra-dry-a/downloaded_clips/site_257_item_1678484/site_257_item_1678484_clip_017.webm,dawn,spring,1.0,0.0,-0.866025,0.5,spring_dawn
1678484_clip018_s000,resources/site_257_bowra-dry-a/downloaded_clips/site_257_item_1678484/site_257_item_1678484_clip_018.webm,dawn,spring,1.0,0.0,-0.866025,0.5,spring_dawn
1678484_clip020_s000,resources/site_257_bowra-dry-a/downloaded_clips/site_257_item_1678484/site_257_item_1678484_clip_020.webm,dawn,spring,1.0,0.0,-0.866025,0.5,spring_dawn
1682477_clip017_s000,resources/site_257_bowra-dry-a/downloaded_clips/site_257_item_1682477/site_257_item_1682477_clip_017.webm,dawn,spring,1.0,0.0,-0.5,0.866025,spring_dawn
1682477_clip023_s000,resources/site_257_bowra-dry-a/downloaded_clips/site_257_item_1682477/site_257_item_1682477_clip_023.webm,dawn,spring,1.0,0.0,-0.5,0.866025,spring_dawn
214503_clip012_s000,resources/site_257_bowra-dry-a/downloaded_clips/site_257_item_214503/site_257_item_214503_clip_012.webm,dawn,spring,1.0,0.0,-0.866025,0.5,spring_dawn
214503_clip012_s001,resources/site_257_bowra-dry-a/downloaded_clips/site_257_item_214503/site_257_item_214503_clip_012.webm,dawn,spring,1.0,0.0,-0.866025,0.5,spring_dawn
214503_clip013_s000,resources/site_257_bowra-dry-a/downloaded_clips/site_257_item_214503/site_257_item_214503_clip_013.webm,dawn,spring,1.0,0.0,-0.866025,0.5,spring_dawn
214503_clip015_s000,resources/site_257_bowra-dry-a/downloaded_clips/site_257_item_214503/site_257_item_214503_clip_015.webm,dawn,spring,1.0,0.0,-0.866025,0.5,spring_dawn
214503_clip021_s000,resources/site_257_bowra-dry-a/downloaded_clips/site_257_item_214503/site_257_item_214503_clip_021.webm,dawn,spring,1.0,0.0,-0.866025,0.5,spring_dawn
214503_clip023_s000,resources/site_257_bowra-dry-a/downloaded_clips/site_257_item_214503/site_257_item_214503_clip_023.webm,dawn,spring,1.0,0.0,-0.866025,0.5,spring_dawn
214654_clip001_s000,resources/site_257_bowra-dry-a/downloaded_clips/site_257_item_214654/site_257_item_214654_clip_001.webm,dawn,spring,1.0,0.0,-0.5,0.866025,spring_dawn
445574_clip008_s000,resources/site_257_bowra-dry-a/downloaded_clips/site_257_item_445574/site_257_item_445574_clip_008.webm,dawn,spring,1.0,0.0,-1.0,-0.0,spring_dawn
445574_clip013_s000,resources/site_257_bowra-dry-a/downloaded_clips/site_257_item_445574/site_257_item_445574_clip_013.webm,dawn,spring,1.0,0.0,-1.0,-0.0,spring_dawn
445574_clip013_s001,resources/site_257_bowra-dry-a/downloaded_clips/site_257_item_445574/site_257_item_445574_clip_013.webm,dawn,spring,1.0,0.0,-1.0,-0.0,spring_dawn
445574_clip016_s000,resources/site_257_bowra-dry-a/downloaded_clips/site_257_item_445574/site_257_item_445574_clip_016.webm,dawn,spring,1.0,0.0,-1.0,-0.0,spring_dawn
445574_clip019_s000,resources/site_257_bowra-dry-a/downloaded_clips/site_257_item_445574/site_257_item_445574_clip_019.webm,dawn,spring,1.0,0.0,-1.0,-0.0,spring_dawn
445574_clip019_s001,resources/site_257_bowra-dry-a/downloaded_clips/site_257_item_445574/site_257_item_445574_clip_019.webm,dawn,spring,1.0,0.0,-1.0,-0.0,spring_dawn
445574_clip019_s002,resources/site_257_bowra-dry-a/downloaded_clips/site_257_item_445574/site_257_item_445574_clip_019.webm,dawn,spring,1.0,0.0,-1.0,-0.0,spring_dawn
445574_clip023_s000,resources/site_257_bowra-dry-a/downloaded_clips/site_257_item_445574/site_257_item_445574_clip_023.webm,dawn,spring,1.0,0.0,-1.0,-0.0,spring_dawn
445759_clip002_s000,resources/site_257_bowra-dry-a/downloaded_clips/site_257_item_445759/site_257_item_445759_clip_002.webm,dawn,spring,1.0,0.0,-1.0,-0.0,spring_dawn
445759_clip005_s000,resources/site_257_bowra-dry-a/downloaded_clips/site_257_item_445759/site_257_item_445759_clip_005.webm,dawn,spring,1.0,0.0,-1.0,-0.0,spring_dawn
445759_clip005_s001,resources/site_257_bowra-dry-a/downloaded_clips/site_257_item_445759/site_257_item_445759_clip_005.webm,dawn,spring,1.0,0.0,-1.0,-0.0,spring_dawn
445759_clip005_s002,resources/site_257_bowra-dry-a/downloaded_clips/site_257_item_445759/site_257_item_445759_clip_005.webm,dawn,spring,1.0,0.0,-1.0,-0.0,spring_dawn
445759_clip006_s000,resources/site_257_bowra-dry-a/downloaded_clips/site_257_item_445759/site_257_item_445759_clip_006.webm,dawn,spring,1.0,0.0,-1.0,-0.0,spring_dawn
445759_clip007_s000,resources/site_257_bowra-dry-a/downloaded_clips/site_257_item_445759/site_257_item_445759_clip_007.webm,dawn,spring,1.0,0.0,-1.0,-0.0,spring_dawn
445759_clip007_s001,resources/site_257_bowra-dry-a/downloaded_clips/site_257_item_445759/site_257_item_445759_clip_007.webm,dawn,spring,1.0,0.0,-1.0,-0.0,spring_dawn
445759_clip008_s000,resources/site_257_bowra-dry-a/downloaded_clips/site_257_item_445759/site_257_item_445759_clip_008.webm,dawn,spring,1.0,0.0,-1.0,-0.0,spring_dawn
445759_clip009_s000,resources/site_257_bowra-dry-a/downloaded_clips/site_257_item_445759/site_257_item_445759_clip_009.webm,dawn,spring,1.0,0.0,-1.0,-0.0,spring_dawn
445759_clip009_s001,resources/site_257_bowra-dry-a/downloaded_clips/site_257_item_445759/site_257_item_445759_clip_009.webm,dawn,spring,1.0,0.0,-1.0,-0.0,spring_dawn
445759_clip010_s000,resources/site_257_bowra-dry-a/downloaded_clips/site_257_item_445759/site_257_item_445759_clip_010.webm,dawn,spring,1.0,0.0,-1.0,-0.0,spring_dawn
445759_clip015_s000,resources/site_257_bowra-dry-a/downloaded_clips/site_257_item_445759/site_257_item_445759_clip_015.webm,dawn,spring,1.0,0.0,-1.0,-0.0,spring_dawn
445759_clip016_s000,resources/site_257_bowra-dry-a/downloaded_clips/site_257_item_445759/site_257_item_445759_clip_016.webm,dawn,spring,1.0,0.0,-1.0,-0.0,spring_dawn
445759_clip018_s000,resources/site_257_bowra-dry-a/downloaded_clips/site_257_item_445759/site_257_item_445759_clip_018.webm,dawn,spring,1.0,0.0,-1.0,-0.0,spring_dawn
445759_clip018_s001,resources/site_257_bowra-dry-a/downloaded_clips/site_257_item_445759/site_257_item_445759_clip_018.webm,dawn,spring,1.0,0.0,-1.0,-0.0,spring_dawn
445759_clip024_s000,resources/site_257_bowra-dry-a/downloaded_clips/site_257_item_445759/site_257_item_445759_clip_024.webm,dawn,spring,1.0,0.0,-1.0,-0.0,spring_dawn
4881_clip001_s000,resources/site_257_bowra-dry-a/downloaded_clips/site_257_item_4881/site_257_item_4881_clip_001.webm,dawn,spring,1.0,0.0,-0.866025,0.5,spring_dawn
4881_clip003_s000,resources/site_257_bowra-dry-a/downloaded_clips/site_257_item_4881/site_257_item_4881_clip_003.webm,dawn,spring,1.0,0.0,-0.866025,0.5,spring_dawn
4881_clip004_s000,resources/site_257_bowra-dry-a/downloaded_clips/site_257_item_4881/site_257_item_4881_clip_004.webm,dawn,spring,1.0,0.0,-0.866025,0.5,spring_dawn
4881_clip008_s000,resources/site_257_bowra-dry-a/downloaded_clips/site_257_item_4881/site_257_item_4881_clip_008.webm,dawn,spring,1.0,0.0,-0.866025,0.5,spring_dawn
4881_clip008_s001,resources/site_257_bowra-dry-a/downloaded_clips/site_257_item_4881/site_257_item_4881_clip_008.webm,dawn,spring,1.0,0.0,-0.866025,0.5,spring_dawn
4881_clip008_s002,resources/site_257_bowra-dry-a/downloaded_clips/site_257_item_4881/site_257_item_4881_clip_008.webm,dawn,spring,1.0,0.0,-0.866025,0.5,spring_dawn
4881_clip009_s000,resources/site_257_bowra-dry-a/downloaded_clips/site_257_item_4881/site_257_item_4881_clip_009.webm,dawn,spring,1.0,0.0,-0.866025,0.5,spring_dawn
4881_clip011_s000,resources/site_257_bowra-dry-a/downloaded_clips/site_257_item_4881/site_257_item_4881_clip_011.webm,dawn,spring,1.0,0.0,-0.866025,0.5,spring_dawn
4881_clip016_s000,resources/site_257_bowra-dry-a/downloaded_clips/site_257_item_4881/site_257_item_4881_clip_016.webm,dawn,spring,1.0,0.0,-0.866025,0.5,spring_dawn
4881_clip022_s000,resources/site_257_bowra-dry-a/downloaded_clips/site_257_item_4881/site_257_item_4881_clip_022.webm,dawn,spring,1.0,0.0,-0.866025,0.5,spring_dawn
4881_clip023_s000,resources/site_257_bowra-dry-a/downloaded_clips/site_257_item_4881/site_257_item_4881_clip_023.webm,dawn,spring,1.0,0.0,-0.866025,0.5,spring_dawn
1399606_clip014_s000,resources/site_257_bowra-dry-a/downloaded_clips/site_257_item_1399606/site_257_item_1399606_clip_014.webm,morning,spring,0.866025,-0.5,-1.0,-0.0,spring_morning
1399606_clip014_s001,resources/site_257_bowra-dry-a/downloaded_clips/site_257_item_1399606/site_257_item_1399606_clip_014.webm,morning,spring,0.866025,-0.5,-1.0,-0.0,spring_morning
1399606_clip022_s000,resources/site_257_bowra-dry-a/downloaded_clips/site_257_item_1399606/site_257_item_1399606_clip_022.webm,morning,spring,0.866025,-0.5,-1.0,-0.0,spring_morning
1400016_clip014_s000,resources/site_257_bowra-dry-a/downloaded_clips/site_257_item_1400016/site_257_item_1400016_clip_014.webm,morning,spring,0.866025,-0.5,-1.0,-0.0,spring_morning
1401100_clip001_s000,resources/site_257_bowra-dry-a/downloaded_clips/site_257_item_1401100/site_257_item_1401100_clip_001.webm,morning,spring,0.707107,-0.707107,-0.5,0.866025,spring_morning
1401564_clip017_s000,resources/site_257_bowra-dry-a/downloaded_clips/site_257_item_1401564/site_257_item_1401564_clip_017.webm,morning,spring,0.866025,-0.5,-0.866025,0.5,spring_morning
1401564_clip018_s000,resources/site_257_bowra-dry-a/downloaded_clips/site_257_item_1401564/site_257_item_1401564_clip_018.webm,morning,spring,0.866025,-0.5,-0.866025,0.5,spring_morning
1401603_clip003_s000,resources/site_257_bowra-dry-a/downloaded_clips/site_257_item_1401603/site_257_item_1401603_clip_003.webm,morning,spring,0.866025,-0.5,-0.5,0.866025,spring_morning
1401603_clip018_s000,resources/site_257_bowra-dry-a/downloaded_clips/site_257_item_1401603/site_257_item_1401603_clip_018.webm,morning,spring,0.866025,-0.5,-0.5,0.866025,spring_morning
1536675_clip002_s000,resources/site_257_bowra-dry-a/downloaded_clips/site_257_item_1536675/site_257_item_1536675_clip_002.webm,morning,spring,0.866025,-0.5,-1.0,-0.0,spring_morning
1536675_clip002_s001,resources/site_257_bowra-dry-a/downloaded_clips/site_257_item_1536675/site_257_item_1536675_clip_002.webm,morning,spring,0.866025,-0.5,-1.0,-0.0,spring_morning
1536675_clip004_s000,resources/site_257_bowra-dry-a/downloaded_clips/site_257_item_1536675/site_257_item_1536675_clip_004.webm,morning,spring,0.866025,-0.5,-1.0,-0.0,spring_morning
1536675_clip006_s000,resources/site_257_bowra-dry-a/downloaded_clips/site_257_item_1536675/site_257_item_1536675_clip_006.webm,morning,spring,0.866025,-0.5,-1.0,-0.0,spring_morning
1536675_clip007_s000,resources/site_257_bowra-dry-a/downloaded_clips/site_257_item_1536675/site_257_item_1536675_clip_007.webm,morning,spring,0.866025,-0.5,-1.0,-0.0,spring_morning
1536675_clip007_s001,resources/site_257_bowra-dry-a/downloaded_clips/site_257_item_1536675/site_257_item_1536675_clip_007.webm,morning,spring,0.866025,-0.5,-1.0,-0.0,spring_morning
1536675_clip009_s000,resources/site_257_bowra-dry-a/downloaded_clips/site_257_item_1536675/site_257_item_1536675_clip_009.webm,morning,spring,0.866025,-0.5,-1.0,-0.0,spring_morning
1536675_clip009_s001,resources/site_257_bowra-dry-a/downloaded_clips/site_257_item_1536675/site_257_item_1536675_clip_009.webm,morning,spring,0.866025,-0.5,-1.0,-0.0,spring_morning
1536675_clip017_s000,resources/site_257_bowra-dry-a/downloaded_clips/site_257_item_1536675/site_257_item_1536675_clip_017.webm,morning,spring,0.866025,-0.5,-1.0,-0.0,spring_morning
1536675_clip018_s000,resources/site_257_bowra-dry-a/downloaded_clips/site_257_item_1536675/site_257_item_1536675_clip_018.webm,morning,spring,0.866025,-0.5,-1.0,-0.0,spring_morning
1536675_clip020_s000,resources/site_257_bowra-dry-a/downloaded_clips/site_257_item_1536675/site_257_item_1536675_clip_020.webm,morning,spring,0.866025,-0.5,-1.0,-0.0,spring_morning
1536675_clip021_s000,resources/site_257_bowra-dry-a/downloaded_clips/site_257_item_1536675/site_257_item_1536675_clip_021.webm,morning,spring,0.866025,-0.5,-1.0,-0.0,spring_morning
1536675_clip022_s000,resources/site_257_bowra-dry-a/downloaded_clips/site_257_item_1536675/site_257_item_1536675_clip_022.webm,morning,spring,0.866025,-0.5,-1.0,-0.0,spring_morning
1536675_clip022_s001,resources/site_257_bowra-dry-a/downloaded_clips/site_257_item_1536675/site_257_item_1536675_clip_022.webm,morning,spring,0.866025,-0.5,-1.0,-0.0,spring_morning
1536675_clip022_s002,resources/site_257_bowra-dry-a/downloaded_clips/site_257_item_1536675/site_257_item_1536675_clip_022.webm,morning,spring,0.866025,-0.5,-1.0,-0.0,spring_morning
1536675_clip023_s000,resources/site_257_bowra-dry-a/downloaded_clips/site_257_item_1536675/site_257_item_1536675_clip_023.webm,morning,spring,0.866025,-0.5,-1.0,-0.0,spring_morning
1668395_clip020_s000,resources/site_257_bowra-dry-a/downloaded_clips/site_257_item_1668395/site_257_item_1668395_clip_020.webm,morning,spring,0.866025,-0.5,-0.5,0.866025,spring_morning
1668453_clip006_s000,resources/site_257_bowra-dry-a/downloaded_clips/site_257_item_1668453/site_257_item_1668453_clip_006.webm,morning,spring,0.866025,-0.5,-0.5,0.866025,spring_morning
1668453_clip011_s000,resources/site_257_bowra-dry-a/downloaded_clips/site_257_item_1668453/site_257_item_1668453_clip_011.webm,morning,spring,0.866025,-0.5,-0.5,0.866025,spring_morning
1668453_clip013_s000,resources/site_257_bowra-dry-a/downloaded_clips/site_257_item_1668453/site_257_item_1668453_clip_013.webm,morning,spring,0.866025,-0.5,-0.5,0.866025,spring_morning
1668453_clip018_s000,resources/site_257_bowra-dry-a/downloaded_clips/site_257_item_1668453/site_257_item_1668453_clip_018.webm,morning,spring,0.866025,-0.5,-0.5,0.866025,spring_morning
1668453_clip019_s000,resources/site_257_bowra-dry-a/downloaded_clips/site_257_item_1668453/site_257_item_1668453_clip_019.webm,morning,spring,0.866025,-0.5,-0.5,0.866025,spring_morning
1668453_clip020_s000,resources/site_257_bowra-dry-a/downloaded_clips/site_257_item_1668453/site_257_item_1668453_clip_020.webm,morning,spring,0.866025,-0.5,-0.5,0.866025,spring_morning
1668453_clip020_s001,resources/site_257_bowra-dry-a/downloaded_clips/site_257_item_1668453/site_257_item_1668453_clip_020.webm,morning,spring,0.866025,-0.5,-0.5,0.866025,spring_morning
1668453_clip020_s002,resources/site_257_bowra-dry-a/downloaded_clips/site_257_item_1668453/site_257_item_1668453_clip_020.webm,morning,spring,0.866025,-0.5,-0.5,0.866025,spring_morning
1668453_clip021_s000,resources/site_257_bowra-dry-a/downloaded_clips/site_257_item_1668453/site_257_item_1668453_clip_021.webm,morning,spring,0.866025,-0.5,-0.5,0.866025,spring_morning
1668453_clip023_s000,resources/site_257_bowra-dry-a/downloaded_clips/site_257_item_1668453/site_257_item_1668453_clip_023.webm,morning,spring,0.866025,-0.5,-0.5,0.866025,spring_morning
1677131_clip001_s000,resources/site_257_bowra-dry-a/downloaded_clips/site_257_item_1677131/site_257_item_1677131_clip_001.webm,morning,spring,0.866025,-0.5,-0.866025,0.5,spring_morning
1677131_clip010_s000,resources/site_257_bowra-dry-a/downloaded_clips/site_257_item_1677131/site_257_item_1677131_clip_010.webm,morning,spring,0.866025,-0.5,-0.866025,0.5,spring_morning
1677131_clip015_s000,resources/site_257_bowra-dry-a/downloaded_clips/site_257_item_1677131/site_257_item_1677131_clip_015.webm,morning,spring,0.866025,-0.5,-0.866025,0.5,spring_morning
1677131_clip016_s000,resources/site_257_bowra-dry-a/downloaded_clips/site_257_item_1677131/site_257_item_1677131_clip_016.webm,morning,spring,0.866025,-0.5,-0.866025,0.5,spring_morning
1677131_clip016_s001,resources/site_257_bowra-dry-a/downloaded_clips/site_257_item_1677131/site_257_item_1677131_clip_016.webm,morning,spring,0.866025,-0.5,-0.866025,0.5,spring_morning
1677131_clip018_s000,resources/site_257_bowra-dry-a/downloaded_clips/site_257_item_1677131/site_257_item_1677131_clip_018.webm,morning,spring,0.866025,-0.5,-0.866025,0.5,spring_morning
1677131_clip018_s001,resources/site_257_bowra-dry-a/downloaded_clips/site_257_item_1677131/site_257_item_1677131_clip_018.webm,morning,spring,0.866025,-0.5,-0.866025,0.5,spring_morning
1677131_clip020_s000,resources/site_257_bowra-dry-a/downloaded_clips/site_257_item_1677131/site_257_item_1677131_clip_020.webm,morning,spring,0.866025,-0.5,-0.866025,0.5,spring_morning
1677131_clip024_s000,resources/site_257_bowra-dry-a/downloaded_clips/site_257_item_1677131/site_257_item_1677131_clip_024.webm,morning,spring,0.866025,-0.5,-0.866025,0.5,spring_morning
1678750_clip014_s000,resources/site_257_bowra-dry-a/downloaded_clips/site_257_item_1678750/site_257_item_1678750_clip_014.webm,morning,spring,0.866025,-0.5,-0.866025,0.5,spring_morning
1678750_clip016_s000,resources/site_257_bowra-dry-a/downloaded_clips/site_257_item_1678750/site_257_item_1678750_clip_016.webm,morning,spring,0.866025,-0.5,-0.866025,0.5,spring_morning
1678750_clip017_s000,resources/site_257_bowra-dry-a/downloaded_clips/site_257_item_1678750/site_257_item_1678750_clip_017.webm,morning,spring,0.866025,-0.5,-0.866025,0.5,spring_morning
1678750_clip018_s000,resources/site_257_bowra-dry-a/downloaded_clips/site_257_item_1678750/site_257_item_1678750_clip_018.webm,morning,spring,0.866025,-0.5,-0.866025,0.5,spring_morning
1678750_clip021_s000,resources/site_257_bowra-dry-a/downloaded_clips/site_257_item_1678750/site_257_item_1678750_clip_021.webm,morning,spring,0.866025,-0.5,-0.866025,0.5,spring_morning
214510_clip010_s000,resources/site_257_bowra-dry-a/downloaded_clips/site_257_item_214510/site_257_item_214510_clip_010.webm,morning,spring,0.866025,-0.5,-0.866025,0.5,spring_morning
214510_clip018_s000,resources/site_257_bowra-dry-a/downloaded_clips/site_257_item_214510/site_257_item_214510_clip_018.webm,morning,spring,0.866025,-0.5,-0.866025,0.5,spring_morning
214510_clip018_s001,resources/site_257_bowra-dry-a/downloaded_clips/site_257_item_214510/site_257_item_214510_clip_018.webm,morning,spring,0.866025,-0.5,-0.866025,0.5,spring_morning
214510_clip019_s000,resources/site_257_bowra-dry-a/downloaded_clips/site_257_item_214510/site_257_item_214510_clip_019.webm,morning,spring,0.866025,-0.5,-0.866025,0.5,spring_morning
214510_clip019_s001,resources/site_257_bowra-dry-a/downloaded_clips/site_257_item_214510/site_257_item_214510_clip_019.webm,morning,spring,0.866025,-0.5,-0.866025,0.5,spring_morning
214510_clip020_s000,resources/site_257_bowra-dry-a/downloaded_clips/site_257_item_214510/site_257_item_214510_clip_020.webm,morning,spring,0.866025,-0.5,-0.866025,0.5,spring_morning
214510_clip021_s000,resources/site_257_bowra-dry-a/downloaded_clips/site_257_item_214510/site_257_item_214510_clip_021.webm,morning,spring,0.866025,-0.5,-0.866025,0.5,spring_morning
214510_clip022_s000,resources/site_257_bowra-dry-a/downloaded_clips/site_257_item_214510/site_257_item_214510_clip_022.webm,morning,spring,0.866025,-0.5,-0.866025,0.5,spring_morning
214510_clip024_s000,resources/site_257_bowra-dry-a/downloaded_clips/site_257_item_214510/site_257_item_214510_clip_024.webm,morning,spring,0.866025,-0.5,-0.866025,0.5,spring_morning
214655_clip004_s000,resources/site_257_bowra-dry-a/downloaded_clips/site_257_item_214655/site_257_item_214655_clip_004.webm,morning,spring,0.866025,-0.5,-0.5,0.866025,spring_morning
214655_clip008_s000,resources/site_257_bowra-dry-a/downloaded_clips/site_257_item_214655/site_257_item_214655_clip_008.webm,morning,spring,0.866025,-0.5,-0.5,0.866025,spring_morning
214655_clip009_s000,resources/site_257_bowra-dry-a/downloaded_clips/site_257_item_214655/site_257_item_214655_clip_009.webm,morning,spring,0.866025,-0.5,-0.5,0.866025,spring_morning
214655_clip009_s001,resources/site_257_bowra-dry-a/downloaded_clips/site_257_item_214655/site_257_item_214655_clip_009.webm,morning,spring,0.866025,-0.5,-0.5,0.866025,spring_morning
214655_clip010_s000,resources/site_257_bowra-dry-a/downloaded_clips/site_257_item_214655/site_257_item_214655_clip_010.webm,morning,spring,0.866025,-0.5,-0.5,0.866025,spring_morning
214655_clip010_s001,resources/site_257_bowra-dry-a/downloaded_clips/site_257_item_214655/site_257_item_214655_clip_010.webm,morning,spring,0.866025,-0.5,-0.5,0.866025,spring_morning
214655_clip012_s000,resources/site_257_bowra-dry-a/downloaded_clips/site_257_item_214655/site_257_item_214655_clip_012.webm,morning,spring,0.866025,-0.5,-0.5,0.866025,spring_morning
214655_clip012_s001,resources/site_257_bowra-dry-a/downloaded_clips/site_257_item_214655/site_257_item_214655_clip_012.webm,morning,spring,0.866025,-0.5,-0.5,0.866025,spring_morning
214655_clip021_s000,resources/site_257_bowra-dry-a/downloaded_clips/site_257_item_214655/site_257_item_214655_clip_021.webm,morning,spring,0.866025,-0.5,-0.5,0.866025,spring_morning
214836_clip017_s000,resources/site_257_bowra-dry-a/downloaded_clips/site_257_item_214836/site_257_item_214836_clip_017.webm,morning,spring,0.866025,-0.5,-0.5,0.866025,spring_morning
445580_clip012_s000,resources/site_257_bowra-dry-a/downloaded_clips/site_257_item_445580/site_257_item_445580_clip_012.webm,morning,spring,0.866025,-0.5,-1.0,-0.0,spring_morning
445580_clip013_s000,resources/site_257_bowra-dry-a/downloaded_clips/site_257_item_445580/site_257_item_445580_clip_013.webm,morning,spring,0.866025,-0.5,-1.0,-0.0,spring_morning
445580_clip014_s000,resources/site_257_bowra-dry-a/downloaded_clips/site_257_item_445580/site_257_item_445580_clip_014.webm,morning,spring,0.866025,-0.5,-1.0,-0.0,spring_morning
445580_clip019_s000,resources/site_257_bowra-dry-a/downloaded_clips/site_257_item_445580/site_257_item_445580_clip_019.webm,morning,spring,0.866025,-0.5,-1.0,-0.0,spring_morning
445765_clip001_s000,resources/site_257_bowra-dry-a/downloaded_clips/site_257_item_445765/site_257_item_445765_clip_001.webm,morning,spring,0.866025,-0.5,-1.0,-0.0,spring_morning
445765_clip002_s000,resources/site_257_bowra-dry-a/downloaded_clips/site_257_item_445765/site_257_item_445765_clip_002.webm,morning,spring,0.866025,-0.5,-1.0,-0.0,spring_morning
445765_clip007_s000,resources/site_257_bowra-dry-a/downloaded_clips/site_257_item_445765/site_257_item_445765_clip_007.webm,morning,spring,0.866025,-0.5,-1.0,-0.0,spring_morning
445765_clip008_s000,resources/site_257_bowra-dry-a/downloaded_clips/site_257_item_445765/site_257_item_445765_clip_008.webm,morning,spring,0.866025,-0.5,-1.0,-0.0,spring_morning
445765_clip011_s000,resources/site_257_bowra-dry-a/downloaded_clips/site_257_item_445765/site_257_item_445765_clip_011.webm,morning,spring,0.866025,-0.5,-1.0,-0.0,spring_morning
445765_clip017_s000,resources/site_257_bowra-dry-a/downloaded_clips/site_257_item_445765/site_257_item_445765_clip_017.webm,morning,spring,0.866025,-0.5,-1.0,-0.0,spring_morning
445765_clip017_s001,resources/site_257_bowra-dry-a/downloaded_clips/site_257_item_445765/site_257_item_445765_clip_017.webm,morning,spring,0.866025,-0.5,-1.0,-0.0,spring_morning
445765_clip018_s000,resources/site_257_bowra-dry-a/downloaded_clips/site_257_item_445765/site_257_item_445765_clip_018.webm,morning,spring,0.866025,-0.5,-1.0,-0.0,spring_morning
445765_clip022_s000,resources/site_257_bowra-dry-a/downloaded_clips/site_257_item_445765/site_257_item_445765_clip_022.webm,morning,spring,0.866025,-0.5,-1.0,-0.0,spring_morning
445765_clip022_s001,resources/site_257_bowra-dry-a/downloaded_clips/site_257_item_445765/site_257_item_445765_clip_022.webm,morning,spring,0.866025,-0.5,-1.0,-0.0,spring_morning
4887_clip001_s000,resources/site_257_bowra-dry-a/downloaded_clips/site_257_item_4887/site_257_item_4887_clip_001.webm,morning,spring,0.866025,-0.5,-0.866025,0.5,spring_morning
4887_clip003_s000,resources/site_257_bowra-dry-a/downloaded_clips/site_257_item_4887/site_257_item_4887_clip_003.webm,morning,spring,0.866025,-0.5,-0.866025,0.5,spring_morning
4887_clip004_s000,resources/site_257_bowra-dry-a/downloaded_clips/site_257_item_4887/site_257_item_4887_clip_004.webm,morning,spring,0.866025,-0.5,-0.866025,0.5,spring_morning
4887_clip008_s000,resources/site_257_bowra-dry-a/downloaded_clips/site_257_item_4887/site_257_item_4887_clip_008.webm,morning,spring,0.866025,-0.5,-0.866025,0.5,spring_morning
4887_clip008_s001,resources/site_257_bowra-dry-a/downloaded_clips/site_257_item_4887/site_257_item_4887_clip_008.webm,morning,spring,0.866025,-0.5,-0.866025,0.5,spring_morning
4887_clip009_s000,resources/site_257_bowra-dry-a/downloaded_clips/site_257_item_4887/site_257_item_4887_clip_009.webm,morning,spring,0.866025,-0.5,-0.866025,0.5,spring_morning
4887_clip009_s001,resources/site_257_bowra-dry-a/downloaded_clips/site_257_item_4887/site_257_item_4887_clip_009.webm,morning,spring,0.866025,-0.5,-0.866025,0.5,spring_morning
4887_clip011_s000,resources/site_257_bowra-dry-a/downloaded_clips/site_257_item_4887/site_257_item_4887_clip_011.webm,morning,spring,0.866025,-0.5,-0.866025,0.5,spring_morning
4887_clip012_s000,resources/site_257_bowra-dry-a/downloaded_clips/site_257_item_4887/site_257_item_4887_clip_012.webm,morning,spring,0.866025,-0.5,-0.866025,0.5,spring_morning
4887_clip013_s000,resources/site_257_bowra-dry-a/downloaded_clips/site_257_item_4887/site_257_item_4887_clip_013.webm,morning,spring,0.866025,-0.5,-0.866025,0.5,spring_morning
4887_clip013_s001,resources/site_257_bowra-dry-a/downloaded_clips/site_257_item_4887/site_257_item_4887_clip_013.webm,morning,spring,0.866025,-0.5,-0.866025,0.5,spring_morning
4887_clip019_s000,resources/site_257_bowra-dry-a/downloaded_clips/site_257_item_4887/site_257_item_4887_clip_019.webm,morning,spring,0.866025,-0.5,-0.866025,0.5,spring_morning
4887_clip019_s001,resources/site_257_bowra-dry-a/downloaded_clips/site_257_item_4887/site_257_item_4887_clip_019.webm,morning,spring,0.866025,-0.5,-0.866025,0.5,spring_morning
4887_clip019_s002,resources/site_257_bowra-dry-a/downloaded_clips/site_257_item_4887/site_257_item_4887_clip_019.webm,morning,spring,0.866025,-0.5,-0.866025,0.5,spring_morning
4887_clip021_s000,resources/site_257_bowra-dry-a/downloaded_clips/site_257_item_4887/site_257_item_4887_clip_021.webm,morning,spring,0.866025,-0.5,-0.866025,0.5,spring_morning
4887_clip023_s000,resources/site_257_bowra-dry-a/downloaded_clips/site_257_item_4887/site_257_item_4887_clip_023.webm,morning,spring,0.866025,-0.5,-0.866025,0.5,spring_morning
5425_clip018_s000,resources/site_257_bowra-dry-a/downloaded_clips/site_257_item_5425/site_257_item_5425_clip_018.webm,morning,spring,0.866025,-0.5,-1.0,-0.0,spring_morning
5425_clip023_s000,resources/site_257_bowra-dry-a/downloaded_clips/site_257_item_5425/site_257_item_5425_clip_023.webm,morning,spring,0.866025,-0.5,-1.0,-0.0,spring_morning
1399626_clip001_s000,resources/site_257_bowra-dry-a/downloaded_clips/site_257_item_1399626/site_257_item_1399626_clip_001.webm,night,spring,-0.5,0.866025,-1.0,-0.0,spring_night
1399626_clip002_s000,resources/site_257_bowra-dry-a/downloaded_clips/site_257_item_1399626/site_257_item_1399626_clip_002.webm,night,spring,-0.5,0.866025,-1.0,-0.0,spring_night
1399626_clip002_s001,resources/site_257_bowra-dry-a/downloaded_clips/site_257_item_1399626/site_257_item_1399626_clip_002.webm,night,spring,-0.5,0.866025,-1.0,-0.0,spring_night
1399626_clip002_s002,resources/site_257_bowra-dry-a/downloaded_clips/site_257_item_1399626/site_257_item_1399626_clip_002.webm,night,spring,-0.5,0.866025,-1.0,-0.0,spring_night
1399626_clip003_s000,resources/site_257_bowra-dry-a/downloaded_clips/site_257_item_1399626/site_257_item_1399626_clip_003.webm,night,spring,-0.5,0.866025,-1.0,-0.0,spring_night
1399626_clip003_s001,resources/site_257_bowra-dry-a/downloaded_clips/site_257_item_1399626/site_257_item_1399626_clip_003.webm,night,spring,-0.5,0.866025,-1.0,-0.0,spring_night
1399626_clip003_s002,resources/site_257_bowra-dry-a/downloaded_clips/site_257_item_1399626/site_257_item_1399626_clip_003.webm,night,spring,-0.5,0.866025,-1.0,-0.0,spring_night
1399626_clip003_s003,resources/site_257_bowra-dry-a/downloaded_clips/site_257_item_1399626/site_257_item_1399626_clip_003.webm,night,spring,-0.5,0.866025,-1.0,-0.0,spring_night
1399626_clip003_s004,resources/site_257_bowra-dry-a/downloaded_clips/site_257_item_1399626/site_257_item_1399626_clip_003.webm,night,spring,-0.5,0.866025,-1.0,-0.0,spring_night
1399626_clip004_s000,resources/site_257_bowra-dry-a/downloaded_clips/site_257_item_1399626/site_257_item_1399626_clip_004.webm,night,spring,-0.5,0.866025,-1.0,-0.0,spring_night
1399626_clip004_s001,resources/site_257_bowra-dry-a/downloaded_clips/site_257_item_1399626/site_257_item_1399626_clip_004.webm,night,spring,-0.5,0.866025,-1.0,-0.0,spring_night
1399626_clip004_s002,resources/site_257_bowra-dry-a/downloaded_clips/site_257_item_1399626/site_257_item_1399626_clip_004.webm,night,spring,-0.5,0.866025,-1.0,-0.0,spring_night
1399626_clip005_s000,resources/site_257_bowra-dry-a/downloaded_clips/site_257_item_1399626/site_257_item_1399626_clip_005.webm,night,spring,-0.5,0.866025,-1.0,-0.0,spring_night
1399626_clip007_s000,resources/site_257_bowra-dry-a/downloaded_clips/site_257_item_1399626/site_257_item_1399626_clip_007.webm,night,spring,-0.5,0.866025,-1.0,-0.0,spring_night
1399626_clip007_s001,resources/site_257_bowra-dry-a/downloaded_clips/site_257_item_1399626/site_257_item_1399626_clip_007.webm,night,spring,-0.5,0.866025,-1.0,-0.0,spring_night
1399626_clip008_s000,resources/site_257_bowra-dry-a/downloaded_clips/site_257_item_1399626/site_257_item_1399626_clip_008.webm,night,spring,-0.5,0.866025,-1.0,-0.0,spring_night
1399626_clip008_s001,resources/site_257_bowra-dry-a/downloaded_clips/site_257_item_1399626/site_257_item_1399626_clip_008.webm,night,spring,-0.5,0.866025,-1.0,-0.0,spring_night
1399626_clip008_s002,resources/site_257_bowra-dry-a/downloaded_clips/site_257_item_1399626/site_257_item_1399626_clip_008.webm,night,spring,-0.5,0.866025,-1.0,-0.0,spring_night
1399626_clip008_s003,resources/site_257_bowra-dry-a/downloaded_clips/site_257_item_1399626/site_257_item_1399626_clip_008.webm,night,spring,-0.5,0.866025,-1.0,-0.0,spring_night
1399626_clip008_s004,resources/site_257_bowra-dry-a/downloaded_clips/site_257_item_1399626/site_257_item_1399626_clip_008.webm,night,spring,-0.5,0.866025,-1.0,-0.0,spring_night
1399626_clip012_s000,resources/site_257_bowra-dry-a/downloaded_clips/site_257_item_1399626/site_257_item_1399626_clip_012.webm,night,spring,-0.5,0.866025,-1.0,-0.0,spring_night
1399626_clip012_s001,resources/site_257_bowra-dry-a/downloaded_clips/site_257_item_1399626/site_257_item_1399626_clip_012.webm,night,spring,-0.5,0.866025,-1.0,-0.0,spring_night
1399626_clip013_s000,resources/site_257_bowra-dry-a/downloaded_clips/site_257_item_1399626/site_257_item_1399626_clip_013.webm,night,spring,-0.5,0.866025,-1.0,-0.0,spring_night
1399626_clip013_s001,resources/site_257_bowra-dry-a/downloaded_clips/site_257_item_1399626/site_257_item_1399626_clip_013.webm,night,spring,-0.5,0.866025,-1.0,-0.0,spring_night
1399626_clip013_s002,resources/site_257_bowra-dry-a/downloaded_clips/site_257_item_1399626/site_257_item_1399626_clip_013.webm,night,spring,-0.5,0.866025,-1.0,-0.0,spring_night
1399626_clip014_s000,resources/site_257_bowra-dry-a/downloaded_clips/site_257_item_1399626/site_257_item_1399626_clip_014.webm,night,spring,-0.5,0.866025,-1.0,-0.0,spring_night
1399626_clip015_s000,resources/site_257_bowra-dry-a/downloaded_clips/site_257_item_1399626/site_257_item_1399626_clip_015.webm,night,spring,-0.5,0.866025,-1.0,-0.0,spring_night
1399626_clip015_s001,resources/site_257_bowra-dry-a/downloaded_clips/site_257_item_1399626/site_257_item_1399626_clip_015.webm,night,spring,-0.5,0.866025,-1.0,-0.0,spring_night
1399626_clip015_s002,resources/site_257_bowra-dry-a/downloaded_clips/site_257_item_1399626/site_257_item_1399626_clip_015.webm,night,spring,-0.5,0.866025,-1.0,-0.0,spring_night
1399626_clip016_s000,resources/site_257_bowra-dry-a/downloaded_clips/site_257_item_1399626/site_257_item_1399626_clip_016.webm,night,spring,-0.5,0.866025,-1.0,-0.0,spring_night
1399626_clip016_s001,resources/site_257_bowra-dry-a/downloaded_clips/site_257_item_1399626/site_257_item_1399626_clip_016.webm,night,spring,-0.5,0.866025,-1.0,-0.0,spring_night
1399626_clip017_s000,resources/site_257_bowra-dry-a/downloaded_clips/site_257_item_1399626/site_257_item_1399626_clip_017.webm,night,spring,-0.5,0.866025,-1.0,-0.0,spring_night
1399626_clip017_s001,resources/site_257_bowra-dry-a/downloaded_clips/site_257_item_1399626/site_257_item_1399626_clip_017.webm,night,spring,-0.5,0.866025,-1.0,-0.0,spring_night
1399626_clip017_s002,resources/site_257_bowra-dry-a/downloaded_clips/site_257_item_1399626/site_257_item_1399626_clip_017.webm,night,spring,-0.5,0.866025,-1.0,-0.0,spring_night
1399626_clip019_s000,resources/site_257_bowra-dry-a/downloaded_clips/site_257_item_1399626/site_257_item_1399626_clip_019.webm,night,spring,-0.5,0.866025,-1.0,-0.0,spring_night
1399626_clip019_s001,resources/site_257_bowra-dry-a/downloaded_clips/site_257_item_1399626/site_257_item_1399626_clip_019.webm,night,spring,-0.5,0.866025,-1.0,-0.0,spring_night
1399626_clip019_s002,resources/site_257_bowra-dry-a/downloaded_clips/site_257_item_1399626/site_257_item_1399626_clip_019.webm,night,spring,-0.5,0.866025,-1.0,-0.0,spring_night
1399626_clip019_s003,resources/site_257_bowra-dry-a/downloaded_clips/site_257_item_1399626/site_257_item_1399626_clip_019.webm,night,spring,-0.5,0.866025,-1.0,-0.0,spring_night
1399626_clip019_s004,resources/site_257_bowra-dry-a/downloaded_clips/site_257_item_1399626/site_257_item_1399626_clip_019.webm,night,spring,-0.5,0.866025,-1.0,-0.0,spring_night
1399626_clip020_s000,resources/site_257_bowra-dry-a/downloaded_clips/site_257_item_1399626/site_257_item_1399626_clip_020.webm,night,spring,-0.5,0.866025,-1.0,-0.0,spring_night
1399626_clip020_s001,resources/site_257_bowra-dry-a/downloaded_clips/site_257_item_1399626/site_257_item_1399626_clip_020.webm,night,spring,-0.5,0.866025,-1.0,-0.0,spring_night
1399626_clip020_s002,resources/site_257_bowra-dry-a/downloaded_clips/site_257_item_1399626/site_257_item_1399626_clip_020.webm,night,spring,-0.5,0.866025,-1.0,-0.0,spring_night
1399626_clip020_s003,resources/site_257_bowra-dry-a/downloaded_clips/site_257_item_1399626/site_257_item_1399626_clip_020.webm,night,spring,-0.5,0.866025,-1.0,-0.0,spring_night
1399626_clip021_s000,resources/site_257_bowra-dry-a/downloaded_clips/site_257_item_1399626/site_257_item_1399626_clip_021.webm,night,spring,-0.5,0.866025,-1.0,-0.0,spring_night
1399626_clip021_s001,resources/site_257_bowra-dry-a/downloaded_clips/site_257_item_1399626/site_257_item_1399626_clip_021.webm,night,spring,-0.5,0.866025,-1.0,-0.0,spring_night
1399626_clip021_s002,resources/site_257_bowra-dry-a/downloaded_clips/site_257_item_1399626/site_257_item_1399626_clip_021.webm,night,spring,-0.5,0.866025,-1.0,-0.0,spring_night
1399626_clip022_s000,resources/site_257_bowra-dry-a/downloaded_clips/site_257_item_1399626/site_257_item_1399626_clip_022.webm,night,spring,-0.5,0.866025,-1.0,-0.0,spring_night
1399626_clip022_s001,resources/site_257_bowra-dry-a/downloaded_clips/site_257_item_1399626/site_257_item_1399626_clip_022.webm,night,spring,-0.5,0.866025,-1.0,-0.0,spring_night
1399626_clip022_s002,resources/site_257_bowra-dry-a/downloaded_clips/site_257_item_1399626/site_257_item_1399626_clip_022.webm,night,spring,-0.5,0.866025,-1.0,-0.0,spring_night
1399626_clip023_s000,resources/site_257_bowra-dry-a/downloaded_clips/site_257_item_1399626/site_257_item_1399626_clip_023.webm,night,spring,-0.5,0.866025,-1.0,-0.0,spring_night
1399626_clip024_s000,resources/site_257_bowra-dry-a/downloaded_clips/site_257_item_1399626/site_257_item_1399626_clip_024.webm,night,spring,-0.5,0.866025,-1.0,-0.0,spring_night
1399626_clip024_s001,resources/site_257_bowra-dry-a/downloaded_clips/site_257_item_1399626/site_257_item_1399626_clip_024.webm,night,spring,-0.5,0.866025,-1.0,-0.0,spring_night
1399626_clip024_s002,resources/site_257_bowra-dry-a/downloaded_clips/site_257_item_1399626/site_257_item_1399626_clip_024.webm,night,spring,-0.5,0.866025,-1.0,-0.0,spring_night
1400040_clip001_s000,resources/site_257_bowra-dry-a/downloaded_clips/site_257_item_1400040/site_257_item_1400040_clip_001.webm,night,spring,-0.5,0.866025,-1.0,-0.0,spring_night
1400040_clip003_s000,resources/site_257_bowra-dry-a/downloaded_clips/site_257_item_1400040/site_257_item_1400040_clip_003.webm,night,spring,-0.5,0.866025,-1.0,-0.0,spring_night
1400040_clip006_s000,resources/site_257_bowra-dry-a/downloaded_clips/site_257_item_1400040/site_257_item_1400040_clip_006.webm,night,spring,-0.5,0.866025,-1.0,-0.0,spring_night
1400040_clip006_s001,resources/site_257_bowra-dry-a/downloaded_clips/site_257_item_1400040/site_257_item_1400040_clip_006.webm,night,spring,-0.5,0.866025,-1.0,-0.0,spring_night
1400040_clip009_s000,resources/site_257_bowra-dry-a/downloaded_clips/site_257_item_1400040/site_257_item_1400040_clip_009.webm,night,spring,-0.5,0.866025,-1.0,-0.0,spring_night
1400040_clip009_s001,resources/site_257_bowra-dry-a/downloaded_clips/site_257_item_1400040/site_257_item_1400040_clip_009.webm,night,spring,-0.5,0.866025,-1.0,-0.0,spring_night
1400040_clip011_s000,resources/site_257_bowra-dry-a/downloaded_clips/site_257_item_1400040/site_257_item_1400040_clip_011.webm,night,spring,-0.5,0.866025,-1.0,-0.0,spring_night
1400040_clip013_s000,resources/site_257_bowra-dry-a/downloaded_clips/site_257_item_1400040/site_257_item_1400040_clip_013.webm,night,spring,-0.5,0.866025,-1.0,-0.0,spring_night
1400040_clip013_s001,resources/site_257_bowra-dry-a/downloaded_clips/site_257_item_1400040/site_257_item_1400040_clip_013.webm,night,spring,-0.5,0.866025,-1.0,-0.0,spring_night
1400040_clip013_s002,resources/site_257_bowra-dry-a/downloaded_clips/site_257_item_1400040/site_257_item_1400040_clip_013.webm,night,spring,-0.5,0.866025,-1.0,-0.0,spring_night
1400040_clip014_s000,resources/site_257_bowra-dry-a/downloaded_clips/site_257_item_1400040/site_257_item_1400040_clip_014.webm,night,spring,-0.5,0.866025,-1.0,-0.0,spring_night
1400040_clip015_s000,resources/site_257_bowra-dry-a/downloaded_clips/site_257_item_1400040/site_257_item_1400040_clip_015.webm,night,spring,-0.5,0.866025,-1.0,-0.0,spring_night
1400040_clip016_s000,resources/site_257_bowra-dry-a/downloaded_clips/site_257_item_1400040/site_257_item_1400040_clip_016.webm,night,spring,-0.5,0.866025,-1.0,-0.0,spring_night
1400040_clip016_s001,resources/site_257_bowra-dry-a/downloaded_clips/site_257_item_1400040/site_257_item_1400040_clip_016.webm,night,spring,-0.5,0.866025,-1.0,-0.0,spring_night
1400040_clip017_s000,resources/site_257_bowra-dry-a/downloaded_clips/site_257_item_1400040/site_257_item_1400040_clip_017.webm,night,spring,-0.5,0.866025,-1.0,-0.0,spring_night
1400040_clip017_s001,resources/site_257_bowra-dry-a/downloaded_clips/site_257_item_1400040/site_257_item_1400040_clip_017.webm,night,spring,-0.5,0.866025,-1.0,-0.0,spring_night
1400040_clip018_s000,resources/site_257_bowra-dry-a/downloaded_clips/site_257_item_1400040/site_257_item_1400040_clip_018.webm,night,spring,-0.5,0.866025,-1.0,-0.0,spring_night
1400040_clip019_s000,resources/site_257_bowra-dry-a/downloaded_clips/site_257_item_1400040/site_257_item_1400040_clip_019.webm,night,spring,-0.5,0.866025,-1.0,-0.0,spring_night
1400040_clip019_s001,resources/site_257_bowra-dry-a/downloaded_clips/site_257_item_1400040/site_257_item_1400040_clip_019.webm,night,spring,-0.5,0.866025,-1.0,-0.0,spring_night
1400040_clip019_s002,resources/site_257_bowra-dry-a/downloaded_clips/site_257_item_1400040/site_257_item_1400040_clip_019.webm,night,spring,-0.5,0.866025,-1.0,-0.0,spring_night
1400040_clip020_s000,resources/site_257_bowra-dry-a/downloaded_clips/site_257_item_1400040/site_257_item_1400040_clip_020.webm,night,spring,-0.5,0.866025,-1.0,-0.0,spring_night
1400040_clip020_s001,resources/site_257_bowra-dry-a/downloaded_clips/site_257_item_1400040/site_257_item_1400040_clip_020.webm,night,spring,-0.5,0.866025,-1.0,-0.0,spring_night
1401113_clip008_s000,resources/site_257_bowra-dry-a/downloaded_clips/site_257_item_1401113/site_257_item_1401113_clip_008.webm,night,spring,-0.5,0.866025,-0.5,0.866025,spring_night
1401113_clip009_s000,resources/site_257_bowra-dry-a/downloaded_clips/site_257_item_1401113/site_257_item_1401113_clip_009.webm,night,spring,-0.5,0.866025,-0.5,0.866025,spring_night
1401113_clip011_s000,resources/site_257_bowra-dry-a/downloaded_clips/site_257_item_1401113/site_257_item_1401113_clip_011.webm,night,spring,-0.5,0.866025,-0.5,0.866025,spring_night
1401113_clip017_s000,resources/site_257_bowra-dry-a/downloaded_clips/site_257_item_1401113/site_257_item_1401113_clip_017.webm,night,spring,-0.5,0.866025,-0.5,0.866025,spring_night
1401113_clip019_s000,resources/site_257_bowra-dry-a/downloaded_clips/site_257_item_1401113/site_257_item_1401113_clip_019.webm,night,spring,-0.5,0.866025,-0.5,0.866025,spring_night
1401305_clip006_s000,resources/site_257_bowra-dry-a/downloaded_clips/site_257_item_1401305/site_257_item_1401305_clip_006.webm,night,spring,-0.5,0.866025,-0.866025,0.5,spring_night
1401305_clip008_s000,resources/site_257_bowra-dry-a/downloaded_clips/site_257_item_1401305/site_257_item_1401305_clip_008.webm,night,spring,-0.5,0.866025,-0.866025,0.5,spring_night
1401305_clip016_s000,resources/site_257_bowra-dry-a/downloaded_clips/site_257_item_1401305/site_257_item_1401305_clip_016.webm,night,spring,-0.5,0.866025,-0.866025,0.5,spring_night
1401305_clip016_s001,resources/site_257_bowra-dry-a/downloaded_clips/site_257_item_1401305/site_257_item_1401305_clip_016.webm,night,spring,-0.5,0.866025,-0.866025,0.5,spring_night
1401569_clip004_s000,resources/site_257_bowra-dry-a/downloaded_clips/site_257_item_1401569/site_257_item_1401569_clip_004.webm,night,spring,-0.5,0.866025,-0.866025,0.5,spring_night
1401569_clip004_s001,resources/site_257_bowra-dry-a/downloaded_clips/site_257_item_1401569/site_257_item_1401569_clip_004.webm,night,spring,-0.5,0.866025,-0.866025,0.5,spring_night
1401569_clip005_s000,resources/site_257_bowra-dry-a/downloaded_clips/site_257_item_1401569/site_257_item_1401569_clip_005.webm,night,spring,-0.5,0.866025,-0.866025,0.5,spring_night
1401569_clip005_s001,resources/site_257_bowra-dry-a/downloaded_clips/site_257_item_1401569/site_257_item_1401569_clip_005.webm,night,spring,-0.5,0.866025,-0.866025,0.5,spring_night
1401569_clip007_s000,resources/site_257_bowra-dry-a/downloaded_clips/site_257_item_1401569/site_257_item_1401569_clip_007.webm,night,spring,-0.5,0.866025,-0.866025,0.5,spring_night
1401569_clip007_s001,resources/site_257_bowra-dry-a/downloaded_clips/site_257_item_1401569/site_257_item_1401569_clip_007.webm,night,spring,-0.5,0.866025,-0.866025,0.5,spring_night
1401569_clip010_s000,resources/site_257_bowra-dry-a/downloaded_clips/site_257_item_1401569/site_257_item_1401569_clip_010.webm,night,spring,-0.5,0.866025,-0.866025,0.5,spring_night
1401569_clip010_s001,resources/site_257_bowra-dry-a/downloaded_clips/site_257_item_1401569/site_257_item_1401569_clip_010.webm,night,spring,-0.5,0.866025,-0.866025,0.5,spring_night
1401569_clip012_s000,resources/site_257_bowra-dry-a/downloaded_clips/site_257_item_1401569/site_257_item_1401569_clip_012.webm,night,spring,-0.5,0.866025,-0.866025,0.5,spring_night
1401569_clip012_s001,resources/site_257_bowra-dry-a/downloaded_clips/site_257_item_1401569/site_257_item_1401569_clip_012.webm,night,spring,-0.5,0.866025,-0.866025,0.5,spring_night
1401569_clip014_s000,resources/site_257_bowra-dry-a/downloaded_clips/site_257_item_1401569/site_257_item_1401569_clip_014.webm,night,spring,-0.5,0.866025,-0.866025,0.5,spring_night
1401569_clip014_s001,resources/site_257_bowra-dry-a/downloaded_clips/site_257_item_1401569/site_257_item_1401569_clip_014.webm,night,spring,-0.5,0.866025,-0.866025,0.5,spring_night
1401569_clip017_s000,resources/site_257_bowra-dry-a/downloaded_clips/site_257_item_1401569/site_257_item_1401569_clip_017.webm,night,spring,-0.5,0.866025,-0.866025,0.5,spring_night
1401569_clip017_s001,resources/site_257_bowra-dry-a/downloaded_clips/site_257_item_1401569/site_257_item_1401569_clip_017.webm,night,spring,-0.5,0.866025,-0.866025,0.5,spring_night
1401569_clip019_s000,resources/site_257_bowra-dry-a/downloaded_clips/site_257_item_1401569/site_257_item_1401569_clip_019.webm,night,spring,-0.5,0.866025,-0.866025,0.5,spring_night
1401569_clip022_s000,resources/site_257_bowra-dry-a/downloaded_clips/site_257_item_1401569/site_257_item_1401569_clip_022.webm,night,spring,-0.5,0.866025,-0.866025,0.5,spring_night
1401569_clip022_s001,resources/site_257_bowra-dry-a/downloaded_clips/site_257_item_1401569/site_257_item_1401569_clip_022.webm,night,spring,-0.5,0.866025,-0.866025,0.5,spring_night
1401569_clip022_s002,resources/site_257_bowra-dry-a/downloaded_clips/site_257_item_1401569/site_257_item_1401569_clip_022.webm,night,spring,-0.5,0.866025,-0.866025,0.5,spring_night
1401569_clip022_s003,resources/site_257_bowra-dry-a/downloaded_clips/site_257_item_1401569/site_257_item_1401569_clip_022.webm,night,spring,-0.5,0.866025,-0.866025,0.5,spring_night
1401569_clip023_s000,resources/site_257_bowra-dry-a/downloaded_clips/site_257_item_1401569/site_257_item_1401569_clip_023.webm,night,spring,-0.5,0.866025,-0.866025,0.5,spring_night
1401569_clip024_s000,resources/site_257_bowra-dry-a/downloaded_clips/site_257_item_1401569/site_257_item_1401569_clip_024.webm,night,spring,-0.5,0.866025,-0.866025,0.5,spring_night
1401569_clip024_s001,resources/site_257_bowra-dry-a/downloaded_clips/site_257_item_1401569/site_257_item_1401569_clip_024.webm,night,spring,-0.5,0.866025,-0.866025,0.5,spring_night
1401569_clip024_s002,resources/site_257_bowra-dry-a/downloaded_clips/site_257_item_1401569/site_257_item_1401569_clip_024.webm,night,spring,-0.5,0.866025,-0.866025,0.5,spring_night
1401611_clip001_s000,resources/site_257_bowra-dry-a/downloaded_clips/site_257_item_1401611/site_257_item_1401611_clip_001.webm,night,spring,-0.5,0.866025,-0.5,0.866025,spring_night
1401611_clip006_s000,resources/site_257_bowra-dry-a/downloaded_clips/site_257_item_1401611/site_257_item_1401611_clip_006.webm,night,spring,-0.5,0.866025,-0.5,0.866025,spring_night
1401611_clip007_s000,resources/site_257_bowra-dry-a/downloaded_clips/site_257_item_1401611/site_257_item_1401611_clip_007.webm,night,spring,-0.5,0.866025,-0.5,0.866025,spring_night
1401611_clip007_s001,resources/site_257_bowra-dry-a/downloaded_clips/site_257_item_1401611/site_257_item_1401611_clip_007.webm,night,spring,-0.5,0.866025,-0.5,0.866025,spring_night
1401611_clip008_s000,resources/site_257_bowra-dry-a/downloaded_clips/site_257_item_1401611/site_257_item_1401611_clip_008.webm,night,spring,-0.5,0.866025,-0.5,0.866025,spring_night
1401611_clip010_s000,resources/site_257_bowra-dry-a/downloaded_clips/site_257_item_1401611/site_257_item_1401611_clip_010.webm,night,spring,-0.5,0.866025,-0.5,0.866025,spring_night
1401611_clip013_s000,resources/site_257_bowra-dry-a/downloaded_clips/site_257_item_1401611/site_257_item_1401611_clip_013.webm,night,spring,-0.5,0.866025,-0.5,0.866025,spring_night
1401611_clip014_s000,resources/site_257_bowra-dry-a/downloaded_clips/site_257_item_1401611/site_257_item_1401611_clip_014.webm,night,spring,-0.5,0.866025,-0.5,0.866025,spring_night
1401611_clip015_s000,resources/site_257_bowra-dry-a/downloaded_clips/site_257_item_1401611/site_257_item_1401611_clip_015.webm,night,spring,-0.5,0.866025,-0.5,0.866025,spring_night
1401611_clip015_s001,resources/site_257_bowra-dry-a/downloaded_clips/site_257_item_1401611/site_257_item_1401611_clip_015.webm,night,spring,-0.5,0.866025,-0.5,0.866025,spring_night
1401611_clip019_s000,resources/site_257_bowra-dry-a/downloaded_clips/site_257_item_1401611/site_257_item_1401611_clip_019.webm,night,spring,-0.5,0.866025,-0.5,0.866025,spring_night
1401611_clip019_s001,resources/site_257_bowra-dry-a/downloaded_clips/site_257_item_1401611/site_257_item_1401611_clip_019.webm,night,spring,-0.5,0.866025,-0.5,0.866025,spring_night
1401611_clip019_s002,resources/site_257_bowra-dry-a/downloaded_clips/site_257_item_1401611/site_257_item_1401611_clip_019.webm,night,spring,-0.5,0.866025,-0.5,0.866025,spring_night
1401611_clip023_s000,resources/site_257_bowra-dry-a/downloaded_clips/site_257_item_1401611/site_257_item_1401611_clip_023.webm,night,spring,-0.5,0.866025,-0.5,0.866025,spring_night
1401611_clip024_s000,resources/site_257_bowra-dry-a/downloaded_clips/site_257_item_1401611/site_257_item_1401611_clip_024.webm,night,spring,-0.5,0.866025,-0.5,0.866025,spring_night
1535454_clip003_s000,resources/site_257_bowra-dry-a/downloaded_clips/site_257_item_1535454/site_257_item_1535454_clip_003.webm,night,spring,-0.5,0.866025,-1.0,-0.0,spring_night
1535454_clip004_s000,resources/site_257_bowra-dry-a/downloaded_clips/site_257_item_1535454/site_257_item_1535454_clip_004.webm,night,spring,-0.5,0.866025,-1.0,-0.0,spring_night
1535454_clip006_s000,resources/site_257_bowra-dry-a/downloaded_clips/site_257_item_1535454/site_257_item_1535454_clip_006.webm,night,spring,-0.5,0.866025,-1.0,-0.0,spring_night
1535454_clip007_s000,resources/site_257_bowra-dry-a/downloaded_clips/site_257_item_1535454/site_257_item_1535454_clip_007.webm,night,spring,-0.5,0.866025,-1.0,-0.0,spring_night
1535454_clip009_s000,resources/site_257_bowra-dry-a/downloaded_clips/site_257_item_1535454/site_257_item_1535454_clip_009.webm,night,spring,-0.5,0.866025,-1.0,-0.0,spring_night
1535454_clip019_s000,resources/site_257_bowra-dry-a/downloaded_clips/site_257_item_1535454/site_257_item_1535454_clip_019.webm,night,spring,-0.5,0.866025,-1.0,-0.0,spring_night
1535454_clip021_s000,resources/site_257_bowra-dry-a/downloaded_clips/site_257_item_1535454/site_257_item_1535454_clip_021.webm,night,spring,-0.5,0.866025,-1.0,-0.0,spring_night
1677392_clip001_s000,resources/site_257_bowra-dry-a/downloaded_clips/site_257_item_1677392/site_257_item_1677392_clip_001.webm,night,spring,-0.5,0.866025,-0.866025,0.5,spring_night
1677392_clip024_s000,resources/site_257_bowra-dry-a/downloaded_clips/site_257_item_1677392/site_257_item_1677392_clip_024.webm,night,spring,-0.5,0.866025,-0.866025,0.5,spring_night
1678513_clip004_s000,resources/site_257_bowra-dry-a/downloaded_clips/site_257_item_1678513/site_257_item_1678513_clip_004.webm,night,spring,-0.258819,0.965926,-0.866025,0.5,spring_night
1679156_clip002_s000,resources/site_257_bowra-dry-a/downloaded_clips/site_257_item_1679156/site_257_item_1679156_clip_002.webm,night,spring,-0.5,0.866025,-0.5,0.866025,spring_night
1679156_clip005_s000,resources/site_257_bowra-dry-a/downloaded_clips/site_257_item_1679156/site_257_item_1679156_clip_005.webm,night,spring,-0.5,0.866025,-0.5,0.866025,spring_night
1679156_clip006_s000,resources/site_257_bowra-dry-a/downloaded_clips/site_257_item_1679156/site_257_item_1679156_clip_006.webm,night,spring,-0.5,0.866025,-0.5,0.866025,spring_night
1679156_clip006_s001,resources/site_257_bowra-dry-a/downloaded_clips/site_257_item_1679156/site_257_item_1679156_clip_006.webm,night,spring,-0.5,0.866025,-0.5,0.866025,spring_night
1679156_clip007_s000,resources/site_257_bowra-dry-a/downloaded_clips/site_257_item_1679156/site_257_item_1679156_clip_007.webm,night,spring,-0.5,0.866025,-0.5,0.866025,spring_night
1679156_clip007_s001,resources/site_257_bowra-dry-a/downloaded_clips/site_257_item_1679156/site_257_item_1679156_clip_007.webm,night,spring,-0.5,0.866025,-0.5,0.866025,spring_night
1679156_clip009_s000,resources/site_257_bowra-dry-a/downloaded_clips/site_257_item_1679156/site_257_item_1679156_clip_009.webm,night,spring,-0.5,0.866025,-0.5,0.866025,spring_night
1679156_clip011_s000,resources/site_257_bowra-dry-a/downloaded_clips/site_257_item_1679156/site_257_item_1679156_clip_011.webm,night,spring,-0.5,0.866025,-0.5,0.866025,spring_night
1679156_clip014_s000,resources/site_257_bowra-dry-a/downloaded_clips/site_257_item_1679156/site_257_item_1679156_clip_014.webm,night,spring,-0.5,0.866025,-0.5,0.866025,spring_night
1679156_clip022_s000,resources/site_257_bowra-dry-a/downloaded_clips/site_257_item_1679156/site_257_item_1679156_clip_022.webm,night,spring,-0.5,0.866025,-0.5,0.866025,spring_night
1679156_clip022_s001,resources/site_257_bowra-dry-a/downloaded_clips/site_257_item_1679156/site_257_item_1679156_clip_022.webm,night,spring,-0.5,0.866025,-0.5,0.866025,spring_night
1682291_clip006_s000,resources/site_257_bowra-dry-a/downloaded_clips/site_257_item_1682291/site_257_item_1682291_clip_006.webm,night,spring,-0.5,0.866025,-0.5,0.866025,spring_night
1682291_clip006_s001,resources/site_257_bowra-dry-a/downloaded_clips/site_257_item_1682291/site_257_item_1682291_clip_006.webm,night,spring,-0.5,0.866025,-0.5,0.866025,spring_night
1682291_clip013_s000,resources/site_257_bowra-dry-a/downloaded_clips/site_257_item_1682291/site_257_item_1682291_clip_013.webm,night,spring,-0.5,0.866025,-0.5,0.866025,spring_night
1682291_clip014_s000,resources/site_257_bowra-dry-a/downloaded_clips/site_257_item_1682291/site_257_item_1682291_clip_014.webm,night,spring,-0.5,0.866025,-0.5,0.866025,spring_night
1682291_clip019_s000,resources/site_257_bowra-dry-a/downloaded_clips/site_257_item_1682291/site_257_item_1682291_clip_019.webm,night,spring,-0.5,0.866025,-0.5,0.866025,spring_night
1682291_clip021_s000,resources/site_257_bowra-dry-a/downloaded_clips/site_257_item_1682291/site_257_item_1682291_clip_021.webm,night,spring,-0.5,0.866025,-0.5,0.866025,spring_night
1682291_clip024_s000,resources/site_257_bowra-dry-a/downloaded_clips/site_257_item_1682291/site_257_item_1682291_clip_024.webm,night,spring,-0.5,0.866025,-0.5,0.866025,spring_night
214518_clip001_s000,resources/site_257_bowra-dry-a/downloaded_clips/site_257_item_214518/site_257_item_214518_clip_001.webm,night,spring,-0.5,0.866025,-0.866025,0.5,spring_night
214518_clip003_s000,resources/site_257_bowra-dry-a/downloaded_clips/site_257_item_214518/site_257_item_214518_clip_003.webm,night,spring,-0.5,0.866025,-0.866025,0.5,spring_night
214518_clip003_s001,resources/site_257_bowra-dry-a/downloaded_clips/site_257_item_214518/site_257_item_214518_clip_003.webm,night,spring,-0.5,0.866025,-0.866025,0.5,spring_night
214518_clip005_s000,resources/site_257_bowra-dry-a/downloaded_clips/site_257_item_214518/site_257_item_214518_clip_005.webm,night,spring,-0.5,0.866025,-0.866025,0.5,spring_night
214518_clip007_s000,resources/site_257_bowra-dry-a/downloaded_clips/site_257_item_214518/site_257_item_214518_clip_007.webm,night,spring,-0.5,0.866025,-0.866025,0.5,spring_night
214518_clip010_s000,resources/site_257_bowra-dry-a/downloaded_clips/site_257_item_214518/site_257_item_214518_clip_010.webm,night,spring,-0.5,0.866025,-0.866025,0.5,spring_night
214518_clip012_s000,resources/site_257_bowra-dry-a/downloaded_clips/site_257_item_214518/site_257_item_214518_clip_012.webm,night,spring,-0.5,0.866025,-0.866025,0.5,spring_night
214518_clip019_s000,resources/site_257_bowra-dry-a/downloaded_clips/site_257_item_214518/site_257_item_214518_clip_019.webm,night,spring,-0.5,0.866025,-0.866025,0.5,spring_night
214518_clip020_s000,resources/site_257_bowra-dry-a/downloaded_clips/site_257_item_214518/site_257_item_214518_clip_020.webm,night,spring,-0.5,0.866025,-0.866025,0.5,spring_night
214518_clip021_s000,resources/site_257_bowra-dry-a/downloaded_clips/site_257_item_214518/site_257_item_214518_clip_021.webm,night,spring,-0.5,0.866025,-0.866025,0.5,spring_night
214665_clip001_s000,resources/site_257_bowra-dry-a/downloaded_clips/site_257_item_214665/site_257_item_214665_clip_001.webm,night,spring,-0.5,0.866025,-0.5,0.866025,spring_night
214665_clip004_s000,resources/site_257_bowra-dry-a/downloaded_clips/site_257_item_214665/site_257_item_214665_clip_004.webm,night,spring,-0.5,0.866025,-0.5,0.866025,spring_night
214665_clip011_s000,resources/site_257_bowra-dry-a/downloaded_clips/site_257_item_214665/site_257_item_214665_clip_011.webm,night,spring,-0.5,0.866025,-0.5,0.866025,spring_night
214665_clip011_s001,resources/site_257_bowra-dry-a/downloaded_clips/site_257_item_214665/site_257_item_214665_clip_011.webm,night,spring,-0.5,0.866025,-0.5,0.866025,spring_night
214665_clip014_s000,resources/site_257_bowra-dry-a/downloaded_clips/site_257_item_214665/site_257_item_214665_clip_014.webm,night,spring,-0.5,0.866025,-0.5,0.866025,spring_night
214665_clip014_s001,resources/site_257_bowra-dry-a/downloaded_clips/site_257_item_214665/site_257_item_214665_clip_014.webm,night,spring,-0.5,0.866025,-0.5,0.866025,spring_night
214665_clip015_s000,resources/site_257_bowra-dry-a/downloaded_clips/site_257_item_214665/site_257_item_214665_clip_015.webm,night,spring,-0.5,0.866025,-0.5,0.866025,spring_night
214665_clip015_s001,resources/site_257_bowra-dry-a/downloaded_clips/site_257_item_214665/site_257_item_214665_clip_015.webm,night,spring,-0.5,0.866025,-0.5,0.866025,spring_night
214665_clip016_s000,resources/site_257_bowra-dry-a/downloaded_clips/site_257_item_214665/site_257_item_214665_clip_016.webm,night,spring,-0.5,0.866025,-0.5,0.866025,spring_night
214665_clip016_s001,resources/site_257_bowra-dry-a/downloaded_clips/site_257_item_214665/site_257_item_214665_clip_016.webm,night,spring,-0.5,0.866025,-0.5,0.866025,spring_night
214665_clip017_s000,resources/site_257_bowra-dry-a/downloaded_clips/site_257_item_214665/site_257_item_214665_clip_017.webm,night,spring,-0.5,0.866025,-0.5,0.866025,spring_night
214665_clip018_s000,resources/site_257_bowra-dry-a/downloaded_clips/site_257_item_214665/site_257_item_214665_clip_018.webm,night,spring,-0.5,0.866025,-0.5,0.866025,spring_night
214665_clip018_s001,resources/site_257_bowra-dry-a/downloaded_clips/site_257_item_214665/site_257_item_214665_clip_018.webm,night,spring,-0.5,0.866025,-0.5,0.866025,spring_night
214665_clip022_s000,resources/site_257_bowra-dry-a/downloaded_clips/site_257_item_214665/site_257_item_214665_clip_022.webm,night,spring,-0.5,0.866025,-0.5,0.866025,spring_night
214665_clip022_s001,resources/site_257_bowra-dry-a/downloaded_clips/site_257_item_214665/site_257_item_214665_clip_022.webm,night,spring,-0.5,0.866025,-0.5,0.866025,spring_night
214665_clip024_s000,resources/site_257_bowra-dry-a/downloaded_clips/site_257_item_214665/site_257_item_214665_clip_024.webm,night,spring,-0.5,0.866025,-0.5,0.866025,spring_night
214665_clip024_s001,resources/site_257_bowra-dry-a/downloaded_clips/site_257_item_214665/site_257_item_214665_clip_024.webm,night,spring,-0.5,0.866025,-0.5,0.866025,spring_night
214835_clip001_s000,resources/site_257_bowra-dry-a/downloaded_clips/site_257_item_214835/site_257_item_214835_clip_001.webm,night,spring,-0.5,0.866025,-0.5,0.866025,spring_night
214835_clip001_s001,resources/site_257_bowra-dry-a/downloaded_clips/site_257_item_214835/site_257_item_214835_clip_001.webm,night,spring,-0.5,0.866025,-0.5,0.866025,spring_night
214835_clip001_s002,resources/site_257_bowra-dry-a/downloaded_clips/site_257_item_214835/site_257_item_214835_clip_001.webm,night,spring,-0.5,0.866025,-0.5,0.866025,spring_night
214835_clip003_s000,resources/site_257_bowra-dry-a/downloaded_clips/site_257_item_214835/site_257_item_214835_clip_003.webm,night,spring,-0.5,0.866025,-0.5,0.866025,spring_night
214835_clip003_s001,resources/site_257_bowra-dry-a/downloaded_clips/site_257_item_214835/site_257_item_214835_clip_003.webm,night,spring,-0.5,0.866025,-0.5,0.866025,spring_night
214835_clip003_s002,resources/site_257_bowra-dry-a/downloaded_clips/site_257_item_214835/site_257_item_214835_clip_003.webm,night,spring,-0.5,0.866025,-0.5,0.866025,spring_night
214835_clip003_s003,resources/site_257_bowra-dry-a/downloaded_clips/site_257_item_214835/site_257_item_214835_clip_003.webm,night,spring,-0.5,0.866025,-0.5,0.866025,spring_night
214835_clip003_s004,resources/site_257_bowra-dry-a/downloaded_clips/site_257_item_214835/site_257_item_214835_clip_003.webm,night,spring,-0.5,0.866025,-0.5,0.866025,spring_night
214835_clip006_s000,resources/site_257_bowra-dry-a/downloaded_clips/site_257_item_214835/site_257_item_214835_clip_006.webm,night,spring,-0.5,0.866025,-0.5,0.866025,spring_night
214835_clip006_s001,resources/site_257_bowra-dry-a/downloaded_clips/site_257_item_214835/site_257_item_214835_clip_006.webm,night,spring,-0.5,0.866025,-0.5,0.866025,spring_night
214835_clip006_s002,resources/site_257_bowra-dry-a/downloaded_clips/site_257_item_214835/site_257_item_214835_clip_006.webm,night,spring,-0.5,0.866025,-0.5,0.866025,spring_night
214835_clip006_s003,resources/site_257_bowra-dry-a/downloaded_clips/site_257_item_214835/site_257_item_214835_clip_006.webm,night,spring,-0.5,0.866025,-0.5,0.866025,spring_night
214835_clip007_s000,resources/site_257_bowra-dry-a/downloaded_clips/site_257_item_214835/site_257_item_214835_clip_007.webm,night,spring,-0.5,0.866025,-0.5,0.866025,spring_night
214835_clip009_s000,resources/site_257_bowra-dry-a/downloaded_clips/site_257_item_214835/site_257_item_214835_clip_009.webm,night,spring,-0.5,0.866025,-0.5,0.866025,spring_night
214835_clip009_s001,resources/site_257_bowra-dry-a/downloaded_clips/site_257_item_214835/site_257_item_214835_clip_009.webm,night,spring,-0.5,0.866025,-0.5,0.866025,spring_night
214835_clip009_s002,resources/site_257_bowra-dry-a/downloaded_clips/site_257_item_214835/site_257_item_214835_clip_009.webm,night,spring,-0.5,0.866025,-0.5,0.866025,spring_night
214835_clip010_s000,resources/site_257_bowra-dry-a/downloaded_clips/site_257_item_214835/site_257_item_214835_clip_010.webm,night,spring,-0.5,0.866025,-0.5,0.866025,spring_night
214835_clip010_s001,resources/site_257_bowra-dry-a/downloaded_clips/site_257_item_214835/site_257_item_214835_clip_010.webm,night,spring,-0.5,0.866025,-0.5,0.866025,spring_night
214835_clip010_s002,resources/site_257_bowra-dry-a/downloaded_clips/site_257_item_214835/site_257_item_214835_clip_010.webm,night,spring,-0.5,0.866025,-0.5,0.866025,spring_night
214835_clip010_s003,resources/site_257_bowra-dry-a/downloaded_clips/site_257_item_214835/site_257_item_214835_clip_010.webm,night,spring,-0.5,0.866025,-0.5,0.866025,spring_night
214835_clip011_s000,resources/site_257_bowra-dry-a/downloaded_clips/site_257_item_214835/site_257_item_214835_clip_011.webm,night,spring,-0.5,0.866025,-0.5,0.866025,spring_night
214835_clip011_s001,resources/site_257_bowra-dry-a/downloaded_clips/site_257_item_214835/site_257_item_214835_clip_011.webm,night,spring,-0.5,0.866025,-0.5,0.866025,spring_night
214835_clip013_s000,resources/site_257_bowra-dry-a/downloaded_clips/site_257_item_214835/site_257_item_214835_clip_013.webm,night,spring,-0.5,0.866025,-0.5,0.866025,spring_night
214835_clip013_s001,resources/site_257_bowra-dry-a/downloaded_clips/site_257_item_214835/site_257_item_214835_clip_013.webm,night,spring,-0.5,0.866025,-0.5,0.866025,spring_night
214835_clip014_s000,resources/site_257_bowra-dry-a/downloaded_clips/site_257_item_214835/site_257_item_214835_clip_014.webm,night,spring,-0.5,0.866025,-0.5,0.866025,spring_night
214835_clip014_s001,resources/site_257_bowra-dry-a/downloaded_clips/site_257_item_214835/site_257_item_214835_clip_014.webm,night,spring,-0.5,0.866025,-0.5,0.866025,spring_night
214835_clip015_s000,resources/site_257_bowra-dry-a/downloaded_clips/site_257_item_214835/site_257_item_214835_clip_015.webm,night,spring,-0.5,0.866025,-0.5,0.866025,spring_night
214835_clip015_s001,resources/site_257_bowra-dry-a/downloaded_clips/site_257_item_214835/site_257_item_214835_clip_015.webm,night,spring,-0.5,0.866025,-0.5,0.866025,spring_night
214835_clip017_s000,resources/site_257_bowra-dry-a/downloaded_clips/site_257_item_214835/site_257_item_214835_clip_017.webm,night,spring,-0.5,0.866025,-0.5,0.866025,spring_night
214835_clip017_s001,resources/site_257_bowra-dry-a/downloaded_clips/site_257_item_214835/site_257_item_214835_clip_017.webm,night,spring,-0.5,0.866025,-0.5,0.866025,spring_night
4883_clip005_s000,resources/site_257_bowra-dry-a/downloaded_clips/site_257_item_4883/site_257_item_4883_clip_005.webm,night,spring,-0.5,0.866025,-0.866025,0.5,spring_night
4883_clip008_s000,resources/site_257_bowra-dry-a/downloaded_clips/site_257_item_4883/site_257_item_4883_clip_008.webm,night,spring,-0.5,0.866025,-0.866025,0.5,spring_night
4883_clip009_s000,resources/site_257_bowra-dry-a/downloaded_clips/site_257_item_4883/site_257_item_4883_clip_009.webm,night,spring,-0.5,0.866025,-0.866025,0.5,spring_night
4883_clip011_s000,resources/site_257_bowra-dry-a/downloaded_clips/site_257_item_4883/site_257_item_4883_clip_011.webm,night,spring,-0.5,0.866025,-0.866025,0.5,spring_night
4883_clip012_s000,resources/site_257_bowra-dry-a/downloaded_clips/site_257_item_4883/site_257_item_4883_clip_012.webm,night,spring,-0.5,0.866025,-0.866025,0.5,spring_night
4883_clip013_s000,resources/site_257_bowra-dry-a/downloaded_clips/site_257_item_4883/site_257_item_4883_clip_013.webm,night,spring,-0.5,0.866025,-0.866025,0.5,spring_night
4883_clip013_s001,resources/site_257_bowra-dry-a/downloaded_clips/site_257_item_4883/site_257_item_4883_clip_013.webm,night,spring,-0.5,0.866025,-0.866025,0.5,spring_night
4883_clip014_s000,resources/site_257_bowra-dry-a/downloaded_clips/site_257_item_4883/site_257_item_4883_clip_014.webm,night,spring,-0.5,0.866025,-0.866025,0.5,spring_night
4883_clip014_s001,resources/site_257_bowra-dry-a/downloaded_clips/site_257_item_4883/site_257_item_4883_clip_014.webm,night,spring,-0.5,0.866025,-0.866025,0.5,spring_night
4883_clip015_s000,resources/site_257_bowra-dry-a/downloaded_clips/site_257_item_4883/site_257_item_4883_clip_015.webm,night,spring,-0.5,0.866025,-0.866025,0.5,spring_night
4883_clip015_s001,resources/site_257_bowra-dry-a/downloaded_clips/site_257_item_4883/site_257_item_4883_clip_015.webm,night,spring,-0.5,0.866025,-0.866025,0.5,spring_night
4883_clip016_s000,resources/site_257_bowra-dry-a/downloaded_clips/site_257_item_4883/site_257_item_4883_clip_016.webm,night,spring,-0.5,0.866025,-0.866025,0.5,spring_night
4883_clip016_s001,resources/site_257_bowra-dry-a/downloaded_clips/site_257_item_4883/site_257_item_4883_clip_016.webm,night,spring,-0.5,0.866025,-0.866025,0.5,spring_night
4883_clip017_s000,resources/site_257_bowra-dry-a/downloaded_clips/site_257_item_4883/site_257_item_4883_clip_017.webm,night,spring,-0.5,0.866025,-0.866025,0.5,spring_night
4883_clip017_s001,resources/site_257_bowra-dry-a/downloaded_clips/site_257_item_4883/site_257_item_4883_clip_017.webm,night,spring,-0.5,0.866025,-0.866025,0.5,spring_night
4883_clip017_s002,resources/site_257_bowra-dry-a/downloaded_clips/site_257_item_4883/site_257_item_4883_clip_017.webm,night,spring,-0.5,0.866025,-0.866025,0.5,spring_night
4883_clip018_s000,resources/site_257_bowra-dry-a/downloaded_clips/site_257_item_4883/site_257_item_4883_clip_018.webm,night,spring,-0.5,0.866025,-0.866025,0.5,spring_night
4883_clip020_s000,resources/site_257_bowra-dry-a/downloaded_clips/site_257_item_4883/site_257_item_4883_clip_020.webm,night,spring,-0.5,0.866025,-0.866025,0.5,spring_night
4883_clip020_s001,resources/site_257_bowra-dry-a/downloaded_clips/site_257_item_4883/site_257_item_4883_clip_020.webm,night,spring,-0.5,0.866025,-0.866025,0.5,spring_night
4883_clip020_s002,resources/site_257_bowra-dry-a/downloaded_clips/site_257_item_4883/site_257_item_4883_clip_020.webm,night,spring,-0.5,0.866025,-0.866025,0.5,spring_night
4883_clip021_s000,resources/site_257_bowra-dry-a/downloaded_clips/site_257_item_4883/site_257_item_4883_clip_021.webm,night,spring,-0.5,0.866025,-0.866025,0.5,spring_night
4883_clip021_s001,resources/site_257_bowra-dry-a/downloaded_clips/site_257_item_4883/site_257_item_4883_clip_021.webm,night,spring,-0.5,0.866025,-0.866025,0.5,spring_night
4883_clip021_s002,resources/site_257_bowra-dry-a/downloaded_clips/site_257_item_4883/site_257_item_4883_clip_021.webm,night,spring,-0.5,0.866025,-0.866025,0.5,spring_night
4883_clip023_s000,resources/site_257_bowra-dry-a/downloaded_clips/site_257_item_4883/site_257_item_4883_clip_023.webm,night,spring,-0.5,0.866025,-0.866025,0.5,spring_night
4883_clip023_s001,resources/site_257_bowra-dry-a/downloaded_clips/site_257_item_4883/site_257_item_4883_clip_023.webm,night,spring,-0.5,0.866025,-0.866025,0.5,spring_night
4883_clip023_s002,resources/site_257_bowra-dry-a/downloaded_clips/site_257_item_4883/site_257_item_4883_clip_023.webm,night,spring,-0.5,0.866025,-0.866025,0.5,spring_night
4883_clip023_s003,resources/site_257_bowra-dry-a/downloaded_clips/site_257_item_4883/site_257_item_4883_clip_023.webm,night,spring,-0.5,0.866025,-0.866025,0.5,spring_night
4883_clip023_s004,resources/site_257_bowra-dry-a/downloaded_clips/site_257_item_4883/site_257_item_4883_clip_023.webm,night,spring,-0.5,0.866025,-0.866025,0.5,spring_night
4883_clip024_s000,resources/site_257_bowra-dry-a/downloaded_clips/site_257_item_4883/site_257_item_4883_clip_024.webm,night,spring,-0.5,0.866025,-0.866025,0.5,spring_night
5392_clip001_s000,resources/site_257_bowra-dry-a/downloaded_clips/site_257_item_5392/site_257_item_5392_clip_001.webm,night,spring,-0.5,0.866025,-1.0,-0.0,spring_night
5392_clip001_s001,resources/site_257_bowra-dry-a/downloaded_clips/site_257_item_5392/site_257_item_5392_clip_001.webm,night,spring,-0.5,0.866025,-1.0,-0.0,spring_night
5392_clip002_s000,resources/site_257_bowra-dry-a/downloaded_clips/site_257_item_5392/site_257_item_5392_clip_002.webm,night,spring,-0.5,0.866025,-1.0,-0.0,spring_night
5392_clip002_s001,resources/site_257_bowra-dry-a/downloaded_clips/site_257_item_5392/site_257_item_5392_clip_002.webm,night,spring,-0.5,0.866025,-1.0,-0.0,spring_night
5392_clip002_s002,resources/site_257_bowra-dry-a/downloaded_clips/site_257_item_5392/site_257_item_5392_clip_002.webm,night,spring,-0.5,0.866025,-1.0,-0.0,spring_night
5392_clip002_s003,resources/site_257_bowra-dry-a/downloaded_clips/site_257_item_5392/site_257_item_5392_clip_002.webm,night,spring,-0.5,0.866025,-1.0,-0.0,spring_night
5392_clip003_s000,resources/site_257_bowra-dry-a/downloaded_clips/site_257_item_5392/site_257_item_5392_clip_003.webm,night,spring,-0.5,0.866025,-1.0,-0.0,spring_night
5392_clip003_s001,resources/site_257_bowra-dry-a/downloaded_clips/site_257_item_5392/site_257_item_5392_clip_003.webm,night,spring,-0.5,0.866025,-1.0,-0.0,spring_night
5392_clip003_s002,resources/site_257_bowra-dry-a/downloaded_clips/site_257_item_5392/site_257_item_5392_clip_003.webm,night,spring,-0.5,0.866025,-1.0,-0.0,spring_night
5392_clip003_s003,resources/site_257_bowra-dry-a/downloaded_clips/site_257_item_5392/site_257_item_5392_clip_003.webm,night,spring,-0.5,0.866025,-1.0,-0.0,spring_night
5392_clip003_s004,resources/site_257_bowra-dry-a/downloaded_clips/site_257_item_5392/site_257_item_5392_clip_003.webm,night,spring,-0.5,0.866025,-1.0,-0.0,spring_night
5392_clip004_s000,resources/site_257_bowra-dry-a/downloaded_clips/site_257_item_5392/site_257_item_5392_clip_004.webm,night,spring,-0.5,0.866025,-1.0,-0.0,spring_night
5392_clip005_s000,resources/site_257_bowra-dry-a/downloaded_clips/site_257_item_5392/site_257_item_5392_clip_005.webm,night,spring,-0.5,0.866025,-1.0,-0.0,spring_night
5392_clip005_s001,resources/site_257_bowra-dry-a/downloaded_clips/site_257_item_5392/site_257_item_5392_clip_005.webm,night,spring,-0.5,0.866025,-1.0,-0.0,spring_night
5392_clip005_s002,resources/site_257_bowra-dry-a/downloaded_clips/site_257_item_5392/site_257_item_5392_clip_005.webm,night,spring,-0.5,0.866025,-1.0,-0.0,spring_night
5392_clip006_s000,resources/site_257_bowra-dry-a/downloaded_clips/site_257_item_5392/site_257_item_5392_clip_006.webm,night,spring,-0.5,0.866025,-1.0,-0.0,spring_night
5392_clip007_s000,resources/site_257_bowra-dry-a/downloaded_clips/site_257_item_5392/site_257_item_5392_clip_007.webm,night,spring,-0.5,0.866025,-1.0,-0.0,spring_night
5392_clip007_s001,resources/site_257_bowra-dry-a/downloaded_clips/site_257_item_5392/site_257_item_5392_clip_007.webm,night,spring,-0.5,0.866025,-1.0,-0.0,spring_night
5392_clip007_s002,resources/site_257_bowra-dry-a/downloaded_clips/site_257_item_5392/site_257_item_5392_clip_007.webm,night,spring,-0.5,0.866025,-1.0,-0.0,spring_night
5392_clip007_s003,resources/site_257_bowra-dry-a/downloaded_clips/site_257_item_5392/site_257_item_5392_clip_007.webm,night,spring,-0.5,0.866025,-1.0,-0.0,spring_night
5392_clip010_s000,resources/site_257_bowra-dry-a/downloaded_clips/site_257_item_5392/site_257_item_5392_clip_010.webm,night,spring,-0.5,0.866025,-1.0,-0.0,spring_night
5392_clip010_s001,resources/site_257_bowra-dry-a/downloaded_clips/site_257_item_5392/site_257_item_5392_clip_010.webm,night,spring,-0.5,0.866025,-1.0,-0.0,spring_night
5392_clip010_s002,resources/site_257_bowra-dry-a/downloaded_clips/site_257_item_5392/site_257_item_5392_clip_010.webm,night,spring,-0.5,0.866025,-1.0,-0.0,spring_night
5392_clip011_s000,resources/site_257_bowra-dry-a/downloaded_clips/site_257_item_5392/site_257_item_5392_clip_011.webm,night,spring,-0.5,0.866025,-1.0,-0.0,spring_night
5392_clip015_s000,resources/site_257_bowra-dry-a/downloaded_clips/site_257_item_5392/site_257_item_5392_clip_015.webm,night,spring,-0.5,0.866025,-1.0,-0.0,spring_night
5392_clip015_s001,resources/site_257_bowra-dry-a/downloaded_clips/site_257_item_5392/site_257_item_5392_clip_015.webm,night,spring,-0.5,0.866025,-1.0,-0.0,spring_night
5392_clip016_s000,resources/site_257_bowra-dry-a/downloaded_clips/site_257_item_5392/site_257_item_5392_clip_016.webm,night,spring,-0.5,0.866025,-1.0,-0.0,spring_night
5392_clip016_s001,resources/site_257_bowra-dry-a/downloaded_clips/site_257_item_5392/site_257_item_5392_clip_016.webm,night,spring,-0.5,0.866025,-1.0,-0.0,spring_night
5392_clip016_s002,resources/site_257_bowra-dry-a/downloaded_clips/site_257_item_5392/site_257_item_5392_clip_016.webm,night,spring,-0.5,0.866025,-1.0,-0.0,spring_night
5392_clip016_s003,resources/site_257_bowra-dry-a/downloaded_clips/site_257_item_5392/site_257_item_5392_clip_016.webm,night,spring,-0.5,0.866025,-1.0,-0.0,spring_night
5392_clip018_s000,resources/site_257_bowra-dry-a/downloaded_clips/site_257_item_5392/site_257_item_5392_clip_018.webm,night,spring,-0.5,0.866025,-1.0,-0.0,spring_night
5392_clip020_s000,resources/site_257_bowra-dry-a/downloaded_clips/site_257_item_5392/site_257_item_5392_clip_020.webm,night,spring,-0.5,0.866025,-1.0,-0.0,spring_night
5392_clip022_s000,resources/site_257_bowra-dry-a/downloaded_clips/site_257_item_5392/site_257_item_5392_clip_022.webm,night,spring,-0.5,0.866025,-1.0,-0.0,spring_night
5392_clip024_s000,resources/site_257_bowra-dry-a/downloaded_clips/site_257_item_5392/site_257_item_5392_clip_024.webm,night,spring,-0.5,0.866025,-1.0,-0.0,spring_night
5421_clip006_s000,resources/site_257_bowra-dry-a/downloaded_clips/site_257_item_5421/site_257_item_5421_clip_006.webm,night,spring,-0.5,0.866025,-1.0,-0.0,spring_night
1400024_clip002_s000,resources/site_257_bowra-dry-a/downloaded_clips/site_257_item_1400024/site_257_item_1400024_clip_002.webm,afternoon,spring,-0.5,-0.866025,-1.0,-0.0,spring_afternoon
1400024_clip008_s000,resources/site_257_bowra-dry-a/downloaded_clips/site_257_item_1400024/site_257_item_1400024_clip_008.webm,afternoon,spring,-0.5,-0.866025,-1.0,-0.0,spring_afternoon
1400024_clip024_s000,resources/site_257_bowra-dry-a/downloaded_clips/site_257_item_1400024/site_257_item_1400024_clip_024.webm,afternoon,spring,-0.5,-0.866025,-1.0,-0.0,spring_afternoon
1401104_clip013_s000,resources/site_257_bowra-dry-a/downloaded_clips/site_257_item_1401104/site_257_item_1401104_clip_013.webm,afternoon,spring,0.0,-1.0,-0.5,0.866025,spring_afternoon
1401104_clip014_s000,resources/site_257_bowra-dry-a/downloaded_clips/site_257_item_1401104/site_257_item_1401104_clip_014.webm,afternoon,spring,0.0,-1.0,-0.5,0.866025,spring_afternoon
1401104_clip015_s000,resources/site_257_bowra-dry-a/downloaded_clips/site_257_item_1401104/site_257_item_1401104_clip_015.webm,afternoon,spring,0.0,-1.0,-0.5,0.866025,spring_afternoon
1401311_clip004_s000,resources/site_257_bowra-dry-a/downloaded_clips/site_257_item_1401311/site_257_item_1401311_clip_004.webm,afternoon,spring,-0.5,-0.866025,-0.866025,0.5,spring_afternoon
1401567_clip001_s000,resources/site_257_bowra-dry-a/downloaded_clips/site_257_item_1401567/site_257_item_1401567_clip_001.webm,afternoon,spring,-0.5,-0.866025,-0.866025,0.5,spring_afternoon
1401567_clip010_s000,resources/site_257_bowra-dry-a/downloaded_clips/site_257_item_1401567/site_257_item_1401567_clip_010.webm,afternoon,spring,-0.5,-0.866025,-0.866025,0.5,spring_afternoon
1401567_clip010_s001,resources/site_257_bowra-dry-a/downloaded_clips/site_257_item_1401567/site_257_item_1401567_clip_010.webm,afternoon,spring,-0.5,-0.866025,-0.866025,0.5,spring_afternoon
1401567_clip010_s002,resources/site_257_bowra-dry-a/downloaded_clips/site_257_item_1401567/site_257_item_1401567_clip_010.webm,afternoon,spring,-0.5,-0.866025,-0.866025,0.5,spring_afternoon
1401567_clip010_s003,resources/site_257_bowra-dry-a/downloaded_clips/site_257_item_1401567/site_257_item_1401567_clip_010.webm,afternoon,spring,-0.5,-0.866025,-0.866025,0.5,spring_afternoon
1401567_clip011_s000,resources/site_257_bowra-dry-a/downloaded_clips/site_257_item_1401567/site_257_item_1401567_clip_011.webm,afternoon,spring,-0.5,-0.866025,-0.866025,0.5,spring_afternoon
1401567_clip011_s001,resources/site_257_bowra-dry-a/downloaded_clips/site_257_item_1401567/site_257_item_1401567_clip_011.webm,afternoon,spring,-0.5,-0.866025,-0.866025,0.5,spring_afternoon
1401567_clip011_s002,resources/site_257_bowra-dry-a/downloaded_clips/site_257_item_1401567/site_257_item_1401567_clip_011.webm,afternoon,spring,-0.5,-0.866025,-0.866025,0.5,spring_afternoon
1401567_clip011_s003,resources/site_257_bowra-dry-a/downloaded_clips/site_257_item_1401567/site_257_item_1401567_clip_011.webm,afternoon,spring,-0.5,-0.866025,-0.866025,0.5,spring_afternoon
1401567_clip016_s000,resources/site_257_bowra-dry-a/downloaded_clips/site_257_item_1401567/site_257_item_1401567_clip_016.webm,afternoon,spring,-0.5,-0.866025,-0.866025,0.5,spring_afternoon
1401567_clip017_s000,resources/site_257_bowra-dry-a/downloaded_clips/site_257_item_1401567/site_257_item_1401567_clip_017.webm,afternoon,spring,-0.5,-0.866025,-0.866025,0.5,spring_afternoon
1401567_clip017_s001,resources/site_257_bowra-dry-a/downloaded_clips/site_257_item_1401567/site_257_item_1401567_clip_017.webm,afternoon,spring,-0.5,-0.866025,-0.866025,0.5,spring_afternoon
1401607_clip001_s000,resources/site_257_bowra-dry-a/downloaded_clips/site_257_item_1401607/site_257_item_1401607_clip_001.webm,afternoon,spring,-0.5,-0.866025,-0.5,0.866025,spring_afternoon
1401607_clip002_s000,resources/site_257_bowra-dry-a/downloaded_clips/site_257_item_1401607/site_257_item_1401607_clip_002.webm,afternoon,spring,-0.5,-0.866025,-0.5,0.866025,spring_afternoon
1401607_clip017_s000,resources/site_257_bowra-dry-a/downloaded_clips/site_257_item_1401607/site_257_item_1401607_clip_017.webm,afternoon,spring,-0.5,-0.866025,-0.5,0.866025,spring_afternoon
1401607_clip019_s000,resources/site_257_bowra-dry-a/downloaded_clips/site_257_item_1401607/site_257_item_1401607_clip_019.webm,afternoon,spring,-0.5,-0.866025,-0.5,0.866025,spring_afternoon
1401607_clip022_s000,resources/site_257_bowra-dry-a/downloaded_clips/site_257_item_1401607/site_257_item_1401607_clip_022.webm,afternoon,spring,-0.5,-0.866025,-0.5,0.866025,spring_afternoon
1534211_clip004_s000,resources/site_257_bowra-dry-a/downloaded_clips/site_257_item_1534211/site_257_item_1534211_clip_004.webm,afternoon,spring,-0.5,-0.866025,-1.0,-0.0,spring_afternoon
1534211_clip004_s001,resources/site_257_bowra-dry-a/downloaded_clips/site_257_item_1534211/site_257_item_1534211_clip_004.webm,afternoon,spring,-0.5,-0.866025,-1.0,-0.0,spring_afternoon
1534211_clip007_s000,resources/site_257_bowra-dry-a/downloaded_clips/site_257_item_1534211/site_257_item_1534211_clip_007.webm,afternoon,spring,-0.5,-0.866025,-1.0,-0.0,spring_afternoon
1534211_clip010_s000,resources/site_257_bowra-dry-a/downloaded_clips/site_257_item_1534211/site_257_item_1534211_clip_010.webm,afternoon,spring,-0.5,-0.866025,-1.0,-0.0,spring_afternoon
1534211_clip010_s001,resources/site_257_bowra-dry-a/downloaded_clips/site_257_item_1534211/site_257_item_1534211_clip_010.webm,afternoon,spring,-0.5,-0.866025,-1.0,-0.0,spring_afternoon
1534211_clip013_s000,resources/site_257_bowra-dry-a/downloaded_clips/site_257_item_1534211/site_257_item_1534211_clip_013.webm,afternoon,spring,-0.5,-0.866025,-1.0,-0.0,spring_afternoon
1534211_clip013_s001,resources/site_257_bowra-dry-a/downloaded_clips/site_257_item_1534211/site_257_item_1534211_clip_013.webm,afternoon,spring,-0.5,-0.866025,-1.0,-0.0,spring_afternoon
1534211_clip014_s000,resources/site_257_bowra-dry-a/downloaded_clips/site_257_item_1534211/site_257_item_1534211_clip_014.webm,afternoon,spring,-0.5,-0.866025,-1.0,-0.0,spring_afternoon
1534211_clip014_s001,resources/site_257_bowra-dry-a/downloaded_clips/site_257_item_1534211/site_257_item_1534211_clip_014.webm,afternoon,spring,-0.5,-0.866025,-1.0,-0.0,spring_afternoon
1534211_clip018_s000,resources/site_257_bowra-dry-a/downloaded_clips/site_257_item_1534211/site_257_item_1534211_clip_018.webm,afternoon,spring,-0.5,-0.866025,-1.0,-0.0,spring_afternoon
1534211_clip019_s000,resources/site_257_bowra-dry-a/downloaded_clips/site_257_item_1534211/site_257_item_1534211_clip_019.webm,afternoon,spring,-0.5,-0.866025,-1.0,-0.0,spring_afternoon
1534211_clip023_s000,resources/site_257_bowra-dry-a/downloaded_clips/site_257_item_1534211/site_257_item_1534211_clip_023.webm,afternoon,spring,-0.5,-0.866025,-1.0,-0.0,spring_afternoon
1534211_clip023_s001,resources/site_257_bowra-dry-a/downloaded_clips/site_257_item_1534211/site_257_item_1534211_clip_023.webm,afternoon,spring,-0.5,-0.866025,-1.0,-0.0,spring_afternoon
1668481_clip012_s000,resources/site_257_bowra-dry-a/downloaded_clips/site_257_item_1668481/site_257_item_1668481_clip_012.webm,afternoon,spring,-0.5,-0.866025,-0.5,0.866025,spring_afternoon
1668481_clip013_s000,resources/site_257_bowra-dry-a/downloaded_clips/site_257_item_1668481/site_257_item_1668481_clip_013.webm,afternoon,spring,-0.5,-0.866025,-0.5,0.866025,spring_afternoon
1668481_clip014_s000,resources/site_257_bowra-dry-a/downloaded_clips/site_257_item_1668481/site_257_item_1668481_clip_014.webm,afternoon,spring,-0.5,-0.866025,-0.5,0.866025,spring_afternoon
1668481_clip016_s000,resources/site_257_bowra-dry-a/downloaded_clips/site_257_item_1668481/site_257_item_1668481_clip_016.webm,afternoon,spring,-0.5,-0.866025,-0.5,0.866025,spring_afternoon
1668481_clip019_s000,resources/site_257_bowra-dry-a/downloaded_clips/site_257_item_1668481/site_257_item_1668481_clip_019.webm,afternoon,spring,-0.5,-0.866025,-0.5,0.866025,spring_afternoon
1678704_clip007_s000,resources/site_257_bowra-dry-a/downloaded_clips/site_257_item_1678704/site_257_item_1678704_clip_007.webm,afternoon,spring,-0.5,-0.866025,-0.5,0.866025,spring_afternoon
1678704_clip008_s000,resources/site_257_bowra-dry-a/downloaded_clips/site_257_item_1678704/site_257_item_1678704_clip_008.webm,afternoon,spring,-0.5,-0.866025,-0.5,0.866025,spring_afternoon
1678704_clip008_s001,resources/site_257_bowra-dry-a/downloaded_clips/site_257_item_1678704/site_257_item_1678704_clip_008.webm,afternoon,spring,-0.5,-0.866025,-0.5,0.866025,spring_afternoon
1678704_clip008_s002,resources/site_257_bowra-dry-a/downloaded_clips/site_257_item_1678704/site_257_item_1678704_clip_008.webm,afternoon,spring,-0.5,-0.866025,-0.5,0.866025,spring_afternoon
1678704_clip008_s003,resources/site_257_bowra-dry-a/downloaded_clips/site_257_item_1678704/site_257_item_1678704_clip_008.webm,afternoon,spring,-0.5,-0.866025,-0.5,0.866025,spring_afternoon
1678704_clip009_s000,resources/site_257_bowra-dry-a/downloaded_clips/site_257_item_1678704/site_257_item_1678704_clip_009.webm,afternoon,spring,-0.5,-0.866025,-0.5,0.866025,spring_afternoon
1678704_clip009_s001,resources/site_257_bowra-dry-a/downloaded_clips/site_257_item_1678704/site_257_item_1678704_clip_009.webm,afternoon,spring,-0.5,-0.866025,-0.5,0.866025,spring_afternoon
1678704_clip010_s000,resources/site_257_bowra-dry-a/downloaded_clips/site_257_item_1678704/site_257_item_1678704_clip_010.webm,afternoon,spring,-0.5,-0.866025,-0.5,0.866025,spring_afternoon
1678704_clip010_s001,resources/site_257_bowra-dry-a/downloaded_clips/site_257_item_1678704/site_257_item_1678704_clip_010.webm,afternoon,spring,-0.5,-0.866025,-0.5,0.866025,spring_afternoon
1678704_clip014_s000,resources/site_257_bowra-dry-a/downloaded_clips/site_257_item_1678704/site_257_item_1678704_clip_014.webm,afternoon,spring,-0.5,-0.866025,-0.5,0.866025,spring_afternoon
1681319_clip002_s000,resources/site_257_bowra-dry-a/downloaded_clips/site_257_item_1681319/site_257_item_1681319_clip_002.webm,afternoon,spring,-0.258819,-0.965926,-0.866025,0.5,spring_afternoon
1681319_clip002_s001,resources/site_257_bowra-dry-a/downloaded_clips/site_257_item_1681319/site_257_item_1681319_clip_002.webm,afternoon,spring,-0.258819,-0.965926,-0.866025,0.5,spring_afternoon
1682413_clip005_s000,resources/site_257_bowra-dry-a/downloaded_clips/site_257_item_1682413/site_257_item_1682413_clip_005.webm,afternoon,spring,-0.5,-0.866025,-0.866025,0.5,spring_afternoon
1682413_clip007_s000,resources/site_257_bowra-dry-a/downloaded_clips/site_257_item_1682413/site_257_item_1682413_clip_007.webm,afternoon,spring,-0.5,-0.866025,-0.866025,0.5,spring_afternoon
1682413_clip007_s001,resources/site_257_bowra-dry-a/downloaded_clips/site_257_item_1682413/site_257_item_1682413_clip_007.webm,afternoon,spring,-0.5,-0.866025,-0.866025,0.5,spring_afternoon
1682413_clip008_s000,resources/site_257_bowra-dry-a/downloaded_clips/site_257_item_1682413/site_257_item_1682413_clip_008.webm,afternoon,spring,-0.5,-0.866025,-0.866025,0.5,spring_afternoon
1682413_clip012_s000,resources/site_257_bowra-dry-a/downloaded_clips/site_257_item_1682413/site_257_item_1682413_clip_012.webm,afternoon,spring,-0.5,-0.866025,-0.866025,0.5,spring_afternoon
1682413_clip012_s001,resources/site_257_bowra-dry-a/downloaded_clips/site_257_item_1682413/site_257_item_1682413_clip_012.webm,afternoon,spring,-0.5,-0.866025,-0.866025,0.5,spring_afternoon
1682413_clip012_s002,resources/site_257_bowra-dry-a/downloaded_clips/site_257_item_1682413/site_257_item_1682413_clip_012.webm,afternoon,spring,-0.5,-0.866025,-0.866025,0.5,spring_afternoon
1682413_clip014_s000,resources/site_257_bowra-dry-a/downloaded_clips/site_257_item_1682413/site_257_item_1682413_clip_014.webm,afternoon,spring,-0.5,-0.866025,-0.866025,0.5,spring_afternoon
1682413_clip015_s000,resources/site_257_bowra-dry-a/downloaded_clips/site_257_item_1682413/site_257_item_1682413_clip_015.webm,afternoon,spring,-0.5,-0.866025,-0.866025,0.5,spring_afternoon
1682413_clip015_s001,resources/site_257_bowra-dry-a/downloaded_clips/site_257_item_1682413/site_257_item_1682413_clip_015.webm,afternoon,spring,-0.5,-0.866025,-0.866025,0.5,spring_afternoon
1682413_clip019_s000,resources/site_257_bowra-dry-a/downloaded_clips/site_257_item_1682413/site_257_item_1682413_clip_019.webm,afternoon,spring,-0.5,-0.866025,-0.866025,0.5,spring_afternoon
1682413_clip022_s000,resources/site_257_bowra-dry-a/downloaded_clips/site_257_item_1682413/site_257_item_1682413_clip_022.webm,afternoon,spring,-0.5,-0.866025,-0.866025,0.5,spring_afternoon
1682413_clip022_s001,resources/site_257_bowra-dry-a/downloaded_clips/site_257_item_1682413/site_257_item_1682413_clip_022.webm,afternoon,spring,-0.5,-0.866025,-0.866025,0.5,spring_afternoon
1682413_clip022_s002,resources/site_257_bowra-dry-a/downloaded_clips/site_257_item_1682413/site_257_item_1682413_clip_022.webm,afternoon,spring,-0.5,-0.866025,-0.866025,0.5,spring_afternoon
1682413_clip022_s003,resources/site_257_bowra-dry-a/downloaded_clips/site_257_item_1682413/site_257_item_1682413_clip_022.webm,afternoon,spring,-0.5,-0.866025,-0.866025,0.5,spring_afternoon
1682413_clip022_s004,resources/site_257_bowra-dry-a/downloaded_clips/site_257_item_1682413/site_257_item_1682413_clip_022.webm,afternoon,spring,-0.5,-0.866025,-0.866025,0.5,spring_afternoon
1682413_clip022_s005,resources/site_257_bowra-dry-a/downloaded_clips/site_257_item_1682413/site_257_item_1682413_clip_022.webm,afternoon,spring,-0.5,-0.866025,-0.866025,0.5,spring_afternoon
1682413_clip022_s006,resources/site_257_bowra-dry-a/downloaded_clips/site_257_item_1682413/site_257_item_1682413_clip_022.webm,afternoon,spring,-0.5,-0.866025,-0.866025,0.5,spring_afternoon
1682413_clip022_s007,resources/site_257_bowra-dry-a/downloaded_clips/site_257_item_1682413/site_257_item_1682413_clip_022.webm,afternoon,spring,-0.5,-0.866025,-0.866025,0.5,spring_afternoon
1682413_clip023_s000,resources/site_257_bowra-dry-a/downloaded_clips/site_257_item_1682413/site_257_item_1682413_clip_023.webm,afternoon,spring,-0.5,-0.866025,-0.866025,0.5,spring_afternoon
1682413_clip023_s001,resources/site_257_bowra-dry-a/downloaded_clips/site_257_item_1682413/site_257_item_1682413_clip_023.webm,afternoon,spring,-0.5,-0.866025,-0.866025,0.5,spring_afternoon
1682413_clip024_s000,resources/site_257_bowra-dry-a/downloaded_clips/site_257_item_1682413/site_257_item_1682413_clip_024.webm,afternoon,spring,-0.5,-0.866025,-0.866025,0.5,spring_afternoon
214508_clip008_s000,resources/site_257_bowra-dry-a/downloaded_clips/site_257_item_214508/site_257_item_214508_clip_008.webm,afternoon,spring,-0.5,-0.866025,-0.866025,0.5,spring_afternoon
214508_clip011_s000,resources/site_257_bowra-dry-a/downloaded_clips/site_257_item_214508/site_257_item_214508_clip_011.webm,afternoon,spring,-0.5,-0.866025,-0.866025,0.5,spring_afternoon
214508_clip014_s000,resources/site_257_bowra-dry-a/downloaded_clips/site_257_item_214508/site_257_item_214508_clip_014.webm,afternoon,spring,-0.5,-0.866025,-0.866025,0.5,spring_afternoon
214508_clip016_s000,resources/site_257_bowra-dry-a/downloaded_clips/site_257_item_214508/site_257_item_214508_clip_016.webm,afternoon,spring,-0.5,-0.866025,-0.866025,0.5,spring_afternoon
214659_clip004_s000,resources/site_257_bowra-dry-a/downloaded_clips/site_257_item_214659/site_257_item_214659_clip_004.webm,afternoon,spring,-0.5,-0.866025,-0.5,0.866025,spring_afternoon
214659_clip005_s000,resources/site_257_bowra-dry-a/downloaded_clips/site_257_item_214659/site_257_item_214659_clip_005.webm,afternoon,spring,-0.5,-0.866025,-0.5,0.866025,spring_afternoon
214659_clip005_s001,resources/site_257_bowra-dry-a/downloaded_clips/site_257_item_214659/site_257_item_214659_clip_005.webm,afternoon,spring,-0.5,-0.866025,-0.5,0.866025,spring_afternoon
214659_clip006_s000,resources/site_257_bowra-dry-a/downloaded_clips/site_257_item_214659/site_257_item_214659_clip_006.webm,afternoon,spring,-0.5,-0.866025,-0.5,0.866025,spring_afternoon
214659_clip006_s001,resources/site_257_bowra-dry-a/downloaded_clips/site_257_item_214659/site_257_item_214659_clip_006.webm,afternoon,spring,-0.5,-0.866025,-0.5,0.866025,spring_afternoon
214659_clip007_s000,resources/site_257_bowra-dry-a/downloaded_clips/site_257_item_214659/site_257_item_214659_clip_007.webm,afternoon,spring,-0.5,-0.866025,-0.5,0.866025,spring_afternoon
214659_clip009_s000,resources/site_257_bowra-dry-a/downloaded_clips/site_257_item_214659/site_257_item_214659_clip_009.webm,afternoon,spring,-0.5,-0.866025,-0.5,0.866025,spring_afternoon
214659_clip009_s001,resources/site_257_bowra-dry-a/downloaded_clips/site_257_item_214659/site_257_item_214659_clip_009.webm,afternoon,spring,-0.5,-0.866025,-0.5,0.866025,spring_afternoon
214659_clip009_s002,resources/site_257_bowra-dry-a/downloaded_clips/site_257_item_214659/site_257_item_214659_clip_009.webm,afternoon,spring,-0.5,-0.866025,-0.5,0.866025,spring_afternoon
214659_clip011_s000,resources/site_257_bowra-dry-a/downloaded_clips/site_257_item_214659/site_257_item_214659_clip_011.webm,afternoon,spring,-0.5,-0.866025,-0.5,0.866025,spring_afternoon
214659_clip011_s001,resources/site_257_bowra-dry-a/downloaded_clips/site_257_item_214659/site_257_item_214659_clip_011.webm,afternoon,spring,-0.5,-0.866025,-0.5,0.866025,spring_afternoon
214659_clip012_s000,resources/site_257_bowra-dry-a/downloaded_clips/site_257_item_214659/site_257_item_214659_clip_012.webm,afternoon,spring,-0.5,-0.866025,-0.5,0.866025,spring_afternoon
214659_clip017_s000,resources/site_257_bowra-dry-a/downloaded_clips/site_257_item_214659/site_257_item_214659_clip_017.webm,afternoon,spring,-0.5,-0.866025,-0.5,0.866025,spring_afternoon
214659_clip019_s000,resources/site_257_bowra-dry-a/downloaded_clips/site_257_item_214659/site_257_item_214659_clip_019.webm,afternoon,spring,-0.5,-0.866025,-0.5,0.866025,spring_afternoon
214837_clip001_s000,resources/site_257_bowra-dry-a/downloaded_clips/site_257_item_214837/site_257_item_214837_clip_001.webm,afternoon,spring,-0.5,-0.866025,-0.5,0.866025,spring_afternoon
214837_clip008_s000,resources/site_257_bowra-dry-a/downloaded_clips/site_257_item_214837/site_257_item_214837_clip_008.webm,afternoon,spring,-0.5,-0.866025,-0.5,0.866025,spring_afternoon
214837_clip014_s000,resources/site_257_bowra-dry-a/downloaded_clips/site_257_item_214837/site_257_item_214837_clip_014.webm,afternoon,spring,-0.5,-0.866025,-0.5,0.866025,spring_afternoon
445582_clip004_s000,resources/site_257_bowra-dry-a/downloaded_clips/site_257_item_445582/site_257_item_445582_clip_004.webm,afternoon,spring,-0.5,-0.866025,-1.0,-0.0,spring_afternoon
445582_clip010_s000,resources/site_257_bowra-dry-a/downloaded_clips/site_257_item_445582/site_257_item_445582_clip_010.webm,afternoon,spring,-0.5,-0.866025,-1.0,-0.0,spring_afternoon
445582_clip018_s000,resources/site_257_bowra-dry-a/downloaded_clips/site_257_item_445582/site_257_item_445582_clip_018.webm,afternoon,spring,-0.5,-0.866025,-1.0,-0.0,spring_afternoon
445582_clip020_s000,resources/site_257_bowra-dry-a/downloaded_clips/site_257_item_445582/site_257_item_445582_clip_020.webm,afternoon,spring,-0.5,-0.866025,-1.0,-0.0,spring_afternoon
445582_clip022_s000,resources/site_257_bowra-dry-a/downloaded_clips/site_257_item_445582/site_257_item_445582_clip_022.webm,afternoon,spring,-0.5,-0.866025,-1.0,-0.0,spring_afternoon
4889_clip014_s000,resources/site_257_bowra-dry-a/downloaded_clips/site_257_item_4889/site_257_item_4889_clip_014.webm,afternoon,spring,-0.5,-0.866025,-0.866025,0.5,spring_afternoon
4889_clip019_s000,resources/site_257_bowra-dry-a/downloaded_clips/site_257_item_4889/site_257_item_4889_clip_019.webm,afternoon,spring,-0.5,-0.866025,-0.866025,0.5,spring_afternoon
5384_clip002_s000,resources/site_257_bowra-dry-a/downloaded_clips/site_257_item_5384/site_257_item_5384_clip_002.webm,afternoon,spring,-0.5,-0.866025,-1.0,-0.0,spring_afternoon
5384_clip017_s000,resources/site_257_bowra-dry-a/downloaded_clips/site_257_item_5384/site_257_item_5384_clip_017.webm,afternoon,spring,-0.5,-0.866025,-1.0,-0.0,spring_afternoon
5413_clip009_s000,resources/site_257_bowra-dry-a/downloaded_clips/site_257_item_5413/site_257_item_5413_clip_009.webm,afternoon,spring,-0.5,-0.866025,-1.0,-0.0,spring_afternoon
5413_clip014_s000,resources/site_257_bowra-dry-a/downloaded_clips/site_257_item_5413/site_257_item_5413_clip_014.webm,afternoon,spring,-0.5,-0.866025,-1.0,-0.0,spring_afternoon
1400482_clip001_s000,resources/site_257_bowra-dry-a/downloaded_clips/site_257_item_1400482/site_257_item_1400482_clip_001.webm,dawn,summer,0.965926,0.258819,-0.0,1.0,summer_dawn
1400482_clip001_s001,resources/site_257_bowra-dry-a/downloaded_clips/site_257_item_1400482/site_257_item_1400482_clip_001.webm,dawn,summer,0.965926,0.258819,-0.0,1.0,summer_dawn
1400482_clip001_s002,resources/site_257_bowra-dry-a/downloaded_clips/site_257_item_1400482/site_257_item_1400482_clip_001.webm,dawn,summer,0.965926,0.258819,-0.0,1.0,summer_dawn
1400482_clip002_s000,resources/site_257_bowra-dry-a/downloaded_clips/site_257_item_1400482/site_257_item_1400482_clip_002.webm,dawn,summer,0.965926,0.258819,-0.0,1.0,summer_dawn
1400482_clip002_s001,resources/site_257_bowra-dry-a/downloaded_clips/site_257_item_1400482/site_257_item_1400482_clip_002.webm,dawn,summer,0.965926,0.258819,-0.0,1.0,summer_dawn
1401692_clip001_s000,resources/site_257_bowra-dry-a/downloaded_clips/site_257_item_1401692/site_257_item_1401692_clip_001.webm,dawn,summer,0.965926,0.258819,0.866025,0.5,summer_dawn
1401692_clip003_s000,resources/site_257_bowra-dry-a/downloaded_clips/site_257_item_1401692/site_257_item_1401692_clip_003.webm,dawn,summer,0.965926,0.258819,0.866025,0.5,summer_dawn
1402116_clip001_s000,resources/site_257_bowra-dry-a/downloaded_clips/site_257_item_1402116/site_257_item_1402116_clip_001.webm,dawn,summer,0.866025,0.5,0.866025,0.5,summer_dawn
1402116_clip002_s000,resources/site_257_bowra-dry-a/downloaded_clips/site_257_item_1402116/site_257_item_1402116_clip_002.webm,dawn,summer,0.866025,0.5,0.866025,0.5,summer_dawn
1402116_clip015_s000,resources/site_257_bowra-dry-a/downloaded_clips/site_257_item_1402116/site_257_item_1402116_clip_015.webm,dawn,summer,0.866025,0.5,0.866025,0.5,summer_dawn
1402116_clip016_s000,resources/site_257_bowra-dry-a/downloaded_clips/site_257_item_1402116/site_257_item_1402116_clip_016.webm,dawn,summer,0.866025,0.5,0.866025,0.5,summer_dawn
1402116_clip016_s001,resources/site_257_bowra-dry-a/downloaded_clips/site_257_item_1402116/site_257_item_1402116_clip_016.webm,dawn,summer,0.866025,0.5,0.866025,0.5,summer_dawn
1402284_clip019_s000,resources/site_257_bowra-dry-a/downloaded_clips/site_257_item_1402284/site_257_item_1402284_clip_019.webm,dawn,summer,1.0,0.0,-0.0,1.0,summer_dawn
1669291_clip009_s000,resources/site_257_bowra-dry-a/downloaded_clips/site_257_item_1669291/site_257_item_1669291_clip_009.webm,dawn,summer,1.0,0.0,-0.0,1.0,summer_dawn
1676441_clip002_s000,resources/site_257_bowra-dry-a/downloaded_clips/site_257_item_1676441/site_257_item_1676441_clip_002.webm,dawn,summer,1.0,0.0,0.866025,0.5,summer_dawn
1676441_clip004_s000,resources/site_257_bowra-dry-a/downloaded_clips/site_257_item_1676441/site_257_item_1676441_clip_004.webm,dawn,summer,1.0,0.0,0.866025,0.5,summer_dawn
1676441_clip004_s001,resources/site_257_bowra-dry-a/downloaded_clips/site_257_item_1676441/site_257_item_1676441_clip_004.webm,dawn,summer,1.0,0.0,0.866025,0.5,summer_dawn
1676441_clip006_s000,resources/site_257_bowra-dry-a/downloaded_clips/site_257_item_1676441/site_257_item_1676441_clip_006.webm,dawn,summer,1.0,0.0,0.866025,0.5,summer_dawn
1676441_clip018_s000,resources/site_257_bowra-dry-a/downloaded_clips/site_257_item_1676441/site_257_item_1676441_clip_018.webm,dawn,summer,1.0,0.0,0.866025,0.5,summer_dawn
1677668_clip002_s000,resources/site_257_bowra-dry-a/downloaded_clips/site_257_item_1677668/site_257_item_1677668_clip_002.webm,dawn,summer,1.0,0.0,0.5,0.866025,summer_dawn
1677668_clip003_s000,resources/site_257_bowra-dry-a/downloaded_clips/site_257_item_1677668/site_257_item_1677668_clip_003.webm,dawn,summer,1.0,0.0,0.5,0.866025,summer_dawn
1677668_clip003_s001,resources/site_257_bowra-dry-a/downloaded_clips/site_257_item_1677668/site_257_item_1677668_clip_003.webm,dawn,summer,1.0,0.0,0.5,0.866025,summer_dawn
1677668_clip004_s000,resources/site_257_bowra-dry-a/downloaded_clips/site_257_item_1677668/site_257_item_1677668_clip_004.webm,dawn,summer,1.0,0.0,0.5,0.866025,summer_dawn
1677668_clip004_s001,resources/site_257_bowra-dry-a/downloaded_clips/site_257_item_1677668/site_257_item_1677668_clip_004.webm,dawn,summer,1.0,0.0,0.5,0.866025,summer_dawn
1677668_clip004_s002,resources/site_257_bowra-dry-a/downloaded_clips/site_257_item_1677668/site_257_item_1677668_clip_004.webm,dawn,summer,1.0,0.0,0.5,0.866025,summer_dawn
1677668_clip006_s000,resources/site_257_bowra-dry-a/downloaded_clips/site_257_item_1677668/site_257_item_1677668_clip_006.webm,dawn,summer,1.0,0.0,0.5,0.866025,summer_dawn
1677668_clip007_s000,resources/site_257_bowra-dry-a/downloaded_clips/site_257_item_1677668/site_257_item_1677668_clip_007.webm,dawn,summer,1.0,0.0,0.5,0.866025,summer_dawn
1677668_clip009_s000,resources/site_257_bowra-dry-a/downloaded_clips/site_257_item_1677668/site_257_item_1677668_clip_009.webm,dawn,summer,1.0,0.0,0.5,0.866025,summer_dawn
1677668_clip012_s000,resources/site_257_bowra-dry-a/downloaded_clips/site_257_item_1677668/site_257_item_1677668_clip_012.webm,dawn,summer,1.0,0.0,0.5,0.866025,summer_dawn
1677668_clip017_s000,resources/site_257_bowra-dry-a/downloaded_clips/site_257_item_1677668/site_257_item_1677668_clip_017.webm,dawn,summer,1.0,0.0,0.5,0.866025,summer_dawn
1677668_clip017_s001,resources/site_257_bowra-dry-a/downloaded_clips/site_257_item_1677668/site_257_item_1677668_clip_017.webm,dawn,summer,1.0,0.0,0.5,0.866025,summer_dawn
1677668_clip019_s000,resources/site_257_bowra-dry-a/downloaded_clips/site_257_item_1677668/site_257_item_1677668_clip_019.webm,dawn,summer,1.0,0.0,0.5,0.866025,summer_dawn
1679394_clip023_s000,resources/site_257_bowra-dry-a/downloaded_clips/site_257_item_1679394/site_257_item_1679394_clip_023.webm,dawn,summer,1.0,0.0,0.866025,0.5,summer_dawn
1680188_clip001_s000,resources/site_257_bowra-dry-a/downloaded_clips/site_257_item_1680188/site_257_item_1680188_clip_001.webm,dawn,summer,1.0,0.0,0.5,0.866025,summer_dawn
1680188_clip001_s001,resources/site_257_bowra-dry-a/downloaded_clips/site_257_item_1680188/site_257_item_1680188_clip_001.webm,dawn,summer,1.0,0.0,0.5,0.866025,summer_dawn
1680188_clip001_s002,resources/site_257_bowra-dry-a/downloaded_clips/site_257_item_1680188/site_257_item_1680188_clip_001.webm,dawn,summer,1.0,0.0,0.5,0.866025,summer_dawn
1680188_clip002_s000,resources/site_257_bowra-dry-a/downloaded_clips/site_257_item_1680188/site_257_item_1680188_clip_002.webm,dawn,summer,1.0,0.0,0.5,0.866025,summer_dawn
1680188_clip002_s001,resources/site_257_bowra-dry-a/downloaded_clips/site_257_item_1680188/site_257_item_1680188_clip_002.webm,dawn,summer,1.0,0.0,0.5,0.866025,summer_dawn
1680188_clip002_s002,resources/site_257_bowra-dry-a/downloaded_clips/site_257_item_1680188/site_257_item_1680188_clip_002.webm,dawn,summer,1.0,0.0,0.5,0.866025,summer_dawn
1680188_clip006_s000,resources/site_257_bowra-dry-a/downloaded_clips/site_257_item_1680188/site_257_item_1680188_clip_006.webm,dawn,summer,1.0,0.0,0.5,0.866025,summer_dawn
1680188_clip006_s001,resources/site_257_bowra-dry-a/downloaded_clips/site_257_item_1680188/site_257_item_1680188_clip_006.webm,dawn,summer,1.0,0.0,0.5,0.866025,summer_dawn
1680188_clip006_s002,resources/site_257_bowra-dry-a/downloaded_clips/site_257_item_1680188/site_257_item_1680188_clip_006.webm,dawn,summer,1.0,0.0,0.5,0.866025,summer_dawn
1680188_clip010_s000,resources/site_257_bowra-dry-a/downloaded_clips/site_257_item_1680188/site_257_item_1680188_clip_010.webm,dawn,summer,1.0,0.0,0.5,0.866025,summer_dawn
1680188_clip011_s000,resources/site_257_bowra-dry-a/downloaded_clips/site_257_item_1680188/site_257_item_1680188_clip_011.webm,dawn,summer,1.0,0.0,0.5,0.866025,summer_dawn
1680188_clip013_s000,resources/site_257_bowra-dry-a/downloaded_clips/site_257_item_1680188/site_257_item_1680188_clip_013.webm,dawn,summer,1.0,0.0,0.5,0.866025,summer_dawn
1680188_clip013_s001,resources/site_257_bowra-dry-a/downloaded_clips/site_257_item_1680188/site_257_item_1680188_clip_013.webm,dawn,summer,1.0,0.0,0.5,0.866025,summer_dawn
1680188_clip015_s000,resources/site_257_bowra-dry-a/downloaded_clips/site_257_item_1680188/site_257_item_1680188_clip_015.webm,dawn,summer,1.0,0.0,0.5,0.866025,summer_dawn
1680188_clip015_s001,resources/site_257_bowra-dry-a/downloaded_clips/site_257_item_1680188/site_257_item_1680188_clip_015.webm,dawn,summer,1.0,0.0,0.5,0.866025,summer_dawn
1680188_clip017_s000,resources/site_257_bowra-dry-a/downloaded_clips/site_257_item_1680188/site_257_item_1680188_clip_017.webm,dawn,summer,1.0,0.0,0.5,0.866025,summer_dawn
1680188_clip017_s001,resources/site_257_bowra-dry-a/downloaded_clips/site_257_item_1680188/site_257_item_1680188_clip_017.webm,dawn,summer,1.0,0.0,0.5,0.866025,summer_dawn
1680188_clip018_s000,resources/site_257_bowra-dry-a/downloaded_clips/site_257_item_1680188/site_257_item_1680188_clip_018.webm,dawn,summer,1.0,0.0,0.5,0.866025,summer_dawn
1680188_clip018_s001,resources/site_257_bowra-dry-a/downloaded_clips/site_257_item_1680188/site_257_item_1680188_clip_018.webm,dawn,summer,1.0,0.0,0.5,0.866025,summer_dawn
1680188_clip018_s002,resources/site_257_bowra-dry-a/downloaded_clips/site_257_item_1680188/site_257_item_1680188_clip_018.webm,dawn,summer,1.0,0.0,0.5,0.866025,summer_dawn
1680188_clip018_s003,resources/site_257_bowra-dry-a/downloaded_clips/site_257_item_1680188/site_257_item_1680188_clip_018.webm,dawn,summer,1.0,0.0,0.5,0.866025,summer_dawn
1680188_clip018_s004,resources/site_257_bowra-dry-a/downloaded_clips/site_257_item_1680188/site_257_item_1680188_clip_018.webm,dawn,summer,1.0,0.0,0.5,0.866025,summer_dawn
1680188_clip019_s000,resources/site_257_bowra-dry-a/downloaded_clips/site_257_item_1680188/site_257_item_1680188_clip_019.webm,dawn,summer,1.0,0.0,0.5,0.866025,summer_dawn
1680188_clip019_s001,resources/site_257_bowra-dry-a/downloaded_clips/site_257_item_1680188/site_257_item_1680188_clip_019.webm,dawn,summer,1.0,0.0,0.5,0.866025,summer_dawn
1680188_clip024_s000,resources/site_257_bowra-dry-a/downloaded_clips/site_257_item_1680188/site_257_item_1680188_clip_024.webm,dawn,summer,1.0,0.0,0.5,0.866025,summer_dawn
215111_clip003_s000,resources/site_257_bowra-dry-a/downloaded_clips/site_257_item_215111/site_257_item_215111_clip_003.webm,dawn,summer,1.0,0.0,-0.0,1.0,summer_dawn
215467_clip001_s000,resources/site_257_bowra-dry-a/downloaded_clips/site_257_item_215467/site_257_item_215467_clip_001.webm,dawn,summer,1.0,0.0,0.5,0.866025,summer_dawn
215467_clip001_s001,resources/site_257_bowra-dry-a/downloaded_clips/site_257_item_215467/site_257_item_215467_clip_001.webm,dawn,summer,1.0,0.0,0.5,0.866025,summer_dawn
215467_clip007_s000,resources/site_257_bowra-dry-a/downloaded_clips/site_257_item_215467/site_257_item_215467_clip_007.webm,dawn,summer,1.0,0.0,0.5,0.866025,summer_dawn
215467_clip008_s000,resources/site_257_bowra-dry-a/downloaded_clips/site_257_item_215467/site_257_item_215467_clip_008.webm,dawn,summer,1.0,0.0,0.5,0.866025,summer_dawn
215467_clip010_s000,resources/site_257_bowra-dry-a/downloaded_clips/site_257_item_215467/site_257_item_215467_clip_010.webm,dawn,summer,1.0,0.0,0.5,0.866025,summer_dawn
215467_clip011_s000,resources/site_257_bowra-dry-a/downloaded_clips/site_257_item_215467/site_257_item_215467_clip_011.webm,dawn,summer,1.0,0.0,0.5,0.866025,summer_dawn
215467_clip011_s001,resources/site_257_bowra-dry-a/downloaded_clips/site_257_item_215467/site_257_item_215467_clip_011.webm,dawn,summer,1.0,0.0,0.5,0.866025,summer_dawn
215467_clip012_s000,resources/site_257_bowra-dry-a/downloaded_clips/site_257_item_215467/site_257_item_215467_clip_012.webm,dawn,summer,1.0,0.0,0.5,0.866025,summer_dawn
215467_clip012_s001,resources/site_257_bowra-dry-a/downloaded_clips/site_257_item_215467/site_257_item_215467_clip_012.webm,dawn,summer,1.0,0.0,0.5,0.866025,summer_dawn
215467_clip014_s000,resources/site_257_bowra-dry-a/downloaded_clips/site_257_item_215467/site_257_item_215467_clip_014.webm,dawn,summer,1.0,0.0,0.5,0.866025,summer_dawn
215467_clip015_s000,resources/site_257_bowra-dry-a/downloaded_clips/site_257_item_215467/site_257_item_215467_clip_015.webm,dawn,summer,1.0,0.0,0.5,0.866025,summer_dawn
215467_clip018_s000,resources/site_257_bowra-dry-a/downloaded_clips/site_257_item_215467/site_257_item_215467_clip_018.webm,dawn,summer,1.0,0.0,0.5,0.866025,summer_dawn
215467_clip020_s000,resources/site_257_bowra-dry-a/downloaded_clips/site_257_item_215467/site_257_item_215467_clip_020.webm,dawn,summer,1.0,0.0,0.5,0.866025,summer_dawn
215467_clip020_s001,resources/site_257_bowra-dry-a/downloaded_clips/site_257_item_215467/site_257_item_215467_clip_020.webm,dawn,summer,1.0,0.0,0.5,0.866025,summer_dawn
215467_clip021_s000,resources/site_257_bowra-dry-a/downloaded_clips/site_257_item_215467/site_257_item_215467_clip_021.webm,dawn,summer,1.0,0.0,0.5,0.866025,summer_dawn
215467_clip021_s001,resources/site_257_bowra-dry-a/downloaded_clips/site_257_item_215467/site_257_item_215467_clip_021.webm,dawn,summer,1.0,0.0,0.5,0.866025,summer_dawn
215467_clip021_s002,resources/site_257_bowra-dry-a/downloaded_clips/site_257_item_215467/site_257_item_215467_clip_021.webm,dawn,summer,1.0,0.0,0.5,0.866025,summer_dawn
215467_clip021_s003,resources/site_257_bowra-dry-a/downloaded_clips/site_257_item_215467/site_257_item_215467_clip_021.webm,dawn,summer,1.0,0.0,0.5,0.866025,summer_dawn
215467_clip021_s004,resources/site_257_bowra-dry-a/downloaded_clips/site_257_item_215467/site_257_item_215467_clip_021.webm,dawn,summer,1.0,0.0,0.5,0.866025,summer_dawn
215467_clip022_s000,resources/site_257_bowra-dry-a/downloaded_clips/site_257_item_215467/site_257_item_215467_clip_022.webm,dawn,summer,1.0,0.0,0.5,0.866025,summer_dawn
215467_clip024_s000,resources/site_257_bowra-dry-a/downloaded_clips/site_257_item_215467/site_257_item_215467_clip_024.webm,dawn,summer,1.0,0.0,0.5,0.866025,summer_dawn
215467_clip024_s001,resources/site_257_bowra-dry-a/downloaded_clips/site_257_item_215467/site_257_item_215467_clip_024.webm,dawn,summer,1.0,0.0,0.5,0.866025,summer_dawn
215730_clip003_s000,resources/site_257_bowra-dry-a/downloaded_clips/site_257_item_215730/site_257_item_215730_clip_003.webm,dawn,summer,1.0,0.0,0.866025,0.5,summer_dawn
215730_clip011_s000,resources/site_257_bowra-dry-a/downloaded_clips/site_257_item_215730/site_257_item_215730_clip_011.webm,dawn,summer,1.0,0.0,0.866025,0.5,summer_dawn
215730_clip020_s000,resources/site_257_bowra-dry-a/downloaded_clips/site_257_item_215730/site_257_item_215730_clip_020.webm,dawn,summer,1.0,0.0,0.866025,0.5,summer_dawn
215730_clip021_s000,resources/site_257_bowra-dry-a/downloaded_clips/site_257_item_215730/site_257_item_215730_clip_021.webm,dawn,summer,1.0,0.0,0.866025,0.5,summer_dawn
215903_clip005_s000,resources/site_257_bowra-dry-a/downloaded_clips/site_257_item_215903/site_257_item_215903_clip_005.webm,dawn,summer,1.0,0.0,0.866025,0.5,summer_dawn
1401228_clip001_s000,resources/site_257_bowra-dry-a/downloaded_clips/site_257_item_1401228/site_257_item_1401228_clip_001.webm,afternoon,summer,-0.258819,-0.965926,0.866025,0.5,summer_afternoon
1401633_clip010_s000,resources/site_257_bowra-dry-a/downloaded_clips/site_257_item_1401633/site_257_item_1401633_clip_010.webm,afternoon,summer,0.0,-1.0,-0.0,1.0,summer_afternoon
1402288_clip001_s000,resources/site_257_bowra-dry-a/downloaded_clips/site_257_item_1402288/site_257_item_1402288_clip_001.webm,afternoon,summer,-0.5,-0.866025,-0.0,1.0,summer_afternoon
1402288_clip008_s000,resources/site_257_bowra-dry-a/downloaded_clips/site_257_item_1402288/site_257_item_1402288_clip_008.webm,afternoon,summer,-0.5,-0.866025,-0.0,1.0,summer_afternoon
1402288_clip013_s000,resources/site_257_bowra-dry-a/downloaded_clips/site_257_item_1402288/site_257_item_1402288_clip_013.webm,afternoon,summer,-0.5,-0.866025,-0.0,1.0,summer_afternoon
1402653_clip005_s000,resources/site_257_bowra-dry-a/downloaded_clips/site_257_item_1402653/site_257_item_1402653_clip_005.webm,afternoon,summer,-0.5,-0.866025,0.5,0.866025,summer_afternoon
1402653_clip008_s000,resources/site_257_bowra-dry-a/downloaded_clips/site_257_item_1402653/site_257_item_1402653_clip_008.webm,afternoon,summer,-0.5,-0.866025,0.5,0.866025,summer_afternoon
1402653_clip011_s000,resources/site_257_bowra-dry-a/downloaded_clips/site_257_item_1402653/site_257_item_1402653_clip_011.webm,afternoon,summer,-0.5,-0.866025,0.5,0.866025,summer_afternoon
1402653_clip012_s000,resources/site_257_bowra-dry-a/downloaded_clips/site_257_item_1402653/site_257_item_1402653_clip_012.webm,afternoon,summer,-0.5,-0.866025,0.5,0.866025,summer_afternoon
1670984_clip004_s000,resources/site_257_bowra-dry-a/downloaded_clips/site_257_item_1670984/site_257_item_1670984_clip_004.webm,afternoon,summer,-0.258819,-0.965926,0.866025,0.5,summer_afternoon
1670984_clip004_s001,resources/site_257_bowra-dry-a/downloaded_clips/site_257_item_1670984/site_257_item_1670984_clip_004.webm,afternoon,summer,-0.258819,-0.965926,0.866025,0.5,summer_afternoon
1670984_clip005_s000,resources/site_257_bowra-dry-a/downloaded_clips/site_257_item_1670984/site_257_item_1670984_clip_005.webm,afternoon,summer,-0.258819,-0.965926,0.866025,0.5,summer_afternoon
1676444_clip004_s000,resources/site_257_bowra-dry-a/downloaded_clips/site_257_item_1676444/site_257_item_1676444_clip_004.webm,afternoon,summer,-0.5,-0.866025,0.866025,0.5,summer_afternoon
1676444_clip013_s000,resources/site_257_bowra-dry-a/downloaded_clips/site_257_item_1676444/site_257_item_1676444_clip_013.webm,afternoon,summer,-0.5,-0.866025,0.866025,0.5,summer_afternoon
1679219_clip004_s000,resources/site_257_bowra-dry-a/downloaded_clips/site_257_item_1679219/site_257_item_1679219_clip_004.webm,afternoon,summer,-0.5,-0.866025,0.5,0.866025,summer_afternoon
1679219_clip007_s000,resources/site_257_bowra-dry-a/downloaded_clips/site_257_item_1679219/site_257_item_1679219_clip_007.webm,afternoon,summer,-0.5,-0.866025,0.5,0.866025,summer_afternoon
1679219_clip008_s000,resources/site_257_bowra-dry-a/downloaded_clips/site_257_item_1679219/site_257_item_1679219_clip_008.webm,afternoon,summer,-0.5,-0.866025,0.5,0.866025,summer_afternoon
1679219_clip020_s000,resources/site_257_bowra-dry-a/downloaded_clips/site_257_item_1679219/site_257_item_1679219_clip_020.webm,afternoon,summer,-0.5,-0.866025,0.5,0.866025,summer_afternoon
1679219_clip021_s000,resources/site_257_bowra-dry-a/downloaded_clips/site_257_item_1679219/site_257_item_1679219_clip_021.webm,afternoon,summer,-0.5,-0.866025,0.5,0.866025,summer_afternoon
1679348_clip024_s000,resources/site_257_bowra-dry-a/downloaded_clips/site_257_item_1679348/site_257_item_1679348_clip_024.webm,afternoon,summer,-0.5,-0.866025,-0.0,1.0,summer_afternoon
1680197_clip005_s000,resources/site_257_bowra-dry-a/downloaded_clips/site_257_item_1680197/site_257_item_1680197_clip_005.webm,afternoon,summer,0.0,-1.0,0.5,0.866025,summer_afternoon
1680197_clip009_s000,resources/site_257_bowra-dry-a/downloaded_clips/site_257_item_1680197/site_257_item_1680197_clip_009.webm,afternoon,summer,0.0,-1.0,0.5,0.866025,summer_afternoon
1680197_clip009_s001,resources/site_257_bowra-dry-a/downloaded_clips/site_257_item_1680197/site_257_item_1680197_clip_009.webm,afternoon,summer,0.0,-1.0,0.5,0.866025,summer_afternoon
1680197_clip010_s000,resources/site_257_bowra-dry-a/downloaded_clips/site_257_item_1680197/site_257_item_1680197_clip_010.webm,afternoon,summer,0.0,-1.0,0.5,0.866025,summer_afternoon
1680197_clip014_s000,resources/site_257_bowra-dry-a/downloaded_clips/site_257_item_1680197/site_257_item_1680197_clip_014.webm,afternoon,summer,0.0,-1.0,0.5,0.866025,summer_afternoon
1680197_clip021_s000,resources/site_257_bowra-dry-a/downloaded_clips/site_257_item_1680197/site_257_item_1680197_clip_021.webm,afternoon,summer,0.0,-1.0,0.5,0.866025,summer_afternoon
1680197_clip021_s001,resources/site_257_bowra-dry-a/downloaded_clips/site_257_item_1680197/site_257_item_1680197_clip_021.webm,afternoon,summer,0.0,-1.0,0.5,0.866025,summer_afternoon
1682297_clip018_s000,resources/site_257_bowra-dry-a/downloaded_clips/site_257_item_1682297/site_257_item_1682297_clip_018.webm,afternoon,summer,0.0,-1.0,-0.0,1.0,summer_afternoon
215109_clip017_s000,resources/site_257_bowra-dry-a/downloaded_clips/site_257_item_215109/site_257_item_215109_clip_017.webm,afternoon,summer,-0.5,-0.866025,-0.0,1.0,summer_afternoon
215191_clip014_s000,resources/site_257_bowra-dry-a/downloaded_clips/site_257_item_215191/site_257_item_215191_clip_014.webm,afternoon,summer,-0.5,-0.866025,-0.0,1.0,summer_afternoon
215191_clip015_s000,resources/site_257_bowra-dry-a/downloaded_clips/site_257_item_215191/site_257_item_215191_clip_015.webm,afternoon,summer,-0.5,-0.866025,-0.0,1.0,summer_afternoon
215191_clip018_s000,resources/site_257_bowra-dry-a/downloaded_clips/site_257_item_215191/site_257_item_215191_clip_018.webm,afternoon,summer,-0.5,-0.866025,-0.0,1.0,summer_afternoon
215191_clip019_s000,resources/site_257_bowra-dry-a/downloaded_clips/site_257_item_215191/site_257_item_215191_clip_019.webm,afternoon,summer,-0.5,-0.866025,-0.0,1.0,summer_afternoon
215469_clip003_s000,resources/site_257_bowra-dry-a/downloaded_clips/site_257_item_215469/site_257_item_215469_clip_003.webm,afternoon,summer,-0.5,-0.866025,0.5,0.866025,summer_afternoon
215469_clip005_s000,resources/site_257_bowra-dry-a/downloaded_clips/site_257_item_215469/site_257_item_215469_clip_005.webm,afternoon,summer,-0.5,-0.866025,0.5,0.866025,summer_afternoon
215469_clip008_s000,resources/site_257_bowra-dry-a/downloaded_clips/site_257_item_215469/site_257_item_215469_clip_008.webm,afternoon,summer,-0.5,-0.866025,0.5,0.866025,summer_afternoon
215469_clip013_s000,resources/site_257_bowra-dry-a/downloaded_clips/site_257_item_215469/site_257_item_215469_clip_013.webm,afternoon,summer,-0.5,-0.866025,0.5,0.866025,summer_afternoon
215469_clip016_s000,resources/site_257_bowra-dry-a/downloaded_clips/site_257_item_215469/site_257_item_215469_clip_016.webm,afternoon,summer,-0.5,-0.866025,0.5,0.866025,summer_afternoon
215469_clip018_s000,resources/site_257_bowra-dry-a/downloaded_clips/site_257_item_215469/site_257_item_215469_clip_018.webm,afternoon,summer,-0.5,-0.866025,0.5,0.866025,summer_afternoon
215469_clip021_s000,resources/site_257_bowra-dry-a/downloaded_clips/site_257_item_215469/site_257_item_215469_clip_021.webm,afternoon,summer,-0.5,-0.866025,0.5,0.866025,summer_afternoon
215688_clip004_s000,resources/site_257_bowra-dry-a/downloaded_clips/site_257_item_215688/site_257_item_215688_clip_004.webm,afternoon,summer,-0.5,-0.866025,0.5,0.866025,summer_afternoon
215688_clip006_s000,resources/site_257_bowra-dry-a/downloaded_clips/site_257_item_215688/site_257_item_215688_clip_006.webm,afternoon,summer,-0.5,-0.866025,0.5,0.866025,summer_afternoon
215688_clip006_s001,resources/site_257_bowra-dry-a/downloaded_clips/site_257_item_215688/site_257_item_215688_clip_006.webm,afternoon,summer,-0.5,-0.866025,0.5,0.866025,summer_afternoon
215688_clip007_s000,resources/site_257_bowra-dry-a/downloaded_clips/site_257_item_215688/site_257_item_215688_clip_007.webm,afternoon,summer,-0.5,-0.866025,0.5,0.866025,summer_afternoon
215688_clip007_s001,resources/site_257_bowra-dry-a/downloaded_clips/site_257_item_215688/site_257_item_215688_clip_007.webm,afternoon,summer,-0.5,-0.866025,0.5,0.866025,summer_afternoon
215688_clip018_s000,resources/site_257_bowra-dry-a/downloaded_clips/site_257_item_215688/site_257_item_215688_clip_018.webm,afternoon,summer,-0.5,-0.866025,0.5,0.866025,summer_afternoon
215729_clip001_s000,resources/site_257_bowra-dry-a/downloaded_clips/site_257_item_215729/site_257_item_215729_clip_001.webm,afternoon,summer,-0.5,-0.866025,0.866025,0.5,summer_afternoon
215729_clip001_s001,resources/site_257_bowra-dry-a/downloaded_clips/site_257_item_215729/site_257_item_215729_clip_001.webm,afternoon,summer,-0.5,-0.866025,0.866025,0.5,summer_afternoon
215729_clip003_s000,resources/site_257_bowra-dry-a/downloaded_clips/site_257_item_215729/site_257_item_215729_clip_003.webm,afternoon,summer,-0.5,-0.866025,0.866025,0.5,summer_afternoon
215729_clip012_s000,resources/site_257_bowra-dry-a/downloaded_clips/site_257_item_215729/site_257_item_215729_clip_012.webm,afternoon,summer,-0.5,-0.866025,0.866025,0.5,summer_afternoon
215729_clip012_s001,resources/site_257_bowra-dry-a/downloaded_clips/site_257_item_215729/site_257_item_215729_clip_012.webm,afternoon,summer,-0.5,-0.866025,0.866025,0.5,summer_afternoon
215729_clip015_s000,resources/site_257_bowra-dry-a/downloaded_clips/site_257_item_215729/site_257_item_215729_clip_015.webm,afternoon,summer,-0.5,-0.866025,0.866025,0.5,summer_afternoon
215729_clip017_s000,resources/site_257_bowra-dry-a/downloaded_clips/site_257_item_215729/site_257_item_215729_clip_017.webm,afternoon,summer,-0.5,-0.866025,0.866025,0.5,summer_afternoon
215729_clip021_s000,resources/site_257_bowra-dry-a/downloaded_clips/site_257_item_215729/site_257_item_215729_clip_021.webm,afternoon,summer,-0.5,-0.866025,0.866025,0.5,summer_afternoon
215905_clip008_s000,resources/site_257_bowra-dry-a/downloaded_clips/site_257_item_215905/site_257_item_215905_clip_008.webm,afternoon,summer,-0.5,-0.866025,0.866025,0.5,summer_afternoon
215905_clip015_s000,resources/site_257_bowra-dry-a/downloaded_clips/site_257_item_215905/site_257_item_215905_clip_015.webm,afternoon,summer,-0.5,-0.866025,0.866025,0.5,summer_afternoon
215905_clip016_s000,resources/site_257_bowra-dry-a/downloaded_clips/site_257_item_215905/site_257_item_215905_clip_016.webm,afternoon,summer,-0.5,-0.866025,0.866025,0.5,summer_afternoon
215905_clip016_s001,resources/site_257_bowra-dry-a/downloaded_clips/site_257_item_215905/site_257_item_215905_clip_016.webm,afternoon,summer,-0.5,-0.866025,0.866025,0.5,summer_afternoon
215905_clip016_s002,resources/site_257_bowra-dry-a/downloaded_clips/site_257_item_215905/site_257_item_215905_clip_016.webm,afternoon,summer,-0.5,-0.866025,0.866025,0.5,summer_afternoon
1401402_clip006_s000,resources/site_257_bowra-dry-a/downloaded_clips/site_257_item_1401402/site_257_item_1401402_clip_006.webm,morning,summer,0.707107,-0.707107,0.5,0.866025,summer_morning
1401402_clip009_s000,resources/site_257_bowra-dry-a/downloaded_clips/site_257_item_1401402/site_257_item_1401402_clip_009.webm,morning,summer,0.707107,-0.707107,0.5,0.866025,summer_morning
1401632_clip014_s000,resources/site_257_bowra-dry-a/downloaded_clips/site_257_item_1401632/site_257_item_1401632_clip_014.webm,morning,summer,0.866025,-0.5,-0.0,1.0,summer_morning
1401632_clip014_s001,resources/site_257_bowra-dry-a/downloaded_clips/site_257_item_1401632/site_257_item_1401632_clip_014.webm,morning,summer,0.866025,-0.5,-0.0,1.0,summer_morning
1402117_clip012_s000,resources/site_257_bowra-dry-a/downloaded_clips/site_257_item_1402117/site_257_item_1402117_clip_012.webm,morning,summer,0.866025,-0.5,0.866025,0.5,summer_morning
1402117_clip012_s001,resources/site_257_bowra-dry-a/downloaded_clips/site_257_item_1402117/site_257_item_1402117_clip_012.webm,morning,summer,0.866025,-0.5,0.866025,0.5,summer_morning
1402285_clip012_s000,resources/site_257_bowra-dry-a/downloaded_clips/site_257_item_1402285/site_257_item_1402285_clip_012.webm,morning,summer,0.866025,-0.5,-0.0,1.0,summer_morning
1402652_clip002_s000,resources/site_257_bowra-dry-a/downloaded_clips/site_257_item_1402652/site_257_item_1402652_clip_002.webm,morning,summer,0.866025,-0.5,0.5,0.866025,summer_morning
1402652_clip003_s000,resources/site_257_bowra-dry-a/downloaded_clips/site_257_item_1402652/site_257_item_1402652_clip_003.webm,morning,summer,0.866025,-0.5,0.5,0.866025,summer_morning
1669477_clip004_s000,resources/site_257_bowra-dry-a/downloaded_clips/site_257_item_1669477/site_257_item_1669477_clip_004.webm,morning,summer,0.866025,-0.5,0.866025,0.5,summer_morning
1669477_clip006_s000,resources/site_257_bowra-dry-a/downloaded_clips/site_257_item_1669477/site_257_item_1669477_clip_006.webm,morning,summer,0.866025,-0.5,0.866025,0.5,summer_morning
1676521_clip003_s000,resources/site_257_bowra-dry-a/downloaded_clips/site_257_item_1676521/site_257_item_1676521_clip_003.webm,morning,summer,0.707107,-0.707107,0.866025,0.5,summer_morning
1676619_clip004_s000,resources/site_257_bowra-dry-a/downloaded_clips/site_257_item_1676619/site_257_item_1676619_clip_004.webm,morning,summer,0.866025,-0.5,0.5,0.866025,summer_morning
1676619_clip008_s000,resources/site_257_bowra-dry-a/downloaded_clips/site_257_item_1676619/site_257_item_1676619_clip_008.webm,morning,summer,0.866025,-0.5,0.5,0.866025,summer_morning
1676619_clip017_s000,resources/site_257_bowra-dry-a/downloaded_clips/site_257_item_1676619/site_257_item_1676619_clip_017.webm,morning,summer,0.866025,-0.5,0.5,0.866025,summer_morning
1678929_clip021_s000,resources/site_257_bowra-dry-a/downloaded_clips/site_257_item_1678929/site_257_item_1678929_clip_021.webm,morning,summer,0.866025,-0.5,-0.0,1.0,summer_morning
1679216_clip002_s000,resources/site_257_bowra-dry-a/downloaded_clips/site_257_item_1679216/site_257_item_1679216_clip_002.webm,morning,summer,0.866025,-0.5,0.5,0.866025,summer_morning
1679216_clip003_s000,resources/site_257_bowra-dry-a/downloaded_clips/site_257_item_1679216/site_257_item_1679216_clip_003.webm,morning,summer,0.866025,-0.5,0.5,0.866025,summer_morning
1679216_clip007_s000,resources/site_257_bowra-dry-a/downloaded_clips/site_257_item_1679216/site_257_item_1679216_clip_007.webm,morning,summer,0.866025,-0.5,0.5,0.866025,summer_morning
1679216_clip011_s000,resources/site_257_bowra-dry-a/downloaded_clips/site_257_item_1679216/site_257_item_1679216_clip_011.webm,morning,summer,0.866025,-0.5,0.5,0.866025,summer_morning
1679216_clip012_s000,resources/site_257_bowra-dry-a/downloaded_clips/site_257_item_1679216/site_257_item_1679216_clip_012.webm,morning,summer,0.866025,-0.5,0.5,0.866025,summer_morning
1679216_clip012_s001,resources/site_257_bowra-dry-a/downloaded_clips/site_257_item_1679216/site_257_item_1679216_clip_012.webm,morning,summer,0.866025,-0.5,0.5,0.866025,summer_morning
1679216_clip012_s002,resources/site_257_bowra-dry-a/downloaded_clips/site_257_item_1679216/site_257_item_1679216_clip_012.webm,morning,summer,0.866025,-0.5,0.5,0.866025,summer_morning
1679216_clip014_s000,resources/site_257_bowra-dry-a/downloaded_clips/site_257_item_1679216/site_257_item_1679216_clip_014.webm,morning,summer,0.866025,-0.5,0.5,0.866025,summer_morning
1679216_clip014_s001,resources/site_257_bowra-dry-a/downloaded_clips/site_257_item_1679216/site_257_item_1679216_clip_014.webm,morning,summer,0.866025,-0.5,0.5,0.866025,summer_morning
1679216_clip014_s002,resources/site_257_bowra-dry-a/downloaded_clips/site_257_item_1679216/site_257_item_1679216_clip_014.webm,morning,summer,0.866025,-0.5,0.5,0.866025,summer_morning
1679216_clip024_s000,resources/site_257_bowra-dry-a/downloaded_clips/site_257_item_1679216/site_257_item_1679216_clip_024.webm,morning,summer,0.866025,-0.5,0.5,0.866025,summer_morning
215103_clip005_s000,resources/site_257_bowra-dry-a/downloaded_clips/site_257_item_215103/site_257_item_215103_clip_005.webm,morning,summer,0.866025,-0.5,-0.0,1.0,summer_morning
215103_clip007_s000,resources/site_257_bowra-dry-a/downloaded_clips/site_257_item_215103/site_257_item_215103_clip_007.webm,morning,summer,0.866025,-0.5,-0.0,1.0,summer_morning
215185_clip002_s000,resources/site_257_bowra-dry-a/downloaded_clips/site_257_item_215185/site_257_item_215185_clip_002.webm,morning,summer,0.866025,-0.5,-0.0,1.0,summer_morning
215185_clip006_s000,resources/site_257_bowra-dry-a/downloaded_clips/site_257_item_215185/site_257_item_215185_clip_006.webm,morning,summer,0.866025,-0.5,-0.0,1.0,summer_morning
215185_clip020_s000,resources/site_257_bowra-dry-a/downloaded_clips/site_257_item_215185/site_257_item_215185_clip_020.webm,morning,summer,0.866025,-0.5,-0.0,1.0,summer_morning
215474_clip003_s000,resources/site_257_bowra-dry-a/downloaded_clips/site_257_item_215474/site_257_item_215474_clip_003.webm,morning,summer,0.866025,-0.5,0.5,0.866025,summer_morning
215474_clip004_s000,resources/site_257_bowra-dry-a/downloaded_clips/site_257_item_215474/site_257_item_215474_clip_004.webm,morning,summer,0.866025,-0.5,0.5,0.866025,summer_morning
215474_clip004_s001,resources/site_257_bowra-dry-a/downloaded_clips/site_257_item_215474/site_257_item_215474_clip_004.webm,morning,summer,0.866025,-0.5,0.5,0.866025,summer_morning
215474_clip004_s002,resources/site_257_bowra-dry-a/downloaded_clips/site_257_item_215474/site_257_item_215474_clip_004.webm,morning,summer,0.866025,-0.5,0.5,0.866025,summer_morning
215474_clip005_s000,resources/site_257_bowra-dry-a/downloaded_clips/site_257_item_215474/site_257_item_215474_clip_005.webm,morning,summer,0.866025,-0.5,0.5,0.866025,summer_morning
215474_clip006_s000,resources/site_257_bowra-dry-a/downloaded_clips/site_257_item_215474/site_257_item_215474_clip_006.webm,morning,summer,0.866025,-0.5,0.5,0.866025,summer_morning
215474_clip007_s000,resources/site_257_bowra-dry-a/downloaded_clips/site_257_item_215474/site_257_item_215474_clip_007.webm,morning,summer,0.866025,-0.5,0.5,0.866025,summer_morning
215474_clip010_s000,resources/site_257_bowra-dry-a/downloaded_clips/site_257_item_215474/site_257_item_215474_clip_010.webm,morning,summer,0.866025,-0.5,0.5,0.866025,summer_morning
215474_clip011_s000,resources/site_257_bowra-dry-a/downloaded_clips/site_257_item_215474/site_257_item_215474_clip_011.webm,morning,summer,0.866025,-0.5,0.5,0.866025,summer_morning
215474_clip013_s000,resources/site_257_bowra-dry-a/downloaded_clips/site_257_item_215474/site_257_item_215474_clip_013.webm,morning,summer,0.866025,-0.5,0.5,0.866025,summer_morning
215474_clip014_s000,resources/site_257_bowra-dry-a/downloaded_clips/site_257_item_215474/site_257_item_215474_clip_014.webm,morning,summer,0.866025,-0.5,0.5,0.866025,summer_morning
215474_clip014_s001,resources/site_257_bowra-dry-a/downloaded_clips/site_257_item_215474/site_257_item_215474_clip_014.webm,morning,summer,0.866025,-0.5,0.5,0.866025,summer_morning
215474_clip016_s000,resources/site_257_bowra-dry-a/downloaded_clips/site_257_item_215474/site_257_item_215474_clip_016.webm,morning,summer,0.866025,-0.5,0.5,0.866025,summer_morning
215474_clip019_s000,resources/site_257_bowra-dry-a/downloaded_clips/site_257_item_215474/site_257_item_215474_clip_019.webm,morning,summer,0.866025,-0.5,0.5,0.866025,summer_morning
215474_clip020_s000,resources/site_257_bowra-dry-a/downloaded_clips/site_257_item_215474/site_257_item_215474_clip_020.webm,morning,summer,0.866025,-0.5,0.5,0.866025,summer_morning
215474_clip020_s001,resources/site_257_bowra-dry-a/downloaded_clips/site_257_item_215474/site_257_item_215474_clip_020.webm,morning,summer,0.866025,-0.5,0.5,0.866025,summer_morning
215474_clip024_s000,resources/site_257_bowra-dry-a/downloaded_clips/site_257_item_215474/site_257_item_215474_clip_024.webm,morning,summer,0.866025,-0.5,0.5,0.866025,summer_morning
215727_clip010_s000,resources/site_257_bowra-dry-a/downloaded_clips/site_257_item_215727/site_257_item_215727_clip_010.webm,morning,summer,0.866025,-0.5,0.866025,0.5,summer_morning
215727_clip019_s000,resources/site_257_bowra-dry-a/downloaded_clips/site_257_item_215727/site_257_item_215727_clip_019.webm,morning,summer,0.866025,-0.5,0.866025,0.5,summer_morning
215727_clip022_s000,resources/site_257_bowra-dry-a/downloaded_clips/site_257_item_215727/site_257_item_215727_clip_022.webm,morning,summer,0.866025,-0.5,0.866025,0.5,summer_morning
215898_clip020_s000,resources/site_257_bowra-dry-a/downloaded_clips/site_257_item_215898/site_257_item_215898_clip_020.webm,morning,summer,0.866025,-0.5,0.866025,0.5,summer_morning
215898_clip021_s000,resources/site_257_bowra-dry-a/downloaded_clips/site_257_item_215898/site_257_item_215898_clip_021.webm,morning,summer,0.866025,-0.5,0.866025,0.5,summer_morning
1401640_clip005_s000,resources/site_257_bowra-dry-a/downloaded_clips/site_257_item_1401640/site_257_item_1401640_clip_005.webm,night,summer,-0.5,0.866025,-0.0,1.0,summer_night
1402123_clip016_s000,resources/site_257_bowra-dry-a/downloaded_clips/site_257_item_1402123/site_257_item_1402123_clip_016.webm,night,summer,-0.5,0.866025,0.866025,0.5,summer_night
1402286_clip005_s000,resources/site_257_bowra-dry-a/downloaded_clips/site_257_item_1402286/site_257_item_1402286_clip_005.webm,night,summer,-0.5,0.866025,-0.0,1.0,summer_night
1402286_clip005_s001,resources/site_257_bowra-dry-a/downloaded_clips/site_257_item_1402286/site_257_item_1402286_clip_005.webm,night,summer,-0.5,0.866025,-0.0,1.0,summer_night
1402286_clip010_s000,resources/site_257_bowra-dry-a/downloaded_clips/site_257_item_1402286/site_257_item_1402286_clip_010.webm,night,summer,-0.5,0.866025,-0.0,1.0,summer_night
1402286_clip013_s000,resources/site_257_bowra-dry-a/downloaded_clips/site_257_item_1402286/site_257_item_1402286_clip_013.webm,night,summer,-0.5,0.866025,-0.0,1.0,summer_night
1402286_clip022_s000,resources/site_257_bowra-dry-a/downloaded_clips/site_257_item_1402286/site_257_item_1402286_clip_022.webm,night,summer,-0.5,0.866025,-0.0,1.0,summer_night
1402286_clip023_s000,resources/site_257_bowra-dry-a/downloaded_clips/site_257_item_1402286/site_257_item_1402286_clip_023.webm,night,summer,-0.5,0.866025,-0.0,1.0,summer_night
1402659_clip006_s000,resources/site_257_bowra-dry-a/downloaded_clips/site_257_item_1402659/site_257_item_1402659_clip_006.webm,night,summer,-0.5,0.866025,0.5,0.866025,summer_night
1402659_clip012_s000,resources/site_257_bowra-dry-a/downloaded_clips/site_257_item_1402659/site_257_item_1402659_clip_012.webm,night,summer,-0.5,0.866025,0.5,0.866025,summer_night
1402659_clip020_s000,resources/site_257_bowra-dry-a/downloaded_clips/site_257_item_1402659/site_257_item_1402659_clip_020.webm,night,summer,-0.5,0.866025,0.5,0.866025,summer_night
1402659_clip020_s001,resources/site_257_bowra-dry-a/downloaded_clips/site_257_item_1402659/site_257_item_1402659_clip_020.webm,night,summer,-0.5,0.866025,0.5,0.866025,summer_night
1676615_clip002_s000,resources/site_257_bowra-dry-a/downloaded_clips/site_257_item_1676615/site_257_item_1676615_clip_002.webm,night,summer,-0.5,0.866025,0.5,0.866025,summer_night
1676615_clip003_s000,resources/site_257_bowra-dry-a/downloaded_clips/site_257_item_1676615/site_257_item_1676615_clip_003.webm,night,summer,-0.5,0.866025,0.5,0.866025,summer_night
1676615_clip004_s000,resources/site_257_bowra-dry-a/downloaded_clips/site_257_item_1676615/site_257_item_1676615_clip_004.webm,night,summer,-0.5,0.866025,0.5,0.866025,summer_night
1676615_clip005_s000,resources/site_257_bowra-dry-a/downloaded_clips/site_257_item_1676615/site_257_item_1676615_clip_005.webm,night,summer,-0.5,0.866025,0.5,0.866025,summer_night
1676615_clip007_s000,resources/site_257_bowra-dry-a/downloaded_clips/site_257_item_1676615/site_257_item_1676615_clip_007.webm,night,summer,-0.5,0.866025,0.5,0.866025,summer_night
1676615_clip008_s000,resources/site_257_bowra-dry-a/downloaded_clips/site_257_item_1676615/site_257_item_1676615_clip_008.webm,night,summer,-0.5,0.866025,0.5,0.866025,summer_night
1676615_clip008_s001,resources/site_257_bowra-dry-a/downloaded_clips/site_257_item_1676615/site_257_item_1676615_clip_008.webm,night,summer,-0.5,0.866025,0.5,0.866025,summer_night
1676615_clip013_s000,resources/site_257_bowra-dry-a/downloaded_clips/site_257_item_1676615/site_257_item_1676615_clip_013.webm,night,summer,-0.5,0.866025,0.5,0.866025,summer_night
1676615_clip015_s000,resources/site_257_bowra-dry-a/downloaded_clips/site_257_item_1676615/site_257_item_1676615_clip_015.webm,night,summer,-0.5,0.866025,0.5,0.866025,summer_night
1676615_clip019_s000,resources/site_257_bowra-dry-a/downloaded_clips/site_257_item_1676615/site_257_item_1676615_clip_019.webm,night,summer,-0.5,0.866025,0.5,0.866025,summer_night
1676615_clip019_s001,resources/site_257_bowra-dry-a/downloaded_clips/site_257_item_1676615/site_257_item_1676615_clip_019.webm,night,summer,-0.5,0.866025,0.5,0.866025,summer_night
1677542_clip001_s000,resources/site_257_bowra-dry-a/downloaded_clips/site_257_item_1677542/site_257_item_1677542_clip_001.webm,night,summer,-0.5,0.866025,-0.0,1.0,summer_night
1677542_clip001_s001,resources/site_257_bowra-dry-a/downloaded_clips/site_257_item_1677542/site_257_item_1677542_clip_001.webm,night,summer,-0.5,0.866025,-0.0,1.0,summer_night
1677542_clip001_s002,resources/site_257_bowra-dry-a/downloaded_clips/site_257_item_1677542/site_257_item_1677542_clip_001.webm,night,summer,-0.5,0.866025,-0.0,1.0,summer_night
1677542_clip001_s003,resources/site_257_bowra-dry-a/downloaded_clips/site_257_item_1677542/site_257_item_1677542_clip_001.webm,night,summer,-0.5,0.866025,-0.0,1.0,summer_night
1677542_clip003_s000,resources/site_257_bowra-dry-a/downloaded_clips/site_257_item_1677542/site_257_item_1677542_clip_003.webm,night,summer,-0.5,0.866025,-0.0,1.0,summer_night
1677542_clip003_s001,resources/site_257_bowra-dry-a/downloaded_clips/site_257_item_1677542/site_257_item_1677542_clip_003.webm,night,summer,-0.5,0.866025,-0.0,1.0,summer_night
1677542_clip003_s002,resources/site_257_bowra-dry-a/downloaded_clips/site_257_item_1677542/site_257_item_1677542_clip_003.webm,night,summer,-0.5,0.866025,-0.0,1.0,summer_night
1677542_clip005_s000,resources/site_257_bowra-dry-a/downloaded_clips/site_257_item_1677542/site_257_item_1677542_clip_005.webm,night,summer,-0.5,0.866025,-0.0,1.0,summer_night
1677542_clip005_s001,resources/site_257_bowra-dry-a/downloaded_clips/site_257_item_1677542/site_257_item_1677542_clip_005.webm,night,summer,-0.5,0.866025,-0.0,1.0,summer_night
1677542_clip005_s002,resources/site_257_bowra-dry-a/downloaded_clips/site_257_item_1677542/site_257_item_1677542_clip_005.webm,night,summer,-0.5,0.866025,-0.0,1.0,summer_night
1677542_clip005_s003,resources/site_257_bowra-dry-a/downloaded_clips/site_257_item_1677542/site_257_item_1677542_clip_005.webm,night,summer,-0.5,0.866025,-0.0,1.0,summer_night
1677542_clip005_s004,resources/site_257_bowra-dry-a/downloaded_clips/site_257_item_1677542/site_257_item_1677542_clip_005.webm,night,summer,-0.5,0.866025,-0.0,1.0,summer_night
1677542_clip005_s005,resources/site_257_bowra-dry-a/downloaded_clips/site_257_item_1677542/site_257_item_1677542_clip_005.webm,night,summer,-0.5,0.866025,-0.0,1.0,summer_night
1677542_clip005_s006,resources/site_257_bowra-dry-a/downloaded_clips/site_257_item_1677542/site_257_item_1677542_clip_005.webm,night,summer,-0.5,0.866025,-0.0,1.0,summer_night
1677542_clip005_s007,resources/site_257_bowra-dry-a/downloaded_clips/site_257_item_1677542/site_257_item_1677542_clip_005.webm,night,summer,-0.5,0.866025,-0.0,1.0,summer_night
1677542_clip005_s008,resources/site_257_bowra-dry-a/downloaded_clips/site_257_item_1677542/site_257_item_1677542_clip_005.webm,night,summer,-0.5,0.866025,-0.0,1.0,summer_night
1677542_clip005_s009,resources/site_257_bowra-dry-a/downloaded_clips/site_257_item_1677542/site_257_item_1677542_clip_005.webm,night,summer,-0.5,0.866025,-0.0,1.0,summer_night
1677542_clip007_s000,resources/site_257_bowra-dry-a/downloaded_clips/site_257_item_1677542/site_257_item_1677542_clip_007.webm,night,summer,-0.5,0.866025,-0.0,1.0,summer_night
1677542_clip007_s001,resources/site_257_bowra-dry-a/downloaded_clips/site_257_item_1677542/site_257_item_1677542_clip_007.webm,night,summer,-0.5,0.866025,-0.0,1.0,summer_night
1677542_clip007_s002,resources/site_257_bowra-dry-a/downloaded_clips/site_257_item_1677542/site_257_item_1677542_clip_007.webm,night,summer,-0.5,0.866025,-0.0,1.0,summer_night
1677542_clip007_s003,resources/site_257_bowra-dry-a/downloaded_clips/site_257_item_1677542/site_257_item_1677542_clip_007.webm,night,summer,-0.5,0.866025,-0.0,1.0,summer_night
1677542_clip007_s004,resources/site_257_bowra-dry-a/downloaded_clips/site_257_item_1677542/site_257_item_1677542_clip_007.webm,night,summer,-0.5,0.866025,-0.0,1.0,summer_night
1677542_clip007_s005,resources/site_257_bowra-dry-a/downloaded_clips/site_257_item_1677542/site_257_item_1677542_clip_007.webm,night,summer,-0.5,0.866025,-0.0,1.0,summer_night
1677542_clip007_s006,resources/site_257_bowra-dry-a/downloaded_clips/site_257_item_1677542/site_257_item_1677542_clip_007.webm,night,summer,-0.5,0.866025,-0.0,1.0,summer_night
1677542_clip007_s007,resources/site_257_bowra-dry-a/downloaded_clips/site_257_item_1677542/site_257_item_1677542_clip_007.webm,night,summer,-0.5,0.866025,-0.0,1.0,summer_night
1677542_clip007_s008,resources/site_257_bowra-dry-a/downloaded_clips/site_257_item_1677542/site_257_item_1677542_clip_007.webm,night,summer,-0.5,0.866025,-0.0,1.0,summer_night
1677542_clip010_s000,resources/site_257_bowra-dry-a/downloaded_clips/site_257_item_1677542/site_257_item_1677542_clip_010.webm,night,summer,-0.5,0.866025,-0.0,1.0,summer_night
1677542_clip010_s001,resources/site_257_bowra-dry-a/downloaded_clips/site_257_item_1677542/site_257_item_1677542_clip_010.webm,night,summer,-0.5,0.866025,-0.0,1.0,summer_night
1677542_clip011_s000,resources/site_257_bowra-dry-a/downloaded_clips/site_257_item_1677542/site_257_item_1677542_clip_011.webm,night,summer,-0.5,0.866025,-0.0,1.0,summer_night
1677542_clip011_s001,resources/site_257_bowra-dry-a/downloaded_clips/site_257_item_1677542/site_257_item_1677542_clip_011.webm,night,summer,-0.5,0.866025,-0.0,1.0,summer_night
1677542_clip011_s002,resources/site_257_bowra-dry-a/downloaded_clips/site_257_item_1677542/site_257_item_1677542_clip_011.webm,night,summer,-0.5,0.866025,-0.0,1.0,summer_night
1677542_clip011_s003,resources/site_257_bowra-dry-a/downloaded_clips/site_257_item_1677542/site_257_item_1677542_clip_011.webm,night,summer,-0.5,0.866025,-0.0,1.0,summer_night
1677542_clip011_s004,resources/site_257_bowra-dry-a/downloaded_clips/site_257_item_1677542/site_257_item_1677542_clip_011.webm,night,summer,-0.5,0.866025,-0.0,1.0,summer_night
1677542_clip011_s005,resources/site_257_bowra-dry-a/downloaded_clips/site_257_item_1677542/site_257_item_1677542_clip_011.webm,night,summer,-0.5,0.866025,-0.0,1.0,summer_night
1677542_clip011_s006,resources/site_257_bowra-dry-a/downloaded_clips/site_257_item_1677542/site_257_item_1677542_clip_011.webm,night,summer,-0.5,0.866025,-0.0,1.0,summer_night
1677542_clip012_s000,resources/site_257_bowra-dry-a/downloaded_clips/site_257_item_1677542/site_257_item_1677542_clip_012.webm,night,summer,-0.5,0.866025,-0.0,1.0,summer_night
1677542_clip012_s001,resources/site_257_bowra-dry-a/downloaded_clips/site_257_item_1677542/site_257_item_1677542_clip_012.webm,night,summer,-0.5,0.866025,-0.0,1.0,summer_night
1677542_clip013_s000,resources/site_257_bowra-dry-a/downloaded_clips/site_257_item_1677542/site_257_item_1677542_clip_013.webm,night,summer,-0.5,0.866025,-0.0,1.0,summer_night
1677542_clip014_s000,resources/site_257_bowra-dry-a/downloaded_clips/site_257_item_1677542/site_257_item_1677542_clip_014.webm,night,summer,-0.5,0.866025,-0.0,1.0,summer_night
1677542_clip014_s001,resources/site_257_bowra-dry-a/downloaded_clips/site_257_item_1677542/site_257_item_1677542_clip_014.webm,night,summer,-0.5,0.866025,-0.0,1.0,summer_night
1677542_clip014_s002,resources/site_257_bowra-dry-a/downloaded_clips/site_257_item_1677542/site_257_item_1677542_clip_014.webm,night,summer,-0.5,0.866025,-0.0,1.0,summer_night
1677542_clip014_s003,resources/site_257_bowra-dry-a/downloaded_clips/site_257_item_1677542/site_257_item_1677542_clip_014.webm,night,summer,-0.5,0.866025,-0.0,1.0,summer_night
1677542_clip014_s004,resources/site_257_bowra-dry-a/downloaded_clips/site_257_item_1677542/site_257_item_1677542_clip_014.webm,night,summer,-0.5,0.866025,-0.0,1.0,summer_night
1677542_clip015_s000,resources/site_257_bowra-dry-a/downloaded_clips/site_257_item_1677542/site_257_item_1677542_clip_015.webm,night,summer,-0.5,0.866025,-0.0,1.0,summer_night
1677542_clip015_s001,resources/site_257_bowra-dry-a/downloaded_clips/site_257_item_1677542/site_257_item_1677542_clip_015.webm,night,summer,-0.5,0.866025,-0.0,1.0,summer_night
1677542_clip015_s002,resources/site_257_bowra-dry-a/downloaded_clips/site_257_item_1677542/site_257_item_1677542_clip_015.webm,night,summer,-0.5,0.866025,-0.0,1.0,summer_night
1677542_clip015_s003,resources/site_257_bowra-dry-a/downloaded_clips/site_257_item_1677542/site_257_item_1677542_clip_015.webm,night,summer,-0.5,0.866025,-0.0,1.0,summer_night
1677542_clip016_s000,resources/site_257_bowra-dry-a/downloaded_clips/site_257_item_1677542/site_257_item_1677542_clip_016.webm,night,summer,-0.5,0.866025,-0.0,1.0,summer_night
1677542_clip016_s001,resources/site_257_bowra-dry-a/downloaded_clips/site_257_item_1677542/site_257_item_1677542_clip_016.webm,night,summer,-0.5,0.866025,-0.0,1.0,summer_night
1677542_clip019_s000,resources/site_257_bowra-dry-a/downloaded_clips/site_257_item_1677542/site_257_item_1677542_clip_019.webm,night,summer,-0.5,0.866025,-0.0,1.0,summer_night
1677542_clip019_s001,resources/site_257_bowra-dry-a/downloaded_clips/site_257_item_1677542/site_257_item_1677542_clip_019.webm,night,summer,-0.5,0.866025,-0.0,1.0,summer_night
1677542_clip019_s002,resources/site_257_bowra-dry-a/downloaded_clips/site_257_item_1677542/site_257_item_1677542_clip_019.webm,night,summer,-0.5,0.866025,-0.0,1.0,summer_night
1677542_clip019_s003,resources/site_257_bowra-dry-a/downloaded_clips/site_257_item_1677542/site_257_item_1677542_clip_019.webm,night,summer,-0.5,0.866025,-0.0,1.0,summer_night
1677542_clip019_s004,resources/site_257_bowra-dry-a/downloaded_clips/site_257_item_1677542/site_257_item_1677542_clip_019.webm,night,summer,-0.5,0.866025,-0.0,1.0,summer_night
1677542_clip020_s000,resources/site_257_bowra-dry-a/downloaded_clips/site_257_item_1677542/site_257_item_1677542_clip_020.webm,night,summer,-0.5,0.866025,-0.0,1.0,summer_night
1677542_clip021_s000,resources/site_257_bowra-dry-a/downloaded_clips/site_257_item_1677542/site_257_item_1677542_clip_021.webm,night,summer,-0.5,0.866025,-0.0,1.0,summer_night
1677542_clip021_s001,resources/site_257_bowra-dry-a/downloaded_clips/site_257_item_1677542/site_257_item_1677542_clip_021.webm,night,summer,-0.5,0.866025,-0.0,1.0,summer_night
1677542_clip022_s000,resources/site_257_bowra-dry-a/downloaded_clips/site_257_item_1677542/site_257_item_1677542_clip_022.webm,night,summer,-0.5,0.866025,-0.0,1.0,summer_night
1677542_clip022_s001,resources/site_257_bowra-dry-a/downloaded_clips/site_257_item_1677542/site_257_item_1677542_clip_022.webm,night,summer,-0.5,0.866025,-0.0,1.0,summer_night
1677542_clip023_s000,resources/site_257_bowra-dry-a/downloaded_clips/site_257_item_1677542/site_257_item_1677542_clip_023.webm,night,summer,-0.5,0.866025,-0.0,1.0,summer_night
1677542_clip023_s001,resources/site_257_bowra-dry-a/downloaded_clips/site_257_item_1677542/site_257_item_1677542_clip_023.webm,night,summer,-0.5,0.866025,-0.0,1.0,summer_night
1677542_clip023_s002,resources/site_257_bowra-dry-a/downloaded_clips/site_257_item_1677542/site_257_item_1677542_clip_023.webm,night,summer,-0.5,0.866025,-0.0,1.0,summer_night
1677542_clip023_s003,resources/site_257_bowra-dry-a/downloaded_clips/site_257_item_1677542/site_257_item_1677542_clip_023.webm,night,summer,-0.5,0.866025,-0.0,1.0,summer_night
1677542_clip024_s000,resources/site_257_bowra-dry-a/downloaded_clips/site_257_item_1677542/site_257_item_1677542_clip_024.webm,night,summer,-0.5,0.866025,-0.0,1.0,summer_night
1677542_clip024_s001,resources/site_257_bowra-dry-a/downloaded_clips/site_257_item_1677542/site_257_item_1677542_clip_024.webm,night,summer,-0.5,0.866025,-0.0,1.0,summer_night
1677542_clip024_s002,resources/site_257_bowra-dry-a/downloaded_clips/site_257_item_1677542/site_257_item_1677542_clip_024.webm,night,summer,-0.5,0.866025,-0.0,1.0,summer_night
1677542_clip024_s003,resources/site_257_bowra-dry-a/downloaded_clips/site_257_item_1677542/site_257_item_1677542_clip_024.webm,night,summer,-0.5,0.866025,-0.0,1.0,summer_night
1679511_clip005_s000,resources/site_257_bowra-dry-a/downloaded_clips/site_257_item_1679511/site_257_item_1679511_clip_005.webm,night,summer,-0.5,0.866025,0.866025,0.5,summer_night
1679511_clip013_s000,resources/site_257_bowra-dry-a/downloaded_clips/site_257_item_1679511/site_257_item_1679511_clip_013.webm,night,summer,-0.5,0.866025,0.866025,0.5,summer_night
1679511_clip014_s000,resources/site_257_bowra-dry-a/downloaded_clips/site_257_item_1679511/site_257_item_1679511_clip_014.webm,night,summer,-0.5,0.866025,0.866025,0.5,summer_night
1679511_clip019_s000,resources/site_257_bowra-dry-a/downloaded_clips/site_257_item_1679511/site_257_item_1679511_clip_019.webm,night,summer,-0.5,0.866025,0.866025,0.5,summer_night
1679511_clip020_s000,resources/site_257_bowra-dry-a/downloaded_clips/site_257_item_1679511/site_257_item_1679511_clip_020.webm,night,summer,-0.5,0.866025,0.866025,0.5,summer_night
1679511_clip021_s000,resources/site_257_bowra-dry-a/downloaded_clips/site_257_item_1679511/site_257_item_1679511_clip_021.webm,night,summer,-0.5,0.866025,0.866025,0.5,summer_night
1679511_clip022_s000,resources/site_257_bowra-dry-a/downloaded_clips/site_257_item_1679511/site_257_item_1679511_clip_022.webm,night,summer,-0.5,0.866025,0.866025,0.5,summer_night
1679511_clip022_s001,resources/site_257_bowra-dry-a/downloaded_clips/site_257_item_1679511/site_257_item_1679511_clip_022.webm,night,summer,-0.5,0.866025,0.866025,0.5,summer_night
1679511_clip023_s000,resources/site_257_bowra-dry-a/downloaded_clips/site_257_item_1679511/site_257_item_1679511_clip_023.webm,night,summer,-0.5,0.866025,0.866025,0.5,summer_night
1679511_clip024_s000,resources/site_257_bowra-dry-a/downloaded_clips/site_257_item_1679511/site_257_item_1679511_clip_024.webm,night,summer,-0.5,0.866025,0.866025,0.5,summer_night
1680019_clip005_s000,resources/site_257_bowra-dry-a/downloaded_clips/site_257_item_1680019/site_257_item_1680019_clip_005.webm,night,summer,-0.5,0.866025,0.866025,0.5,summer_night
1680019_clip015_s000,resources/site_257_bowra-dry-a/downloaded_clips/site_257_item_1680019/site_257_item_1680019_clip_015.webm,night,summer,-0.5,0.866025,0.866025,0.5,summer_night
1680019_clip023_s000,resources/site_257_bowra-dry-a/downloaded_clips/site_257_item_1680019/site_257_item_1680019_clip_023.webm,night,summer,-0.5,0.866025,0.866025,0.5,summer_night
1681922_clip001_s000,resources/site_257_bowra-dry-a/downloaded_clips/site_257_item_1681922/site_257_item_1681922_clip_001.webm,night,summer,-0.5,0.866025,0.5,0.866025,summer_night
215122_clip005_s000,resources/site_257_bowra-dry-a/downloaded_clips/site_257_item_215122/site_257_item_215122_clip_005.webm,night,summer,-0.5,0.866025,-0.0,1.0,summer_night
215122_clip007_s000,resources/site_257_bowra-dry-a/downloaded_clips/site_257_item_215122/site_257_item_215122_clip_007.webm,night,summer,-0.5,0.866025,-0.0,1.0,summer_night
215122_clip021_s000,resources/site_257_bowra-dry-a/downloaded_clips/site_257_item_215122/site_257_item_215122_clip_021.webm,night,summer,-0.5,0.866025,-0.0,1.0,summer_night
215122_clip023_s000,resources/site_257_bowra-dry-a/downloaded_clips/site_257_item_215122/site_257_item_215122_clip_023.webm,night,summer,-0.5,0.866025,-0.0,1.0,summer_night
215190_clip001_s000,resources/site_257_bowra-dry-a/downloaded_clips/site_257_item_215190/site_257_item_215190_clip_001.webm,night,summer,-0.5,0.866025,-0.0,1.0,summer_night
215190_clip001_s001,resources/site_257_bowra-dry-a/downloaded_clips/site_257_item_215190/site_257_item_215190_clip_001.webm,night,summer,-0.5,0.866025,-0.0,1.0,summer_night
215190_clip001_s002,resources/site_257_bowra-dry-a/downloaded_clips/site_257_item_215190/site_257_item_215190_clip_001.webm,night,summer,-0.5,0.866025,-0.0,1.0,summer_night
215190_clip002_s000,resources/site_257_bowra-dry-a/downloaded_clips/site_257_item_215190/site_257_item_215190_clip_002.webm,night,summer,-0.5,0.866025,-0.0,1.0,summer_night
215190_clip003_s000,resources/site_257_bowra-dry-a/downloaded_clips/site_257_item_215190/site_257_item_215190_clip_003.webm,night,summer,-0.5,0.866025,-0.0,1.0,summer_night
215190_clip003_s001,resources/site_257_bowra-dry-a/downloaded_clips/site_257_item_215190/site_257_item_215190_clip_003.webm,night,summer,-0.5,0.866025,-0.0,1.0,summer_night
215190_clip004_s000,resources/site_257_bowra-dry-a/downloaded_clips/site_257_item_215190/site_257_item_215190_clip_004.webm,night,summer,-0.5,0.866025,-0.0,1.0,summer_night
215190_clip004_s001,resources/site_257_bowra-dry-a/downloaded_clips/site_257_item_215190/site_257_item_215190_clip_004.webm,night,summer,-0.5,0.866025,-0.0,1.0,summer_night
215190_clip006_s000,resources/site_257_bowra-dry-a/downloaded_clips/site_257_item_215190/site_257_item_215190_clip_006.webm,night,summer,-0.5,0.866025,-0.0,1.0,summer_night
215190_clip006_s001,resources/site_257_bowra-dry-a/downloaded_clips/site_257_item_215190/site_257_item_215190_clip_006.webm,night,summer,-0.5,0.866025,-0.0,1.0,summer_night
215190_clip008_s000,resources/site_257_bowra-dry-a/downloaded_clips/site_257_item_215190/site_257_item_215190_clip_008.webm,night,summer,-0.5,0.866025,-0.0,1.0,summer_night
215190_clip013_s000,resources/site_257_bowra-dry-a/downloaded_clips/site_257_item_215190/site_257_item_215190_clip_013.webm,night,summer,-0.5,0.866025,-0.0,1.0,summer_night
215190_clip017_s000,resources/site_257_bowra-dry-a/downloaded_clips/site_257_item_215190/site_257_item_215190_clip_017.webm,night,summer,-0.5,0.866025,-0.0,1.0,summer_night
215190_clip020_s000,resources/site_257_bowra-dry-a/downloaded_clips/site_257_item_215190/site_257_item_215190_clip_020.webm,night,summer,-0.5,0.866025,-0.0,1.0,summer_night
215190_clip022_s000,resources/site_257_bowra-dry-a/downloaded_clips/site_257_item_215190/site_257_item_215190_clip_022.webm,night,summer,-0.5,0.866025,-0.0,1.0,summer_night
215473_clip002_s000,resources/site_257_bowra-dry-a/downloaded_clips/site_257_item_215473/site_257_item_215473_clip_002.webm,night,summer,-0.5,0.866025,0.5,0.866025,summer_night
215473_clip005_s000,resources/site_257_bowra-dry-a/downloaded_clips/site_257_item_215473/site_257_item_215473_clip_005.webm,night,summer,-0.5,0.866025,0.5,0.866025,summer_night
215473_clip006_s000,resources/site_257_bowra-dry-a/downloaded_clips/site_257_item_215473/site_257_item_215473_clip_006.webm,night,summer,-0.5,0.866025,0.5,0.866025,summer_night
215473_clip007_s000,resources/site_257_bowra-dry-a/downloaded_clips/site_257_item_215473/site_257_item_215473_clip_007.webm,night,summer,-0.5,0.866025,0.5,0.866025,summer_night
215473_clip007_s001,resources/site_257_bowra-dry-a/downloaded_clips/site_257_item_215473/site_257_item_215473_clip_007.webm,night,summer,-0.5,0.866025,0.5,0.866025,summer_night
215473_clip011_s000,resources/site_257_bowra-dry-a/downloaded_clips/site_257_item_215473/site_257_item_215473_clip_011.webm,night,summer,-0.5,0.866025,0.5,0.866025,summer_night
215473_clip016_s000,resources/site_257_bowra-dry-a/downloaded_clips/site_257_item_215473/site_257_item_215473_clip_016.webm,night,summer,-0.5,0.866025,0.5,0.866025,summer_night
215473_clip022_s000,resources/site_257_bowra-dry-a/downloaded_clips/site_257_item_215473/site_257_item_215473_clip_022.webm,night,summer,-0.5,0.866025,0.5,0.866025,summer_night
1402574_clip007_s000,resources/site_257_bowra-dry-a/downloaded_clips/site_257_item_1402574/site_257_item_1402574_clip_007.webm,morning,autumn,0.866025,-0.5,1.0,0.0,autumn_morning
1402574_clip017_s000,resources/site_257_bowra-dry-a/downloaded_clips/site_257_item_1402574/site_257_item_1402574_clip_017.webm,morning,autumn,0.866025,-0.5,1.0,0.0,autumn_morning
1402574_clip018_s000,resources/site_257_bowra-dry-a/downloaded_clips/site_257_item_1402574/site_257_item_1402574_clip_018.webm,morning,autumn,0.866025,-0.5,1.0,0.0,autumn_morning
1402574_clip021_s000,resources/site_257_bowra-dry-a/downloaded_clips/site_257_item_1402574/site_257_item_1402574_clip_021.webm,morning,autumn,0.866025,-0.5,1.0,0.0,autumn_morning
1402574_clip023_s000,resources/site_257_bowra-dry-a/downloaded_clips/site_257_item_1402574/site_257_item_1402574_clip_023.webm,morning,autumn,0.866025,-0.5,1.0,0.0,autumn_morning
1534209_clip002_s000,resources/site_257_bowra-dry-a/downloaded_clips/site_257_item_1534209/site_257_item_1534209_clip_002.webm,morning,autumn,0.866025,-0.5,0.866025,-0.5,autumn_morning
1534209_clip008_s000,resources/site_257_bowra-dry-a/downloaded_clips/site_257_item_1534209/site_257_item_1534209_clip_008.webm,morning,autumn,0.866025,-0.5,0.866025,-0.5,autumn_morning
1534209_clip011_s000,resources/site_257_bowra-dry-a/downloaded_clips/site_257_item_1534209/site_257_item_1534209_clip_011.webm,morning,autumn,0.866025,-0.5,0.866025,-0.5,autumn_morning
1534209_clip017_s000,resources/site_257_bowra-dry-a/downloaded_clips/site_257_item_1534209/site_257_item_1534209_clip_017.webm,morning,autumn,0.866025,-0.5,0.866025,-0.5,autumn_morning
1534209_clip021_s000,resources/site_257_bowra-dry-a/downloaded_clips/site_257_item_1534209/site_257_item_1534209_clip_021.webm,morning,autumn,0.866025,-0.5,0.866025,-0.5,autumn_morning
1536554_clip008_s000,resources/site_257_bowra-dry-a/downloaded_clips/site_257_item_1536554/site_257_item_1536554_clip_008.webm,morning,autumn,0.866025,-0.5,0.5,-0.866025,autumn_morning
1672053_clip005_s000,resources/site_257_bowra-dry-a/downloaded_clips/site_257_item_1672053/site_257_item_1672053_clip_005.webm,morning,autumn,0.866025,-0.5,0.866025,-0.5,autumn_morning
1672053_clip009_s000,resources/site_257_bowra-dry-a/downloaded_clips/site_257_item_1672053/site_257_item_1672053_clip_009.webm,morning,autumn,0.866025,-0.5,0.866025,-0.5,autumn_morning
1672053_clip018_s000,resources/site_257_bowra-dry-a/downloaded_clips/site_257_item_1672053/site_257_item_1672053_clip_018.webm,morning,autumn,0.866025,-0.5,0.866025,-0.5,autumn_morning
1675916_clip012_s000,resources/site_257_bowra-dry-a/downloaded_clips/site_257_item_1675916/site_257_item_1675916_clip_012.webm,morning,autumn,0.866025,-0.5,0.5,-0.866025,autumn_morning
1675916_clip012_s001,resources/site_257_bowra-dry-a/downloaded_clips/site_257_item_1675916/site_257_item_1675916_clip_012.webm,morning,autumn,0.866025,-0.5,0.5,-0.866025,autumn_morning
1675916_clip017_s000,resources/site_257_bowra-dry-a/downloaded_clips/site_257_item_1675916/site_257_item_1675916_clip_017.webm,morning,autumn,0.866025,-0.5,0.5,-0.866025,autumn_morning
1675916_clip019_s000,resources/site_257_bowra-dry-a/downloaded_clips/site_257_item_1675916/site_257_item_1675916_clip_019.webm,morning,autumn,0.866025,-0.5,0.5,-0.866025,autumn_morning
1681726_clip013_s000,resources/site_257_bowra-dry-a/downloaded_clips/site_257_item_1681726/site_257_item_1681726_clip_013.webm,morning,autumn,0.866025,-0.5,1.0,0.0,autumn_morning
216088_clip002_s000,resources/site_257_bowra-dry-a/downloaded_clips/site_257_item_216088/site_257_item_216088_clip_002.webm,morning,autumn,0.866025,-0.5,1.0,0.0,autumn_morning
216088_clip002_s001,resources/site_257_bowra-dry-a/downloaded_clips/site_257_item_216088/site_257_item_216088_clip_002.webm,morning,autumn,0.866025,-0.5,1.0,0.0,autumn_morning
216088_clip003_s000,resources/site_257_bowra-dry-a/downloaded_clips/site_257_item_216088/site_257_item_216088_clip_003.webm,morning,autumn,0.866025,-0.5,1.0,0.0,autumn_morning
216088_clip005_s000,resources/site_257_bowra-dry-a/downloaded_clips/site_257_item_216088/site_257_item_216088_clip_005.webm,morning,autumn,0.866025,-0.5,1.0,0.0,autumn_morning
216088_clip013_s000,resources/site_257_bowra-dry-a/downloaded_clips/site_257_item_216088/site_257_item_216088_clip_013.webm,morning,autumn,0.866025,-0.5,1.0,0.0,autumn_morning
216088_clip014_s000,resources/site_257_bowra-dry-a/downloaded_clips/site_257_item_216088/site_257_item_216088_clip_014.webm,morning,autumn,0.866025,-0.5,1.0,0.0,autumn_morning
216088_clip015_s000,resources/site_257_bowra-dry-a/downloaded_clips/site_257_item_216088/site_257_item_216088_clip_015.webm,morning,autumn,0.866025,-0.5,1.0,0.0,autumn_morning
216088_clip015_s001,resources/site_257_bowra-dry-a/downloaded_clips/site_257_item_216088/site_257_item_216088_clip_015.webm,morning,autumn,0.866025,-0.5,1.0,0.0,autumn_morning
216088_clip016_s000,resources/site_257_bowra-dry-a/downloaded_clips/site_257_item_216088/site_257_item_216088_clip_016.webm,morning,autumn,0.866025,-0.5,1.0,0.0,autumn_morning
216088_clip017_s000,resources/site_257_bowra-dry-a/downloaded_clips/site_257_item_216088/site_257_item_216088_clip_017.webm,morning,autumn,0.866025,-0.5,1.0,0.0,autumn_morning
216088_clip017_s001,resources/site_257_bowra-dry-a/downloaded_clips/site_257_item_216088/site_257_item_216088_clip_017.webm,morning,autumn,0.866025,-0.5,1.0,0.0,autumn_morning
216088_clip019_s000,resources/site_257_bowra-dry-a/downloaded_clips/site_257_item_216088/site_257_item_216088_clip_019.webm,morning,autumn,0.866025,-0.5,1.0,0.0,autumn_morning
216088_clip023_s000,resources/site_257_bowra-dry-a/downloaded_clips/site_257_item_216088/site_257_item_216088_clip_023.webm,morning,autumn,0.866025,-0.5,1.0,0.0,autumn_morning
216088_clip024_s000,resources/site_257_bowra-dry-a/downloaded_clips/site_257_item_216088/site_257_item_216088_clip_024.webm,morning,autumn,0.866025,-0.5,1.0,0.0,autumn_morning
216464_clip021_s000,resources/site_257_bowra-dry-a/downloaded_clips/site_257_item_216464/site_257_item_216464_clip_021.webm,morning,autumn,0.866025,-0.5,0.866025,-0.5,autumn_morning
216594_clip015_s000,resources/site_257_bowra-dry-a/downloaded_clips/site_257_item_216594/site_257_item_216594_clip_015.webm,morning,autumn,0.866025,-0.5,0.866025,-0.5,autumn_morning
216594_clip020_s000,resources/site_257_bowra-dry-a/downloaded_clips/site_257_item_216594/site_257_item_216594_clip_020.webm,morning,autumn,0.866025,-0.5,0.866025,-0.5,autumn_morning
