clip_id,segment_id,recording_id,recording_date,diel_bin,season,split,duration_s,audio_path,caption,temperature_c,humidity_pct,wind_speed_ms,status
0001_216301_clip012_s000,216301_clip012_s000,216301,2020-03-21,afternoon,autumn,train,10.008,resources/site_257_bowra-dry-a/mvp2_per_cell_dataset/clips/0001_216301_clip012_s000/audio.wav,"afternoon autumn ambient soundscape, Bowra dry woodland, Australia, hot (33C), dry air, moderate wind, recorded 2020-03-21, no music, no machinery",33.06,20.96,2.68,ok
0002_216301_clip015_s000,216301_clip015_s000,216301,2020-03-21,afternoon,autumn,train,11.192,resources/site_257_bowra-dry-a/mvp2_per_cell_dataset/clips/0002_216301_clip015_s000/audio.wav,"afternoon autumn ambient soundscape, Bowra dry woodland, Australia, hot (33C), dry air, moderate wind, recorded 2020-03-21, no music, no machinery",33.06,20.96,2.68,ok
0003_216470_clip010_s000,216470_clip010_s000,216470,2020-04-04,afternoon,autumn,train,10.542,resources/site_257_bowra-dry-a/mvp2_per_cell_dataset/clips/0003_216470_clip010_s000/audio.wav,"afternoon autumn ambient soundscape, Bowra dry woodland, Australia, mild (23C), dry air, moderate wind, recorded 2020-04-04, no music, no machinery",23.23,35.05,5.06,ok
0004_216470_clip017_s000,216470_clip017_s000,216470,2020-04-04,afternoon,autumn,train,13.351,resources/site_257_bowra-dry-a/mvp2_per_cell_dataset/clips/0004_216470_clip017_s000/audio.wav,"afternoon autumn ambient soundscape, Bowra dry woodland, Australia, mild (23C), dry air, moderate wind, recorded 2020-04-04, no music, no machinery",23.23,35.05,5.06,ok
0005_216470_clip017_s001,216470_clip017_s001,216470,2020-04-04,afternoon,autumn,train,10.612,resources/site_257_bowra-dry-a/mvp2_per_cell_dataset/clips/0005_216470_clip017_s001/audio.wav,"afternoon autumn ambient soundscape, Bowra dry woodland, Australia, mild (23C), dry air, moderate wind, recorded 2020-04-04, no music, no machinery",23.23,35.05,5.06,ok
0006_216470_clip018_s000,216470_clip018_s000,216470,2020-04-04,afternoon,autumn,train,12.237,resources/site_257_bowra-dry-a/mvp2_per_cell_dataset/clips/0006_216470_clip018_s000/audio.wav,"afternoon autumn ambient soundscape, Bowra dry woodland, Australia, mild (23C), dry air, moderate wind, recorded 2020-04-04, no music, no machinery",23.23,35.05,5.06,ok
0007_216470_clip019_s000,216470_clip019_s000,216470,2020-04-04,afternoon,autumn,train,11.424,resources/site_257_bowra-dry-a/mvp2_per_cell_dataset/clips/0007_216470_clip019_s000/audio.wav,"afternoon autumn ambient soundscape, Bowra dry woodland, Australia, mild (23C), dry air, moderate wind, recorded 2020-04-04, no music, no machinery",23.23,35.05,5.06,ok
0008_216470_clip020_s000,216470_clip020_s000,216470,2020-04-04,afternoon,autumn,train,11.262,resources/site_257_bowra-dry-a/mvp2_per_cell_dataset/clips/0008_216470_clip020_s000/audio.wav,"afternoon autumn ambient soundscape, Bowra dry woodland, Australia, mild (23C), dry air, moderate wind, recorded 2020-04-04, no music, no machinery",23.23,35.05,5.06,ok
0009_216470_clip022_s000,216470_clip022_s000,216470,2020-04-04,afternoon,autumn,train,10.983,resources/site_257_bowra-dry-a/mvp2_per_cell_dataset/clips/0009_216470_clip022_s000/audio.wav,"afternoon autumn ambient soundscape, Bowra dry woodland, Australia, mild (23C), dry air, moderate wind, recorded 2020-04-04, no music, no machinery",23.23,35.05,5.06,ok
0010_216601_clip007_s000,216601_clip007_s000,216601,2020-04-15,afternoon,autumn,train,10.635,resources/site_257_bowra-dry-a/mvp2_per_cell_dataset/clips/0010_216601_clip007_s000/audio.wav,"afternoon autumn ambient soundscape, Bowra dry woodland, Australia, warm (31C), dry air, moderate wind, recorded 2020-04-15, no music, no machinery",31.07,28.2,2.99,ok
0011_1313284_clip002_s000,1313284_clip002_s000,1313284,2023-05-10,afternoon,autumn,train,38.893,resources/site_257_bowra-dry-a/mvp2_per_cell_dataset/clips/0011_1313284_clip002_s000/audio.wav,"afternoon autumn ambient soundscape, Bowra dry woodland, Australia, mild (21C), dry air, moderate wind, recorded 2023-05-10, no music, no machinery",20.56,29.33,3.38,ok
0012_1313284_clip011_s000,1313284_clip011_s000,1313284,2023-05-10,afternoon,autumn,train,11.262,resources/site_257_bowra-dry-a/mvp2_per_cell_dataset/clips/0012_1313284_clip011_s000/audio.wav,"afternoon autumn ambient soundscape, Bowra dry woodland, Australia, mild (21C), dry air, moderate wind, recorded 2023-05-10, no music, no machinery",20.56,29.33,3.38,ok
0013_1313284_clip014_s000,1313284_clip014_s000,1313284,2023-05-10,afternoon,autumn,train,23.127,resources/site_257_bowra-dry-a/mvp2_per_cell_dataset/clips/0013_1313284_clip014_s000/audio.wav,"afternoon autumn ambient soundscape, Bowra dry woodland, Australia, mild (21C), dry air, moderate wind, recorded 2023-05-10, no music, no machinery",20.56,29.33,3.38,ok
0014_1313284_clip014_s001,1313284_clip014_s001,1313284,2023-05-10,afternoon,autumn,val,17.299,resources/site_257_bowra-dry-a/mvp2_per_cell_dataset/clips/0014_1313284_clip014_s001/audio.wav,"afternoon autumn ambient soundscape, Bowra dry woodland, Australia, mild (21C), dry air, moderate wind, recorded 2023-05-10, no music, no machinery",20.56,29.33,3.38,ok
0015_1313480_clip001_s000,1313480_clip001_s000,1313480,2023-05-23,afternoon,autumn,train,18.135,resources/site_257_bowra-dry-a/mvp2_per_cell_dataset/clips/0015_1313480_clip001_s000/audio.wav,"afternoon autumn ambient soundscape, Bowra dry woodland, Australia, mild (23C), dry air, still, recorded 2023-05-23, no music, no machinery",22.82,18.65,0.38,ok
0016_1313480_clip001_s001,1313480_clip001_s001,1313480,2023-05-23,afternoon,autumn,train,33.39,resources/site_257_bowra-dry-a/mvp2_per_cell_dataset/clips/0016_1313480_clip001_s001/audio.wav,"afternoon autumn ambient soundscape, Bowra dry woodland, Australia, mild (23C), dry air, still, recorded 2023-05-23, no music, no machinery",22.82,18.65,0.38,ok
0017_1313480_clip002_s000,1313480_clip002_s000,1313480,2023-05-23,afternoon,autumn,train,11.935,resources/site_257_bowra-dry-a/mvp2_per_cell_dataset/clips/0017_1313480_clip002_s000/audio.wav,"afternoon autumn ambient soundscape, Bowra dry woodland, Australia, mild (23C), dry air, still, recorded 2023-05-23, no music, no machinery",22.82,18.65,0.38,ok
0018_1313480_clip004_s000,1313480_clip004_s000,1313480,2023-05-23,afternoon,autumn,train,14.164,resources/site_257_bowra-dry-a/mvp2_per_cell_dataset/clips/0018_1313480_clip004_s000/audio.wav,"afternoon autumn ambient soundscape, Bowra dry woodland, Australia, mild (23C), dry air, still, recorded 2023-05-23, no music, no machinery",22.82,18.65,0.38,ok
0019_1313480_clip005_s000,1313480_clip005_s000,1313480,2023-05-23,afternoon,autumn,train,24.451,resources/site_257_bowra-dry-a/mvp2_per_cell_dataset/clips/0019_1313480_clip005_s000/audio.wav,"afternoon autumn ambient soundscape, Bowra dry woodland, Australia, mild (23C), dry air, still, recorded 2023-05-23, no music, no machinery",22.82,18.65,0.38,ok
0020_1313480_clip005_s001,1313480_clip005_s001,1313480,2023-05-23,afternoon,autumn,train,10.495,resources/site_257_bowra-dry-a/mvp2_per_cell_dataset/clips/0020_1313480_clip005_s001/audio.wav,"afternoon autumn ambient soundscape, Bowra dry woodland, Australia, mild (23C), dry air, still, recorded 2023-05-23, no music, no machinery",22.82,18.65,0.38,ok
0021_1313480_clip006_s000,1313480_clip006_s000,1313480,2023-05-23,afternoon,autumn,train,12.492,resources/site_257_bowra-dry-a/mvp2_per_cell_dataset/clips/0021_1313480_clip006_s000/audio.wav,"afternoon autumn ambient soundscape, Bowra dry woodland, Australia, mild (23C), dry air, still, recorded 2023-05-23, no music, no machinery",22.82,18.65,0.38,ok
0022_1313480_clip006_s001,1313480_clip006_s001,1313480,2023-05-23,afternoon,autumn,train,11.726,resources/site_257_bowra-dry-a/mvp2_per_cell_dataset/clips/0022_1313480_clip006_s001/audio.wav,"afternoon autumn ambient soundscape, Bowra dry woodland, Australia, mild (23C), dry air, still, recorded 2023-05-23, no music, no machinery",22.82,18.65,0.38,ok
0023_1313480_clip006_s002,1313480_clip006_s002,1313480,2023-05-23,afternoon,autumn,train,16.625,resources/site_257_bowra-dry-a/mvp2_per_cell_dataset/clips/0023_1313480_clip006_s002/audio.wav,"afternoon autumn ambient soundscape, Bowra dry woodland, Australia, mild (23C), dry air, still, recorded 2023-05-23, no music, no machinery",22.82,18.65,0.38,ok
0024_1313480_clip008_s000,1313480_clip008_s000,1313480,2023-05-23,afternoon,autumn,train,11.447,resources/site_257_bowra-dry-a/mvp2_per_cell_dataset/clips/0024_1313480_clip008_s000/audio.wav,"afternoon autumn ambient soundscape, Bowra dry woodland, Australia, mild (23C), dry air, still, recorded 2023-05-23, no music, no machinery",22.82,18.65,0.38,ok
0025_1313480_clip009_s000,1313480_clip009_s000,1313480,2023-05-23,afternoon,autumn,train,19.435,resources/site_257_bowra-dry-a/mvp2_per_cell_dataset/clips/0025_1313480_clip009_s000/audio.wav,"afternoon autumn ambient soundscape, Bowra dry woodland, Australia, mild (23C), dry air, still, recorded 2023-05-23, no music, no machinery",22.82,18.65,0.38,ok
0026_1313480_clip009_s001,1313480_clip009_s001,1313480,2023-05-23,afternoon,autumn,train,15.047,resources/site_257_bowra-dry-a/mvp2_per_cell_dataset/clips/0026_1313480_clip009_s001/audio.wav,"afternoon autumn ambient soundscape, Bowra dry woodland, Australia, mild (23C), dry air, still, recorded 2023-05-23, no music, no machinery",22.82,18.65,0.38,ok
0027_1313480_clip009_s002,1313480_clip009_s002,1313480,2023-05-23,afternoon,autumn,train,10.31,resources/site_257_bowra-dry-a/mvp2_per_cell_dataset/clips/0027_1313480_clip009_s002/audio.wav,"afternoon autumn ambient soundscape, Bowra dry woodland, Australia, mild (23C), dry air, still, recorded 2023-05-23, no music, no machinery",22.82,18.65,0.38,ok
0028_1313480_clip013_s000,1313480_clip013_s000,1313480,2023-05-23,afternoon,autumn,train,12.353,resources/site_257_bowra-dry-a/mvp2_per_cell_dataset/clips/0028_1313480_clip013_s000/audio.wav,"afternoon autumn ambient soundscape, Bowra dry woodland, Australia, mild (23C), dry air, still, recorded 2023-05-23, no music, no machinery",22.82,18.65,0.38,ok
0029_1313480_clip013_s001,1313480_clip013_s001,1313480,2023-05-23,afternoon,autumn,train,15.418,resources/site_257_bowra-dry-a/mvp2_per_cell_dataset/clips/0029_1313480_clip013_s001/audio.wav,"afternoon autumn ambient soundscape, Bowra dry woodland, Australia, mild (23C), dry air, still, recorded 2023-05-23, no music, no machinery",22.82,18.65,0.38,ok
0030_1313480_clip013_s002,1313480_clip013_s002,1313480,2023-05-23,afternoon,autumn,train,16.022,resources/site_257_bowra-dry-a/mvp2_per_cell_dataset/clips/0030_1313480_clip013_s002/audio.wav,"afternoon autumn ambient soundscape, Bowra dry woodland, Australia, mild (23C), dry air, still, recorded 2023-05-23, no music, no machinery",22.82,18.65,0.38,ok
0031_1313480_clip015_s000,1313480_clip015_s000,1313480,2023-05-23,afternoon,autumn,train,10.008,resources/site_257_bowra-dry-a/mvp2_per_cell_dataset/clips/0031_1313480_clip015_s000/audio.wav,"afternoon autumn ambient soundscape, Bowra dry woodland, Australia, mild (23C), dry air, still, recorded 2023-05-23, no music, no machinery",22.82,18.65,0.38,ok
0032_1313480_clip015_s001,1313480_clip015_s001,1313480,2023-05-23,afternoon,autumn,train,14.489,resources/site_257_bowra-dry-a/mvp2_per_cell_dataset/clips/0032_1313480_clip015_s001/audio.wav,"afternoon autumn ambient soundscape, Bowra dry woodland, Australia, mild (23C), dry air, still, recorded 2023-05-23, no music, no machinery",22.82,18.65,0.38,ok
0033_1313480_clip015_s002,1313480_clip015_s002,1313480,2023-05-23,afternoon,autumn,train,18.855,resources/site_257_bowra-dry-a/mvp2_per_cell_dataset/clips/0033_1313480_clip015_s002/audio.wav,"afternoon autumn ambient soundscape, Bowra dry woodland, Australia, mild (23C), dry air, still, recorded 2023-05-23, no music, no machinery",22.82,18.65,0.38,ok
0034_1313480_clip015_s003,1313480_clip015_s003,1313480,2023-05-23,afternoon,autumn,train,11.355,resources/site_257_bowra-dry-a/mvp2_per_cell_dataset/clips/0034_1313480_clip015_s003/audio.wav,"afternoon autumn ambient soundscape, Bowra dry woodland, Australia, mild (23C), dry air, still, recorded 2023-05-23, no music, no machinery",22.82,18.65,0.38,ok
0035_1313480_clip015_s004,1313480_clip015_s004,1313480,2023-05-23,afternoon,autumn,train,15.906,resources/site_257_bowra-dry-a/mvp2_per_cell_dataset/clips/0035_1313480_clip015_s004/audio.wav,"afternoon autumn ambient soundscape, Bowra dry woodland, Australia, mild (23C), dry air, still, recorded 2023-05-23, no music, no machinery",22.82,18.65,0.38,ok
0036_1313480_clip017_s000,1313480_clip017_s000,1313480,2023-05-23,afternoon,autumn,train,10.333,resources/site_257_bowra-dry-a/mvp2_per_cell_dataset/clips/0036_1313480_clip017_s000/audio.wav,"afternoon autumn ambient soundscape, Bowra dry woodland, Australia, mild (23C), dry air, still, recorded 2023-05-23, no music, no machinery",22.82,18.65,0.38,ok
0037_1313480_clip017_s001,1313480_clip017_s001,1313480,2023-05-23,afternoon,autumn,train,16.509,resources/site_257_bowra-dry-a/mvp2_per_cell_dataset/clips/0037_1313480_clip017_s001/audio.wav,"afternoon autumn ambient soundscape, Bowra dry woodland, Australia, mild (23C), dry air, still, recorded 2023-05-23, no music, no machinery",22.82,18.65,0.38,ok
0038_1313480_clip018_s000,1313480_clip018_s000,1313480,2023-05-23,afternoon,autumn,train,29.814,resources/site_257_bowra-dry-a/mvp2_per_cell_dataset/clips/0038_1313480_clip018_s000/audio.wav,"afternoon autumn ambient soundscape, Bowra dry woodland, Australia, mild (23C), dry air, still, recorded 2023-05-23, no music, no machinery",22.82,18.65,0.38,ok
0039_1313480_clip018_s001,1313480_clip018_s001,1313480,2023-05-23,afternoon,autumn,train,10.751,resources/site_257_bowra-dry-a/mvp2_per_cell_dataset/clips/0039_1313480_clip018_s001/audio.wav,"afternoon autumn ambient soundscape, Bowra dry woodland, Australia, mild (23C), dry air, still, recorded 2023-05-23, no music, no machinery",22.82,18.65,0.38,ok
0040_1313480_clip018_s002,1313480_clip018_s002,1313480,2023-05-23,afternoon,autumn,train,11.865,resources/site_257_bowra-dry-a/mvp2_per_cell_dataset/clips/0040_1313480_clip018_s002/audio.wav,"afternoon autumn ambient soundscape, Bowra dry woodland, Australia, mild (23C), dry air, still, recorded 2023-05-23, no music, no machinery",22.82,18.65,0.38,ok
0041_1313480_clip018_s003,1313480_clip018_s003,1313480,2023-05-23,afternoon,autumn,train,21.409,resources/site_257_bowra-dry-a/mvp2_per_cell_dataset/clips/0041_1313480_clip018_s003/audio.wav,"afternoon autumn ambient soundscape, Bowra dry woodland, Australia, mild (23C), dry air, still, recorded 2023-05-23, no music, no machinery",22.82,18.65,0.38,ok
0042_1313480_clip019_s000,1313480_clip019_s000,1313480,2023-05-23,afternoon,autumn,train,15.023,resources/site_257_bowra-dry-a/mvp2_per_cell_dataset/clips/0042_1313480_clip019_s000/audio.wav,"afternoon autumn ambient soundscape, Bowra dry woodland, Australia, mild (23C), dry air, still, recorded 2023-05-23, no music, no machinery",22.82,18.65,0.38,ok
0043_1313480_clip019_s001,1313480_clip019_s001,1313480,2023-05-23,afternoon,autumn,train,10.519,resources/site_257_bowra-dry-a/mvp2_per_cell_dataset/clips/0043_1313480_clip019_s001/audio.wav,"afternoon autumn ambient soundscape, Bowra dry woodland, Australia, mild (23C), dry air, still, recorded 2023-05-23, no music, no machinery",22.82,18.65,0.38,ok
0044_1313480_clip020_s000,1313480_clip020_s000,1313480,2023-05-23,afternoon,autumn,train,22.059,resources/site_257_bowra-dry-a/mvp2_per_cell_dataset/clips/0044_1313480_clip020_s000/audio.wav,"afternoon autumn ambient soundscape, Bowra dry woodland, Australia, mild (23C), dry air, still, recorded 2023-05-23, no music, no machinery",22.82,18.65,0.38,ok
0045_1313480_clip020_s001,1313480_clip020_s001,1313480,2023-05-23,afternoon,autumn,train,17.624,resources/site_257_bowra-dry-a/mvp2_per_cell_dataset/clips/0045_1313480_clip020_s001/audio.wav,"afternoon autumn ambient soundscape, Bowra dry woodland, Australia, mild (23C), dry air, still, recorded 2023-05-23, no music, no machinery",22.82,18.65,0.38,ok
0046_1313480_clip023_s000,1313480_clip023_s000,1313480,2023-05-23,afternoon,autumn,val,11.029,resources/site_257_bowra-dry-a/mvp2_per_cell_dataset/clips/0046_1313480_clip023_s000/audio.wav,"afternoon autumn ambient soundscape, Bowra dry woodland, Australia, mild (23C), dry air, still, recorded 2023-05-23, no music, no machinery",22.82,18.65,0.38,ok
0047_1313480_clip024_s000,1313480_clip024_s000,1313480,2023-05-23,afternoon,autumn,train,11.099,resources/site_257_bowra-dry-a/mvp2_per_cell_dataset/clips/0047_1313480_clip024_s000/audio.wav,"afternoon autumn ambient soundscape, Bowra dry woodland, Australia, mild (23C), dry air, still, recorded 2023-05-23, no music, no machinery",22.82,18.65,0.38,ok
0048_1402577_clip002_s000,1402577_clip002_s000,1402577,2024-03-06,afternoon,autumn,train,11.656,resources/site_257_bowra-dry-a/mvp2_per_cell_dataset/clips/0048_1402577_clip002_s000/audio.wav,"afternoon autumn ambient soundscape, Bowra dry woodland, Australia, hot (38C), dry air, moderate wind, recorded 2024-03-06, no music, no machinery",38.44,24.12,3.45,ok
0049_1402577_clip009_s000,1402577_clip009_s000,1402577,2024-03-06,afternoon,autumn,train,15.511,resources/site_257_bowra-dry-a/mvp2_per_cell_dataset/clips/0049_1402577_clip009_s000/audio.wav,"afternoon autumn ambient soundscape, Bowra dry woodland, Australia, hot (38C), dry air, moderate wind, recorded 2024-03-06, no music, no machinery",38.44,24.12,3.45,ok
0050_1402577_clip011_s000,1402577_clip011_s000,1402577,2024-03-06,afternoon,autumn,train,13.119,resources/site_257_bowra-dry-a/mvp2_per_cell_dataset/clips/0050_1402577_clip011_s000/audio.wav,"afternoon autumn ambient soundscape, Bowra dry woodland, Australia, hot (38C), dry air, moderate wind, recorded 2024-03-06, no music, no machinery",38.44,24.12,3.45,ok
0051_1402577_clip021_s000,1402577_clip021_s000,1402577,2024-03-06,afternoon,autumn,train,16.533,resources/site_257_bowra-dry-a/mvp2_per_cell_dataset/clips/0051_1402577_clip021_s000/audio.wav,"afternoon autumn ambient soundscape, Bowra dry woodland, Australia, hot (38C), dry air, moderate wind, recorded 2024-03-06, no music, no machinery",38.44,24.12,3.45,ok
0052_1402577_clip023_s000,1402577_clip023_s000,1402577,2024-03-06,afternoon,autumn,train,14.28,resources/site_257_bowra-dry-a/mvp2_per_cell_dataset/clips/0052_1402577_clip023_s000/audio.wav,"afternoon autumn ambient soundscape, Bowra dry woodland, Australia, hot (38C), dry air, moderate wind, recorded 2024-03-06, no music, no machinery",38.44,24.12,3.45,ok
0053_1535770_clip009_s000,1535770_clip009_s000,1535770,2024-03-26,afternoon,autumn,train,11.703,resources/site_257_bowra-dry-a/mvp2_per_cell_dataset/clips/0053_1535770_clip009_s000/audio.wav,"afternoon autumn ambient soundscape, Bowra dry woodland, Australia, hot (33C), dry air, moderate wind, recorded 2024-03-26, no music, no machinery",32.74,17.86,3.84,ok
0054_1535770_clip011_s000,1535770_clip011_s000,1535770,2024-03-26,afternoon,autumn,train,10.681,resources/site_257_bowra-dry-a/mvp2_per_cell_dataset/clips/0054_1535770_clip011_s000/audio.wav,"afternoon autumn ambient soundscape, Bowra dry woodland, Australia, hot (33C), dry air, moderate wind, recorded 2024-03-26, no music, no machinery",32.74,17.86,3.84,ok
0055_1535770_clip012_s000,1535770_clip012_s000,1535770,2024-03-26,afternoon,autumn,train,10.751,resources/site_257_bowra-dry-a/mvp2_per_cell_dataset/clips/0055_1535770_clip012_s000/audio.wav,"afternoon autumn ambient soundscape, Bowra dry woodland, Australia, hot (33C), dry air, moderate wind, recorded 2024-03-26, no music, no machinery",32.74,17.86,3.84,ok
0056_1535770_clip012_s001,1535770_clip012_s001,1535770,2024-03-26,afternoon,autumn,train,12.91,resources/site_257_bowra-dry-a/mvp2_per_cell_dataset/clips/0056_1535770_clip012_s001/audio.wav,"afternoon autumn ambient soundscape, Bowra dry woodland, Australia, hot (33C), dry air, moderate wind, recorded 2024-03-26, no music, no machinery",32.74,17.86,3.84,ok
0057_1535770_clip023_s000,1535770_clip023_s000,1535770,2024-03-26,afternoon,autumn,train,10.147,resources/site_257_bowra-dry-a/mvp2_per_cell_dataset/clips/0057_1535770_clip023_s000/audio.wav,"afternoon autumn ambient soundscape, Bowra dry woodland, Australia, hot (33C), dry air, moderate wind, recorded 2024-03-26, no music, no machinery",32.74,17.86,3.84,ok
0058_1536130_clip002_s000,1536130_clip002_s000,1536130,2024-04-10,afternoon,autumn,train,10.472,resources/site_257_bowra-dry-a/mvp2_per_cell_dataset/clips/0058_1536130_clip002_s000/audio.wav,"afternoon autumn ambient soundscape, Bowra dry woodland, Australia, mild (24C), dry air, moderate wind, recorded 2024-04-10, no music, no machinery",23.97,23.48,4.69,ok
0059_1536130_clip004_s000,1536130_clip004_s000,1536130,2024-04-10,afternoon,autumn,train,11.842,resources/site_257_bowra-dry-a/mvp2_per_cell_dataset/clips/0059_1536130_clip004_s000/audio.wav,"afternoon autumn ambient soundscape, Bowra dry woodland, Australia, mild (24C), dry air, moderate wind, recorded 2024-04-10, no music, no machinery",23.97,23.48,4.69,ok
0060_1536130_clip007_s000,1536130_clip007_s000,1536130,2024-04-10,afternoon,autumn,train,11.053,resources/site_257_bowra-dry-a/mvp2_per_cell_dataset/clips/0060_1536130_clip007_s000/audio.wav,"afternoon autumn ambient soundscape, Bowra dry woodland, Australia, mild (24C), dry air, moderate wind, recorded 2024-04-10, no music, no machinery",23.97,23.48,4.69,ok
0061_1536130_clip010_s000,1536130_clip010_s000,1536130,2024-04-10,afternoon,autumn,val,11.912,resources/site_257_bowra-dry-a/mvp2_per_cell_dataset/clips/0061_1536130_clip010_s000/audio.wav,"afternoon autumn ambient soundscape, Bowra dry woodland, Australia, mild (24C), dry air, moderate wind, recorded 2024-04-10, no music, no machinery",23.97,23.48,4.69,ok
0062_1536130_clip013_s000,1536130_clip013_s000,1536130,2024-04-10,afternoon,autumn,train,11.494,resources/site_257_bowra-dry-a/mvp2_per_cell_dataset/clips/0062_1536130_clip013_s000/audio.wav,"afternoon autumn ambient soundscape, Bowra dry woodland, Australia, mild (24C), dry air, moderate wind, recorded 2024-04-10, no music, no machinery",23.97,23.48,4.69,ok
0063_1536130_clip014_s000,1536130_clip014_s000,1536130,2024-04-10,afternoon,autumn,train,15.906,resources/site_257_bowra-dry-a/mvp2_per_cell_dataset/clips/0063_1536130_clip014_s000/audio.wav,"afternoon autumn ambient soundscape, Bowra dry woodland, Australia, mild (24C), dry air, moderate wind, recorded 2024-04-10, no music, no machinery",23.97,23.48,4.69,ok
0064_1536130_clip015_s000,1536130_clip015_s000,1536130,2024-04-10,afternoon,autumn,train,11.773,resources/site_257_bowra-dry-a/mvp2_per_cell_dataset/clips/0064_1536130_clip015_s000/audio.wav,"afternoon autumn ambient soundscape, Bowra dry woodland, Australia, mild (24C), dry air, moderate wind, recorded 2024-04-10, no music, no machinery",23.97,23.48,4.69,ok
0065_1536130_clip016_s000,1536130_clip016_s000,1536130,2024-04-10,afternoon,autumn,train,10.751,resources/site_257_bowra-dry-a/mvp2_per_cell_dataset/clips/0065_1536130_clip016_s000/audio.wav,"afternoon autumn ambient soundscape, Bowra dry woodland, Australia, mild (24C), dry air, moderate wind, recorded 2024-04-10, no music, no machinery",23.97,23.48,4.69,ok
0066_1536130_clip019_s000,1536130_clip019_s000,1536130,2024-04-10,afternoon,autumn,val,20.596,resources/site_257_bowra-dry-a/mvp2_per_cell_dataset/clips/0066_1536130_clip019_s000/audio.wav,"afternoon autumn ambient soundscape, Bowra dry woodland, Australia, mild (24C), dry air, moderate wind, recorded 2024-04-10, no music, no machinery",23.97,23.48,4.69,ok
0067_1536130_clip019_s001,1536130_clip019_s001,1536130,2024-04-10,afternoon,autumn,train,10.147,resources/site_257_bowra-dry-a/mvp2_per_cell_dataset/clips/0067_1536130_clip019_s001/audio.wav,"afternoon autumn ambient soundscape, Bowra dry woodland, Australia, mild (24C), dry air, moderate wind, recorded 2024-04-10, no music, no machinery",23.97,23.48,4.69,ok
0068_1536130_clip022_s000,1536130_clip022_s000,1536130,2024-04-10,afternoon,autumn,train,10.054,resources/site_257_bowra-dry-a/mvp2_per_cell_dataset/clips/0068_1536130_clip022_s000/audio.wav,"afternoon autumn ambient soundscape, Bowra dry woodland, Australia, mild (24C), dry air, moderate wind, recorded 2024-04-10, no music, no machinery",23.97,23.48,4.69,ok
0069_1536130_clip022_s001,1536130_clip022_s001,1536130,2024-04-10,afternoon,autumn,val,10.82,resources/site_257_bowra-dry-a/mvp2_per_cell_dataset/clips/0069_1536130_clip022_s001/audio.wav,"afternoon autumn ambient soundscape, Bowra dry woodland, Australia, mild (24C), dry air, moderate wind, recorded 2024-04-10, no music, no machinery",23.97,23.48,4.69,ok
0070_1536130_clip023_s000,1536130_clip023_s000,1536130,2024-04-10,afternoon,autumn,train,10.774,resources/site_257_bowra-dry-a/mvp2_per_cell_dataset/clips/0070_1536130_clip023_s000/audio.wav,"afternoon autumn ambient soundscape, Bowra dry woodland, Australia, mild (24C), dry air, moderate wind, recorded 2024-04-10, no music, no machinery",23.97,23.48,4.69,ok
0071_1536463_clip001_s000,1536463_clip001_s000,1536463,2024-04-23,afternoon,autumn,train,14.698,resources/site_257_bowra-dry-a/mvp2_per_cell_dataset/clips/0071_1536463_clip001_s000/audio.wav,"afternoon autumn ambient soundscape, Bowra dry woodland, Australia, warm (30C), dry air, moderate wind, recorded 2024-04-23, no music, no machinery",29.86,27.22,2.91,ok
0072_1536463_clip005_s000,1536463_clip005_s000,1536463,2024-04-23,afternoon,autumn,train,10.565,resources/site_257_bowra-dry-a/mvp2_per_cell_dataset/clips/0072_1536463_clip005_s000/audio.wav,"afternoon autumn ambient soundscape, Bowra dry woodland, Australia, warm (30C), dry air, moderate wind, recorded 2024-04-23, no music, no machinery",29.86,27.22,2.91,ok
0073_1536463_clip007_s000,1536463_clip007_s000,1536463,2024-04-23,afternoon,autumn,train,13.096,resources/site_257_bowra-dry-a/mvp2_per_cell_dataset/clips/0073_1536463_clip007_s000/audio.wav,"afternoon autumn ambient soundscape, Bowra dry woodland, Australia, warm (30C), dry air, moderate wind, recorded 2024-04-23, no music, no machinery",29.86,27.22,2.91,ok
0074_1536463_clip008_s000,1536463_clip008_s000,1536463,2024-04-23,afternoon,autumn,train,11.099,resources/site_257_bowra-dry-a/mvp2_per_cell_dataset/clips/0074_1536463_clip008_s000/audio.wav,"afternoon autumn ambient soundscape, Bowra dry woodland, Australia, warm (30C), dry air, moderate wind, recorded 2024-04-23, no music, no machinery",29.86,27.22,2.91,ok
0075_1536463_clip009_s000,1536463_clip009_s000,1536463,2024-04-23,afternoon,autumn,train,11.447,resources/site_257_bowra-dry-a/mvp2_per_cell_dataset/clips/0075_1536463_clip009_s000/audio.wav,"afternoon autumn ambient soundscape, Bowra dry woodland, Australia, warm (30C), dry air, moderate wind, recorded 2024-04-23, no music, no machinery",29.86,27.22,2.91,ok
0076_1536463_clip009_s001,1536463_clip009_s001,1536463,2024-04-23,afternoon,autumn,train,10.519,resources/site_257_bowra-dry-a/mvp2_per_cell_dataset/clips/0076_1536463_clip009_s001/audio.wav,"afternoon autumn ambient soundscape, Bowra dry woodland, Australia, warm (30C), dry air, moderate wind, recorded 2024-04-23, no music, no machinery",29.86,27.22,2.91,ok
0077_1536463_clip010_s000,1536463_clip010_s000,1536463,2024-04-23,afternoon,autumn,train,11.099,resources/site_257_bowra-dry-a/mvp2_per_cell_dataset/clips/0077_1536463_clip010_s000/audio.wav,"afternoon autumn ambient soundscape, Bowra dry woodland, Australia, warm (30C), dry air, moderate wind, recorded 2024-04-23, no music, no machinery",29.86,27.22,2.91,ok
0078_1536463_clip011_s000,1536463_clip011_s000,1536463,2024-04-23,afternoon,autumn,train,11.308,resources/site_257_bowra-dry-a/mvp2_per_cell_dataset/clips/0078_1536463_clip011_s000/audio.wav,"afternoon autumn ambient soundscape, Bowra dry woodland, Australia, warm (30C), dry air, moderate wind, recorded 2024-04-23, no music, no machinery",29.86,27.22,2.91,ok
0079_1536463_clip011_s001,1536463_clip011_s001,1536463,2024-04-23,afternoon,autumn,train,15.418,resources/site_257_bowra-dry-a/mvp2_per_cell_dataset/clips/0079_1536463_clip011_s001/audio.wav,"afternoon autumn ambient soundscape, Bowra dry woodland, Australia, warm (30C), dry air, moderate wind, recorded 2024-04-23, no music, no machinery",29.86,27.22,2.91,ok
0080_1536463_clip012_s000,1536463_clip012_s000,1536463,2024-04-23,afternoon,autumn,val,16.765,resources/site_257_bowra-dry-a/mvp2_per_cell_dataset/clips/0080_1536463_clip012_s000/audio.wav,"afternoon autumn ambient soundscape, Bowra dry woodland, Australia, warm (30C), dry air, moderate wind, recorded 2024-04-23, no music, no machinery",29.86,27.22,2.91,ok
0081_1536463_clip020_s000,1536463_clip020_s000,1536463,2024-04-23,afternoon,autumn,train,11.378,resources/site_257_bowra-dry-a/mvp2_per_cell_dataset/clips/0081_1536463_clip020_s000/audio.wav,"afternoon autumn ambient soundscape, Bowra dry woodland, Australia, warm (30C), dry air, moderate wind, recorded 2024-04-23, no music, no machinery",29.86,27.22,2.91,ok
0082_1536463_clip020_s001,1536463_clip020_s001,1536463,2024-04-23,afternoon,autumn,train,10.658,resources/site_257_bowra-dry-a/mvp2_per_cell_dataset/clips/0082_1536463_clip020_s001/audio.wav,"afternoon autumn ambient soundscape, Bowra dry woodland, Australia, warm (30C), dry air, moderate wind, recorded 2024-04-23, no music, no machinery",29.86,27.22,2.91,ok
0083_1536463_clip021_s000,1536463_clip021_s000,1536463,2024-04-23,afternoon,autumn,train,19.505,resources/site_257_bowra-dry-a/mvp2_per_cell_dataset/clips/0083_1536463_clip021_s000/audio.wav,"afternoon autumn ambient soundscape, Bowra dry woodland, Australia, warm (30C), dry air, moderate wind, recorded 2024-04-23, no music, no machinery",29.86,27.22,2.91,ok
0084_1536463_clip021_s001,1536463_clip021_s001,1536463,2024-04-23,afternoon,autumn,val,10.751,resources/site_257_bowra-dry-a/mvp2_per_cell_dataset/clips/0084_1536463_clip021_s001/audio.wav,"afternoon autumn ambient soundscape, Bowra dry woodland, Australia, warm (30C), dry air, moderate wind, recorded 2024-04-23, no music, no machinery",29.86,27.22,2.91,ok
0085_1535281_clip005_s000,1535281_clip005_s000,1535281,2024-05-13,afternoon,autumn,train,11.749,resources/site_257_bowra-dry-a/mvp2_per_cell_dataset/clips/0085_1535281_clip005_s000/audio.wav,"afternoon autumn ambient soundscape, Bowra dry woodland, Australia, mild (24C), moderate humidity, moderate wind, recorded 2024-05-13, no music, no machinery",23.63,41.14,3.43,ok
0086_1535281_clip005_s001,1535281_clip005_s001,1535281,2024-05-13,afternoon,autumn,train,21.084,resources/site_257_bowra-dry-a/mvp2_per_cell_dataset/clips/0086_1535281_clip005_s001/audio.wav,"afternoon autumn ambient soundscape, Bowra dry woodland, Australia, mild (24C), moderate humidity, moderate wind, recorded 2024-05-13, no music, no machinery",23.63,41.14,3.43,ok
0087_1535281_clip005_s002,1535281_clip005_s002,1535281,2024-05-13,afternoon,autumn,train,12.678,resources/site_257_bowra-dry-a/mvp2_per_cell_dataset/clips/0087_1535281_clip005_s002/audio.wav,"afternoon autumn ambient soundscape, Bowra dry woodland, Australia, mild (24C), moderate humidity, moderate wind, recorded 2024-05-13, no music, no machinery",23.63,41.14,3.43,ok
0088_1535281_clip005_s003,1535281_clip005_s003,1535281,2024-05-13,afternoon,autumn,train,11.308,resources/site_257_bowra-dry-a/mvp2_per_cell_dataset/clips/0088_1535281_clip005_s003/audio.wav,"afternoon autumn ambient soundscape, Bowra dry woodland, Australia, mild (24C), moderate humidity, moderate wind, recorded 2024-05-13, no music, no machinery",23.63,41.14,3.43,ok
0089_1535281_clip005_s004,1535281_clip005_s004,1535281,2024-05-13,afternoon,autumn,train,17.717,resources/site_257_bowra-dry-a/mvp2_per_cell_dataset/clips/0089_1535281_clip005_s004/audio.wav,"afternoon autumn ambient soundscape, Bowra dry woodland, Australia, mild (24C), moderate humidity, moderate wind, recorded 2024-05-13, no music, no machinery",23.63,41.14,3.43,ok
0090_1535281_clip006_s000,1535281_clip006_s000,1535281,2024-05-13,afternoon,autumn,train,17.949,resources/site_257_bowra-dry-a/mvp2_per_cell_dataset/clips/0090_1535281_clip006_s000/audio.wav,"afternoon autumn ambient soundscape, Bowra dry woodland, Australia, mild (24C), moderate humidity, moderate wind, recorded 2024-05-13, no music, no machinery",23.63,41.14,3.43,ok
0091_1535281_clip006_s001,1535281_clip006_s001,1535281,2024-05-13,afternoon,autumn,train,24.636,resources/site_257_bowra-dry-a/mvp2_per_cell_dataset/clips/0091_1535281_clip006_s001/audio.wav,"afternoon autumn ambient soundscape, Bowra dry woodland, Australia, mild (24C), moderate humidity, moderate wind, recorded 2024-05-13, no music, no machinery",23.63,41.14,3.43,ok
0092_1535281_clip006_s002,1535281_clip006_s002,1535281,2024-05-13,afternoon,autumn,train,13.909,resources/site_257_bowra-dry-a/mvp2_per_cell_dataset/clips/0092_1535281_clip006_s002/audio.wav,"afternoon autumn ambient soundscape, Bowra dry woodland, Australia, mild (24C), moderate humidity, moderate wind, recorded 2024-05-13, no music, no machinery",23.63,41.14,3.43,ok
0093_1535281_clip006_s003,1535281_clip006_s003,1535281,2024-05-13,afternoon,autumn,val,10.751,resources/site_257_bowra-dry-a/mvp2_per_cell_dataset/clips/0093_1535281_clip006_s003/audio.wav,"afternoon autumn ambient soundscape, Bowra dry woodland, Australia, mild (24C), moderate humidity, moderate wind, recorded 2024-05-13, no music, no machinery",23.63,41.14,3.43,ok
0094_1535281_clip014_s000,1535281_clip014_s000,1535281,2024-05-13,afternoon,autumn,train,10.031,resources/site_257_bowra-dry-a/mvp2_per_cell_dataset/clips/0094_1535281_clip014_s000/audio.wav,"afternoon autumn ambient soundscape, Bowra dry woodland, Australia, mild (24C), moderate humidity, moderate wind, recorded 2024-05-13, no music, no machinery",23.63,41.14,3.43,ok
0095_1535281_clip018_s000,1535281_clip018_s000,1535281,2024-05-13,afternoon,autumn,train,10.031,resources/site_257_bowra-dry-a/mvp2_per_cell_dataset/clips/0095_1535281_clip018_s000/audio.wav,"afternoon autumn ambient soundscape, Bowra dry woodland, Australia, mild (24C), moderate humidity, moderate wind, recorded 2024-05-13, no music, no machinery",23.63,41.14,3.43,ok
0096_1535281_clip022_s000,1535281_clip022_s000,1535281,2024-05-13,afternoon,autumn,val,11.146,resources/site_257_bowra-dry-a/mvp2_per_cell_dataset/clips/0096_1535281_clip022_s000/audio.wav,"afternoon autumn ambient soundscape, Bowra dry woodland, Australia, mild (24C), moderate humidity, moderate wind, recorded 2024-05-13, no music, no machinery",23.63,41.14,3.43,ok
0097_1535281_clip023_s000,1535281_clip023_s000,1535281,2024-05-13,afternoon,autumn,val,18.576,resources/site_257_bowra-dry-a/mvp2_per_cell_dataset/clips/0097_1535281_clip023_s000/audio.wav,"afternoon autumn ambient soundscape, Bowra dry woodland, Australia, mild (24C), moderate humidity, moderate wind, recorded 2024-05-13, no music, no machinery",23.63,41.14,3.43,ok
0098_1535281_clip023_s001,1535281_clip023_s001,1535281,2024-05-13,afternoon,autumn,train,11.029,resources/site_257_bowra-dry-a/mvp2_per_cell_dataset/clips/0098_1535281_clip023_s001/audio.wav,"afternoon autumn ambient soundscape, Bowra dry woodland, Australia, mild (24C), moderate humidity, moderate wind, recorded 2024-05-13, no music, no machinery",23.63,41.14,3.43,ok
0099_1535281_clip023_s002,1535281_clip023_s002,1535281,2024-05-13,afternoon,autumn,train,11.842,resources/site_257_bowra-dry-a/mvp2_per_cell_dataset/clips/0099_1535281_clip023_s002/audio.wav,"afternoon autumn ambient soundscape, Bowra dry woodland, Australia, mild (24C), moderate humidity, moderate wind, recorded 2024-05-13, no music, no machinery",23.63,41.14,3.43,ok
0100_1535281_clip023_s003,1535281_clip023_s003,1535281,2024-05-13,afternoon,autumn,train,31.556,resources/site_257_bowra-dry-a/mvp2_per_cell_dataset/clips/0100_1535281_clip023_s003/audio.wav,"afternoon autumn ambient soundscape, Bowra dry woodland, Australia, mild (24C), moderate humidity, moderate wind, recorded 2024-05-13, no music, no machinery",23.63,41.14,3.43,ok
0101_1535281_clip023_s004,1535281_clip023_s004,1535281,2024-05-13,afternoon,autumn,train,11.749,resources/site_257_bowra-dry-a/mvp2_per_cell_dataset/clips/0101_1535281_clip023_s004/audio.wav,"afternoon autumn ambient soundscape, Bowra dry woodland, Australia, mild (24C), moderate humidity, moderate wind, recorded 2024-05-13, no music, no machinery",23.63,41.14,3.43,ok
0102_1536559_clip001_s000,1536559_clip001_s000,1536559,2024-05-16,afternoon,autumn,train,10.519,resources/site_257_bowra-dry-a/mvp2_per_cell_dataset/clips/0102_1536559_clip001_s000/audio.wav,"afternoon autumn ambient soundscape, Bowra dry woodland, Australia, warm (25C), dry air, moderate wind, recorded 2024-05-16, no music, no machinery",25.27,36.37,3.02,ok
0103_1536559_clip001_s001,1536559_clip001_s001,1536559,2024-05-16,afternoon,autumn,train,10.217,resources/site_257_bowra-dry-a/mvp2_per_cell_dataset/clips/0103_1536559_clip001_s001/audio.wav,"afternoon autumn ambient soundscape, Bowra dry woodland, Australia, warm (25C), dry air, moderate wind, recorded 2024-05-16, no music, no machinery",25.27,36.37,3.02,ok
0104_1536559_clip001_s002,1536559_clip001_s002,1536559,2024-05-16,afternoon,autumn,train,11.053,resources/site_257_bowra-dry-a/mvp2_per_cell_dataset/clips/0104_1536559_clip001_s002/audio.wav,"afternoon autumn ambient soundscape, Bowra dry woodland, Australia, warm (25C), dry air, moderate wind, recorded 2024-05-16, no music, no machinery",25.27,36.37,3.02,ok
0105_1536559_clip002_s000,1536559_clip002_s000,1536559,2024-05-16,afternoon,autumn,train,10.519,resources/site_257_bowra-dry-a/mvp2_per_cell_dataset/clips/0105_1536559_clip002_s000/audio.wav,"afternoon autumn ambient soundscape, Bowra dry woodland, Australia, warm (25C), dry air, moderate wind, recorded 2024-05-16, no music, no machinery",25.27,36.37,3.02,ok
0106_1536559_clip002_s001,1536559_clip002_s001,1536559,2024-05-16,afternoon,autumn,val,11.703,resources/site_257_bowra-dry-a/mvp2_per_cell_dataset/clips/0106_1536559_clip002_s001/audio.wav,"afternoon autumn ambient soundscape, Bowra dry woodland, Australia, warm (25C), dry air, moderate wind, recorded 2024-05-16, no music, no machinery",25.27,36.37,3.02,ok
0107_1536559_clip006_s000,1536559_clip006_s000,1536559,2024-05-16,afternoon,autumn,train,10.751,resources/site_257_bowra-dry-a/mvp2_per_cell_dataset/clips/0107_1536559_clip006_s000/audio.wav,"afternoon autumn ambient soundscape, Bowra dry woodland, Australia, warm (25C), dry air, moderate wind, recorded 2024-05-16, no music, no machinery",25.27,36.37,3.02,ok
0108_1536559_clip007_s000,1536559_clip007_s000,1536559,2024-05-16,afternoon,autumn,train,12.33,resources/site_257_bowra-dry-a/mvp2_per_cell_dataset/clips/0108_1536559_clip007_s000/audio.wav,"afternoon autumn ambient soundscape, Bowra dry woodland, Australia, warm (25C), dry air, moderate wind, recorded 2024-05-16, no music, no machinery",25.27,36.37,3.02,ok
0109_1536559_clip014_s000,1536559_clip014_s000,1536559,2024-05-16,afternoon,autumn,train,12.237,resources/site_257_bowra-dry-a/mvp2_per_cell_dataset/clips/0109_1536559_clip014_s000/audio.wav,"afternoon autumn ambient soundscape, Bowra dry woodland, Australia, warm (25C), dry air, moderate wind, recorded 2024-05-16, no music, no machinery",25.27,36.37,3.02,ok
0110_1536559_clip015_s000,1536559_clip015_s000,1536559,2024-05-16,afternoon,autumn,train,11.192,resources/site_257_bowra-dry-a/mvp2_per_cell_dataset/clips/0110_1536559_clip015_s000/audio.wav,"afternoon autumn ambient soundscape, Bowra dry woodland, Australia, warm (25C), dry air, moderate wind, recorded 2024-05-16, no music, no machinery",25.27,36.37,3.02,ok
0111_1536559_clip015_s001,1536559_clip015_s001,1536559,2024-05-16,afternoon,autumn,train,12.725,resources/site_257_bowra-dry-a/mvp2_per_cell_dataset/clips/0111_1536559_clip015_s001/audio.wav,"afternoon autumn ambient soundscape, Bowra dry woodland, Australia, warm (25C), dry air, moderate wind, recorded 2024-05-16, no music, no machinery",25.27,36.37,3.02,ok
0112_1536559_clip015_s002,1536559_clip015_s002,1536559,2024-05-16,afternoon,autumn,train,10.588,resources/site_257_bowra-dry-a/mvp2_per_cell_dataset/clips/0112_1536559_clip015_s002/audio.wav,"afternoon autumn ambient soundscape, Bowra dry woodland, Australia, warm (25C), dry air, moderate wind, recorded 2024-05-16, no music, no machinery",25.27,36.37,3.02,ok
0113_1536559_clip018_s000,1536559_clip018_s000,1536559,2024-05-16,afternoon,autumn,train,14.536,resources/site_257_bowra-dry-a/mvp2_per_cell_dataset/clips/0113_1536559_clip018_s000/audio.wav,"afternoon autumn ambient soundscape, Bowra dry woodland, Australia, warm (25C), dry air, moderate wind, recorded 2024-05-16, no music, no machinery",25.27,36.37,3.02,ok
0114_1536559_clip019_s000,1536559_clip019_s000,1536559,2024-05-16,afternoon,autumn,train,14.42,resources/site_257_bowra-dry-a/mvp2_per_cell_dataset/clips/0114_1536559_clip019_s000/audio.wav,"afternoon autumn ambient soundscape, Bowra dry woodland, Australia, warm (25C), dry air, moderate wind, recorded 2024-05-16, no music, no machinery",25.27,36.37,3.02,ok
0115_1679611_clip011_s000,1679611_clip011_s000,1679611,2025-03-02,afternoon,autumn,train,12.794,resources/site_257_bowra-dry-a/mvp2_per_cell_dataset/clips/0115_1679611_clip011_s000/audio.wav,"afternoon autumn ambient soundscape, Bowra dry woodland, Australia, very hot (42C), dry air, moderate wind, recorded 2025-03-02, no music, no machinery",42.29,12.66,4.09,ok
0116_1670408_clip001_s000,1670408_clip001_s000,1670408,2025-03-22,afternoon,autumn,val,20.689,resources/site_257_bowra-dry-a/mvp2_per_cell_dataset/clips/0116_1670408_clip001_s000/audio.wav,"afternoon autumn ambient soundscape, Bowra dry woodland, Australia, hot (33C), dry air, moderate wind, recorded 2025-03-22, no music, no machinery",33.33,33.6,3.16,ok
0117_1670408_clip009_s000,1670408_clip009_s000,1670408,2025-03-22,afternoon,autumn,train,10.612,resources/site_257_bowra-dry-a/mvp2_per_cell_dataset/clips/0117_1670408_clip009_s000/audio.wav,"afternoon autumn ambient soundscape, Bowra dry woodland, Australia, hot (33C), dry air, moderate wind, recorded 2025-03-22, no music, no machinery",33.33,33.6,3.16,ok
0118_1670408_clip009_s001,1670408_clip009_s001,1670408,2025-03-22,afternoon,autumn,train,13.003,resources/site_257_bowra-dry-a/mvp2_per_cell_dataset/clips/0118_1670408_clip009_s001/audio.wav,"afternoon autumn ambient soundscape, Bowra dry woodland, Australia, hot (33C), dry air, moderate wind, recorded 2025-03-22, no music, no machinery",33.33,33.6,3.16,ok
0119_1670408_clip009_s002,1670408_clip009_s002,1670408,2025-03-22,afternoon,autumn,train,26.564,resources/site_257_bowra-dry-a/mvp2_per_cell_dataset/clips/0119_1670408_clip009_s002/audio.wav,"afternoon autumn ambient soundscape, Bowra dry woodland, Australia, hot (33C), dry air, moderate wind, recorded 2025-03-22, no music, no machinery",33.33,33.6,3.16,ok
0120_1670408_clip013_s000,1670408_clip013_s000,1670408,2025-03-22,afternoon,autumn,train,14.35,resources/site_257_bowra-dry-a/mvp2_per_cell_dataset/clips/0120_1670408_clip013_s000/audio.wav,"afternoon autumn ambient soundscape, Bowra dry woodland, Australia, hot (33C), dry air, moderate wind, recorded 2025-03-22, no music, no machinery",33.33,33.6,3.16,ok
0121_1670408_clip013_s001,1670408_clip013_s001,1670408,2025-03-22,afternoon,autumn,train,44.815,resources/site_257_bowra-dry-a/mvp2_per_cell_dataset/clips/0121_1670408_clip013_s001/audio.wav,"afternoon autumn ambient soundscape, Bowra dry woodland, Australia, hot (33C), dry air, moderate wind, recorded 2025-03-22, no music, no machinery",33.33,33.6,3.16,ok
0122_1670408_clip013_s002,1670408_clip013_s002,1670408,2025-03-22,afternoon,autumn,train,10.983,resources/site_257_bowra-dry-a/mvp2_per_cell_dataset/clips/0122_1670408_clip013_s002/audio.wav,"afternoon autumn ambient soundscape, Bowra dry woodland, Australia, hot (33C), dry air, moderate wind, recorded 2025-03-22, no music, no machinery",33.33,33.6,3.16,ok
0123_1670408_clip013_s003,1670408_clip013_s003,1670408,2025-03-22,afternoon,autumn,train,11.564,resources/site_257_bowra-dry-a/mvp2_per_cell_dataset/clips/0123_1670408_clip013_s003/audio.wav,"afternoon autumn ambient soundscape, Bowra dry woodland, Australia, hot (33C), dry air, moderate wind, recorded 2025-03-22, no music, no machinery",33.33,33.6,3.16,ok
0124_1670408_clip023_s000,1670408_clip023_s000,1670408,2025-03-22,afternoon,autumn,train,11.146,resources/site_257_bowra-dry-a/mvp2_per_cell_dataset/clips/0124_1670408_clip023_s000/audio.wav,"afternoon autumn ambient soundscape, Bowra dry woodland, Australia, hot (33C), dry air, moderate wind, recorded 2025-03-22, no music, no machinery",33.33,33.6,3.16,ok
0125_1670408_clip023_s001,1670408_clip023_s001,1670408,2025-03-22,afternoon,autumn,train,12.005,resources/site_257_bowra-dry-a/mvp2_per_cell_dataset/clips/0125_1670408_clip023_s001/audio.wav,"afternoon autumn ambient soundscape, Bowra dry woodland, Australia, hot (33C), dry air, moderate wind, recorded 2025-03-22, no music, no machinery",33.33,33.6,3.16,ok
0126_1672094_clip002_s000,1672094_clip002_s000,1672094,2025-04-14,afternoon,autumn,train,12.608,resources/site_257_bowra-dry-a/mvp2_per_cell_dataset/clips/0126_1672094_clip002_s000/audio.wav,"afternoon autumn ambient soundscape, Bowra dry woodland, Australia, warm (31C), dry air, moderate wind, recorded 2025-04-14, no music, no machinery",30.55,33.63,3.61,ok
0127_1672094_clip002_s001,1672094_clip002_s001,1672094,2025-04-14,afternoon,autumn,train,40.403,resources/site_257_bowra-dry-a/mvp2_per_cell_dataset/clips/0127_1672094_clip002_s001/audio.wav,"afternoon autumn ambient soundscape, Bowra dry woodland, Australia, warm (31C), dry air, moderate wind, recorded 2025-04-14, no music, no machinery",30.55,33.63,3.61,ok
0128_1672094_clip002_s002,1672094_clip002_s002,1672094,2025-04-14,afternoon,autumn,train,14.745,resources/site_257_bowra-dry-a/mvp2_per_cell_dataset/clips/0128_1672094_clip002_s002/audio.wav,"afternoon autumn ambient soundscape, Bowra dry woodland, Australia, warm (31C), dry air, moderate wind, recorded 2025-04-14, no music, no machinery",30.55,33.63,3.61,ok
0129_1672094_clip002_s003,1672094_clip002_s003,1672094,2025-04-14,afternoon,autumn,val,11.61,resources/site_257_bowra-dry-a/mvp2_per_cell_dataset/clips/0129_1672094_clip002_s003/audio.wav,"afternoon autumn ambient soundscape, Bowra dry woodland, Australia, warm (31C), dry air, moderate wind, recorded 2025-04-14, no music, no machinery",30.55,33.63,3.61,ok
0130_1672094_clip004_s000,1672094_clip004_s000,1672094,2025-04-14,afternoon,autumn,train,11.006,resources/site_257_bowra-dry-a/mvp2_per_cell_dataset/clips/0130_1672094_clip004_s000/audio.wav,"afternoon autumn ambient soundscape, Bowra dry woodland, Australia, warm (31C), dry air, moderate wind, recorded 2025-04-14, no music, no machinery",30.55,33.63,3.61,ok
0131_1672094_clip005_s000,1672094_clip005_s000,1672094,2025-04-14,afternoon,autumn,train,13.769,resources/site_257_bowra-dry-a/mvp2_per_cell_dataset/clips/0131_1672094_clip005_s000/audio.wav,"afternoon autumn ambient soundscape, Bowra dry woodland, Australia, warm (31C), dry air, moderate wind, recorded 2025-04-14, no music, no machinery",30.55,33.63,3.61,ok
0132_1672094_clip005_s001,1672094_clip005_s001,1672094,2025-04-14,afternoon,autumn,val,15.441,resources/site_257_bowra-dry-a/mvp2_per_cell_dataset/clips/0132_1672094_clip005_s001/audio.wav,"afternoon autumn ambient soundscape, Bowra dry woodland, Australia, warm (31C), dry air, moderate wind, recorded 2025-04-14, no music, no machinery",30.55,33.63,3.61,ok
0133_1672094_clip005_s002,1672094_clip005_s002,1672094,2025-04-14,afternoon,autumn,train,11.61,resources/site_257_bowra-dry-a/mvp2_per_cell_dataset/clips/0133_1672094_clip005_s002/audio.wav,"afternoon autumn ambient soundscape, Bowra dry woodland, Australia, warm (31C), dry air, moderate wind, recorded 2025-04-14, no music, no machinery",30.55,33.63,3.61,ok
0134_1672094_clip005_s003,1672094_clip005_s003,1672094,2025-04-14,afternoon,autumn,train,10.263,resources/site_257_bowra-dry-a/mvp2_per_cell_dataset/clips/0134_1672094_clip005_s003/audio.wav,"afternoon autumn ambient soundscape, Bowra dry woodland, Australia, warm (31C), dry air, moderate wind, recorded 2025-04-14, no music, no machinery",30.55,33.63,3.61,ok
0135_1672094_clip005_s004,1672094_clip005_s004,1672094,2025-04-14,afternoon,autumn,train,10.217,resources/site_257_bowra-dry-a/mvp2_per_cell_dataset/clips/0135_1672094_clip005_s004/audio.wav,"afternoon autumn ambient soundscape, Bowra dry woodland, Australia, warm (31C), dry air, moderate wind, recorded 2025-04-14, no music, no machinery",30.55,33.63,3.61,ok
0136_1672094_clip005_s005,1672094_clip005_s005,1672094,2025-04-14,afternoon,autumn,train,13.328,resources/site_257_bowra-dry-a/mvp2_per_cell_dataset/clips/0136_1672094_clip005_s005/audio.wav,"afternoon autumn ambient soundscape, Bowra dry woodland, Australia, warm (31C), dry air, moderate wind, recorded 2025-04-14, no music, no machinery",30.55,33.63,3.61,ok
0137_1672094_clip006_s000,1672094_clip006_s000,1672094,2025-04-14,afternoon,autumn,val,10.728,resources/site_257_bowra-dry-a/mvp2_per_cell_dataset/clips/0137_1672094_clip006_s000/audio.wav,"afternoon autumn ambient soundscape, Bowra dry woodland, Australia, warm (31C), dry air, moderate wind, recorded 2025-04-14, no music, no machinery",30.55,33.63,3.61,ok
0138_1676142_clip001_s000,1676142_clip001_s000,1676142,2025-04-18,afternoon,autumn,train,20.921,resources/site_257_bowra-dry-a/mvp2_per_cell_dataset/clips/0138_1676142_clip001_s000/audio.wav,"afternoon autumn ambient soundscape, Bowra dry woodland, Australia, warm (28C), dry air, moderate wind, recorded 2025-04-18, no music, no machinery",28.27,21.75,2.56,ok
0139_1676142_clip005_s000,1676142_clip005_s000,1676142,2025-04-18,afternoon,autumn,val,13.793,resources/site_257_bowra-dry-a/mvp2_per_cell_dataset/clips/0139_1676142_clip005_s000/audio.wav,"afternoon autumn ambient soundscape, Bowra dry woodland, Australia, warm (28C), dry air, moderate wind, recorded 2025-04-18, no music, no machinery",28.27,21.75,2.56,ok
0140_1676142_clip009_s000,1676142_clip009_s000,1676142,2025-04-18,afternoon,autumn,train,10.194,resources/site_257_bowra-dry-a/mvp2_per_cell_dataset/clips/0140_1676142_clip009_s000/audio.wav,"afternoon autumn ambient soundscape, Bowra dry woodland, Australia, warm (28C), dry air, moderate wind, recorded 2025-04-18, no music, no machinery",28.27,21.75,2.56,ok
0141_1676142_clip010_s000,1676142_clip010_s000,1676142,2025-04-18,afternoon,autumn,train,10.844,resources/site_257_bowra-dry-a/mvp2_per_cell_dataset/clips/0141_1676142_clip010_s000/audio.wav,"afternoon autumn ambient soundscape, Bowra dry woodland, Australia, warm (28C), dry air, moderate wind, recorded 2025-04-18, no music, no machinery",28.27,21.75,2.56,ok
0142_1676142_clip012_s000,1676142_clip012_s000,1676142,2025-04-18,afternoon,autumn,train,15.139,resources/site_257_bowra-dry-a/mvp2_per_cell_dataset/clips/0142_1676142_clip012_s000/audio.wav,"afternoon autumn ambient soundscape, Bowra dry woodland, Australia, warm (28C), dry air, moderate wind, recorded 2025-04-18, no music, no machinery",28.27,21.75,2.56,ok
0143_1676142_clip014_s000,1676142_clip014_s000,1676142,2025-04-18,afternoon,autumn,train,11.889,resources/site_257_bowra-dry-a/mvp2_per_cell_dataset/clips/0143_1676142_clip014_s000/audio.wav,"afternoon autumn ambient soundscape, Bowra dry woodland, Australia, warm (28C), dry air, moderate wind, recorded 2025-04-18, no music, no machinery",28.27,21.75,2.56,ok
0144_1676142_clip014_s001,1676142_clip014_s001,1676142,2025-04-18,afternoon,autumn,train,10.519,resources/site_257_bowra-dry-a/mvp2_per_cell_dataset/clips/0144_1676142_clip014_s001/audio.wav,"afternoon autumn ambient soundscape, Bowra dry woodland, Australia, warm (28C), dry air, moderate wind, recorded 2025-04-18, no music, no machinery",28.27,21.75,2.56,ok
0145_1676142_clip014_s002,1676142_clip014_s002,1676142,2025-04-18,afternoon,autumn,train,10.217,resources/site_257_bowra-dry-a/mvp2_per_cell_dataset/clips/0145_1676142_clip014_s002/audio.wav,"afternoon autumn ambient soundscape, Bowra dry woodland, Australia, warm (28C), dry air, moderate wind, recorded 2025-04-18, no music, no machinery",28.27,21.75,2.56,ok
0146_1676142_clip014_s003,1676142_clip014_s003,1676142,2025-04-18,afternoon,autumn,train,15.232,resources/site_257_bowra-dry-a/mvp2_per_cell_dataset/clips/0146_1676142_clip014_s003/audio.wav,"afternoon autumn ambient soundscape, Bowra dry woodland, Australia, warm (28C), dry air, moderate wind, recorded 2025-04-18, no music, no machinery",28.27,21.75,2.56,ok
0147_1676142_clip014_s004,1676142_clip014_s004,1676142,2025-04-18,afternoon,autumn,train,11.981,resources/site_257_bowra-dry-a/mvp2_per_cell_dataset/clips/0147_1676142_clip014_s004/audio.wav,"afternoon autumn ambient soundscape, Bowra dry woodland, Australia, warm (28C), dry air, moderate wind, recorded 2025-04-18, no music, no machinery",28.27,21.75,2.56,ok
0148_1676142_clip015_s000,1676142_clip015_s000,1676142,2025-04-18,afternoon,autumn,train,10.635,resources/site_257_bowra-dry-a/mvp2_per_cell_dataset/clips/0148_1676142_clip015_s000/audio.wav,"afternoon autumn ambient soundscape, Bowra dry woodland, Australia, warm (28C), dry air, moderate wind, recorded 2025-04-18, no music, no machinery",28.27,21.75,2.56,ok
0149_1676142_clip015_s001,1676142_clip015_s001,1676142,2025-04-18,afternoon,autumn,val,10.008,resources/site_257_bowra-dry-a/mvp2_per_cell_dataset/clips/0149_1676142_clip015_s001/audio.wav,"afternoon autumn ambient soundscape, Bowra dry woodland, Australia, warm (28C), dry air, moderate wind, recorded 2025-04-18, no music, no machinery",28.27,21.75,2.56,ok
0150_1676142_clip015_s002,1676142_clip015_s002,1676142,2025-04-18,afternoon,autumn,train,13.003,resources/site_257_bowra-dry-a/mvp2_per_cell_dataset/clips/0150_1676142_clip015_s002/audio.wav,"afternoon autumn ambient soundscape, Bowra dry woodland, Australia, warm (28C), dry air, moderate wind, recorded 2025-04-18, no music, no machinery",28.27,21.75,2.56,ok
0151_1676142_clip016_s000,1676142_clip016_s000,1676142,2025-04-18,afternoon,autumn,train,13.653,resources/site_257_bowra-dry-a/mvp2_per_cell_dataset/clips/0151_1676142_clip016_s000/audio.wav,"afternoon autumn ambient soundscape, Bowra dry woodland, Australia, warm (28C), dry air, moderate wind, recorded 2025-04-18, no music, no machinery",28.27,21.75,2.56,ok
0152_1676142_clip016_s001,1676142_clip016_s001,1676142,2025-04-18,afternoon,autumn,train,13.003,resources/site_257_bowra-dry-a/mvp2_per_cell_dataset/clips/0152_1676142_clip016_s001/audio.wav,"afternoon autumn ambient soundscape, Bowra dry woodland, Australia, warm (28C), dry air, moderate wind, recorded 2025-04-18, no music, no machinery",28.27,21.75,2.56,ok
0153_1676142_clip016_s002,1676142_clip016_s002,1676142,2025-04-18,afternoon,autumn,train,18.715,resources/site_257_bowra-dry-a/mvp2_per_cell_dataset/clips/0153_1676142_clip016_s002/audio.wav,"afternoon autumn ambient soundscape, Bowra dry woodland, Australia, warm (28C), dry air, moderate wind, recorded 2025-04-18, no music, no machinery",28.27,21.75,2.56,ok
0154_1672923_clip001_s000,1672923_clip001_s000,1672923,2025-05-07,afternoon,autumn,train,28.979,resources/site_257_bowra-dry-a/mvp2_per_cell_dataset/clips/0154_1672923_clip001_s000/audio.wav,"afternoon autumn ambient soundscape, Bowra dry woodland, Australia, warm (27C), dry air, moderate wind, recorded 2025-05-07, no music, no machinery",26.64,38.25,2.46,ok
0155_1672923_clip001_s001,1672923_clip001_s001,1672923,2025-05-07,afternoon,autumn,train,14.768,resources/site_257_bowra-dry-a/mvp2_per_cell_dataset/clips/0155_1672923_clip001_s001/audio.wav,"afternoon autumn ambient soundscape, Bowra dry woodland, Australia, warm (27C), dry air, moderate wind, recorded 2025-05-07, no music, no machinery",26.64,38.25,2.46,ok
0156_1672923_clip002_s000,1672923_clip002_s000,1672923,2025-05-07,afternoon,autumn,train,10.008,resources/site_257_bowra-dry-a/mvp2_per_cell_dataset/clips/0156_1672923_clip002_s000/audio.wav,"afternoon autumn ambient soundscape, Bowra dry woodland, Australia, warm (27C), dry air, moderate wind, recorded 2025-05-07, no music, no machinery",26.64,38.25,2.46,ok
0157_1672923_clip004_s000,1672923_clip004_s000,1672923,2025-05-07,afternoon,autumn,train,15.79,resources/site_257_bowra-dry-a/mvp2_per_cell_dataset/clips/0157_1672923_clip004_s000/audio.wav,"afternoon autumn ambient soundscape, Bowra dry woodland, Australia, warm (27C), dry air, moderate wind, recorded 2025-05-07, no music, no machinery",26.64,38.25,2.46,ok
0158_1672923_clip004_s001,1672923_clip004_s001,1672923,2025-05-07,afternoon,autumn,train,11.494,resources/site_257_bowra-dry-a/mvp2_per_cell_dataset/clips/0158_1672923_clip004_s001/audio.wav,"afternoon autumn ambient soundscape, Bowra dry woodland, Australia, warm (27C), dry air, moderate wind, recorded 2025-05-07, no music, no machinery",26.64,38.25,2.46,ok
0159_1672923_clip004_s002,1672923_clip004_s002,1672923,2025-05-07,afternoon,autumn,train,21.92,resources/site_257_bowra-dry-a/mvp2_per_cell_dataset/clips/0159_1672923_clip004_s002/audio.wav,"afternoon autumn ambient soundscape, Bowra dry woodland, Australia, warm (27C), dry air, moderate wind, recorded 2025-05-07, no music, no machinery",26.64,38.25,2.46,ok
0160_1681672_clip008_s000,1681672_clip008_s000,1681672,2025-05-23,afternoon,autumn,train,14.048,resources/site_257_bowra-dry-a/mvp2_per_cell_dataset/clips/0160_1681672_clip008_s000/audio.wav,"afternoon autumn ambient soundscape, Bowra dry woodland, Australia, mild (20C), dry air, moderate wind, recorded 2025-05-23, no music, no machinery",20.06,29.58,3.31,ok
0161_1681672_clip013_s000,1681672_clip013_s000,1681672,2025-05-23,afternoon,autumn,train,10.728,resources/site_257_bowra-dry-a/mvp2_per_cell_dataset/clips/0161_1681672_clip013_s000/audio.wav,"afternoon autumn ambient soundscape, Bowra dry woodland, Australia, mild (20C), dry air, moderate wind, recorded 2025-05-23, no music, no machinery",20.06,29.58,3.31,ok
0162_1681672_clip015_s000,1681672_clip015_s000,1681672,2025-05-23,afternoon,autumn,train,10.658,resources/site_257_bowra-dry-a/mvp2_per_cell_dataset/clips/0162_1681672_clip015_s000/audio.wav,"afternoon autumn ambient soundscape, Bowra dry woodland, Australia, mild (20C), dry air, moderate wind, recorded 2025-05-23, no music, no machinery",20.06,29.58,3.31,ok
0163_1681672_clip015_s001,1681672_clip015_s001,1681672,2025-05-23,afternoon,autumn,train,20.828,resources/site_257_bowra-dry-a/mvp2_per_cell_dataset/clips/0163_1681672_clip015_s001/audio.wav,"afternoon autumn ambient soundscape, Bowra dry woodland, Australia, mild (20C), dry air, moderate wind, recorded 2025-05-23, no music, no machinery",20.06,29.58,3.31,ok
0164_1681672_clip015_s002,1681672_clip015_s002,1681672,2025-05-23,afternoon,autumn,train,24.706,resources/site_257_bowra-dry-a/mvp2_per_cell_dataset/clips/0164_1681672_clip015_s002/audio.wav,"afternoon autumn ambient soundscape, Bowra dry woodland, Australia, mild (20C), dry air, moderate wind, recorded 2025-05-23, no music, no machinery",20.06,29.58,3.31,ok
0165_1681672_clip015_s003,1681672_clip015_s003,1681672,2025-05-23,afternoon,autumn,train,23.336,resources/site_257_bowra-dry-a/mvp2_per_cell_dataset/clips/0165_1681672_clip015_s003/audio.wav,"afternoon autumn ambient soundscape, Bowra dry woodland, Australia, mild (20C), dry air, moderate wind, recorded 2025-05-23, no music, no machinery",20.06,29.58,3.31,ok
0166_1681672_clip015_s004,1681672_clip015_s004,1681672,2025-05-23,afternoon,autumn,train,15.023,resources/site_257_bowra-dry-a/mvp2_per_cell_dataset/clips/0166_1681672_clip015_s004/audio.wav,"afternoon autumn ambient soundscape, Bowra dry woodland, Australia, mild (20C), dry air, moderate wind, recorded 2025-05-23, no music, no machinery",20.06,29.58,3.31,ok
0167_1681672_clip015_s005,1681672_clip015_s005,1681672,2025-05-23,afternoon,autumn,train,24.056,resources/site_257_bowra-dry-a/mvp2_per_cell_dataset/clips/0167_1681672_clip015_s005/audio.wav,"afternoon autumn ambient soundscape, Bowra dry woodland, Australia, mild (20C), dry air, moderate wind, recorded 2025-05-23, no music, no machinery",20.06,29.58,3.31,ok
0168_1681672_clip015_s006,1681672_clip015_s006,1681672,2025-05-23,afternoon,autumn,train,36.618,resources/site_257_bowra-dry-a/mvp2_per_cell_dataset/clips/0168_1681672_clip015_s006/audio.wav,"afternoon autumn ambient soundscape, Bowra dry woodland, Australia, mild (20C), dry air, moderate wind, recorded 2025-05-23, no music, no machinery",20.06,29.58,3.31,ok
0169_1681672_clip016_s000,1681672_clip016_s000,1681672,2025-05-23,afternoon,autumn,train,11.773,resources/site_257_bowra-dry-a/mvp2_per_cell_dataset/clips/0169_1681672_clip016_s000/audio.wav,"afternoon autumn ambient soundscape, Bowra dry woodland, Australia, mild (20C), dry air, moderate wind, recorded 2025-05-23, no music, no machinery",20.06,29.58,3.31,ok
0170_1681672_clip020_s000,1681672_clip020_s000,1681672,2025-05-23,afternoon,autumn,train,14.698,resources/site_257_bowra-dry-a/mvp2_per_cell_dataset/clips/0170_1681672_clip020_s000/audio.wav,"afternoon autumn ambient soundscape, Bowra dry woodland, Australia, mild (20C), dry air, moderate wind, recorded 2025-05-23, no music, no machinery",20.06,29.58,3.31,ok
0171_1681672_clip021_s000,1681672_clip021_s000,1681672,2025-05-23,afternoon,autumn,train,11.238,resources/site_257_bowra-dry-a/mvp2_per_cell_dataset/clips/0171_1681672_clip021_s000/audio.wav,"afternoon autumn ambient soundscape, Bowra dry woodland, Australia, mild (20C), dry air, moderate wind, recorded 2025-05-23, no music, no machinery",20.06,29.58,3.31,ok
0172_1681672_clip021_s001,1681672_clip021_s001,1681672,2025-05-23,afternoon,autumn,train,16.208,resources/site_257_bowra-dry-a/mvp2_per_cell_dataset/clips/0172_1681672_clip021_s001/audio.wav,"afternoon autumn ambient soundscape, Bowra dry woodland, Australia, mild (20C), dry air, moderate wind, recorded 2025-05-23, no music, no machinery",20.06,29.58,3.31,ok
0173_1681672_clip021_s002,1681672_clip021_s002,1681672,2025-05-23,afternoon,autumn,train,14.164,resources/site_257_bowra-dry-a/mvp2_per_cell_dataset/clips/0173_1681672_clip021_s002/audio.wav,"afternoon autumn ambient soundscape, Bowra dry woodland, Australia, mild (20C), dry air, moderate wind, recorded 2025-05-23, no music, no machinery",20.06,29.58,3.31,ok
0174_1681672_clip021_s003,1681672_clip021_s003,1681672,2025-05-23,afternoon,autumn,val,13.816,resources/site_257_bowra-dry-a/mvp2_per_cell_dataset/clips/0174_1681672_clip021_s003/audio.wav,"afternoon autumn ambient soundscape, Bowra dry woodland, Australia, mild (20C), dry air, moderate wind, recorded 2025-05-23, no music, no machinery",20.06,29.58,3.31,ok
0175_1681672_clip021_s004,1681672_clip021_s004,1681672,2025-05-23,afternoon,autumn,train,11.494,resources/site_257_bowra-dry-a/mvp2_per_cell_dataset/clips/0175_1681672_clip021_s004/audio.wav,"afternoon autumn ambient soundscape, Bowra dry woodland, Australia, mild (20C), dry air, moderate wind, recorded 2025-05-23, no music, no machinery",20.06,29.58,3.31,ok
0176_1681672_clip021_s005,1681672_clip021_s005,1681672,2025-05-23,afternoon,autumn,train,12.144,resources/site_257_bowra-dry-a/mvp2_per_cell_dataset/clips/0176_1681672_clip021_s005/audio.wav,"afternoon autumn ambient soundscape, Bowra dry woodland, Australia, mild (20C), dry air, moderate wind, recorded 2025-05-23, no music, no machinery",20.06,29.58,3.31,ok
0177_1681672_clip021_s006,1681672_clip021_s006,1681672,2025-05-23,afternoon,autumn,train,17.647,resources/site_257_bowra-dry-a/mvp2_per_cell_dataset/clips/0177_1681672_clip021_s006/audio.wav,"afternoon autumn ambient soundscape, Bowra dry woodland, Australia, mild (20C), dry air, moderate wind, recorded 2025-05-23, no music, no machinery",20.06,29.58,3.31,ok
0178_1681672_clip021_s007,1681672_clip021_s007,1681672,2025-05-23,afternoon,autumn,train,13.746,resources/site_257_bowra-dry-a/mvp2_per_cell_dataset/clips/0178_1681672_clip021_s007/audio.wav,"afternoon autumn ambient soundscape, Bowra dry woodland, Australia, mild (20C), dry air, moderate wind, recorded 2025-05-23, no music, no machinery",20.06,29.58,3.31,ok
0179_1681672_clip022_s000,1681672_clip022_s000,1681672,2025-05-23,afternoon,autumn,train,11.262,resources/site_257_bowra-dry-a/mvp2_per_cell_dataset/clips/0179_1681672_clip022_s000/audio.wav,"afternoon autumn ambient soundscape, Bowra dry woodland, Australia, mild (20C), dry air, moderate wind, recorded 2025-05-23, no music, no machinery",20.06,29.58,3.31,ok
0180_1681672_clip022_s001,1681672_clip022_s001,1681672,2025-05-23,afternoon,autumn,train,14.745,resources/site_257_bowra-dry-a/mvp2_per_cell_dataset/clips/0180_1681672_clip022_s001/audio.wav,"afternoon autumn ambient soundscape, Bowra dry woodland, Australia, mild (20C), dry air, moderate wind, recorded 2025-05-23, no music, no machinery",20.06,29.58,3.31,ok
0181_1681672_clip023_s000,1681672_clip023_s000,1681672,2025-05-23,afternoon,autumn,train,11.656,resources/site_257_bowra-dry-a/mvp2_per_cell_dataset/clips/0181_1681672_clip023_s000/audio.wav,"afternoon autumn ambient soundscape, Bowra dry woodland, Australia, mild (20C), dry air, moderate wind, recorded 2025-05-23, no music, no machinery",20.06,29.58,3.31,ok
0182_216086_clip002_s000,216086_clip002_s000,216086,2020-03-02,dawn,autumn,train,11.146,resources/site_257_bowra-dry-a/mvp2_per_cell_dataset/clips/0182_216086_clip002_s000/audio.wav,"dawn autumn ambient soundscape, Bowra dry woodland, Australia, mild (24C), dry air, light breeze, recorded 2020-03-02, no music, no machinery",23.71,30.12,1.04,ok
0183_216086_clip003_s000,216086_clip003_s000,216086,2020-03-02,dawn,autumn,train,11.68,resources/site_257_bowra-dry-a/mvp2_per_cell_dataset/clips/0183_216086_clip003_s000/audio.wav,"dawn autumn ambient soundscape, Bowra dry woodland, Australia, mild (24C), dry air, light breeze, recorded 2020-03-02, no music, no machinery",23.71,30.12,1.04,ok
0184_216086_clip007_s000,216086_clip007_s000,216086,2020-03-02,dawn,autumn,train,12.283,resources/site_257_bowra-dry-a/mvp2_per_cell_dataset/clips/0184_216086_clip007_s000/audio.wav,"dawn autumn ambient soundscape, Bowra dry woodland, Australia, mild (24C), dry air, light breeze, recorded 2020-03-02, no music, no machinery",23.71,30.12,1.04,ok
0185_216086_clip011_s000,216086_clip011_s000,216086,2020-03-02,dawn,autumn,train,11.68,resources/site_257_bowra-dry-a/mvp2_per_cell_dataset/clips/0185_216086_clip011_s000/audio.wav,"dawn autumn ambient soundscape, Bowra dry woodland, Australia, mild (24C), dry air, light breeze, recorded 2020-03-02, no music, no machinery",23.71,30.12,1.04,ok
0186_216086_clip011_s001,216086_clip011_s001,216086,2020-03-02,dawn,autumn,train,12.423,resources/site_257_bowra-dry-a/mvp2_per_cell_dataset/clips/0186_216086_clip011_s001/audio.wav,"dawn autumn ambient soundscape, Bowra dry woodland, Australia, mild (24C), dry air, light breeze, recorded 2020-03-02, no music, no machinery",23.71,30.12,1.04,ok
0187_216086_clip013_s000,216086_clip013_s000,216086,2020-03-02,dawn,autumn,train,10.495,resources/site_257_bowra-dry-a/mvp2_per_cell_dataset/clips/0187_216086_clip013_s000/audio.wav,"dawn autumn ambient soundscape, Bowra dry woodland, Australia, mild (24C), dry air, light breeze, recorded 2020-03-02, no music, no machinery",23.71,30.12,1.04,ok
0188_216086_clip014_s000,216086_clip014_s000,216086,2020-03-02,dawn,autumn,train,13.63,resources/site_257_bowra-dry-a/mvp2_per_cell_dataset/clips/0188_216086_clip014_s000/audio.wav,"dawn autumn ambient soundscape, Bowra dry woodland, Australia, mild (24C), dry air, light breeze, recorded 2020-03-02, no music, no machinery",23.71,30.12,1.04,ok
0189_216086_clip014_s001,216086_clip014_s001,216086,2020-03-02,dawn,autumn,train,15.116,resources/site_257_bowra-dry-a/mvp2_per_cell_dataset/clips/0189_216086_clip014_s001/audio.wav,"dawn autumn ambient soundscape, Bowra dry woodland, Australia, mild (24C), dry air, light breeze, recorded 2020-03-02, no music, no machinery",23.71,30.12,1.04,ok
0190_216086_clip014_s002,216086_clip014_s002,216086,2020-03-02,dawn,autumn,train,11.262,resources/site_257_bowra-dry-a/mvp2_per_cell_dataset/clips/0190_216086_clip014_s002/audio.wav,"dawn autumn ambient soundscape, Bowra dry woodland, Australia, mild (24C), dry air, light breeze, recorded 2020-03-02, no music, no machinery",23.71,30.12,1.04,ok
0191_216086_clip015_s000,216086_clip015_s000,216086,2020-03-02,dawn,autumn,train,10.588,resources/site_257_bowra-dry-a/mvp2_per_cell_dataset/clips/0191_216086_clip015_s000/audio.wav,"dawn autumn ambient soundscape, Bowra dry woodland, Australia, mild (24C), dry air, light breeze, recorded 2020-03-02, no music, no machinery",23.71,30.12,1.04,ok
0192_216086_clip016_s000,216086_clip016_s000,216086,2020-03-02,dawn,autumn,train,15.372,resources/site_257_bowra-dry-a/mvp2_per_cell_dataset/clips/0192_216086_clip016_s000/audio.wav,"dawn autumn ambient soundscape, Bowra dry woodland, Australia, mild (24C), dry air, light breeze, recorded 2020-03-02, no music, no machinery",23.71,30.12,1.04,ok
0193_216086_clip018_s000,216086_clip018_s000,216086,2020-03-02,dawn,autumn,train,10.17,resources/site_257_bowra-dry-a/mvp2_per_cell_dataset/clips/0193_216086_clip018_s000/audio.wav,"dawn autumn ambient soundscape, Bowra dry woodland, Australia, mild (24C), dry air, light breeze, recorded 2020-03-02, no music, no machinery",23.71,30.12,1.04,ok
0194_216086_clip020_s000,216086_clip020_s000,216086,2020-03-02,dawn,autumn,train,10.728,resources/site_257_bowra-dry-a/mvp2_per_cell_dataset/clips/0194_216086_clip020_s000/audio.wav,"dawn autumn ambient soundscape, Bowra dry woodland, Australia, mild (24C), dry air, light breeze, recorded 2020-03-02, no music, no machinery",23.71,30.12,1.04,ok
0195_216086_clip023_s000,216086_clip023_s000,216086,2020-03-02,dawn,autumn,val,12.98,resources/site_257_bowra-dry-a/mvp2_per_cell_dataset/clips/0195_216086_clip023_s000/audio.wav,"dawn autumn ambient soundscape, Bowra dry woodland, Australia, mild (24C), dry air, light breeze, recorded 2020-03-02, no music, no machinery",23.71,30.12,1.04,ok
0196_216086_clip024_s000,216086_clip024_s000,216086,2020-03-02,dawn,autumn,train,10.751,resources/site_257_bowra-dry-a/mvp2_per_cell_dataset/clips/0196_216086_clip024_s000/audio.wav,"dawn autumn ambient soundscape, Bowra dry woodland, Australia, mild (24C), dry air, light breeze, recorded 2020-03-02, no music, no machinery",23.71,30.12,1.04,ok
0197_216466_clip011_s000,216466_clip011_s000,216466,2020-04-04,dawn,autumn,train,11.053,resources/site_257_bowra-dry-a/mvp2_per_cell_dataset/clips/0197_216466_clip011_s000/audio.wav,"dawn autumn ambient soundscape, Bowra dry woodland, Australia, cold (14C), humid air, moderate wind, recorded 2020-04-04, no music, no machinery",14.24,84.86,4.18,ok
0198_216466_clip014_s000,216466_clip014_s000,216466,2020-04-04,dawn,autumn,train,12.167,resources/site_257_bowra-dry-a/mvp2_per_cell_dataset/clips/0198_216466_clip014_s000/audio.wav,"dawn autumn ambient soundscape, Bowra dry woodland, Australia, cold (14C), humid air, moderate wind, recorded 2020-04-04, no music, no machinery",14.24,84.86,4.18,ok
0199_216466_clip018_s000,216466_clip018_s000,216466,2020-04-04,dawn,autumn,train,10.379,resources/site_257_bowra-dry-a/mvp2_per_cell_dataset/clips/0199_216466_clip018_s000/audio.wav,"dawn autumn ambient soundscape, Bowra dry woodland, Australia, cold (14C), humid air, moderate wind, recorded 2020-04-04, no music, no machinery",14.24,84.86,4.18,ok
0200_216466_clip020_s000,216466_clip020_s000,216466,2020-04-04,dawn,autumn,train,10.635,resources/site_257_bowra-dry-a/mvp2_per_cell_dataset/clips/0200_216466_clip020_s000/audio.wav,"dawn autumn ambient soundscape, Bowra dry woodland, Australia, cold (14C), humid air, moderate wind, recorded 2020-04-04, no music, no machinery",14.24,84.86,4.18,ok
0201_216466_clip022_s000,216466_clip022_s000,216466,2020-04-04,dawn,autumn,train,10.124,resources/site_257_bowra-dry-a/mvp2_per_cell_dataset/clips/0201_216466_clip022_s000/audio.wav,"dawn autumn ambient soundscape, Bowra dry woodland, Australia, cold (14C), humid air, moderate wind, recorded 2020-04-04, no music, no machinery",14.24,84.86,4.18,ok
0202_216595_clip010_s000,216595_clip010_s000,216595,2020-04-15,dawn,autumn,train,10.844,resources/site_257_bowra-dry-a/mvp2_per_cell_dataset/clips/0202_216595_clip010_s000/audio.wav,"dawn autumn ambient soundscape, Bowra dry woodland, Australia, cold (12C), humid air, moderate wind, recorded 2020-04-15, no music, no machinery",12.26,91.58,2.28,ok
0203_1313384_clip001_s000,1313384_clip001_s000,1313384,2023-04-09,dawn,autumn,train,11.285,resources/site_257_bowra-dry-a/mvp2_per_cell_dataset/clips/0203_1313384_clip001_s000/audio.wav,"dawn autumn ambient soundscape, Bowra dry woodland, Australia, cold (13C), moderate humidity, moderate wind, recorded 2023-04-09, no music, no machinery",12.96,64.45,2.89,ok
0204_1313384_clip003_s000,1313384_clip003_s000,1313384,2023-04-09,dawn,autumn,val,10.449,resources/site_257_bowra-dry-a/mvp2_per_cell_dataset/clips/0204_1313384_clip003_s000/audio.wav,"dawn autumn ambient soundscape, Bowra dry woodland, Australia, cold (13C), moderate humidity, moderate wind, recorded 2023-04-09, no music, no machinery",12.96,64.45,2.89,ok
0205_1313384_clip003_s001,1313384_clip003_s001,1313384,2023-04-09,dawn,autumn,val,15.232,resources/site_257_bowra-dry-a/mvp2_per_cell_dataset/clips/0205_1313384_clip003_s001/audio.wav,"dawn autumn ambient soundscape, Bowra dry woodland, Australia, cold (13C), moderate humidity, moderate wind, recorded 2023-04-09, no music, no machinery",12.96,64.45,2.89,ok
0206_1313384_clip005_s000,1313384_clip005_s000,1313384,2023-04-09,dawn,autumn,train,10.379,resources/site_257_bowra-dry-a/mvp2_per_cell_dataset/clips/0206_1313384_clip005_s000/audio.wav,"dawn autumn ambient soundscape, Bowra dry woodland, Australia, cold (13C), moderate humidity, moderate wind, recorded 2023-04-09, no music, no machinery",12.96,64.45,2.89,ok
0207_1313384_clip005_s001,1313384_clip005_s001,1313384,2023-04-09,dawn,autumn,train,10.565,resources/site_257_bowra-dry-a/mvp2_per_cell_dataset/clips/0207_1313384_clip005_s001/audio.wav,"dawn autumn ambient soundscape, Bowra dry woodland, Australia, cold (13C), moderate humidity, moderate wind, recorded 2023-04-09, no music, no machinery",12.96,64.45,2.89,ok
0208_1313384_clip006_s000,1313384_clip006_s000,1313384,2023-04-09,dawn,autumn,train,11.215,resources/site_257_bowra-dry-a/mvp2_per_cell_dataset/clips/0208_1313384_clip006_s000/audio.wav,"dawn autumn ambient soundscape, Bowra dry woodland, Australia, cold (13C), moderate humidity, moderate wind, recorded 2023-04-09, no music, no machinery",12.96,64.45,2.89,ok
0209_1313384_clip006_s001,1313384_clip006_s001,1313384,2023-04-09,dawn,autumn,train,10.031,resources/site_257_bowra-dry-a/mvp2_per_cell_dataset/clips/0209_1313384_clip006_s001/audio.wav,"dawn autumn ambient soundscape, Bowra dry woodland, Australia, cold (13C), moderate humidity, moderate wind, recorded 2023-04-09, no music, no machinery",12.96,64.45,2.89,ok
0210_1313384_clip006_s002,1313384_clip006_s002,1313384,2023-04-09,dawn,autumn,val,14.396,resources/site_257_bowra-dry-a/mvp2_per_cell_dataset/clips/0210_1313384_clip006_s002/audio.wav,"dawn autumn ambient soundscape, Bowra dry woodland, Australia, cold (13C), moderate humidity, moderate wind, recorded 2023-04-09, no music, no machinery",12.96,64.45,2.89,ok
0211_1313285_clip004_s000,1313285_clip004_s000,1313285,2023-05-10,dawn,autumn,train,12.957,resources/site_257_bowra-dry-a/mvp2_per_cell_dataset/clips/0211_1313285_clip004_s000/audio.wav,"dawn autumn ambient soundscape, Bowra dry woodland, Australia, cold (6C), humid air, light breeze, recorded 2023-05-10, no music, no machinery",5.52,90.76,1.85,ok
0212_1313285_clip004_s001,1313285_clip004_s001,1313285,2023-05-10,dawn,autumn,train,15.139,resources/site_257_bowra-dry-a/mvp2_per_cell_dataset/clips/0212_1313285_clip004_s001/audio.wav,"dawn autumn ambient soundscape, Bowra dry woodland, Australia, cold (6C), humid air, light breeze, recorded 2023-05-10, no music, no machinery",5.52,90.76,1.85,ok
0213_1313285_clip004_s002,1313285_clip004_s002,1313285,2023-05-10,dawn,autumn,train,11.401,resources/site_257_bowra-dry-a/mvp2_per_cell_dataset/clips/0213_1313285_clip004_s002/audio.wav,"dawn autumn ambient soundscape, Bowra dry woodland, Australia, cold (6C), humid air, light breeze, recorded 2023-05-10, no music, no machinery",5.52,90.76,1.85,ok
0214_1313285_clip006_s000,1313285_clip006_s000,1313285,2023-05-10,dawn,autumn,train,12.794,resources/site_257_bowra-dry-a/mvp2_per_cell_dataset/clips/0214_1313285_clip006_s000/audio.wav,"dawn autumn ambient soundscape, Bowra dry woodland, Australia, cold (6C), humid air, light breeze, recorded 2023-05-10, no music, no machinery",5.52,90.76,1.85,ok
0215_1313484_clip001_s000,1313484_clip001_s000,1313484,2023-05-23,dawn,autumn,train,12.748,resources/site_257_bowra-dry-a/mvp2_per_cell_dataset/clips/0215_1313484_clip001_s000/audio.wav,"dawn autumn ambient soundscape, Bowra dry woodland, Australia, cold (5C), moderate humidity, light breeze, recorded 2023-05-23, no music, no machinery",5.31,62.6,1.3,ok
0216_1313484_clip003_s000,1313484_clip003_s000,1313484,2023-05-23,dawn,autumn,train,12.539,resources/site_257_bowra-dry-a/mvp2_per_cell_dataset/clips/0216_1313484_clip003_s000/audio.wav,"dawn autumn ambient soundscape, Bowra dry woodland, Australia, cold (5C), moderate humidity, light breeze, recorded 2023-05-23, no music, no machinery",5.31,62.6,1.3,ok
0217_1313484_clip003_s001,1313484_clip003_s001,1313484,2023-05-23,dawn,autumn,train,13.769,resources/site_257_bowra-dry-a/mvp2_per_cell_dataset/clips/0217_1313484_clip003_s001/audio.wav,"dawn autumn ambient soundscape, Bowra dry woodland, Australia, cold (5C), moderate humidity, light breeze, recorded 2023-05-23, no music, no machinery",5.31,62.6,1.3,ok
0218_1313484_clip003_s002,1313484_clip003_s002,1313484,2023-05-23,dawn,autumn,train,20.48,resources/site_257_bowra-dry-a/mvp2_per_cell_dataset/clips/0218_1313484_clip003_s002/audio.wav,"dawn autumn ambient soundscape, Bowra dry woodland, Australia, cold (5C), moderate humidity, light breeze, recorded 2023-05-23, no music, no machinery",5.31,62.6,1.3,ok
0219_1313484_clip004_s000,1313484_clip004_s000,1313484,2023-05-23,dawn,autumn,train,17.926,resources/site_257_bowra-dry-a/mvp2_per_cell_dataset/clips/0219_1313484_clip004_s000/audio.wav,"dawn autumn ambient soundscape, Bowra dry woodland, Australia, cold (5C), moderate humidity, light breeze, recorded 2023-05-23, no music, no machinery",5.31,62.6,1.3,ok
0220_1313484_clip004_s001,1313484_clip004_s001,1313484,2023-05-23,dawn,autumn,train,12.098,resources/site_257_bowra-dry-a/mvp2_per_cell_dataset/clips/0220_1313484_clip004_s001/audio.wav,"dawn autumn ambient soundscape, Bowra dry woodland, Australia, cold (5C), moderate humidity, light breeze, recorded 2023-05-23, no music, no machinery",5.31,62.6,1.3,ok
0221_1313484_clip005_s000,1313484_clip005_s000,1313484,2023-05-23,dawn,autumn,train,11.401,resources/site_257_bowra-dry-a/mvp2_per_cell_dataset/clips/0221_1313484_clip005_s000/audio.wav,"dawn autumn ambient soundscape, Bowra dry woodland, Australia, cold (5C), moderate humidity, light breeze, recorded 2023-05-23, no music, no machinery",5.31,62.6,1.3,ok
0222_1313484_clip006_s000,1313484_clip006_s000,1313484,2023-05-23,dawn,autumn,train,12.19,resources/site_257_bowra-dry-a/mvp2_per_cell_dataset/clips/0222_1313484_clip006_s000/audio.wav,"dawn autumn ambient soundscape, Bowra dry woodland, Australia, cold (5C), moderate humidity, light breeze, recorded 2023-05-23, no music, no machinery",5.31,62.6,1.3,ok
0223_1313484_clip006_s001,1313484_clip006_s001,1313484,2023-05-23,dawn,autumn,train,12.771,resources/site_257_bowra-dry-a/mvp2_per_cell_dataset/clips/0223_1313484_clip006_s001/audio.wav,"dawn autumn ambient soundscape, Bowra dry woodland, Australia, cold (5C), moderate humidity, light breeze, recorded 2023-05-23, no music, no machinery",5.31,62.6,1.3,ok
0224_1313484_clip006_s002,1313484_clip006_s002,1313484,2023-05-23,dawn,autumn,train,10.472,resources/site_257_bowra-dry-a/mvp2_per_cell_dataset/clips/0224_1313484_clip006_s002/audio.wav,"dawn autumn ambient soundscape, Bowra dry woodland, Australia, cold (5C), moderate humidity, light breeze, recorded 2023-05-23, no music, no machinery",5.31,62.6,1.3,ok
0225_1313484_clip007_s000,1313484_clip007_s000,1313484,2023-05-23,dawn,autumn,train,10.751,resources/site_257_bowra-dry-a/mvp2_per_cell_dataset/clips/0225_1313484_clip007_s000/audio.wav,"dawn autumn ambient soundscape, Bowra dry woodland, Australia, cold (5C), moderate humidity, light breeze, recorded 2023-05-23, no music, no machinery",5.31,62.6,1.3,ok
0226_1402571_clip018_s000,1402571_clip018_s000,1402571,2024-03-06,dawn,autumn,train,11.122,resources/site_257_bowra-dry-a/mvp2_per_cell_dataset/clips/0226_1402571_clip018_s000/audio.wav,"dawn autumn ambient soundscape, Bowra dry woodland, Australia, warm (27C), moderate humidity, moderate wind, recorded 2024-03-06, no music, no machinery",26.62,51.56,3.29,ok
0227_1535548_clip005_s000,1535548_clip005_s000,1535548,2024-04-10,dawn,autumn,train,11.773,resources/site_257_bowra-dry-a/mvp2_per_cell_dataset/clips/0227_1535548_clip005_s000/audio.wav,"dawn autumn ambient soundscape, Bowra dry woodland, Australia, cold (9C), moderate humidity, moderate wind, recorded 2024-04-10, no music, no machinery",9.07,69.99,2.74,ok
0228_1534205_clip020_s000,1534205_clip020_s000,1534205,2024-04-23,dawn,autumn,val,11.215,resources/site_257_bowra-dry-a/mvp2_per_cell_dataset/clips/0228_1534205_clip020_s000/audio.wav,"dawn autumn ambient soundscape, Bowra dry woodland, Australia, cold (13C), moderate humidity, light breeze, recorded 2024-04-23, no music, no machinery",13.28,66.58,1.93,ok
0229_1534205_clip020_s001,1534205_clip020_s001,1534205,2024-04-23,dawn,autumn,train,11.146,resources/site_257_bowra-dry-a/mvp2_per_cell_dataset/clips/0229_1534205_clip020_s001/audio.wav,"dawn autumn ambient soundscape, Bowra dry woodland, Australia, cold (13C), moderate humidity, light breeze, recorded 2024-04-23, no music, no machinery",13.28,66.58,1.93,ok
0230_1534205_clip023_s000,1534205_clip023_s000,1534205,2024-04-23,dawn,autumn,train,11.029,resources/site_257_bowra-dry-a/mvp2_per_cell_dataset/clips/0230_1534205_clip023_s000/audio.wav,"dawn autumn ambient soundscape, Bowra dry woodland, Australia, cold (13C), moderate humidity, light breeze, recorded 2024-04-23, no music, no machinery",13.28,66.58,1.93,ok
0231_1535269_clip009_s000,1535269_clip009_s000,1535269,2024-05-16,dawn,autumn,train,11.68,resources/site_257_bowra-dry-a/mvp2_per_cell_dataset/clips/0231_1535269_clip009_s000/audio.wav,"dawn autumn ambient soundscape, Bowra dry woodland, Australia, cold (11C), humid air, moderate wind, recorded 2024-05-16, no music, no machinery",11.24,81.31,2.17,ok
0232_1535269_clip010_s000,1535269_clip010_s000,1535269,2024-05-16,dawn,autumn,train,12.028,resources/site_257_bowra-dry-a/mvp2_per_cell_dataset/clips/0232_1535269_clip010_s000/audio.wav,"dawn autumn ambient soundscape, Bowra dry woodland, Australia, cold (11C), humid air, moderate wind, recorded 2024-05-16, no music, no machinery",11.24,81.31,2.17,ok
0233_1535269_clip010_s001,1535269_clip010_s001,1535269,2024-05-16,dawn,autumn,train,16.37,resources/site_257_bowra-dry-a/mvp2_per_cell_dataset/clips/0233_1535269_clip010_s001/audio.wav,"dawn autumn ambient soundscape, Bowra dry woodland, Australia, cold (11C), humid air, moderate wind, recorded 2024-05-16, no music, no machinery",11.24,81.31,2.17,ok
0234_1535269_clip013_s000,1535269_clip013_s000,1535269,2024-05-16,dawn,autumn,train,10.751,resources/site_257_bowra-dry-a/mvp2_per_cell_dataset/clips/0234_1535269_clip013_s000/audio.wav,"dawn autumn ambient soundscape, Bowra dry woodland, Australia, cold (11C), humid air, moderate wind, recorded 2024-05-16, no music, no machinery",11.24,81.31,2.17,ok
0235_1535269_clip021_s000,1535269_clip021_s000,1535269,2024-05-16,dawn,autumn,train,10.054,resources/site_257_bowra-dry-a/mvp2_per_cell_dataset/clips/0235_1535269_clip021_s000/audio.wav,"dawn autumn ambient soundscape, Bowra dry woodland, Australia, cold (11C), humid air, moderate wind, recorded 2024-05-16, no music, no machinery",11.24,81.31,2.17,ok
0236_1535269_clip021_s001,1535269_clip021_s001,1535269,2024-05-16,dawn,autumn,train,11.308,resources/site_257_bowra-dry-a/mvp2_per_cell_dataset/clips/0236_1535269_clip021_s001/audio.wav,"dawn autumn ambient soundscape, Bowra dry woodland, Australia, cold (11C), humid air, moderate wind, recorded 2024-05-16, no music, no machinery",11.24,81.31,2.17,ok
0237_1535269_clip023_s000,1535269_clip023_s000,1535269,2024-05-16,dawn,autumn,train,14.234,resources/site_257_bowra-dry-a/mvp2_per_cell_dataset/clips/0237_1535269_clip023_s000/audio.wav,"dawn autumn ambient soundscape, Bowra dry woodland, Australia, cold (11C), humid air, moderate wind, recorded 2024-05-16, no music, no machinery",11.24,81.31,2.17,ok
0238_1670355_clip002_s000,1670355_clip002_s000,1670355,2025-03-02,dawn,autumn,train,10.472,resources/site_257_bowra-dry-a/mvp2_per_cell_dataset/clips/0238_1670355_clip002_s000/audio.wav,"dawn autumn ambient soundscape, Bowra dry woodland, Australia, warm (28C), moderate humidity, moderate wind, recorded 2025-03-02, no music, no machinery",28.14,40.79,2.72,ok
0239_1680496_clip002_s000,1680496_clip002_s000,1680496,2025-05-07,dawn,autumn,train,16.974,resources/site_257_bowra-dry-a/mvp2_per_cell_dataset/clips/0239_1680496_clip002_s000/audio.wav,"dawn autumn ambient soundscape, Bowra dry woodland, Australia, cold (15C), humid air, light breeze, recorded 2025-05-07, no music, no machinery",14.85,84.19,1.36,ok
0240_1680496_clip002_s001,1680496_clip002_s001,1680496,2025-05-07,dawn,autumn,val,10.403,resources/site_257_bowra-dry-a/mvp2_per_cell_dataset/clips/0240_1680496_clip002_s001/audio.wav,"dawn autumn ambient soundscape, Bowra dry woodland, Australia, cold (15C), humid air, light breeze, recorded 2025-05-07, no music, no machinery",14.85,84.19,1.36,ok
0241_216088_clip002_s000,216088_clip002_s000,216088,2020-03-02,morning,autumn,train,10.263,resources/site_257_bowra-dry-a/mvp2_per_cell_dataset/clips/0241_216088_clip002_s000/audio.wav,"morning autumn ambient soundscape, Bowra dry woodland, Australia, warm (31C), dry air, moderate wind, recorded 2020-03-02, no music, no machinery",30.69,23.77,2.63,ok
0242_216088_clip002_s001,216088_clip002_s001,216088,2020-03-02,morning,autumn,train,10.379,resources/site_257_bowra-dry-a/mvp2_per_cell_dataset/clips/0242_216088_clip002_s001/audio.wav,"morning autumn ambient soundscape, Bowra dry woodland, Australia, warm (31C), dry air, moderate wind, recorded 2020-03-02, no music, no machinery",30.69,23.77,2.63,ok
0243_216088_clip003_s000,216088_clip003_s000,216088,2020-03-02,morning,autumn,train,12.446,resources/site_257_bowra-dry-a/mvp2_per_cell_dataset/clips/0243_216088_clip003_s000/audio.wav,"morning autumn ambient soundscape, Bowra dry woodland, Australia, warm (31C), dry air, moderate wind, recorded 2020-03-02, no music, no machinery",30.69,23.77,2.63,ok
0244_216088_clip005_s000,216088_clip005_s000,216088,2020-03-02,morning,autumn,train,10.217,resources/site_257_bowra-dry-a/mvp2_per_cell_dataset/clips/0244_216088_clip005_s000/audio.wav,"morning autumn ambient soundscape, Bowra dry woodland, Australia, warm (31C), dry air, moderate wind, recorded 2020-03-02, no music, no machinery",30.69,23.77,2.63,ok
0245_216088_clip007_s000,216088_clip007_s000,216088,2020-03-02,morning,autumn,train,10.681,resources/site_257_bowra-dry-a/mvp2_per_cell_dataset/clips/0245_216088_clip007_s000/audio.wav,"morning autumn ambient soundscape, Bowra dry woodland, Australia, warm (31C), dry air, moderate wind, recorded 2020-03-02, no music, no machinery",30.69,23.77,2.63,ok
0246_216088_clip013_s000,216088_clip013_s000,216088,2020-03-02,morning,autumn,val,11.029,resources/site_257_bowra-dry-a/mvp2_per_cell_dataset/clips/0246_216088_clip013_s000/audio.wav,"morning autumn ambient soundscape, Bowra dry woodland, Australia, warm (31C), dry air, moderate wind, recorded 2020-03-02, no music, no machinery",30.69,23.77,2.63,ok
0247_216088_clip014_s000,216088_clip014_s000,216088,2020-03-02,morning,autumn,train,10.96,resources/site_257_bowra-dry-a/mvp2_per_cell_dataset/clips/0247_216088_clip014_s000/audio.wav,"morning autumn ambient soundscape, Bowra dry woodland, Australia, warm (31C), dry air, moderate wind, recorded 2020-03-02, no music, no machinery",30.69,23.77,2.63,ok
0248_216088_clip015_s000,216088_clip015_s000,216088,2020-03-02,morning,autumn,train,10.96,resources/site_257_bowra-dry-a/mvp2_per_cell_dataset/clips/0248_216088_clip015_s000/audio.wav,"morning autumn ambient soundscape, Bowra dry woodland, Australia, warm (31C), dry air, moderate wind, recorded 2020-03-02, no music, no machinery",30.69,23.77,2.63,ok
0249_216088_clip015_s001,216088_clip015_s001,216088,2020-03-02,morning,autumn,train,17.624,resources/site_257_bowra-dry-a/mvp2_per_cell_dataset/clips/0249_216088_clip015_s001/audio.wav,"morning autumn ambient soundscape, Bowra dry woodland, Australia, warm (31C), dry air, moderate wind, recorded 2020-03-02, no music, no machinery",30.69,23.77,2.63,ok
0250_216088_clip016_s000,216088_clip016_s000,216088,2020-03-02,morning,autumn,train,10.031,resources/site_257_bowra-dry-a/mvp2_per_cell_dataset/clips/0250_216088_clip016_s000/audio.wav,"morning autumn ambient soundscape, Bowra dry woodland, Australia, warm (31C), dry air, moderate wind, recorded 2020-03-02, no music, no machinery",30.69,23.77,2.63,ok
0251_216088_clip017_s000,216088_clip017_s000,216088,2020-03-02,morning,autumn,train,10.356,resources/site_257_bowra-dry-a/mvp2_per_cell_dataset/clips/0251_216088_clip017_s000/audio.wav,"morning autumn ambient soundscape, Bowra dry woodland, Australia, warm (31C), dry air, moderate wind, recorded 2020-03-02, no music, no machinery",30.69,23.77,2.63,ok
0252_216088_clip017_s001,216088_clip017_s001,216088,2020-03-02,morning,autumn,train,12.539,resources/site_257_bowra-dry-a/mvp2_per_cell_dataset/clips/0252_216088_clip017_s001/audio.wav,"morning autumn ambient soundscape, Bowra dry woodland, Australia, warm (31C), dry air, moderate wind, recorded 2020-03-02, no music, no machinery",30.69,23.77,2.63,ok
0253_216088_clip019_s000,216088_clip019_s000,216088,2020-03-02,morning,autumn,train,14.118,resources/site_257_bowra-dry-a/mvp2_per_cell_dataset/clips/0253_216088_clip019_s000/audio.wav,"morning autumn ambient soundscape, Bowra dry woodland, Australia, warm (31C), dry air, moderate wind, recorded 2020-03-02, no music, no machinery",30.69,23.77,2.63,ok
0254_216088_clip023_s000,216088_clip023_s000,216088,2020-03-02,morning,autumn,val,10.983,resources/site_257_bowra-dry-a/mvp2_per_cell_dataset/clips/0254_216088_clip023_s000/audio.wav,"morning autumn ambient soundscape, Bowra dry woodland, Australia, warm (31C), dry air, moderate wind, recorded 2020-03-02, no music, no machinery",30.69,23.77,2.63,ok
0255_216088_clip024_s000,216088_clip024_s000,216088,2020-03-02,morning,autumn,train,12.887,resources/site_257_bowra-dry-a/mvp2_per_cell_dataset/clips/0255_216088_clip024_s000/audio.wav,"morning autumn ambient soundscape, Bowra dry woodland, Australia, warm (31C), dry air, moderate wind, recorded 2020-03-02, no music, no machinery",30.69,23.77,2.63,ok
0256_216594_clip005_s000,216594_clip005_s000,216594,2020-04-15,morning,autumn,val,11.192,resources/site_257_bowra-dry-a/mvp2_per_cell_dataset/clips/0256_216594_clip005_s000/audio.wav,"morning autumn ambient soundscape, Bowra dry woodland, Australia, mild (17C), humid air, moderate wind, recorded 2020-04-15, no music, no machinery",16.62,74.32,2.94,ok
0257_216594_clip015_s000,216594_clip015_s000,216594,2020-04-15,morning,autumn,val,10.031,resources/site_257_bowra-dry-a/mvp2_per_cell_dataset/clips/0257_216594_clip015_s000/audio.wav,"morning autumn ambient soundscape, Bowra dry woodland, Australia, mild (17C), humid air, moderate wind, recorded 2020-04-15, no music, no machinery",16.62,74.32,2.94,ok
0258_216594_clip020_s000,216594_clip020_s000,216594,2020-04-15,morning,autumn,train,14.35,resources/site_257_bowra-dry-a/mvp2_per_cell_dataset/clips/0258_216594_clip020_s000/audio.wav,"morning autumn ambient soundscape, Bowra dry woodland, Australia, mild (17C), humid air, moderate wind, recorded 2020-04-15, no music, no machinery",16.62,74.32,2.94,ok
0259_216594_clip021_s000,216594_clip021_s000,216594,2020-04-15,morning,autumn,train,15.093,resources/site_257_bowra-dry-a/mvp2_per_cell_dataset/clips/0259_216594_clip021_s000/audio.wav,"morning autumn ambient soundscape, Bowra dry woodland, Australia, mild (17C), humid air, moderate wind, recorded 2020-04-15, no music, no machinery",16.62,74.32,2.94,ok
0260_216594_clip021_s001,216594_clip021_s001,216594,2020-04-15,morning,autumn,train,17.09,resources/site_257_bowra-dry-a/mvp2_per_cell_dataset/clips/0260_216594_clip021_s001/audio.wav,"morning autumn ambient soundscape, Bowra dry woodland, Australia, mild (17C), humid air, moderate wind, recorded 2020-04-15, no music, no machinery",16.62,74.32,2.94,ok
0261_1535731_clip018_s000,1535731_clip018_s000,1535731,2024-03-26,morning,autumn,train,10.797,resources/site_257_bowra-dry-a/mvp2_per_cell_dataset/clips/0261_1535731_clip018_s000/audio.wav,"morning autumn ambient soundscape, Bowra dry woodland, Australia, mild (22C), dry air, moderate wind, recorded 2024-03-26, no music, no machinery",21.7,32.64,3.36,ok
0262_1534209_clip002_s000,1534209_clip002_s000,1534209,2024-04-23,morning,autumn,train,13.444,resources/site_257_bowra-dry-a/mvp2_per_cell_dataset/clips/0262_1534209_clip002_s000/audio.wav,"morning autumn ambient soundscape, Bowra dry woodland, Australia, mild (18C), moderate humidity, moderate wind, recorded 2024-04-23, no music, no machinery",17.89,60.59,3.6,ok
0263_1534209_clip008_s000,1534209_clip008_s000,1534209,2024-04-23,morning,autumn,train,10.704,resources/site_257_bowra-dry-a/mvp2_per_cell_dataset/clips/0263_1534209_clip008_s000/audio.wav,"morning autumn ambient soundscape, Bowra dry woodland, Australia, mild (18C), moderate humidity, moderate wind, recorded 2024-04-23, no music, no machinery",17.89,60.59,3.6,ok
0264_1534209_clip011_s000,1534209_clip011_s000,1534209,2024-04-23,morning,autumn,train,14.327,resources/site_257_bowra-dry-a/mvp2_per_cell_dataset/clips/0264_1534209_clip011_s000/audio.wav,"morning autumn ambient soundscape, Bowra dry woodland, Australia, mild (18C), moderate humidity, moderate wind, recorded 2024-04-23, no music, no machinery",17.89,60.59,3.6,ok
0265_1534209_clip014_s000,1534209_clip014_s000,1534209,2024-04-23,morning,autumn,train,11.378,resources/site_257_bowra-dry-a/mvp2_per_cell_dataset/clips/0265_1534209_clip014_s000/audio.wav,"morning autumn ambient soundscape, Bowra dry woodland, Australia, mild (18C), moderate humidity, moderate wind, recorded 2024-04-23, no music, no machinery",17.89,60.59,3.6,ok
0266_1534209_clip017_s000,1534209_clip017_s000,1534209,2024-04-23,morning,autumn,train,11.076,resources/site_257_bowra-dry-a/mvp2_per_cell_dataset/clips/0266_1534209_clip017_s000/audio.wav,"morning autumn ambient soundscape, Bowra dry woodland, Australia, mild (18C), moderate humidity, moderate wind, recorded 2024-04-23, no music, no machinery",17.89,60.59,3.6,ok
0267_1534209_clip021_s000,1534209_clip021_s000,1534209,2024-04-23,morning,autumn,train,12.771,resources/site_257_bowra-dry-a/mvp2_per_cell_dataset/clips/0267_1534209_clip021_s000/audio.wav,"morning autumn ambient soundscape, Bowra dry woodland, Australia, mild (18C), moderate humidity, moderate wind, recorded 2024-04-23, no music, no machinery",17.89,60.59,3.6,ok
0268_1534209_clip022_s000,1534209_clip022_s000,1534209,2024-04-23,morning,autumn,train,11.54,resources/site_257_bowra-dry-a/mvp2_per_cell_dataset/clips/0268_1534209_clip022_s000/audio.wav,"morning autumn ambient soundscape, Bowra dry woodland, Australia, mild (18C), moderate humidity, moderate wind, recorded 2024-04-23, no music, no machinery",17.89,60.59,3.6,ok
0269_1534209_clip022_s001,1534209_clip022_s001,1534209,2024-04-23,morning,autumn,train,12.817,resources/site_257_bowra-dry-a/mvp2_per_cell_dataset/clips/0269_1534209_clip022_s001/audio.wav,"morning autumn ambient soundscape, Bowra dry woodland, Australia, mild (18C), moderate humidity, moderate wind, recorded 2024-04-23, no music, no machinery",17.89,60.59,3.6,ok
0270_1536554_clip008_s000,1536554_clip008_s000,1536554,2024-05-16,morning,autumn,train,13.514,resources/site_257_bowra-dry-a/mvp2_per_cell_dataset/clips/0270_1536554_clip008_s000/audio.wav,"morning autumn ambient soundscape, Bowra dry woodland, Australia, cold (13C), humid air, moderate wind, recorded 2024-05-16, no music, no machinery",13.03,77.99,3.42,ok
0271_1672053_clip005_s000,1672053_clip005_s000,1672053,2025-04-14,morning,autumn,train,11.006,resources/site_257_bowra-dry-a/mvp2_per_cell_dataset/clips/0271_1672053_clip005_s000/audio.wav,"morning autumn ambient soundscape, Bowra dry woodland, Australia, mild (21C), moderate humidity, moderate wind, recorded 2025-04-14, no music, no machinery",21.43,68.33,2.99,ok
0272_1672053_clip009_s000,1672053_clip009_s000,1672053,2025-04-14,morning,autumn,train,13.421,resources/site_257_bowra-dry-a/mvp2_per_cell_dataset/clips/0272_1672053_clip009_s000/audio.wav,"morning autumn ambient soundscape, Bowra dry woodland, Australia, mild (21C), moderate humidity, moderate wind, recorded 2025-04-14, no music, no machinery",21.43,68.33,2.99,ok
0273_1672053_clip018_s000,1672053_clip018_s000,1672053,2025-04-14,morning,autumn,train,10.937,resources/site_257_bowra-dry-a/mvp2_per_cell_dataset/clips/0273_1672053_clip018_s000/audio.wav,"morning autumn ambient soundscape, Bowra dry woodland, Australia, mild (21C), moderate humidity, moderate wind, recorded 2025-04-14, no music, no machinery",21.43,68.33,2.99,ok
0274_1675916_clip012_s000,1675916_clip012_s000,1675916,2025-05-07,morning,autumn,train,10.588,resources/site_257_bowra-dry-a/mvp2_per_cell_dataset/clips/0274_1675916_clip012_s000/audio.wav,"morning autumn ambient soundscape, Bowra dry woodland, Australia, mild (18C), moderate humidity, moderate wind, recorded 2025-05-07, no music, no machinery",17.89,67.16,2.53,ok
0275_1675916_clip012_s001,1675916_clip012_s001,1675916,2025-05-07,morning,autumn,train,14.187,resources/site_257_bowra-dry-a/mvp2_per_cell_dataset/clips/0275_1675916_clip012_s001/audio.wav,"morning autumn ambient soundscape, Bowra dry woodland, Australia, mild (18C), moderate humidity, moderate wind, recorded 2025-05-07, no music, no machinery",17.89,67.16,2.53,ok
0276_1675916_clip017_s000,1675916_clip017_s000,1675916,2025-05-07,morning,autumn,train,10.844,resources/site_257_bowra-dry-a/mvp2_per_cell_dataset/clips/0276_1675916_clip017_s000/audio.wav,"morning autumn ambient soundscape, Bowra dry woodland, Australia, mild (18C), moderate humidity, moderate wind, recorded 2025-05-07, no music, no machinery",17.89,67.16,2.53,ok
0277_1675916_clip019_s000,1675916_clip019_s000,1675916,2025-05-07,morning,autumn,train,14.536,resources/site_257_bowra-dry-a/mvp2_per_cell_dataset/clips/0277_1675916_clip019_s000/audio.wav,"morning autumn ambient soundscape, Bowra dry woodland, Australia, mild (18C), moderate humidity, moderate wind, recorded 2025-05-07, no music, no machinery",17.89,67.16,2.53,ok
0278_1675916_clip024_s000,1675916_clip024_s000,1675916,2025-05-07,morning,autumn,train,13.328,resources/site_257_bowra-dry-a/mvp2_per_cell_dataset/clips/0278_1675916_clip024_s000/audio.wav,"morning autumn ambient soundscape, Bowra dry woodland, Australia, mild (18C), moderate humidity, moderate wind, recorded 2025-05-07, no music, no machinery",17.89,67.16,2.53,ok
0279_216473_clip006_s000,216473_clip006_s000,216473,2020-04-04,night,autumn,train,10.263,resources/site_257_bowra-dry-a/mvp2_per_cell_dataset/clips/0279_216473_clip006_s000/audio.wav,"night autumn ambient soundscape, Bowra dry woodland, Australia, cold (14C), humid air, light breeze, recorded 2020-04-04, no music, no machinery",13.89,72.83,1.39,ok
0280_216473_clip006_s001,216473_clip006_s001,216473,2020-04-04,night,autumn,val,11.749,resources/site_257_bowra-dry-a/mvp2_per_cell_dataset/clips/0280_216473_clip006_s001/audio.wav,"night autumn ambient soundscape, Bowra dry woodland, Australia, cold (14C), humid air, light breeze, recorded 2020-04-04, no music, no machinery",13.89,72.83,1.39,ok
0281_216473_clip007_s000,216473_clip007_s000,216473,2020-04-04,night,autumn,train,11.726,resources/site_257_bowra-dry-a/mvp2_per_cell_dataset/clips/0281_216473_clip007_s000/audio.wav,"night autumn ambient soundscape, Bowra dry woodland, Australia, cold (14C), humid air, light breeze, recorded 2020-04-04, no music, no machinery",13.89,72.83,1.39,ok
0282_216473_clip007_s001,216473_clip007_s001,216473,2020-04-04,night,autumn,train,12.562,resources/site_257_bowra-dry-a/mvp2_per_cell_dataset/clips/0282_216473_clip007_s001/audio.wav,"night autumn ambient soundscape, Bowra dry woodland, Australia, cold (14C), humid air, light breeze, recorded 2020-04-04, no music, no machinery",13.89,72.83,1.39,ok
0283_216473_clip009_s000,216473_clip009_s000,216473,2020-04-04,night,autumn,train,11.564,resources/site_257_bowra-dry-a/mvp2_per_cell_dataset/clips/0283_216473_clip009_s000/audio.wav,"night autumn ambient soundscape, Bowra dry woodland, Australia, cold (14C), humid air, light breeze, recorded 2020-04-04, no music, no machinery",13.89,72.83,1.39,ok
0284_216473_clip011_s000,216473_clip011_s000,216473,2020-04-04,night,autumn,train,19.064,resources/site_257_bowra-dry-a/mvp2_per_cell_dataset/clips/0284_216473_clip011_s000/audio.wav,"night autumn ambient soundscape, Bowra dry woodland, Australia, cold (14C), humid air, light breeze, recorded 2020-04-04, no music, no machinery",13.89,72.83,1.39,ok
0285_216473_clip011_s001,216473_clip011_s001,216473,2020-04-04,night,autumn,train,10.681,resources/site_257_bowra-dry-a/mvp2_per_cell_dataset/clips/0285_216473_clip011_s001/audio.wav,"night autumn ambient soundscape, Bowra dry woodland, Australia, cold (14C), humid air, light breeze, recorded 2020-04-04, no music, no machinery",13.89,72.83,1.39,ok
0286_216473_clip012_s000,216473_clip012_s000,216473,2020-04-04,night,autumn,train,12.423,resources/site_257_bowra-dry-a/mvp2_per_cell_dataset/clips/0286_216473_clip012_s000/audio.wav,"night autumn ambient soundscape, Bowra dry woodland, Australia, cold (14C), humid air, light breeze, recorded 2020-04-04, no music, no machinery",13.89,72.83,1.39,ok
0287_216473_clip012_s001,216473_clip012_s001,216473,2020-04-04,night,autumn,train,12.701,resources/site_257_bowra-dry-a/mvp2_per_cell_dataset/clips/0287_216473_clip012_s001/audio.wav,"night autumn ambient soundscape, Bowra dry woodland, Australia, cold (14C), humid air, light breeze, recorded 2020-04-04, no music, no machinery",13.89,72.83,1.39,ok
0288_216473_clip012_s002,216473_clip012_s002,216473,2020-04-04,night,autumn,train,10.519,resources/site_257_bowra-dry-a/mvp2_per_cell_dataset/clips/0288_216473_clip012_s002/audio.wav,"night autumn ambient soundscape, Bowra dry woodland, Australia, cold (14C), humid air, light breeze, recorded 2020-04-04, no music, no machinery",13.89,72.83,1.39,ok
0289_216473_clip012_s003,216473_clip012_s003,216473,2020-04-04,night,autumn,train,18.553,resources/site_257_bowra-dry-a/mvp2_per_cell_dataset/clips/0289_216473_clip012_s003/audio.wav,"night autumn ambient soundscape, Bowra dry woodland, Australia, cold (14C), humid air, light breeze, recorded 2020-04-04, no music, no machinery",13.89,72.83,1.39,ok
0290_216473_clip013_s000,216473_clip013_s000,216473,2020-04-04,night,autumn,val,12.353,resources/site_257_bowra-dry-a/mvp2_per_cell_dataset/clips/0290_216473_clip013_s000/audio.wav,"night autumn ambient soundscape, Bowra dry woodland, Australia, cold (14C), humid air, light breeze, recorded 2020-04-04, no music, no machinery",13.89,72.83,1.39,ok
0291_216473_clip013_s001,216473_clip013_s001,216473,2020-04-04,night,autumn,train,11.076,resources/site_257_bowra-dry-a/mvp2_per_cell_dataset/clips/0291_216473_clip013_s001/audio.wav,"night autumn ambient soundscape, Bowra dry woodland, Australia, cold (14C), humid air, light breeze, recorded 2020-04-04, no music, no machinery",13.89,72.83,1.39,ok
0292_216473_clip015_s000,216473_clip015_s000,216473,2020-04-04,night,autumn,train,14.141,resources/site_257_bowra-dry-a/mvp2_per_cell_dataset/clips/0292_216473_clip015_s000/audio.wav,"night autumn ambient soundscape, Bowra dry woodland, Australia, cold (14C), humid air, light breeze, recorded 2020-04-04, no music, no machinery",13.89,72.83,1.39,ok
0293_216473_clip015_s001,216473_clip015_s001,216473,2020-04-04,night,autumn,train,12.632,resources/site_257_bowra-dry-a/mvp2_per_cell_dataset/clips/0293_216473_clip015_s001/audio.wav,"night autumn ambient soundscape, Bowra dry woodland, Australia, cold (14C), humid air, light breeze, recorded 2020-04-04, no music, no machinery",13.89,72.83,1.39,ok
0294_216473_clip015_s002,216473_clip015_s002,216473,2020-04-04,night,autumn,train,11.029,resources/site_257_bowra-dry-a/mvp2_per_cell_dataset/clips/0294_216473_clip015_s002/audio.wav,"night autumn ambient soundscape, Bowra dry woodland, Australia, cold (14C), humid air, light breeze, recorded 2020-04-04, no music, no machinery",13.89,72.83,1.39,ok
0295_216473_clip015_s003,216473_clip015_s003,216473,2020-04-04,night,autumn,train,15.418,resources/site_257_bowra-dry-a/mvp2_per_cell_dataset/clips/0295_216473_clip015_s003/audio.wav,"night autumn ambient soundscape, Bowra dry woodland, Australia, cold (14C), humid air, light breeze, recorded 2020-04-04, no music, no machinery",13.89,72.83,1.39,ok
0296_216473_clip015_s004,216473_clip015_s004,216473,2020-04-04,night,autumn,train,11.053,resources/site_257_bowra-dry-a/mvp2_per_cell_dataset/clips/0296_216473_clip015_s004/audio.wav,"night autumn ambient soundscape, Bowra dry woodland, Australia, cold (14C), humid air, light breeze, recorded 2020-04-04, no music, no machinery",13.89,72.83,1.39,ok
0297_216473_clip015_s005,216473_clip015_s005,216473,2020-04-04,night,autumn,train,12.585,resources/site_257_bowra-dry-a/mvp2_per_cell_dataset/clips/0297_216473_clip015_s005/audio.wav,"night autumn ambient soundscape, Bowra dry woodland, Australia, cold (14C), humid air, light breeze, recorded 2020-04-04, no music, no machinery",13.89,72.83,1.39,ok
0298_216473_clip016_s000,216473_clip016_s000,216473,2020-04-04,night,autumn,train,10.077,resources/site_257_bowra-dry-a/mvp2_per_cell_dataset/clips/0298_216473_clip016_s000/audio.wav,"night autumn ambient soundscape, Bowra dry woodland, Australia, cold (14C), humid air, light breeze, recorded 2020-04-04, no music, no machinery",13.89,72.83,1.39,ok
0299_216473_clip016_s001,216473_clip016_s001,216473,2020-04-04,night,autumn,train,10.635,resources/site_257_bowra-dry-a/mvp2_per_cell_dataset/clips/0299_216473_clip016_s001/audio.wav,"night autumn ambient soundscape, Bowra dry woodland, Australia, cold (14C), humid air, light breeze, recorded 2020-04-04, no music, no machinery",13.89,72.83,1.39,ok
0300_216473_clip016_s002,216473_clip016_s002,216473,2020-04-04,night,autumn,train,16.834,resources/site_257_bowra-dry-a/mvp2_per_cell_dataset/clips/0300_216473_clip016_s002/audio.wav,"night autumn ambient soundscape, Bowra dry woodland, Australia, cold (14C), humid air, light breeze, recorded 2020-04-04, no music, no machinery",13.89,72.83,1.39,ok
0301_216473_clip017_s000,216473_clip017_s000,216473,2020-04-04,night,autumn,train,14.327,resources/site_257_bowra-dry-a/mvp2_per_cell_dataset/clips/0301_216473_clip017_s000/audio.wav,"night autumn ambient soundscape, Bowra dry woodland, Australia, cold (14C), humid air, light breeze, recorded 2020-04-04, no music, no machinery",13.89,72.83,1.39,ok
0302_216473_clip017_s001,216473_clip017_s001,216473,2020-04-04,night,autumn,train,10.844,resources/site_257_bowra-dry-a/mvp2_per_cell_dataset/clips/0302_216473_clip017_s001/audio.wav,"night autumn ambient soundscape, Bowra dry woodland, Australia, cold (14C), humid air, light breeze, recorded 2020-04-04, no music, no machinery",13.89,72.83,1.39,ok
0303_216473_clip018_s000,216473_clip018_s000,216473,2020-04-04,night,autumn,train,11.564,resources/site_257_bowra-dry-a/mvp2_per_cell_dataset/clips/0303_216473_clip018_s000/audio.wav,"night autumn ambient soundscape, Bowra dry woodland, Australia, cold (14C), humid air, light breeze, recorded 2020-04-04, no music, no machinery",13.89,72.83,1.39,ok
0304_216473_clip018_s001,216473_clip018_s001,216473,2020-04-04,night,autumn,train,14.559,resources/site_257_bowra-dry-a/mvp2_per_cell_dataset/clips/0304_216473_clip018_s001/audio.wav,"night autumn ambient soundscape, Bowra dry woodland, Australia, cold (14C), humid air, light breeze, recorded 2020-04-04, no music, no machinery",13.89,72.83,1.39,ok
0305_216473_clip019_s000,216473_clip019_s000,216473,2020-04-04,night,autumn,train,11.981,resources/site_257_bowra-dry-a/mvp2_per_cell_dataset/clips/0305_216473_clip019_s000/audio.wav,"night autumn ambient soundscape, Bowra dry woodland, Australia, cold (14C), humid air, light breeze, recorded 2020-04-04, no music, no machinery",13.89,72.83,1.39,ok
0306_216473_clip021_s000,216473_clip021_s000,216473,2020-04-04,night,autumn,val,10.403,resources/site_257_bowra-dry-a/mvp2_per_cell_dataset/clips/0306_216473_clip021_s000/audio.wav,"night autumn ambient soundscape, Bowra dry woodland, Australia, cold (14C), humid air, light breeze, recorded 2020-04-04, no music, no machinery",13.89,72.83,1.39,ok
0307_216473_clip021_s001,216473_clip021_s001,216473,2020-04-04,night,autumn,train,11.819,resources/site_257_bowra-dry-a/mvp2_per_cell_dataset/clips/0307_216473_clip021_s001/audio.wav,"night autumn ambient soundscape, Bowra dry woodland, Australia, cold (14C), humid air, light breeze, recorded 2020-04-04, no music, no machinery",13.89,72.83,1.39,ok
0308_216473_clip021_s002,216473_clip021_s002,216473,2020-04-04,night,autumn,train,11.889,resources/site_257_bowra-dry-a/mvp2_per_cell_dataset/clips/0308_216473_clip021_s002/audio.wav,"night autumn ambient soundscape, Bowra dry woodland, Australia, cold (14C), humid air, light breeze, recorded 2020-04-04, no music, no machinery",13.89,72.83,1.39,ok
0309_216473_clip022_s000,216473_clip022_s000,216473,2020-04-04,night,autumn,train,11.54,resources/site_257_bowra-dry-a/mvp2_per_cell_dataset/clips/0309_216473_clip022_s000/audio.wav,"night autumn ambient soundscape, Bowra dry woodland, Australia, cold (14C), humid air, light breeze, recorded 2020-04-04, no music, no machinery",13.89,72.83,1.39,ok
0310_216473_clip023_s000,216473_clip023_s000,216473,2020-04-04,night,autumn,train,14.466,resources/site_257_bowra-dry-a/mvp2_per_cell_dataset/clips/0310_216473_clip023_s000/audio.wav,"night autumn ambient soundscape, Bowra dry woodland, Australia, cold (14C), humid air, light breeze, recorded 2020-04-04, no music, no machinery",13.89,72.83,1.39,ok
0311_216473_clip023_s001,216473_clip023_s001,216473,2020-04-04,night,autumn,train,10.913,resources/site_257_bowra-dry-a/mvp2_per_cell_dataset/clips/0311_216473_clip023_s001/audio.wav,"night autumn ambient soundscape, Bowra dry woodland, Australia, cold (14C), humid air, light breeze, recorded 2020-04-04, no music, no machinery",13.89,72.83,1.39,ok
0312_216473_clip024_s000,216473_clip024_s000,216473,2020-04-04,night,autumn,train,10.635,resources/site_257_bowra-dry-a/mvp2_per_cell_dataset/clips/0312_216473_clip024_s000/audio.wav,"night autumn ambient soundscape, Bowra dry woodland, Australia, cold (14C), humid air, light breeze, recorded 2020-04-04, no music, no machinery",13.89,72.83,1.39,ok
0313_1313390_clip001_s000,1313390_clip001_s000,1313390,2023-04-09,night,autumn,val,13.653,resources/site_257_bowra-dry-a/mvp2_per_cell_dataset/clips/0313_1313390_clip001_s000/audio.wav,"night autumn ambient soundscape, Bowra dry woodland, Australia, cold (14C), moderate humidity, light breeze, recorded 2023-04-09, no music, no machinery",13.96,46.37,1.71,ok
0314_1313390_clip001_s001,1313390_clip001_s001,1313390,2023-04-09,night,autumn,train,10.728,resources/site_257_bowra-dry-a/mvp2_per_cell_dataset/clips/0314_1313390_clip001_s001/audio.wav,"night autumn ambient soundscape, Bowra dry woodland, Australia, cold (14C), moderate humidity, light breeze, recorded 2023-04-09, no music, no machinery",13.96,46.37,1.71,ok
0315_1313390_clip001_s002,1313390_clip001_s002,1313390,2023-04-09,night,autumn,train,11.285,resources/site_257_bowra-dry-a/mvp2_per_cell_dataset/clips/0315_1313390_clip001_s002/audio.wav,"night autumn ambient soundscape, Bowra dry woodland, Australia, cold (14C), moderate humidity, light breeze, recorded 2023-04-09, no music, no machinery",13.96,46.37,1.71,ok
0316_1313390_clip002_s000,1313390_clip002_s000,1313390,2023-04-09,night,autumn,train,12.167,resources/site_257_bowra-dry-a/mvp2_per_cell_dataset/clips/0316_1313390_clip002_s000/audio.wav,"night autumn ambient soundscape, Bowra dry woodland, Australia, cold (14C), moderate humidity, light breeze, recorded 2023-04-09, no music, no machinery",13.96,46.37,1.71,ok
0317_1313390_clip003_s000,1313390_clip003_s000,1313390,2023-04-09,night,autumn,train,10.658,resources/site_257_bowra-dry-a/mvp2_per_cell_dataset/clips/0317_1313390_clip003_s000/audio.wav,"night autumn ambient soundscape, Bowra dry woodland, Australia, cold (14C), moderate humidity, light breeze, recorded 2023-04-09, no music, no machinery",13.96,46.37,1.71,ok
0318_1313390_clip005_s000,1313390_clip005_s000,1313390,2023-04-09,night,autumn,train,11.006,resources/site_257_bowra-dry-a/mvp2_per_cell_dataset/clips/0318_1313390_clip005_s000/audio.wav,"night autumn ambient soundscape, Bowra dry woodland, Australia, cold (14C), moderate humidity, light breeze, recorded 2023-04-09, no music, no machinery",13.96,46.37,1.71,ok
0319_1313390_clip006_s000,1313390_clip006_s000,1313390,2023-04-09,night,autumn,train,13.328,resources/site_257_bowra-dry-a/mvp2_per_cell_dataset/clips/0319_1313390_clip006_s000/audio.wav,"night autumn ambient soundscape, Bowra dry woodland, Australia, cold (14C), moderate humidity, light breeze, recorded 2023-04-09, no music, no machinery",13.96,46.37,1.71,ok
0320_1313390_clip006_s001,1313390_clip006_s001,1313390,2023-04-09,night,autumn,train,11.215,resources/site_257_bowra-dry-a/mvp2_per_cell_dataset/clips/0320_1313390_clip006_s001/audio.wav,"night autumn ambient soundscape, Bowra dry woodland, Australia, cold (14C), moderate humidity, light breeze, recorded 2023-04-09, no music, no machinery",13.96,46.37,1.71,ok
0321_1313390_clip007_s000,1313390_clip007_s000,1313390,2023-04-09,night,autumn,train,16.068,resources/site_257_bowra-dry-a/mvp2_per_cell_dataset/clips/0321_1313390_clip007_s000/audio.wav,"night autumn ambient soundscape, Bowra dry woodland, Australia, cold (14C), moderate humidity, light breeze, recorded 2023-04-09, no music, no machinery",13.96,46.37,1.71,ok
0322_1313390_clip008_s000,1313390_clip008_s000,1313390,2023-04-09,night,autumn,train,10.635,resources/site_257_bowra-dry-a/mvp2_per_cell_dataset/clips/0322_1313390_clip008_s000/audio.wav,"night autumn ambient soundscape, Bowra dry woodland, Australia, cold (14C), moderate humidity, light breeze, recorded 2023-04-09, no music, no machinery",13.96,46.37,1.71,ok
0323_1313390_clip008_s001,1313390_clip008_s001,1313390,2023-04-09,night,autumn,train,13.305,resources/site_257_bowra-dry-a/mvp2_per_cell_dataset/clips/0323_1313390_clip008_s001/audio.wav,"night autumn ambient soundscape, Bowra dry woodland, Australia, cold (14C), moderate humidity, light breeze, recorded 2023-04-09, no music, no machinery",13.96,46.37,1.71,ok
0324_1313390_clip008_s002,1313390_clip008_s002,1313390,2023-04-09,night,autumn,train,11.169,resources/site_257_bowra-dry-a/mvp2_per_cell_dataset/clips/0324_1313390_clip008_s002/audio.wav,"night autumn ambient soundscape, Bowra dry woodland, Australia, cold (14C), moderate humidity, light breeze, recorded 2023-04-09, no music, no machinery",13.96,46.37,1.71,ok
0325_1313390_clip008_s003,1313390_clip008_s003,1313390,2023-04-09,night,autumn,train,12.469,resources/site_257_bowra-dry-a/mvp2_per_cell_dataset/clips/0325_1313390_clip008_s003/audio.wav,"night autumn ambient soundscape, Bowra dry woodland, Australia, cold (14C), moderate humidity, light breeze, recorded 2023-04-09, no music, no machinery",13.96,46.37,1.71,ok
0326_1313390_clip008_s004,1313390_clip008_s004,1313390,2023-04-09,night,autumn,train,10.704,resources/site_257_bowra-dry-a/mvp2_per_cell_dataset/clips/0326_1313390_clip008_s004/audio.wav,"night autumn ambient soundscape, Bowra dry woodland, Australia, cold (14C), moderate humidity, light breeze, recorded 2023-04-09, no music, no machinery",13.96,46.37,1.71,ok
0327_1313390_clip009_s000,1313390_clip009_s000,1313390,2023-04-09,night,autumn,train,10.194,resources/site_257_bowra-dry-a/mvp2_per_cell_dataset/clips/0327_1313390_clip009_s000/audio.wav,"night autumn ambient soundscape, Bowra dry woodland, Australia, cold (14C), moderate humidity, light breeze, recorded 2023-04-09, no music, no machinery",13.96,46.37,1.71,ok
0328_1313390_clip009_s001,1313390_clip009_s001,1313390,2023-04-09,night,autumn,train,11.006,resources/site_257_bowra-dry-a/mvp2_per_cell_dataset/clips/0328_1313390_clip009_s001/audio.wav,"night autumn ambient soundscape, Bowra dry woodland, Australia, cold (14C), moderate humidity, light breeze, recorded 2023-04-09, no music, no machinery",13.96,46.37,1.71,ok
0329_1313390_clip009_s002,1313390_clip009_s002,1313390,2023-04-09,night,autumn,train,11.215,resources/site_257_bowra-dry-a/mvp2_per_cell_dataset/clips/0329_1313390_clip009_s002/audio.wav,"night autumn ambient soundscape, Bowra dry woodland, Australia, cold (14C), moderate humidity, light breeze, recorded 2023-04-09, no music, no machinery",13.96,46.37,1.71,ok
0330_1313390_clip010_s000,1313390_clip010_s000,1313390,2023-04-09,night,autumn,train,10.356,resources/site_257_bowra-dry-a/mvp2_per_cell_dataset/clips/0330_1313390_clip010_s000/audio.wav,"night autumn ambient soundscape, Bowra dry woodland, Australia, cold (14C), moderate humidity, light breeze, recorded 2023-04-09, no music, no machinery",13.96,46.37,1.71,ok
0331_1313390_clip010_s001,1313390_clip010_s001,1313390,2023-04-09,night,autumn,train,14.907,resources/site_257_bowra-dry-a/mvp2_per_cell_dataset/clips/0331_1313390_clip010_s001/audio.wav,"night autumn ambient soundscape, Bowra dry woodland, Australia, cold (14C), moderate humidity, light breeze, recorded 2023-04-09, no music, no machinery",13.96,46.37,1.71,ok
0332_1313390_clip011_s000,1313390_clip011_s000,1313390,2023-04-09,night,autumn,val,10.983,resources/site_257_bowra-dry-a/mvp2_per_cell_dataset/clips/0332_1313390_clip011_s000/audio.wav,"night autumn ambient soundscape, Bowra dry woodland, Australia, cold (14C), moderate humidity, light breeze, recorded 2023-04-09, no music, no machinery",13.96,46.37,1.71,ok
0333_1313390_clip011_s001,1313390_clip011_s001,1313390,2023-04-09,night,autumn,train,11.749,resources/site_257_bowra-dry-a/mvp2_per_cell_dataset/clips/0333_1313390_clip011_s001/audio.wav,"night autumn ambient soundscape, Bowra dry woodland, Australia, cold (14C), moderate humidity, light breeze, recorded 2023-04-09, no music, no machinery",13.96,46.37,1.71,ok
0334_1313390_clip011_s002,1313390_clip011_s002,1313390,2023-04-09,night,autumn,train,11.494,resources/site_257_bowra-dry-a/mvp2_per_cell_dataset/clips/0334_1313390_clip011_s002/audio.wav,"night autumn ambient soundscape, Bowra dry woodland, Australia, cold (14C), moderate humidity, light breeze, recorded 2023-04-09, no music, no machinery",13.96,46.37,1.71,ok
0335_1313390_clip011_s003,1313390_clip011_s003,1313390,2023-04-09,night,autumn,train,17.763,resources/site_257_bowra-dry-a/mvp2_per_cell_dataset/clips/0335_1313390_clip011_s003/audio.wav,"night autumn ambient soundscape, Bowra dry woodland, Australia, cold (14C), moderate humidity, light breeze, recorded 2023-04-09, no music, no machinery",13.96,46.37,1.71,ok
0336_1313390_clip011_s004,1313390_clip011_s004,1313390,2023-04-09,night,autumn,train,10.124,resources/site_257_bowra-dry-a/mvp2_per_cell_dataset/clips/0336_1313390_clip011_s004/audio.wav,"night autumn ambient soundscape, Bowra dry woodland, Australia, cold (14C), moderate humidity, light breeze, recorded 2023-04-09, no music, no machinery",13.96,46.37,1.71,ok
0337_1313390_clip012_s000,1313390_clip012_s000,1313390,2023-04-09,night,autumn,train,11.215,resources/site_257_bowra-dry-a/mvp2_per_cell_dataset/clips/0337_1313390_clip012_s000/audio.wav,"night autumn ambient soundscape, Bowra dry woodland, Australia, cold (14C), moderate humidity, light breeze, recorded 2023-04-09, no music, no machinery",13.96,46.37,1.71,ok
0338_1313667_clip001_s000,1313667_clip001_s000,1313667,2023-04-29,night,autumn,train,14.489,resources/site_257_bowra-dry-a/mvp2_per_cell_dataset/clips/0338_1313667_clip001_s000/audio.wav,"night autumn ambient soundscape, Bowra dry woodland, Australia, cold (12C), humid air, light breeze, recorded 2023-04-29, no music, no machinery",11.68,82.43,0.87,ok
0339_1313667_clip002_s000,1313667_clip002_s000,1313667,2023-04-29,night,autumn,train,10.565,resources/site_257_bowra-dry-a/mvp2_per_cell_dataset/clips/0339_1313667_clip002_s000/audio.wav,"night autumn ambient soundscape, Bowra dry woodland, Australia, cold (12C), humid air, light breeze, recorded 2023-04-29, no music, no machinery",11.68,82.43,0.87,ok
0340_1313667_clip005_s000,1313667_clip005_s000,1313667,2023-04-29,night,autumn,train,10.913,resources/site_257_bowra-dry-a/mvp2_per_cell_dataset/clips/0340_1313667_clip005_s000/audio.wav,"night autumn ambient soundscape, Bowra dry woodland, Australia, cold (12C), humid air, light breeze, recorded 2023-04-29, no music, no machinery",11.68,82.43,0.87,ok
0341_1313667_clip009_s000,1313667_clip009_s000,1313667,2023-04-29,night,autumn,train,16.324,resources/site_257_bowra-dry-a/mvp2_per_cell_dataset/clips/0341_1313667_clip009_s000/audio.wav,"night autumn ambient soundscape, Bowra dry woodland, Australia, cold (12C), humid air, light breeze, recorded 2023-04-29, no music, no machinery",11.68,82.43,0.87,ok
0342_1313667_clip009_s001,1313667_clip009_s001,1313667,2023-04-29,night,autumn,val,11.378,resources/site_257_bowra-dry-a/mvp2_per_cell_dataset/clips/0342_1313667_clip009_s001/audio.wav,"night autumn ambient soundscape, Bowra dry woodland, Australia, cold (12C), humid air, light breeze, recorded 2023-04-29, no music, no machinery",11.68,82.43,0.87,ok
0343_1313667_clip011_s000,1313667_clip011_s000,1313667,2023-04-29,night,autumn,train,11.564,resources/site_257_bowra-dry-a/mvp2_per_cell_dataset/clips/0343_1313667_clip011_s000/audio.wav,"night autumn ambient soundscape, Bowra dry woodland, Australia, cold (12C), humid air, light breeze, recorded 2023-04-29, no music, no machinery",11.68,82.43,0.87,ok
0344_1313667_clip012_s000,1313667_clip012_s000,1313667,2023-04-29,night,autumn,train,11.076,resources/site_257_bowra-dry-a/mvp2_per_cell_dataset/clips/0344_1313667_clip012_s000/audio.wav,"night autumn ambient soundscape, Bowra dry woodland, Australia, cold (12C), humid air, light breeze, recorded 2023-04-29, no music, no machinery",11.68,82.43,0.87,ok
0345_1313667_clip013_s000,1313667_clip013_s000,1313667,2023-04-29,night,autumn,train,13.189,resources/site_257_bowra-dry-a/mvp2_per_cell_dataset/clips/0345_1313667_clip013_s000/audio.wav,"night autumn ambient soundscape, Bowra dry woodland, Australia, cold (12C), humid air, light breeze, recorded 2023-04-29, no music, no machinery",11.68,82.43,0.87,ok
0346_1313667_clip015_s000,1313667_clip015_s000,1313667,2023-04-29,night,autumn,train,15.929,resources/site_257_bowra-dry-a/mvp2_per_cell_dataset/clips/0346_1313667_clip015_s000/audio.wav,"night autumn ambient soundscape, Bowra dry woodland, Australia, cold (12C), humid air, light breeze, recorded 2023-04-29, no music, no machinery",11.68,82.43,0.87,ok
0347_1313667_clip018_s000,1313667_clip018_s000,1313667,2023-04-29,night,autumn,train,16.951,resources/site_257_bowra-dry-a/mvp2_per_cell_dataset/clips/0347_1313667_clip018_s000/audio.wav,"night autumn ambient soundscape, Bowra dry woodland, Australia, cold (12C), humid air, light breeze, recorded 2023-04-29, no music, no machinery",11.68,82.43,0.87,ok
0348_1313667_clip018_s001,1313667_clip018_s001,1313667,2023-04-29,night,autumn,train,13.7,resources/site_257_bowra-dry-a/mvp2_per_cell_dataset/clips/0348_1313667_clip018_s001/audio.wav,"night autumn ambient soundscape, Bowra dry woodland, Australia, cold (12C), humid air, light breeze, recorded 2023-04-29, no music, no machinery",11.68,82.43,0.87,ok
0349_1313667_clip024_s000,1313667_clip024_s000,1313667,2023-04-29,night,autumn,train,11.006,resources/site_257_bowra-dry-a/mvp2_per_cell_dataset/clips/0349_1313667_clip024_s000/audio.wav,"night autumn ambient soundscape, Bowra dry woodland, Australia, cold (12C), humid air, light breeze, recorded 2023-04-29, no music, no machinery",11.68,82.43,0.87,ok
0350_1313286_clip001_s000,1313286_clip001_s000,1313286,2023-05-10,night,autumn,train,10.263,resources/site_257_bowra-dry-a/mvp2_per_cell_dataset/clips/0350_1313286_clip001_s000/audio.wav,"night autumn ambient soundscape, Bowra dry woodland, Australia, cold (11C), moderate humidity, light breeze, recorded 2023-05-10, no music, no machinery",10.9,53.11,1.4,ok
0351_1313286_clip002_s000,1313286_clip002_s000,1313286,2023-05-10,night,autumn,train,10.147,resources/site_257_bowra-dry-a/mvp2_per_cell_dataset/clips/0351_1313286_clip002_s000/audio.wav,"night autumn ambient soundscape, Bowra dry woodland, Australia, cold (11C), moderate humidity, light breeze, recorded 2023-05-10, no music, no machinery",10.9,53.11,1.4,ok
0352_1313286_clip002_s001,1313286_clip002_s001,1313286,2023-05-10,night,autumn,train,11.308,resources/site_257_bowra-dry-a/mvp2_per_cell_dataset/clips/0352_1313286_clip002_s001/audio.wav,"night autumn ambient soundscape, Bowra dry woodland, Australia, cold (11C), moderate humidity, light breeze, recorded 2023-05-10, no music, no machinery",10.9,53.11,1.4,ok
0353_1313286_clip003_s000,1313286_clip003_s000,1313286,2023-05-10,night,autumn,val,10.82,resources/site_257_bowra-dry-a/mvp2_per_cell_dataset/clips/0353_1313286_clip003_s000/audio.wav,"night autumn ambient soundscape, Bowra dry woodland, Australia, cold (11C), moderate humidity, light breeze, recorded 2023-05-10, no music, no machinery",10.9,53.11,1.4,ok
0354_1313286_clip003_s001,1313286_clip003_s001,1313286,2023-05-10,night,autumn,train,10.844,resources/site_257_bowra-dry-a/mvp2_per_cell_dataset/clips/0354_1313286_clip003_s001/audio.wav,"night autumn ambient soundscape, Bowra dry woodland, Australia, cold (11C), moderate humidity, light breeze, recorded 2023-05-10, no music, no machinery",10.9,53.11,1.4,ok
0355_1313286_clip003_s002,1313286_clip003_s002,1313286,2023-05-10,night,autumn,train,14.443,resources/site_257_bowra-dry-a/mvp2_per_cell_dataset/clips/0355_1313286_clip003_s002/audio.wav,"night autumn ambient soundscape, Bowra dry woodland, Australia, cold (11C), moderate humidity, light breeze, recorded 2023-05-10, no music, no machinery",10.9,53.11,1.4,ok
0356_1313286_clip003_s003,1313286_clip003_s003,1313286,2023-05-10,night,autumn,train,12.957,resources/site_257_bowra-dry-a/mvp2_per_cell_dataset/clips/0356_1313286_clip003_s003/audio.wav,"night autumn ambient soundscape, Bowra dry woodland, Australia, cold (11C), moderate humidity, light breeze, recorded 2023-05-10, no music, no machinery",10.9,53.11,1.4,ok
0357_1313286_clip004_s000,1313286_clip004_s000,1313286,2023-05-10,night,autumn,train,10.519,resources/site_257_bowra-dry-a/mvp2_per_cell_dataset/clips/0357_1313286_clip004_s000/audio.wav,"night autumn ambient soundscape, Bowra dry woodland, Australia, cold (11C), moderate humidity, light breeze, recorded 2023-05-10, no music, no machinery",10.9,53.11,1.4,ok
0358_1313286_clip004_s001,1313286_clip004_s001,1313286,2023-05-10,night,autumn,train,16.533,resources/site_257_bowra-dry-a/mvp2_per_cell_dataset/clips/0358_1313286_clip004_s001/audio.wav,"night autumn ambient soundscape, Bowra dry woodland, Australia, cold (11C), moderate humidity, light breeze, recorded 2023-05-10, no music, no machinery",10.9,53.11,1.4,ok
0359_1313286_clip005_s000,1313286_clip005_s000,1313286,2023-05-10,night,autumn,train,10.472,resources/site_257_bowra-dry-a/mvp2_per_cell_dataset/clips/0359_1313286_clip005_s000/audio.wav,"night autumn ambient soundscape, Bowra dry woodland, Australia, cold (11C), moderate humidity, light breeze, recorded 2023-05-10, no music, no machinery",10.9,53.11,1.4,ok
0360_1313286_clip007_s000,1313286_clip007_s000,1313286,2023-05-10,night,autumn,train,11.61,resources/site_257_bowra-dry-a/mvp2_per_cell_dataset/clips/0360_1313286_clip007_s000/audio.wav,"night autumn ambient soundscape, Bowra dry woodland, Australia, cold (11C), moderate humidity, light breeze, recorded 2023-05-10, no music, no machinery",10.9,53.11,1.4,ok
0361_1313286_clip008_s000,1313286_clip008_s000,1313286,2023-05-10,night,autumn,train,12.585,resources/site_257_bowra-dry-a/mvp2_per_cell_dataset/clips/0361_1313286_clip008_s000/audio.wav,"night autumn ambient soundscape, Bowra dry woodland, Australia, cold (11C), moderate humidity, light breeze, recorded 2023-05-10, no music, no machinery",10.9,53.11,1.4,ok
0362_1313286_clip009_s000,1313286_clip009_s000,1313286,2023-05-10,night,autumn,train,13.514,resources/site_257_bowra-dry-a/mvp2_per_cell_dataset/clips/0362_1313286_clip009_s000/audio.wav,"night autumn ambient soundscape, Bowra dry woodland, Australia, cold (11C), moderate humidity, light breeze, recorded 2023-05-10, no music, no machinery",10.9,53.11,1.4,ok
0363_1313286_clip009_s001,1313286_clip009_s001,1313286,2023-05-10,night,autumn,train,13.909,resources/site_257_bowra-dry-a/mvp2_per_cell_dataset/clips/0363_1313286_clip009_s001/audio.wav,"night autumn ambient soundscape, Bowra dry woodland, Australia, cold (11C), moderate humidity, light breeze, recorded 2023-05-10, no music, no machinery",10.9,53.11,1.4,ok
0364_1313286_clip009_s002,1313286_clip009_s002,1313286,2023-05-10,night,autumn,train,10.704,resources/site_257_bowra-dry-a/mvp2_per_cell_dataset/clips/0364_1313286_clip009_s002/audio.wav,"night autumn ambient soundscape, Bowra dry woodland, Australia, cold (11C), moderate humidity, light breeze, recorded 2023-05-10, no music, no machinery",10.9,53.11,1.4,ok
0365_1313286_clip009_s003,1313286_clip009_s003,1313286,2023-05-10,night,autumn,train,12.864,resources/site_257_bowra-dry-a/mvp2_per_cell_dataset/clips/0365_1313286_clip009_s003/audio.wav,"night autumn ambient soundscape, Bowra dry woodland, Australia, cold (11C), moderate humidity, light breeze, recorded 2023-05-10, no music, no machinery",10.9,53.11,1.4,ok
0366_1313286_clip011_s000,1313286_clip011_s000,1313286,2023-05-10,night,autumn,train,10.263,resources/site_257_bowra-dry-a/mvp2_per_cell_dataset/clips/0366_1313286_clip011_s000/audio.wav,"night autumn ambient soundscape, Bowra dry woodland, Australia, cold (11C), moderate humidity, light breeze, recorded 2023-05-10, no music, no machinery",10.9,53.11,1.4,ok
0367_1313286_clip011_s001,1313286_clip011_s001,1313286,2023-05-10,night,autumn,train,10.008,resources/site_257_bowra-dry-a/mvp2_per_cell_dataset/clips/0367_1313286_clip011_s001/audio.wav,"night autumn ambient soundscape, Bowra dry woodland, Australia, cold (11C), moderate humidity, light breeze, recorded 2023-05-10, no music, no machinery",10.9,53.11,1.4,ok
0368_1313286_clip011_s002,1313286_clip011_s002,1313286,2023-05-10,night,autumn,train,11.122,resources/site_257_bowra-dry-a/mvp2_per_cell_dataset/clips/0368_1313286_clip011_s002/audio.wav,"night autumn ambient soundscape, Bowra dry woodland, Australia, cold (11C), moderate humidity, light breeze, recorded 2023-05-10, no music, no machinery",10.9,53.11,1.4,ok
0369_1313286_clip011_s003,1313286_clip011_s003,1313286,2023-05-10,night,autumn,train,18.251,resources/site_257_bowra-dry-a/mvp2_per_cell_dataset/clips/0369_1313286_clip011_s003/audio.wav,"night autumn ambient soundscape, Bowra dry woodland, Australia, cold (11C), moderate humidity, light breeze, recorded 2023-05-10, no music, no machinery",10.9,53.11,1.4,ok
0370_1313286_clip012_s000,1313286_clip012_s000,1313286,2023-05-10,night,autumn,val,10.031,resources/site_257_bowra-dry-a/mvp2_per_cell_dataset/clips/0370_1313286_clip012_s000/audio.wav,"night autumn ambient soundscape, Bowra dry woodland, Australia, cold (11C), moderate humidity, light breeze, recorded 2023-05-10, no music, no machinery",10.9,53.11,1.4,ok
0371_1313286_clip013_s000,1313286_clip013_s000,1313286,2023-05-10,night,autumn,train,10.937,resources/site_257_bowra-dry-a/mvp2_per_cell_dataset/clips/0371_1313286_clip013_s000/audio.wav,"night autumn ambient soundscape, Bowra dry woodland, Australia, cold (11C), moderate humidity, light breeze, recorded 2023-05-10, no music, no machinery",10.9,53.11,1.4,ok
0372_1313286_clip014_s000,1313286_clip014_s000,1313286,2023-05-10,night,autumn,train,14.861,resources/site_257_bowra-dry-a/mvp2_per_cell_dataset/clips/0372_1313286_clip014_s000/audio.wav,"night autumn ambient soundscape, Bowra dry woodland, Australia, cold (11C), moderate humidity, light breeze, recorded 2023-05-10, no music, no machinery",10.9,53.11,1.4,ok
0373_1313286_clip015_s000,1313286_clip015_s000,1313286,2023-05-10,night,autumn,train,11.61,resources/site_257_bowra-dry-a/mvp2_per_cell_dataset/clips/0373_1313286_clip015_s000/audio.wav,"night autumn ambient soundscape, Bowra dry woodland, Australia, cold (11C), moderate humidity, light breeze, recorded 2023-05-10, no music, no machinery",10.9,53.11,1.4,ok
0374_1313286_clip016_s000,1313286_clip016_s000,1313286,2023-05-10,night,autumn,train,17.276,resources/site_257_bowra-dry-a/mvp2_per_cell_dataset/clips/0374_1313286_clip016_s000/audio.wav,"night autumn ambient soundscape, Bowra dry woodland, Australia, cold (11C), moderate humidity, light breeze, recorded 2023-05-10, no music, no machinery",10.9,53.11,1.4,ok
0375_1313286_clip016_s001,1313286_clip016_s001,1313286,2023-05-10,night,autumn,train,17.647,resources/site_257_bowra-dry-a/mvp2_per_cell_dataset/clips/0375_1313286_clip016_s001/audio.wav,"night autumn ambient soundscape, Bowra dry woodland, Australia, cold (11C), moderate humidity, light breeze, recorded 2023-05-10, no music, no machinery",10.9,53.11,1.4,ok
0376_1313286_clip017_s000,1313286_clip017_s000,1313286,2023-05-10,night,autumn,train,12.957,resources/site_257_bowra-dry-a/mvp2_per_cell_dataset/clips/0376_1313286_clip017_s000/audio.wav,"night autumn ambient soundscape, Bowra dry woodland, Australia, cold (11C), moderate humidity, light breeze, recorded 2023-05-10, no music, no machinery",10.9,53.11,1.4,ok
0377_1313286_clip017_s001,1313286_clip017_s001,1313286,2023-05-10,night,autumn,train,11.146,resources/site_257_bowra-dry-a/mvp2_per_cell_dataset/clips/0377_1313286_clip017_s001/audio.wav,"night autumn ambient soundscape, Bowra dry woodland, Australia, cold (11C), moderate humidity, light breeze, recorded 2023-05-10, no music, no machinery",10.9,53.11,1.4,ok
0378_1535532_clip001_s000,1535532_clip001_s000,1535532,2024-04-10,night,autumn,train,10.379,resources/site_257_bowra-dry-a/mvp2_per_cell_dataset/clips/0378_1535532_clip001_s000/audio.wav,"night autumn ambient soundscape, Bowra dry woodland, Australia, cold (13C), moderate humidity, moderate wind, recorded 2024-04-10, no music, no machinery",13.33,52.46,2.7,ok
0379_1535532_clip002_s000,1535532_clip002_s000,1535532,2024-04-10,night,autumn,train,13.56,resources/site_257_bowra-dry-a/mvp2_per_cell_dataset/clips/0379_1535532_clip002_s000/audio.wav,"night autumn ambient soundscape, Bowra dry woodland, Australia, cold (13C), moderate humidity, moderate wind, recorded 2024-04-10, no music, no machinery",13.33,52.46,2.7,ok
0380_1535532_clip002_s001,1535532_clip002_s001,1535532,2024-04-10,night,autumn,train,22.221,resources/site_257_bowra-dry-a/mvp2_per_cell_dataset/clips/0380_1535532_clip002_s001/audio.wav,"night autumn ambient soundscape, Bowra dry woodland, Australia, cold (13C), moderate humidity, moderate wind, recorded 2024-04-10, no music, no machinery",13.33,52.46,2.7,ok
0381_1535532_clip002_s002,1535532_clip002_s002,1535532,2024-04-10,night,autumn,train,14.582,resources/site_257_bowra-dry-a/mvp2_per_cell_dataset/clips/0381_1535532_clip002_s002/audio.wav,"night autumn ambient soundscape, Bowra dry woodland, Australia, cold (13C), moderate humidity, moderate wind, recorded 2024-04-10, no music, no machinery",13.33,52.46,2.7,ok
0382_1535532_clip002_s003,1535532_clip002_s003,1535532,2024-04-10,night,autumn,val,13.839,resources/site_257_bowra-dry-a/mvp2_per_cell_dataset/clips/0382_1535532_clip002_s003/audio.wav,"night autumn ambient soundscape, Bowra dry woodland, Australia, cold (13C), moderate humidity, moderate wind, recorded 2024-04-10, no music, no machinery",13.33,52.46,2.7,ok
0383_1535532_clip003_s000,1535532_clip003_s000,1535532,2024-04-10,night,autumn,train,11.378,resources/site_257_bowra-dry-a/mvp2_per_cell_dataset/clips/0383_1535532_clip003_s000/audio.wav,"night autumn ambient soundscape, Bowra dry woodland, Australia, cold (13C), moderate humidity, moderate wind, recorded 2024-04-10, no music, no machinery",13.33,52.46,2.7,ok
0384_1535532_clip003_s001,1535532_clip003_s001,1535532,2024-04-10,night,autumn,train,11.146,resources/site_257_bowra-dry-a/mvp2_per_cell_dataset/clips/0384_1535532_clip003_s001/audio.wav,"night autumn ambient soundscape, Bowra dry woodland, Australia, cold (13C), moderate humidity, moderate wind, recorded 2024-04-10, no music, no machinery",13.33,52.46,2.7,ok
0385_1535532_clip003_s002,1535532_clip003_s002,1535532,2024-04-10,night,autumn,train,11.517,resources/site_257_bowra-dry-a/mvp2_per_cell_dataset/clips/0385_1535532_clip003_s002/audio.wav,"night autumn ambient soundscape, Bowra dry woodland, Australia, cold (13C), moderate humidity, moderate wind, recorded 2024-04-10, no music, no machinery",13.33,52.46,2.7,ok
0386_1535532_clip003_s003,1535532_clip003_s003,1535532,2024-04-10,night,autumn,train,11.494,resources/site_257_bowra-dry-a/mvp2_per_cell_dataset/clips/0386_1535532_clip003_s003/audio.wav,"night autumn ambient soundscape, Bowra dry woodland, Australia, cold (13C), moderate humidity, moderate wind, recorded 2024-04-10, no music, no machinery",13.33,52.46,2.7,ok
0387_1535532_clip003_s004,1535532_clip003_s004,1535532,2024-04-10,night,autumn,train,12.701,resources/site_257_bowra-dry-a/mvp2_per_cell_dataset/clips/0387_1535532_clip003_s004/audio.wav,"night autumn ambient soundscape, Bowra dry woodland, Australia, cold (13C), moderate humidity, moderate wind, recorded 2024-04-10, no music, no machinery",13.33,52.46,2.7,ok
0388_1535532_clip004_s000,1535532_clip004_s000,1535532,2024-04-10,night,autumn,train,13.003,resources/site_257_bowra-dry-a/mvp2_per_cell_dataset/clips/0388_1535532_clip004_s000/audio.wav,"night autumn ambient soundscape, Bowra dry woodland, Australia, cold (13C), moderate humidity, moderate wind, recorded 2024-04-10, no music, no machinery",13.33,52.46,2.7,ok
0389_1535532_clip004_s001,1535532_clip004_s001,1535532,2024-04-10,night,autumn,train,12.121,resources/site_257_bowra-dry-a/mvp2_per_cell_dataset/clips/0389_1535532_clip004_s001/audio.wav,"night autumn ambient soundscape, Bowra dry woodland, Australia, cold (13C), moderate humidity, moderate wind, recorded 2024-04-10, no music, no machinery",13.33,52.46,2.7,ok
0390_1535532_clip005_s000,1535532_clip005_s000,1535532,2024-04-10,night,autumn,train,10.217,resources/site_257_bowra-dry-a/mvp2_per_cell_dataset/clips/0390_1535532_clip005_s000/audio.wav,"night autumn ambient soundscape, Bowra dry woodland, Australia, cold (13C), moderate humidity, moderate wind, recorded 2024-04-10, no music, no machinery",13.33,52.46,2.7,ok
0391_1535532_clip006_s000,1535532_clip006_s000,1535532,2024-04-10,night,autumn,train,10.913,resources/site_257_bowra-dry-a/mvp2_per_cell_dataset/clips/0391_1535532_clip006_s000/audio.wav,"night autumn ambient soundscape, Bowra dry woodland, Australia, cold (13C), moderate humidity, moderate wind, recorded 2024-04-10, no music, no machinery",13.33,52.46,2.7,ok
0392_1535532_clip007_s000,1535532_clip007_s000,1535532,2024-04-10,night,autumn,train,10.867,resources/site_257_bowra-dry-a/mvp2_per_cell_dataset/clips/0392_1535532_clip007_s000/audio.wav,"night autumn ambient soundscape, Bowra dry woodland, Australia, cold (13C), moderate humidity, moderate wind, recorded 2024-04-10, no music, no machinery",13.33,52.46,2.7,ok
0393_1535532_clip007_s001,1535532_clip007_s001,1535532,2024-04-10,night,autumn,train,10.96,resources/site_257_bowra-dry-a/mvp2_per_cell_dataset/clips/0393_1535532_clip007_s001/audio.wav,"night autumn ambient soundscape, Bowra dry woodland, Australia, cold (13C), moderate humidity, moderate wind, recorded 2024-04-10, no music, no machinery",13.33,52.46,2.7,ok
0394_1535532_clip008_s000,1535532_clip008_s000,1535532,2024-04-10,night,autumn,val,15.534,resources/site_257_bowra-dry-a/mvp2_per_cell_dataset/clips/0394_1535532_clip008_s000/audio.wav,"night autumn ambient soundscape, Bowra dry woodland, Australia, cold (13C), moderate humidity, moderate wind, recorded 2024-04-10, no music, no machinery",13.33,52.46,2.7,ok
0395_1535532_clip009_s000,1535532_clip009_s000,1535532,2024-04-10,night,autumn,train,10.031,resources/site_257_bowra-dry-a/mvp2_per_cell_dataset/clips/0395_1535532_clip009_s000/audio.wav,"night autumn ambient soundscape, Bowra dry woodland, Australia, cold (13C), moderate humidity, moderate wind, recorded 2024-04-10, no music, no machinery",13.33,52.46,2.7,ok
0396_1535532_clip011_s000,1535532_clip011_s000,1535532,2024-04-10,night,autumn,train,11.029,resources/site_257_bowra-dry-a/mvp2_per_cell_dataset/clips/0396_1535532_clip011_s000/audio.wav,"night autumn ambient soundscape, Bowra dry woodland, Australia, cold (13C), moderate humidity, moderate wind, recorded 2024-04-10, no music, no machinery",13.33,52.46,2.7,ok
0397_1535532_clip011_s001,1535532_clip011_s001,1535532,2024-04-10,night,autumn,train,11.726,resources/site_257_bowra-dry-a/mvp2_per_cell_dataset/clips/0397_1535532_clip011_s001/audio.wav,"night autumn ambient soundscape, Bowra dry woodland, Australia, cold (13C), moderate humidity, moderate wind, recorded 2024-04-10, no music, no machinery",13.33,52.46,2.7,ok
0398_1535532_clip013_s000,1535532_clip013_s000,1535532,2024-04-10,night,autumn,train,12.562,resources/site_257_bowra-dry-a/mvp2_per_cell_dataset/clips/0398_1535532_clip013_s000/audio.wav,"night autumn ambient soundscape, Bowra dry woodland, Australia, cold (13C), moderate humidity, moderate wind, recorded 2024-04-10, no music, no machinery",13.33,52.46,2.7,ok
0399_1535532_clip013_s001,1535532_clip013_s001,1535532,2024-04-10,night,autumn,train,11.865,resources/site_257_bowra-dry-a/mvp2_per_cell_dataset/clips/0399_1535532_clip013_s001/audio.wav,"night autumn ambient soundscape, Bowra dry woodland, Australia, cold (13C), moderate humidity, moderate wind, recorded 2024-04-10, no music, no machinery",13.33,52.46,2.7,ok
0400_1535532_clip014_s000,1535532_clip014_s000,1535532,2024-04-10,night,autumn,train,15.047,resources/site_257_bowra-dry-a/mvp2_per_cell_dataset/clips/0400_1535532_clip014_s000/audio.wav,"night autumn ambient soundscape, Bowra dry woodland, Australia, cold (13C), moderate humidity, moderate wind, recorded 2024-04-10, no music, no machinery",13.33,52.46,2.7,ok
0401_1535532_clip014_s001,1535532_clip014_s001,1535532,2024-04-10,night,autumn,train,10.612,resources/site_257_bowra-dry-a/mvp2_per_cell_dataset/clips/0401_1535532_clip014_s001/audio.wav,"night autumn ambient soundscape, Bowra dry woodland, Australia, cold (13C), moderate humidity, moderate wind, recorded 2024-04-10, no music, no machinery",13.33,52.46,2.7,ok
0402_1535532_clip015_s000,1535532_clip015_s000,1535532,2024-04-10,night,autumn,train,10.286,resources/site_257_bowra-dry-a/mvp2_per_cell_dataset/clips/0402_1535532_clip015_s000/audio.wav,"night autumn ambient soundscape, Bowra dry woodland, Australia, cold (13C), moderate humidity, moderate wind, recorded 2024-04-10, no music, no machinery",13.33,52.46,2.7,ok
0403_1535532_clip016_s000,1535532_clip016_s000,1535532,2024-04-10,night,autumn,train,14.512,resources/site_257_bowra-dry-a/mvp2_per_cell_dataset/clips/0403_1535532_clip016_s000/audio.wav,"night autumn ambient soundscape, Bowra dry woodland, Australia, cold (13C), moderate humidity, moderate wind, recorded 2024-04-10, no music, no machinery",13.33,52.46,2.7,ok
0404_1535532_clip017_s000,1535532_clip017_s000,1535532,2024-04-10,night,autumn,train,10.542,resources/site_257_bowra-dry-a/mvp2_per_cell_dataset/clips/0404_1535532_clip017_s000/audio.wav,"night autumn ambient soundscape, Bowra dry woodland, Australia, cold (13C), moderate humidity, moderate wind, recorded 2024-04-10, no music, no machinery",13.33,52.46,2.7,ok
0405_1535532_clip017_s001,1535532_clip017_s001,1535532,2024-04-10,night,autumn,train,10.379,resources/site_257_bowra-dry-a/mvp2_per_cell_dataset/clips/0405_1535532_clip017_s001/audio.wav,"night autumn ambient soundscape, Bowra dry woodland, Australia, cold (13C), moderate humidity, moderate wind, recorded 2024-04-10, no music, no machinery",13.33,52.46,2.7,ok
0406_1535532_clip017_s002,1535532_clip017_s002,1535532,2024-04-10,night,autumn,val,11.308,resources/site_257_bowra-dry-a/mvp2_per_cell_dataset/clips/0406_1535532_clip017_s002/audio.wav,"night autumn ambient soundscape, Bowra dry woodland, Australia, cold (13C), moderate humidity, moderate wind, recorded 2024-04-10, no music, no machinery",13.33,52.46,2.7,ok
0407_1535532_clip018_s000,1535532_clip018_s000,1535532,2024-04-10,night,autumn,val,12.585,resources/site_257_bowra-dry-a/mvp2_per_cell_dataset/clips/0407_1535532_clip018_s000/audio.wav,"night autumn ambient soundscape, Bowra dry woodland, Australia, cold (13C), moderate humidity, moderate wind, recorded 2024-04-10, no music, no machinery",13.33,52.46,2.7,ok
0408_1535532_clip019_s000,1535532_clip019_s000,1535532,2024-04-10,night,autumn,train,10.24,resources/site_257_bowra-dry-a/mvp2_per_cell_dataset/clips/0408_1535532_clip019_s000/audio.wav,"night autumn ambient soundscape, Bowra dry woodland, Australia, cold (13C), moderate humidity, moderate wind, recorded 2024-04-10, no music, no machinery",13.33,52.46,2.7,ok
0409_1535532_clip020_s000,1535532_clip020_s000,1535532,2024-04-10,night,autumn,train,12.399,resources/site_257_bowra-dry-a/mvp2_per_cell_dataset/clips/0409_1535532_clip020_s000/audio.wav,"night autumn ambient soundscape, Bowra dry woodland, Australia, cold (13C), moderate humidity, moderate wind, recorded 2024-04-10, no music, no machinery",13.33,52.46,2.7,ok
0410_1535532_clip020_s001,1535532_clip020_s001,1535532,2024-04-10,night,autumn,train,10.356,resources/site_257_bowra-dry-a/mvp2_per_cell_dataset/clips/0410_1535532_clip020_s001/audio.wav,"night autumn ambient soundscape, Bowra dry woodland, Australia, cold (13C), moderate humidity, moderate wind, recorded 2024-04-10, no music, no machinery",13.33,52.46,2.7,ok
0411_1535532_clip020_s002,1535532_clip020_s002,1535532,2024-04-10,night,autumn,train,10.495,resources/site_257_bowra-dry-a/mvp2_per_cell_dataset/clips/0411_1535532_clip020_s002/audio.wav,"night autumn ambient soundscape, Bowra dry woodland, Australia, cold (13C), moderate humidity, moderate wind, recorded 2024-04-10, no music, no machinery",13.33,52.46,2.7,ok
0412_1535532_clip020_s003,1535532_clip020_s003,1535532,2024-04-10,night,autumn,train,10.333,resources/site_257_bowra-dry-a/mvp2_per_cell_dataset/clips/0412_1535532_clip020_s003/audio.wav,"night autumn ambient soundscape, Bowra dry woodland, Australia, cold (13C), moderate humidity, moderate wind, recorded 2024-04-10, no music, no machinery",13.33,52.46,2.7,ok
0413_1535532_clip020_s004,1535532_clip020_s004,1535532,2024-04-10,night,autumn,train,10.82,resources/site_257_bowra-dry-a/mvp2_per_cell_dataset/clips/0413_1535532_clip020_s004/audio.wav,"night autumn ambient soundscape, Bowra dry woodland, Australia, cold (13C), moderate humidity, moderate wind, recorded 2024-04-10, no music, no machinery",13.33,52.46,2.7,ok
0414_1535532_clip020_s005,1535532_clip020_s005,1535532,2024-04-10,night,autumn,train,10.356,resources/site_257_bowra-dry-a/mvp2_per_cell_dataset/clips/0414_1535532_clip020_s005/audio.wav,"night autumn ambient soundscape, Bowra dry woodland, Australia, cold (13C), moderate humidity, moderate wind, recorded 2024-04-10, no music, no machinery",13.33,52.46,2.7,ok
0415_1535532_clip021_s000,1535532_clip021_s000,1535532,2024-04-10,night,autumn,train,10.82,resources/site_257_bowra-dry-a/mvp2_per_cell_dataset/clips/0415_1535532_clip021_s000/audio.wav,"night autumn ambient soundscape, Bowra dry woodland, Australia, cold (13C), moderate humidity, moderate wind, recorded 2024-04-10, no music, no machinery",13.33,52.46,2.7,ok
0416_1535532_clip023_s000,1535532_clip023_s000,1535532,2024-04-10,night,autumn,val,12.098,resources/site_257_bowra-dry-a/mvp2_per_cell_dataset/clips/0416_1535532_clip023_s000/audio.wav,"night autumn ambient soundscape, Bowra dry woodland, Australia, cold (13C), moderate humidity, moderate wind, recorded 2024-04-10, no music, no machinery",13.33,52.46,2.7,ok
0417_1539712_clip004_s000,1539712_clip004_s000,1539712,2024-04-23,night,autumn,train,12.492,resources/site_257_bowra-dry-a/mvp2_per_cell_dataset/clips/0417_1539712_clip004_s000/audio.wav,"night autumn ambient soundscape, Bowra dry woodland, Australia, mild (19C), moderate humidity, light breeze, recorded 2024-04-23, no music, no machinery",19.21,52.33,1.57,ok
0418_1539712_clip015_s000,1539712_clip015_s000,1539712,2024-04-23,night,autumn,train,12.841,resources/site_257_bowra-dry-a/mvp2_per_cell_dataset/clips/0418_1539712_clip015_s000/audio.wav,"night autumn ambient soundscape, Bowra dry woodland, Australia, mild (19C), moderate humidity, light breeze, recorded 2024-04-23, no music, no machinery",19.21,52.33,1.57,ok
0419_1539712_clip023_s000,1539712_clip023_s000,1539712,2024-04-23,night,autumn,train,10.495,resources/site_257_bowra-dry-a/mvp2_per_cell_dataset/clips/0419_1539712_clip023_s000/audio.wav,"night autumn ambient soundscape, Bowra dry woodland, Australia, mild (19C), moderate humidity, light breeze, recorded 2024-04-23, no music, no machinery",19.21,52.33,1.57,ok
0420_1536532_clip003_s000,1536532_clip003_s000,1536532,2024-05-13,night,autumn,val,13.096,resources/site_257_bowra-dry-a/mvp2_per_cell_dataset/clips/0420_1536532_clip003_s000/audio.wav,"night autumn ambient soundscape, Bowra dry woodland, Australia, cold (14C), humid air, light breeze, recorded 2024-05-13, no music, no machinery",13.61,78.02,1.4,ok
0421_1536532_clip003_s001,1536532_clip003_s001,1536532,2024-05-13,night,autumn,train,13.259,resources/site_257_bowra-dry-a/mvp2_per_cell_dataset/clips/0421_1536532_clip003_s001/audio.wav,"night autumn ambient soundscape, Bowra dry woodland, Australia, cold (14C), humid air, light breeze, recorded 2024-05-13, no music, no machinery",13.61,78.02,1.4,ok
0422_1536532_clip004_s000,1536532_clip004_s000,1536532,2024-05-13,night,autumn,train,10.24,resources/site_257_bowra-dry-a/mvp2_per_cell_dataset/clips/0422_1536532_clip004_s000/audio.wav,"night autumn ambient soundscape, Bowra dry woodland, Australia, cold (14C), humid air, light breeze, recorded 2024-05-13, no music, no machinery",13.61,78.02,1.4,ok
0423_1536532_clip005_s000,1536532_clip005_s000,1536532,2024-05-13,night,autumn,train,13.189,resources/site_257_bowra-dry-a/mvp2_per_cell_dataset/clips/0423_1536532_clip005_s000/audio.wav,"night autumn ambient soundscape, Bowra dry woodland, Australia, cold (14C), humid air, light breeze, recorded 2024-05-13, no music, no machinery",13.61,78.02,1.4,ok
0424_1536532_clip006_s000,1536532_clip006_s000,1536532,2024-05-13,night,autumn,train,11.447,resources/site_257_bowra-dry-a/mvp2_per_cell_dataset/clips/0424_1536532_clip006_s000/audio.wav,"night autumn ambient soundscape, Bowra dry woodland, Australia, cold (14C), humid air, light breeze, recorded 2024-05-13, no music, no machinery",13.61,78.02,1.4,ok
0425_1536532_clip009_s000,1536532_clip009_s000,1536532,2024-05-13,night,autumn,train,11.54,resources/site_257_bowra-dry-a/mvp2_per_cell_dataset/clips/0425_1536532_clip009_s000/audio.wav,"night autumn ambient soundscape, Bowra dry woodland, Australia, cold (14C), humid air, light breeze, recorded 2024-05-13, no music, no machinery",13.61,78.02,1.4,ok
0426_1536532_clip009_s001,1536532_clip009_s001,1536532,2024-05-13,night,autumn,train,10.913,resources/site_257_bowra-dry-a/mvp2_per_cell_dataset/clips/0426_1536532_clip009_s001/audio.wav,"night autumn ambient soundscape, Bowra dry woodland, Australia, cold (14C), humid air, light breeze, recorded 2024-05-13, no music, no machinery",13.61,78.02,1.4,ok
0427_1536532_clip010_s000,1536532_clip010_s000,1536532,2024-05-13,night,autumn,train,10.194,resources/site_257_bowra-dry-a/mvp2_per_cell_dataset/clips/0427_1536532_clip010_s000/audio.wav,"night autumn ambient soundscape, Bowra dry woodland, Australia, cold (14C), humid air, light breeze, recorded 2024-05-13, no music, no machinery",13.61,78.02,1.4,ok
0428_1536532_clip010_s001,1536532_clip010_s001,1536532,2024-05-13,night,autumn,val,10.054,resources/site_257_bowra-dry-a/mvp2_per_cell_dataset/clips/0428_1536532_clip010_s001/audio.wav,"night autumn ambient soundscape, Bowra dry woodland, Australia, cold (14C), humid air, light breeze, recorded 2024-05-13, no music, no machinery",13.61,78.02,1.4,ok
0429_1536532_clip012_s000,1536532_clip012_s000,1536532,2024-05-13,night,autumn,train,11.378,resources/site_257_bowra-dry-a/mvp2_per_cell_dataset/clips/0429_1536532_clip012_s000/audio.wav,"night autumn ambient soundscape, Bowra dry woodland, Australia, cold (14C), humid air, light breeze, recorded 2024-05-13, no music, no machinery",13.61,78.02,1.4,ok
0430_1536532_clip012_s001,1536532_clip012_s001,1536532,2024-05-13,night,autumn,train,11.54,resources/site_257_bowra-dry-a/mvp2_per_cell_dataset/clips/0430_1536532_clip012_s001/audio.wav,"night autumn ambient soundscape, Bowra dry woodland, Australia, cold (14C), humid air, light breeze, recorded 2024-05-13, no music, no machinery",13.61,78.02,1.4,ok
0431_1536532_clip012_s002,1536532_clip012_s002,1536532,2024-05-13,night,autumn,train,10.565,resources/site_257_bowra-dry-a/mvp2_per_cell_dataset/clips/0431_1536532_clip012_s002/audio.wav,"night autumn ambient soundscape, Bowra dry woodland, Australia, cold (14C), humid air, light breeze, recorded 2024-05-13, no music, no machinery",13.61,78.02,1.4,ok
0432_1536532_clip013_s000,1536532_clip013_s000,1536532,2024-05-13,night,autumn,train,14.629,resources/site_257_bowra-dry-a/mvp2_per_cell_dataset/clips/0432_1536532_clip013_s000/audio.wav,"night autumn ambient soundscape, Bowra dry woodland, Australia, cold (14C), humid air, light breeze, recorded 2024-05-13, no music, no machinery",13.61,78.02,1.4,ok
0433_1536532_clip016_s000,1536532_clip016_s000,1536532,2024-05-13,night,autumn,train,11.68,resources/site_257_bowra-dry-a/mvp2_per_cell_dataset/clips/0433_1536532_clip016_s000/audio.wav,"night autumn ambient soundscape, Bowra dry woodland, Australia, cold (14C), humid air, light breeze, recorded 2024-05-13, no music, no machinery",13.61,78.02,1.4,ok
0434_1536532_clip017_s000,1536532_clip017_s000,1536532,2024-05-13,night,autumn,train,11.958,resources/site_257_bowra-dry-a/mvp2_per_cell_dataset/clips/0434_1536532_clip017_s000/audio.wav,"night autumn ambient soundscape, Bowra dry woodland, Australia, cold (14C), humid air, light breeze, recorded 2024-05-13, no music, no machinery",13.61,78.02,1.4,ok
0435_1536532_clip018_s000,1536532_clip018_s000,1536532,2024-05-13,night,autumn,train,12.353,resources/site_257_bowra-dry-a/mvp2_per_cell_dataset/clips/0435_1536532_clip018_s000/audio.wav,"night autumn ambient soundscape, Bowra dry woodland, Australia, cold (14C), humid air, light breeze, recorded 2024-05-13, no music, no machinery",13.61,78.02,1.4,ok
0436_1536532_clip019_s000,1536532_clip019_s000,1536532,2024-05-13,night,autumn,train,14.303,resources/site_257_bowra-dry-a/mvp2_per_cell_dataset/clips/0436_1536532_clip019_s000/audio.wav,"night autumn ambient soundscape, Bowra dry woodland, Australia, cold (14C), humid air, light breeze, recorded 2024-05-13, no music, no machinery",13.61,78.02,1.4,ok
0437_1536532_clip023_s000,1536532_clip023_s000,1536532,2024-05-13,night,autumn,train,10.913,resources/site_257_bowra-dry-a/mvp2_per_cell_dataset/clips/0437_1536532_clip023_s000/audio.wav,"night autumn ambient soundscape, Bowra dry woodland, Australia, cold (14C), humid air, light breeze, recorded 2024-05-13, no music, no machinery",13.61,78.02,1.4,ok
0438_1536563_clip001_s000,1536563_clip001_s000,1536563,2024-05-16,night,autumn,val,11.262,resources/site_257_bowra-dry-a/mvp2_per_cell_dataset/clips/0438_1536563_clip001_s000/audio.wav,"night autumn ambient soundscape, Bowra dry woodland, Australia, mild (15C), humid air, light breeze, recorded 2024-05-16, no music, no machinery",15.0,74.66,1.47,ok
0439_1536563_clip008_s000,1536563_clip008_s000,1536563,2024-05-16,night,autumn,train,10.008,resources/site_257_bowra-dry-a/mvp2_per_cell_dataset/clips/0439_1536563_clip008_s000/audio.wav,"night autumn ambient soundscape, Bowra dry woodland, Australia, mild (15C), humid air, light breeze, recorded 2024-05-16, no music, no machinery",15.0,74.66,1.47,ok
0440_1536563_clip009_s000,1536563_clip009_s000,1536563,2024-05-16,night,autumn,train,12.167,resources/site_257_bowra-dry-a/mvp2_per_cell_dataset/clips/0440_1536563_clip009_s000/audio.wav,"night autumn ambient soundscape, Bowra dry woodland, Australia, mild (15C), humid air, light breeze, recorded 2024-05-16, no music, no machinery",15.0,74.66,1.47,ok
0441_1536563_clip019_s000,1536563_clip019_s000,1536563,2024-05-16,night,autumn,train,10.101,resources/site_257_bowra-dry-a/mvp2_per_cell_dataset/clips/0441_1536563_clip019_s000/audio.wav,"night autumn ambient soundscape, Bowra dry woodland, Australia, mild (15C), humid air, light breeze, recorded 2024-05-16, no music, no machinery",15.0,74.66,1.47,ok
0442_1678158_clip002_s000,1678158_clip002_s000,1678158,2025-04-14,night,autumn,train,10.31,resources/site_257_bowra-dry-a/mvp2_per_cell_dataset/clips/0442_1678158_clip002_s000/audio.wav,"night autumn ambient soundscape, Bowra dry woodland, Australia, mild (19C), humid air, light breeze, recorded 2025-04-14, no music, no machinery",19.26,70.73,1.47,ok
0443_1678158_clip002_s001,1678158_clip002_s001,1678158,2025-04-14,night,autumn,train,10.403,resources/site_257_bowra-dry-a/mvp2_per_cell_dataset/clips/0443_1678158_clip002_s001/audio.wav,"night autumn ambient soundscape, Bowra dry woodland, Australia, mild (19C), humid air, light breeze, recorded 2025-04-14, no music, no machinery",19.26,70.73,1.47,ok
0444_1678158_clip004_s000,1678158_clip004_s000,1678158,2025-04-14,night,autumn,train,12.446,resources/site_257_bowra-dry-a/mvp2_per_cell_dataset/clips/0444_1678158_clip004_s000/audio.wav,"night autumn ambient soundscape, Bowra dry woodland, Australia, mild (19C), humid air, light breeze, recorded 2025-04-14, no music, no machinery",19.26,70.73,1.47,ok
0445_1678158_clip005_s000,1678158_clip005_s000,1678158,2025-04-14,night,autumn,val,11.447,resources/site_257_bowra-dry-a/mvp2_per_cell_dataset/clips/0445_1678158_clip005_s000/audio.wav,"night autumn ambient soundscape, Bowra dry woodland, Australia, mild (19C), humid air, light breeze, recorded 2025-04-14, no music, no machinery",19.26,70.73,1.47,ok
0446_1678158_clip005_s001,1678158_clip005_s001,1678158,2025-04-14,night,autumn,train,19.714,resources/site_257_bowra-dry-a/mvp2_per_cell_dataset/clips/0446_1678158_clip005_s001/audio.wav,"night autumn ambient soundscape, Bowra dry woodland, Australia, mild (19C), humid air, light breeze, recorded 2025-04-14, no music, no machinery",19.26,70.73,1.47,ok
0447_1678158_clip006_s000,1678158_clip006_s000,1678158,2025-04-14,night,autumn,train,10.844,resources/site_257_bowra-dry-a/mvp2_per_cell_dataset/clips/0447_1678158_clip006_s000/audio.wav,"night autumn ambient soundscape, Bowra dry woodland, Australia, mild (19C), humid air, light breeze, recorded 2025-04-14, no music, no machinery",19.26,70.73,1.47,ok
0448_1678158_clip006_s001,1678158_clip006_s001,1678158,2025-04-14,night,autumn,train,13.444,resources/site_257_bowra-dry-a/mvp2_per_cell_dataset/clips/0448_1678158_clip006_s001/audio.wav,"night autumn ambient soundscape, Bowra dry woodland, Australia, mild (19C), humid air, light breeze, recorded 2025-04-14, no music, no machinery",19.26,70.73,1.47,ok
0449_1678158_clip006_s002,1678158_clip006_s002,1678158,2025-04-14,night,autumn,train,10.124,resources/site_257_bowra-dry-a/mvp2_per_cell_dataset/clips/0449_1678158_clip006_s002/audio.wav,"night autumn ambient soundscape, Bowra dry woodland, Australia, mild (19C), humid air, light breeze, recorded 2025-04-14, no music, no machinery",19.26,70.73,1.47,ok
0450_1678158_clip008_s000,1678158_clip008_s000,1678158,2025-04-14,night,autumn,train,11.703,resources/site_257_bowra-dry-a/mvp2_per_cell_dataset/clips/0450_1678158_clip008_s000/audio.wav,"night autumn ambient soundscape, Bowra dry woodland, Australia, mild (19C), humid air, light breeze, recorded 2025-04-14, no music, no machinery",19.26,70.73,1.47,ok
0451_1678158_clip008_s001,1678158_clip008_s001,1678158,2025-04-14,night,autumn,train,12.841,resources/site_257_bowra-dry-a/mvp2_per_cell_dataset/clips/0451_1678158_clip008_s001/audio.wav,"night autumn ambient soundscape, Bowra dry woodland, Australia, mild (19C), humid air, light breeze, recorded 2025-04-14, no music, no machinery",19.26,70.73,1.47,ok
0452_1678158_clip009_s000,1678158_clip009_s000,1678158,2025-04-14,night,autumn,train,12.632,resources/site_257_bowra-dry-a/mvp2_per_cell_dataset/clips/0452_1678158_clip009_s000/audio.wav,"night autumn ambient soundscape, Bowra dry woodland, Australia, mild (19C), humid air, light breeze, recorded 2025-04-14, no music, no machinery",19.26,70.73,1.47,ok
0453_1678158_clip010_s000,1678158_clip010_s000,1678158,2025-04-14,night,autumn,train,11.819,resources/site_257_bowra-dry-a/mvp2_per_cell_dataset/clips/0453_1678158_clip010_s000/audio.wav,"night autumn ambient soundscape, Bowra dry woodland, Australia, mild (19C), humid air, light breeze, recorded 2025-04-14, no music, no machinery",19.26,70.73,1.47,ok
0454_1678158_clip010_s001,1678158_clip010_s001,1678158,2025-04-14,night,autumn,train,12.19,resources/site_257_bowra-dry-a/mvp2_per_cell_dataset/clips/0454_1678158_clip010_s001/audio.wav,"night autumn ambient soundscape, Bowra dry woodland, Australia, mild (19C), humid air, light breeze, recorded 2025-04-14, no music, no machinery",19.26,70.73,1.47,ok
0455_1678158_clip010_s002,1678158_clip010_s002,1678158,2025-04-14,night,autumn,val,13.212,resources/site_257_bowra-dry-a/mvp2_per_cell_dataset/clips/0455_1678158_clip010_s002/audio.wav,"night autumn ambient soundscape, Bowra dry woodland, Australia, mild (19C), humid air, light breeze, recorded 2025-04-14, no music, no machinery",19.26,70.73,1.47,ok
0456_1678158_clip011_s000,1678158_clip011_s000,1678158,2025-04-14,night,autumn,val,10.217,resources/site_257_bowra-dry-a/mvp2_per_cell_dataset/clips/0456_1678158_clip011_s000/audio.wav,"night autumn ambient soundscape, Bowra dry woodland, Australia, mild (19C), humid air, light breeze, recorded 2025-04-14, no music, no machinery",19.26,70.73,1.47,ok
0457_1680271_clip004_s000,1680271_clip004_s000,1680271,2025-04-18,night,autumn,train,11.958,resources/site_257_bowra-dry-a/mvp2_per_cell_dataset/clips/0457_1680271_clip004_s000/audio.wav,"night autumn ambient soundscape, Bowra dry woodland, Australia, mild (18C), moderate humidity, light breeze, recorded 2025-04-18, no music, no machinery",17.78,59.52,1.39,ok
0458_1680500_clip009_s000,1680500_clip009_s000,1680500,2025-05-07,night,autumn,train,16.161,resources/site_257_bowra-dry-a/mvp2_per_cell_dataset/clips/0458_1680500_clip009_s000/audio.wav,"night autumn ambient soundscape, Bowra dry woodland, Australia, mild (20C), moderate humidity, light breeze, recorded 2025-05-07, no music, no machinery",20.22,64.81,0.8,ok
0459_1680500_clip009_s001,1680500_clip009_s001,1680500,2025-05-07,night,autumn,train,17.043,resources/site_257_bowra-dry-a/mvp2_per_cell_dataset/clips/0459_1680500_clip009_s001/audio.wav,"night autumn ambient soundscape, Bowra dry woodland, Australia, mild (20C), moderate humidity, light breeze, recorded 2025-05-07, no music, no machinery",20.22,64.81,0.8,ok
0460_1680500_clip009_s002,1680500_clip009_s002,1680500,2025-05-07,night,autumn,train,11.471,resources/site_257_bowra-dry-a/mvp2_per_cell_dataset/clips/0460_1680500_clip009_s002/audio.wav,"night autumn ambient soundscape, Bowra dry woodland, Australia, mild (20C), moderate humidity, light breeze, recorded 2025-05-07, no music, no machinery",20.22,64.81,0.8,ok
0461_1680500_clip010_s000,1680500_clip010_s000,1680500,2025-05-07,night,autumn,train,13.63,resources/site_257_bowra-dry-a/mvp2_per_cell_dataset/clips/0461_1680500_clip010_s000/audio.wav,"night autumn ambient soundscape, Bowra dry woodland, Australia, mild (20C), moderate humidity, light breeze, recorded 2025-05-07, no music, no machinery",20.22,64.81,0.8,ok
0462_1680500_clip011_s000,1680500_clip011_s000,1680500,2025-05-07,night,autumn,train,13.166,resources/site_257_bowra-dry-a/mvp2_per_cell_dataset/clips/0462_1680500_clip011_s000/audio.wav,"night autumn ambient soundscape, Bowra dry woodland, Australia, mild (20C), moderate humidity, light breeze, recorded 2025-05-07, no music, no machinery",20.22,64.81,0.8,ok
0463_1680500_clip013_s000,1680500_clip013_s000,1680500,2025-05-07,night,autumn,train,12.051,resources/site_257_bowra-dry-a/mvp2_per_cell_dataset/clips/0463_1680500_clip013_s000/audio.wav,"night autumn ambient soundscape, Bowra dry woodland, Australia, mild (20C), moderate humidity, light breeze, recorded 2025-05-07, no music, no machinery",20.22,64.81,0.8,ok
0464_1680500_clip014_s000,1680500_clip014_s000,1680500,2025-05-07,night,autumn,train,10.542,resources/site_257_bowra-dry-a/mvp2_per_cell_dataset/clips/0464_1680500_clip014_s000/audio.wav,"night autumn ambient soundscape, Bowra dry woodland, Australia, mild (20C), moderate humidity, light breeze, recorded 2025-05-07, no music, no machinery",20.22,64.81,0.8,ok
0465_1680500_clip014_s001,1680500_clip014_s001,1680500,2025-05-07,night,autumn,train,18.367,resources/site_257_bowra-dry-a/mvp2_per_cell_dataset/clips/0465_1680500_clip014_s001/audio.wav,"night autumn ambient soundscape, Bowra dry woodland, Australia, mild (20C), moderate humidity, light breeze, recorded 2025-05-07, no music, no machinery",20.22,64.81,0.8,ok
0466_1680500_clip015_s000,1680500_clip015_s000,1680500,2025-05-07,night,autumn,train,10.217,resources/site_257_bowra-dry-a/mvp2_per_cell_dataset/clips/0466_1680500_clip015_s000/audio.wav,"night autumn ambient soundscape, Bowra dry woodland, Australia, mild (20C), moderate humidity, light breeze, recorded 2025-05-07, no music, no machinery",20.22,64.81,0.8,ok
0467_1680500_clip016_s000,1680500_clip016_s000,1680500,2025-05-07,night,autumn,train,17.136,resources/site_257_bowra-dry-a/mvp2_per_cell_dataset/clips/0467_1680500_clip016_s000/audio.wav,"night autumn ambient soundscape, Bowra dry woodland, Australia, mild (20C), moderate humidity, light breeze, recorded 2025-05-07, no music, no machinery",20.22,64.81,0.8,ok
0468_1680500_clip017_s000,1680500_clip017_s000,1680500,2025-05-07,night,autumn,train,11.819,resources/site_257_bowra-dry-a/mvp2_per_cell_dataset/clips/0468_1680500_clip017_s000/audio.wav,"night autumn ambient soundscape, Bowra dry woodland, Australia, mild (20C), moderate humidity, light breeze, recorded 2025-05-07, no music, no machinery",20.22,64.81,0.8,ok
0469_1680500_clip018_s000,1680500_clip018_s000,1680500,2025-05-07,night,autumn,train,14.234,resources/site_257_bowra-dry-a/mvp2_per_cell_dataset/clips/0469_1680500_clip018_s000/audio.wav,"night autumn ambient soundscape, Bowra dry woodland, Australia, mild (20C), moderate humidity, light breeze, recorded 2025-05-07, no music, no machinery",20.22,64.81,0.8,ok
0470_1680500_clip018_s001,1680500_clip018_s001,1680500,2025-05-07,night,autumn,train,10.077,resources/site_257_bowra-dry-a/mvp2_per_cell_dataset/clips/0470_1680500_clip018_s001/audio.wav,"night autumn ambient soundscape, Bowra dry woodland, Australia, mild (20C), moderate humidity, light breeze, recorded 2025-05-07, no music, no machinery",20.22,64.81,0.8,ok
0471_1680500_clip019_s000,1680500_clip019_s000,1680500,2025-05-07,night,autumn,train,12.887,resources/site_257_bowra-dry-a/mvp2_per_cell_dataset/clips/0471_1680500_clip019_s000/audio.wav,"night autumn ambient soundscape, Bowra dry woodland, Australia, mild (20C), moderate humidity, light breeze, recorded 2025-05-07, no music, no machinery",20.22,64.81,0.8,ok
0472_1680500_clip019_s001,1680500_clip019_s001,1680500,2025-05-07,night,autumn,train,10.194,resources/site_257_bowra-dry-a/mvp2_per_cell_dataset/clips/0472_1680500_clip019_s001/audio.wav,"night autumn ambient soundscape, Bowra dry woodland, Australia, mild (20C), moderate humidity, light breeze, recorded 2025-05-07, no music, no machinery",20.22,64.81,0.8,ok
0473_1680500_clip020_s000,1680500_clip020_s000,1680500,2025-05-07,night,autumn,train,14.768,resources/site_257_bowra-dry-a/mvp2_per_cell_dataset/clips/0473_1680500_clip020_s000/audio.wav,"night autumn ambient soundscape, Bowra dry woodland, Australia, mild (20C), moderate humidity, light breeze, recorded 2025-05-07, no music, no machinery",20.22,64.81,0.8,ok
0474_1680500_clip020_s001,1680500_clip020_s001,1680500,2025-05-07,night,autumn,val,17.043,resources/site_257_bowra-dry-a/mvp2_per_cell_dataset/clips/0474_1680500_clip020_s001/audio.wav,"night autumn ambient soundscape, Bowra dry woodland, Australia, mild (20C), moderate humidity, light breeze, recorded 2025-05-07, no music, no machinery",20.22,64.81,0.8,ok
0475_1680500_clip020_s002,1680500_clip020_s002,1680500,2025-05-07,night,autumn,train,11.842,resources/site_257_bowra-dry-a/mvp2_per_cell_dataset/clips/0475_1680500_clip020_s002/audio.wav,"night autumn ambient soundscape, Bowra dry woodland, Australia, mild (20C), moderate humidity, light breeze, recorded 2025-05-07, no music, no machinery",20.22,64.81,0.8,ok
0476_1680500_clip021_s000,1680500_clip021_s000,1680500,2025-05-07,night,autumn,train,11.796,resources/site_257_bowra-dry-a/mvp2_per_cell_dataset/clips/0476_1680500_clip021_s000/audio.wav,"night autumn ambient soundscape, Bowra dry woodland, Australia, mild (20C), moderate humidity, light breeze, recorded 2025-05-07, no music, no machinery",20.22,64.81,0.8,ok
0477_1680500_clip022_s000,1680500_clip022_s000,1680500,2025-05-07,night,autumn,train,11.564,resources/site_257_bowra-dry-a/mvp2_per_cell_dataset/clips/0477_1680500_clip022_s000/audio.wav,"night autumn ambient soundscape, Bowra dry woodland, Australia, mild (20C), moderate humidity, light breeze, recorded 2025-05-07, no music, no machinery",20.22,64.81,0.8,ok
0478_1680500_clip023_s000,1680500_clip023_s000,1680500,2025-05-07,night,autumn,train,11.633,resources/site_257_bowra-dry-a/mvp2_per_cell_dataset/clips/0478_1680500_clip023_s000/audio.wav,"night autumn ambient soundscape, Bowra dry woodland, Australia, mild (20C), moderate humidity, light breeze, recorded 2025-05-07, no music, no machinery",20.22,64.81,0.8,ok
0479_5384_clip002_s000,5384_clip002_s000,5384,2019-09-01,afternoon,spring,train,12.539,resources/site_257_bowra-dry-a/mvp2_per_cell_dataset/clips/0479_5384_clip002_s000/audio.wav,"afternoon spring ambient soundscape, Bowra dry woodland, Australia, warm (26C), dry air, light breeze, recorded 2019-09-01, no music, no machinery",26.1,16.55,1.85,ok
0480_5384_clip010_s000,5384_clip010_s000,5384,2019-09-01,afternoon,spring,train,11.076,resources/site_257_bowra-dry-a/mvp2_per_cell_dataset/clips/0480_5384_clip010_s000/audio.wav,"afternoon spring ambient soundscape, Bowra dry woodland, Australia, warm (26C), dry air, light breeze, recorded 2019-09-01, no music, no machinery",26.1,16.55,1.85,ok
0481_5384_clip017_s000,5384_clip017_s000,5384,2019-09-01,afternoon,spring,train,11.331,resources/site_257_bowra-dry-a/mvp2_per_cell_dataset/clips/0481_5384_clip017_s000/audio.wav,"afternoon spring ambient soundscape, Bowra dry woodland, Australia, warm (26C), dry air, light breeze, recorded 2019-09-01, no music, no machinery",26.1,16.55,1.85,ok
0482_5413_clip009_s000,5413_clip009_s000,5413,2019-09-23,afternoon,spring,train,10.635,resources/site_257_bowra-dry-a/mvp2_per_cell_dataset/clips/0482_5413_clip009_s000/audio.wav,"afternoon spring ambient soundscape, Bowra dry woodland, Australia, mild (24C), dry air, moderate wind, recorded 2019-09-23, no music, no machinery",24.27,18.18,4.82,ok
0483_5413_clip014_s000,5413_clip014_s000,5413,2019-09-23,afternoon,spring,train,11.331,resources/site_257_bowra-dry-a/mvp2_per_cell_dataset/clips/0483_5413_clip014_s000/audio.wav,"afternoon spring ambient soundscape, Bowra dry woodland, Australia, mild (24C), dry air, moderate wind, recorded 2019-09-23, no music, no machinery",24.27,18.18,4.82,ok
0484_4889_clip014_s000,4889_clip014_s000,4889,2019-10-04,afternoon,spring,train,13.56,resources/site_257_bowra-dry-a/mvp2_per_cell_dataset/clips/0484_4889_clip014_s000/audio.wav,"afternoon spring ambient soundscape, Bowra dry woodland, Australia, hot (36C), dry air, moderate wind, recorded 2019-10-04, no music, no machinery",36.36,11.15,2.95,ok
0485_4889_clip019_s000,4889_clip019_s000,4889,2019-10-04,afternoon,spring,train,11.053,resources/site_257_bowra-dry-a/mvp2_per_cell_dataset/clips/0485_4889_clip019_s000/audio.wav,"afternoon spring ambient soundscape, Bowra dry woodland, Australia, hot (36C), dry air, moderate wind, recorded 2019-10-04, no music, no machinery",36.36,11.15,2.95,ok
0486_214508_clip006_s000,214508_clip006_s000,214508,2019-10-22,afternoon,spring,val,10.635,resources/site_257_bowra-dry-a/mvp2_per_cell_dataset/clips/0486_214508_clip006_s000/audio.wav,"afternoon spring ambient soundscape, Bowra dry woodland, Australia, hot (34C), dry air, light breeze, recorded 2019-10-22, no music, no machinery",33.92,13.04,1.92,ok
0487_214508_clip008_s000,214508_clip008_s000,214508,2019-10-22,afternoon,spring,train,10.194,resources/site_257_bowra-dry-a/mvp2_per_cell_dataset/clips/0487_214508_clip008_s000/audio.wav,"afternoon spring ambient soundscape, Bowra dry woodland, Australia, hot (34C), dry air, light breeze, recorded 2019-10-22, no music, no machinery",33.92,13.04,1.92,ok
0488_214508_clip011_s000,214508_clip011_s000,214508,2019-10-22,afternoon,spring,val,10.356,resources/site_257_bowra-dry-a/mvp2_per_cell_dataset/clips/0488_214508_clip011_s000/audio.wav,"afternoon spring ambient soundscape, Bowra dry woodland, Australia, hot (34C), dry air, light breeze, recorded 2019-10-22, no music, no machinery",33.92,13.04,1.92,ok
0489_214508_clip014_s000,214508_clip014_s000,214508,2019-10-22,afternoon,spring,train,10.008,resources/site_257_bowra-dry-a/mvp2_per_cell_dataset/clips/0489_214508_clip014_s000/audio.wav,"afternoon spring ambient soundscape, Bowra dry woodland, Australia, hot (34C), dry air, light breeze, recorded 2019-10-22, no music, no machinery",33.92,13.04,1.92,ok
0490_214508_clip016_s000,214508_clip016_s000,214508,2019-10-22,afternoon,spring,train,12.098,resources/site_257_bowra-dry-a/mvp2_per_cell_dataset/clips/0490_214508_clip016_s000/audio.wav,"afternoon spring ambient soundscape, Bowra dry woodland, Australia, hot (34C), dry air, light breeze, recorded 2019-10-22, no music, no machinery",33.92,13.04,1.92,ok
0491_214837_clip001_s000,214837_clip001_s000,214837,2019-11-18,afternoon,spring,train,11.169,resources/site_257_bowra-dry-a/mvp2_per_cell_dataset/clips/0491_214837_clip001_s000/audio.wav,"afternoon spring ambient soundscape, Bowra dry woodland, Australia, hot (33C), dry air, moderate wind, recorded 2019-11-18, no music, no machinery",32.8,11.19,2.47,ok
0492_214837_clip008_s000,214837_clip008_s000,214837,2019-11-18,afternoon,spring,train,10.728,resources/site_257_bowra-dry-a/mvp2_per_cell_dataset/clips/0492_214837_clip008_s000/audio.wav,"afternoon spring ambient soundscape, Bowra dry woodland, Australia, hot (33C), dry air, moderate wind, recorded 2019-11-18, no music, no machinery",32.8,11.19,2.47,ok
0493_214837_clip014_s000,214837_clip014_s000,214837,2019-11-18,afternoon,spring,train,10.751,resources/site_257_bowra-dry-a/mvp2_per_cell_dataset/clips/0493_214837_clip014_s000/audio.wav,"afternoon spring ambient soundscape, Bowra dry woodland, Australia, hot (33C), dry air, moderate wind, recorded 2019-11-18, no music, no machinery",32.8,11.19,2.47,ok
0494_1400024_clip001_s000,1400024_clip001_s000,1400024,2023-09-28,afternoon,spring,train,10.751,resources/site_257_bowra-dry-a/mvp2_per_cell_dataset/clips/0494_1400024_clip001_s000/audio.wav,"afternoon spring ambient soundscape, Bowra dry woodland, Australia, warm (31C), dry air, moderate wind, recorded 2023-09-28, no music, no machinery",30.79,10.53,4.19,ok
0495_1400024_clip002_s000,1400024_clip002_s000,1400024,2023-09-28,afternoon,spring,train,13.166,resources/site_257_bowra-dry-a/mvp2_per_cell_dataset/clips/0495_1400024_clip002_s000/audio.wav,"afternoon spring ambient soundscape, Bowra dry woodland, Australia, warm (31C), dry air, moderate wind, recorded 2023-09-28, no music, no machinery",30.79,10.53,4.19,ok
0496_1400024_clip005_s000,1400024_clip005_s000,1400024,2023-09-28,afternoon,spring,train,12.91,resources/site_257_bowra-dry-a/mvp2_per_cell_dataset/clips/0496_1400024_clip005_s000/audio.wav,"afternoon spring ambient soundscape, Bowra dry woodland, Australia, warm (31C), dry air, moderate wind, recorded 2023-09-28, no music, no machinery",30.79,10.53,4.19,ok
0497_1400024_clip008_s000,1400024_clip008_s000,1400024,2023-09-28,afternoon,spring,train,11.146,resources/site_257_bowra-dry-a/mvp2_per_cell_dataset/clips/0497_1400024_clip008_s000/audio.wav,"afternoon spring ambient soundscape, Bowra dry woodland, Australia, warm (31C), dry air, moderate wind, recorded 2023-09-28, no music, no machinery",30.79,10.53,4.19,ok
0498_1400024_clip024_s000,1400024_clip024_s000,1400024,2023-09-28,afternoon,spring,train,11.912,resources/site_257_bowra-dry-a/mvp2_per_cell_dataset/clips/0498_1400024_clip024_s000/audio.wav,"afternoon spring ambient soundscape, Bowra dry woodland, Australia, warm (31C), dry air, moderate wind, recorded 2023-09-28, no music, no machinery",30.79,10.53,4.19,ok
0499_1401311_clip004_s000,1401311_clip004_s000,1401311,2023-10-06,afternoon,spring,train,10.077,resources/site_257_bowra-dry-a/mvp2_per_cell_dataset/clips/0499_1401311_clip004_s000/audio.wav,"afternoon spring ambient soundscape, Bowra dry woodland, Australia, warm (26C), dry air, moderate wind, recorded 2023-10-06, no music, no machinery",26.21,24.93,4.31,ok
0500_1401567_clip001_s000,1401567_clip001_s000,1401567,2023-10-23,afternoon,spring,train,10.704,resources/site_257_bowra-dry-a/mvp2_per_cell_dataset/clips/0500_1401567_clip001_s000/audio.wav,"afternoon spring ambient soundscape, Bowra dry woodland, Australia, warm (31C), dry air, light breeze, recorded 2023-10-23, no music, no machinery",30.57,12.69,1.95,ok
0501_1401567_clip003_s000,1401567_clip003_s000,1401567,2023-10-23,afternoon,spring,train,10.403,resources/site_257_bowra-dry-a/mvp2_per_cell_dataset/clips/0501_1401567_clip003_s000/audio.wav,"afternoon spring ambient soundscape, Bowra dry woodland, Australia, warm (31C), dry air, light breeze, recorded 2023-10-23, no music, no machinery",30.57,12.69,1.95,ok
0502_1401567_clip009_s000,1401567_clip009_s000,1401567,2023-10-23,afternoon,spring,train,10.147,resources/site_257_bowra-dry-a/mvp2_per_cell_dataset/clips/0502_1401567_clip009_s000/audio.wav,"afternoon spring ambient soundscape, Bowra dry woodland, Australia, warm (31C), dry air, light breeze, recorded 2023-10-23, no music, no machinery",30.57,12.69,1.95,ok
0503_1401567_clip010_s000,1401567_clip010_s000,1401567,2023-10-23,afternoon,spring,val,11.958,resources/site_257_bowra-dry-a/mvp2_per_cell_dataset/clips/0503_1401567_clip010_s000/audio.wav,"afternoon spring ambient soundscape, Bowra dry woodland, Australia, warm (31C), dry air, light breeze, recorded 2023-10-23, no music, no machinery",30.57,12.69,1.95,ok
0504_1401567_clip010_s001,1401567_clip010_s001,1401567,2023-10-23,afternoon,spring,train,10.403,resources/site_257_bowra-dry-a/mvp2_per_cell_dataset/clips/0504_1401567_clip010_s001/audio.wav,"afternoon spring ambient soundscape, Bowra dry woodland, Australia, warm (31C), dry air, light breeze, recorded 2023-10-23, no music, no machinery",30.57,12.69,1.95,ok
0505_1401567_clip010_s002,1401567_clip010_s002,1401567,2023-10-23,afternoon,spring,val,11.61,resources/site_257_bowra-dry-a/mvp2_per_cell_dataset/clips/0505_1401567_clip010_s002/audio.wav,"afternoon spring ambient soundscape, Bowra dry woodland, Australia, warm (31C), dry air, light breeze, recorded 2023-10-23, no music, no machinery",30.57,12.69,1.95,ok
0506_1401567_clip010_s003,1401567_clip010_s003,1401567,2023-10-23,afternoon,spring,train,10.147,resources/site_257_bowra-dry-a/mvp2_per_cell_dataset/clips/0506_1401567_clip010_s003/audio.wav,"afternoon spring ambient soundscape, Bowra dry woodland, Australia, warm (31C), dry air, light breeze, recorded 2023-10-23, no music, no machinery",30.57,12.69,1.95,ok
0507_1401567_clip011_s000,1401567_clip011_s000,1401567,2023-10-23,afternoon,spring,train,15.0,resources/site_257_bowra-dry-a/mvp2_per_cell_dataset/clips/0507_1401567_clip011_s000/audio.wav,"afternoon spring ambient soundscape, Bowra dry woodland, Australia, warm (31C), dry air, light breeze, recorded 2023-10-23, no music, no machinery",30.57,12.69,1.95,ok
0508_1401567_clip011_s001,1401567_clip011_s001,1401567,2023-10-23,afternoon,spring,train,11.703,resources/site_257_bowra-dry-a/mvp2_per_cell_dataset/clips/0508_1401567_clip011_s001/audio.wav,"afternoon spring ambient soundscape, Bowra dry woodland, Australia, warm (31C), dry air, light breeze, recorded 2023-10-23, no music, no machinery",30.57,12.69,1.95,ok
0509_1401567_clip011_s002,1401567_clip011_s002,1401567,2023-10-23,afternoon,spring,train,12.074,resources/site_257_bowra-dry-a/mvp2_per_cell_dataset/clips/0509_1401567_clip011_s002/audio.wav,"afternoon spring ambient soundscape, Bowra dry woodland, Australia, warm (31C), dry air, light breeze, recorded 2023-10-23, no music, no machinery",30.57,12.69,1.95,ok
0510_1401567_clip011_s003,1401567_clip011_s003,1401567,2023-10-23,afternoon,spring,train,10.449,resources/site_257_bowra-dry-a/mvp2_per_cell_dataset/clips/0510_1401567_clip011_s003/audio.wav,"afternoon spring ambient soundscape, Bowra dry woodland, Australia, warm (31C), dry air, light breeze, recorded 2023-10-23, no music, no machinery",30.57,12.69,1.95,ok
0511_1401567_clip016_s000,1401567_clip016_s000,1401567,2023-10-23,afternoon,spring,train,11.935,resources/site_257_bowra-dry-a/mvp2_per_cell_dataset/clips/0511_1401567_clip016_s000/audio.wav,"afternoon spring ambient soundscape, Bowra dry woodland, Australia, warm (31C), dry air, light breeze, recorded 2023-10-23, no music, no machinery",30.57,12.69,1.95,ok
0512_1401567_clip017_s000,1401567_clip017_s000,1401567,2023-10-23,afternoon,spring,train,15.673,resources/site_257_bowra-dry-a/mvp2_per_cell_dataset/clips/0512_1401567_clip017_s000/audio.wav,"afternoon spring ambient soundscape, Bowra dry woodland, Australia, warm (31C), dry air, light breeze, recorded 2023-10-23, no music, no machinery",30.57,12.69,1.95,ok
0513_1401567_clip017_s001,1401567_clip017_s001,1401567,2023-10-23,afternoon,spring,train,18.135,resources/site_257_bowra-dry-a/mvp2_per_cell_dataset/clips/0513_1401567_clip017_s001/audio.wav,"afternoon spring ambient soundscape, Bowra dry woodland, Australia, warm (31C), dry air, light breeze, recorded 2023-10-23, no music, no machinery",30.57,12.69,1.95,ok
0514_1401104_clip013_s000,1401104_clip013_s000,1401104,2023-11-03,afternoon,spring,val,11.912,resources/site_257_bowra-dry-a/mvp2_per_cell_dataset/clips/0514_1401104_clip013_s000/audio.wav,"afternoon spring ambient soundscape, Bowra dry woodland, Australia, hot (33C), dry air, moderate wind, recorded 2023-11-03, no music, no machinery",33.28,11.6,3.07,ok
0515_1401104_clip014_s000,1401104_clip014_s000,1401104,2023-11-03,afternoon,spring,train,10.89,resources/site_257_bowra-dry-a/mvp2_per_cell_dataset/clips/0515_1401104_clip014_s000/audio.wav,"afternoon spring ambient soundscape, Bowra dry woodland, Australia, hot (33C), dry air, moderate wind, recorded 2023-11-03, no music, no machinery",33.28,11.6,3.07,ok
0516_1401104_clip015_s000,1401104_clip015_s000,1401104,2023-11-03,afternoon,spring,train,11.54,resources/site_257_bowra-dry-a/mvp2_per_cell_dataset/clips/0516_1401104_clip015_s000/audio.wav,"afternoon spring ambient soundscape, Bowra dry woodland, Australia, hot (33C), dry air, moderate wind, recorded 2023-11-03, no music, no machinery",33.28,11.6,3.07,ok
0517_1401607_clip001_s000,1401607_clip001_s000,1401607,2023-11-21,afternoon,spring,train,10.17,resources/site_257_bowra-dry-a/mvp2_per_cell_dataset/clips/0517_1401607_clip001_s000/audio.wav,"afternoon spring ambient soundscape, Bowra dry woodland, Australia, hot (37C), dry air, moderate wind, recorded 2023-11-21, no music, no machinery",37.03,19.79,2.19,ok
0518_1401607_clip002_s000,1401607_clip002_s000,1401607,2023-11-21,afternoon,spring,val,13.282,resources/site_257_bowra-dry-a/mvp2_per_cell_dataset/clips/0518_1401607_clip002_s000/audio.wav,"afternoon spring ambient soundscape, Bowra dry woodland, Australia, hot (37C), dry air, moderate wind, recorded 2023-11-21, no music, no machinery",37.03,19.79,2.19,ok
0519_1401607_clip010_s000,1401607_clip010_s000,1401607,2023-11-21,afternoon,spring,train,14.42,resources/site_257_bowra-dry-a/mvp2_per_cell_dataset/clips/0519_1401607_clip010_s000/audio.wav,"afternoon spring ambient soundscape, Bowra dry woodland, Australia, hot (37C), dry air, moderate wind, recorded 2023-11-21, no music, no machinery",37.03,19.79,2.19,ok
0520_1401607_clip017_s000,1401607_clip017_s000,1401607,2023-11-21,afternoon,spring,train,11.355,resources/site_257_bowra-dry-a/mvp2_per_cell_dataset/clips/0520_1401607_clip017_s000/audio.wav,"afternoon spring ambient soundscape, Bowra dry woodland, Australia, hot (37C), dry air, moderate wind, recorded 2023-11-21, no music, no machinery",37.03,19.79,2.19,ok
0521_1534211_clip004_s000,1534211_clip004_s000,1534211,2024-09-24,afternoon,spring,train,12.167,resources/site_257_bowra-dry-a/mvp2_per_cell_dataset/clips/0521_1534211_clip004_s000/audio.wav,"afternoon spring ambient soundscape, Bowra dry woodland, Australia, hot (33C), dry air, moderate wind, recorded 2024-09-24, no music, no machinery",33.12,10.73,5.38,ok
0522_1534211_clip004_s001,1534211_clip004_s001,1534211,2024-09-24,afternoon,spring,train,11.703,resources/site_257_bowra-dry-a/mvp2_per_cell_dataset/clips/0522_1534211_clip004_s001/audio.wav,"afternoon spring ambient soundscape, Bowra dry woodland, Australia, hot (33C), dry air, moderate wind, recorded 2024-09-24, no music, no machinery",33.12,10.73,5.38,ok
0523_1534211_clip007_s000,1534211_clip007_s000,1534211,2024-09-24,afternoon,spring,train,10.704,resources/site_257_bowra-dry-a/mvp2_per_cell_dataset/clips/0523_1534211_clip007_s000/audio.wav,"afternoon spring ambient soundscape, Bowra dry woodland, Australia, hot (33C), dry air, moderate wind, recorded 2024-09-24, no music, no machinery",33.12,10.73,5.38,ok
0524_1534211_clip010_s000,1534211_clip010_s000,1534211,2024-09-24,afternoon,spring,train,14.187,resources/site_257_bowra-dry-a/mvp2_per_cell_dataset/clips/0524_1534211_clip010_s000/audio.wav,"afternoon spring ambient soundscape, Bowra dry woodland, Australia, hot (33C), dry air, moderate wind, recorded 2024-09-24, no music, no machinery",33.12,10.73,5.38,ok
0525_1534211_clip010_s001,1534211_clip010_s001,1534211,2024-09-24,afternoon,spring,train,13.073,resources/site_257_bowra-dry-a/mvp2_per_cell_dataset/clips/0525_1534211_clip010_s001/audio.wav,"afternoon spring ambient soundscape, Bowra dry woodland, Australia, hot (33C), dry air, moderate wind, recorded 2024-09-24, no music, no machinery",33.12,10.73,5.38,ok
0526_1534211_clip013_s000,1534211_clip013_s000,1534211,2024-09-24,afternoon,spring,train,12.701,resources/site_257_bowra-dry-a/mvp2_per_cell_dataset/clips/0526_1534211_clip013_s000/audio.wav,"afternoon spring ambient soundscape, Bowra dry woodland, Australia, hot (33C), dry air, moderate wind, recorded 2024-09-24, no music, no machinery",33.12,10.73,5.38,ok
0527_1534211_clip013_s001,1534211_clip013_s001,1534211,2024-09-24,afternoon,spring,train,12.376,resources/site_257_bowra-dry-a/mvp2_per_cell_dataset/clips/0527_1534211_clip013_s001/audio.wav,"afternoon spring ambient soundscape, Bowra dry woodland, Australia, hot (33C), dry air, moderate wind, recorded 2024-09-24, no music, no machinery",33.12,10.73,5.38,ok
0528_1534211_clip014_s000,1534211_clip014_s000,1534211,2024-09-24,afternoon,spring,train,10.031,resources/site_257_bowra-dry-a/mvp2_per_cell_dataset/clips/0528_1534211_clip014_s000/audio.wav,"afternoon spring ambient soundscape, Bowra dry woodland, Australia, hot (33C), dry air, moderate wind, recorded 2024-09-24, no music, no machinery",33.12,10.73,5.38,ok
0529_1534211_clip014_s001,1534211_clip014_s001,1534211,2024-09-24,afternoon,spring,train,10.681,resources/site_257_bowra-dry-a/mvp2_per_cell_dataset/clips/0529_1534211_clip014_s001/audio.wav,"afternoon spring ambient soundscape, Bowra dry woodland, Australia, hot (33C), dry air, moderate wind, recorded 2024-09-24, no music, no machinery",33.12,10.73,5.38,ok
0530_1534211_clip018_s000,1534211_clip018_s000,1534211,2024-09-24,afternoon,spring,train,11.262,resources/site_257_bowra-dry-a/mvp2_per_cell_dataset/clips/0530_1534211_clip018_s000/audio.wav,"afternoon spring ambient soundscape, Bowra dry woodland, Australia, hot (33C), dry air, moderate wind, recorded 2024-09-24, no music, no machinery",33.12,10.73,5.38,ok
0531_1534211_clip019_s000,1534211_clip019_s000,1534211,2024-09-24,afternoon,spring,train,11.564,resources/site_257_bowra-dry-a/mvp2_per_cell_dataset/clips/0531_1534211_clip019_s000/audio.wav,"afternoon spring ambient soundscape, Bowra dry woodland, Australia, hot (33C), dry air, moderate wind, recorded 2024-09-24, no music, no machinery",33.12,10.73,5.38,ok
0532_1534211_clip023_s000,1534211_clip023_s000,1534211,2024-09-24,afternoon,spring,train,10.704,resources/site_257_bowra-dry-a/mvp2_per_cell_dataset/clips/0532_1534211_clip023_s000/audio.wav,"afternoon spring ambient soundscape, Bowra dry woodland, Australia, hot (33C), dry air, moderate wind, recorded 2024-09-24, no music, no machinery",33.12,10.73,5.38,ok
0533_1534211_clip023_s001,1534211_clip023_s001,1534211,2024-09-24,afternoon,spring,train,11.122,resources/site_257_bowra-dry-a/mvp2_per_cell_dataset/clips/0533_1534211_clip023_s001/audio.wav,"afternoon spring ambient soundscape, Bowra dry woodland, Australia, hot (33C), dry air, moderate wind, recorded 2024-09-24, no music, no machinery",33.12,10.73,5.38,ok
0534_1682413_clip005_s000,1682413_clip005_s000,1682413,2024-10-14,afternoon,spring,val,11.564,resources/site_257_bowra-dry-a/mvp2_per_cell_dataset/clips/0534_1682413_clip005_s000/audio.wav,"afternoon spring ambient soundscape, Bowra dry woodland, Australia, warm (32C), dry air, moderate wind, recorded 2024-10-14, no music, no machinery",31.89,25.91,3.59,ok
0535_1682413_clip006_s000,1682413_clip006_s000,1682413,2024-10-14,afternoon,spring,train,12.283,resources/site_257_bowra-dry-a/mvp2_per_cell_dataset/clips/0535_1682413_clip006_s000/audio.wav,"afternoon spring ambient soundscape, Bowra dry woodland, Australia, warm (32C), dry air, moderate wind, recorded 2024-10-14, no music, no machinery",31.89,25.91,3.59,ok
0536_1682413_clip006_s001,1682413_clip006_s001,1682413,2024-10-14,afternoon,spring,train,12.887,resources/site_257_bowra-dry-a/mvp2_per_cell_dataset/clips/0536_1682413_clip006_s001/audio.wav,"afternoon spring ambient soundscape, Bowra dry woodland, Australia, warm (32C), dry air, moderate wind, recorded 2024-10-14, no music, no machinery",31.89,25.91,3.59,ok
0537_1682413_clip006_s002,1682413_clip006_s002,1682413,2024-10-14,afternoon,spring,train,12.655,resources/site_257_bowra-dry-a/mvp2_per_cell_dataset/clips/0537_1682413_clip006_s002/audio.wav,"afternoon spring ambient soundscape, Bowra dry woodland, Australia, warm (32C), dry air, moderate wind, recorded 2024-10-14, no music, no machinery",31.89,25.91,3.59,ok
0538_1682413_clip007_s000,1682413_clip007_s000,1682413,2024-10-14,afternoon,spring,val,21.804,resources/site_257_bowra-dry-a/mvp2_per_cell_dataset/clips/0538_1682413_clip007_s000/audio.wav,"afternoon spring ambient soundscape, Bowra dry woodland, Australia, warm (32C), dry air, moderate wind, recorded 2024-10-14, no music, no machinery",31.89,25.91,3.59,ok
0539_1682413_clip007_s001,1682413_clip007_s001,1682413,2024-10-14,afternoon,spring,train,14.187,resources/site_257_bowra-dry-a/mvp2_per_cell_dataset/clips/0539_1682413_clip007_s001/audio.wav,"afternoon spring ambient soundscape, Bowra dry woodland, Australia, warm (32C), dry air, moderate wind, recorded 2024-10-14, no music, no machinery",31.89,25.91,3.59,ok
0540_1682413_clip008_s000,1682413_clip008_s000,1682413,2024-10-14,afternoon,spring,train,13.7,resources/site_257_bowra-dry-a/mvp2_per_cell_dataset/clips/0540_1682413_clip008_s000/audio.wav,"afternoon spring ambient soundscape, Bowra dry woodland, Australia, warm (32C), dry air, moderate wind, recorded 2024-10-14, no music, no machinery",31.89,25.91,3.59,ok
0541_1682413_clip012_s000,1682413_clip012_s000,1682413,2024-10-14,afternoon,spring,train,10.681,resources/site_257_bowra-dry-a/mvp2_per_cell_dataset/clips/0541_1682413_clip012_s000/audio.wav,"afternoon spring ambient soundscape, Bowra dry woodland, Australia, warm (32C), dry air, moderate wind, recorded 2024-10-14, no music, no machinery",31.89,25.91,3.59,ok
0542_1682413_clip012_s001,1682413_clip012_s001,1682413,2024-10-14,afternoon,spring,train,15.836,resources/site_257_bowra-dry-a/mvp2_per_cell_dataset/clips/0542_1682413_clip012_s001/audio.wav,"afternoon spring ambient soundscape, Bowra dry woodland, Australia, warm (32C), dry air, moderate wind, recorded 2024-10-14, no music, no machinery",31.89,25.91,3.59,ok
0543_1682413_clip012_s002,1682413_clip012_s002,1682413,2024-10-14,afternoon,spring,train,11.285,resources/site_257_bowra-dry-a/mvp2_per_cell_dataset/clips/0543_1682413_clip012_s002/audio.wav,"afternoon spring ambient soundscape, Bowra dry woodland, Australia, warm (32C), dry air, moderate wind, recorded 2024-10-14, no music, no machinery",31.89,25.91,3.59,ok
0544_1682413_clip013_s000,1682413_clip013_s000,1682413,2024-10-14,afternoon,spring,train,18.437,resources/site_257_bowra-dry-a/mvp2_per_cell_dataset/clips/0544_1682413_clip013_s000/audio.wav,"afternoon spring ambient soundscape, Bowra dry woodland, Australia, warm (32C), dry air, moderate wind, recorded 2024-10-14, no music, no machinery",31.89,25.91,3.59,ok
0545_1682413_clip014_s000,1682413_clip014_s000,1682413,2024-10-14,afternoon,spring,train,10.101,resources/site_257_bowra-dry-a/mvp2_per_cell_dataset/clips/0545_1682413_clip014_s000/audio.wav,"afternoon spring ambient soundscape, Bowra dry woodland, Australia, warm (32C), dry air, moderate wind, recorded 2024-10-14, no music, no machinery",31.89,25.91,3.59,ok
0546_1682413_clip015_s000,1682413_clip015_s000,1682413,2024-10-14,afternoon,spring,train,10.82,resources/site_257_bowra-dry-a/mvp2_per_cell_dataset/clips/0546_1682413_clip015_s000/audio.wav,"afternoon spring ambient soundscape, Bowra dry woodland, Australia, warm (32C), dry air, moderate wind, recorded 2024-10-14, no music, no machinery",31.89,25.91,3.59,ok
0547_1682413_clip015_s001,1682413_clip015_s001,1682413,2024-10-14,afternoon,spring,train,16.858,resources/site_257_bowra-dry-a/mvp2_per_cell_dataset/clips/0547_1682413_clip015_s001/audio.wav,"afternoon spring ambient soundscape, Bowra dry woodland, Australia, warm (32C), dry air, moderate wind, recorded 2024-10-14, no music, no machinery",31.89,25.91,3.59,ok
0548_1682413_clip018_s000,1682413_clip018_s000,1682413,2024-10-14,afternoon,spring,train,11.169,resources/site_257_bowra-dry-a/mvp2_per_cell_dataset/clips/0548_1682413_clip018_s000/audio.wav,"afternoon spring ambient soundscape, Bowra dry woodland, Australia, warm (32C), dry air, moderate wind, recorded 2024-10-14, no music, no machinery",31.89,25.91,3.59,ok
0549_1682413_clip019_s000,1682413_clip019_s000,1682413,2024-10-14,afternoon,spring,train,10.751,resources/site_257_bowra-dry-a/mvp2_per_cell_dataset/clips/0549_1682413_clip019_s000/audio.wav,"afternoon spring ambient soundscape, Bowra dry woodland, Australia, warm (32C), dry air, moderate wind, recorded 2024-10-14, no music, no machinery",31.89,25.91,3.59,ok
0550_1682413_clip022_s000,1682413_clip022_s000,1682413,2024-10-14,afternoon,spring,train,10.031,resources/site_257_bowra-dry-a/mvp2_per_cell_dataset/clips/0550_1682413_clip022_s000/audio.wav,"afternoon spring ambient soundscape, Bowra dry woodland, Australia, warm (32C), dry air, moderate wind, recorded 2024-10-14, no music, no machinery",31.89,25.91,3.59,ok
0551_1682413_clip022_s001,1682413_clip022_s001,1682413,2024-10-14,afternoon,spring,train,14.605,resources/site_257_bowra-dry-a/mvp2_per_cell_dataset/clips/0551_1682413_clip022_s001/audio.wav,"afternoon spring ambient soundscape, Bowra dry woodland, Australia, warm (32C), dry air, moderate wind, recorded 2024-10-14, no music, no machinery",31.89,25.91,3.59,ok
0552_1682413_clip022_s002,1682413_clip022_s002,1682413,2024-10-14,afternoon,spring,train,10.403,resources/site_257_bowra-dry-a/mvp2_per_cell_dataset/clips/0552_1682413_clip022_s002/audio.wav,"afternoon spring ambient soundscape, Bowra dry woodland, Australia, warm (32C), dry air, moderate wind, recorded 2024-10-14, no music, no machinery",31.89,25.91,3.59,ok
0553_1682413_clip022_s003,1682413_clip022_s003,1682413,2024-10-14,afternoon,spring,train,15.813,resources/site_257_bowra-dry-a/mvp2_per_cell_dataset/clips/0553_1682413_clip022_s003/audio.wav,"afternoon spring ambient soundscape, Bowra dry woodland, Australia, warm (32C), dry air, moderate wind, recorded 2024-10-14, no music, no machinery",31.89,25.91,3.59,ok
0554_1682413_clip022_s004,1682413_clip022_s004,1682413,2024-10-14,afternoon,spring,train,10.681,resources/site_257_bowra-dry-a/mvp2_per_cell_dataset/clips/0554_1682413_clip022_s004/audio.wav,"afternoon spring ambient soundscape, Bowra dry woodland, Australia, warm (32C), dry air, moderate wind, recorded 2024-10-14, no music, no machinery",31.89,25.91,3.59,ok
0555_1682413_clip022_s005,1682413_clip022_s005,1682413,2024-10-14,afternoon,spring,train,20.55,resources/site_257_bowra-dry-a/mvp2_per_cell_dataset/clips/0555_1682413_clip022_s005/audio.wav,"afternoon spring ambient soundscape, Bowra dry woodland, Australia, warm (32C), dry air, moderate wind, recorded 2024-10-14, no music, no machinery",31.89,25.91,3.59,ok
0556_1682413_clip022_s006,1682413_clip022_s006,1682413,2024-10-14,afternoon,spring,train,11.958,resources/site_257_bowra-dry-a/mvp2_per_cell_dataset/clips/0556_1682413_clip022_s006/audio.wav,"afternoon spring ambient soundscape, Bowra dry woodland, Australia, warm (32C), dry air, moderate wind, recorded 2024-10-14, no music, no machinery",31.89,25.91,3.59,ok
0557_1682413_clip022_s007,1682413_clip022_s007,1682413,2024-10-14,afternoon,spring,train,15.139,resources/site_257_bowra-dry-a/mvp2_per_cell_dataset/clips/0557_1682413_clip022_s007/audio.wav,"afternoon spring ambient soundscape, Bowra dry woodland, Australia, warm (32C), dry air, moderate wind, recorded 2024-10-14, no music, no machinery",31.89,25.91,3.59,ok
0558_1682413_clip023_s000,1682413_clip023_s000,1682413,2024-10-14,afternoon,spring,train,10.681,resources/site_257_bowra-dry-a/mvp2_per_cell_dataset/clips/0558_1682413_clip023_s000/audio.wav,"afternoon spring ambient soundscape, Bowra dry woodland, Australia, warm (32C), dry air, moderate wind, recorded 2024-10-14, no music, no machinery",31.89,25.91,3.59,ok
0559_1682413_clip023_s001,1682413_clip023_s001,1682413,2024-10-14,afternoon,spring,train,24.288,resources/site_257_bowra-dry-a/mvp2_per_cell_dataset/clips/0559_1682413_clip023_s001/audio.wav,"afternoon spring ambient soundscape, Bowra dry woodland, Australia, warm (32C), dry air, moderate wind, recorded 2024-10-14, no music, no machinery",31.89,25.91,3.59,ok
0560_1682413_clip024_s000,1682413_clip024_s000,1682413,2024-10-14,afternoon,spring,train,13.909,resources/site_257_bowra-dry-a/mvp2_per_cell_dataset/clips/0560_1682413_clip024_s000/audio.wav,"afternoon spring ambient soundscape, Bowra dry woodland, Australia, warm (32C), dry air, moderate wind, recorded 2024-10-14, no music, no machinery",31.89,25.91,3.59,ok
0561_1681319_clip002_s000,1681319_clip002_s000,1681319,2024-10-26,afternoon,spring,train,12.957,resources/site_257_bowra-dry-a/mvp2_per_cell_dataset/clips/0561_1681319_clip002_s000/audio.wav,"afternoon spring ambient soundscape, Bowra dry woodland, Australia, warm (30C), dry air, still, recorded 2024-10-26, no music, no machinery",30.12,14.86,0.49,ok
0562_1681319_clip002_s001,1681319_clip002_s001,1681319,2024-10-26,afternoon,spring,train,11.401,resources/site_257_bowra-dry-a/mvp2_per_cell_dataset/clips/0562_1681319_clip002_s001/audio.wav,"afternoon spring ambient soundscape, Bowra dry woodland, Australia, warm (30C), dry air, still, recorded 2024-10-26, no music, no machinery",30.12,14.86,0.49,ok
0563_1678704_clip006_s000,1678704_clip006_s000,1678704,2024-11-10,afternoon,spring,train,15.581,resources/site_257_bowra-dry-a/mvp2_per_cell_dataset/clips/0563_1678704_clip006_s000/audio.wav,"afternoon spring ambient soundscape, Bowra dry woodland, Australia, hot (33C), dry air, light breeze, recorded 2024-11-10, no music, no machinery",32.61,14.46,1.02,ok
0564_1678704_clip007_s000,1678704_clip007_s000,1678704,2024-11-10,afternoon,spring,train,14.164,resources/site_257_bowra-dry-a/mvp2_per_cell_dataset/clips/0564_1678704_clip007_s000/audio.wav,"afternoon spring ambient soundscape, Bowra dry woodland, Australia, hot (33C), dry air, light breeze, recorded 2024-11-10, no music, no machinery",32.61,14.46,1.02,ok
0565_1678704_clip008_s000,1678704_clip008_s000,1678704,2024-11-10,afternoon,spring,train,13.444,resources/site_257_bowra-dry-a/mvp2_per_cell_dataset/clips/0565_1678704_clip008_s000/audio.wav,"afternoon spring ambient soundscape, Bowra dry woodland, Australia, hot (33C), dry air, light breeze, recorded 2024-11-10, no music, no machinery",32.61,14.46,1.02,ok
0566_1678704_clip008_s001,1678704_clip008_s001,1678704,2024-11-10,afternoon,spring,train,11.796,resources/site_257_bowra-dry-a/mvp2_per_cell_dataset/clips/0566_1678704_clip008_s001/audio.wav,"afternoon spring ambient soundscape, Bowra dry woodland, Australia, hot (33C), dry air, light breeze, recorded 2024-11-10, no music, no machinery",32.61,14.46,1.02,ok
0567_1678704_clip008_s002,1678704_clip008_s002,1678704,2024-11-10,afternoon,spring,val,10.356,resources/site_257_bowra-dry-a/mvp2_per_cell_dataset/clips/0567_1678704_clip008_s002/audio.wav,"afternoon spring ambient soundscape, Bowra dry woodland, Australia, hot (33C), dry air, light breeze, recorded 2024-11-10, no music, no machinery",32.61,14.46,1.02,ok
0568_1678704_clip008_s003,1678704_clip008_s003,1678704,2024-11-10,afternoon,spring,train,14.675,resources/site_257_bowra-dry-a/mvp2_per_cell_dataset/clips/0568_1678704_clip008_s003/audio.wav,"afternoon spring ambient soundscape, Bowra dry woodland, Australia, hot (33C), dry air, light breeze, recorded 2024-11-10, no music, no machinery",32.61,14.46,1.02,ok
0569_1678704_clip009_s000,1678704_clip009_s000,1678704,2024-11-10,afternoon,spring,train,10.077,resources/site_257_bowra-dry-a/mvp2_per_cell_dataset/clips/0569_1678704_clip009_s000/audio.wav,"afternoon spring ambient soundscape, Bowra dry woodland, Australia, hot (33C), dry air, light breeze, recorded 2024-11-10, no music, no machinery",32.61,14.46,1.02,ok
0570_1678704_clip009_s001,1678704_clip009_s001,1678704,2024-11-10,afternoon,spring,train,34.04,resources/site_257_bowra-dry-a/mvp2_per_cell_dataset/clips/0570_1678704_clip009_s001/audio.wav,"afternoon spring ambient soundscape, Bowra dry woodland, Australia, hot (33C), dry air, light breeze, recorded 2024-11-10, no music, no machinery",32.61,14.46,1.02,ok
0571_1678704_clip010_s000,1678704_clip010_s000,1678704,2024-11-10,afternoon,spring,val,33.344,resources/site_257_bowra-dry-a/mvp2_per_cell_dataset/clips/0571_1678704_clip010_s000/audio.wav,"afternoon spring ambient soundscape, Bowra dry woodland, Australia, hot (33C), dry air, light breeze, recorded 2024-11-10, no music, no machinery",32.61,14.46,1.02,ok
0572_1678704_clip010_s001,1678704_clip010_s001,1678704,2024-11-10,afternoon,spring,train,14.791,resources/site_257_bowra-dry-a/mvp2_per_cell_dataset/clips/0572_1678704_clip010_s001/audio.wav,"afternoon spring ambient soundscape, Bowra dry woodland, Australia, hot (33C), dry air, light breeze, recorded 2024-11-10, no music, no machinery",32.61,14.46,1.02,ok
0573_1678704_clip014_s000,1678704_clip014_s000,1678704,2024-11-10,afternoon,spring,train,14.489,resources/site_257_bowra-dry-a/mvp2_per_cell_dataset/clips/0573_1678704_clip014_s000/audio.wav,"afternoon spring ambient soundscape, Bowra dry woodland, Australia, hot (33C), dry air, light breeze, recorded 2024-11-10, no music, no machinery",32.61,14.46,1.02,ok
0574_1678704_clip019_s000,1678704_clip019_s000,1678704,2024-11-10,afternoon,spring,train,31.811,resources/site_257_bowra-dry-a/mvp2_per_cell_dataset/clips/0574_1678704_clip019_s000/audio.wav,"afternoon spring ambient soundscape, Bowra dry woodland, Australia, hot (33C), dry air, light breeze, recorded 2024-11-10, no music, no machinery",32.61,14.46,1.02,ok
0575_4881_clip001_s000,4881_clip001_s000,4881,2019-10-04,dawn,spring,train,10.913,resources/site_257_bowra-dry-a/mvp2_per_cell_dataset/clips/0575_4881_clip001_s000/audio.wav,"dawn spring ambient soundscape, Bowra dry woodland, Australia, mild (18C), dry air, moderate wind, recorded 2019-10-04, no music, no machinery",17.74,33.1,2.1,ok
0576_4881_clip003_s000,4881_clip003_s000,4881,2019-10-04,dawn,spring,train,10.263,resources/site_257_bowra-dry-a/mvp2_per_cell_dataset/clips/0576_4881_clip003_s000/audio.wav,"dawn spring ambient soundscape, Bowra dry woodland, Australia, mild (18C), dry air, moderate wind, recorded 2019-10-04, no music, no machinery",17.74,33.1,2.1,ok
0577_4881_clip004_s000,4881_clip004_s000,4881,2019-10-04,dawn,spring,train,17.601,resources/site_257_bowra-dry-a/mvp2_per_cell_dataset/clips/0577_4881_clip004_s000/audio.wav,"dawn spring ambient soundscape, Bowra dry woodland, Australia, mild (18C), dry air, moderate wind, recorded 2019-10-04, no music, no machinery",17.74,33.1,2.1,ok
0578_4881_clip005_s000,4881_clip005_s000,4881,2019-10-04,dawn,spring,train,13.491,resources/site_257_bowra-dry-a/mvp2_per_cell_dataset/clips/0578_4881_clip005_s000/audio.wav,"dawn spring ambient soundscape, Bowra dry woodland, Australia, mild (18C), dry air, moderate wind, recorded 2019-10-04, no music, no machinery",17.74,33.1,2.1,ok
0579_4881_clip008_s000,4881_clip008_s000,4881,2019-10-04,dawn,spring,val,14.536,resources/site_257_bowra-dry-a/mvp2_per_cell_dataset/clips/0579_4881_clip008_s000/audio.wav,"dawn spring ambient soundscape, Bowra dry woodland, Australia, mild (18C), dry air, moderate wind, recorded 2019-10-04, no music, no machinery",17.74,33.1,2.1,ok
0580_4881_clip008_s001,4881_clip008_s001,4881,2019-10-04,dawn,spring,train,10.797,resources/site_257_bowra-dry-a/mvp2_per_cell_dataset/clips/0580_4881_clip008_s001/audio.wav,"dawn spring ambient soundscape, Bowra dry woodland, Australia, mild (18C), dry air, moderate wind, recorded 2019-10-04, no music, no machinery",17.74,33.1,2.1,ok
0581_4881_clip008_s002,4881_clip008_s002,4881,2019-10-04,dawn,spring,train,11.819,resources/site_257_bowra-dry-a/mvp2_per_cell_dataset/clips/0581_4881_clip008_s002/audio.wav,"dawn spring ambient soundscape, Bowra dry woodland, Australia, mild (18C), dry air, moderate wind, recorded 2019-10-04, no music, no machinery",17.74,33.1,2.1,ok
0582_4881_clip009_s000,4881_clip009_s000,4881,2019-10-04,dawn,spring,train,12.748,resources/site_257_bowra-dry-a/mvp2_per_cell_dataset/clips/0582_4881_clip009_s000/audio.wav,"dawn spring ambient soundscape, Bowra dry woodland, Australia, mild (18C), dry air, moderate wind, recorded 2019-10-04, no music, no machinery",17.74,33.1,2.1,ok
0583_4881_clip011_s000,4881_clip011_s000,4881,2019-10-04,dawn,spring,train,11.517,resources/site_257_bowra-dry-a/mvp2_per_cell_dataset/clips/0583_4881_clip011_s000/audio.wav,"dawn spring ambient soundscape, Bowra dry woodland, Australia, mild (18C), dry air, moderate wind, recorded 2019-10-04, no music, no machinery",17.74,33.1,2.1,ok
0584_4881_clip014_s000,4881_clip014_s000,4881,2019-10-04,dawn,spring,train,11.564,resources/site_257_bowra-dry-a/mvp2_per_cell_dataset/clips/0584_4881_clip014_s000/audio.wav,"dawn spring ambient soundscape, Bowra dry woodland, Australia, mild (18C), dry air, moderate wind, recorded 2019-10-04, no music, no machinery",17.74,33.1,2.1,ok
0585_4881_clip014_s001,4881_clip014_s001,4881,2019-10-04,dawn,spring,val,13.862,resources/site_257_bowra-dry-a/mvp2_per_cell_dataset/clips/0585_4881_clip014_s001/audio.wav,"dawn spring ambient soundscape, Bowra dry woodland, Australia, mild (18C), dry air, moderate wind, recorded 2019-10-04, no music, no machinery",17.74,33.1,2.1,ok
0586_4881_clip014_s002,4881_clip014_s002,4881,2019-10-04,dawn,spring,train,10.495,resources/site_257_bowra-dry-a/mvp2_per_cell_dataset/clips/0586_4881_clip014_s002/audio.wav,"dawn spring ambient soundscape, Bowra dry woodland, Australia, mild (18C), dry air, moderate wind, recorded 2019-10-04, no music, no machinery",17.74,33.1,2.1,ok
0587_4881_clip016_s000,4881_clip016_s000,4881,2019-10-04,dawn,spring,train,13.05,resources/site_257_bowra-dry-a/mvp2_per_cell_dataset/clips/0587_4881_clip016_s000/audio.wav,"dawn spring ambient soundscape, Bowra dry woodland, Australia, mild (18C), dry air, moderate wind, recorded 2019-10-04, no music, no machinery",17.74,33.1,2.1,ok
0588_4881_clip019_s000,4881_clip019_s000,4881,2019-10-04,dawn,spring,train,10.449,resources/site_257_bowra-dry-a/mvp2_per_cell_dataset/clips/0588_4881_clip019_s000/audio.wav,"dawn spring ambient soundscape, Bowra dry woodland, Australia, mild (18C), dry air, moderate wind, recorded 2019-10-04, no music, no machinery",17.74,33.1,2.1,ok
0589_4881_clip019_s001,4881_clip019_s001,4881,2019-10-04,dawn,spring,train,11.169,resources/site_257_bowra-dry-a/mvp2_per_cell_dataset/clips/0589_4881_clip019_s001/audio.wav,"dawn spring ambient soundscape, Bowra dry woodland, Australia, mild (18C), dry air, moderate wind, recorded 2019-10-04, no music, no machinery",17.74,33.1,2.1,ok
0590_4881_clip019_s002,4881_clip019_s002,4881,2019-10-04,dawn,spring,train,10.472,resources/site_257_bowra-dry-a/mvp2_per_cell_dataset/clips/0590_4881_clip019_s002/audio.wav,"dawn spring ambient soundscape, Bowra dry woodland, Australia, mild (18C), dry air, moderate wind, recorded 2019-10-04, no music, no machinery",17.74,33.1,2.1,ok
0591_4881_clip020_s000,4881_clip020_s000,4881,2019-10-04,dawn,spring,train,10.24,resources/site_257_bowra-dry-a/mvp2_per_cell_dataset/clips/0591_4881_clip020_s000/audio.wav,"dawn spring ambient soundscape, Bowra dry woodland, Australia, mild (18C), dry air, moderate wind, recorded 2019-10-04, no music, no machinery",17.74,33.1,2.1,ok
0592_4881_clip022_s000,4881_clip022_s000,4881,2019-10-04,dawn,spring,train,10.147,resources/site_257_bowra-dry-a/mvp2_per_cell_dataset/clips/0592_4881_clip022_s000/audio.wav,"dawn spring ambient soundscape, Bowra dry woodland, Australia, mild (18C), dry air, moderate wind, recorded 2019-10-04, no music, no machinery",17.74,33.1,2.1,ok
0593_4881_clip023_s000,4881_clip023_s000,4881,2019-10-04,dawn,spring,train,10.704,resources/site_257_bowra-dry-a/mvp2_per_cell_dataset/clips/0593_4881_clip023_s000/audio.wav,"dawn spring ambient soundscape, Bowra dry woodland, Australia, mild (18C), dry air, moderate wind, recorded 2019-10-04, no music, no machinery",17.74,33.1,2.1,ok
0594_214503_clip012_s000,214503_clip012_s000,214503,2019-10-22,dawn,spring,train,11.215,resources/site_257_bowra-dry-a/mvp2_per_cell_dataset/clips/0594_214503_clip012_s000/audio.wav,"dawn spring ambient soundscape, Bowra dry woodland, Australia, mild (17C), dry air, moderate wind, recorded 2019-10-22, no music, no machinery",16.58,37.02,2.26,ok
0595_214503_clip012_s001,214503_clip012_s001,214503,2019-10-22,dawn,spring,val,13.305,resources/site_257_bowra-dry-a/mvp2_per_cell_dataset/clips/0595_214503_clip012_s001/audio.wav,"dawn spring ambient soundscape, Bowra dry woodland, Australia, mild (17C), dry air, moderate wind, recorded 2019-10-22, no music, no machinery",16.58,37.02,2.26,ok
0596_214503_clip013_s000,214503_clip013_s000,214503,2019-10-22,dawn,spring,train,11.656,resources/site_257_bowra-dry-a/mvp2_per_cell_dataset/clips/0596_214503_clip013_s000/audio.wav,"dawn spring ambient soundscape, Bowra dry woodland, Australia, mild (17C), dry air, moderate wind, recorded 2019-10-22, no music, no machinery",16.58,37.02,2.26,ok
0597_214503_clip015_s000,214503_clip015_s000,214503,2019-10-22,dawn,spring,val,15.627,resources/site_257_bowra-dry-a/mvp2_per_cell_dataset/clips/0597_214503_clip015_s000/audio.wav,"dawn spring ambient soundscape, Bowra dry woodland, Australia, mild (17C), dry air, moderate wind, recorded 2019-10-22, no music, no machinery",16.58,37.02,2.26,ok
0598_214503_clip020_s000,214503_clip020_s000,214503,2019-10-22,dawn,spring,train,12.585,resources/site_257_bowra-dry-a/mvp2_per_cell_dataset/clips/0598_214503_clip020_s000/audio.wav,"dawn spring ambient soundscape, Bowra dry woodland, Australia, mild (17C), dry air, moderate wind, recorded 2019-10-22, no music, no machinery",16.58,37.02,2.26,ok
0599_214503_clip021_s000,214503_clip021_s000,214503,2019-10-22,dawn,spring,train,16.184,resources/site_257_bowra-dry-a/mvp2_per_cell_dataset/clips/0599_214503_clip021_s000/audio.wav,"dawn spring ambient soundscape, Bowra dry woodland, Australia, mild (17C), dry air, moderate wind, recorded 2019-10-22, no music, no machinery",16.58,37.02,2.26,ok
0600_214503_clip023_s000,214503_clip023_s000,214503,2019-10-22,dawn,spring,train,10.728,resources/site_257_bowra-dry-a/mvp2_per_cell_dataset/clips/0600_214503_clip023_s000/audio.wav,"dawn spring ambient soundscape, Bowra dry woodland, Australia, mild (17C), dry air, moderate wind, recorded 2019-10-22, no music, no machinery",16.58,37.02,2.26,ok
0601_214654_clip001_s000,214654_clip001_s000,214654,2019-11-03,dawn,spring,train,11.564,resources/site_257_bowra-dry-a/mvp2_per_cell_dataset/clips/0601_214654_clip001_s000/audio.wav,"dawn spring ambient soundscape, Bowra dry woodland, Australia, mild (23C), moderate humidity, moderate wind, recorded 2019-11-03, no music, no machinery",22.56,55.53,4.88,ok
0602_445574_clip008_s000,445574_clip008_s000,445574,2020-09-04,dawn,spring,train,10.588,resources/site_257_bowra-dry-a/mvp2_per_cell_dataset/clips/0602_445574_clip008_s000/audio.wav,"dawn spring ambient soundscape, Bowra dry woodland, Australia, cold (14C), moderate humidity, light breeze, recorded 2020-09-04, no music, no machinery",13.75,69.65,0.75,ok
0603_445574_clip013_s000,445574_clip013_s000,445574,2020-09-04,dawn,spring,train,10.263,resources/site_257_bowra-dry-a/mvp2_per_cell_dataset/clips/0603_445574_clip013_s000/audio.wav,"dawn spring ambient soundscape, Bowra dry woodland, Australia, cold (14C), moderate humidity, light breeze, recorded 2020-09-04, no music, no machinery",13.75,69.65,0.75,ok
0604_445574_clip013_s001,445574_clip013_s001,445574,2020-09-04,dawn,spring,train,11.633,resources/site_257_bowra-dry-a/mvp2_per_cell_dataset/clips/0604_445574_clip013_s001/audio.wav,"dawn spring ambient soundscape, Bowra dry woodland, Australia, cold (14C), moderate humidity, light breeze, recorded 2020-09-04, no music, no machinery",13.75,69.65,0.75,ok
0605_445574_clip016_s000,445574_clip016_s000,445574,2020-09-04,dawn,spring,train,11.029,resources/site_257_bowra-dry-a/mvp2_per_cell_dataset/clips/0605_445574_clip016_s000/audio.wav,"dawn spring ambient soundscape, Bowra dry woodland, Australia, cold (14C), moderate humidity, light breeze, recorded 2020-09-04, no music, no machinery",13.75,69.65,0.75,ok
0606_445574_clip019_s000,445574_clip019_s000,445574,2020-09-04,dawn,spring,train,11.285,resources/site_257_bowra-dry-a/mvp2_per_cell_dataset/clips/0606_445574_clip019_s000/audio.wav,"dawn spring ambient soundscape, Bowra dry woodland, Australia, cold (14C), moderate humidity, light breeze, recorded 2020-09-04, no music, no machinery",13.75,69.65,0.75,ok
0607_445574_clip019_s001,445574_clip019_s001,445574,2020-09-04,dawn,spring,train,13.351,resources/site_257_bowra-dry-a/mvp2_per_cell_dataset/clips/0607_445574_clip019_s001/audio.wav,"dawn spring ambient soundscape, Bowra dry woodland, Australia, cold (14C), moderate humidity, light breeze, recorded 2020-09-04, no music, no machinery",13.75,69.65,0.75,ok
0608_445574_clip019_s002,445574_clip019_s002,445574,2020-09-04,dawn,spring,train,13.491,resources/site_257_bowra-dry-a/mvp2_per_cell_dataset/clips/0608_445574_clip019_s002/audio.wav,"dawn spring ambient soundscape, Bowra dry woodland, Australia, cold (14C), moderate humidity, light breeze, recorded 2020-09-04, no music, no machinery",13.75,69.65,0.75,ok
0609_445574_clip022_s000,445574_clip022_s000,445574,2020-09-04,dawn,spring,train,13.003,resources/site_257_bowra-dry-a/mvp2_per_cell_dataset/clips/0609_445574_clip022_s000/audio.wav,"dawn spring ambient soundscape, Bowra dry woodland, Australia, cold (14C), moderate humidity, light breeze, recorded 2020-09-04, no music, no machinery",13.75,69.65,0.75,ok
0610_445574_clip023_s000,445574_clip023_s000,445574,2020-09-04,dawn,spring,train,11.006,resources/site_257_bowra-dry-a/mvp2_per_cell_dataset/clips/0610_445574_clip023_s000/audio.wav,"dawn spring ambient soundscape, Bowra dry woodland, Australia, cold (14C), moderate humidity, light breeze, recorded 2020-09-04, no music, no machinery",13.75,69.65,0.75,ok
0611_445759_clip002_s000,445759_clip002_s000,445759,2020-09-19,dawn,spring,train,11.819,resources/site_257_bowra-dry-a/mvp2_per_cell_dataset/clips/0611_445759_clip002_s000/audio.wav,"dawn spring ambient soundscape, Bowra dry woodland, Australia, mild (19C), moderate humidity, moderate wind, recorded 2020-09-19, no music, no machinery",18.71,58.81,5.45,ok
0612_445759_clip005_s000,445759_clip005_s000,445759,2020-09-19,dawn,spring,train,13.328,resources/site_257_bowra-dry-a/mvp2_per_cell_dataset/clips/0612_445759_clip005_s000/audio.wav,"dawn spring ambient soundscape, Bowra dry woodland, Australia, mild (19C), moderate humidity, moderate wind, recorded 2020-09-19, no music, no machinery",18.71,58.81,5.45,ok
0613_445759_clip005_s001,445759_clip005_s001,445759,2020-09-19,dawn,spring,val,13.026,resources/site_257_bowra-dry-a/mvp2_per_cell_dataset/clips/0613_445759_clip005_s001/audio.wav,"dawn spring ambient soundscape, Bowra dry woodland, Australia, mild (19C), moderate humidity, moderate wind, recorded 2020-09-19, no music, no machinery",18.71,58.81,5.45,ok
0614_445759_clip005_s002,445759_clip005_s002,445759,2020-09-19,dawn,spring,train,15.232,resources/site_257_bowra-dry-a/mvp2_per_cell_dataset/clips/0614_445759_clip005_s002/audio.wav,"dawn spring ambient soundscape, Bowra dry woodland, Australia, mild (19C), moderate humidity, moderate wind, recorded 2020-09-19, no music, no machinery",18.71,58.81,5.45,ok
0615_445759_clip006_s000,445759_clip006_s000,445759,2020-09-19,dawn,spring,train,15.279,resources/site_257_bowra-dry-a/mvp2_per_cell_dataset/clips/0615_445759_clip006_s000/audio.wav,"dawn spring ambient soundscape, Bowra dry woodland, Australia, mild (19C), moderate humidity, moderate wind, recorded 2020-09-19, no music, no machinery",18.71,58.81,5.45,ok
0616_445759_clip007_s000,445759_clip007_s000,445759,2020-09-19,dawn,spring,train,10.054,resources/site_257_bowra-dry-a/mvp2_per_cell_dataset/clips/0616_445759_clip007_s000/audio.wav,"dawn spring ambient soundscape, Bowra dry woodland, Australia, mild (19C), moderate humidity, moderate wind, recorded 2020-09-19, no music, no machinery",18.71,58.81,5.45,ok
0617_445759_clip007_s001,445759_clip007_s001,445759,2020-09-19,dawn,spring,train,16.881,resources/site_257_bowra-dry-a/mvp2_per_cell_dataset/clips/0617_445759_clip007_s001/audio.wav,"dawn spring ambient soundscape, Bowra dry woodland, Australia, mild (19C), moderate humidity, moderate wind, recorded 2020-09-19, no music, no machinery",18.71,58.81,5.45,ok
0618_445759_clip008_s000,445759_clip008_s000,445759,2020-09-19,dawn,spring,train,12.678,resources/site_257_bowra-dry-a/mvp2_per_cell_dataset/clips/0618_445759_clip008_s000/audio.wav,"dawn spring ambient soundscape, Bowra dry woodland, Australia, mild (19C), moderate humidity, moderate wind, recorded 2020-09-19, no music, no machinery",18.71,58.81,5.45,ok
0619_445759_clip009_s000,445759_clip009_s000,445759,2020-09-19,dawn,spring,train,10.286,resources/site_257_bowra-dry-a/mvp2_per_cell_dataset/clips/0619_445759_clip009_s000/audio.wav,"dawn spring ambient soundscape, Bowra dry woodland, Australia, mild (19C), moderate humidity, moderate wind, recorded 2020-09-19, no music, no machinery",18.71,58.81,5.45,ok
0620_445759_clip009_s001,445759_clip009_s001,445759,2020-09-19,dawn,spring,train,10.519,resources/site_257_bowra-dry-a/mvp2_per_cell_dataset/clips/0620_445759_clip009_s001/audio.wav,"dawn spring ambient soundscape, Bowra dry woodland, Australia, mild (19C), moderate humidity, moderate wind, recorded 2020-09-19, no music, no machinery",18.71,58.81,5.45,ok
0621_445759_clip010_s000,445759_clip010_s000,445759,2020-09-19,dawn,spring,train,12.725,resources/site_257_bowra-dry-a/mvp2_per_cell_dataset/clips/0621_445759_clip010_s000/audio.wav,"dawn spring ambient soundscape, Bowra dry woodland, Australia, mild (19C), moderate humidity, moderate wind, recorded 2020-09-19, no music, no machinery",18.71,58.81,5.45,ok
0622_445759_clip015_s000,445759_clip015_s000,445759,2020-09-19,dawn,spring,train,10.913,resources/site_257_bowra-dry-a/mvp2_per_cell_dataset/clips/0622_445759_clip015_s000/audio.wav,"dawn spring ambient soundscape, Bowra dry woodland, Australia, mild (19C), moderate humidity, moderate wind, recorded 2020-09-19, no music, no machinery",18.71,58.81,5.45,ok
0623_445759_clip016_s000,445759_clip016_s000,445759,2020-09-19,dawn,spring,train,10.124,resources/site_257_bowra-dry-a/mvp2_per_cell_dataset/clips/0623_445759_clip016_s000/audio.wav,"dawn spring ambient soundscape, Bowra dry woodland, Australia, mild (19C), moderate humidity, moderate wind, recorded 2020-09-19, no music, no machinery",18.71,58.81,5.45,ok
0624_445759_clip018_s000,445759_clip018_s000,445759,2020-09-19,dawn,spring,train,11.494,resources/site_257_bowra-dry-a/mvp2_per_cell_dataset/clips/0624_445759_clip018_s000/audio.wav,"dawn spring ambient soundscape, Bowra dry woodland, Australia, mild (19C), moderate humidity, moderate wind, recorded 2020-09-19, no music, no machinery",18.71,58.81,5.45,ok
0625_445759_clip018_s001,445759_clip018_s001,445759,2020-09-19,dawn,spring,val,11.471,resources/site_257_bowra-dry-a/mvp2_per_cell_dataset/clips/0625_445759_clip018_s001/audio.wav,"dawn spring ambient soundscape, Bowra dry woodland, Australia, mild (19C), moderate humidity, moderate wind, recorded 2020-09-19, no music, no machinery",18.71,58.81,5.45,ok
0626_445759_clip024_s000,445759_clip024_s000,445759,2020-09-19,dawn,spring,train,10.217,resources/site_257_bowra-dry-a/mvp2_per_cell_dataset/clips/0626_445759_clip024_s000/audio.wav,"dawn spring ambient soundscape, Bowra dry woodland, Australia, mild (19C), moderate humidity, moderate wind, recorded 2020-09-19, no music, no machinery",18.71,58.81,5.45,ok
0627_1399601_clip001_s000,1399601_clip001_s000,1399601,2023-09-12,dawn,spring,train,10.728,resources/site_257_bowra-dry-a/mvp2_per_cell_dataset/clips/0627_1399601_clip001_s000/audio.wav,"dawn spring ambient soundscape, Bowra dry woodland, Australia, cold (8C), moderate humidity, light breeze, recorded 2023-09-12, no music, no machinery",7.77,53.68,1.76,ok
0628_1399601_clip008_s000,1399601_clip008_s000,1399601,2023-09-12,dawn,spring,val,14.861,resources/site_257_bowra-dry-a/mvp2_per_cell_dataset/clips/0628_1399601_clip008_s000/audio.wav,"dawn spring ambient soundscape, Bowra dry woodland, Australia, cold (8C), moderate humidity, light breeze, recorded 2023-09-12, no music, no machinery",7.77,53.68,1.76,ok
0629_1400010_clip010_s000,1400010_clip010_s000,1400010,2023-09-28,dawn,spring,train,15.256,resources/site_257_bowra-dry-a/mvp2_per_cell_dataset/clips/0629_1400010_clip010_s000/audio.wav,"dawn spring ambient soundscape, Bowra dry woodland, Australia, cold (13C), moderate humidity, moderate wind, recorded 2023-09-28, no music, no machinery",12.82,54.3,2.62,ok
0630_1400010_clip023_s000,1400010_clip023_s000,1400010,2023-09-28,dawn,spring,train,12.934,resources/site_257_bowra-dry-a/mvp2_per_cell_dataset/clips/0630_1400010_clip023_s000/audio.wav,"dawn spring ambient soundscape, Bowra dry woodland, Australia, cold (13C), moderate humidity, moderate wind, recorded 2023-09-28, no music, no machinery",12.82,54.3,2.62,ok
0631_1401563_clip001_s000,1401563_clip001_s000,1401563,2023-10-23,dawn,spring,train,10.008,resources/site_257_bowra-dry-a/mvp2_per_cell_dataset/clips/0631_1401563_clip001_s000/audio.wav,"dawn spring ambient soundscape, Bowra dry woodland, Australia, cold (14C), moderate humidity, moderate wind, recorded 2023-10-23, no music, no machinery",14.29,44.32,2.25,ok
0632_1401563_clip015_s000,1401563_clip015_s000,1401563,2023-10-23,dawn,spring,train,10.077,resources/site_257_bowra-dry-a/mvp2_per_cell_dataset/clips/0632_1401563_clip015_s000/audio.wav,"dawn spring ambient soundscape, Bowra dry woodland, Australia, cold (14C), moderate humidity, moderate wind, recorded 2023-10-23, no music, no machinery",14.29,44.32,2.25,ok
0633_1401105_clip003_s000,1401105_clip003_s000,1401105,2023-11-03,dawn,spring,train,10.356,resources/site_257_bowra-dry-a/mvp2_per_cell_dataset/clips/0633_1401105_clip003_s000/audio.wav,"dawn spring ambient soundscape, Bowra dry woodland, Australia, mild (18C), dry air, light breeze, recorded 2023-11-03, no music, no machinery",18.24,29.41,1.11,ok
0634_1401105_clip005_s000,1401105_clip005_s000,1401105,2023-11-03,dawn,spring,train,10.17,resources/site_257_bowra-dry-a/mvp2_per_cell_dataset/clips/0634_1401105_clip005_s000/audio.wav,"dawn spring ambient soundscape, Bowra dry woodland, Australia, mild (18C), dry air, light breeze, recorded 2023-11-03, no music, no machinery",18.24,29.41,1.11,ok
0635_1401105_clip006_s000,1401105_clip006_s000,1401105,2023-11-03,dawn,spring,train,10.356,resources/site_257_bowra-dry-a/mvp2_per_cell_dataset/clips/0635_1401105_clip006_s000/audio.wav,"dawn spring ambient soundscape, Bowra dry woodland, Australia, mild (18C), dry air, light breeze, recorded 2023-11-03, no music, no machinery",18.24,29.41,1.11,ok
0636_1401105_clip006_s001,1401105_clip006_s001,1401105,2023-11-03,dawn,spring,val,10.379,resources/site_257_bowra-dry-a/mvp2_per_cell_dataset/clips/0636_1401105_clip006_s001/audio.wav,"dawn spring ambient soundscape, Bowra dry woodland, Australia, mild (18C), dry air, light breeze, recorded 2023-11-03, no music, no machinery",18.24,29.41,1.11,ok
0637_1401105_clip006_s002,1401105_clip006_s002,1401105,2023-11-03,dawn,spring,train,11.401,resources/site_257_bowra-dry-a/mvp2_per_cell_dataset/clips/0637_1401105_clip006_s002/audio.wav,"dawn spring ambient soundscape, Bowra dry woodland, Australia, mild (18C), dry air, light breeze, recorded 2023-11-03, no music, no machinery",18.24,29.41,1.11,ok
0638_1401105_clip006_s003,1401105_clip006_s003,1401105,2023-11-03,dawn,spring,train,10.635,resources/site_257_bowra-dry-a/mvp2_per_cell_dataset/clips/0638_1401105_clip006_s003/audio.wav,"dawn spring ambient soundscape, Bowra dry woodland, Australia, mild (18C), dry air, light breeze, recorded 2023-11-03, no music, no machinery",18.24,29.41,1.11,ok
0639_1401105_clip007_s000,1401105_clip007_s000,1401105,2023-11-03,dawn,spring,train,14.048,resources/site_257_bowra-dry-a/mvp2_per_cell_dataset/clips/0639_1401105_clip007_s000/audio.wav,"dawn spring ambient soundscape, Bowra dry woodland, Australia, mild (18C), dry air, light breeze, recorded 2023-11-03, no music, no machinery",18.24,29.41,1.11,ok
0640_1401105_clip007_s001,1401105_clip007_s001,1401105,2023-11-03,dawn,spring,train,13.096,resources/site_257_bowra-dry-a/mvp2_per_cell_dataset/clips/0640_1401105_clip007_s001/audio.wav,"dawn spring ambient soundscape, Bowra dry woodland, Australia, mild (18C), dry air, light breeze, recorded 2023-11-03, no music, no machinery",18.24,29.41,1.11,ok
0641_1401105_clip007_s002,1401105_clip007_s002,1401105,2023-11-03,dawn,spring,train,12.237,resources/site_257_bowra-dry-a/mvp2_per_cell_dataset/clips/0641_1401105_clip007_s002/audio.wav,"dawn spring ambient soundscape, Bowra dry woodland, Australia, mild (18C), dry air, light breeze, recorded 2023-11-03, no music, no machinery",18.24,29.41,1.11,ok
0642_1401105_clip012_s000,1401105_clip012_s000,1401105,2023-11-03,dawn,spring,train,16.579,resources/site_257_bowra-dry-a/mvp2_per_cell_dataset/clips/0642_1401105_clip012_s000/audio.wav,"dawn spring ambient soundscape, Bowra dry woodland, Australia, mild (18C), dry air, light breeze, recorded 2023-11-03, no music, no machinery",18.24,29.41,1.11,ok
0643_1401105_clip014_s000,1401105_clip014_s000,1401105,2023-11-03,dawn,spring,train,10.937,resources/site_257_bowra-dry-a/mvp2_per_cell_dataset/clips/0643_1401105_clip014_s000/audio.wav,"dawn spring ambient soundscape, Bowra dry woodland, Australia, mild (18C), dry air, light breeze, recorded 2023-11-03, no music, no machinery",18.24,29.41,1.11,ok
0644_1401105_clip015_s000,1401105_clip015_s000,1401105,2023-11-03,dawn,spring,train,12.051,resources/site_257_bowra-dry-a/mvp2_per_cell_dataset/clips/0644_1401105_clip015_s000/audio.wav,"dawn spring ambient soundscape, Bowra dry woodland, Australia, mild (18C), dry air, light breeze, recorded 2023-11-03, no music, no machinery",18.24,29.41,1.11,ok
0645_1401105_clip015_s001,1401105_clip015_s001,1401105,2023-11-03,dawn,spring,train,11.656,resources/site_257_bowra-dry-a/mvp2_per_cell_dataset/clips/0645_1401105_clip015_s001/audio.wav,"dawn spring ambient soundscape, Bowra dry woodland, Australia, mild (18C), dry air, light breeze, recorded 2023-11-03, no music, no machinery",18.24,29.41,1.11,ok
0646_1401105_clip023_s000,1401105_clip023_s000,1401105,2023-11-03,dawn,spring,train,13.932,resources/site_257_bowra-dry-a/mvp2_per_cell_dataset/clips/0646_1401105_clip023_s000/audio.wav,"dawn spring ambient soundscape, Bowra dry woodland, Australia, mild (18C), dry air, light breeze, recorded 2023-11-03, no music, no machinery",18.24,29.41,1.11,ok
0647_1401105_clip023_s001,1401105_clip023_s001,1401105,2023-11-03,dawn,spring,val,10.751,resources/site_257_bowra-dry-a/mvp2_per_cell_dataset/clips/0647_1401105_clip023_s001/audio.wav,"dawn spring ambient soundscape, Bowra dry woodland, Australia, mild (18C), dry air, light breeze, recorded 2023-11-03, no music, no machinery",18.24,29.41,1.11,ok
0648_1401599_clip013_s000,1401599_clip013_s000,1401599,2023-11-21,dawn,spring,train,11.238,resources/site_257_bowra-dry-a/mvp2_per_cell_dataset/clips/0648_1401599_clip013_s000/audio.wav,"dawn spring ambient soundscape, Bowra dry woodland, Australia, mild (21C), humid air, moderate wind, recorded 2023-11-21, no music, no machinery",20.61,72.43,3.47,ok
0649_1535362_clip006_s000,1535362_clip006_s000,1535362,2024-09-24,dawn,spring,train,12.608,resources/site_257_bowra-dry-a/mvp2_per_cell_dataset/clips/0649_1535362_clip006_s000/audio.wav,"dawn spring ambient soundscape, Bowra dry woodland, Australia, mild (16C), dry air, moderate wind, recorded 2024-09-24, no music, no machinery",16.23,30.8,3.1,ok
0650_1535362_clip009_s000,1535362_clip009_s000,1535362,2024-09-24,dawn,spring,train,11.842,resources/site_257_bowra-dry-a/mvp2_per_cell_dataset/clips/0650_1535362_clip009_s000/audio.wav,"dawn spring ambient soundscape, Bowra dry woodland, Australia, mild (16C), dry air, moderate wind, recorded 2024-09-24, no music, no machinery",16.23,30.8,3.1,ok
0651_1535362_clip011_s000,1535362_clip011_s000,1535362,2024-09-24,dawn,spring,train,13.142,resources/site_257_bowra-dry-a/mvp2_per_cell_dataset/clips/0651_1535362_clip011_s000/audio.wav,"dawn spring ambient soundscape, Bowra dry woodland, Australia, mild (16C), dry air, moderate wind, recorded 2024-09-24, no music, no machinery",16.23,30.8,3.1,ok
0652_1535362_clip012_s000,1535362_clip012_s000,1535362,2024-09-24,dawn,spring,train,13.769,resources/site_257_bowra-dry-a/mvp2_per_cell_dataset/clips/0652_1535362_clip012_s000/audio.wav,"dawn spring ambient soundscape, Bowra dry woodland, Australia, mild (16C), dry air, moderate wind, recorded 2024-09-24, no music, no machinery",16.23,30.8,3.1,ok
0653_1535362_clip012_s001,1535362_clip012_s001,1535362,2024-09-24,dawn,spring,train,10.379,resources/site_257_bowra-dry-a/mvp2_per_cell_dataset/clips/0653_1535362_clip012_s001/audio.wav,"dawn spring ambient soundscape, Bowra dry woodland, Australia, mild (16C), dry air, moderate wind, recorded 2024-09-24, no music, no machinery",16.23,30.8,3.1,ok
0654_1535362_clip012_s002,1535362_clip012_s002,1535362,2024-09-24,dawn,spring,train,10.495,resources/site_257_bowra-dry-a/mvp2_per_cell_dataset/clips/0654_1535362_clip012_s002/audio.wav,"dawn spring ambient soundscape, Bowra dry woodland, Australia, mild (16C), dry air, moderate wind, recorded 2024-09-24, no music, no machinery",16.23,30.8,3.1,ok
0655_1535362_clip014_s000,1535362_clip014_s000,1535362,2024-09-24,dawn,spring,train,14.466,resources/site_257_bowra-dry-a/mvp2_per_cell_dataset/clips/0655_1535362_clip014_s000/audio.wav,"dawn spring ambient soundscape, Bowra dry woodland, Australia, mild (16C), dry air, moderate wind, recorded 2024-09-24, no music, no machinery",16.23,30.8,3.1,ok
0656_1535362_clip016_s000,1535362_clip016_s000,1535362,2024-09-24,dawn,spring,train,11.842,resources/site_257_bowra-dry-a/mvp2_per_cell_dataset/clips/0656_1535362_clip016_s000/audio.wav,"dawn spring ambient soundscape, Bowra dry woodland, Australia, mild (16C), dry air, moderate wind, recorded 2024-09-24, no music, no machinery",16.23,30.8,3.1,ok
0657_1535362_clip020_s000,1535362_clip020_s000,1535362,2024-09-24,dawn,spring,train,14.35,resources/site_257_bowra-dry-a/mvp2_per_cell_dataset/clips/0657_1535362_clip020_s000/audio.wav,"dawn spring ambient soundscape, Bowra dry woodland, Australia, mild (16C), dry air, moderate wind, recorded 2024-09-24, no music, no machinery",16.23,30.8,3.1,ok
0658_1535362_clip020_s001,1535362_clip020_s001,1535362,2024-09-24,dawn,spring,train,12.748,resources/site_257_bowra-dry-a/mvp2_per_cell_dataset/clips/0658_1535362_clip020_s001/audio.wav,"dawn spring ambient soundscape, Bowra dry woodland, Australia, mild (16C), dry air, moderate wind, recorded 2024-09-24, no music, no machinery",16.23,30.8,3.1,ok
0659_1535362_clip021_s000,1535362_clip021_s000,1535362,2024-09-24,dawn,spring,train,11.935,resources/site_257_bowra-dry-a/mvp2_per_cell_dataset/clips/0659_1535362_clip021_s000/audio.wav,"dawn spring ambient soundscape, Bowra dry woodland, Australia, mild (16C), dry air, moderate wind, recorded 2024-09-24, no music, no machinery",16.23,30.8,3.1,ok
0660_1678484_clip004_s000,1678484_clip004_s000,1678484,2024-10-14,dawn,spring,train,10.31,resources/site_257_bowra-dry-a/mvp2_per_cell_dataset/clips/0660_1678484_clip004_s000/audio.wav,"dawn spring ambient soundscape, Bowra dry woodland, Australia, mild (21C), moderate humidity, moderate wind, recorded 2024-10-14, no music, no machinery",20.56,69.75,2.8,ok
0661_1678484_clip005_s000,1678484_clip005_s000,1678484,2024-10-14,dawn,spring,train,11.842,resources/site_257_bowra-dry-a/mvp2_per_cell_dataset/clips/0661_1678484_clip005_s000/audio.wav,"dawn spring ambient soundscape, Bowra dry woodland, Australia, mild (21C), moderate humidity, moderate wind, recorded 2024-10-14, no music, no machinery",20.56,69.75,2.8,ok
0662_1678484_clip005_s001,1678484_clip005_s001,1678484,2024-10-14,dawn,spring,train,17.694,resources/site_257_bowra-dry-a/mvp2_per_cell_dataset/clips/0662_1678484_clip005_s001/audio.wav,"dawn spring ambient soundscape, Bowra dry woodland, Australia, mild (21C), moderate humidity, moderate wind, recorded 2024-10-14, no music, no machinery",20.56,69.75,2.8,ok
0663_1678484_clip008_s000,1678484_clip008_s000,1678484,2024-10-14,dawn,spring,train,12.887,resources/site_257_bowra-dry-a/mvp2_per_cell_dataset/clips/0663_1678484_clip008_s000/audio.wav,"dawn spring ambient soundscape, Bowra dry woodland, Australia, mild (21C), moderate humidity, moderate wind, recorded 2024-10-14, no music, no machinery",20.56,69.75,2.8,ok
0664_1678484_clip016_s000,1678484_clip016_s000,1678484,2024-10-14,dawn,spring,train,12.19,resources/site_257_bowra-dry-a/mvp2_per_cell_dataset/clips/0664_1678484_clip016_s000/audio.wav,"dawn spring ambient soundscape, Bowra dry woodland, Australia, mild (21C), moderate humidity, moderate wind, recorded 2024-10-14, no music, no machinery",20.56,69.75,2.8,ok
0665_1678484_clip017_s000,1678484_clip017_s000,1678484,2024-10-14,dawn,spring,train,13.468,resources/site_257_bowra-dry-a/mvp2_per_cell_dataset/clips/0665_1678484_clip017_s000/audio.wav,"dawn spring ambient soundscape, Bowra dry woodland, Australia, mild (21C), moderate humidity, moderate wind, recorded 2024-10-14, no music, no machinery",20.56,69.75,2.8,ok
0666_1678484_clip018_s000,1678484_clip018_s000,1678484,2024-10-14,dawn,spring,train,10.797,resources/site_257_bowra-dry-a/mvp2_per_cell_dataset/clips/0666_1678484_clip018_s000/audio.wav,"dawn spring ambient soundscape, Bowra dry woodland, Australia, mild (21C), moderate humidity, moderate wind, recorded 2024-10-14, no music, no machinery",20.56,69.75,2.8,ok
0667_1678484_clip020_s000,1678484_clip020_s000,1678484,2024-10-14,dawn,spring,train,18.506,resources/site_257_bowra-dry-a/mvp2_per_cell_dataset/clips/0667_1678484_clip020_s000/audio.wav,"dawn spring ambient soundscape, Bowra dry woodland, Australia, mild (21C), moderate humidity, moderate wind, recorded 2024-10-14, no music, no machinery",20.56,69.75,2.8,ok
0668_1677090_clip003_s000,1677090_clip003_s000,1677090,2024-10-26,dawn,spring,train,10.96,resources/site_257_bowra-dry-a/mvp2_per_cell_dataset/clips/0668_1677090_clip003_s000/audio.wav,"dawn spring ambient soundscape, Bowra dry woodland, Australia, cold (14C), moderate humidity, moderate wind, recorded 2024-10-26, no music, no machinery",13.81,49.1,2.98,ok
0669_1677090_clip014_s000,1677090_clip014_s000,1677090,2024-10-26,dawn,spring,train,12.817,resources/site_257_bowra-dry-a/mvp2_per_cell_dataset/clips/0669_1677090_clip014_s000/audio.wav,"dawn spring ambient soundscape, Bowra dry woodland, Australia, cold (14C), moderate humidity, moderate wind, recorded 2024-10-26, no music, no machinery",13.81,49.1,2.98,ok
0670_1682477_clip017_s000,1682477_clip017_s000,1682477,2024-11-10,dawn,spring,train,10.24,resources/site_257_bowra-dry-a/mvp2_per_cell_dataset/clips/0670_1682477_clip017_s000/audio.wav,"dawn spring ambient soundscape, Bowra dry woodland, Australia, mild (22C), dry air, moderate wind, recorded 2024-11-10, no music, no machinery",21.71,24.92,3.57,ok
0671_1682477_clip023_s000,1682477_clip023_s000,1682477,2024-11-10,dawn,spring,train,11.773,resources/site_257_bowra-dry-a/mvp2_per_cell_dataset/clips/0671_1682477_clip023_s000/audio.wav,"dawn spring ambient soundscape, Bowra dry woodland, Australia, mild (22C), dry air, moderate wind, recorded 2024-11-10, no music, no machinery",21.71,24.92,3.57,ok
0672_1682477_clip024_s000,1682477_clip024_s000,1682477,2024-11-10,dawn,spring,train,11.517,resources/site_257_bowra-dry-a/mvp2_per_cell_dataset/clips/0672_1682477_clip024_s000/audio.wav,"dawn spring ambient soundscape, Bowra dry woodland, Australia, mild (22C), dry air, moderate wind, recorded 2024-11-10, no music, no machinery",21.71,24.92,3.57,ok
0673_1668454_clip005_s000,1668454_clip005_s000,1668454,2024-11-21,dawn,spring,val,11.238,resources/site_257_bowra-dry-a/mvp2_per_cell_dataset/clips/0673_1668454_clip005_s000/audio.wav,"dawn spring ambient soundscape, Bowra dry woodland, Australia, mild (20C), humid air, moderate wind, recorded 2024-11-21, no music, no machinery",20.22,73.59,4.43,ok
0674_1668454_clip013_s000,1668454_clip013_s000,1668454,2024-11-21,dawn,spring,train,10.147,resources/site_257_bowra-dry-a/mvp2_per_cell_dataset/clips/0674_1668454_clip013_s000/audio.wav,"dawn spring ambient soundscape, Bowra dry woodland, Australia, mild (20C), humid air, moderate wind, recorded 2024-11-21, no music, no machinery",20.22,73.59,4.43,ok
0675_1668454_clip019_s000,1668454_clip019_s000,1668454,2024-11-21,dawn,spring,train,12.957,resources/site_257_bowra-dry-a/mvp2_per_cell_dataset/clips/0675_1668454_clip019_s000/audio.wav,"dawn spring ambient soundscape, Bowra dry woodland, Australia, mild (20C), humid air, moderate wind, recorded 2024-11-21, no music, no machinery",20.22,73.59,4.43,ok
0676_1668454_clip021_s000,1668454_clip021_s000,1668454,2024-11-21,dawn,spring,train,11.308,resources/site_257_bowra-dry-a/mvp2_per_cell_dataset/clips/0676_1668454_clip021_s000/audio.wav,"dawn spring ambient soundscape, Bowra dry woodland, Australia, mild (20C), humid air, moderate wind, recorded 2024-11-21, no music, no machinery",20.22,73.59,4.43,ok
0677_1668454_clip022_s000,1668454_clip022_s000,1668454,2024-11-21,dawn,spring,train,10.379,resources/site_257_bowra-dry-a/mvp2_per_cell_dataset/clips/0677_1668454_clip022_s000/audio.wav,"dawn spring ambient soundscape, Bowra dry woodland, Australia, mild (20C), humid air, moderate wind, recorded 2024-11-21, no music, no machinery",20.22,73.59,4.43,ok
0678_5425_clip005_s000,5425_clip005_s000,5425,2019-09-23,morning,spring,train,11.656,resources/site_257_bowra-dry-a/mvp2_per_cell_dataset/clips/0678_5425_clip005_s000/audio.wav,"morning spring ambient soundscape, Bowra dry woodland, Australia, mild (16C), dry air, moderate wind, recorded 2019-09-23, no music, no machinery",16.39,29.25,4.1,ok
0679_5425_clip005_s001,5425_clip005_s001,5425,2019-09-23,morning,spring,train,10.008,resources/site_257_bowra-dry-a/mvp2_per_cell_dataset/clips/0679_5425_clip005_s001/audio.wav,"morning spring ambient soundscape, Bowra dry woodland, Australia, mild (16C), dry air, moderate wind, recorded 2019-09-23, no music, no machinery",16.39,29.25,4.1,ok
0680_5425_clip018_s000,5425_clip018_s000,5425,2019-09-23,morning,spring,train,12.353,resources/site_257_bowra-dry-a/mvp2_per_cell_dataset/clips/0680_5425_clip018_s000/audio.wav,"morning spring ambient soundscape, Bowra dry woodland, Australia, mild (16C), dry air, moderate wind, recorded 2019-09-23, no music, no machinery",16.39,29.25,4.1,ok
0681_5425_clip023_s000,5425_clip023_s000,5425,2019-09-23,morning,spring,train,11.099,resources/site_257_bowra-dry-a/mvp2_per_cell_dataset/clips/0681_5425_clip023_s000/audio.wav,"morning spring ambient soundscape, Bowra dry woodland, Australia, mild (16C), dry air, moderate wind, recorded 2019-09-23, no music, no machinery",16.39,29.25,4.1,ok
0682_4887_clip001_s000,4887_clip001_s000,4887,2019-10-04,morning,spring,train,11.146,resources/site_257_bowra-dry-a/mvp2_per_cell_dataset/clips/0682_4887_clip001_s000/audio.wav,"morning spring ambient soundscape, Bowra dry woodland, Australia, warm (25C), dry air, moderate wind, recorded 2019-10-04, no music, no machinery",25.09,22.02,2.53,ok
0683_4887_clip002_s000,4887_clip002_s000,4887,2019-10-04,morning,spring,train,11.029,resources/site_257_bowra-dry-a/mvp2_per_cell_dataset/clips/0683_4887_clip002_s000/audio.wav,"morning spring ambient soundscape, Bowra dry woodland, Australia, warm (25C), dry air, moderate wind, recorded 2019-10-04, no music, no machinery",25.09,22.02,2.53,ok
0684_4887_clip002_s001,4887_clip002_s001,4887,2019-10-04,morning,spring,train,13.653,resources/site_257_bowra-dry-a/mvp2_per_cell_dataset/clips/0684_4887_clip002_s001/audio.wav,"morning spring ambient soundscape, Bowra dry woodland, Australia, warm (25C), dry air, moderate wind, recorded 2019-10-04, no music, no machinery",25.09,22.02,2.53,ok
0685_4887_clip003_s000,4887_clip003_s000,4887,2019-10-04,morning,spring,train,10.124,resources/site_257_bowra-dry-a/mvp2_per_cell_dataset/clips/0685_4887_clip003_s000/audio.wav,"morning spring ambient soundscape, Bowra dry woodland, Australia, warm (25C), dry air, moderate wind, recorded 2019-10-04, no music, no machinery",25.09,22.02,2.53,ok
0686_4887_clip004_s000,4887_clip004_s000,4887,2019-10-04,morning,spring,train,10.124,resources/site_257_bowra-dry-a/mvp2_per_cell_dataset/clips/0686_4887_clip004_s000/audio.wav,"morning spring ambient soundscape, Bowra dry woodland, Australia, warm (25C), dry air, moderate wind, recorded 2019-10-04, no music, no machinery",25.09,22.02,2.53,ok
0687_4887_clip006_s000,4887_clip006_s000,4887,2019-10-04,morning,spring,train,11.54,resources/site_257_bowra-dry-a/mvp2_per_cell_dataset/clips/0687_4887_clip006_s000/audio.wav,"morning spring ambient soundscape, Bowra dry woodland, Australia, warm (25C), dry air, moderate wind, recorded 2019-10-04, no music, no machinery",25.09,22.02,2.53,ok
0688_4887_clip008_s000,4887_clip008_s000,4887,2019-10-04,morning,spring,train,13.723,resources/site_257_bowra-dry-a/mvp2_per_cell_dataset/clips/0688_4887_clip008_s000/audio.wav,"morning spring ambient soundscape, Bowra dry woodland, Australia, warm (25C), dry air, moderate wind, recorded 2019-10-04, no music, no machinery",25.09,22.02,2.53,ok
0689_4887_clip008_s001,4887_clip008_s001,4887,2019-10-04,morning,spring,train,10.194,resources/site_257_bowra-dry-a/mvp2_per_cell_dataset/clips/0689_4887_clip008_s001/audio.wav,"morning spring ambient soundscape, Bowra dry woodland, Australia, warm (25C), dry air, moderate wind, recorded 2019-10-04, no music, no machinery",25.09,22.02,2.53,ok
0690_4887_clip009_s000,4887_clip009_s000,4887,2019-10-04,morning,spring,train,10.844,resources/site_257_bowra-dry-a/mvp2_per_cell_dataset/clips/0690_4887_clip009_s000/audio.wav,"morning spring ambient soundscape, Bowra dry woodland, Australia, warm (25C), dry air, moderate wind, recorded 2019-10-04, no music, no machinery",25.09,22.02,2.53,ok
0691_4887_clip009_s001,4887_clip009_s001,4887,2019-10-04,morning,spring,train,10.101,resources/site_257_bowra-dry-a/mvp2_per_cell_dataset/clips/0691_4887_clip009_s001/audio.wav,"morning spring ambient soundscape, Bowra dry woodland, Australia, warm (25C), dry air, moderate wind, recorded 2019-10-04, no music, no machinery",25.09,22.02,2.53,ok
0692_4887_clip011_s000,4887_clip011_s000,4887,2019-10-04,morning,spring,train,11.865,resources/site_257_bowra-dry-a/mvp2_per_cell_dataset/clips/0692_4887_clip011_s000/audio.wav,"morning spring ambient soundscape, Bowra dry woodland, Australia, warm (25C), dry air, moderate wind, recorded 2019-10-04, no music, no machinery",25.09,22.02,2.53,ok
0693_4887_clip012_s000,4887_clip012_s000,4887,2019-10-04,morning,spring,train,10.565,resources/site_257_bowra-dry-a/mvp2_per_cell_dataset/clips/0693_4887_clip012_s000/audio.wav,"morning spring ambient soundscape, Bowra dry woodland, Australia, warm (25C), dry air, moderate wind, recorded 2019-10-04, no music, no machinery",25.09,22.02,2.53,ok
0694_4887_clip013_s000,4887_clip013_s000,4887,2019-10-04,morning,spring,train,10.031,resources/site_257_bowra-dry-a/mvp2_per_cell_dataset/clips/0694_4887_clip013_s000/audio.wav,"morning spring ambient soundscape, Bowra dry woodland, Australia, warm (25C), dry air, moderate wind, recorded 2019-10-04, no music, no machinery",25.09,22.02,2.53,ok
0695_4887_clip013_s001,4887_clip013_s001,4887,2019-10-04,morning,spring,train,10.124,resources/site_257_bowra-dry-a/mvp2_per_cell_dataset/clips/0695_4887_clip013_s001/audio.wav,"morning spring ambient soundscape, Bowra dry woodland, Australia, warm (25C), dry air, moderate wind, recorded 2019-10-04, no music, no machinery",25.09,22.02,2.53,ok
0696_4887_clip019_s000,4887_clip019_s000,4887,2019-10-04,morning,spring,train,10.495,resources/site_257_bowra-dry-a/mvp2_per_cell_dataset/clips/0696_4887_clip019_s000/audio.wav,"morning spring ambient soundscape, Bowra dry woodland, Australia, warm (25C), dry air, moderate wind, recorded 2019-10-04, no music, no machinery",25.09,22.02,2.53,ok
0697_4887_clip019_s001,4887_clip019_s001,4887,2019-10-04,morning,spring,train,12.678,resources/site_257_bowra-dry-a/mvp2_per_cell_dataset/clips/0697_4887_clip019_s001/audio.wav,"morning spring ambient soundscape, Bowra dry woodland, Australia, warm (25C), dry air, moderate wind, recorded 2019-10-04, no music, no machinery",25.09,22.02,2.53,ok
0698_4887_clip019_s002,4887_clip019_s002,4887,2019-10-04,morning,spring,train,10.681,resources/site_257_bowra-dry-a/mvp2_per_cell_dataset/clips/0698_4887_clip019_s002/audio.wav,"morning spring ambient soundscape, Bowra dry woodland, Australia, warm (25C), dry air, moderate wind, recorded 2019-10-04, no music, no machinery",25.09,22.02,2.53,ok
0699_4887_clip021_s000,4887_clip021_s000,4887,2019-10-04,morning,spring,train,13.026,resources/site_257_bowra-dry-a/mvp2_per_cell_dataset/clips/0699_4887_clip021_s000/audio.wav,"morning spring ambient soundscape, Bowra dry woodland, Australia, warm (25C), dry air, moderate wind, recorded 2019-10-04, no music, no machinery",25.09,22.02,2.53,ok
0700_4887_clip023_s000,4887_clip023_s000,4887,2019-10-04,morning,spring,train,10.24,resources/site_257_bowra-dry-a/mvp2_per_cell_dataset/clips/0700_4887_clip023_s000/audio.wav,"morning spring ambient soundscape, Bowra dry woodland, Australia, warm (25C), dry air, moderate wind, recorded 2019-10-04, no music, no machinery",25.09,22.02,2.53,ok
0701_214510_clip010_s000,214510_clip010_s000,214510,2019-10-22,morning,spring,train,10.24,resources/site_257_bowra-dry-a/mvp2_per_cell_dataset/clips/0701_214510_clip010_s000/audio.wav,"morning spring ambient soundscape, Bowra dry woodland, Australia, mild (24C), dry air, moderate wind, recorded 2019-10-22, no music, no machinery",24.42,24.73,3.37,ok
0702_214510_clip013_s000,214510_clip013_s000,214510,2019-10-22,morning,spring,train,10.751,resources/site_257_bowra-dry-a/mvp2_per_cell_dataset/clips/0702_214510_clip013_s000/audio.wav,"morning spring ambient soundscape, Bowra dry woodland, Australia, mild (24C), dry air, moderate wind, recorded 2019-10-22, no music, no machinery",24.42,24.73,3.37,ok
0703_214510_clip016_s000,214510_clip016_s000,214510,2019-10-22,morning,spring,train,11.726,resources/site_257_bowra-dry-a/mvp2_per_cell_dataset/clips/0703_214510_clip016_s000/audio.wav,"morning spring ambient soundscape, Bowra dry woodland, Australia, mild (24C), dry air, moderate wind, recorded 2019-10-22, no music, no machinery",24.42,24.73,3.37,ok
0704_214510_clip018_s000,214510_clip018_s000,214510,2019-10-22,morning,spring,val,10.031,resources/site_257_bowra-dry-a/mvp2_per_cell_dataset/clips/0704_214510_clip018_s000/audio.wav,"morning spring ambient soundscape, Bowra dry woodland, Australia, mild (24C), dry air, moderate wind, recorded 2019-10-22, no music, no machinery",24.42,24.73,3.37,ok
0705_214510_clip018_s001,214510_clip018_s001,214510,2019-10-22,morning,spring,train,10.17,resources/site_257_bowra-dry-a/mvp2_per_cell_dataset/clips/0705_214510_clip018_s001/audio.wav,"morning spring ambient soundscape, Bowra dry woodland, Australia, mild (24C), dry air, moderate wind, recorded 2019-10-22, no music, no machinery",24.42,24.73,3.37,ok
0706_214510_clip019_s000,214510_clip019_s000,214510,2019-10-22,morning,spring,train,13.05,resources/site_257_bowra-dry-a/mvp2_per_cell_dataset/clips/0706_214510_clip019_s000/audio.wav,"morning spring ambient soundscape, Bowra dry woodland, Australia, mild (24C), dry air, moderate wind, recorded 2019-10-22, no music, no machinery",24.42,24.73,3.37,ok
0707_214510_clip019_s001,214510_clip019_s001,214510,2019-10-22,morning,spring,train,11.215,resources/site_257_bowra-dry-a/mvp2_per_cell_dataset/clips/0707_214510_clip019_s001/audio.wav,"morning spring ambient soundscape, Bowra dry woodland, Australia, mild (24C), dry air, moderate wind, recorded 2019-10-22, no music, no machinery",24.42,24.73,3.37,ok
0708_214510_clip020_s000,214510_clip020_s000,214510,2019-10-22,morning,spring,train,14.675,resources/site_257_bowra-dry-a/mvp2_per_cell_dataset/clips/0708_214510_clip020_s000/audio.wav,"morning spring ambient soundscape, Bowra dry woodland, Australia, mild (24C), dry air, moderate wind, recorded 2019-10-22, no music, no machinery",24.42,24.73,3.37,ok
0709_214510_clip021_s000,214510_clip021_s000,214510,2019-10-22,morning,spring,train,10.658,resources/site_257_bowra-dry-a/mvp2_per_cell_dataset/clips/0709_214510_clip021_s000/audio.wav,"morning spring ambient soundscape, Bowra dry woodland, Australia, mild (24C), dry air, moderate wind, recorded 2019-10-22, no music, no machinery",24.42,24.73,3.37,ok
0710_214510_clip022_s000,214510_clip022_s000,214510,2019-10-22,morning,spring,train,16.022,resources/site_257_bowra-dry-a/mvp2_per_cell_dataset/clips/0710_214510_clip022_s000/audio.wav,"morning spring ambient soundscape, Bowra dry woodland, Australia, mild (24C), dry air, moderate wind, recorded 2019-10-22, no music, no machinery",24.42,24.73,3.37,ok
0711_214510_clip024_s000,214510_clip024_s000,214510,2019-10-22,morning,spring,train,12.376,resources/site_257_bowra-dry-a/mvp2_per_cell_dataset/clips/0711_214510_clip024_s000/audio.wav,"morning spring ambient soundscape, Bowra dry woodland, Australia, mild (24C), dry air, moderate wind, recorded 2019-10-22, no music, no machinery",24.42,24.73,3.37,ok
0712_214836_clip017_s000,214836_clip017_s000,214836,2019-11-18,morning,spring,val,10.588,resources/site_257_bowra-dry-a/mvp2_per_cell_dataset/clips/0712_214836_clip017_s000/audio.wav,"morning spring ambient soundscape, Bowra dry woodland, Australia, mild (24C), dry air, moderate wind, recorded 2019-11-18, no music, no machinery",23.85,18.16,2.65,ok
0713_445580_clip011_s000,445580_clip011_s000,445580,2020-09-04,morning,spring,train,14.095,resources/site_257_bowra-dry-a/mvp2_per_cell_dataset/clips/0713_445580_clip011_s000/audio.wav,"morning spring ambient soundscape, Bowra dry woodland, Australia, mild (19C), moderate humidity, light breeze, recorded 2020-09-04, no music, no machinery",18.86,48.85,1.74,ok
0714_445580_clip012_s000,445580_clip012_s000,445580,2020-09-04,morning,spring,train,10.008,resources/site_257_bowra-dry-a/mvp2_per_cell_dataset/clips/0714_445580_clip012_s000/audio.wav,"morning spring ambient soundscape, Bowra dry woodland, Australia, mild (19C), moderate humidity, light breeze, recorded 2020-09-04, no music, no machinery",18.86,48.85,1.74,ok
0715_445580_clip013_s000,445580_clip013_s000,445580,2020-09-04,morning,spring,train,12.748,resources/site_257_bowra-dry-a/mvp2_per_cell_dataset/clips/0715_445580_clip013_s000/audio.wav,"morning spring ambient soundscape, Bowra dry woodland, Australia, mild (19C), moderate humidity, light breeze, recorded 2020-09-04, no music, no machinery",18.86,48.85,1.74,ok
0716_445580_clip014_s000,445580_clip014_s000,445580,2020-09-04,morning,spring,train,10.867,resources/site_257_bowra-dry-a/mvp2_per_cell_dataset/clips/0716_445580_clip014_s000/audio.wav,"morning spring ambient soundscape, Bowra dry woodland, Australia, mild (19C), moderate humidity, light breeze, recorded 2020-09-04, no music, no machinery",18.86,48.85,1.74,ok
0717_445580_clip016_s000,445580_clip016_s000,445580,2020-09-04,morning,spring,val,13.468,resources/site_257_bowra-dry-a/mvp2_per_cell_dataset/clips/0717_445580_clip016_s000/audio.wav,"morning spring ambient soundscape, Bowra dry woodland, Australia, mild (19C), moderate humidity, light breeze, recorded 2020-09-04, no music, no machinery",18.86,48.85,1.74,ok
0718_445580_clip019_s000,445580_clip019_s000,445580,2020-09-04,morning,spring,train,11.494,resources/site_257_bowra-dry-a/mvp2_per_cell_dataset/clips/0718_445580_clip019_s000/audio.wav,"morning spring ambient soundscape, Bowra dry woodland, Australia, mild (19C), moderate humidity, light breeze, recorded 2020-09-04, no music, no machinery",18.86,48.85,1.74,ok
0719_1399606_clip014_s000,1399606_clip014_s000,1399606,2023-09-12,morning,spring,train,10.286,resources/site_257_bowra-dry-a/mvp2_per_cell_dataset/clips/0719_1399606_clip014_s000/audio.wav,"morning spring ambient soundscape, Bowra dry woodland, Australia, cold (14C), dry air, moderate wind, recorded 2023-09-12, no music, no machinery",14.04,35.22,2.38,ok
0720_1399606_clip014_s001,1399606_clip014_s001,1399606,2023-09-12,morning,spring,train,13.142,resources/site_257_bowra-dry-a/mvp2_per_cell_dataset/clips/0720_1399606_clip014_s001/audio.wav,"morning spring ambient soundscape, Bowra dry woodland, Australia, cold (14C), dry air, moderate wind, recorded 2023-09-12, no music, no machinery",14.04,35.22,2.38,ok
0721_1399606_clip022_s000,1399606_clip022_s000,1399606,2023-09-12,morning,spring,val,11.053,resources/site_257_bowra-dry-a/mvp2_per_cell_dataset/clips/0721_1399606_clip022_s000/audio.wav,"morning spring ambient soundscape, Bowra dry woodland, Australia, cold (14C), dry air, moderate wind, recorded 2023-09-12, no music, no machinery",14.04,35.22,2.38,ok
0722_1400016_clip014_s000,1400016_clip014_s000,1400016,2023-09-28,morning,spring,train,10.658,resources/site_257_bowra-dry-a/mvp2_per_cell_dataset/clips/0722_1400016_clip014_s000/audio.wav,"morning spring ambient soundscape, Bowra dry woodland, Australia, mild (20C), dry air, moderate wind, recorded 2023-09-28, no music, no machinery",19.7,30.41,3.91,ok
0723_1401564_clip017_s000,1401564_clip017_s000,1401564,2023-10-23,morning,spring,train,10.844,resources/site_257_bowra-dry-a/mvp2_per_cell_dataset/clips/0723_1401564_clip017_s000/audio.wav,"morning spring ambient soundscape, Bowra dry woodland, Australia, mild (21C), dry air, moderate wind, recorded 2023-10-23, no music, no machinery",21.26,31.83,2.7,ok
0724_1401564_clip018_s000,1401564_clip018_s000,1401564,2023-10-23,morning,spring,train,11.262,resources/site_257_bowra-dry-a/mvp2_per_cell_dataset/clips/0724_1401564_clip018_s000/audio.wav,"morning spring ambient soundscape, Bowra dry woodland, Australia, mild (21C), dry air, moderate wind, recorded 2023-10-23, no music, no machinery",21.26,31.83,2.7,ok
0725_1401100_clip001_s000,1401100_clip001_s000,1401100,2023-11-03,morning,spring,val,10.356,resources/site_257_bowra-dry-a/mvp2_per_cell_dataset/clips/0725_1401100_clip001_s000/audio.wav,"morning spring ambient soundscape, Bowra dry woodland, Australia, warm (29C), dry air, moderate wind, recorded 2023-11-03, no music, no machinery",29.04,15.2,2.63,ok
0726_1401603_clip003_s000,1401603_clip003_s000,1401603,2023-11-21,morning,spring,train,10.844,resources/site_257_bowra-dry-a/mvp2_per_cell_dataset/clips/0726_1401603_clip003_s000/audio.wav,"morning spring ambient soundscape, Bowra dry woodland, Australia, warm (27C), moderate humidity, moderate wind, recorded 2023-11-21, no music, no machinery",27.17,45.73,2.14,ok
0727_1401603_clip017_s000,1401603_clip017_s000,1401603,2023-11-21,morning,spring,train,10.217,resources/site_257_bowra-dry-a/mvp2_per_cell_dataset/clips/0727_1401603_clip017_s000/audio.wav,"morning spring ambient soundscape, Bowra dry woodland, Australia, warm (27C), moderate humidity, moderate wind, recorded 2023-11-21, no music, no machinery",27.17,45.73,2.14,ok
0728_1401603_clip018_s000,1401603_clip018_s000,1401603,2023-11-21,morning,spring,train,10.286,resources/site_257_bowra-dry-a/mvp2_per_cell_dataset/clips/0728_1401603_clip018_s000/audio.wav,"morning spring ambient soundscape, Bowra dry woodland, Australia, warm (27C), moderate humidity, moderate wind, recorded 2023-11-21, no music, no machinery",27.17,45.73,2.14,ok
0729_1536675_clip001_s000,1536675_clip001_s000,1536675,2024-09-24,morning,spring,train,11.215,resources/site_257_bowra-dry-a/mvp2_per_cell_dataset/clips/0729_1536675_clip001_s000/audio.wav,"morning spring ambient soundscape, Bowra dry woodland, Australia, mild (19C), dry air, moderate wind, recorded 2024-09-24, no music, no machinery",19.09,25.52,3.93,ok
0730_1536675_clip002_s000,1536675_clip002_s000,1536675,2024-09-24,morning,spring,train,10.194,resources/site_257_bowra-dry-a/mvp2_per_cell_dataset/clips/0730_1536675_clip002_s000/audio.wav,"morning spring ambient soundscape, Bowra dry woodland, Australia, mild (19C), dry air, moderate wind, recorded 2024-09-24, no music, no machinery",19.09,25.52,3.93,ok
0731_1536675_clip002_s001,1536675_clip002_s001,1536675,2024-09-24,morning,spring,train,10.077,resources/site_257_bowra-dry-a/mvp2_per_cell_dataset/clips/0731_1536675_clip002_s001/audio.wav,"morning spring ambient soundscape, Bowra dry woodland, Australia, mild (19C), dry air, moderate wind, recorded 2024-09-24, no music, no machinery",19.09,25.52,3.93,ok
0732_1536675_clip003_s000,1536675_clip003_s000,1536675,2024-09-24,morning,spring,train,10.797,resources/site_257_bowra-dry-a/mvp2_per_cell_dataset/clips/0732_1536675_clip003_s000/audio.wav,"morning spring ambient soundscape, Bowra dry woodland, Australia, mild (19C), dry air, moderate wind, recorded 2024-09-24, no music, no machinery",19.09,25.52,3.93,ok
0733_1536675_clip004_s000,1536675_clip004_s000,1536675,2024-09-24,morning,spring,val,10.31,resources/site_257_bowra-dry-a/mvp2_per_cell_dataset/clips/0733_1536675_clip004_s000/audio.wav,"morning spring ambient soundscape, Bowra dry woodland, Australia, mild (19C), dry air, moderate wind, recorded 2024-09-24, no music, no machinery",19.09,25.52,3.93,ok
0734_1536675_clip006_s000,1536675_clip006_s000,1536675,2024-09-24,morning,spring,train,11.54,resources/site_257_bowra-dry-a/mvp2_per_cell_dataset/clips/0734_1536675_clip006_s000/audio.wav,"morning spring ambient soundscape, Bowra dry woodland, Australia, mild (19C), dry air, moderate wind, recorded 2024-09-24, no music, no machinery",19.09,25.52,3.93,ok
0735_1536675_clip007_s000,1536675_clip007_s000,1536675,2024-09-24,morning,spring,train,10.797,resources/site_257_bowra-dry-a/mvp2_per_cell_dataset/clips/0735_1536675_clip007_s000/audio.wav,"morning spring ambient soundscape, Bowra dry woodland, Australia, mild (19C), dry air, moderate wind, recorded 2024-09-24, no music, no machinery",19.09,25.52,3.93,ok
0736_1536675_clip007_s001,1536675_clip007_s001,1536675,2024-09-24,morning,spring,train,11.192,resources/site_257_bowra-dry-a/mvp2_per_cell_dataset/clips/0736_1536675_clip007_s001/audio.wav,"morning spring ambient soundscape, Bowra dry woodland, Australia, mild (19C), dry air, moderate wind, recorded 2024-09-24, no music, no machinery",19.09,25.52,3.93,ok
0737_1536675_clip009_s000,1536675_clip009_s000,1536675,2024-09-24,morning,spring,train,10.263,resources/site_257_bowra-dry-a/mvp2_per_cell_dataset/clips/0737_1536675_clip009_s000/audio.wav,"morning spring ambient soundscape, Bowra dry woodland, Australia, mild (19C), dry air, moderate wind, recorded 2024-09-24, no music, no machinery",19.09,25.52,3.93,ok
0738_1536675_clip009_s001,1536675_clip009_s001,1536675,2024-09-24,morning,spring,train,13.56,resources/site_257_bowra-dry-a/mvp2_per_cell_dataset/clips/0738_1536675_clip009_s001/audio.wav,"morning spring ambient soundscape, Bowra dry woodland, Australia, mild (19C), dry air, moderate wind, recorded 2024-09-24, no music, no machinery",19.09,25.52,3.93,ok
0739_1536675_clip011_s000,1536675_clip011_s000,1536675,2024-09-24,morning,spring,train,12.864,resources/site_257_bowra-dry-a/mvp2_per_cell_dataset/clips/0739_1536675_clip011_s000/audio.wav,"morning spring ambient soundscape, Bowra dry woodland, Australia, mild (19C), dry air, moderate wind, recorded 2024-09-24, no music, no machinery",19.09,25.52,3.93,ok
0740_1536675_clip011_s001,1536675_clip011_s001,1536675,2024-09-24,morning,spring,train,12.632,resources/site_257_bowra-dry-a/mvp2_per_cell_dataset/clips/0740_1536675_clip011_s001/audio.wav,"morning spring ambient soundscape, Bowra dry woodland, Australia, mild (19C), dry air, moderate wind, recorded 2024-09-24, no music, no machinery",19.09,25.52,3.93,ok
0741_1536675_clip013_s000,1536675_clip013_s000,1536675,2024-09-24,morning,spring,train,11.773,resources/site_257_bowra-dry-a/mvp2_per_cell_dataset/clips/0741_1536675_clip013_s000/audio.wav,"morning spring ambient soundscape, Bowra dry woodland, Australia, mild (19C), dry air, moderate wind, recorded 2024-09-24, no music, no machinery",19.09,25.52,3.93,ok
0742_1536675_clip013_s001,1536675_clip013_s001,1536675,2024-09-24,morning,spring,train,13.7,resources/site_257_bowra-dry-a/mvp2_per_cell_dataset/clips/0742_1536675_clip013_s001/audio.wav,"morning spring ambient soundscape, Bowra dry woodland, Australia, mild (19C), dry air, moderate wind, recorded 2024-09-24, no music, no machinery",19.09,25.52,3.93,ok
0743_1536675_clip014_s000,1536675_clip014_s000,1536675,2024-09-24,morning,spring,val,15.511,resources/site_257_bowra-dry-a/mvp2_per_cell_dataset/clips/0743_1536675_clip014_s000/audio.wav,"morning spring ambient soundscape, Bowra dry woodland, Australia, mild (19C), dry air, moderate wind, recorded 2024-09-24, no music, no machinery",19.09,25.52,3.93,ok
0744_1536675_clip017_s000,1536675_clip017_s000,1536675,2024-09-24,morning,spring,train,12.794,resources/site_257_bowra-dry-a/mvp2_per_cell_dataset/clips/0744_1536675_clip017_s000/audio.wav,"morning spring ambient soundscape, Bowra dry woodland, Australia, mild (19C), dry air, moderate wind, recorded 2024-09-24, no music, no machinery",19.09,25.52,3.93,ok
0745_1536675_clip018_s000,1536675_clip018_s000,1536675,2024-09-24,morning,spring,train,10.24,resources/site_257_bowra-dry-a/mvp2_per_cell_dataset/clips/0745_1536675_clip018_s000/audio.wav,"morning spring ambient soundscape, Bowra dry woodland, Australia, mild (19C), dry air, moderate wind, recorded 2024-09-24, no music, no machinery",19.09,25.52,3.93,ok
0746_1536675_clip020_s000,1536675_clip020_s000,1536675,2024-09-24,morning,spring,train,16.533,resources/site_257_bowra-dry-a/mvp2_per_cell_dataset/clips/0746_1536675_clip020_s000/audio.wav,"morning spring ambient soundscape, Bowra dry woodland, Australia, mild (19C), dry air, moderate wind, recorded 2024-09-24, no music, no machinery",19.09,25.52,3.93,ok
0747_1536675_clip021_s000,1536675_clip021_s000,1536675,2024-09-24,morning,spring,train,12.33,resources/site_257_bowra-dry-a/mvp2_per_cell_dataset/clips/0747_1536675_clip021_s000/audio.wav,"morning spring ambient soundscape, Bowra dry woodland, Australia, mild (19C), dry air, moderate wind, recorded 2024-09-24, no music, no machinery",19.09,25.52,3.93,ok
0748_1536675_clip022_s000,1536675_clip022_s000,1536675,2024-09-24,morning,spring,train,14.512,resources/site_257_bowra-dry-a/mvp2_per_cell_dataset/clips/0748_1536675_clip022_s000/audio.wav,"morning spring ambient soundscape, Bowra dry woodland, Australia, mild (19C), dry air, moderate wind, recorded 2024-09-24, no music, no machinery",19.09,25.52,3.93,ok
0749_1536675_clip022_s001,1536675_clip022_s001,1536675,2024-09-24,morning,spring,val,12.516,resources/site_257_bowra-dry-a/mvp2_per_cell_dataset/clips/0749_1536675_clip022_s001/audio.wav,"morning spring ambient soundscape, Bowra dry woodland, Australia, mild (19C), dry air, moderate wind, recorded 2024-09-24, no music, no machinery",19.09,25.52,3.93,ok
0750_1536675_clip022_s002,1536675_clip022_s002,1536675,2024-09-24,morning,spring,train,11.633,resources/site_257_bowra-dry-a/mvp2_per_cell_dataset/clips/0750_1536675_clip022_s002/audio.wav,"morning spring ambient soundscape, Bowra dry woodland, Australia, mild (19C), dry air, moderate wind, recorded 2024-09-24, no music, no machinery",19.09,25.52,3.93,ok
0751_1536675_clip023_s000,1536675_clip023_s000,1536675,2024-09-24,morning,spring,train,11.773,resources/site_257_bowra-dry-a/mvp2_per_cell_dataset/clips/0751_1536675_clip023_s000/audio.wav,"morning spring ambient soundscape, Bowra dry woodland, Australia, mild (19C), dry air, moderate wind, recorded 2024-09-24, no music, no machinery",19.09,25.52,3.93,ok
0752_1677131_clip001_s000,1677131_clip001_s000,1677131,2024-10-14,morning,spring,train,13.607,resources/site_257_bowra-dry-a/mvp2_per_cell_dataset/clips/0752_1677131_clip001_s000/audio.wav,"morning spring ambient soundscape, Bowra dry woodland, Australia, warm (25C), moderate humidity, moderate wind, recorded 2024-10-14, no music, no machinery",25.47,50.27,3.96,ok
0753_1677131_clip010_s000,1677131_clip010_s000,1677131,2024-10-14,morning,spring,train,14.838,resources/site_257_bowra-dry-a/mvp2_per_cell_dataset/clips/0753_1677131_clip010_s000/audio.wav,"morning spring ambient soundscape, Bowra dry woodland, Australia, warm (25C), moderate humidity, moderate wind, recorded 2024-10-14, no music, no machinery",25.47,50.27,3.96,ok
0754_1677131_clip012_s000,1677131_clip012_s000,1677131,2024-10-14,morning,spring,train,10.333,resources/site_257_bowra-dry-a/mvp2_per_cell_dataset/clips/0754_1677131_clip012_s000/audio.wav,"morning spring ambient soundscape, Bowra dry woodland, Australia, warm (25C), moderate humidity, moderate wind, recorded 2024-10-14, no music, no machinery",25.47,50.27,3.96,ok
0755_1677131_clip012_s001,1677131_clip012_s001,1677131,2024-10-14,morning,spring,train,10.96,resources/site_257_bowra-dry-a/mvp2_per_cell_dataset/clips/0755_1677131_clip012_s001/audio.wav,"morning spring ambient soundscape, Bowra dry woodland, Australia, warm (25C), moderate humidity, moderate wind, recorded 2024-10-14, no music, no machinery",25.47,50.27,3.96,ok
0756_1677131_clip013_s000,1677131_clip013_s000,1677131,2024-10-14,morning,spring,train,10.681,resources/site_257_bowra-dry-a/mvp2_per_cell_dataset/clips/0756_1677131_clip013_s000/audio.wav,"morning spring ambient soundscape, Bowra dry woodland, Australia, warm (25C), moderate humidity, moderate wind, recorded 2024-10-14, no music, no machinery",25.47,50.27,3.96,ok
0757_1677131_clip015_s000,1677131_clip015_s000,1677131,2024-10-14,morning,spring,train,12.91,resources/site_257_bowra-dry-a/mvp2_per_cell_dataset/clips/0757_1677131_clip015_s000/audio.wav,"morning spring ambient soundscape, Bowra dry woodland, Australia, warm (25C), moderate humidity, moderate wind, recorded 2024-10-14, no music, no machinery",25.47,50.27,3.96,ok
0758_1677131_clip016_s000,1677131_clip016_s000,1677131,2024-10-14,morning,spring,train,11.703,resources/site_257_bowra-dry-a/mvp2_per_cell_dataset/clips/0758_1677131_clip016_s000/audio.wav,"morning spring ambient soundscape, Bowra dry woodland, Australia, warm (25C), moderate humidity, moderate wind, recorded 2024-10-14, no music, no machinery",25.47,50.27,3.96,ok
0759_1677131_clip016_s001,1677131_clip016_s001,1677131,2024-10-14,morning,spring,val,12.864,resources/site_257_bowra-dry-a/mvp2_per_cell_dataset/clips/0759_1677131_clip016_s001/audio.wav,"morning spring ambient soundscape, Bowra dry woodland, Australia, warm (25C), moderate humidity, moderate wind, recorded 2024-10-14, no music, no machinery",25.47,50.27,3.96,ok
0760_1677131_clip017_s000,1677131_clip017_s000,1677131,2024-10-14,morning,spring,train,10.031,resources/site_257_bowra-dry-a/mvp2_per_cell_dataset/clips/0760_1677131_clip017_s000/audio.wav,"morning spring ambient soundscape, Bowra dry woodland, Australia, warm (25C), moderate humidity, moderate wind, recorded 2024-10-14, no music, no machinery",25.47,50.27,3.96,ok
0761_1677131_clip018_s000,1677131_clip018_s000,1677131,2024-10-14,morning,spring,train,11.912,resources/site_257_bowra-dry-a/mvp2_per_cell_dataset/clips/0761_1677131_clip018_s000/audio.wav,"morning spring ambient soundscape, Bowra dry woodland, Australia, warm (25C), moderate humidity, moderate wind, recorded 2024-10-14, no music, no machinery",25.47,50.27,3.96,ok
0762_1677131_clip018_s001,1677131_clip018_s001,1677131,2024-10-14,morning,spring,train,11.703,resources/site_257_bowra-dry-a/mvp2_per_cell_dataset/clips/0762_1677131_clip018_s001/audio.wav,"morning spring ambient soundscape, Bowra dry woodland, Australia, warm (25C), moderate humidity, moderate wind, recorded 2024-10-14, no music, no machinery",25.47,50.27,3.96,ok
0763_1677131_clip020_s000,1677131_clip020_s000,1677131,2024-10-14,morning,spring,train,10.217,resources/site_257_bowra-dry-a/mvp2_per_cell_dataset/clips/0763_1677131_clip020_s000/audio.wav,"morning spring ambient soundscape, Bowra dry woodland, Australia, warm (25C), moderate humidity, moderate wind, recorded 2024-10-14, no music, no machinery",25.47,50.27,3.96,ok
0764_1677131_clip024_s000,1677131_clip024_s000,1677131,2024-10-14,morning,spring,train,10.217,resources/site_257_bowra-dry-a/mvp2_per_cell_dataset/clips/0764_1677131_clip024_s000/audio.wav,"morning spring ambient soundscape, Bowra dry woodland, Australia, warm (25C), moderate humidity, moderate wind, recorded 2024-10-14, no music, no machinery",25.47,50.27,3.96,ok
0765_1678750_clip014_s000,1678750_clip014_s000,1678750,2024-10-26,morning,spring,train,13.305,resources/site_257_bowra-dry-a/mvp2_per_cell_dataset/clips/0765_1678750_clip014_s000/audio.wav,"morning spring ambient soundscape, Bowra dry woodland, Australia, mild (21C), dry air, moderate wind, recorded 2024-10-26, no music, no machinery",20.8,28.42,3.68,ok
0766_1678750_clip016_s000,1678750_clip016_s000,1678750,2024-10-26,morning,spring,train,14.28,resources/site_257_bowra-dry-a/mvp2_per_cell_dataset/clips/0766_1678750_clip016_s000/audio.wav,"morning spring ambient soundscape, Bowra dry woodland, Australia, mild (21C), dry air, moderate wind, recorded 2024-10-26, no music, no machinery",20.8,28.42,3.68,ok
0767_1678750_clip017_s000,1678750_clip017_s000,1678750,2024-10-26,morning,spring,train,11.865,resources/site_257_bowra-dry-a/mvp2_per_cell_dataset/clips/0767_1678750_clip017_s000/audio.wav,"morning spring ambient soundscape, Bowra dry woodland, Australia, mild (21C), dry air, moderate wind, recorded 2024-10-26, no music, no machinery",20.8,28.42,3.68,ok
0768_1678750_clip018_s000,1678750_clip018_s000,1678750,2024-10-26,morning,spring,train,11.169,resources/site_257_bowra-dry-a/mvp2_per_cell_dataset/clips/0768_1678750_clip018_s000/audio.wav,"morning spring ambient soundscape, Bowra dry woodland, Australia, mild (21C), dry air, moderate wind, recorded 2024-10-26, no music, no machinery",20.8,28.42,3.68,ok
0769_1678750_clip021_s000,1678750_clip021_s000,1678750,2024-10-26,morning,spring,train,10.17,resources/site_257_bowra-dry-a/mvp2_per_cell_dataset/clips/0769_1678750_clip021_s000/audio.wav,"morning spring ambient soundscape, Bowra dry woodland, Australia, mild (21C), dry air, moderate wind, recorded 2024-10-26, no music, no machinery",20.8,28.42,3.68,ok
0770_1668395_clip020_s000,1668395_clip020_s000,1668395,2024-11-10,morning,spring,train,13.328,resources/site_257_bowra-dry-a/mvp2_per_cell_dataset/clips/0770_1668395_clip020_s000/audio.wav,"morning spring ambient soundscape, Bowra dry woodland, Australia, warm (25C), dry air, moderate wind, recorded 2024-11-10, no music, no machinery",25.36,18.13,4.3,ok
0771_5392_clip001_s000,5392_clip001_s000,5392,2019-09-01,night,spring,train,13.096,resources/site_257_bowra-dry-a/mvp2_per_cell_dataset/clips/0771_5392_clip001_s000/audio.wav,"night spring ambient soundscape, Bowra dry woodland, Australia, mild (15C), dry air, light breeze, recorded 2019-09-01, no music, no machinery",15.03,32.72,1.37,ok
0772_5392_clip001_s001,5392_clip001_s001,5392,2019-09-01,night,spring,train,10.24,resources/site_257_bowra-dry-a/mvp2_per_cell_dataset/clips/0772_5392_clip001_s001/audio.wav,"night spring ambient soundscape, Bowra dry woodland, Australia, mild (15C), dry air, light breeze, recorded 2019-09-01, no music, no machinery",15.03,32.72,1.37,ok
0773_5392_clip002_s000,5392_clip002_s000,5392,2019-09-01,night,spring,train,11.564,resources/site_257_bowra-dry-a/mvp2_per_cell_dataset/clips/0773_5392_clip002_s000/audio.wav,"night spring ambient soundscape, Bowra dry woodland, Australia, mild (15C), dry air, light breeze, recorded 2019-09-01, no music, no machinery",15.03,32.72,1.37,ok
0774_5392_clip002_s001,5392_clip002_s001,5392,2019-09-01,night,spring,train,14.466,resources/site_257_bowra-dry-a/mvp2_per_cell_dataset/clips/0774_5392_clip002_s001/audio.wav,"night spring ambient soundscape, Bowra dry woodland, Australia, mild (15C), dry air, light breeze, recorded 2019-09-01, no music, no machinery",15.03,32.72,1.37,ok
0775_5392_clip002_s002,5392_clip002_s002,5392,2019-09-01,night,spring,train,16.138,resources/site_257_bowra-dry-a/mvp2_per_cell_dataset/clips/0775_5392_clip002_s002/audio.wav,"night spring ambient soundscape, Bowra dry woodland, Australia, mild (15C), dry air, light breeze, recorded 2019-09-01, no music, no machinery",15.03,32.72,1.37,ok
0776_5392_clip002_s003,5392_clip002_s003,5392,2019-09-01,night,spring,val,10.24,resources/site_257_bowra-dry-a/mvp2_per_cell_dataset/clips/0776_5392_clip002_s003/audio.wav,"night spring ambient soundscape, Bowra dry woodland, Australia, mild (15C), dry air, light breeze, recorded 2019-09-01, no music, no machinery",15.03,32.72,1.37,ok
0777_5392_clip003_s000,5392_clip003_s000,5392,2019-09-01,night,spring,train,16.277,resources/site_257_bowra-dry-a/mvp2_per_cell_dataset/clips/0777_5392_clip003_s000/audio.wav,"night spring ambient soundscape, Bowra dry woodland, Australia, mild (15C), dry air, light breeze, recorded 2019-09-01, no music, no machinery",15.03,32.72,1.37,ok
0778_5392_clip003_s001,5392_clip003_s001,5392,2019-09-01,night,spring,train,14.095,resources/site_257_bowra-dry-a/mvp2_per_cell_dataset/clips/0778_5392_clip003_s001/audio.wav,"night spring ambient soundscape, Bowra dry woodland, Australia, mild (15C), dry air, light breeze, recorded 2019-09-01, no music, no machinery",15.03,32.72,1.37,ok
0779_5392_clip003_s002,5392_clip003_s002,5392,2019-09-01,night,spring,train,13.282,resources/site_257_bowra-dry-a/mvp2_per_cell_dataset/clips/0779_5392_clip003_s002/audio.wav,"night spring ambient soundscape, Bowra dry woodland, Australia, mild (15C), dry air, light breeze, recorded 2019-09-01, no music, no machinery",15.03,32.72,1.37,ok
0780_5392_clip003_s003,5392_clip003_s003,5392,2019-09-01,night,spring,train,13.189,resources/site_257_bowra-dry-a/mvp2_per_cell_dataset/clips/0780_5392_clip003_s003/audio.wav,"night spring ambient soundscape, Bowra dry woodland, Australia, mild (15C), dry air, light breeze, recorded 2019-09-01, no music, no machinery",15.03,32.72,1.37,ok
0781_5392_clip003_s004,5392_clip003_s004,5392,2019-09-01,night,spring,train,13.142,resources/site_257_bowra-dry-a/mvp2_per_cell_dataset/clips/0781_5392_clip003_s004/audio.wav,"night spring ambient soundscape, Bowra dry woodland, Australia, mild (15C), dry air, light breeze, recorded 2019-09-01, no music, no machinery",15.03,32.72,1.37,ok
0782_5392_clip004_s000,5392_clip004_s000,5392,2019-09-01,night,spring,train,10.89,resources/site_257_bowra-dry-a/mvp2_per_cell_dataset/clips/0782_5392_clip004_s000/audio.wav,"night spring ambient soundscape, Bowra dry woodland, Australia, mild (15C), dry air, light breeze, recorded 2019-09-01, no music, no machinery",15.03,32.72,1.37,ok
0783_5392_clip005_s000,5392_clip005_s000,5392,2019-09-01,night,spring,train,11.053,resources/site_257_bowra-dry-a/mvp2_per_cell_dataset/clips/0783_5392_clip005_s000/audio.wav,"night spring ambient soundscape, Bowra dry woodland, Australia, mild (15C), dry air, light breeze, recorded 2019-09-01, no music, no machinery",15.03,32.72,1.37,ok
0784_5392_clip005_s001,5392_clip005_s001,5392,2019-09-01,night,spring,train,12.26,resources/site_257_bowra-dry-a/mvp2_per_cell_dataset/clips/0784_5392_clip005_s001/audio.wav,"night spring ambient soundscape, Bowra dry woodland, Australia, mild (15C), dry air, light breeze, recorded 2019-09-01, no music, no machinery",15.03,32.72,1.37,ok
0785_5392_clip005_s002,5392_clip005_s002,5392,2019-09-01,night,spring,val,10.286,resources/site_257_bowra-dry-a/mvp2_per_cell_dataset/clips/0785_5392_clip005_s002/audio.wav,"night spring ambient soundscape, Bowra dry woodland, Australia, mild (15C), dry air, light breeze, recorded 2019-09-01, no music, no machinery",15.03,32.72,1.37,ok
0786_5392_clip006_s000,5392_clip006_s000,5392,2019-09-01,night,spring,train,10.31,resources/site_257_bowra-dry-a/mvp2_per_cell_dataset/clips/0786_5392_clip006_s000/audio.wav,"night spring ambient soundscape, Bowra dry woodland, Australia, mild (15C), dry air, light breeze, recorded 2019-09-01, no music, no machinery",15.03,32.72,1.37,ok
0787_5392_clip007_s000,5392_clip007_s000,5392,2019-09-01,night,spring,train,10.612,resources/site_257_bowra-dry-a/mvp2_per_cell_dataset/clips/0787_5392_clip007_s000/audio.wav,"night spring ambient soundscape, Bowra dry woodland, Australia, mild (15C), dry air, light breeze, recorded 2019-09-01, no music, no machinery",15.03,32.72,1.37,ok
0788_5392_clip007_s001,5392_clip007_s001,5392,2019-09-01,night,spring,train,10.658,resources/site_257_bowra-dry-a/mvp2_per_cell_dataset/clips/0788_5392_clip007_s001/audio.wav,"night spring ambient soundscape, Bowra dry woodland, Australia, mild (15C), dry air, light breeze, recorded 2019-09-01, no music, no machinery",15.03,32.72,1.37,ok
0789_5392_clip007_s002,5392_clip007_s002,5392,2019-09-01,night,spring,train,13.351,resources/site_257_bowra-dry-a/mvp2_per_cell_dataset/clips/0789_5392_clip007_s002/audio.wav,"night spring ambient soundscape, Bowra dry woodland, Australia, mild (15C), dry air, light breeze, recorded 2019-09-01, no music, no machinery",15.03,32.72,1.37,ok
0790_5392_clip007_s003,5392_clip007_s003,5392,2019-09-01,night,spring,train,10.472,resources/site_257_bowra-dry-a/mvp2_per_cell_dataset/clips/0790_5392_clip007_s003/audio.wav,"night spring ambient soundscape, Bowra dry woodland, Australia, mild (15C), dry air, light breeze, recorded 2019-09-01, no music, no machinery",15.03,32.72,1.37,ok
0791_5392_clip008_s000,5392_clip008_s000,5392,2019-09-01,night,spring,train,14.814,resources/site_257_bowra-dry-a/mvp2_per_cell_dataset/clips/0791_5392_clip008_s000/audio.wav,"night spring ambient soundscape, Bowra dry woodland, Australia, mild (15C), dry air, light breeze, recorded 2019-09-01, no music, no machinery",15.03,32.72,1.37,ok
0792_5392_clip008_s001,5392_clip008_s001,5392,2019-09-01,night,spring,train,10.565,resources/site_257_bowra-dry-a/mvp2_per_cell_dataset/clips/0792_5392_clip008_s001/audio.wav,"night spring ambient soundscape, Bowra dry woodland, Australia, mild (15C), dry air, light breeze, recorded 2019-09-01, no music, no machinery",15.03,32.72,1.37,ok
0793_5392_clip009_s000,5392_clip009_s000,5392,2019-09-01,night,spring,train,12.353,resources/site_257_bowra-dry-a/mvp2_per_cell_dataset/clips/0793_5392_clip009_s000/audio.wav,"night spring ambient soundscape, Bowra dry woodland, Australia, mild (15C), dry air, light breeze, recorded 2019-09-01, no music, no machinery",15.03,32.72,1.37,ok
0794_5392_clip009_s001,5392_clip009_s001,5392,2019-09-01,night,spring,train,17.949,resources/site_257_bowra-dry-a/mvp2_per_cell_dataset/clips/0794_5392_clip009_s001/audio.wav,"night spring ambient soundscape, Bowra dry woodland, Australia, mild (15C), dry air, light breeze, recorded 2019-09-01, no music, no machinery",15.03,32.72,1.37,ok
0795_5392_clip009_s002,5392_clip009_s002,5392,2019-09-01,night,spring,train,11.889,resources/site_257_bowra-dry-a/mvp2_per_cell_dataset/clips/0795_5392_clip009_s002/audio.wav,"night spring ambient soundscape, Bowra dry woodland, Australia, mild (15C), dry air, light breeze, recorded 2019-09-01, no music, no machinery",15.03,32.72,1.37,ok
0796_5392_clip009_s003,5392_clip009_s003,5392,2019-09-01,night,spring,train,10.17,resources/site_257_bowra-dry-a/mvp2_per_cell_dataset/clips/0796_5392_clip009_s003/audio.wav,"night spring ambient soundscape, Bowra dry woodland, Australia, mild (15C), dry air, light breeze, recorded 2019-09-01, no music, no machinery",15.03,32.72,1.37,ok
0797_5392_clip010_s000,5392_clip010_s000,5392,2019-09-01,night,spring,train,14.025,resources/site_257_bowra-dry-a/mvp2_per_cell_dataset/clips/0797_5392_clip010_s000/audio.wav,"night spring ambient soundscape, Bowra dry woodland, Australia, mild (15C), dry air, light breeze, recorded 2019-09-01, no music, no machinery",15.03,32.72,1.37,ok
0798_5392_clip010_s001,5392_clip010_s001,5392,2019-09-01,night,spring,train,10.101,resources/site_257_bowra-dry-a/mvp2_per_cell_dataset/clips/0798_5392_clip010_s001/audio.wav,"night spring ambient soundscape, Bowra dry woodland, Australia, mild (15C), dry air, light breeze, recorded 2019-09-01, no music, no machinery",15.03,32.72,1.37,ok
0799_5392_clip010_s002,5392_clip010_s002,5392,2019-09-01,night,spring,train,11.262,resources/site_257_bowra-dry-a/mvp2_per_cell_dataset/clips/0799_5392_clip010_s002/audio.wav,"night spring ambient soundscape, Bowra dry woodland, Australia, mild (15C), dry air, light breeze, recorded 2019-09-01, no music, no machinery",15.03,32.72,1.37,ok
0800_5392_clip011_s000,5392_clip011_s000,5392,2019-09-01,night,spring,train,13.212,resources/site_257_bowra-dry-a/mvp2_per_cell_dataset/clips/0800_5392_clip011_s000/audio.wav,"night spring ambient soundscape, Bowra dry woodland, Australia, mild (15C), dry air, light breeze, recorded 2019-09-01, no music, no machinery",15.03,32.72,1.37,ok
0801_5392_clip012_s000,5392_clip012_s000,5392,2019-09-01,night,spring,val,10.217,resources/site_257_bowra-dry-a/mvp2_per_cell_dataset/clips/0801_5392_clip012_s000/audio.wav,"night spring ambient soundscape, Bowra dry woodland, Australia, mild (15C), dry air, light breeze, recorded 2019-09-01, no music, no machinery",15.03,32.72,1.37,ok
0802_5392_clip012_s001,5392_clip012_s001,5392,2019-09-01,night,spring,train,12.26,resources/site_257_bowra-dry-a/mvp2_per_cell_dataset/clips/0802_5392_clip012_s001/audio.wav,"night spring ambient soundscape, Bowra dry woodland, Australia, mild (15C), dry air, light breeze, recorded 2019-09-01, no music, no machinery",15.03,32.72,1.37,ok
0803_5392_clip014_s000,5392_clip014_s000,5392,2019-09-01,night,spring,train,11.122,resources/site_257_bowra-dry-a/mvp2_per_cell_dataset/clips/0803_5392_clip014_s000/audio.wav,"night spring ambient soundscape, Bowra dry woodland, Australia, mild (15C), dry air, light breeze, recorded 2019-09-01, no music, no machinery",15.03,32.72,1.37,ok
0804_5392_clip015_s000,5392_clip015_s000,5392,2019-09-01,night,spring,train,10.426,resources/site_257_bowra-dry-a/mvp2_per_cell_dataset/clips/0804_5392_clip015_s000/audio.wav,"night spring ambient soundscape, Bowra dry woodland, Australia, mild (15C), dry air, light breeze, recorded 2019-09-01, no music, no machinery",15.03,32.72,1.37,ok
0805_5392_clip015_s001,5392_clip015_s001,5392,2019-09-01,night,spring,train,12.074,resources/site_257_bowra-dry-a/mvp2_per_cell_dataset/clips/0805_5392_clip015_s001/audio.wav,"night spring ambient soundscape, Bowra dry woodland, Australia, mild (15C), dry air, light breeze, recorded 2019-09-01, no music, no machinery",15.03,32.72,1.37,ok
0806_5392_clip016_s000,5392_clip016_s000,5392,2019-09-01,night,spring,train,11.935,resources/site_257_bowra-dry-a/mvp2_per_cell_dataset/clips/0806_5392_clip016_s000/audio.wav,"night spring ambient soundscape, Bowra dry woodland, Australia, mild (15C), dry air, light breeze, recorded 2019-09-01, no music, no machinery",15.03,32.72,1.37,ok
0807_5392_clip016_s001,5392_clip016_s001,5392,2019-09-01,night,spring,train,13.607,resources/site_257_bowra-dry-a/mvp2_per_cell_dataset/clips/0807_5392_clip016_s001/audio.wav,"night spring ambient soundscape, Bowra dry woodland, Australia, mild (15C), dry air, light breeze, recorded 2019-09-01, no music, no machinery",15.03,32.72,1.37,ok
0808_5392_clip016_s002,5392_clip016_s002,5392,2019-09-01,night,spring,train,10.426,resources/site_257_bowra-dry-a/mvp2_per_cell_dataset/clips/0808_5392_clip016_s002/audio.wav,"night spring ambient soundscape, Bowra dry woodland, Australia, mild (15C), dry air, light breeze, recorded 2019-09-01, no music, no machinery",15.03,32.72,1.37,ok
0809_5392_clip016_s003,5392_clip016_s003,5392,2019-09-01,night,spring,train,13.909,resources/site_257_bowra-dry-a/mvp2_per_cell_dataset/clips/0809_5392_clip016_s003/audio.wav,"night spring ambient soundscape, Bowra dry woodland, Australia, mild (15C), dry air, light breeze, recorded 2019-09-01, no music, no machinery",15.03,32.72,1.37,ok
0810_5392_clip017_s000,5392_clip017_s000,5392,2019-09-01,night,spring,train,12.934,resources/site_257_bowra-dry-a/mvp2_per_cell_dataset/clips/0810_5392_clip017_s000/audio.wav,"night spring ambient soundscape, Bowra dry woodland, Australia, mild (15C), dry air, light breeze, recorded 2019-09-01, no music, no machinery",15.03,32.72,1.37,ok
0811_5392_clip018_s000,5392_clip018_s000,5392,2019-09-01,night,spring,train,14.257,resources/site_257_bowra-dry-a/mvp2_per_cell_dataset/clips/0811_5392_clip018_s000/audio.wav,"night spring ambient soundscape, Bowra dry woodland, Australia, mild (15C), dry air, light breeze, recorded 2019-09-01, no music, no machinery",15.03,32.72,1.37,ok
0812_5392_clip019_s000,5392_clip019_s000,5392,2019-09-01,night,spring,train,11.447,resources/site_257_bowra-dry-a/mvp2_per_cell_dataset/clips/0812_5392_clip019_s000/audio.wav,"night spring ambient soundscape, Bowra dry woodland, Australia, mild (15C), dry air, light breeze, recorded 2019-09-01, no music, no machinery",15.03,32.72,1.37,ok
0813_5392_clip020_s000,5392_clip020_s000,5392,2019-09-01,night,spring,train,11.61,resources/site_257_bowra-dry-a/mvp2_per_cell_dataset/clips/0813_5392_clip020_s000/audio.wav,"night spring ambient soundscape, Bowra dry woodland, Australia, mild (15C), dry air, light breeze, recorded 2019-09-01, no music, no machinery",15.03,32.72,1.37,ok
0814_5392_clip022_s000,5392_clip022_s000,5392,2019-09-01,night,spring,train,13.839,resources/site_257_bowra-dry-a/mvp2_per_cell_dataset/clips/0814_5392_clip022_s000/audio.wav,"night spring ambient soundscape, Bowra dry woodland, Australia, mild (15C), dry air, light breeze, recorded 2019-09-01, no music, no machinery",15.03,32.72,1.37,ok
0815_5392_clip024_s000,5392_clip024_s000,5392,2019-09-01,night,spring,train,10.913,resources/site_257_bowra-dry-a/mvp2_per_cell_dataset/clips/0815_5392_clip024_s000/audio.wav,"night spring ambient soundscape, Bowra dry woodland, Australia, mild (15C), dry air, light breeze, recorded 2019-09-01, no music, no machinery",15.03,32.72,1.37,ok
0816_5421_clip006_s000,5421_clip006_s000,5421,2019-09-23,night,spring,train,11.029,resources/site_257_bowra-dry-a/mvp2_per_cell_dataset/clips/0816_5421_clip006_s000/audio.wav,"night spring ambient soundscape, Bowra dry woodland, Australia, cold (13C), dry air, moderate wind, recorded 2019-09-23, no music, no machinery",13.07,26.51,2.8,ok
0817_4883_clip001_s000,4883_clip001_s000,4883,2019-10-04,night,spring,train,13.119,resources/site_257_bowra-dry-a/mvp2_per_cell_dataset/clips/0817_4883_clip001_s000/audio.wav,"night spring ambient soundscape, Bowra dry woodland, Australia, mild (24C), dry air, light breeze, recorded 2019-10-04, no music, no machinery",23.74,22.54,1.48,ok
0818_4883_clip001_s001,4883_clip001_s001,4883,2019-10-04,night,spring,train,12.005,resources/site_257_bowra-dry-a/mvp2_per_cell_dataset/clips/0818_4883_clip001_s001/audio.wav,"night spring ambient soundscape, Bowra dry woodland, Australia, mild (24C), dry air, light breeze, recorded 2019-10-04, no music, no machinery",23.74,22.54,1.48,ok
0819_4883_clip001_s002,4883_clip001_s002,4883,2019-10-04,night,spring,train,11.564,resources/site_257_bowra-dry-a/mvp2_per_cell_dataset/clips/0819_4883_clip001_s002/audio.wav,"night spring ambient soundscape, Bowra dry woodland, Australia, mild (24C), dry air, light breeze, recorded 2019-10-04, no music, no machinery",23.74,22.54,1.48,ok
0820_4883_clip001_s003,4883_clip001_s003,4883,2019-10-04,night,spring,val,10.263,resources/site_257_bowra-dry-a/mvp2_per_cell_dataset/clips/0820_4883_clip001_s003/audio.wav,"night spring ambient soundscape, Bowra dry woodland, Australia, mild (24C), dry air, light breeze, recorded 2019-10-04, no music, no machinery",23.74,22.54,1.48,ok
0821_4883_clip003_s000,4883_clip003_s000,4883,2019-10-04,night,spring,train,13.351,resources/site_257_bowra-dry-a/mvp2_per_cell_dataset/clips/0821_4883_clip003_s000/audio.wav,"night spring ambient soundscape, Bowra dry woodland, Australia, mild (24C), dry air, light breeze, recorded 2019-10-04, no music, no machinery",23.74,22.54,1.48,ok
0822_4883_clip005_s000,4883_clip005_s000,4883,2019-10-04,night,spring,train,10.937,resources/site_257_bowra-dry-a/mvp2_per_cell_dataset/clips/0822_4883_clip005_s000/audio.wav,"night spring ambient soundscape, Bowra dry woodland, Australia, mild (24C), dry air, light breeze, recorded 2019-10-04, no music, no machinery",23.74,22.54,1.48,ok
0823_4883_clip008_s000,4883_clip008_s000,4883,2019-10-04,night,spring,train,13.142,resources/site_257_bowra-dry-a/mvp2_per_cell_dataset/clips/0823_4883_clip008_s000/audio.wav,"night spring ambient soundscape, Bowra dry woodland, Australia, mild (24C), dry air, light breeze, recorded 2019-10-04, no music, no machinery",23.74,22.54,1.48,ok
0824_4883_clip009_s000,4883_clip009_s000,4883,2019-10-04,night,spring,train,11.215,resources/site_257_bowra-dry-a/mvp2_per_cell_dataset/clips/0824_4883_clip009_s000/audio.wav,"night spring ambient soundscape, Bowra dry woodland, Australia, mild (24C), dry air, light breeze, recorded 2019-10-04, no music, no machinery",23.74,22.54,1.48,ok
0825_4883_clip011_s000,4883_clip011_s000,4883,2019-10-04,night,spring,train,10.658,resources/site_257_bowra-dry-a/mvp2_per_cell_dataset/clips/0825_4883_clip011_s000/audio.wav,"night spring ambient soundscape, Bowra dry woodland, Australia, mild (24C), dry air, light breeze, recorded 2019-10-04, no music, no machinery",23.74,22.54,1.48,ok
0826_4883_clip012_s000,4883_clip012_s000,4883,2019-10-04,night,spring,val,11.355,resources/site_257_bowra-dry-a/mvp2_per_cell_dataset/clips/0826_4883_clip012_s000/audio.wav,"night spring ambient soundscape, Bowra dry woodland, Australia, mild (24C), dry air, light breeze, recorded 2019-10-04, no music, no machinery",23.74,22.54,1.48,ok
0827_4883_clip013_s000,4883_clip013_s000,4883,2019-10-04,night,spring,train,10.635,resources/site_257_bowra-dry-a/mvp2_per_cell_dataset/clips/0827_4883_clip013_s000/audio.wav,"night spring ambient soundscape, Bowra dry woodland, Australia, mild (24C), dry air, light breeze, recorded 2019-10-04, no music, no machinery",23.74,22.54,1.48,ok
0828_4883_clip013_s001,4883_clip013_s001,4883,2019-10-04,night,spring,train,12.028,resources/site_257_bowra-dry-a/mvp2_per_cell_dataset/clips/0828_4883_clip013_s001/audio.wav,"night spring ambient soundscape, Bowra dry woodland, Australia, mild (24C), dry air, light breeze, recorded 2019-10-04, no music, no machinery",23.74,22.54,1.48,ok
0829_4883_clip014_s000,4883_clip014_s000,4883,2019-10-04,night,spring,train,11.819,resources/site_257_bowra-dry-a/mvp2_per_cell_dataset/clips/0829_4883_clip014_s000/audio.wav,"night spring ambient soundscape, Bowra dry woodland, Australia, mild (24C), dry air, light breeze, recorded 2019-10-04, no music, no machinery",23.74,22.54,1.48,ok
0830_4883_clip014_s001,4883_clip014_s001,4883,2019-10-04,night,spring,train,10.379,resources/site_257_bowra-dry-a/mvp2_per_cell_dataset/clips/0830_4883_clip014_s001/audio.wav,"night spring ambient soundscape, Bowra dry woodland, Australia, mild (24C), dry air, light breeze, recorded 2019-10-04, no music, no machinery",23.74,22.54,1.48,ok
0831_4883_clip015_s000,4883_clip015_s000,4883,2019-10-04,night,spring,train,10.472,resources/site_257_bowra-dry-a/mvp2_per_cell_dataset/clips/0831_4883_clip015_s000/audio.wav,"night spring ambient soundscape, Bowra dry woodland, Australia, mild (24C), dry air, light breeze, recorded 2019-10-04, no music, no machinery",23.74,22.54,1.48,ok
0832_4883_clip015_s001,4883_clip015_s001,4883,2019-10-04,night,spring,train,16.974,resources/site_257_bowra-dry-a/mvp2_per_cell_dataset/clips/0832_4883_clip015_s001/audio.wav,"night spring ambient soundscape, Bowra dry woodland, Australia, mild (24C), dry air, light breeze, recorded 2019-10-04, no music, no machinery",23.74,22.54,1.48,ok
0833_4883_clip016_s000,4883_clip016_s000,4883,2019-10-04,night,spring,train,10.217,resources/site_257_bowra-dry-a/mvp2_per_cell_dataset/clips/0833_4883_clip016_s000/audio.wav,"night spring ambient soundscape, Bowra dry woodland, Australia, mild (24C), dry air, light breeze, recorded 2019-10-04, no music, no machinery",23.74,22.54,1.48,ok
0834_4883_clip016_s001,4883_clip016_s001,4883,2019-10-04,night,spring,train,10.403,resources/site_257_bowra-dry-a/mvp2_per_cell_dataset/clips/0834_4883_clip016_s001/audio.wav,"night spring ambient soundscape, Bowra dry woodland, Australia, mild (24C), dry air, light breeze, recorded 2019-10-04, no music, no machinery",23.74,22.54,1.48,ok
0835_4883_clip017_s000,4883_clip017_s000,4883,2019-10-04,night,spring,train,13.491,resources/site_257_bowra-dry-a/mvp2_per_cell_dataset/clips/0835_4883_clip017_s000/audio.wav,"night spring ambient soundscape, Bowra dry woodland, Australia, mild (24C), dry air, light breeze, recorded 2019-10-04, no music, no machinery",23.74,22.54,1.48,ok
0836_4883_clip017_s001,4883_clip017_s001,4883,2019-10-04,night,spring,val,12.098,resources/site_257_bowra-dry-a/mvp2_per_cell_dataset/clips/0836_4883_clip017_s001/audio.wav,"night spring ambient soundscape, Bowra dry woodland, Australia, mild (24C), dry air, light breeze, recorded 2019-10-04, no music, no machinery",23.74,22.54,1.48,ok
0837_4883_clip017_s002,4883_clip017_s002,4883,2019-10-04,night,spring,train,10.379,resources/site_257_bowra-dry-a/mvp2_per_cell_dataset/clips/0837_4883_clip017_s002/audio.wav,"night spring ambient soundscape, Bowra dry woodland, Australia, mild (24C), dry air, light breeze, recorded 2019-10-04, no music, no machinery",23.74,22.54,1.48,ok
0838_4883_clip018_s000,4883_clip018_s000,4883,2019-10-04,night,spring,train,10.751,resources/site_257_bowra-dry-a/mvp2_per_cell_dataset/clips/0838_4883_clip018_s000/audio.wav,"night spring ambient soundscape, Bowra dry woodland, Australia, mild (24C), dry air, light breeze, recorded 2019-10-04, no music, no machinery",23.74,22.54,1.48,ok
0839_4883_clip020_s000,4883_clip020_s000,4883,2019-10-04,night,spring,train,10.286,resources/site_257_bowra-dry-a/mvp2_per_cell_dataset/clips/0839_4883_clip020_s000/audio.wav,"night spring ambient soundscape, Bowra dry woodland, Australia, mild (24C), dry air, light breeze, recorded 2019-10-04, no music, no machinery",23.74,22.54,1.48,ok
0840_4883_clip020_s001,4883_clip020_s001,4883,2019-10-04,night,spring,train,15.209,resources/site_257_bowra-dry-a/mvp2_per_cell_dataset/clips/0840_4883_clip020_s001/audio.wav,"night spring ambient soundscape, Bowra dry woodland, Australia, mild (24C), dry air, light breeze, recorded 2019-10-04, no music, no machinery",23.74,22.54,1.48,ok
0841_4883_clip020_s002,4883_clip020_s002,4883,2019-10-04,night,spring,train,10.356,resources/site_257_bowra-dry-a/mvp2_per_cell_dataset/clips/0841_4883_clip020_s002/audio.wav,"night spring ambient soundscape, Bowra dry woodland, Australia, mild (24C), dry air, light breeze, recorded 2019-10-04, no music, no machinery",23.74,22.54,1.48,ok
0842_4883_clip021_s000,4883_clip021_s000,4883,2019-10-04,night,spring,train,12.19,resources/site_257_bowra-dry-a/mvp2_per_cell_dataset/clips/0842_4883_clip021_s000/audio.wav,"night spring ambient soundscape, Bowra dry woodland, Australia, mild (24C), dry air, light breeze, recorded 2019-10-04, no music, no machinery",23.74,22.54,1.48,ok
0843_4883_clip021_s001,4883_clip021_s001,4883,2019-10-04,night,spring,train,14.257,resources/site_257_bowra-dry-a/mvp2_per_cell_dataset/clips/0843_4883_clip021_s001/audio.wav,"night spring ambient soundscape, Bowra dry woodland, Australia, mild (24C), dry air, light breeze, recorded 2019-10-04, no music, no machinery",23.74,22.54,1.48,ok
0844_4883_clip021_s002,4883_clip021_s002,4883,2019-10-04,night,spring,train,15.534,resources/site_257_bowra-dry-a/mvp2_per_cell_dataset/clips/0844_4883_clip021_s002/audio.wav,"night spring ambient soundscape, Bowra dry woodland, Australia, mild (24C), dry air, light breeze, recorded 2019-10-04, no music, no machinery",23.74,22.54,1.48,ok
0845_4883_clip022_s000,4883_clip022_s000,4883,2019-10-04,night,spring,val,12.121,resources/site_257_bowra-dry-a/mvp2_per_cell_dataset/clips/0845_4883_clip022_s000/audio.wav,"night spring ambient soundscape, Bowra dry woodland, Australia, mild (24C), dry air, light breeze, recorded 2019-10-04, no music, no machinery",23.74,22.54,1.48,ok
0846_4883_clip023_s000,4883_clip023_s000,4883,2019-10-04,night,spring,train,10.797,resources/site_257_bowra-dry-a/mvp2_per_cell_dataset/clips/0846_4883_clip023_s000/audio.wav,"night spring ambient soundscape, Bowra dry woodland, Australia, mild (24C), dry air, light breeze, recorded 2019-10-04, no music, no machinery",23.74,22.54,1.48,ok
0847_4883_clip023_s001,4883_clip023_s001,4883,2019-10-04,night,spring,val,11.935,resources/site_257_bowra-dry-a/mvp2_per_cell_dataset/clips/0847_4883_clip023_s001/audio.wav,"night spring ambient soundscape, Bowra dry woodland, Australia, mild (24C), dry air, light breeze, recorded 2019-10-04, no music, no machinery",23.74,22.54,1.48,ok
0848_4883_clip023_s002,4883_clip023_s002,4883,2019-10-04,night,spring,train,14.002,resources/site_257_bowra-dry-a/mvp2_per_cell_dataset/clips/0848_4883_clip023_s002/audio.wav,"night spring ambient soundscape, Bowra dry woodland, Australia, mild (24C), dry air, light breeze, recorded 2019-10-04, no music, no machinery",23.74,22.54,1.48,ok
0849_4883_clip023_s003,4883_clip023_s003,4883,2019-10-04,night,spring,train,10.194,resources/site_257_bowra-dry-a/mvp2_per_cell_dataset/clips/0849_4883_clip023_s003/audio.wav,"night spring ambient soundscape, Bowra dry woodland, Australia, mild (24C), dry air, light breeze, recorded 2019-10-04, no music, no machinery",23.74,22.54,1.48,ok
0850_4883_clip023_s004,4883_clip023_s004,4883,2019-10-04,night,spring,train,11.564,resources/site_257_bowra-dry-a/mvp2_per_cell_dataset/clips/0850_4883_clip023_s004/audio.wav,"night spring ambient soundscape, Bowra dry woodland, Australia, mild (24C), dry air, light breeze, recorded 2019-10-04, no music, no machinery",23.74,22.54,1.48,ok
0851_4883_clip024_s000,4883_clip024_s000,4883,2019-10-04,night,spring,val,14.211,resources/site_257_bowra-dry-a/mvp2_per_cell_dataset/clips/0851_4883_clip024_s000/audio.wav,"night spring ambient soundscape, Bowra dry woodland, Australia, mild (24C), dry air, light breeze, recorded 2019-10-04, no music, no machinery",23.74,22.54,1.48,ok
0852_214518_clip001_s000,214518_clip001_s000,214518,2019-10-22,night,spring,train,10.101,resources/site_257_bowra-dry-a/mvp2_per_cell_dataset/clips/0852_214518_clip001_s000/audio.wav,"night spring ambient soundscape, Bowra dry woodland, Australia, mild (24C), dry air, light breeze, recorded 2019-10-22, no music, no machinery",23.72,24.78,1.83,ok
0853_214518_clip003_s000,214518_clip003_s000,214518,2019-10-22,night,spring,train,11.146,resources/site_257_bowra-dry-a/mvp2_per_cell_dataset/clips/0853_214518_clip003_s000/audio.wav,"night spring ambient soundscape, Bowra dry woodland, Australia, mild (24C), dry air, light breeze, recorded 2019-10-22, no music, no machinery",23.72,24.78,1.83,ok
0854_214518_clip003_s001,214518_clip003_s001,214518,2019-10-22,night,spring,train,10.147,resources/site_257_bowra-dry-a/mvp2_per_cell_dataset/clips/0854_214518_clip003_s001/audio.wav,"night spring ambient soundscape, Bowra dry woodland, Australia, mild (24C), dry air, light breeze, recorded 2019-10-22, no music, no machinery",23.72,24.78,1.83,ok
0855_214518_clip005_s000,214518_clip005_s000,214518,2019-10-22,night,spring,train,10.426,resources/site_257_bowra-dry-a/mvp2_per_cell_dataset/clips/0855_214518_clip005_s000/audio.wav,"night spring ambient soundscape, Bowra dry woodland, Australia, mild (24C), dry air, light breeze, recorded 2019-10-22, no music, no machinery",23.72,24.78,1.83,ok
0856_214518_clip007_s000,214518_clip007_s000,214518,2019-10-22,night,spring,train,15.302,resources/site_257_bowra-dry-a/mvp2_per_cell_dataset/clips/0856_214518_clip007_s000/audio.wav,"night spring ambient soundscape, Bowra dry woodland, Australia, mild (24C), dry air, light breeze, recorded 2019-10-22, no music, no machinery",23.72,24.78,1.83,ok
0857_214518_clip010_s000,214518_clip010_s000,214518,2019-10-22,night,spring,val,11.703,resources/site_257_bowra-dry-a/mvp2_per_cell_dataset/clips/0857_214518_clip010_s000/audio.wav,"night spring ambient soundscape, Bowra dry woodland, Australia, mild (24C), dry air, light breeze, recorded 2019-10-22, no music, no machinery",23.72,24.78,1.83,ok
0858_214518_clip012_s000,214518_clip012_s000,214518,2019-10-22,night,spring,train,12.376,resources/site_257_bowra-dry-a/mvp2_per_cell_dataset/clips/0858_214518_clip012_s000/audio.wav,"night spring ambient soundscape, Bowra dry woodland, Australia, mild (24C), dry air, light breeze, recorded 2019-10-22, no music, no machinery",23.72,24.78,1.83,ok
0859_214518_clip019_s000,214518_clip019_s000,214518,2019-10-22,night,spring,train,13.584,resources/site_257_bowra-dry-a/mvp2_per_cell_dataset/clips/0859_214518_clip019_s000/audio.wav,"night spring ambient soundscape, Bowra dry woodland, Australia, mild (24C), dry air, light breeze, recorded 2019-10-22, no music, no machinery",23.72,24.78,1.83,ok
0860_214518_clip020_s000,214518_clip020_s000,214518,2019-10-22,night,spring,train,10.728,resources/site_257_bowra-dry-a/mvp2_per_cell_dataset/clips/0860_214518_clip020_s000/audio.wav,"night spring ambient soundscape, Bowra dry woodland, Australia, mild (24C), dry air, light breeze, recorded 2019-10-22, no music, no machinery",23.72,24.78,1.83,ok
0861_214518_clip021_s000,214518_clip021_s000,214518,2019-10-22,night,spring,train,11.796,resources/site_257_bowra-dry-a/mvp2_per_cell_dataset/clips/0861_214518_clip021_s000/audio.wav,"night spring ambient soundscape, Bowra dry woodland, Australia, mild (24C), dry air, light breeze, recorded 2019-10-22, no music, no machinery",23.72,24.78,1.83,ok
0862_214665_clip001_s000,214665_clip001_s000,214665,2019-11-03,night,spring,train,10.542,resources/site_257_bowra-dry-a/mvp2_per_cell_dataset/clips/0862_214665_clip001_s000/audio.wav,"night spring ambient soundscape, Bowra dry woodland, Australia, mild (18C), humid air, light breeze, recorded 2019-11-03, no music, no machinery",17.71,91.18,0.82,ok
0863_214665_clip004_s000,214665_clip004_s000,214665,2019-11-03,night,spring,train,11.169,resources/site_257_bowra-dry-a/mvp2_per_cell_dataset/clips/0863_214665_clip004_s000/audio.wav,"night spring ambient soundscape, Bowra dry woodland, Australia, mild (18C), humid air, light breeze, recorded 2019-11-03, no music, no machinery",17.71,91.18,0.82,ok
0864_214665_clip011_s000,214665_clip011_s000,214665,2019-11-03,night,spring,train,10.124,resources/site_257_bowra-dry-a/mvp2_per_cell_dataset/clips/0864_214665_clip011_s000/audio.wav,"night spring ambient soundscape, Bowra dry woodland, Australia, mild (18C), humid air, light breeze, recorded 2019-11-03, no music, no machinery",17.71,91.18,0.82,ok
0865_214665_clip011_s001,214665_clip011_s001,214665,2019-11-03,night,spring,train,13.793,resources/site_257_bowra-dry-a/mvp2_per_cell_dataset/clips/0865_214665_clip011_s001/audio.wav,"night spring ambient soundscape, Bowra dry woodland, Australia, mild (18C), humid air, light breeze, recorded 2019-11-03, no music, no machinery",17.71,91.18,0.82,ok
0866_214665_clip014_s000,214665_clip014_s000,214665,2019-11-03,night,spring,train,11.099,resources/site_257_bowra-dry-a/mvp2_per_cell_dataset/clips/0866_214665_clip014_s000/audio.wav,"night spring ambient soundscape, Bowra dry woodland, Australia, mild (18C), humid air, light breeze, recorded 2019-11-03, no music, no machinery",17.71,91.18,0.82,ok
0867_214665_clip014_s001,214665_clip014_s001,214665,2019-11-03,night,spring,train,12.167,resources/site_257_bowra-dry-a/mvp2_per_cell_dataset/clips/0867_214665_clip014_s001/audio.wav,"night spring ambient soundscape, Bowra dry woodland, Australia, mild (18C), humid air, light breeze, recorded 2019-11-03, no music, no machinery",17.71,91.18,0.82,ok
0868_214665_clip015_s000,214665_clip015_s000,214665,2019-11-03,night,spring,train,10.704,resources/site_257_bowra-dry-a/mvp2_per_cell_dataset/clips/0868_214665_clip015_s000/audio.wav,"night spring ambient soundscape, Bowra dry woodland, Australia, mild (18C), humid air, light breeze, recorded 2019-11-03, no music, no machinery",17.71,91.18,0.82,ok
0869_214665_clip015_s001,214665_clip015_s001,214665,2019-11-03,night,spring,train,10.797,resources/site_257_bowra-dry-a/mvp2_per_cell_dataset/clips/0869_214665_clip015_s001/audio.wav,"night spring ambient soundscape, Bowra dry woodland, Australia, mild (18C), humid air, light breeze, recorded 2019-11-03, no music, no machinery",17.71,91.18,0.82,ok
0870_214665_clip016_s000,214665_clip016_s000,214665,2019-11-03,night,spring,train,12.655,resources/site_257_bowra-dry-a/mvp2_per_cell_dataset/clips/0870_214665_clip016_s000/audio.wav,"night spring ambient soundscape, Bowra dry woodland, Australia, mild (18C), humid air, light breeze, recorded 2019-11-03, no music, no machinery",17.71,91.18,0.82,ok
0871_214665_clip016_s001,214665_clip016_s001,214665,2019-11-03,night,spring,train,10.379,resources/site_257_bowra-dry-a/mvp2_per_cell_dataset/clips/0871_214665_clip016_s001/audio.wav,"night spring ambient soundscape, Bowra dry woodland, Australia, mild (18C), humid air, light breeze, recorded 2019-11-03, no music, no machinery",17.71,91.18,0.82,ok
0872_214665_clip017_s000,214665_clip017_s000,214665,2019-11-03,night,spring,train,11.494,resources/site_257_bowra-dry-a/mvp2_per_cell_dataset/clips/0872_214665_clip017_s000/audio.wav,"night spring ambient soundscape, Bowra dry woodland, Australia, mild (18C), humid air, light breeze, recorded 2019-11-03, no music, no machinery",17.71,91.18,0.82,ok
0873_214665_clip018_s000,214665_clip018_s000,214665,2019-11-03,night,spring,train,11.378,resources/site_257_bowra-dry-a/mvp2_per_cell_dataset/clips/0873_214665_clip018_s000/audio.wav,"night spring ambient soundscape, Bowra dry woodland, Australia, mild (18C), humid air, light breeze, recorded 2019-11-03, no music, no machinery",17.71,91.18,0.82,ok
0874_214665_clip018_s001,214665_clip018_s001,214665,2019-11-03,night,spring,train,12.585,resources/site_257_bowra-dry-a/mvp2_per_cell_dataset/clips/0874_214665_clip018_s001/audio.wav,"night spring ambient soundscape, Bowra dry woodland, Australia, mild (18C), humid air, light breeze, recorded 2019-11-03, no music, no machinery",17.71,91.18,0.82,ok
0875_214665_clip019_s000,214665_clip019_s000,214665,2019-11-03,night,spring,train,10.82,resources/site_257_bowra-dry-a/mvp2_per_cell_dataset/clips/0875_214665_clip019_s000/audio.wav,"night spring ambient soundscape, Bowra dry woodland, Australia, mild (18C), humid air, light breeze, recorded 2019-11-03, no music, no machinery",17.71,91.18,0.82,ok
0876_214665_clip019_s001,214665_clip019_s001,214665,2019-11-03,night,spring,train,10.774,resources/site_257_bowra-dry-a/mvp2_per_cell_dataset/clips/0876_214665_clip019_s001/audio.wav,"night spring ambient soundscape, Bowra dry woodland, Australia, mild (18C), humid air, light breeze, recorded 2019-11-03, no music, no machinery",17.71,91.18,0.82,ok
0877_214665_clip019_s002,214665_clip019_s002,214665,2019-11-03,night,spring,train,16.509,resources/site_257_bowra-dry-a/mvp2_per_cell_dataset/clips/0877_214665_clip019_s002/audio.wav,"night spring ambient soundscape, Bowra dry woodland, Australia, mild (18C), humid air, light breeze, recorded 2019-11-03, no music, no machinery",17.71,91.18,0.82,ok
0878_214665_clip019_s003,214665_clip019_s003,214665,2019-11-03,night,spring,train,10.867,resources/site_257_bowra-dry-a/mvp2_per_cell_dataset/clips/0878_214665_clip019_s003/audio.wav,"night spring ambient soundscape, Bowra dry woodland, Australia, mild (18C), humid air, light breeze, recorded 2019-11-03, no music, no machinery",17.71,91.18,0.82,ok
0879_214665_clip020_s000,214665_clip020_s000,214665,2019-11-03,night,spring,train,12.678,resources/site_257_bowra-dry-a/mvp2_per_cell_dataset/clips/0879_214665_clip020_s000/audio.wav,"night spring ambient soundscape, Bowra dry woodland, Australia, mild (18C), humid air, light breeze, recorded 2019-11-03, no music, no machinery",17.71,91.18,0.82,ok
0880_214665_clip020_s001,214665_clip020_s001,214665,2019-11-03,night,spring,train,11.842,resources/site_257_bowra-dry-a/mvp2_per_cell_dataset/clips/0880_214665_clip020_s001/audio.wav,"night spring ambient soundscape, Bowra dry woodland, Australia, mild (18C), humid air, light breeze, recorded 2019-11-03, no music, no machinery",17.71,91.18,0.82,ok
0881_214665_clip022_s000,214665_clip022_s000,214665,2019-11-03,night,spring,train,10.774,resources/site_257_bowra-dry-a/mvp2_per_cell_dataset/clips/0881_214665_clip022_s000/audio.wav,"night spring ambient soundscape, Bowra dry woodland, Australia, mild (18C), humid air, light breeze, recorded 2019-11-03, no music, no machinery",17.71,91.18,0.82,ok
0882_214665_clip022_s001,214665_clip022_s001,214665,2019-11-03,night,spring,train,11.424,resources/site_257_bowra-dry-a/mvp2_per_cell_dataset/clips/0882_214665_clip022_s001/audio.wav,"night spring ambient soundscape, Bowra dry woodland, Australia, mild (18C), humid air, light breeze, recorded 2019-11-03, no music, no machinery",17.71,91.18,0.82,ok
0883_214665_clip024_s000,214665_clip024_s000,214665,2019-11-03,night,spring,train,10.658,resources/site_257_bowra-dry-a/mvp2_per_cell_dataset/clips/0883_214665_clip024_s000/audio.wav,"night spring ambient soundscape, Bowra dry woodland, Australia, mild (18C), humid air, light breeze, recorded 2019-11-03, no music, no machinery",17.71,91.18,0.82,ok
0884_214665_clip024_s001,214665_clip024_s001,214665,2019-11-03,night,spring,train,11.61,resources/site_257_bowra-dry-a/mvp2_per_cell_dataset/clips/0884_214665_clip024_s001/audio.wav,"night spring ambient soundscape, Bowra dry woodland, Australia, mild (18C), humid air, light breeze, recorded 2019-11-03, no music, no machinery",17.71,91.18,0.82,ok
0885_214835_clip001_s000,214835_clip001_s000,214835,2019-11-18,night,spring,train,14.93,resources/site_257_bowra-dry-a/mvp2_per_cell_dataset/clips/0885_214835_clip001_s000/audio.wav,"night spring ambient soundscape, Bowra dry woodland, Australia, mild (21C), dry air, light breeze, recorded 2019-11-18, no music, no machinery",21.36,33.56,1.34,ok
0886_214835_clip001_s001,214835_clip001_s001,214835,2019-11-18,night,spring,train,10.588,resources/site_257_bowra-dry-a/mvp2_per_cell_dataset/clips/0886_214835_clip001_s001/audio.wav,"night spring ambient soundscape, Bowra dry woodland, Australia, mild (21C), dry air, light breeze, recorded 2019-11-18, no music, no machinery",21.36,33.56,1.34,ok
0887_214835_clip001_s002,214835_clip001_s002,214835,2019-11-18,night,spring,train,11.122,resources/site_257_bowra-dry-a/mvp2_per_cell_dataset/clips/0887_214835_clip001_s002/audio.wav,"night spring ambient soundscape, Bowra dry woodland, Australia, mild (21C), dry air, light breeze, recorded 2019-11-18, no music, no machinery",21.36,33.56,1.34,ok
0888_214835_clip002_s000,214835_clip002_s000,214835,2019-11-18,night,spring,train,19.04,resources/site_257_bowra-dry-a/mvp2_per_cell_dataset/clips/0888_214835_clip002_s000/audio.wav,"night spring ambient soundscape, Bowra dry woodland, Australia, mild (21C), dry air, light breeze, recorded 2019-11-18, no music, no machinery",21.36,33.56,1.34,ok
0889_214835_clip003_s000,214835_clip003_s000,214835,2019-11-18,night,spring,train,10.286,resources/site_257_bowra-dry-a/mvp2_per_cell_dataset/clips/0889_214835_clip003_s000/audio.wav,"night spring ambient soundscape, Bowra dry woodland, Australia, mild (21C), dry air, light breeze, recorded 2019-11-18, no music, no machinery",21.36,33.56,1.34,ok
0890_214835_clip003_s001,214835_clip003_s001,214835,2019-11-18,night,spring,train,13.444,resources/site_257_bowra-dry-a/mvp2_per_cell_dataset/clips/0890_214835_clip003_s001/audio.wav,"night spring ambient soundscape, Bowra dry woodland, Australia, mild (21C), dry air, light breeze, recorded 2019-11-18, no music, no machinery",21.36,33.56,1.34,ok
0891_214835_clip003_s002,214835_clip003_s002,214835,2019-11-18,night,spring,train,11.633,resources/site_257_bowra-dry-a/mvp2_per_cell_dataset/clips/0891_214835_clip003_s002/audio.wav,"night spring ambient soundscape, Bowra dry woodland, Australia, mild (21C), dry air, light breeze, recorded 2019-11-18, no music, no machinery",21.36,33.56,1.34,ok
0892_214835_clip003_s003,214835_clip003_s003,214835,2019-11-18,night,spring,train,18.947,resources/site_257_bowra-dry-a/mvp2_per_cell_dataset/clips/0892_214835_clip003_s003/audio.wav,"night spring ambient soundscape, Bowra dry woodland, Australia, mild (21C), dry air, light breeze, recorded 2019-11-18, no music, no machinery",21.36,33.56,1.34,ok
0893_214835_clip003_s004,214835_clip003_s004,214835,2019-11-18,night,spring,train,13.584,resources/site_257_bowra-dry-a/mvp2_per_cell_dataset/clips/0893_214835_clip003_s004/audio.wav,"night spring ambient soundscape, Bowra dry woodland, Australia, mild (21C), dry air, light breeze, recorded 2019-11-18, no music, no machinery",21.36,33.56,1.34,ok
0894_214835_clip004_s000,214835_clip004_s000,214835,2019-11-18,night,spring,train,11.285,resources/site_257_bowra-dry-a/mvp2_per_cell_dataset/clips/0894_214835_clip004_s000/audio.wav,"night spring ambient soundscape, Bowra dry woodland, Australia, mild (21C), dry air, light breeze, recorded 2019-11-18, no music, no machinery",21.36,33.56,1.34,ok
0895_214835_clip004_s001,214835_clip004_s001,214835,2019-11-18,night,spring,train,11.076,resources/site_257_bowra-dry-a/mvp2_per_cell_dataset/clips/0895_214835_clip004_s001/audio.wav,"night spring ambient soundscape, Bowra dry woodland, Australia, mild (21C), dry air, light breeze, recorded 2019-11-18, no music, no machinery",21.36,33.56,1.34,ok
0896_214835_clip004_s002,214835_clip004_s002,214835,2019-11-18,night,spring,train,11.958,resources/site_257_bowra-dry-a/mvp2_per_cell_dataset/clips/0896_214835_clip004_s002/audio.wav,"night spring ambient soundscape, Bowra dry woodland, Australia, mild (21C), dry air, light breeze, recorded 2019-11-18, no music, no machinery",21.36,33.56,1.34,ok
0897_214835_clip005_s000,214835_clip005_s000,214835,2019-11-18,night,spring,train,16.022,resources/site_257_bowra-dry-a/mvp2_per_cell_dataset/clips/0897_214835_clip005_s000/audio.wav,"night spring ambient soundscape, Bowra dry woodland, Australia, mild (21C), dry air, light breeze, recorded 2019-11-18, no music, no machinery",21.36,33.56,1.34,ok
0898_214835_clip005_s001,214835_clip005_s001,214835,2019-11-18,night,spring,train,15.604,resources/site_257_bowra-dry-a/mvp2_per_cell_dataset/clips/0898_214835_clip005_s001/audio.wav,"night spring ambient soundscape, Bowra dry woodland, Australia, mild (21C), dry air, light breeze, recorded 2019-11-18, no music, no machinery",21.36,33.56,1.34,ok
0899_214835_clip006_s000,214835_clip006_s000,214835,2019-11-18,night,spring,train,13.026,resources/site_257_bowra-dry-a/mvp2_per_cell_dataset/clips/0899_214835_clip006_s000/audio.wav,"night spring ambient soundscape, Bowra dry woodland, Australia, mild (21C), dry air, light breeze, recorded 2019-11-18, no music, no machinery",21.36,33.56,1.34,ok
0900_214835_clip006_s001,214835_clip006_s001,214835,2019-11-18,night,spring,train,10.054,resources/site_257_bowra-dry-a/mvp2_per_cell_dataset/clips/0900_214835_clip006_s001/audio.wav,"night spring ambient soundscape, Bowra dry woodland, Australia, mild (21C), dry air, light breeze, recorded 2019-11-18, no music, no machinery",21.36,33.56,1.34,ok
0901_214835_clip006_s002,214835_clip006_s002,214835,2019-11-18,night,spring,val,24.752,resources/site_257_bowra-dry-a/mvp2_per_cell_dataset/clips/0901_214835_clip006_s002/audio.wav,"night spring ambient soundscape, Bowra dry woodland, Australia, mild (21C), dry air, light breeze, recorded 2019-11-18, no music, no machinery",21.36,33.56,1.34,ok
0902_214835_clip006_s003,214835_clip006_s003,214835,2019-11-18,night,spring,train,14.838,resources/site_257_bowra-dry-a/mvp2_per_cell_dataset/clips/0902_214835_clip006_s003/audio.wav,"night spring ambient soundscape, Bowra dry woodland, Australia, mild (21C), dry air, light breeze, recorded 2019-11-18, no music, no machinery",21.36,33.56,1.34,ok
0903_214835_clip007_s000,214835_clip007_s000,214835,2019-11-18,night,spring,train,10.82,resources/site_257_bowra-dry-a/mvp2_per_cell_dataset/clips/0903_214835_clip007_s000/audio.wav,"night spring ambient soundscape, Bowra dry woodland, Australia, mild (21C), dry air, light breeze, recorded 2019-11-18, no music, no machinery",21.36,33.56,1.34,ok
0904_214835_clip008_s000,214835_clip008_s000,214835,2019-11-18,night,spring,train,11.471,resources/site_257_bowra-dry-a/mvp2_per_cell_dataset/clips/0904_214835_clip008_s000/audio.wav,"night spring ambient soundscape, Bowra dry woodland, Australia, mild (21C), dry air, light breeze, recorded 2019-11-18, no music, no machinery",21.36,33.56,1.34,ok
0905_214835_clip008_s001,214835_clip008_s001,214835,2019-11-18,night,spring,train,13.653,resources/site_257_bowra-dry-a/mvp2_per_cell_dataset/clips/0905_214835_clip008_s001/audio.wav,"night spring ambient soundscape, Bowra dry woodland, Australia, mild (21C), dry air, light breeze, recorded 2019-11-18, no music, no machinery",21.36,33.56,1.34,ok
0906_214835_clip009_s000,214835_clip009_s000,214835,2019-11-18,night,spring,train,11.401,resources/site_257_bowra-dry-a/mvp2_per_cell_dataset/clips/0906_214835_clip009_s000/audio.wav,"night spring ambient soundscape, Bowra dry woodland, Australia, mild (21C), dry air, light breeze, recorded 2019-11-18, no music, no machinery",21.36,33.56,1.34,ok
0907_214835_clip009_s001,214835_clip009_s001,214835,2019-11-18,night,spring,train,12.121,resources/site_257_bowra-dry-a/mvp2_per_cell_dataset/clips/0907_214835_clip009_s001/audio.wav,"night spring ambient soundscape, Bowra dry woodland, Australia, mild (21C), dry air, light breeze, recorded 2019-11-18, no music, no machinery",21.36,33.56,1.34,ok
0908_214835_clip009_s002,214835_clip009_s002,214835,2019-11-18,night,spring,val,12.492,resources/site_257_bowra-dry-a/mvp2_per_cell_dataset/clips/0908_214835_clip009_s002/audio.wav,"night spring ambient soundscape, Bowra dry woodland, Australia, mild (21C), dry air, light breeze, recorded 2019-11-18, no music, no machinery",21.36,33.56,1.34,ok
0909_214835_clip010_s000,214835_clip010_s000,214835,2019-11-18,night,spring,train,13.398,resources/site_257_bowra-dry-a/mvp2_per_cell_dataset/clips/0909_214835_clip010_s000/audio.wav,"night spring ambient soundscape, Bowra dry woodland, Australia, mild (21C), dry air, light breeze, recorded 2019-11-18, no music, no machinery",21.36,33.56,1.34,ok
0910_214835_clip010_s001,214835_clip010_s001,214835,2019-11-18,night,spring,train,13.514,resources/site_257_bowra-dry-a/mvp2_per_cell_dataset/clips/0910_214835_clip010_s001/audio.wav,"night spring ambient soundscape, Bowra dry woodland, Australia, mild (21C), dry air, light breeze, recorded 2019-11-18, no music, no machinery",21.36,33.56,1.34,ok
0911_214835_clip010_s002,214835_clip010_s002,214835,2019-11-18,night,spring,train,12.144,resources/site_257_bowra-dry-a/mvp2_per_cell_dataset/clips/0911_214835_clip010_s002/audio.wav,"night spring ambient soundscape, Bowra dry woodland, Australia, mild (21C), dry air, light breeze, recorded 2019-11-18, no music, no machinery",21.36,33.56,1.34,ok
0912_214835_clip010_s003,214835_clip010_s003,214835,2019-11-18,night,spring,train,10.96,resources/site_257_bowra-dry-a/mvp2_per_cell_dataset/clips/0912_214835_clip010_s003/audio.wav,"night spring ambient soundscape, Bowra dry woodland, Australia, mild (21C), dry air, light breeze, recorded 2019-11-18, no music, no machinery",21.36,33.56,1.34,ok
0913_214835_clip011_s000,214835_clip011_s000,214835,2019-11-18,night,spring,train,14.512,resources/site_257_bowra-dry-a/mvp2_per_cell_dataset/clips/0913_214835_clip011_s000/audio.wav,"night spring ambient soundscape, Bowra dry woodland, Australia, mild (21C), dry air, light breeze, recorded 2019-11-18, no music, no machinery",21.36,33.56,1.34,ok
0914_214835_clip011_s001,214835_clip011_s001,214835,2019-11-18,night,spring,train,10.008,resources/site_257_bowra-dry-a/mvp2_per_cell_dataset/clips/0914_214835_clip011_s001/audio.wav,"night spring ambient soundscape, Bowra dry woodland, Australia, mild (21C), dry air, light breeze, recorded 2019-11-18, no music, no machinery",21.36,33.56,1.34,ok
0915_214835_clip012_s000,214835_clip012_s000,214835,2019-11-18,night,spring,train,14.373,resources/site_257_bowra-dry-a/mvp2_per_cell_dataset/clips/0915_214835_clip012_s000/audio.wav,"night spring ambient soundscape, Bowra dry woodland, Australia, mild (21C), dry air, light breeze, recorded 2019-11-18, no music, no machinery",21.36,33.56,1.34,ok
0916_214835_clip012_s001,214835_clip012_s001,214835,2019-11-18,night,spring,train,11.099,resources/site_257_bowra-dry-a/mvp2_per_cell_dataset/clips/0916_214835_clip012_s001/audio.wav,"night spring ambient soundscape, Bowra dry woodland, Australia, mild (21C), dry air, light breeze, recorded 2019-11-18, no music, no machinery",21.36,33.56,1.34,ok
0917_214835_clip012_s002,214835_clip012_s002,214835,2019-11-18,night,spring,train,13.491,resources/site_257_bowra-dry-a/mvp2_per_cell_dataset/clips/0917_214835_clip012_s002/audio.wav,"night spring ambient soundscape, Bowra dry woodland, Australia, mild (21C), dry air, light breeze, recorded 2019-11-18, no music, no machinery",21.36,33.56,1.34,ok
0918_214835_clip012_s003,214835_clip012_s003,214835,2019-11-18,night,spring,train,14.884,resources/site_257_bowra-dry-a/mvp2_per_cell_dataset/clips/0918_214835_clip012_s003/audio.wav,"night spring ambient soundscape, Bowra dry woodland, Australia, mild (21C), dry air, light breeze, recorded 2019-11-18, no music, no machinery",21.36,33.56,1.34,ok
0919_214835_clip012_s004,214835_clip012_s004,214835,2019-11-18,night,spring,train,11.122,resources/site_257_bowra-dry-a/mvp2_per_cell_dataset/clips/0919_214835_clip012_s004/audio.wav,"night spring ambient soundscape, Bowra dry woodland, Australia, mild (21C), dry air, light breeze, recorded 2019-11-18, no music, no machinery",21.36,33.56,1.34,ok
0920_214835_clip013_s000,214835_clip013_s000,214835,2019-11-18,night,spring,train,11.099,resources/site_257_bowra-dry-a/mvp2_per_cell_dataset/clips/0920_214835_clip013_s000/audio.wav,"night spring ambient soundscape, Bowra dry woodland, Australia, mild (21C), dry air, light breeze, recorded 2019-11-18, no music, no machinery",21.36,33.56,1.34,ok
0921_214835_clip013_s001,214835_clip013_s001,214835,2019-11-18,night,spring,train,12.817,resources/site_257_bowra-dry-a/mvp2_per_cell_dataset/clips/0921_214835_clip013_s001/audio.wav,"night spring ambient soundscape, Bowra dry woodland, Australia, mild (21C), dry air, light breeze, recorded 2019-11-18, no music, no machinery",21.36,33.56,1.34,ok
0922_214835_clip014_s000,214835_clip014_s000,214835,2019-11-18,night,spring,train,14.071,resources/site_257_bowra-dry-a/mvp2_per_cell_dataset/clips/0922_214835_clip014_s000/audio.wav,"night spring ambient soundscape, Bowra dry woodland, Australia, mild (21C), dry air, light breeze, recorded 2019-11-18, no music, no machinery",21.36,33.56,1.34,ok
0923_214835_clip014_s001,214835_clip014_s001,214835,2019-11-18,night,spring,train,12.794,resources/site_257_bowra-dry-a/mvp2_per_cell_dataset/clips/0923_214835_clip014_s001/audio.wav,"night spring ambient soundscape, Bowra dry woodland, Australia, mild (21C), dry air, light breeze, recorded 2019-11-18, no music, no machinery",21.36,33.56,1.34,ok
0924_214835_clip015_s000,214835_clip015_s000,214835,2019-11-18,night,spring,train,15.697,resources/site_257_bowra-dry-a/mvp2_per_cell_dataset/clips/0924_214835_clip015_s000/audio.wav,"night spring ambient soundscape, Bowra dry woodland, Australia, mild (21C), dry air, light breeze, recorded 2019-11-18, no music, no machinery",21.36,33.56,1.34,ok
0925_214835_clip015_s001,214835_clip015_s001,214835,2019-11-18,night,spring,train,10.565,resources/site_257_bowra-dry-a/mvp2_per_cell_dataset/clips/0925_214835_clip015_s001/audio.wav,"night spring ambient soundscape, Bowra dry woodland, Australia, mild (21C), dry air, light breeze, recorded 2019-11-18, no music, no machinery",21.36,33.56,1.34,ok
0926_214835_clip017_s000,214835_clip017_s000,214835,2019-11-18,night,spring,train,14.93,resources/site_257_bowra-dry-a/mvp2_per_cell_dataset/clips/0926_214835_clip017_s000/audio.wav,"night spring ambient soundscape, Bowra dry woodland, Australia, mild (21C), dry air, light breeze, recorded 2019-11-18, no music, no machinery",21.36,33.56,1.34,ok
0927_214835_clip017_s001,214835_clip017_s001,214835,2019-11-18,night,spring,val,12.655,resources/site_257_bowra-dry-a/mvp2_per_cell_dataset/clips/0927_214835_clip017_s001/audio.wav,"night spring ambient soundscape, Bowra dry woodland, Australia, mild (21C), dry air, light breeze, recorded 2019-11-18, no music, no machinery",21.36,33.56,1.34,ok
0928_1399626_clip001_s000,1399626_clip001_s000,1399626,2023-09-12,night,spring,train,12.144,resources/site_257_bowra-dry-a/mvp2_per_cell_dataset/clips/0928_1399626_clip001_s000/audio.wav,"night spring ambient soundscape, Bowra dry woodland, Australia, mild (16C), dry air, light breeze, recorded 2023-09-12, no music, no machinery",15.82,29.15,1.33,ok
0929_1399626_clip002_s000,1399626_clip002_s000,1399626,2023-09-12,night,spring,train,17.786,resources/site_257_bowra-dry-a/mvp2_per_cell_dataset/clips/0929_1399626_clip002_s000/audio.wav,"night spring ambient soundscape, Bowra dry woodland, Australia, mild (16C), dry air, light breeze, recorded 2023-09-12, no music, no machinery",15.82,29.15,1.33,ok
0930_1399626_clip002_s001,1399626_clip002_s001,1399626,2023-09-12,night,spring,train,12.399,resources/site_257_bowra-dry-a/mvp2_per_cell_dataset/clips/0930_1399626_clip002_s001/audio.wav,"night spring ambient soundscape, Bowra dry woodland, Australia, mild (16C), dry air, light breeze, recorded 2023-09-12, no music, no machinery",15.82,29.15,1.33,ok
0931_1399626_clip002_s002,1399626_clip002_s002,1399626,2023-09-12,night,spring,train,10.797,resources/site_257_bowra-dry-a/mvp2_per_cell_dataset/clips/0931_1399626_clip002_s002/audio.wav,"night spring ambient soundscape, Bowra dry woodland, Australia, mild (16C), dry air, light breeze, recorded 2023-09-12, no music, no machinery",15.82,29.15,1.33,ok
0932_1399626_clip003_s000,1399626_clip003_s000,1399626,2023-09-12,night,spring,train,11.749,resources/site_257_bowra-dry-a/mvp2_per_cell_dataset/clips/0932_1399626_clip003_s000/audio.wav,"night spring ambient soundscape, Bowra dry woodland, Australia, mild (16C), dry air, light breeze, recorded 2023-09-12, no music, no machinery",15.82,29.15,1.33,ok
0933_1399626_clip003_s001,1399626_clip003_s001,1399626,2023-09-12,night,spring,val,14.768,resources/site_257_bowra-dry-a/mvp2_per_cell_dataset/clips/0933_1399626_clip003_s001/audio.wav,"night spring ambient soundscape, Bowra dry woodland, Australia, mild (16C), dry air, light breeze, recorded 2023-09-12, no music, no machinery",15.82,29.15,1.33,ok
0934_1399626_clip003_s002,1399626_clip003_s002,1399626,2023-09-12,night,spring,val,10.588,resources/site_257_bowra-dry-a/mvp2_per_cell_dataset/clips/0934_1399626_clip003_s002/audio.wav,"night spring ambient soundscape, Bowra dry woodland, Australia, mild (16C), dry air, light breeze, recorded 2023-09-12, no music, no machinery",15.82,29.15,1.33,ok
0935_1399626_clip003_s003,1399626_clip003_s003,1399626,2023-09-12,night,spring,train,11.865,resources/site_257_bowra-dry-a/mvp2_per_cell_dataset/clips/0935_1399626_clip003_s003/audio.wav,"night spring ambient soundscape, Bowra dry woodland, Australia, mild (16C), dry air, light breeze, recorded 2023-09-12, no music, no machinery",15.82,29.15,1.33,ok
0936_1399626_clip003_s004,1399626_clip003_s004,1399626,2023-09-12,night,spring,train,16.788,resources/site_257_bowra-dry-a/mvp2_per_cell_dataset/clips/0936_1399626_clip003_s004/audio.wav,"night spring ambient soundscape, Bowra dry woodland, Australia, mild (16C), dry air, light breeze, recorded 2023-09-12, no music, no machinery",15.82,29.15,1.33,ok
0937_1399626_clip004_s000,1399626_clip004_s000,1399626,2023-09-12,night,spring,train,12.423,resources/site_257_bowra-dry-a/mvp2_per_cell_dataset/clips/0937_1399626_clip004_s000/audio.wav,"night spring ambient soundscape, Bowra dry woodland, Australia, mild (16C), dry air, light breeze, recorded 2023-09-12, no music, no machinery",15.82,29.15,1.33,ok
0938_1399626_clip004_s001,1399626_clip004_s001,1399626,2023-09-12,night,spring,train,10.612,resources/site_257_bowra-dry-a/mvp2_per_cell_dataset/clips/0938_1399626_clip004_s001/audio.wav,"night spring ambient soundscape, Bowra dry woodland, Australia, mild (16C), dry air, light breeze, recorded 2023-09-12, no music, no machinery",15.82,29.15,1.33,ok
0939_1399626_clip004_s002,1399626_clip004_s002,1399626,2023-09-12,night,spring,train,11.401,resources/site_257_bowra-dry-a/mvp2_per_cell_dataset/clips/0939_1399626_clip004_s002/audio.wav,"night spring ambient soundscape, Bowra dry woodland, Australia, mild (16C), dry air, light breeze, recorded 2023-09-12, no music, no machinery",15.82,29.15,1.33,ok
0940_1399626_clip005_s000,1399626_clip005_s000,1399626,2023-09-12,night,spring,train,16.951,resources/site_257_bowra-dry-a/mvp2_per_cell_dataset/clips/0940_1399626_clip005_s000/audio.wav,"night spring ambient soundscape, Bowra dry woodland, Australia, mild (16C), dry air, light breeze, recorded 2023-09-12, no music, no machinery",15.82,29.15,1.33,ok
0941_1399626_clip007_s000,1399626_clip007_s000,1399626,2023-09-12,night,spring,train,14.466,resources/site_257_bowra-dry-a/mvp2_per_cell_dataset/clips/0941_1399626_clip007_s000/audio.wav,"night spring ambient soundscape, Bowra dry woodland, Australia, mild (16C), dry air, light breeze, recorded 2023-09-12, no music, no machinery",15.82,29.15,1.33,ok
0942_1399626_clip007_s001,1399626_clip007_s001,1399626,2023-09-12,night,spring,train,12.051,resources/site_257_bowra-dry-a/mvp2_per_cell_dataset/clips/0942_1399626_clip007_s001/audio.wav,"night spring ambient soundscape, Bowra dry woodland, Australia, mild (16C), dry air, light breeze, recorded 2023-09-12, no music, no machinery",15.82,29.15,1.33,ok
0943_1399626_clip008_s000,1399626_clip008_s000,1399626,2023-09-12,night,spring,train,12.539,resources/site_257_bowra-dry-a/mvp2_per_cell_dataset/clips/0943_1399626_clip008_s000/audio.wav,"night spring ambient soundscape, Bowra dry woodland, Australia, mild (16C), dry air, light breeze, recorded 2023-09-12, no music, no machinery",15.82,29.15,1.33,ok
0944_1399626_clip008_s001,1399626_clip008_s001,1399626,2023-09-12,night,spring,train,12.353,resources/site_257_bowra-dry-a/mvp2_per_cell_dataset/clips/0944_1399626_clip008_s001/audio.wav,"night spring ambient soundscape, Bowra dry woodland, Australia, mild (16C), dry air, light breeze, recorded 2023-09-12, no music, no machinery",15.82,29.15,1.33,ok
0945_1399626_clip008_s002,1399626_clip008_s002,1399626,2023-09-12,night,spring,train,22.779,resources/site_257_bowra-dry-a/mvp2_per_cell_dataset/clips/0945_1399626_clip008_s002/audio.wav,"night spring ambient soundscape, Bowra dry woodland, Australia, mild (16C), dry air, light breeze, recorded 2023-09-12, no music, no machinery",15.82,29.15,1.33,ok
0946_1399626_clip008_s003,1399626_clip008_s003,1399626,2023-09-12,night,spring,train,13.723,resources/site_257_bowra-dry-a/mvp2_per_cell_dataset/clips/0946_1399626_clip008_s003/audio.wav,"night spring ambient soundscape, Bowra dry woodland, Australia, mild (16C), dry air, light breeze, recorded 2023-09-12, no music, no machinery",15.82,29.15,1.33,ok
0947_1399626_clip008_s004,1399626_clip008_s004,1399626,2023-09-12,night,spring,train,11.749,resources/site_257_bowra-dry-a/mvp2_per_cell_dataset/clips/0947_1399626_clip008_s004/audio.wav,"night spring ambient soundscape, Bowra dry woodland, Australia, mild (16C), dry air, light breeze, recorded 2023-09-12, no music, no machinery",15.82,29.15,1.33,ok
0948_1399626_clip009_s000,1399626_clip009_s000,1399626,2023-09-12,night,spring,train,10.635,resources/site_257_bowra-dry-a/mvp2_per_cell_dataset/clips/0948_1399626_clip009_s000/audio.wav,"night spring ambient soundscape, Bowra dry woodland, Australia, mild (16C), dry air, light breeze, recorded 2023-09-12, no music, no machinery",15.82,29.15,1.33,ok
0949_1399626_clip009_s001,1399626_clip009_s001,1399626,2023-09-12,night,spring,train,13.584,resources/site_257_bowra-dry-a/mvp2_per_cell_dataset/clips/0949_1399626_clip009_s001/audio.wav,"night spring ambient soundscape, Bowra dry woodland, Australia, mild (16C), dry air, light breeze, recorded 2023-09-12, no music, no machinery",15.82,29.15,1.33,ok
0950_1399626_clip009_s002,1399626_clip009_s002,1399626,2023-09-12,night,spring,train,11.912,resources/site_257_bowra-dry-a/mvp2_per_cell_dataset/clips/0950_1399626_clip009_s002/audio.wav,"night spring ambient soundscape, Bowra dry woodland, Australia, mild (16C), dry air, light breeze, recorded 2023-09-12, no music, no machinery",15.82,29.15,1.33,ok
0951_1399626_clip010_s000,1399626_clip010_s000,1399626,2023-09-12,night,spring,train,13.282,resources/site_257_bowra-dry-a/mvp2_per_cell_dataset/clips/0951_1399626_clip010_s000/audio.wav,"night spring ambient soundscape, Bowra dry woodland, Australia, mild (16C), dry air, light breeze, recorded 2023-09-12, no music, no machinery",15.82,29.15,1.33,ok
0952_1399626_clip010_s001,1399626_clip010_s001,1399626,2023-09-12,night,spring,train,10.147,resources/site_257_bowra-dry-a/mvp2_per_cell_dataset/clips/0952_1399626_clip010_s001/audio.wav,"night spring ambient soundscape, Bowra dry woodland, Australia, mild (16C), dry air, light breeze, recorded 2023-09-12, no music, no machinery",15.82,29.15,1.33,ok
0953_1399626_clip010_s002,1399626_clip010_s002,1399626,2023-09-12,night,spring,val,10.17,resources/site_257_bowra-dry-a/mvp2_per_cell_dataset/clips/0953_1399626_clip010_s002/audio.wav,"night spring ambient soundscape, Bowra dry woodland, Australia, mild (16C), dry air, light breeze, recorded 2023-09-12, no music, no machinery",15.82,29.15,1.33,ok
0954_1399626_clip010_s003,1399626_clip010_s003,1399626,2023-09-12,night,spring,train,13.351,resources/site_257_bowra-dry-a/mvp2_per_cell_dataset/clips/0954_1399626_clip010_s003/audio.wav,"night spring ambient soundscape, Bowra dry woodland, Australia, mild (16C), dry air, light breeze, recorded 2023-09-12, no music, no machinery",15.82,29.15,1.33,ok
0955_1399626_clip012_s000,1399626_clip012_s000,1399626,2023-09-12,night,spring,val,10.681,resources/site_257_bowra-dry-a/mvp2_per_cell_dataset/clips/0955_1399626_clip012_s000/audio.wav,"night spring ambient soundscape, Bowra dry woodland, Australia, mild (16C), dry air, light breeze, recorded 2023-09-12, no music, no machinery",15.82,29.15,1.33,ok
0956_1399626_clip012_s001,1399626_clip012_s001,1399626,2023-09-12,night,spring,train,11.146,resources/site_257_bowra-dry-a/mvp2_per_cell_dataset/clips/0956_1399626_clip012_s001/audio.wav,"night spring ambient soundscape, Bowra dry woodland, Australia, mild (16C), dry air, light breeze, recorded 2023-09-12, no music, no machinery",15.82,29.15,1.33,ok
0957_1399626_clip013_s000,1399626_clip013_s000,1399626,2023-09-12,night,spring,train,11.122,resources/site_257_bowra-dry-a/mvp2_per_cell_dataset/clips/0957_1399626_clip013_s000/audio.wav,"night spring ambient soundscape, Bowra dry woodland, Australia, mild (16C), dry air, light breeze, recorded 2023-09-12, no music, no machinery",15.82,29.15,1.33,ok
0958_1399626_clip013_s001,1399626_clip013_s001,1399626,2023-09-12,night,spring,train,11.238,resources/site_257_bowra-dry-a/mvp2_per_cell_dataset/clips/0958_1399626_clip013_s001/audio.wav,"night spring ambient soundscape, Bowra dry woodland, Australia, mild (16C), dry air, light breeze, recorded 2023-09-12, no music, no machinery",15.82,29.15,1.33,ok
0959_1399626_clip013_s002,1399626_clip013_s002,1399626,2023-09-12,night,spring,train,10.542,resources/site_257_bowra-dry-a/mvp2_per_cell_dataset/clips/0959_1399626_clip013_s002/audio.wav,"night spring ambient soundscape, Bowra dry woodland, Australia, mild (16C), dry air, light breeze, recorded 2023-09-12, no music, no machinery",15.82,29.15,1.33,ok
0960_1399626_clip014_s000,1399626_clip014_s000,1399626,2023-09-12,night,spring,val,11.935,resources/site_257_bowra-dry-a/mvp2_per_cell_dataset/clips/0960_1399626_clip014_s000/audio.wav,"night spring ambient soundscape, Bowra dry woodland, Australia, mild (16C), dry air, light breeze, recorded 2023-09-12, no music, no machinery",15.82,29.15,1.33,ok
0961_1399626_clip015_s000,1399626_clip015_s000,1399626,2023-09-12,night,spring,train,11.053,resources/site_257_bowra-dry-a/mvp2_per_cell_dataset/clips/0961_1399626_clip015_s000/audio.wav,"night spring ambient soundscape, Bowra dry woodland, Australia, mild (16C), dry air, light breeze, recorded 2023-09-12, no music, no machinery",15.82,29.15,1.33,ok
0962_1399626_clip015_s001,1399626_clip015_s001,1399626,2023-09-12,night,spring,train,13.282,resources/site_257_bowra-dry-a/mvp2_per_cell_dataset/clips/0962_1399626_clip015_s001/audio.wav,"night spring ambient soundscape, Bowra dry woodland, Australia, mild (16C), dry air, light breeze, recorded 2023-09-12, no music, no machinery",15.82,29.15,1.33,ok
0963_1399626_clip015_s002,1399626_clip015_s002,1399626,2023-09-12,night,spring,train,14.303,resources/site_257_bowra-dry-a/mvp2_per_cell_dataset/clips/0963_1399626_clip015_s002/audio.wav,"night spring ambient soundscape, Bowra dry woodland, Australia, mild (16C), dry air, light breeze, recorded 2023-09-12, no music, no machinery",15.82,29.15,1.33,ok
0964_1399626_clip016_s000,1399626_clip016_s000,1399626,2023-09-12,night,spring,train,10.913,resources/site_257_bowra-dry-a/mvp2_per_cell_dataset/clips/0964_1399626_clip016_s000/audio.wav,"night spring ambient soundscape, Bowra dry woodland, Australia, mild (16C), dry air, light breeze, recorded 2023-09-12, no music, no machinery",15.82,29.15,1.33,ok
0965_1399626_clip016_s001,1399626_clip016_s001,1399626,2023-09-12,night,spring,val,10.913,resources/site_257_bowra-dry-a/mvp2_per_cell_dataset/clips/0965_1399626_clip016_s001/audio.wav,"night spring ambient soundscape, Bowra dry woodland, Australia, mild (16C), dry air, light breeze, recorded 2023-09-12, no music, no machinery",15.82,29.15,1.33,ok
0966_1399626_clip017_s000,1399626_clip017_s000,1399626,2023-09-12,night,spring,val,19.807,resources/site_257_bowra-dry-a/mvp2_per_cell_dataset/clips/0966_1399626_clip017_s000/audio.wav,"night spring ambient soundscape, Bowra dry woodland, Australia, mild (16C), dry air, light breeze, recorded 2023-09-12, no music, no machinery",15.82,29.15,1.33,ok
0967_1399626_clip017_s001,1399626_clip017_s001,1399626,2023-09-12,night,spring,train,11.726,resources/site_257_bowra-dry-a/mvp2_per_cell_dataset/clips/0967_1399626_clip017_s001/audio.wav,"night spring ambient soundscape, Bowra dry woodland, Australia, mild (16C), dry air, light breeze, recorded 2023-09-12, no music, no machinery",15.82,29.15,1.33,ok
0968_1399626_clip017_s002,1399626_clip017_s002,1399626,2023-09-12,night,spring,train,12.051,resources/site_257_bowra-dry-a/mvp2_per_cell_dataset/clips/0968_1399626_clip017_s002/audio.wav,"night spring ambient soundscape, Bowra dry woodland, Australia, mild (16C), dry air, light breeze, recorded 2023-09-12, no music, no machinery",15.82,29.15,1.33,ok
0969_1399626_clip019_s000,1399626_clip019_s000,1399626,2023-09-12,night,spring,train,15.139,resources/site_257_bowra-dry-a/mvp2_per_cell_dataset/clips/0969_1399626_clip019_s000/audio.wav,"night spring ambient soundscape, Bowra dry woodland, Australia, mild (16C), dry air, light breeze, recorded 2023-09-12, no music, no machinery",15.82,29.15,1.33,ok
0970_1399626_clip019_s001,1399626_clip019_s001,1399626,2023-09-12,night,spring,train,14.721,resources/site_257_bowra-dry-a/mvp2_per_cell_dataset/clips/0970_1399626_clip019_s001/audio.wav,"night spring ambient soundscape, Bowra dry woodland, Australia, mild (16C), dry air, light breeze, recorded 2023-09-12, no music, no machinery",15.82,29.15,1.33,ok
0971_215109_clip017_s000,215109_clip017_s000,215109,2019-12-11,afternoon,summer,train,11.796,resources/site_257_bowra-dry-a/mvp2_per_cell_dataset/clips/0971_215109_clip017_s000/audio.wav,"afternoon summer ambient soundscape, Bowra dry woodland, Australia, very hot (42C), dry air, moderate wind, recorded 2019-12-11, no music, no machinery",42.37,8.19,4.12,ok
0972_215191_clip014_s000,215191_clip014_s000,215191,2019-12-17,afternoon,summer,train,10.588,resources/site_257_bowra-dry-a/mvp2_per_cell_dataset/clips/0972_215191_clip014_s000/audio.wav,"afternoon summer ambient soundscape, Bowra dry woodland, Australia, very hot (41C), dry air, moderate wind, recorded 2019-12-17, no music, no machinery",41.26,11.4,4.61,ok
0973_215191_clip015_s000,215191_clip015_s000,215191,2019-12-17,afternoon,summer,train,13.096,resources/site_257_bowra-dry-a/mvp2_per_cell_dataset/clips/0973_215191_clip015_s000/audio.wav,"afternoon summer ambient soundscape, Bowra dry woodland, Australia, very hot (41C), dry air, moderate wind, recorded 2019-12-17, no music, no machinery",41.26,11.4,4.61,ok
0974_215191_clip018_s000,215191_clip018_s000,215191,2019-12-17,afternoon,summer,train,13.421,resources/site_257_bowra-dry-a/mvp2_per_cell_dataset/clips/0974_215191_clip018_s000/audio.wav,"afternoon summer ambient soundscape, Bowra dry woodland, Australia, very hot (41C), dry air, moderate wind, recorded 2019-12-17, no music, no machinery",41.26,11.4,4.61,ok
0975_215191_clip019_s000,215191_clip019_s000,215191,2019-12-17,afternoon,summer,train,11.54,resources/site_257_bowra-dry-a/mvp2_per_cell_dataset/clips/0975_215191_clip019_s000/audio.wav,"afternoon summer ambient soundscape, Bowra dry woodland, Australia, very hot (41C), dry air, moderate wind, recorded 2019-12-17, no music, no machinery",41.26,11.4,4.61,ok
0976_215191_clip021_s000,215191_clip021_s000,215191,2019-12-17,afternoon,summer,train,11.494,resources/site_257_bowra-dry-a/mvp2_per_cell_dataset/clips/0976_215191_clip021_s000/audio.wav,"afternoon summer ambient soundscape, Bowra dry woodland, Australia, very hot (41C), dry air, moderate wind, recorded 2019-12-17, no music, no machinery",41.26,11.4,4.61,ok
0977_215469_clip003_s000,215469_clip003_s000,215469,2020-01-10,afternoon,summer,val,10.379,resources/site_257_bowra-dry-a/mvp2_per_cell_dataset/clips/0977_215469_clip003_s000/audio.wav,"afternoon summer ambient soundscape, Bowra dry woodland, Australia, very hot (48C), dry air, moderate wind, recorded 2020-01-10, no music, no machinery",47.62,10.41,4.81,ok
0978_215469_clip005_s000,215469_clip005_s000,215469,2020-01-10,afternoon,summer,train,13.305,resources/site_257_bowra-dry-a/mvp2_per_cell_dataset/clips/0978_215469_clip005_s000/audio.wav,"afternoon summer ambient soundscape, Bowra dry woodland, Australia, very hot (48C), dry air, moderate wind, recorded 2020-01-10, no music, no machinery",47.62,10.41,4.81,ok
0979_215469_clip006_s000,215469_clip006_s000,215469,2020-01-10,afternoon,summer,train,10.774,resources/site_257_bowra-dry-a/mvp2_per_cell_dataset/clips/0979_215469_clip006_s000/audio.wav,"afternoon summer ambient soundscape, Bowra dry woodland, Australia, very hot (48C), dry air, moderate wind, recorded 2020-01-10, no music, no machinery",47.62,10.41,4.81,ok
0980_215469_clip008_s000,215469_clip008_s000,215469,2020-01-10,afternoon,summer,train,11.471,resources/site_257_bowra-dry-a/mvp2_per_cell_dataset/clips/0980_215469_clip008_s000/audio.wav,"afternoon summer ambient soundscape, Bowra dry woodland, Australia, very hot (48C), dry air, moderate wind, recorded 2020-01-10, no music, no machinery",47.62,10.41,4.81,ok
0981_215469_clip013_s000,215469_clip013_s000,215469,2020-01-10,afternoon,summer,train,10.913,resources/site_257_bowra-dry-a/mvp2_per_cell_dataset/clips/0981_215469_clip013_s000/audio.wav,"afternoon summer ambient soundscape, Bowra dry woodland, Australia, very hot (48C), dry air, moderate wind, recorded 2020-01-10, no music, no machinery",47.62,10.41,4.81,ok
0982_215469_clip016_s000,215469_clip016_s000,215469,2020-01-10,afternoon,summer,train,11.703,resources/site_257_bowra-dry-a/mvp2_per_cell_dataset/clips/0982_215469_clip016_s000/audio.wav,"afternoon summer ambient soundscape, Bowra dry woodland, Australia, very hot (48C), dry air, moderate wind, recorded 2020-01-10, no music, no machinery",47.62,10.41,4.81,ok
0983_215469_clip018_s000,215469_clip018_s000,215469,2020-01-10,afternoon,summer,train,11.796,resources/site_257_bowra-dry-a/mvp2_per_cell_dataset/clips/0983_215469_clip018_s000/audio.wav,"afternoon summer ambient soundscape, Bowra dry woodland, Australia, very hot (48C), dry air, moderate wind, recorded 2020-01-10, no music, no machinery",47.62,10.41,4.81,ok
0984_215469_clip021_s000,215469_clip021_s000,215469,2020-01-10,afternoon,summer,train,11.076,resources/site_257_bowra-dry-a/mvp2_per_cell_dataset/clips/0984_215469_clip021_s000/audio.wav,"afternoon summer ambient soundscape, Bowra dry woodland, Australia, very hot (48C), dry air, moderate wind, recorded 2020-01-10, no music, no machinery",47.62,10.41,4.81,ok
0985_215729_clip001_s000,215729_clip001_s000,215729,2020-02-01,afternoon,summer,train,12.632,resources/site_257_bowra-dry-a/mvp2_per_cell_dataset/clips/0985_215729_clip001_s000/audio.wav,"afternoon summer ambient soundscape, Bowra dry woodland, Australia, very hot (44C), dry air, moderate wind, recorded 2020-02-01, no music, no machinery",44.34,18.33,2.96,ok
0986_215729_clip001_s001,215729_clip001_s001,215729,2020-02-01,afternoon,summer,train,13.793,resources/site_257_bowra-dry-a/mvp2_per_cell_dataset/clips/0986_215729_clip001_s001/audio.wav,"afternoon summer ambient soundscape, Bowra dry woodland, Australia, very hot (44C), dry air, moderate wind, recorded 2020-02-01, no music, no machinery",44.34,18.33,2.96,ok
0987_215729_clip003_s000,215729_clip003_s000,215729,2020-02-01,afternoon,summer,train,18.622,resources/site_257_bowra-dry-a/mvp2_per_cell_dataset/clips/0987_215729_clip003_s000/audio.wav,"afternoon summer ambient soundscape, Bowra dry woodland, Australia, very hot (44C), dry air, moderate wind, recorded 2020-02-01, no music, no machinery",44.34,18.33,2.96,ok
0988_215729_clip004_s000,215729_clip004_s000,215729,2020-02-01,afternoon,summer,train,10.751,resources/site_257_bowra-dry-a/mvp2_per_cell_dataset/clips/0988_215729_clip004_s000/audio.wav,"afternoon summer ambient soundscape, Bowra dry woodland, Australia, very hot (44C), dry air, moderate wind, recorded 2020-02-01, no music, no machinery",44.34,18.33,2.96,ok
0989_215729_clip012_s000,215729_clip012_s000,215729,2020-02-01,afternoon,summer,train,11.54,resources/site_257_bowra-dry-a/mvp2_per_cell_dataset/clips/0989_215729_clip012_s000/audio.wav,"afternoon summer ambient soundscape, Bowra dry woodland, Australia, very hot (44C), dry air, moderate wind, recorded 2020-02-01, no music, no machinery",44.34,18.33,2.96,ok
0990_215729_clip012_s001,215729_clip012_s001,215729,2020-02-01,afternoon,summer,train,11.447,resources/site_257_bowra-dry-a/mvp2_per_cell_dataset/clips/0990_215729_clip012_s001/audio.wav,"afternoon summer ambient soundscape, Bowra dry woodland, Australia, very hot (44C), dry air, moderate wind, recorded 2020-02-01, no music, no machinery",44.34,18.33,2.96,ok
0991_215729_clip015_s000,215729_clip015_s000,215729,2020-02-01,afternoon,summer,train,10.704,resources/site_257_bowra-dry-a/mvp2_per_cell_dataset/clips/0991_215729_clip015_s000/audio.wav,"afternoon summer ambient soundscape, Bowra dry woodland, Australia, very hot (44C), dry air, moderate wind, recorded 2020-02-01, no music, no machinery",44.34,18.33,2.96,ok
0992_215729_clip017_s000,215729_clip017_s000,215729,2020-02-01,afternoon,summer,train,14.141,resources/site_257_bowra-dry-a/mvp2_per_cell_dataset/clips/0992_215729_clip017_s000/audio.wav,"afternoon summer ambient soundscape, Bowra dry woodland, Australia, very hot (44C), dry air, moderate wind, recorded 2020-02-01, no music, no machinery",44.34,18.33,2.96,ok
0993_215729_clip021_s000,215729_clip021_s000,215729,2020-02-01,afternoon,summer,train,10.054,resources/site_257_bowra-dry-a/mvp2_per_cell_dataset/clips/0993_215729_clip021_s000/audio.wav,"afternoon summer ambient soundscape, Bowra dry woodland, Australia, very hot (44C), dry air, moderate wind, recorded 2020-02-01, no music, no machinery",44.34,18.33,2.96,ok
0994_215905_clip008_s000,215905_clip008_s000,215905,2020-02-15,afternoon,summer,train,12.794,resources/site_257_bowra-dry-a/mvp2_per_cell_dataset/clips/0994_215905_clip008_s000/audio.wav,"afternoon summer ambient soundscape, Bowra dry woodland, Australia, very hot (40C), dry air, moderate wind, recorded 2020-02-15, no music, no machinery",40.14,21.41,4.16,ok
0995_215905_clip015_s000,215905_clip015_s000,215905,2020-02-15,afternoon,summer,train,10.983,resources/site_257_bowra-dry-a/mvp2_per_cell_dataset/clips/0995_215905_clip015_s000/audio.wav,"afternoon summer ambient soundscape, Bowra dry woodland, Australia, very hot (40C), dry air, moderate wind, recorded 2020-02-15, no music, no machinery",40.14,21.41,4.16,ok
0996_215905_clip016_s000,215905_clip016_s000,215905,2020-02-15,afternoon,summer,train,11.633,resources/site_257_bowra-dry-a/mvp2_per_cell_dataset/clips/0996_215905_clip016_s000/audio.wav,"afternoon summer ambient soundscape, Bowra dry woodland, Australia, very hot (40C), dry air, moderate wind, recorded 2020-02-15, no music, no machinery",40.14,21.41,4.16,ok
0997_215905_clip016_s001,215905_clip016_s001,215905,2020-02-15,afternoon,summer,train,11.54,resources/site_257_bowra-dry-a/mvp2_per_cell_dataset/clips/0997_215905_clip016_s001/audio.wav,"afternoon summer ambient soundscape, Bowra dry woodland, Australia, very hot (40C), dry air, moderate wind, recorded 2020-02-15, no music, no machinery",40.14,21.41,4.16,ok
0998_215905_clip016_s002,215905_clip016_s002,215905,2020-02-15,afternoon,summer,train,10.008,resources/site_257_bowra-dry-a/mvp2_per_cell_dataset/clips/0998_215905_clip016_s002/audio.wav,"afternoon summer ambient soundscape, Bowra dry woodland, Australia, very hot (40C), dry air, moderate wind, recorded 2020-02-15, no music, no machinery",40.14,21.41,4.16,ok
0999_215905_clip024_s000,215905_clip024_s000,215905,2020-02-15,afternoon,summer,train,12.539,resources/site_257_bowra-dry-a/mvp2_per_cell_dataset/clips/0999_215905_clip024_s000/audio.wav,"afternoon summer ambient soundscape, Bowra dry woodland, Australia, very hot (40C), dry air, moderate wind, recorded 2020-02-15, no music, no machinery",40.14,21.41,4.16,ok
1000_1402653_clip005_s000,1402653_clip005_s000,1402653,2024-01-02,afternoon,summer,train,11.424,resources/site_257_bowra-dry-a/mvp2_per_cell_dataset/clips/1000_1402653_clip005_s000/audio.wav,"afternoon summer ambient soundscape, Bowra dry woodland, Australia, hot (37C), dry air, moderate wind, recorded 2024-01-02, no music, no machinery",37.39,23.12,5.17,ok
1001_1402653_clip008_s000,1402653_clip008_s000,1402653,2024-01-02,afternoon,summer,train,14.327,resources/site_257_bowra-dry-a/mvp2_per_cell_dataset/clips/1001_1402653_clip008_s000/audio.wav,"afternoon summer ambient soundscape, Bowra dry woodland, Australia, hot (37C), dry air, moderate wind, recorded 2024-01-02, no music, no machinery",37.39,23.12,5.17,ok
1002_1402653_clip011_s000,1402653_clip011_s000,1402653,2024-01-02,afternoon,summer,train,12.655,resources/site_257_bowra-dry-a/mvp2_per_cell_dataset/clips/1002_1402653_clip011_s000/audio.wav,"afternoon summer ambient soundscape, Bowra dry woodland, Australia, hot (37C), dry air, moderate wind, recorded 2024-01-02, no music, no machinery",37.39,23.12,5.17,ok
1003_1402653_clip012_s000,1402653_clip012_s000,1402653,2024-01-02,afternoon,summer,train,14.42,resources/site_257_bowra-dry-a/mvp2_per_cell_dataset/clips/1003_1402653_clip012_s000/audio.wav,"afternoon summer ambient soundscape, Bowra dry woodland, Australia, hot (37C), dry air, moderate wind, recorded 2024-01-02, no music, no machinery",37.39,23.12,5.17,ok
1004_1401228_clip001_s000,1401228_clip001_s000,1401228,2024-02-07,afternoon,summer,train,12.725,resources/site_257_bowra-dry-a/mvp2_per_cell_dataset/clips/1004_1401228_clip001_s000/audio.wav,"afternoon summer ambient soundscape, Bowra dry woodland, Australia, hot (33C), dry air, moderate wind, recorded 2024-02-07, no music, no machinery",33.26,35.29,5.13,ok
1005_1679348_clip024_s000,1679348_clip024_s000,1679348,2024-12-12,afternoon,summer,train,13.769,resources/site_257_bowra-dry-a/mvp2_per_cell_dataset/clips/1005_1679348_clip024_s000/audio.wav,"afternoon summer ambient soundscape, Bowra dry woodland, Australia, hot (37C), dry air, light breeze, recorded 2024-12-12, no music, no machinery",36.56,14.02,1.43,ok
1006_1679219_clip003_s000,1679219_clip003_s000,1679219,2025-01-01,afternoon,summer,train,13.537,resources/site_257_bowra-dry-a/mvp2_per_cell_dataset/clips/1006_1679219_clip003_s000/audio.wav,"afternoon summer ambient soundscape, Bowra dry woodland, Australia, very hot (40C), dry air, moderate wind, recorded 2025-01-01, no music, no machinery",40.08,10.81,4.46,ok
1007_1679219_clip004_s000,1679219_clip004_s000,1679219,2025-01-01,afternoon,summer,train,11.842,resources/site_257_bowra-dry-a/mvp2_per_cell_dataset/clips/1007_1679219_clip004_s000/audio.wav,"afternoon summer ambient soundscape, Bowra dry woodland, Australia, very hot (40C), dry air, moderate wind, recorded 2025-01-01, no music, no machinery",40.08,10.81,4.46,ok
1008_1679219_clip007_s000,1679219_clip007_s000,1679219,2025-01-01,afternoon,summer,train,10.17,resources/site_257_bowra-dry-a/mvp2_per_cell_dataset/clips/1008_1679219_clip007_s000/audio.wav,"afternoon summer ambient soundscape, Bowra dry woodland, Australia, very hot (40C), dry air, moderate wind, recorded 2025-01-01, no music, no machinery",40.08,10.81,4.46,ok
1009_1679219_clip008_s000,1679219_clip008_s000,1679219,2025-01-01,afternoon,summer,train,12.307,resources/site_257_bowra-dry-a/mvp2_per_cell_dataset/clips/1009_1679219_clip008_s000/audio.wav,"afternoon summer ambient soundscape, Bowra dry woodland, Australia, very hot (40C), dry air, moderate wind, recorded 2025-01-01, no music, no machinery",40.08,10.81,4.46,ok
1010_1679219_clip010_s000,1679219_clip010_s000,1679219,2025-01-01,afternoon,summer,val,12.144,resources/site_257_bowra-dry-a/mvp2_per_cell_dataset/clips/1010_1679219_clip010_s000/audio.wav,"afternoon summer ambient soundscape, Bowra dry woodland, Australia, very hot (40C), dry air, moderate wind, recorded 2025-01-01, no music, no machinery",40.08,10.81,4.46,ok
1011_1679219_clip020_s000,1679219_clip020_s000,1679219,2025-01-01,afternoon,summer,train,10.588,resources/site_257_bowra-dry-a/mvp2_per_cell_dataset/clips/1011_1679219_clip020_s000/audio.wav,"afternoon summer ambient soundscape, Bowra dry woodland, Australia, very hot (40C), dry air, moderate wind, recorded 2025-01-01, no music, no machinery",40.08,10.81,4.46,ok
1012_1679219_clip021_s000,1679219_clip021_s000,1679219,2025-01-01,afternoon,summer,val,11.169,resources/site_257_bowra-dry-a/mvp2_per_cell_dataset/clips/1012_1679219_clip021_s000/audio.wav,"afternoon summer ambient soundscape, Bowra dry woodland, Australia, very hot (40C), dry air, moderate wind, recorded 2025-01-01, no music, no machinery",40.08,10.81,4.46,ok
1013_1680197_clip002_s000,1680197_clip002_s000,1680197,2025-01-22,afternoon,summer,val,12.655,resources/site_257_bowra-dry-a/mvp2_per_cell_dataset/clips/1013_1680197_clip002_s000/audio.wav,"afternoon summer ambient soundscape, Bowra dry woodland, Australia, very hot (45C), dry air, moderate wind, recorded 2025-01-22, no music, no machinery",44.99,10.23,5.44,ok
1014_1680197_clip005_s000,1680197_clip005_s000,1680197,2025-01-22,afternoon,summer,train,14.512,resources/site_257_bowra-dry-a/mvp2_per_cell_dataset/clips/1014_1680197_clip005_s000/audio.wav,"afternoon summer ambient soundscape, Bowra dry woodland, Australia, very hot (45C), dry air, moderate wind, recorded 2025-01-22, no music, no machinery",44.99,10.23,5.44,ok
1015_1680197_clip006_s000,1680197_clip006_s000,1680197,2025-01-22,afternoon,summer,train,12.121,resources/site_257_bowra-dry-a/mvp2_per_cell_dataset/clips/1015_1680197_clip006_s000/audio.wav,"afternoon summer ambient soundscape, Bowra dry woodland, Australia, very hot (45C), dry air, moderate wind, recorded 2025-01-22, no music, no machinery",44.99,10.23,5.44,ok
1016_1680197_clip009_s000,1680197_clip009_s000,1680197,2025-01-22,afternoon,summer,train,12.121,resources/site_257_bowra-dry-a/mvp2_per_cell_dataset/clips/1016_1680197_clip009_s000/audio.wav,"afternoon summer ambient soundscape, Bowra dry woodland, Australia, very hot (45C), dry air, moderate wind, recorded 2025-01-22, no music, no machinery",44.99,10.23,5.44,ok
1017_1680197_clip009_s001,1680197_clip009_s001,1680197,2025-01-22,afternoon,summer,train,10.077,resources/site_257_bowra-dry-a/mvp2_per_cell_dataset/clips/1017_1680197_clip009_s001/audio.wav,"afternoon summer ambient soundscape, Bowra dry woodland, Australia, very hot (45C), dry air, moderate wind, recorded 2025-01-22, no music, no machinery",44.99,10.23,5.44,ok
1018_1680197_clip010_s000,1680197_clip010_s000,1680197,2025-01-22,afternoon,summer,train,10.333,resources/site_257_bowra-dry-a/mvp2_per_cell_dataset/clips/1018_1680197_clip010_s000/audio.wav,"afternoon summer ambient soundscape, Bowra dry woodland, Australia, very hot (45C), dry air, moderate wind, recorded 2025-01-22, no music, no machinery",44.99,10.23,5.44,ok
1019_1680197_clip014_s000,1680197_clip014_s000,1680197,2025-01-22,afternoon,summer,train,11.029,resources/site_257_bowra-dry-a/mvp2_per_cell_dataset/clips/1019_1680197_clip014_s000/audio.wav,"afternoon summer ambient soundscape, Bowra dry woodland, Australia, very hot (45C), dry air, moderate wind, recorded 2025-01-22, no music, no machinery",44.99,10.23,5.44,ok
1020_1680197_clip018_s000,1680197_clip018_s000,1680197,2025-01-22,afternoon,summer,train,10.565,resources/site_257_bowra-dry-a/mvp2_per_cell_dataset/clips/1020_1680197_clip018_s000/audio.wav,"afternoon summer ambient soundscape, Bowra dry woodland, Australia, very hot (45C), dry air, moderate wind, recorded 2025-01-22, no music, no machinery",44.99,10.23,5.44,ok
1021_1680197_clip018_s001,1680197_clip018_s001,1680197,2025-01-22,afternoon,summer,train,11.494,resources/site_257_bowra-dry-a/mvp2_per_cell_dataset/clips/1021_1680197_clip018_s001/audio.wav,"afternoon summer ambient soundscape, Bowra dry woodland, Australia, very hot (45C), dry air, moderate wind, recorded 2025-01-22, no music, no machinery",44.99,10.23,5.44,ok
1022_1680197_clip021_s000,1680197_clip021_s000,1680197,2025-01-22,afternoon,summer,train,11.68,resources/site_257_bowra-dry-a/mvp2_per_cell_dataset/clips/1022_1680197_clip021_s000/audio.wav,"afternoon summer ambient soundscape, Bowra dry woodland, Australia, very hot (45C), dry air, moderate wind, recorded 2025-01-22, no music, no machinery",44.99,10.23,5.44,ok
1023_1680197_clip021_s001,1680197_clip021_s001,1680197,2025-01-22,afternoon,summer,train,13.63,resources/site_257_bowra-dry-a/mvp2_per_cell_dataset/clips/1023_1680197_clip021_s001/audio.wav,"afternoon summer ambient soundscape, Bowra dry woodland, Australia, very hot (45C), dry air, moderate wind, recorded 2025-01-22, no music, no machinery",44.99,10.23,5.44,ok
1024_1680197_clip022_s000,1680197_clip022_s000,1680197,2025-01-22,afternoon,summer,train,11.006,resources/site_257_bowra-dry-a/mvp2_per_cell_dataset/clips/1024_1680197_clip022_s000/audio.wav,"afternoon summer ambient soundscape, Bowra dry woodland, Australia, very hot (45C), dry air, moderate wind, recorded 2025-01-22, no music, no machinery",44.99,10.23,5.44,ok
1025_1670984_clip004_s000,1670984_clip004_s000,1670984,2025-02-13,afternoon,summer,val,10.983,resources/site_257_bowra-dry-a/mvp2_per_cell_dataset/clips/1025_1670984_clip004_s000/audio.wav,"afternoon summer ambient soundscape, Bowra dry woodland, Australia, very hot (42C), dry air, moderate wind, recorded 2025-02-13, no music, no machinery",42.43,19.88,2.26,ok
1026_1670984_clip004_s001,1670984_clip004_s001,1670984,2025-02-13,afternoon,summer,train,12.005,resources/site_257_bowra-dry-a/mvp2_per_cell_dataset/clips/1026_1670984_clip004_s001/audio.wav,"afternoon summer ambient soundscape, Bowra dry woodland, Australia, very hot (42C), dry air, moderate wind, recorded 2025-02-13, no music, no machinery",42.43,19.88,2.26,ok
1027_1670984_clip005_s000,1670984_clip005_s000,1670984,2025-02-13,afternoon,summer,val,10.077,resources/site_257_bowra-dry-a/mvp2_per_cell_dataset/clips/1027_1670984_clip005_s000/audio.wav,"afternoon summer ambient soundscape, Bowra dry woodland, Australia, very hot (42C), dry air, moderate wind, recorded 2025-02-13, no music, no machinery",42.43,19.88,2.26,ok
1028_1676444_clip004_s000,1676444_clip004_s000,1676444,2025-02-19,afternoon,summer,train,10.356,resources/site_257_bowra-dry-a/mvp2_per_cell_dataset/clips/1028_1676444_clip004_s000/audio.wav,"afternoon summer ambient soundscape, Bowra dry woodland, Australia, hot (36C), dry air, moderate wind, recorded 2025-02-19, no music, no machinery",36.19,8.14,3.3,ok
1029_1676444_clip013_s000,1676444_clip013_s000,1676444,2025-02-19,afternoon,summer,train,10.913,resources/site_257_bowra-dry-a/mvp2_per_cell_dataset/clips/1029_1676444_clip013_s000/audio.wav,"afternoon summer ambient soundscape, Bowra dry woodland, Australia, hot (36C), dry air, moderate wind, recorded 2025-02-19, no music, no machinery",36.19,8.14,3.3,ok
1030_215111_clip003_s000,215111_clip003_s000,215111,2019-12-11,dawn,summer,train,12.121,resources/site_257_bowra-dry-a/mvp2_per_cell_dataset/clips/1030_215111_clip003_s000/audio.wav,"dawn summer ambient soundscape, Bowra dry woodland, Australia, warm (27C), dry air, moderate wind, recorded 2019-12-11, no music, no machinery",26.93,24.45,4.48,ok
1031_215192_clip002_s000,215192_clip002_s000,215192,2019-12-17,dawn,summer,train,11.215,resources/site_257_bowra-dry-a/mvp2_per_cell_dataset/clips/1031_215192_clip002_s000/audio.wav,"dawn summer ambient soundscape, Bowra dry woodland, Australia, mild (25C), dry air, moderate wind, recorded 2019-12-17, no music, no machinery",24.57,29.41,4.28,ok
1032_215467_clip001_s000,215467_clip001_s000,215467,2020-01-10,dawn,summer,train,12.283,resources/site_257_bowra-dry-a/mvp2_per_cell_dataset/clips/1032_215467_clip001_s000/audio.wav,"dawn summer ambient soundscape, Bowra dry woodland, Australia, hot (33C), dry air, moderate wind, recorded 2020-01-10, no music, no machinery",33.36,21.87,4.05,ok
1033_215467_clip001_s001,215467_clip001_s001,215467,2020-01-10,dawn,summer,train,12.794,resources/site_257_bowra-dry-a/mvp2_per_cell_dataset/clips/1033_215467_clip001_s001/audio.wav,"dawn summer ambient soundscape, Bowra dry woodland, Australia, hot (33C), dry air, moderate wind, recorded 2020-01-10, no music, no machinery",33.36,21.87,4.05,ok
1034_215467_clip002_s000,215467_clip002_s000,215467,2020-01-10,dawn,summer,train,10.913,resources/site_257_bowra-dry-a/mvp2_per_cell_dataset/clips/1034_215467_clip002_s000/audio.wav,"dawn summer ambient soundscape, Bowra dry woodland, Australia, hot (33C), dry air, moderate wind, recorded 2020-01-10, no music, no machinery",33.36,21.87,4.05,ok
1035_215467_clip007_s000,215467_clip007_s000,215467,2020-01-10,dawn,summer,train,11.169,resources/site_257_bowra-dry-a/mvp2_per_cell_dataset/clips/1035_215467_clip007_s000/audio.wav,"dawn summer ambient soundscape, Bowra dry woodland, Australia, hot (33C), dry air, moderate wind, recorded 2020-01-10, no music, no machinery",33.36,21.87,4.05,ok
1036_215467_clip008_s000,215467_clip008_s000,215467,2020-01-10,dawn,summer,train,11.703,resources/site_257_bowra-dry-a/mvp2_per_cell_dataset/clips/1036_215467_clip008_s000/audio.wav,"dawn summer ambient soundscape, Bowra dry woodland, Australia, hot (33C), dry air, moderate wind, recorded 2020-01-10, no music, no machinery",33.36,21.87,4.05,ok
1037_215467_clip010_s000,215467_clip010_s000,215467,2020-01-10,dawn,summer,train,12.19,resources/site_257_bowra-dry-a/mvp2_per_cell_dataset/clips/1037_215467_clip010_s000/audio.wav,"dawn summer ambient soundscape, Bowra dry woodland, Australia, hot (33C), dry air, moderate wind, recorded 2020-01-10, no music, no machinery",33.36,21.87,4.05,ok
1038_215467_clip011_s000,215467_clip011_s000,215467,2020-01-10,dawn,summer,train,13.491,resources/site_257_bowra-dry-a/mvp2_per_cell_dataset/clips/1038_215467_clip011_s000/audio.wav,"dawn summer ambient soundscape, Bowra dry woodland, Australia, hot (33C), dry air, moderate wind, recorded 2020-01-10, no music, no machinery",33.36,21.87,4.05,ok
1039_215467_clip011_s001,215467_clip011_s001,215467,2020-01-10,dawn,summer,val,10.612,resources/site_257_bowra-dry-a/mvp2_per_cell_dataset/clips/1039_215467_clip011_s001/audio.wav,"dawn summer ambient soundscape, Bowra dry woodland, Australia, hot (33C), dry air, moderate wind, recorded 2020-01-10, no music, no machinery",33.36,21.87,4.05,ok
1040_215467_clip012_s000,215467_clip012_s000,215467,2020-01-10,dawn,summer,train,11.958,resources/site_257_bowra-dry-a/mvp2_per_cell_dataset/clips/1040_215467_clip012_s000/audio.wav,"dawn summer ambient soundscape, Bowra dry woodland, Australia, hot (33C), dry air, moderate wind, recorded 2020-01-10, no music, no machinery",33.36,21.87,4.05,ok
1041_215467_clip012_s001,215467_clip012_s001,215467,2020-01-10,dawn,summer,train,10.263,resources/site_257_bowra-dry-a/mvp2_per_cell_dataset/clips/1041_215467_clip012_s001/audio.wav,"dawn summer ambient soundscape, Bowra dry woodland, Australia, hot (33C), dry air, moderate wind, recorded 2020-01-10, no music, no machinery",33.36,21.87,4.05,ok
1042_215467_clip013_s000,215467_clip013_s000,215467,2020-01-10,dawn,summer,train,10.913,resources/site_257_bowra-dry-a/mvp2_per_cell_dataset/clips/1042_215467_clip013_s000/audio.wav,"dawn summer ambient soundscape, Bowra dry woodland, Australia, hot (33C), dry air, moderate wind, recorded 2020-01-10, no music, no machinery",33.36,21.87,4.05,ok
1043_215467_clip014_s000,215467_clip014_s000,215467,2020-01-10,dawn,summer,train,11.68,resources/site_257_bowra-dry-a/mvp2_per_cell_dataset/clips/1043_215467_clip014_s000/audio.wav,"dawn summer ambient soundscape, Bowra dry woodland, Australia, hot (33C), dry air, moderate wind, recorded 2020-01-10, no music, no machinery",33.36,21.87,4.05,ok
1044_215467_clip015_s000,215467_clip015_s000,215467,2020-01-10,dawn,summer,train,10.31,resources/site_257_bowra-dry-a/mvp2_per_cell_dataset/clips/1044_215467_clip015_s000/audio.wav,"dawn summer ambient soundscape, Bowra dry woodland, Australia, hot (33C), dry air, moderate wind, recorded 2020-01-10, no music, no machinery",33.36,21.87,4.05,ok
1045_215467_clip016_s000,215467_clip016_s000,215467,2020-01-10,dawn,summer,train,12.794,resources/site_257_bowra-dry-a/mvp2_per_cell_dataset/clips/1045_215467_clip016_s000/audio.wav,"dawn summer ambient soundscape, Bowra dry woodland, Australia, hot (33C), dry air, moderate wind, recorded 2020-01-10, no music, no machinery",33.36,21.87,4.05,ok
1046_215467_clip017_s000,215467_clip017_s000,215467,2020-01-10,dawn,summer,train,11.61,resources/site_257_bowra-dry-a/mvp2_per_cell_dataset/clips/1046_215467_clip017_s000/audio.wav,"dawn summer ambient soundscape, Bowra dry woodland, Australia, hot (33C), dry air, moderate wind, recorded 2020-01-10, no music, no machinery",33.36,21.87,4.05,ok
1047_215467_clip018_s000,215467_clip018_s000,215467,2020-01-10,dawn,summer,train,15.627,resources/site_257_bowra-dry-a/mvp2_per_cell_dataset/clips/1047_215467_clip018_s000/audio.wav,"dawn summer ambient soundscape, Bowra dry woodland, Australia, hot (33C), dry air, moderate wind, recorded 2020-01-10, no music, no machinery",33.36,21.87,4.05,ok
1048_215467_clip020_s000,215467_clip020_s000,215467,2020-01-10,dawn,summer,train,11.935,resources/site_257_bowra-dry-a/mvp2_per_cell_dataset/clips/1048_215467_clip020_s000/audio.wav,"dawn summer ambient soundscape, Bowra dry woodland, Australia, hot (33C), dry air, moderate wind, recorded 2020-01-10, no music, no machinery",33.36,21.87,4.05,ok
1049_215467_clip020_s001,215467_clip020_s001,215467,2020-01-10,dawn,summer,val,11.656,resources/site_257_bowra-dry-a/mvp2_per_cell_dataset/clips/1049_215467_clip020_s001/audio.wav,"dawn summer ambient soundscape, Bowra dry woodland, Australia, hot (33C), dry air, moderate wind, recorded 2020-01-10, no music, no machinery",33.36,21.87,4.05,ok
1050_215467_clip021_s000,215467_clip021_s000,215467,2020-01-10,dawn,summer,train,11.935,resources/site_257_bowra-dry-a/mvp2_per_cell_dataset/clips/1050_215467_clip021_s000/audio.wav,"dawn summer ambient soundscape, Bowra dry woodland, Australia, hot (33C), dry air, moderate wind, recorded 2020-01-10, no music, no machinery",33.36,21.87,4.05,ok
1051_215467_clip021_s001,215467_clip021_s001,215467,2020-01-10,dawn,summer,train,12.237,resources/site_257_bowra-dry-a/mvp2_per_cell_dataset/clips/1051_215467_clip021_s001/audio.wav,"dawn summer ambient soundscape, Bowra dry woodland, Australia, hot (33C), dry air, moderate wind, recorded 2020-01-10, no music, no machinery",33.36,21.87,4.05,ok
1052_215467_clip021_s002,215467_clip021_s002,215467,2020-01-10,dawn,summer,train,10.286,resources/site_257_bowra-dry-a/mvp2_per_cell_dataset/clips/1052_215467_clip021_s002/audio.wav,"dawn summer ambient soundscape, Bowra dry woodland, Australia, hot (33C), dry air, moderate wind, recorded 2020-01-10, no music, no machinery",33.36,21.87,4.05,ok
1053_215467_clip021_s003,215467_clip021_s003,215467,2020-01-10,dawn,summer,train,15.418,resources/site_257_bowra-dry-a/mvp2_per_cell_dataset/clips/1053_215467_clip021_s003/audio.wav,"dawn summer ambient soundscape, Bowra dry woodland, Australia, hot (33C), dry air, moderate wind, recorded 2020-01-10, no music, no machinery",33.36,21.87,4.05,ok
1054_215467_clip021_s004,215467_clip021_s004,215467,2020-01-10,dawn,summer,train,11.146,resources/site_257_bowra-dry-a/mvp2_per_cell_dataset/clips/1054_215467_clip021_s004/audio.wav,"dawn summer ambient soundscape, Bowra dry woodland, Australia, hot (33C), dry air, moderate wind, recorded 2020-01-10, no music, no machinery",33.36,21.87,4.05,ok
1055_215467_clip022_s000,215467_clip022_s000,215467,2020-01-10,dawn,summer,train,18.762,resources/site_257_bowra-dry-a/mvp2_per_cell_dataset/clips/1055_215467_clip022_s000/audio.wav,"dawn summer ambient soundscape, Bowra dry woodland, Australia, hot (33C), dry air, moderate wind, recorded 2020-01-10, no music, no machinery",33.36,21.87,4.05,ok
1056_215467_clip024_s000,215467_clip024_s000,215467,2020-01-10,dawn,summer,train,10.751,resources/site_257_bowra-dry-a/mvp2_per_cell_dataset/clips/1056_215467_clip024_s000/audio.wav,"dawn summer ambient soundscape, Bowra dry woodland, Australia, hot (33C), dry air, moderate wind, recorded 2020-01-10, no music, no machinery",33.36,21.87,4.05,ok
1057_215467_clip024_s001,215467_clip024_s001,215467,2020-01-10,dawn,summer,train,11.424,resources/site_257_bowra-dry-a/mvp2_per_cell_dataset/clips/1057_215467_clip024_s001/audio.wav,"dawn summer ambient soundscape, Bowra dry woodland, Australia, hot (33C), dry air, moderate wind, recorded 2020-01-10, no music, no machinery",33.36,21.87,4.05,ok
1058_215730_clip003_s000,215730_clip003_s000,215730,2020-02-01,dawn,summer,train,11.796,resources/site_257_bowra-dry-a/mvp2_per_cell_dataset/clips/1058_215730_clip003_s000/audio.wav,"dawn summer ambient soundscape, Bowra dry woodland, Australia, hot (33C), dry air, moderate wind, recorded 2020-02-01, no music, no machinery",32.69,33.23,4.09,ok
1059_215730_clip011_s000,215730_clip011_s000,215730,2020-02-01,dawn,summer,train,10.286,resources/site_257_bowra-dry-a/mvp2_per_cell_dataset/clips/1059_215730_clip011_s000/audio.wav,"dawn summer ambient soundscape, Bowra dry woodland, Australia, hot (33C), dry air, moderate wind, recorded 2020-02-01, no music, no machinery",32.69,33.23,4.09,ok
1060_215730_clip020_s000,215730_clip020_s000,215730,2020-02-01,dawn,summer,train,12.585,resources/site_257_bowra-dry-a/mvp2_per_cell_dataset/clips/1060_215730_clip020_s000/audio.wav,"dawn summer ambient soundscape, Bowra dry woodland, Australia, hot (33C), dry air, moderate wind, recorded 2020-02-01, no music, no machinery",32.69,33.23,4.09,ok
1061_215730_clip021_s000,215730_clip021_s000,215730,2020-02-01,dawn,summer,train,11.099,resources/site_257_bowra-dry-a/mvp2_per_cell_dataset/clips/1061_215730_clip021_s000/audio.wav,"dawn summer ambient soundscape, Bowra dry woodland, Australia, hot (33C), dry air, moderate wind, recorded 2020-02-01, no music, no machinery",32.69,33.23,4.09,ok
1062_215903_clip005_s000,215903_clip005_s000,215903,2020-02-15,dawn,summer,train,12.539,resources/site_257_bowra-dry-a/mvp2_per_cell_dataset/clips/1062_215903_clip005_s000/audio.wav,"dawn summer ambient soundscape, Bowra dry woodland, Australia, warm (25C), moderate humidity, light breeze, recorded 2020-02-15, no music, no machinery",25.19,64.28,1.85,ok
1063_1400482_clip001_s000,1400482_clip001_s000,1400482,2023-12-13,dawn,summer,train,13.468,resources/site_257_bowra-dry-a/mvp2_per_cell_dataset/clips/1063_1400482_clip001_s000/audio.wav,"dawn summer ambient soundscape, Bowra dry woodland, Australia, warm (25C), moderate humidity, moderate wind, recorded 2023-12-13, no music, no machinery",25.4,54.05,3.21,ok
1064_1400482_clip001_s001,1400482_clip001_s001,1400482,2023-12-13,dawn,summer,train,12.098,resources/site_257_bowra-dry-a/mvp2_per_cell_dataset/clips/1064_1400482_clip001_s001/audio.wav,"dawn summer ambient soundscape, Bowra dry woodland, Australia, warm (25C), moderate humidity, moderate wind, recorded 2023-12-13, no music, no machinery",25.4,54.05,3.21,ok
1065_1400482_clip001_s002,1400482_clip001_s002,1400482,2023-12-13,dawn,summer,val,17.09,resources/site_257_bowra-dry-a/mvp2_per_cell_dataset/clips/1065_1400482_clip001_s002/audio.wav,"dawn summer ambient soundscape, Bowra dry woodland, Australia, warm (25C), moderate humidity, moderate wind, recorded 2023-12-13, no music, no machinery",25.4,54.05,3.21,ok
1066_1400482_clip002_s000,1400482_clip002_s000,1400482,2023-12-13,dawn,summer,train,13.398,resources/site_257_bowra-dry-a/mvp2_per_cell_dataset/clips/1066_1400482_clip002_s000/audio.wav,"dawn summer ambient soundscape, Bowra dry woodland, Australia, warm (25C), moderate humidity, moderate wind, recorded 2023-12-13, no music, no machinery",25.4,54.05,3.21,ok
1067_1400482_clip002_s001,1400482_clip002_s001,1400482,2023-12-13,dawn,summer,val,13.073,resources/site_257_bowra-dry-a/mvp2_per_cell_dataset/clips/1067_1400482_clip002_s001/audio.wav,"dawn summer ambient soundscape, Bowra dry woodland, Australia, warm (25C), moderate humidity, moderate wind, recorded 2023-12-13, no music, no machinery",25.4,54.05,3.21,ok
1068_1402284_clip019_s000,1402284_clip019_s000,1402284,2023-12-25,dawn,summer,train,11.029,resources/site_257_bowra-dry-a/mvp2_per_cell_dataset/clips/1068_1402284_clip019_s000/audio.wav,"dawn summer ambient soundscape, Bowra dry woodland, Australia, mild (21C), dry air, moderate wind, recorded 2023-12-25, no music, no machinery",21.01,39.89,5.34,ok
1069_1402116_clip001_s000,1402116_clip001_s000,1402116,2024-02-07,dawn,summer,train,12.98,resources/site_257_bowra-dry-a/mvp2_per_cell_dataset/clips/1069_1402116_clip001_s000/audio.wav,"dawn summer ambient soundscape, Bowra dry woodland, Australia, mild (19C), moderate humidity, moderate wind, recorded 2024-02-07, no music, no machinery",18.79,46.69,4.28,ok
1070_1402116_clip002_s000,1402116_clip002_s000,1402116,2024-02-07,dawn,summer,train,12.26,resources/site_257_bowra-dry-a/mvp2_per_cell_dataset/clips/1070_1402116_clip002_s000/audio.wav,"dawn summer ambient soundscape, Bowra dry woodland, Australia, mild (19C), moderate humidity, moderate wind, recorded 2024-02-07, no music, no machinery",18.79,46.69,4.28,ok
1071_1402116_clip015_s000,1402116_clip015_s000,1402116,2024-02-07,dawn,summer,val,11.564,resources/site_257_bowra-dry-a/mvp2_per_cell_dataset/clips/1071_1402116_clip015_s000/audio.wav,"dawn summer ambient soundscape, Bowra dry woodland, Australia, mild (19C), moderate humidity, moderate wind, recorded 2024-02-07, no music, no machinery",18.79,46.69,4.28,ok
1072_1402116_clip016_s000,1402116_clip016_s000,1402116,2024-02-07,dawn,summer,train,10.426,resources/site_257_bowra-dry-a/mvp2_per_cell_dataset/clips/1072_1402116_clip016_s000/audio.wav,"dawn summer ambient soundscape, Bowra dry woodland, Australia, mild (19C), moderate humidity, moderate wind, recorded 2024-02-07, no music, no machinery",18.79,46.69,4.28,ok
1073_1402116_clip016_s001,1402116_clip016_s001,1402116,2024-02-07,dawn,summer,train,14.768,resources/site_257_bowra-dry-a/mvp2_per_cell_dataset/clips/1073_1402116_clip016_s001/audio.wav,"dawn summer ambient soundscape, Bowra dry woodland, Australia, mild (19C), moderate humidity, moderate wind, recorded 2024-02-07, no music, no machinery",18.79,46.69,4.28,ok
1074_1677668_clip002_s000,1677668_clip002_s000,1677668,2025-01-01,dawn,summer,train,12.934,resources/site_257_bowra-dry-a/mvp2_per_cell_dataset/clips/1074_1677668_clip002_s000/audio.wav,"dawn summer ambient soundscape, Bowra dry woodland, Australia, warm (27C), dry air, moderate wind, recorded 2025-01-01, no music, no machinery",27.08,27.41,4.4,ok
1075_1677668_clip003_s000,1677668_clip003_s000,1677668,2025-01-01,dawn,summer,train,12.655,resources/site_257_bowra-dry-a/mvp2_per_cell_dataset/clips/1075_1677668_clip003_s000/audio.wav,"dawn summer ambient soundscape, Bowra dry woodland, Australia, warm (27C), dry air, moderate wind, recorded 2025-01-01, no music, no machinery",27.08,27.41,4.4,ok
1076_1677668_clip003_s001,1677668_clip003_s001,1677668,2025-01-01,dawn,summer,train,12.817,resources/site_257_bowra-dry-a/mvp2_per_cell_dataset/clips/1076_1677668_clip003_s001/audio.wav,"dawn summer ambient soundscape, Bowra dry woodland, Australia, warm (27C), dry air, moderate wind, recorded 2025-01-01, no music, no machinery",27.08,27.41,4.4,ok
1077_1677668_clip004_s000,1677668_clip004_s000,1677668,2025-01-01,dawn,summer,train,10.031,resources/site_257_bowra-dry-a/mvp2_per_cell_dataset/clips/1077_1677668_clip004_s000/audio.wav,"dawn summer ambient soundscape, Bowra dry woodland, Australia, warm (27C), dry air, moderate wind, recorded 2025-01-01, no music, no machinery",27.08,27.41,4.4,ok
1078_1677668_clip004_s001,1677668_clip004_s001,1677668,2025-01-01,dawn,summer,train,12.887,resources/site_257_bowra-dry-a/mvp2_per_cell_dataset/clips/1078_1677668_clip004_s001/audio.wav,"dawn summer ambient soundscape, Bowra dry woodland, Australia, warm (27C), dry air, moderate wind, recorded 2025-01-01, no music, no machinery",27.08,27.41,4.4,ok
1079_1677668_clip004_s002,1677668_clip004_s002,1677668,2025-01-01,dawn,summer,train,12.005,resources/site_257_bowra-dry-a/mvp2_per_cell_dataset/clips/1079_1677668_clip004_s002/audio.wav,"dawn summer ambient soundscape, Bowra dry woodland, Australia, warm (27C), dry air, moderate wind, recorded 2025-01-01, no music, no machinery",27.08,27.41,4.4,ok
1080_1677668_clip006_s000,1677668_clip006_s000,1677668,2025-01-01,dawn,summer,train,11.401,resources/site_257_bowra-dry-a/mvp2_per_cell_dataset/clips/1080_1677668_clip006_s000/audio.wav,"dawn summer ambient soundscape, Bowra dry woodland, Australia, warm (27C), dry air, moderate wind, recorded 2025-01-01, no music, no machinery",27.08,27.41,4.4,ok
1081_1677668_clip007_s000,1677668_clip007_s000,1677668,2025-01-01,dawn,summer,train,12.028,resources/site_257_bowra-dry-a/mvp2_per_cell_dataset/clips/1081_1677668_clip007_s000/audio.wav,"dawn summer ambient soundscape, Bowra dry woodland, Australia, warm (27C), dry air, moderate wind, recorded 2025-01-01, no music, no machinery",27.08,27.41,4.4,ok
1082_1677668_clip009_s000,1677668_clip009_s000,1677668,2025-01-01,dawn,summer,train,15.697,resources/site_257_bowra-dry-a/mvp2_per_cell_dataset/clips/1082_1677668_clip009_s000/audio.wav,"dawn summer ambient soundscape, Bowra dry woodland, Australia, warm (27C), dry air, moderate wind, recorded 2025-01-01, no music, no machinery",27.08,27.41,4.4,ok
1083_1677668_clip012_s000,1677668_clip012_s000,1677668,2025-01-01,dawn,summer,train,13.978,resources/site_257_bowra-dry-a/mvp2_per_cell_dataset/clips/1083_1677668_clip012_s000/audio.wav,"dawn summer ambient soundscape, Bowra dry woodland, Australia, warm (27C), dry air, moderate wind, recorded 2025-01-01, no music, no machinery",27.08,27.41,4.4,ok
1084_1677668_clip013_s000,1677668_clip013_s000,1677668,2025-01-01,dawn,summer,val,10.983,resources/site_257_bowra-dry-a/mvp2_per_cell_dataset/clips/1084_1677668_clip013_s000/audio.wav,"dawn summer ambient soundscape, Bowra dry woodland, Australia, warm (27C), dry air, moderate wind, recorded 2025-01-01, no music, no machinery",27.08,27.41,4.4,ok
1085_1677668_clip017_s000,1677668_clip017_s000,1677668,2025-01-01,dawn,summer,train,13.816,resources/site_257_bowra-dry-a/mvp2_per_cell_dataset/clips/1085_1677668_clip017_s000/audio.wav,"dawn summer ambient soundscape, Bowra dry woodland, Australia, warm (27C), dry air, moderate wind, recorded 2025-01-01, no music, no machinery",27.08,27.41,4.4,ok
1086_1677668_clip017_s001,1677668_clip017_s001,1677668,2025-01-01,dawn,summer,val,12.074,resources/site_257_bowra-dry-a/mvp2_per_cell_dataset/clips/1086_1677668_clip017_s001/audio.wav,"dawn summer ambient soundscape, Bowra dry woodland, Australia, warm (27C), dry air, moderate wind, recorded 2025-01-01, no music, no machinery",27.08,27.41,4.4,ok
1087_1677668_clip019_s000,1677668_clip019_s000,1677668,2025-01-01,dawn,summer,train,12.399,resources/site_257_bowra-dry-a/mvp2_per_cell_dataset/clips/1087_1677668_clip019_s000/audio.wav,"dawn summer ambient soundscape, Bowra dry woodland, Australia, warm (27C), dry air, moderate wind, recorded 2025-01-01, no music, no machinery",27.08,27.41,4.4,ok
1088_1680188_clip001_s000,1680188_clip001_s000,1680188,2025-01-22,dawn,summer,train,11.564,resources/site_257_bowra-dry-a/mvp2_per_cell_dataset/clips/1088_1680188_clip001_s000/audio.wav,"dawn summer ambient soundscape, Bowra dry woodland, Australia, warm (28C), dry air, moderate wind, recorded 2025-01-22, no music, no machinery",28.23,30.87,4.84,ok
1089_1680188_clip001_s001,1680188_clip001_s001,1680188,2025-01-22,dawn,summer,train,14.721,resources/site_257_bowra-dry-a/mvp2_per_cell_dataset/clips/1089_1680188_clip001_s001/audio.wav,"dawn summer ambient soundscape, Bowra dry woodland, Australia, warm (28C), dry air, moderate wind, recorded 2025-01-22, no music, no machinery",28.23,30.87,4.84,ok
1090_1680188_clip001_s002,1680188_clip001_s002,1680188,2025-01-22,dawn,summer,train,10.124,resources/site_257_bowra-dry-a/mvp2_per_cell_dataset/clips/1090_1680188_clip001_s002/audio.wav,"dawn summer ambient soundscape, Bowra dry woodland, Australia, warm (28C), dry air, moderate wind, recorded 2025-01-22, no music, no machinery",28.23,30.87,4.84,ok
1091_1680188_clip002_s000,1680188_clip002_s000,1680188,2025-01-22,dawn,summer,train,10.635,resources/site_257_bowra-dry-a/mvp2_per_cell_dataset/clips/1091_1680188_clip002_s000/audio.wav,"dawn summer ambient soundscape, Bowra dry woodland, Australia, warm (28C), dry air, moderate wind, recorded 2025-01-22, no music, no machinery",28.23,30.87,4.84,ok
1092_1680188_clip002_s001,1680188_clip002_s001,1680188,2025-01-22,dawn,summer,train,12.121,resources/site_257_bowra-dry-a/mvp2_per_cell_dataset/clips/1092_1680188_clip002_s001/audio.wav,"dawn summer ambient soundscape, Bowra dry woodland, Australia, warm (28C), dry air, moderate wind, recorded 2025-01-22, no music, no machinery",28.23,30.87,4.84,ok
1093_1680188_clip002_s002,1680188_clip002_s002,1680188,2025-01-22,dawn,summer,train,10.031,resources/site_257_bowra-dry-a/mvp2_per_cell_dataset/clips/1093_1680188_clip002_s002/audio.wav,"dawn summer ambient soundscape, Bowra dry woodland, Australia, warm (28C), dry air, moderate wind, recorded 2025-01-22, no music, no machinery",28.23,30.87,4.84,ok
1094_1680188_clip006_s000,1680188_clip006_s000,1680188,2025-01-22,dawn,summer,train,10.867,resources/site_257_bowra-dry-a/mvp2_per_cell_dataset/clips/1094_1680188_clip006_s000/audio.wav,"dawn summer ambient soundscape, Bowra dry woodland, Australia, warm (28C), dry air, moderate wind, recorded 2025-01-22, no music, no machinery",28.23,30.87,4.84,ok
1095_1680188_clip006_s001,1680188_clip006_s001,1680188,2025-01-22,dawn,summer,train,15.906,resources/site_257_bowra-dry-a/mvp2_per_cell_dataset/clips/1095_1680188_clip006_s001/audio.wav,"dawn summer ambient soundscape, Bowra dry woodland, Australia, warm (28C), dry air, moderate wind, recorded 2025-01-22, no music, no machinery",28.23,30.87,4.84,ok
1096_1680188_clip006_s002,1680188_clip006_s002,1680188,2025-01-22,dawn,summer,train,17.694,resources/site_257_bowra-dry-a/mvp2_per_cell_dataset/clips/1096_1680188_clip006_s002/audio.wav,"dawn summer ambient soundscape, Bowra dry woodland, Australia, warm (28C), dry air, moderate wind, recorded 2025-01-22, no music, no machinery",28.23,30.87,4.84,ok
1097_1680188_clip007_s000,1680188_clip007_s000,1680188,2025-01-22,dawn,summer,train,12.725,resources/site_257_bowra-dry-a/mvp2_per_cell_dataset/clips/1097_1680188_clip007_s000/audio.wav,"dawn summer ambient soundscape, Bowra dry woodland, Australia, warm (28C), dry air, moderate wind, recorded 2025-01-22, no music, no machinery",28.23,30.87,4.84,ok
1098_1680188_clip007_s001,1680188_clip007_s001,1680188,2025-01-22,dawn,summer,train,10.077,resources/site_257_bowra-dry-a/mvp2_per_cell_dataset/clips/1098_1680188_clip007_s001/audio.wav,"dawn summer ambient soundscape, Bowra dry woodland, Australia, warm (28C), dry air, moderate wind, recorded 2025-01-22, no music, no machinery",28.23,30.87,4.84,ok
1099_1680188_clip010_s000,1680188_clip010_s000,1680188,2025-01-22,dawn,summer,train,15.418,resources/site_257_bowra-dry-a/mvp2_per_cell_dataset/clips/1099_1680188_clip010_s000/audio.wav,"dawn summer ambient soundscape, Bowra dry woodland, Australia, warm (28C), dry air, moderate wind, recorded 2025-01-22, no music, no machinery",28.23,30.87,4.84,ok
1100_1680188_clip011_s000,1680188_clip011_s000,1680188,2025-01-22,dawn,summer,val,12.771,resources/site_257_bowra-dry-a/mvp2_per_cell_dataset/clips/1100_1680188_clip011_s000/audio.wav,"dawn summer ambient soundscape, Bowra dry woodland, Australia, warm (28C), dry air, moderate wind, recorded 2025-01-22, no music, no machinery",28.23,30.87,4.84,ok
1101_1680188_clip013_s000,1680188_clip013_s000,1680188,2025-01-22,dawn,summer,train,12.98,resources/site_257_bowra-dry-a/mvp2_per_cell_dataset/clips/1101_1680188_clip013_s000/audio.wav,"dawn summer ambient soundscape, Bowra dry woodland, Australia, warm (28C), dry air, moderate wind, recorded 2025-01-22, no music, no machinery",28.23,30.87,4.84,ok
1102_1680188_clip013_s001,1680188_clip013_s001,1680188,2025-01-22,dawn,summer,train,11.68,resources/site_257_bowra-dry-a/mvp2_per_cell_dataset/clips/1102_1680188_clip013_s001/audio.wav,"dawn summer ambient soundscape, Bowra dry woodland, Australia, warm (28C), dry air, moderate wind, recorded 2025-01-22, no music, no machinery",28.23,30.87,4.84,ok
1103_1680188_clip015_s000,1680188_clip015_s000,1680188,2025-01-22,dawn,summer,train,11.053,resources/site_257_bowra-dry-a/mvp2_per_cell_dataset/clips/1103_1680188_clip015_s000/audio.wav,"dawn summer ambient soundscape, Bowra dry woodland, Australia, warm (28C), dry air, moderate wind, recorded 2025-01-22, no music, no machinery",28.23,30.87,4.84,ok
1104_1680188_clip015_s001,1680188_clip015_s001,1680188,2025-01-22,dawn,summer,train,15.418,resources/site_257_bowra-dry-a/mvp2_per_cell_dataset/clips/1104_1680188_clip015_s001/audio.wav,"dawn summer ambient soundscape, Bowra dry woodland, Australia, warm (28C), dry air, moderate wind, recorded 2025-01-22, no music, no machinery",28.23,30.87,4.84,ok
1105_1680188_clip016_s000,1680188_clip016_s000,1680188,2025-01-22,dawn,summer,train,10.96,resources/site_257_bowra-dry-a/mvp2_per_cell_dataset/clips/1105_1680188_clip016_s000/audio.wav,"dawn summer ambient soundscape, Bowra dry woodland, Australia, warm (28C), dry air, moderate wind, recorded 2025-01-22, no music, no machinery",28.23,30.87,4.84,ok
1106_1680188_clip016_s001,1680188_clip016_s001,1680188,2025-01-22,dawn,summer,val,10.704,resources/site_257_bowra-dry-a/mvp2_per_cell_dataset/clips/1106_1680188_clip016_s001/audio.wav,"dawn summer ambient soundscape, Bowra dry woodland, Australia, warm (28C), dry air, moderate wind, recorded 2025-01-22, no music, no machinery",28.23,30.87,4.84,ok
1107_1680188_clip016_s002,1680188_clip016_s002,1680188,2025-01-22,dawn,summer,train,13.955,resources/site_257_bowra-dry-a/mvp2_per_cell_dataset/clips/1107_1680188_clip016_s002/audio.wav,"dawn summer ambient soundscape, Bowra dry woodland, Australia, warm (28C), dry air, moderate wind, recorded 2025-01-22, no music, no machinery",28.23,30.87,4.84,ok
1108_1680188_clip017_s000,1680188_clip017_s000,1680188,2025-01-22,dawn,summer,train,17.369,resources/site_257_bowra-dry-a/mvp2_per_cell_dataset/clips/1108_1680188_clip017_s000/audio.wav,"dawn summer ambient soundscape, Bowra dry woodland, Australia, warm (28C), dry air, moderate wind, recorded 2025-01-22, no music, no machinery",28.23,30.87,4.84,ok
1109_1680188_clip017_s001,1680188_clip017_s001,1680188,2025-01-22,dawn,summer,train,11.471,resources/site_257_bowra-dry-a/mvp2_per_cell_dataset/clips/1109_1680188_clip017_s001/audio.wav,"dawn summer ambient soundscape, Bowra dry woodland, Australia, warm (28C), dry air, moderate wind, recorded 2025-01-22, no music, no machinery",28.23,30.87,4.84,ok
1110_1680188_clip018_s000,1680188_clip018_s000,1680188,2025-01-22,dawn,summer,train,12.632,resources/site_257_bowra-dry-a/mvp2_per_cell_dataset/clips/1110_1680188_clip018_s000/audio.wav,"dawn summer ambient soundscape, Bowra dry woodland, Australia, warm (28C), dry air, moderate wind, recorded 2025-01-22, no music, no machinery",28.23,30.87,4.84,ok
1111_1680188_clip018_s001,1680188_clip018_s001,1680188,2025-01-22,dawn,summer,train,12.307,resources/site_257_bowra-dry-a/mvp2_per_cell_dataset/clips/1111_1680188_clip018_s001/audio.wav,"dawn summer ambient soundscape, Bowra dry woodland, Australia, warm (28C), dry air, moderate wind, recorded 2025-01-22, no music, no machinery",28.23,30.87,4.84,ok
1112_1680188_clip018_s002,1680188_clip018_s002,1680188,2025-01-22,dawn,summer,train,23.661,resources/site_257_bowra-dry-a/mvp2_per_cell_dataset/clips/1112_1680188_clip018_s002/audio.wav,"dawn summer ambient soundscape, Bowra dry woodland, Australia, warm (28C), dry air, moderate wind, recorded 2025-01-22, no music, no machinery",28.23,30.87,4.84,ok
1113_1680188_clip018_s003,1680188_clip018_s003,1680188,2025-01-22,dawn,summer,train,10.82,resources/site_257_bowra-dry-a/mvp2_per_cell_dataset/clips/1113_1680188_clip018_s003/audio.wav,"dawn summer ambient soundscape, Bowra dry woodland, Australia, warm (28C), dry air, moderate wind, recorded 2025-01-22, no music, no machinery",28.23,30.87,4.84,ok
1114_1680188_clip018_s004,1680188_clip018_s004,1680188,2025-01-22,dawn,summer,train,15.256,resources/site_257_bowra-dry-a/mvp2_per_cell_dataset/clips/1114_1680188_clip018_s004/audio.wav,"dawn summer ambient soundscape, Bowra dry woodland, Australia, warm (28C), dry air, moderate wind, recorded 2025-01-22, no music, no machinery",28.23,30.87,4.84,ok
1115_1680188_clip019_s000,1680188_clip019_s000,1680188,2025-01-22,dawn,summer,train,11.61,resources/site_257_bowra-dry-a/mvp2_per_cell_dataset/clips/1115_1680188_clip019_s000/audio.wav,"dawn summer ambient soundscape, Bowra dry woodland, Australia, warm (28C), dry air, moderate wind, recorded 2025-01-22, no music, no machinery",28.23,30.87,4.84,ok
1116_1680188_clip019_s001,1680188_clip019_s001,1680188,2025-01-22,dawn,summer,train,12.539,resources/site_257_bowra-dry-a/mvp2_per_cell_dataset/clips/1116_1680188_clip019_s001/audio.wav,"dawn summer ambient soundscape, Bowra dry woodland, Australia, warm (28C), dry air, moderate wind, recorded 2025-01-22, no music, no machinery",28.23,30.87,4.84,ok
1117_1680188_clip024_s000,1680188_clip024_s000,1680188,2025-01-22,dawn,summer,train,11.749,resources/site_257_bowra-dry-a/mvp2_per_cell_dataset/clips/1117_1680188_clip024_s000/audio.wav,"dawn summer ambient soundscape, Bowra dry woodland, Australia, warm (28C), dry air, moderate wind, recorded 2025-01-22, no music, no machinery",28.23,30.87,4.84,ok
1118_1679394_clip019_s000,1679394_clip019_s000,1679394,2025-02-13,dawn,summer,train,11.796,resources/site_257_bowra-dry-a/mvp2_per_cell_dataset/clips/1118_1679394_clip019_s000/audio.wav,"dawn summer ambient soundscape, Bowra dry woodland, Australia, warm (26C), moderate humidity, moderate wind, recorded 2025-02-13, no music, no machinery",25.75,68.26,4.58,ok
1119_1679394_clip021_s000,1679394_clip021_s000,1679394,2025-02-13,dawn,summer,train,10.217,resources/site_257_bowra-dry-a/mvp2_per_cell_dataset/clips/1119_1679394_clip021_s000/audio.wav,"dawn summer ambient soundscape, Bowra dry woodland, Australia, warm (26C), moderate humidity, moderate wind, recorded 2025-02-13, no music, no machinery",25.75,68.26,4.58,ok
1120_1679394_clip023_s000,1679394_clip023_s000,1679394,2025-02-13,dawn,summer,train,11.889,resources/site_257_bowra-dry-a/mvp2_per_cell_dataset/clips/1120_1679394_clip023_s000/audio.wav,"dawn summer ambient soundscape, Bowra dry woodland, Australia, warm (26C), moderate humidity, moderate wind, recorded 2025-02-13, no music, no machinery",25.75,68.26,4.58,ok
1121_1676441_clip002_s000,1676441_clip002_s000,1676441,2025-02-19,dawn,summer,train,11.053,resources/site_257_bowra-dry-a/mvp2_per_cell_dataset/clips/1121_1676441_clip002_s000/audio.wav,"dawn summer ambient soundscape, Bowra dry woodland, Australia, mild (19C), dry air, moderate wind, recorded 2025-02-19, no music, no machinery",18.68,32.94,2.98,ok
1122_1676441_clip004_s000,1676441_clip004_s000,1676441,2025-02-19,dawn,summer,train,10.379,resources/site_257_bowra-dry-a/mvp2_per_cell_dataset/clips/1122_1676441_clip004_s000/audio.wav,"dawn summer ambient soundscape, Bowra dry woodland, Australia, mild (19C), dry air, moderate wind, recorded 2025-02-19, no music, no machinery",18.68,32.94,2.98,ok
1123_1676441_clip004_s001,1676441_clip004_s001,1676441,2025-02-19,dawn,summer,train,10.913,resources/site_257_bowra-dry-a/mvp2_per_cell_dataset/clips/1123_1676441_clip004_s001/audio.wav,"dawn summer ambient soundscape, Bowra dry woodland, Australia, mild (19C), dry air, moderate wind, recorded 2025-02-19, no music, no machinery",18.68,32.94,2.98,ok
1124_1676441_clip006_s000,1676441_clip006_s000,1676441,2025-02-19,dawn,summer,train,11.61,resources/site_257_bowra-dry-a/mvp2_per_cell_dataset/clips/1124_1676441_clip006_s000/audio.wav,"dawn summer ambient soundscape, Bowra dry woodland, Australia, mild (19C), dry air, moderate wind, recorded 2025-02-19, no music, no machinery",18.68,32.94,2.98,ok
1125_1676441_clip007_s000,1676441_clip007_s000,1676441,2025-02-19,dawn,summer,val,11.517,resources/site_257_bowra-dry-a/mvp2_per_cell_dataset/clips/1125_1676441_clip007_s000/audio.wav,"dawn summer ambient soundscape, Bowra dry woodland, Australia, mild (19C), dry air, moderate wind, recorded 2025-02-19, no music, no machinery",18.68,32.94,2.98,ok
1126_1676441_clip018_s000,1676441_clip018_s000,1676441,2025-02-19,dawn,summer,train,10.751,resources/site_257_bowra-dry-a/mvp2_per_cell_dataset/clips/1126_1676441_clip018_s000/audio.wav,"dawn summer ambient soundscape, Bowra dry woodland, Australia, mild (19C), dry air, moderate wind, recorded 2025-02-19, no music, no machinery",18.68,32.94,2.98,ok
1127_215103_clip005_s000,215103_clip005_s000,215103,2019-12-11,morning,summer,train,13.932,resources/site_257_bowra-dry-a/mvp2_per_cell_dataset/clips/1127_215103_clip005_s000/audio.wav,"morning summer ambient soundscape, Bowra dry woodland, Australia, hot (34C), dry air, moderate wind, recorded 2019-12-11, no music, no machinery",33.76,17.24,5.29,ok
1128_215103_clip007_s000,215103_clip007_s000,215103,2019-12-11,morning,summer,train,11.471,resources/site_257_bowra-dry-a/mvp2_per_cell_dataset/clips/1128_215103_clip007_s000/audio.wav,"morning summer ambient soundscape, Bowra dry woodland, Australia, hot (34C), dry air, moderate wind, recorded 2019-12-11, no music, no machinery",33.76,17.24,5.29,ok
1129_215185_clip002_s000,215185_clip002_s000,215185,2019-12-17,morning,summer,train,10.286,resources/site_257_bowra-dry-a/mvp2_per_cell_dataset/clips/1129_215185_clip002_s000/audio.wav,"morning summer ambient soundscape, Bowra dry woodland, Australia, warm (31C), dry air, moderate wind, recorded 2019-12-17, no music, no machinery",30.85,26.09,4.58,ok
1130_215185_clip006_s000,215185_clip006_s000,215185,2019-12-17,morning,summer,train,13.653,resources/site_257_bowra-dry-a/mvp2_per_cell_dataset/clips/1130_215185_clip006_s000/audio.wav,"morning summer ambient soundscape, Bowra dry woodland, Australia, warm (31C), dry air, moderate wind, recorded 2019-12-17, no music, no machinery",30.85,26.09,4.58,ok
1131_215185_clip020_s000,215185_clip020_s000,215185,2019-12-17,morning,summer,train,10.31,resources/site_257_bowra-dry-a/mvp2_per_cell_dataset/clips/1131_215185_clip020_s000/audio.wav,"morning summer ambient soundscape, Bowra dry woodland, Australia, warm (31C), dry air, moderate wind, recorded 2019-12-17, no music, no machinery",30.85,26.09,4.58,ok
1132_215684_clip017_s000,215684_clip017_s000,215684,2020-01-28,morning,summer,train,12.957,resources/site_257_bowra-dry-a/mvp2_per_cell_dataset/clips/1132_215684_clip017_s000/audio.wav,"morning summer ambient soundscape, Bowra dry woodland, Australia, hot (34C), dry air, light breeze, recorded 2020-01-28, no music, no machinery",33.9,37.87,1.86,ok
1133_215727_clip010_s000,215727_clip010_s000,215727,2020-02-01,morning,summer,train,10.194,resources/site_257_bowra-dry-a/mvp2_per_cell_dataset/clips/1133_215727_clip010_s000/audio.wav,"morning summer ambient soundscape, Bowra dry woodland, Australia, hot (38C), dry air, moderate wind, recorded 2020-02-01, no music, no machinery",38.07,23.48,5.22,ok
1134_215727_clip019_s000,215727_clip019_s000,215727,2020-02-01,morning,summer,val,11.656,resources/site_257_bowra-dry-a/mvp2_per_cell_dataset/clips/1134_215727_clip019_s000/audio.wav,"morning summer ambient soundscape, Bowra dry woodland, Australia, hot (38C), dry air, moderate wind, recorded 2020-02-01, no music, no machinery",38.07,23.48,5.22,ok
1135_215727_clip022_s000,215727_clip022_s000,215727,2020-02-01,morning,summer,train,11.494,resources/site_257_bowra-dry-a/mvp2_per_cell_dataset/clips/1135_215727_clip022_s000/audio.wav,"morning summer ambient soundscape, Bowra dry woodland, Australia, hot (38C), dry air, moderate wind, recorded 2020-02-01, no music, no machinery",38.07,23.48,5.22,ok
1136_215898_clip020_s000,215898_clip020_s000,215898,2020-02-15,morning,summer,train,10.913,resources/site_257_bowra-dry-a/mvp2_per_cell_dataset/clips/1136_215898_clip020_s000/audio.wav,"morning summer ambient soundscape, Bowra dry woodland, Australia, hot (33C), dry air, light breeze, recorded 2020-02-15, no music, no machinery",32.99,37.2,1.14,ok
1137_215898_clip021_s000,215898_clip021_s000,215898,2020-02-15,morning,summer,train,10.054,resources/site_257_bowra-dry-a/mvp2_per_cell_dataset/clips/1137_215898_clip021_s000/audio.wav,"morning summer ambient soundscape, Bowra dry woodland, Australia, hot (33C), dry air, light breeze, recorded 2020-02-15, no music, no machinery",32.99,37.2,1.14,ok
1138_1402285_clip012_s000,1402285_clip012_s000,1402285,2023-12-25,morning,summer,train,10.31,resources/site_257_bowra-dry-a/mvp2_per_cell_dataset/clips/1138_1402285_clip012_s000/audio.wav,"morning summer ambient soundscape, Bowra dry woodland, Australia, warm (25C), dry air, moderate wind, recorded 2023-12-25, no music, no machinery",25.0,30.92,5.33,ok
1139_1678929_clip021_s000,1678929_clip021_s000,1678929,2024-12-12,morning,summer,train,12.864,resources/site_257_bowra-dry-a/mvp2_per_cell_dataset/clips/1139_1678929_clip021_s000/audio.wav,"morning summer ambient soundscape, Bowra dry woodland, Australia, warm (29C), dry air, moderate wind, recorded 2024-12-12, no music, no machinery",28.81,21.68,3.53,ok
1140_1676791_clip004_s000,1676791_clip004_s000,1676791,2024-12-17,morning,summer,train,23.847,resources/site_257_bowra-dry-a/mvp2_per_cell_dataset/clips/1140_1676791_clip004_s000/audio.wav,"morning summer ambient soundscape, Bowra dry woodland, Australia, hot (33C), moderate humidity, moderate wind, recorded 2024-12-17, no music, no machinery",32.87,43.25,4.17,ok
1141_1679216_clip002_s000,1679216_clip002_s000,1679216,2025-01-01,morning,summer,train,11.285,resources/site_257_bowra-dry-a/mvp2_per_cell_dataset/clips/1141_1679216_clip002_s000/audio.wav,"morning summer ambient soundscape, Bowra dry woodland, Australia, hot (33C), dry air, moderate wind, recorded 2025-01-01, no music, no machinery",32.86,22.71,4.33,ok
1142_1679216_clip003_s000,1679216_clip003_s000,1679216,2025-01-01,morning,summer,train,11.796,resources/site_257_bowra-dry-a/mvp2_per_cell_dataset/clips/1142_1679216_clip003_s000/audio.wav,"morning summer ambient soundscape, Bowra dry woodland, Australia, hot (33C), dry air, moderate wind, recorded 2025-01-01, no music, no machinery",32.86,22.71,4.33,ok
1143_1679216_clip007_s000,1679216_clip007_s000,1679216,2025-01-01,morning,summer,train,11.053,resources/site_257_bowra-dry-a/mvp2_per_cell_dataset/clips/1143_1679216_clip007_s000/audio.wav,"morning summer ambient soundscape, Bowra dry woodland, Australia, hot (33C), dry air, moderate wind, recorded 2025-01-01, no music, no machinery",32.86,22.71,4.33,ok
1144_1679216_clip010_s000,1679216_clip010_s000,1679216,2025-01-01,morning,summer,train,11.285,resources/site_257_bowra-dry-a/mvp2_per_cell_dataset/clips/1144_1679216_clip010_s000/audio.wav,"morning summer ambient soundscape, Bowra dry woodland, Australia, hot (33C), dry air, moderate wind, recorded 2025-01-01, no music, no machinery",32.86,22.71,4.33,ok
1145_1679216_clip011_s000,1679216_clip011_s000,1679216,2025-01-01,morning,summer,train,11.285,resources/site_257_bowra-dry-a/mvp2_per_cell_dataset/clips/1145_1679216_clip011_s000/audio.wav,"morning summer ambient soundscape, Bowra dry woodland, Australia, hot (33C), dry air, moderate wind, recorded 2025-01-01, no music, no machinery",32.86,22.71,4.33,ok
1146_1679216_clip012_s000,1679216_clip012_s000,1679216,2025-01-01,morning,summer,train,11.076,resources/site_257_bowra-dry-a/mvp2_per_cell_dataset/clips/1146_1679216_clip012_s000/audio.wav,"morning summer ambient soundscape, Bowra dry woodland, Australia, hot (33C), dry air, moderate wind, recorded 2025-01-01, no music, no machinery",32.86,22.71,4.33,ok
1147_1679216_clip012_s001,1679216_clip012_s001,1679216,2025-01-01,morning,summer,train,12.399,resources/site_257_bowra-dry-a/mvp2_per_cell_dataset/clips/1147_1679216_clip012_s001/audio.wav,"morning summer ambient soundscape, Bowra dry woodland, Australia, hot (33C), dry air, moderate wind, recorded 2025-01-01, no music, no machinery",32.86,22.71,4.33,ok
1148_1679216_clip012_s002,1679216_clip012_s002,1679216,2025-01-01,morning,summer,val,11.006,resources/site_257_bowra-dry-a/mvp2_per_cell_dataset/clips/1148_1679216_clip012_s002/audio.wav,"morning summer ambient soundscape, Bowra dry woodland, Australia, hot (33C), dry air, moderate wind, recorded 2025-01-01, no music, no machinery",32.86,22.71,4.33,ok
1149_1679216_clip014_s000,1679216_clip014_s000,1679216,2025-01-01,morning,summer,train,12.794,resources/site_257_bowra-dry-a/mvp2_per_cell_dataset/clips/1149_1679216_clip014_s000/audio.wav,"morning summer ambient soundscape, Bowra dry woodland, Australia, hot (33C), dry air, moderate wind, recorded 2025-01-01, no music, no machinery",32.86,22.71,4.33,ok
1150_1679216_clip014_s001,1679216_clip014_s001,1679216,2025-01-01,morning,summer,train,10.588,resources/site_257_bowra-dry-a/mvp2_per_cell_dataset/clips/1150_1679216_clip014_s001/audio.wav,"morning summer ambient soundscape, Bowra dry woodland, Australia, hot (33C), dry air, moderate wind, recorded 2025-01-01, no music, no machinery",32.86,22.71,4.33,ok
1151_1679216_clip014_s002,1679216_clip014_s002,1679216,2025-01-01,morning,summer,train,11.099,resources/site_257_bowra-dry-a/mvp2_per_cell_dataset/clips/1151_1679216_clip014_s002/audio.wav,"morning summer ambient soundscape, Bowra dry woodland, Australia, hot (33C), dry air, moderate wind, recorded 2025-01-01, no music, no machinery",32.86,22.71,4.33,ok
1152_1679216_clip015_s000,1679216_clip015_s000,1679216,2025-01-01,morning,summer,train,12.655,resources/site_257_bowra-dry-a/mvp2_per_cell_dataset/clips/1152_1679216_clip015_s000/audio.wav,"morning summer ambient soundscape, Bowra dry woodland, Australia, hot (33C), dry air, moderate wind, recorded 2025-01-01, no music, no machinery",32.86,22.71,4.33,ok
1153_1679216_clip015_s001,1679216_clip015_s001,1679216,2025-01-01,morning,summer,train,13.189,resources/site_257_bowra-dry-a/mvp2_per_cell_dataset/clips/1153_1679216_clip015_s001/audio.wav,"morning summer ambient soundscape, Bowra dry woodland, Australia, hot (33C), dry air, moderate wind, recorded 2025-01-01, no music, no machinery",32.86,22.71,4.33,ok
1154_1679216_clip015_s002,1679216_clip015_s002,1679216,2025-01-01,morning,summer,val,17.299,resources/site_257_bowra-dry-a/mvp2_per_cell_dataset/clips/1154_1679216_clip015_s002/audio.wav,"morning summer ambient soundscape, Bowra dry woodland, Australia, hot (33C), dry air, moderate wind, recorded 2025-01-01, no music, no machinery",32.86,22.71,4.33,ok
1155_1679216_clip015_s003,1679216_clip015_s003,1679216,2025-01-01,morning,summer,train,19.412,resources/site_257_bowra-dry-a/mvp2_per_cell_dataset/clips/1155_1679216_clip015_s003/audio.wav,"morning summer ambient soundscape, Bowra dry woodland, Australia, hot (33C), dry air, moderate wind, recorded 2025-01-01, no music, no machinery",32.86,22.71,4.33,ok
1156_1679216_clip024_s000,1679216_clip024_s000,1679216,2025-01-01,morning,summer,train,10.774,resources/site_257_bowra-dry-a/mvp2_per_cell_dataset/clips/1156_1679216_clip024_s000/audio.wav,"morning summer ambient soundscape, Bowra dry woodland, Australia, hot (33C), dry air, moderate wind, recorded 2025-01-01, no music, no machinery",32.86,22.71,4.33,ok
1157_1676521_clip003_s000,1676521_clip003_s000,1676521,2025-02-13,morning,summer,train,11.564,resources/site_257_bowra-dry-a/mvp2_per_cell_dataset/clips/1157_1676521_clip003_s000/audio.wav,"morning summer ambient soundscape, Bowra dry woodland, Australia, hot (35C), dry air, moderate wind, recorded 2025-02-13, no music, no machinery",35.28,36.43,2.97,ok
1158_1669477_clip004_s000,1669477_clip004_s000,1669477,2025-02-19,morning,summer,train,11.517,resources/site_257_bowra-dry-a/mvp2_per_cell_dataset/clips/1158_1669477_clip004_s000/audio.wav,"morning summer ambient soundscape, Bowra dry woodland, Australia, warm (27C), dry air, moderate wind, recorded 2025-02-19, no music, no machinery",26.84,17.93,3.27,ok
1159_1669477_clip006_s000,1669477_clip006_s000,1669477,2025-02-19,morning,summer,train,10.774,resources/site_257_bowra-dry-a/mvp2_per_cell_dataset/clips/1159_1669477_clip006_s000/audio.wav,"morning summer ambient soundscape, Bowra dry woodland, Australia, warm (27C), dry air, moderate wind, recorded 2025-02-19, no music, no machinery",26.84,17.93,3.27,ok
1160_215122_clip005_s000,215122_clip005_s000,215122,2019-12-11,night,summer,val,11.633,resources/site_257_bowra-dry-a/mvp2_per_cell_dataset/clips/1160_215122_clip005_s000/audio.wav,"night summer ambient soundscape, Bowra dry woodland, Australia, warm (28C), dry air, moderate wind, recorded 2019-12-11, no music, no machinery",28.04,14.14,4.34,ok
1161_215122_clip007_s000,215122_clip007_s000,215122,2019-12-11,night,summer,train,10.913,resources/site_257_bowra-dry-a/mvp2_per_cell_dataset/clips/1161_215122_clip007_s000/audio.wav,"night summer ambient soundscape, Bowra dry woodland, Australia, warm (28C), dry air, moderate wind, recorded 2019-12-11, no music, no machinery",28.04,14.14,4.34,ok
1162_215122_clip021_s000,215122_clip021_s000,215122,2019-12-11,night,summer,train,11.61,resources/site_257_bowra-dry-a/mvp2_per_cell_dataset/clips/1162_215122_clip021_s000/audio.wav,"night summer ambient soundscape, Bowra dry woodland, Australia, warm (28C), dry air, moderate wind, recorded 2019-12-11, no music, no machinery",28.04,14.14,4.34,ok
1163_215122_clip023_s000,215122_clip023_s000,215122,2019-12-11,night,summer,train,11.215,resources/site_257_bowra-dry-a/mvp2_per_cell_dataset/clips/1163_215122_clip023_s000/audio.wav,"night summer ambient soundscape, Bowra dry woodland, Australia, warm (28C), dry air, moderate wind, recorded 2019-12-11, no music, no machinery",28.04,14.14,4.34,ok
1164_215190_clip001_s000,215190_clip001_s000,215190,2019-12-17,night,summer,train,14.536,resources/site_257_bowra-dry-a/mvp2_per_cell_dataset/clips/1164_215190_clip001_s000/audio.wav,"night summer ambient soundscape, Bowra dry woodland, Australia, warm (30C), dry air, moderate wind, recorded 2019-12-17, no music, no machinery",30.33,20.1,3.23,ok
1165_215190_clip001_s001,215190_clip001_s001,215190,2019-12-17,night,summer,train,16.022,resources/site_257_bowra-dry-a/mvp2_per_cell_dataset/clips/1165_215190_clip001_s001/audio.wav,"night summer ambient soundscape, Bowra dry woodland, Australia, warm (30C), dry air, moderate wind, recorded 2019-12-17, no music, no machinery",30.33,20.1,3.23,ok
1166_215190_clip001_s002,215190_clip001_s002,215190,2019-12-17,night,summer,train,14.745,resources/site_257_bowra-dry-a/mvp2_per_cell_dataset/clips/1166_215190_clip001_s002/audio.wav,"night summer ambient soundscape, Bowra dry woodland, Australia, warm (30C), dry air, moderate wind, recorded 2019-12-17, no music, no machinery",30.33,20.1,3.23,ok
1167_215190_clip002_s000,215190_clip002_s000,215190,2019-12-17,night,summer,val,10.495,resources/site_257_bowra-dry-a/mvp2_per_cell_dataset/clips/1167_215190_clip002_s000/audio.wav,"night summer ambient soundscape, Bowra dry woodland, Australia, warm (30C), dry air, moderate wind, recorded 2019-12-17, no music, no machinery",30.33,20.1,3.23,ok
1168_215190_clip003_s000,215190_clip003_s000,215190,2019-12-17,night,summer,train,11.68,resources/site_257_bowra-dry-a/mvp2_per_cell_dataset/clips/1168_215190_clip003_s000/audio.wav,"night summer ambient soundscape, Bowra dry woodland, Australia, warm (30C), dry air, moderate wind, recorded 2019-12-17, no music, no machinery",30.33,20.1,3.23,ok
1169_215190_clip003_s001,215190_clip003_s001,215190,2019-12-17,night,summer,train,10.217,resources/site_257_bowra-dry-a/mvp2_per_cell_dataset/clips/1169_215190_clip003_s001/audio.wav,"night summer ambient soundscape, Bowra dry woodland, Australia, warm (30C), dry air, moderate wind, recorded 2019-12-17, no music, no machinery",30.33,20.1,3.23,ok
1170_215190_clip004_s000,215190_clip004_s000,215190,2019-12-17,night,summer,train,12.701,resources/site_257_bowra-dry-a/mvp2_per_cell_dataset/clips/1170_215190_clip004_s000/audio.wav,"night summer ambient soundscape, Bowra dry woodland, Australia, warm (30C), dry air, moderate wind, recorded 2019-12-17, no music, no machinery",30.33,20.1,3.23,ok
1171_215190_clip004_s001,215190_clip004_s001,215190,2019-12-17,night,summer,train,10.983,resources/site_257_bowra-dry-a/mvp2_per_cell_dataset/clips/1171_215190_clip004_s001/audio.wav,"night summer ambient soundscape, Bowra dry woodland, Australia, warm (30C), dry air, moderate wind, recorded 2019-12-17, no music, no machinery",30.33,20.1,3.23,ok
1172_215190_clip006_s000,215190_clip006_s000,215190,2019-12-17,night,summer,train,13.607,resources/site_257_bowra-dry-a/mvp2_per_cell_dataset/clips/1172_215190_clip006_s000/audio.wav,"night summer ambient soundscape, Bowra dry woodland, Australia, warm (30C), dry air, moderate wind, recorded 2019-12-17, no music, no machinery",30.33,20.1,3.23,ok
1173_215190_clip006_s001,215190_clip006_s001,215190,2019-12-17,night,summer,train,11.889,resources/site_257_bowra-dry-a/mvp2_per_cell_dataset/clips/1173_215190_clip006_s001/audio.wav,"night summer ambient soundscape, Bowra dry woodland, Australia, warm (30C), dry air, moderate wind, recorded 2019-12-17, no music, no machinery",30.33,20.1,3.23,ok
1174_215190_clip007_s000,215190_clip007_s000,215190,2019-12-17,night,summer,train,10.263,resources/site_257_bowra-dry-a/mvp2_per_cell_dataset/clips/1174_215190_clip007_s000/audio.wav,"night summer ambient soundscape, Bowra dry woodland, Australia, warm (30C), dry air, moderate wind, recorded 2019-12-17, no music, no machinery",30.33,20.1,3.23,ok
1175_215190_clip007_s001,215190_clip007_s001,215190,2019-12-17,night,summer,train,18.065,resources/site_257_bowra-dry-a/mvp2_per_cell_dataset/clips/1175_215190_clip007_s001/audio.wav,"night summer ambient soundscape, Bowra dry woodland, Australia, warm (30C), dry air, moderate wind, recorded 2019-12-17, no music, no machinery",30.33,20.1,3.23,ok
1176_215190_clip007_s002,215190_clip007_s002,215190,2019-12-17,night,summer,train,12.283,resources/site_257_bowra-dry-a/mvp2_per_cell_dataset/clips/1176_215190_clip007_s002/audio.wav,"night summer ambient soundscape, Bowra dry woodland, Australia, warm (30C), dry air, moderate wind, recorded 2019-12-17, no music, no machinery",30.33,20.1,3.23,ok
1177_215190_clip008_s000,215190_clip008_s000,215190,2019-12-17,night,summer,train,10.797,resources/site_257_bowra-dry-a/mvp2_per_cell_dataset/clips/1177_215190_clip008_s000/audio.wav,"night summer ambient soundscape, Bowra dry woodland, Australia, warm (30C), dry air, moderate wind, recorded 2019-12-17, no music, no machinery",30.33,20.1,3.23,ok
1178_215190_clip013_s000,215190_clip013_s000,215190,2019-12-17,night,summer,train,15.209,resources/site_257_bowra-dry-a/mvp2_per_cell_dataset/clips/1178_215190_clip013_s000/audio.wav,"night summer ambient soundscape, Bowra dry woodland, Australia, warm (30C), dry air, moderate wind, recorded 2019-12-17, no music, no machinery",30.33,20.1,3.23,ok
1179_215190_clip017_s000,215190_clip017_s000,215190,2019-12-17,night,summer,val,10.519,resources/site_257_bowra-dry-a/mvp2_per_cell_dataset/clips/1179_215190_clip017_s000/audio.wav,"night summer ambient soundscape, Bowra dry woodland, Australia, warm (30C), dry air, moderate wind, recorded 2019-12-17, no music, no machinery",30.33,20.1,3.23,ok
1180_215190_clip018_s000,215190_clip018_s000,215190,2019-12-17,night,summer,train,11.703,resources/site_257_bowra-dry-a/mvp2_per_cell_dataset/clips/1180_215190_clip018_s000/audio.wav,"night summer ambient soundscape, Bowra dry woodland, Australia, warm (30C), dry air, moderate wind, recorded 2019-12-17, no music, no machinery",30.33,20.1,3.23,ok
1181_215190_clip020_s000,215190_clip020_s000,215190,2019-12-17,night,summer,train,16.625,resources/site_257_bowra-dry-a/mvp2_per_cell_dataset/clips/1181_215190_clip020_s000/audio.wav,"night summer ambient soundscape, Bowra dry woodland, Australia, warm (30C), dry air, moderate wind, recorded 2019-12-17, no music, no machinery",30.33,20.1,3.23,ok
1182_215190_clip021_s000,215190_clip021_s000,215190,2019-12-17,night,summer,train,12.237,resources/site_257_bowra-dry-a/mvp2_per_cell_dataset/clips/1182_215190_clip021_s000/audio.wav,"night summer ambient soundscape, Bowra dry woodland, Australia, warm (30C), dry air, moderate wind, recorded 2019-12-17, no music, no machinery",30.33,20.1,3.23,ok
1183_215190_clip021_s001,215190_clip021_s001,215190,2019-12-17,night,summer,train,10.054,resources/site_257_bowra-dry-a/mvp2_per_cell_dataset/clips/1183_215190_clip021_s001/audio.wav,"night summer ambient soundscape, Bowra dry woodland, Australia, warm (30C), dry air, moderate wind, recorded 2019-12-17, no music, no machinery",30.33,20.1,3.23,ok
1184_215190_clip022_s000,215190_clip022_s000,215190,2019-12-17,night,summer,train,10.124,resources/site_257_bowra-dry-a/mvp2_per_cell_dataset/clips/1184_215190_clip022_s000/audio.wav,"night summer ambient soundscape, Bowra dry woodland, Australia, warm (30C), dry air, moderate wind, recorded 2019-12-17, no music, no machinery",30.33,20.1,3.23,ok
1185_215473_clip001_s000,215473_clip001_s000,215473,2020-01-10,night,summer,train,11.215,resources/site_257_bowra-dry-a/mvp2_per_cell_dataset/clips/1185_215473_clip001_s000/audio.wav,"night summer ambient soundscape, Bowra dry woodland, Australia, hot (39C), dry air, moderate wind, recorded 2020-01-10, no music, no machinery",38.68,17.65,5.25,ok
1186_215473_clip002_s000,215473_clip002_s000,215473,2020-01-10,night,summer,val,11.215,resources/site_257_bowra-dry-a/mvp2_per_cell_dataset/clips/1186_215473_clip002_s000/audio.wav,"night summer ambient soundscape, Bowra dry woodland, Australia, hot (39C), dry air, moderate wind, recorded 2020-01-10, no music, no machinery",38.68,17.65,5.25,ok
1187_215473_clip003_s000,215473_clip003_s000,215473,2020-01-10,night,summer,train,11.099,resources/site_257_bowra-dry-a/mvp2_per_cell_dataset/clips/1187_215473_clip003_s000/audio.wav,"night summer ambient soundscape, Bowra dry woodland, Australia, hot (39C), dry air, moderate wind, recorded 2020-01-10, no music, no machinery",38.68,17.65,5.25,ok
1188_215473_clip005_s000,215473_clip005_s000,215473,2020-01-10,night,summer,train,12.237,resources/site_257_bowra-dry-a/mvp2_per_cell_dataset/clips/1188_215473_clip005_s000/audio.wav,"night summer ambient soundscape, Bowra dry woodland, Australia, hot (39C), dry air, moderate wind, recorded 2020-01-10, no music, no machinery",38.68,17.65,5.25,ok
1189_215473_clip006_s000,215473_clip006_s000,215473,2020-01-10,night,summer,train,10.356,resources/site_257_bowra-dry-a/mvp2_per_cell_dataset/clips/1189_215473_clip006_s000/audio.wav,"night summer ambient soundscape, Bowra dry woodland, Australia, hot (39C), dry air, moderate wind, recorded 2020-01-10, no music, no machinery",38.68,17.65,5.25,ok
1190_215473_clip007_s000,215473_clip007_s000,215473,2020-01-10,night,summer,train,15.163,resources/site_257_bowra-dry-a/mvp2_per_cell_dataset/clips/1190_215473_clip007_s000/audio.wav,"night summer ambient soundscape, Bowra dry woodland, Australia, hot (39C), dry air, moderate wind, recorded 2020-01-10, no music, no machinery",38.68,17.65,5.25,ok
1191_215473_clip007_s001,215473_clip007_s001,215473,2020-01-10,night,summer,train,10.356,resources/site_257_bowra-dry-a/mvp2_per_cell_dataset/clips/1191_215473_clip007_s001/audio.wav,"night summer ambient soundscape, Bowra dry woodland, Australia, hot (39C), dry air, moderate wind, recorded 2020-01-10, no music, no machinery",38.68,17.65,5.25,ok
1192_215473_clip011_s000,215473_clip011_s000,215473,2020-01-10,night,summer,train,10.031,resources/site_257_bowra-dry-a/mvp2_per_cell_dataset/clips/1192_215473_clip011_s000/audio.wav,"night summer ambient soundscape, Bowra dry woodland, Australia, hot (39C), dry air, moderate wind, recorded 2020-01-10, no music, no machinery",38.68,17.65,5.25,ok
1193_215473_clip013_s000,215473_clip013_s000,215473,2020-01-10,night,summer,val,10.008,resources/site_257_bowra-dry-a/mvp2_per_cell_dataset/clips/1193_215473_clip013_s000/audio.wav,"night summer ambient soundscape, Bowra dry woodland, Australia, hot (39C), dry air, moderate wind, recorded 2020-01-10, no music, no machinery",38.68,17.65,5.25,ok
1194_215473_clip016_s000,215473_clip016_s000,215473,2020-01-10,night,summer,train,11.819,resources/site_257_bowra-dry-a/mvp2_per_cell_dataset/clips/1194_215473_clip016_s000/audio.wav,"night summer ambient soundscape, Bowra dry woodland, Australia, hot (39C), dry air, moderate wind, recorded 2020-01-10, no music, no machinery",38.68,17.65,5.25,ok
1195_215473_clip022_s000,215473_clip022_s000,215473,2020-01-10,night,summer,train,10.588,resources/site_257_bowra-dry-a/mvp2_per_cell_dataset/clips/1195_215473_clip022_s000/audio.wav,"night summer ambient soundscape, Bowra dry woodland, Australia, hot (39C), dry air, moderate wind, recorded 2020-01-10, no music, no machinery",38.68,17.65,5.25,ok
1196_1402286_clip005_s000,1402286_clip005_s000,1402286,2023-12-25,night,summer,train,10.17,resources/site_257_bowra-dry-a/mvp2_per_cell_dataset/clips/1196_1402286_clip005_s000/audio.wav,"night summer ambient soundscape, Bowra dry woodland, Australia, mild (22C), dry air, moderate wind, recorded 2023-12-25, no music, no machinery",21.76,26.76,3.16,ok
1197_1402286_clip005_s001,1402286_clip005_s001,1402286,2023-12-25,night,summer,train,10.101,resources/site_257_bowra-dry-a/mvp2_per_cell_dataset/clips/1197_1402286_clip005_s001/audio.wav,"night summer ambient soundscape, Bowra dry woodland, Australia, mild (22C), dry air, moderate wind, recorded 2023-12-25, no music, no machinery",21.76,26.76,3.16,ok
1198_1402286_clip010_s000,1402286_clip010_s000,1402286,2023-12-25,night,summer,val,10.495,resources/site_257_bowra-dry-a/mvp2_per_cell_dataset/clips/1198_1402286_clip010_s000/audio.wav,"night summer ambient soundscape, Bowra dry woodland, Australia, mild (22C), dry air, moderate wind, recorded 2023-12-25, no music, no machinery",21.76,26.76,3.16,ok
1199_1402286_clip012_s000,1402286_clip012_s000,1402286,2023-12-25,night,summer,train,11.215,resources/site_257_bowra-dry-a/mvp2_per_cell_dataset/clips/1199_1402286_clip012_s000/audio.wav,"night summer ambient soundscape, Bowra dry woodland, Australia, mild (22C), dry air, moderate wind, recorded 2023-12-25, no music, no machinery",21.76,26.76,3.16,ok
1200_1402286_clip013_s000,1402286_clip013_s000,1402286,2023-12-25,night,summer,train,12.423,resources/site_257_bowra-dry-a/mvp2_per_cell_dataset/clips/1200_1402286_clip013_s000/audio.wav,"night summer ambient soundscape, Bowra dry woodland, Australia, mild (22C), dry air, moderate wind, recorded 2023-12-25, no music, no machinery",21.76,26.76,3.16,ok
1201_1402286_clip022_s000,1402286_clip022_s000,1402286,2023-12-25,night,summer,train,11.842,resources/site_257_bowra-dry-a/mvp2_per_cell_dataset/clips/1201_1402286_clip022_s000/audio.wav,"night summer ambient soundscape, Bowra dry woodland, Australia, mild (22C), dry air, moderate wind, recorded 2023-12-25, no music, no machinery",21.76,26.76,3.16,ok
1202_1402286_clip023_s000,1402286_clip023_s000,1402286,2023-12-25,night,summer,train,12.167,resources/site_257_bowra-dry-a/mvp2_per_cell_dataset/clips/1202_1402286_clip023_s000/audio.wav,"night summer ambient soundscape, Bowra dry woodland, Australia, mild (22C), dry air, moderate wind, recorded 2023-12-25, no music, no machinery",21.76,26.76,3.16,ok
1203_1402659_clip006_s000,1402659_clip006_s000,1402659,2024-01-02,night,summer,train,11.68,resources/site_257_bowra-dry-a/mvp2_per_cell_dataset/clips/1203_1402659_clip006_s000/audio.wav,"night summer ambient soundscape, Bowra dry woodland, Australia, warm (30C), dry air, moderate wind, recorded 2024-01-02, no music, no machinery",29.87,33.74,4.3,ok
1204_1402659_clip012_s000,1402659_clip012_s000,1402659,2024-01-02,night,summer,train,11.981,resources/site_257_bowra-dry-a/mvp2_per_cell_dataset/clips/1204_1402659_clip012_s000/audio.wav,"night summer ambient soundscape, Bowra dry woodland, Australia, warm (30C), dry air, moderate wind, recorded 2024-01-02, no music, no machinery",29.87,33.74,4.3,ok
1205_1402659_clip020_s000,1402659_clip020_s000,1402659,2024-01-02,night,summer,train,10.658,resources/site_257_bowra-dry-a/mvp2_per_cell_dataset/clips/1205_1402659_clip020_s000/audio.wav,"night summer ambient soundscape, Bowra dry woodland, Australia, warm (30C), dry air, moderate wind, recorded 2024-01-02, no music, no machinery",29.87,33.74,4.3,ok
1206_1402659_clip020_s001,1402659_clip020_s001,1402659,2024-01-02,night,summer,train,11.587,resources/site_257_bowra-dry-a/mvp2_per_cell_dataset/clips/1206_1402659_clip020_s001/audio.wav,"night summer ambient soundscape, Bowra dry woodland, Australia, warm (30C), dry air, moderate wind, recorded 2024-01-02, no music, no machinery",29.87,33.74,4.3,ok
1207_1402659_clip021_s000,1402659_clip021_s000,1402659,2024-01-02,night,summer,train,14.814,resources/site_257_bowra-dry-a/mvp2_per_cell_dataset/clips/1207_1402659_clip021_s000/audio.wav,"night summer ambient soundscape, Bowra dry woodland, Australia, warm (30C), dry air, moderate wind, recorded 2024-01-02, no music, no machinery",29.87,33.74,4.3,ok
1208_1402659_clip021_s001,1402659_clip021_s001,1402659,2024-01-02,night,summer,train,11.773,resources/site_257_bowra-dry-a/mvp2_per_cell_dataset/clips/1208_1402659_clip021_s001/audio.wav,"night summer ambient soundscape, Bowra dry woodland, Australia, warm (30C), dry air, moderate wind, recorded 2024-01-02, no music, no machinery",29.87,33.74,4.3,ok
1209_1402659_clip021_s002,1402659_clip021_s002,1402659,2024-01-02,night,summer,train,12.376,resources/site_257_bowra-dry-a/mvp2_per_cell_dataset/clips/1209_1402659_clip021_s002/audio.wav,"night summer ambient soundscape, Bowra dry woodland, Australia, warm (30C), dry air, moderate wind, recorded 2024-01-02, no music, no machinery",29.87,33.74,4.3,ok
1210_1402123_clip016_s000,1402123_clip016_s000,1402123,2024-02-07,night,summer,train,15.395,resources/site_257_bowra-dry-a/mvp2_per_cell_dataset/clips/1210_1402123_clip016_s000/audio.wav,"night summer ambient soundscape, Bowra dry woodland, Australia, mild (23C), moderate humidity, moderate wind, recorded 2024-02-07, no music, no machinery",22.68,67.57,4.09,ok
1211_1402123_clip024_s000,1402123_clip024_s000,1402123,2024-02-07,night,summer,train,10.008,resources/site_257_bowra-dry-a/mvp2_per_cell_dataset/clips/1211_1402123_clip024_s000/audio.wav,"night summer ambient soundscape, Bowra dry woodland, Australia, mild (23C), moderate humidity, moderate wind, recorded 2024-02-07, no music, no machinery",22.68,67.57,4.09,ok
1212_1401711_clip014_s000,1401711_clip014_s000,1401711,2024-02-16,night,summer,train,13.909,resources/site_257_bowra-dry-a/mvp2_per_cell_dataset/clips/1212_1401711_clip014_s000/audio.wav,"night summer ambient soundscape, Bowra dry woodland, Australia, warm (28C), moderate humidity, moderate wind, recorded 2024-02-16, no music, no machinery",27.62,55.79,2.08,ok
1213_1677542_clip001_s000,1677542_clip001_s000,1677542,2024-12-17,night,summer,train,13.328,resources/site_257_bowra-dry-a/mvp2_per_cell_dataset/clips/1213_1677542_clip001_s000/audio.wav,"night summer ambient soundscape, Bowra dry woodland, Australia, warm (32C), dry air, moderate wind, recorded 2024-12-17, no music, no machinery",31.88,35.49,3.83,ok
1214_1677542_clip001_s001,1677542_clip001_s001,1677542,2024-12-17,night,summer,train,18.437,resources/site_257_bowra-dry-a/mvp2_per_cell_dataset/clips/1214_1677542_clip001_s001/audio.wav,"night summer ambient soundscape, Bowra dry woodland, Australia, warm (32C), dry air, moderate wind, recorded 2024-12-17, no music, no machinery",31.88,35.49,3.83,ok
1215_1677542_clip001_s002,1677542_clip001_s002,1677542,2024-12-17,night,summer,train,13.653,resources/site_257_bowra-dry-a/mvp2_per_cell_dataset/clips/1215_1677542_clip001_s002/audio.wav,"night summer ambient soundscape, Bowra dry woodland, Australia, warm (32C), dry air, moderate wind, recorded 2024-12-17, no music, no machinery",31.88,35.49,3.83,ok
1216_1677542_clip001_s003,1677542_clip001_s003,1677542,2024-12-17,night,summer,train,30.906,resources/site_257_bowra-dry-a/mvp2_per_cell_dataset/clips/1216_1677542_clip001_s003/audio.wav,"night summer ambient soundscape, Bowra dry woodland, Australia, warm (32C), dry air, moderate wind, recorded 2024-12-17, no music, no machinery",31.88,35.49,3.83,ok
1217_1677542_clip002_s000,1677542_clip002_s000,1677542,2024-12-17,night,summer,train,27.121,resources/site_257_bowra-dry-a/mvp2_per_cell_dataset/clips/1217_1677542_clip002_s000/audio.wav,"night summer ambient soundscape, Bowra dry woodland, Australia, warm (32C), dry air, moderate wind, recorded 2024-12-17, no music, no machinery",31.88,35.49,3.83,ok
1218_1677542_clip002_s001,1677542_clip002_s001,1677542,2024-12-17,night,summer,train,11.61,resources/site_257_bowra-dry-a/mvp2_per_cell_dataset/clips/1218_1677542_clip002_s001/audio.wav,"night summer ambient soundscape, Bowra dry woodland, Australia, warm (32C), dry air, moderate wind, recorded 2024-12-17, no music, no machinery",31.88,35.49,3.83,ok
1219_1677542_clip002_s002,1677542_clip002_s002,1677542,2024-12-17,night,summer,train,10.728,resources/site_257_bowra-dry-a/mvp2_per_cell_dataset/clips/1219_1677542_clip002_s002/audio.wav,"night summer ambient soundscape, Bowra dry woodland, Australia, warm (32C), dry air, moderate wind, recorded 2024-12-17, no music, no machinery",31.88,35.49,3.83,ok
1220_1677542_clip002_s003,1677542_clip002_s003,1677542,2024-12-17,night,summer,val,17.392,resources/site_257_bowra-dry-a/mvp2_per_cell_dataset/clips/1220_1677542_clip002_s003/audio.wav,"night summer ambient soundscape, Bowra dry woodland, Australia, warm (32C), dry air, moderate wind, recorded 2024-12-17, no music, no machinery",31.88,35.49,3.83,ok
1221_1677542_clip002_s004,1677542_clip002_s004,1677542,2024-12-17,night,summer,train,17.461,resources/site_257_bowra-dry-a/mvp2_per_cell_dataset/clips/1221_1677542_clip002_s004/audio.wav,"night summer ambient soundscape, Bowra dry woodland, Australia, warm (32C), dry air, moderate wind, recorded 2024-12-17, no music, no machinery",31.88,35.49,3.83,ok
1222_1677542_clip002_s005,1677542_clip002_s005,1677542,2024-12-17,night,summer,train,20.434,resources/site_257_bowra-dry-a/mvp2_per_cell_dataset/clips/1222_1677542_clip002_s005/audio.wav,"night summer ambient soundscape, Bowra dry woodland, Australia, warm (32C), dry air, moderate wind, recorded 2024-12-17, no music, no machinery",31.88,35.49,3.83,ok
1223_1677542_clip002_s006,1677542_clip002_s006,1677542,2024-12-17,night,summer,train,23.824,resources/site_257_bowra-dry-a/mvp2_per_cell_dataset/clips/1223_1677542_clip002_s006/audio.wav,"night summer ambient soundscape, Bowra dry woodland, Australia, warm (32C), dry air, moderate wind, recorded 2024-12-17, no music, no machinery",31.88,35.49,3.83,ok
1224_1677542_clip003_s000,1677542_clip003_s000,1677542,2024-12-17,night,summer,train,35.666,resources/site_257_bowra-dry-a/mvp2_per_cell_dataset/clips/1224_1677542_clip003_s000/audio.wav,"night summer ambient soundscape, Bowra dry woodland, Australia, warm (32C), dry air, moderate wind, recorded 2024-12-17, no music, no machinery",31.88,35.49,3.83,ok
1225_1677542_clip003_s001,1677542_clip003_s001,1677542,2024-12-17,night,summer,train,12.841,resources/site_257_bowra-dry-a/mvp2_per_cell_dataset/clips/1225_1677542_clip003_s001/audio.wav,"night summer ambient soundscape, Bowra dry woodland, Australia, warm (32C), dry air, moderate wind, recorded 2024-12-17, no music, no machinery",31.88,35.49,3.83,ok
1226_1677542_clip003_s002,1677542_clip003_s002,1677542,2024-12-17,night,summer,val,16.765,resources/site_257_bowra-dry-a/mvp2_per_cell_dataset/clips/1226_1677542_clip003_s002/audio.wav,"night summer ambient soundscape, Bowra dry woodland, Australia, warm (32C), dry air, moderate wind, recorded 2024-12-17, no music, no machinery",31.88,35.49,3.83,ok
1227_1677542_clip005_s000,1677542_clip005_s000,1677542,2024-12-17,night,summer,train,30.0,resources/site_257_bowra-dry-a/mvp2_per_cell_dataset/clips/1227_1677542_clip005_s000/audio.wav,"night summer ambient soundscape, Bowra dry woodland, Australia, warm (32C), dry air, moderate wind, recorded 2024-12-17, no music, no machinery",31.88,35.49,3.83,ok
1228_1677542_clip005_s001,1677542_clip005_s001,1677542,2024-12-17,night,summer,train,30.0,resources/site_257_bowra-dry-a/mvp2_per_cell_dataset/clips/1228_1677542_clip005_s001/audio.wav,"night summer ambient soundscape, Bowra dry woodland, Australia, warm (32C), dry air, moderate wind, recorded 2024-12-17, no music, no machinery",31.88,35.49,3.83,ok
1229_1677542_clip005_s002,1677542_clip005_s002,1677542,2024-12-17,night,summer,train,30.0,resources/site_257_bowra-dry-a/mvp2_per_cell_dataset/clips/1229_1677542_clip005_s002/audio.wav,"night summer ambient soundscape, Bowra dry woodland, Australia, warm (32C), dry air, moderate wind, recorded 2024-12-17, no music, no machinery",31.88,35.49,3.83,ok
1230_1677542_clip005_s003,1677542_clip005_s003,1677542,2024-12-17,night,summer,train,30.0,resources/site_257_bowra-dry-a/mvp2_per_cell_dataset/clips/1230_1677542_clip005_s003/audio.wav,"night summer ambient soundscape, Bowra dry woodland, Australia, warm (32C), dry air, moderate wind, recorded 2024-12-17, no music, no machinery",31.88,35.49,3.83,ok
1231_1677542_clip005_s004,1677542_clip005_s004,1677542,2024-12-17,night,summer,train,30.0,resources/site_257_bowra-dry-a/mvp2_per_cell_dataset/clips/1231_1677542_clip005_s004/audio.wav,"night summer ambient soundscape, Bowra dry woodland, Australia, warm (32C), dry air, moderate wind, recorded 2024-12-17, no music, no machinery",31.88,35.49,3.83,ok
1232_1677542_clip005_s005,1677542_clip005_s005,1677542,2024-12-17,night,summer,train,30.0,resources/site_257_bowra-dry-a/mvp2_per_cell_dataset/clips/1232_1677542_clip005_s005/audio.wav,"night summer ambient soundscape, Bowra dry woodland, Australia, warm (32C), dry air, moderate wind, recorded 2024-12-17, no music, no machinery",31.88,35.49,3.83,ok
1233_1677542_clip005_s006,1677542_clip005_s006,1677542,2024-12-17,night,summer,train,30.0,resources/site_257_bowra-dry-a/mvp2_per_cell_dataset/clips/1233_1677542_clip005_s006/audio.wav,"night summer ambient soundscape, Bowra dry woodland, Australia, warm (32C), dry air, moderate wind, recorded 2024-12-17, no music, no machinery",31.88,35.49,3.83,ok
1234_1677542_clip005_s007,1677542_clip005_s007,1677542,2024-12-17,night,summer,train,30.0,resources/site_257_bowra-dry-a/mvp2_per_cell_dataset/clips/1234_1677542_clip005_s007/audio.wav,"night summer ambient soundscape, Bowra dry woodland, Australia, warm (32C), dry air, moderate wind, recorded 2024-12-17, no music, no machinery",31.88,35.49,3.83,ok
1235_1677542_clip005_s008,1677542_clip005_s008,1677542,2024-12-17,night,summer,val,30.0,resources/site_257_bowra-dry-a/mvp2_per_cell_dataset/clips/1235_1677542_clip005_s008/audio.wav,"night summer ambient soundscape, Bowra dry woodland, Australia, warm (32C), dry air, moderate wind, recorded 2024-12-17, no music, no machinery",31.88,35.49,3.83,ok
1236_1677542_clip005_s009,1677542_clip005_s009,1677542,2024-12-17,night,summer,train,30.023,resources/site_257_bowra-dry-a/mvp2_per_cell_dataset/clips/1236_1677542_clip005_s009/audio.wav,"night summer ambient soundscape, Bowra dry woodland, Australia, warm (32C), dry air, moderate wind, recorded 2024-12-17, no music, no machinery",31.88,35.49,3.83,ok
1237_1677542_clip006_s000,1677542_clip006_s000,1677542,2024-12-17,night,summer,train,11.842,resources/site_257_bowra-dry-a/mvp2_per_cell_dataset/clips/1237_1677542_clip006_s000/audio.wav,"night summer ambient soundscape, Bowra dry woodland, Australia, warm (32C), dry air, moderate wind, recorded 2024-12-17, no music, no machinery",31.88,35.49,3.83,ok
1238_1677542_clip006_s001,1677542_clip006_s001,1677542,2024-12-17,night,summer,train,14.629,resources/site_257_bowra-dry-a/mvp2_per_cell_dataset/clips/1238_1677542_clip006_s001/audio.wav,"night summer ambient soundscape, Bowra dry woodland, Australia, warm (32C), dry air, moderate wind, recorded 2024-12-17, no music, no machinery",31.88,35.49,3.83,ok
1239_1677542_clip006_s002,1677542_clip006_s002,1677542,2024-12-17,night,summer,train,19.992,resources/site_257_bowra-dry-a/mvp2_per_cell_dataset/clips/1239_1677542_clip006_s002/audio.wav,"night summer ambient soundscape, Bowra dry woodland, Australia, warm (32C), dry air, moderate wind, recorded 2024-12-17, no music, no machinery",31.88,35.49,3.83,ok
1240_1677542_clip007_s000,1677542_clip007_s000,1677542,2024-12-17,night,summer,train,30.0,resources/site_257_bowra-dry-a/mvp2_per_cell_dataset/clips/1240_1677542_clip007_s000/audio.wav,"night summer ambient soundscape, Bowra dry woodland, Australia, warm (32C), dry air, moderate wind, recorded 2024-12-17, no music, no machinery",31.88,35.49,3.83,ok
1241_1677542_clip007_s001,1677542_clip007_s001,1677542,2024-12-17,night,summer,train,30.0,resources/site_257_bowra-dry-a/mvp2_per_cell_dataset/clips/1241_1677542_clip007_s001/audio.wav,"night summer ambient soundscape, Bowra dry woodland, Australia, warm (32C), dry air, moderate wind, recorded 2024-12-17, no music, no machinery",31.88,35.49,3.83,ok
1242_1677542_clip007_s002,1677542_clip007_s002,1677542,2024-12-17,night,summer,train,30.0,resources/site_257_bowra-dry-a/mvp2_per_cell_dataset/clips/1242_1677542_clip007_s002/audio.wav,"night summer ambient soundscape, Bowra dry woodland, Australia, warm (32C), dry air, moderate wind, recorded 2024-12-17, no music, no machinery",31.88,35.49,3.83,ok
1243_1677542_clip007_s003,1677542_clip007_s003,1677542,2024-12-17,night,summer,train,30.0,resources/site_257_bowra-dry-a/mvp2_per_cell_dataset/clips/1243_1677542_clip007_s003/audio.wav,"night summer ambient soundscape, Bowra dry woodland, Australia, warm (32C), dry air, moderate wind, recorded 2024-12-17, no music, no machinery",31.88,35.49,3.83,ok
1244_1677542_clip007_s004,1677542_clip007_s004,1677542,2024-12-17,night,summer,train,30.0,resources/site_257_bowra-dry-a/mvp2_per_cell_dataset/clips/1244_1677542_clip007_s004/audio.wav,"night summer ambient soundscape, Bowra dry woodland, Australia, warm (32C), dry air, moderate wind, recorded 2024-12-17, no music, no machinery",31.88,35.49,3.83,ok
1245_1677542_clip007_s005,1677542_clip007_s005,1677542,2024-12-17,night,summer,train,30.0,resources/site_257_bowra-dry-a/mvp2_per_cell_dataset/clips/1245_1677542_clip007_s005/audio.wav,"night summer ambient soundscape, Bowra dry woodland, Australia, warm (32C), dry air, moderate wind, recorded 2024-12-17, no music, no machinery",31.88,35.49,3.83,ok
1246_1677542_clip007_s006,1677542_clip007_s006,1677542,2024-12-17,night,summer,train,35.48,resources/site_257_bowra-dry-a/mvp2_per_cell_dataset/clips/1246_1677542_clip007_s006/audio.wav,"night summer ambient soundscape, Bowra dry woodland, Australia, warm (32C), dry air, moderate wind, recorded 2024-12-17, no music, no machinery",31.88,35.49,3.83,ok
1247_1677542_clip007_s007,1677542_clip007_s007,1677542,2024-12-17,night,summer,train,15.116,resources/site_257_bowra-dry-a/mvp2_per_cell_dataset/clips/1247_1677542_clip007_s007/audio.wav,"night summer ambient soundscape, Bowra dry woodland, Australia, warm (32C), dry air, moderate wind, recorded 2024-12-17, no music, no machinery",31.88,35.49,3.83,ok
1248_1677542_clip007_s008,1677542_clip007_s008,1677542,2024-12-17,night,summer,train,27.121,resources/site_257_bowra-dry-a/mvp2_per_cell_dataset/clips/1248_1677542_clip007_s008/audio.wav,"night summer ambient soundscape, Bowra dry woodland, Australia, warm (32C), dry air, moderate wind, recorded 2024-12-17, no music, no machinery",31.88,35.49,3.83,ok
1249_1677542_clip010_s000,1677542_clip010_s000,1677542,2024-12-17,night,summer,train,28.003,resources/site_257_bowra-dry-a/mvp2_per_cell_dataset/clips/1249_1677542_clip010_s000/audio.wav,"night summer ambient soundscape, Bowra dry woodland, Australia, warm (32C), dry air, moderate wind, recorded 2024-12-17, no music, no machinery",31.88,35.49,3.83,ok
1250_1677542_clip010_s001,1677542_clip010_s001,1677542,2024-12-17,night,summer,train,10.426,resources/site_257_bowra-dry-a/mvp2_per_cell_dataset/clips/1250_1677542_clip010_s001/audio.wav,"night summer ambient soundscape, Bowra dry woodland, Australia, warm (32C), dry air, moderate wind, recorded 2024-12-17, no music, no machinery",31.88,35.49,3.83,ok
1251_1677542_clip011_s000,1677542_clip011_s000,1677542,2024-12-17,night,summer,val,10.82,resources/site_257_bowra-dry-a/mvp2_per_cell_dataset/clips/1251_1677542_clip011_s000/audio.wav,"night summer ambient soundscape, Bowra dry woodland, Australia, warm (32C), dry air, moderate wind, recorded 2024-12-17, no music, no machinery",31.88,35.49,3.83,ok
1252_1677542_clip011_s001,1677542_clip011_s001,1677542,2024-12-17,night,summer,train,30.0,resources/site_257_bowra-dry-a/mvp2_per_cell_dataset/clips/1252_1677542_clip011_s001/audio.wav,"night summer ambient soundscape, Bowra dry woodland, Australia, warm (32C), dry air, moderate wind, recorded 2024-12-17, no music, no machinery",31.88,35.49,3.83,ok
1253_1677542_clip011_s002,1677542_clip011_s002,1677542,2024-12-17,night,summer,train,30.0,resources/site_257_bowra-dry-a/mvp2_per_cell_dataset/clips/1253_1677542_clip011_s002/audio.wav,"night summer ambient soundscape, Bowra dry woodland, Australia, warm (32C), dry air, moderate wind, recorded 2024-12-17, no music, no machinery",31.88,35.49,3.83,ok
1254_1677542_clip011_s003,1677542_clip011_s003,1677542,2024-12-17,night,summer,train,54.938,resources/site_257_bowra-dry-a/mvp2_per_cell_dataset/clips/1254_1677542_clip011_s003/audio.wav,"night summer ambient soundscape, Bowra dry woodland, Australia, warm (32C), dry air, moderate wind, recorded 2024-12-17, no music, no machinery",31.88,35.49,3.83,ok
1255_1677542_clip011_s004,1677542_clip011_s004,1677542,2024-12-17,night,summer,train,12.864,resources/site_257_bowra-dry-a/mvp2_per_cell_dataset/clips/1255_1677542_clip011_s004/audio.wav,"night summer ambient soundscape, Bowra dry woodland, Australia, warm (32C), dry air, moderate wind, recorded 2024-12-17, no music, no machinery",31.88,35.49,3.83,ok
1256_1677542_clip011_s005,1677542_clip011_s005,1677542,2024-12-17,night,summer,train,10.333,resources/site_257_bowra-dry-a/mvp2_per_cell_dataset/clips/1256_1677542_clip011_s005/audio.wav,"night summer ambient soundscape, Bowra dry woodland, Australia, warm (32C), dry air, moderate wind, recorded 2024-12-17, no music, no machinery",31.88,35.49,3.83,ok
1257_1677542_clip011_s006,1677542_clip011_s006,1677542,2024-12-17,night,summer,train,18.669,resources/site_257_bowra-dry-a/mvp2_per_cell_dataset/clips/1257_1677542_clip011_s006/audio.wav,"night summer ambient soundscape, Bowra dry woodland, Australia, warm (32C), dry air, moderate wind, recorded 2024-12-17, no music, no machinery",31.88,35.49,3.83,ok
1258_1677542_clip012_s000,1677542_clip012_s000,1677542,2024-12-17,night,summer,train,28.584,resources/site_257_bowra-dry-a/mvp2_per_cell_dataset/clips/1258_1677542_clip012_s000/audio.wav,"night summer ambient soundscape, Bowra dry woodland, Australia, warm (32C), dry air, moderate wind, recorded 2024-12-17, no music, no machinery",31.88,35.49,3.83,ok
1259_1677542_clip012_s001,1677542_clip012_s001,1677542,2024-12-17,night,summer,train,26.749,resources/site_257_bowra-dry-a/mvp2_per_cell_dataset/clips/1259_1677542_clip012_s001/audio.wav,"night summer ambient soundscape, Bowra dry woodland, Australia, warm (32C), dry air, moderate wind, recorded 2024-12-17, no music, no machinery",31.88,35.49,3.83,ok
1260_1677542_clip013_s000,1677542_clip013_s000,1677542,2024-12-17,night,summer,train,19.923,resources/site_257_bowra-dry-a/mvp2_per_cell_dataset/clips/1260_1677542_clip013_s000/audio.wav,"night summer ambient soundscape, Bowra dry woodland, Australia, warm (32C), dry air, moderate wind, recorded 2024-12-17, no music, no machinery",31.88,35.49,3.83,ok
1261_1677542_clip014_s000,1677542_clip014_s000,1677542,2024-12-17,night,summer,train,37.756,resources/site_257_bowra-dry-a/mvp2_per_cell_dataset/clips/1261_1677542_clip014_s000/audio.wav,"night summer ambient soundscape, Bowra dry woodland, Australia, warm (32C), dry air, moderate wind, recorded 2024-12-17, no music, no machinery",31.88,35.49,3.83,ok
1262_1677542_clip014_s001,1677542_clip014_s001,1677542,2024-12-17,night,summer,train,47.624,resources/site_257_bowra-dry-a/mvp2_per_cell_dataset/clips/1262_1677542_clip014_s001/audio.wav,"night summer ambient soundscape, Bowra dry woodland, Australia, warm (32C), dry air, moderate wind, recorded 2024-12-17, no music, no machinery",31.88,35.49,3.83,ok
1263_1677542_clip014_s002,1677542_clip014_s002,1677542,2024-12-17,night,summer,val,30.0,resources/site_257_bowra-dry-a/mvp2_per_cell_dataset/clips/1263_1677542_clip014_s002/audio.wav,"night summer ambient soundscape, Bowra dry woodland, Australia, warm (32C), dry air, moderate wind, recorded 2024-12-17, no music, no machinery",31.88,35.49,3.83,ok
1264_1677542_clip014_s003,1677542_clip014_s003,1677542,2024-12-17,night,summer,train,30.0,resources/site_257_bowra-dry-a/mvp2_per_cell_dataset/clips/1264_1677542_clip014_s003/audio.wav,"night summer ambient soundscape, Bowra dry woodland, Australia, warm (32C), dry air, moderate wind, recorded 2024-12-17, no music, no machinery",31.88,35.49,3.83,ok
1265_1677542_clip014_s004,1677542_clip014_s004,1677542,2024-12-17,night,summer,train,59.188,resources/site_257_bowra-dry-a/mvp2_per_cell_dataset/clips/1265_1677542_clip014_s004/audio.wav,"night summer ambient soundscape, Bowra dry woodland, Australia, warm (32C), dry air, moderate wind, recorded 2024-12-17, no music, no machinery",31.88,35.49,3.83,ok
1266_1677542_clip015_s000,1677542_clip015_s000,1677542,2024-12-17,night,summer,train,10.101,resources/site_257_bowra-dry-a/mvp2_per_cell_dataset/clips/1266_1677542_clip015_s000/audio.wav,"night summer ambient soundscape, Bowra dry woodland, Australia, warm (32C), dry air, moderate wind, recorded 2024-12-17, no music, no machinery",31.88,35.49,3.83,ok
1267_1677542_clip015_s001,1677542_clip015_s001,1677542,2024-12-17,night,summer,train,15.023,resources/site_257_bowra-dry-a/mvp2_per_cell_dataset/clips/1267_1677542_clip015_s001/audio.wav,"night summer ambient soundscape, Bowra dry woodland, Australia, warm (32C), dry air, moderate wind, recorded 2024-12-17, no music, no machinery",31.88,35.49,3.83,ok
1268_1677542_clip015_s002,1677542_clip015_s002,1677542,2024-12-17,night,summer,train,12.33,resources/site_257_bowra-dry-a/mvp2_per_cell_dataset/clips/1268_1677542_clip015_s002/audio.wav,"night summer ambient soundscape, Bowra dry woodland, Australia, warm (32C), dry air, moderate wind, recorded 2024-12-17, no music, no machinery",31.88,35.49,3.83,ok
1269_1677542_clip015_s003,1677542_clip015_s003,1677542,2024-12-17,night,summer,train,11.262,resources/site_257_bowra-dry-a/mvp2_per_cell_dataset/clips/1269_1677542_clip015_s003/audio.wav,"night summer ambient soundscape, Bowra dry woodland, Australia, warm (32C), dry air, moderate wind, recorded 2024-12-17, no music, no machinery",31.88,35.49,3.83,ok
1270_1677542_clip016_s000,1677542_clip016_s000,1677542,2024-12-17,night,summer,train,18.553,resources/site_257_bowra-dry-a/mvp2_per_cell_dataset/clips/1270_1677542_clip016_s000/audio.wav,"night summer ambient soundscape, Bowra dry woodland, Australia, warm (32C), dry air, moderate wind, recorded 2024-12-17, no music, no machinery",31.88,35.49,3.83,ok
1271_1677542_clip016_s001,1677542_clip016_s001,1677542,2024-12-17,night,summer,train,14.443,resources/site_257_bowra-dry-a/mvp2_per_cell_dataset/clips/1271_1677542_clip016_s001/audio.wav,"night summer ambient soundscape, Bowra dry woodland, Australia, warm (32C), dry air, moderate wind, recorded 2024-12-17, no music, no machinery",31.88,35.49,3.83,ok
1272_1677542_clip018_s000,1677542_clip018_s000,1677542,2024-12-17,night,summer,train,14.512,resources/site_257_bowra-dry-a/mvp2_per_cell_dataset/clips/1272_1677542_clip018_s000/audio.wav,"night summer ambient soundscape, Bowra dry woodland, Australia, warm (32C), dry air, moderate wind, recorded 2024-12-17, no music, no machinery",31.88,35.49,3.83,ok
1273_1677542_clip018_s001,1677542_clip018_s001,1677542,2024-12-17,night,summer,train,22.686,resources/site_257_bowra-dry-a/mvp2_per_cell_dataset/clips/1273_1677542_clip018_s001/audio.wav,"night summer ambient soundscape, Bowra dry woodland, Australia, warm (32C), dry air, moderate wind, recorded 2024-12-17, no music, no machinery",31.88,35.49,3.83,ok
1274_1677542_clip018_s002,1677542_clip018_s002,1677542,2024-12-17,night,summer,train,30.0,resources/site_257_bowra-dry-a/mvp2_per_cell_dataset/clips/1274_1677542_clip018_s002/audio.wav,"night summer ambient soundscape, Bowra dry woodland, Australia, warm (32C), dry air, moderate wind, recorded 2024-12-17, no music, no machinery",31.88,35.49,3.83,ok
1275_1677542_clip018_s003,1677542_clip018_s003,1677542,2024-12-17,night,summer,train,45.279,resources/site_257_bowra-dry-a/mvp2_per_cell_dataset/clips/1275_1677542_clip018_s003/audio.wav,"night summer ambient soundscape, Bowra dry woodland, Australia, warm (32C), dry air, moderate wind, recorded 2024-12-17, no music, no machinery",31.88,35.49,3.83,ok
1276_1677542_clip019_s000,1677542_clip019_s000,1677542,2024-12-17,night,summer,train,13.653,resources/site_257_bowra-dry-a/mvp2_per_cell_dataset/clips/1276_1677542_clip019_s000/audio.wav,"night summer ambient soundscape, Bowra dry woodland, Australia, warm (32C), dry air, moderate wind, recorded 2024-12-17, no music, no machinery",31.88,35.49,3.83,ok
1277_1677542_clip019_s001,1677542_clip019_s001,1677542,2024-12-17,night,summer,train,12.005,resources/site_257_bowra-dry-a/mvp2_per_cell_dataset/clips/1277_1677542_clip019_s001/audio.wav,"night summer ambient soundscape, Bowra dry woodland, Australia, warm (32C), dry air, moderate wind, recorded 2024-12-17, no music, no machinery",31.88,35.49,3.83,ok
1278_1677542_clip019_s002,1677542_clip019_s002,1677542,2024-12-17,night,summer,val,11.447,resources/site_257_bowra-dry-a/mvp2_per_cell_dataset/clips/1278_1677542_clip019_s002/audio.wav,"night summer ambient soundscape, Bowra dry woodland, Australia, warm (32C), dry air, moderate wind, recorded 2024-12-17, no music, no machinery",31.88,35.49,3.83,ok
1279_1677542_clip019_s003,1677542_clip019_s003,1677542,2024-12-17,night,summer,train,14.536,resources/site_257_bowra-dry-a/mvp2_per_cell_dataset/clips/1279_1677542_clip019_s003/audio.wav,"night summer ambient soundscape, Bowra dry woodland, Australia, warm (32C), dry air, moderate wind, recorded 2024-12-17, no music, no machinery",31.88,35.49,3.83,ok
1280_1677542_clip019_s004,1677542_clip019_s004,1677542,2024-12-17,night,summer,train,18.065,resources/site_257_bowra-dry-a/mvp2_per_cell_dataset/clips/1280_1677542_clip019_s004/audio.wav,"night summer ambient soundscape, Bowra dry woodland, Australia, warm (32C), dry air, moderate wind, recorded 2024-12-17, no music, no machinery",31.88,35.49,3.83,ok
1281_1677542_clip020_s000,1677542_clip020_s000,1677542,2024-12-17,night,summer,train,11.447,resources/site_257_bowra-dry-a/mvp2_per_cell_dataset/clips/1281_1677542_clip020_s000/audio.wav,"night summer ambient soundscape, Bowra dry woodland, Australia, warm (32C), dry air, moderate wind, recorded 2024-12-17, no music, no machinery",31.88,35.49,3.83,ok
1282_1677542_clip021_s000,1677542_clip021_s000,1677542,2024-12-17,night,summer,train,12.283,resources/site_257_bowra-dry-a/mvp2_per_cell_dataset/clips/1282_1677542_clip021_s000/audio.wav,"night summer ambient soundscape, Bowra dry woodland, Australia, warm (32C), dry air, moderate wind, recorded 2024-12-17, no music, no machinery",31.88,35.49,3.83,ok
1283_1677542_clip021_s001,1677542_clip021_s001,1677542,2024-12-17,night,summer,train,16.858,resources/site_257_bowra-dry-a/mvp2_per_cell_dataset/clips/1283_1677542_clip021_s001/audio.wav,"night summer ambient soundscape, Bowra dry woodland, Australia, warm (32C), dry air, moderate wind, recorded 2024-12-17, no music, no machinery",31.88,35.49,3.83,ok
1284_1677542_clip022_s000,1677542_clip022_s000,1677542,2024-12-17,night,summer,train,11.285,resources/site_257_bowra-dry-a/mvp2_per_cell_dataset/clips/1284_1677542_clip022_s000/audio.wav,"night summer ambient soundscape, Bowra dry woodland, Australia, warm (32C), dry air, moderate wind, recorded 2024-12-17, no music, no machinery",31.88,35.49,3.83,ok
1285_1677542_clip022_s001,1677542_clip022_s001,1677542,2024-12-17,night,summer,train,12.957,resources/site_257_bowra-dry-a/mvp2_per_cell_dataset/clips/1285_1677542_clip022_s001/audio.wav,"night summer ambient soundscape, Bowra dry woodland, Australia, warm (32C), dry air, moderate wind, recorded 2024-12-17, no music, no machinery",31.88,35.49,3.83,ok
1286_1677542_clip023_s000,1677542_clip023_s000,1677542,2024-12-17,night,summer,train,28.63,resources/site_257_bowra-dry-a/mvp2_per_cell_dataset/clips/1286_1677542_clip023_s000/audio.wav,"night summer ambient soundscape, Bowra dry woodland, Australia, warm (32C), dry air, moderate wind, recorded 2024-12-17, no music, no machinery",31.88,35.49,3.83,ok
1287_1677542_clip023_s001,1677542_clip023_s001,1677542,2024-12-17,night,summer,train,25.797,resources/site_257_bowra-dry-a/mvp2_per_cell_dataset/clips/1287_1677542_clip023_s001/audio.wav,"night summer ambient soundscape, Bowra dry woodland, Australia, warm (32C), dry air, moderate wind, recorded 2024-12-17, no music, no machinery",31.88,35.49,3.83,ok
1288_1677542_clip023_s002,1677542_clip023_s002,1677542,2024-12-17,night,summer,train,11.076,resources/site_257_bowra-dry-a/mvp2_per_cell_dataset/clips/1288_1677542_clip023_s002/audio.wav,"night summer ambient soundscape, Bowra dry woodland, Australia, warm (32C), dry air, moderate wind, recorded 2024-12-17, no music, no machinery",31.88,35.49,3.83,ok
1289_1677542_clip023_s003,1677542_clip023_s003,1677542,2024-12-17,night,summer,train,18.599,resources/site_257_bowra-dry-a/mvp2_per_cell_dataset/clips/1289_1677542_clip023_s003/audio.wav,"night summer ambient soundscape, Bowra dry woodland, Australia, warm (32C), dry air, moderate wind, recorded 2024-12-17, no music, no machinery",31.88,35.49,3.83,ok
1290_1677542_clip024_s000,1677542_clip024_s000,1677542,2024-12-17,night,summer,train,30.0,resources/site_257_bowra-dry-a/mvp2_per_cell_dataset/clips/1290_1677542_clip024_s000/audio.wav,"night summer ambient soundscape, Bowra dry woodland, Australia, warm (32C), dry air, moderate wind, recorded 2024-12-17, no music, no machinery",31.88,35.49,3.83,ok
1291_1677542_clip024_s001,1677542_clip024_s001,1677542,2024-12-17,night,summer,train,42.748,resources/site_257_bowra-dry-a/mvp2_per_cell_dataset/clips/1291_1677542_clip024_s001/audio.wav,"night summer ambient soundscape, Bowra dry woodland, Australia, warm (32C), dry air, moderate wind, recorded 2024-12-17, no music, no machinery",31.88,35.49,3.83,ok
1292_1677542_clip024_s002,1677542_clip024_s002,1677542,2024-12-17,night,summer,train,16.602,resources/site_257_bowra-dry-a/mvp2_per_cell_dataset/clips/1292_1677542_clip024_s002/audio.wav,"night summer ambient soundscape, Bowra dry woodland, Australia, warm (32C), dry air, moderate wind, recorded 2024-12-17, no music, no machinery",31.88,35.49,3.83,ok
1293_1677542_clip024_s003,1677542_clip024_s003,1677542,2024-12-17,night,summer,train,42.655,resources/site_257_bowra-dry-a/mvp2_per_cell_dataset/clips/1293_1677542_clip024_s003/audio.wav,"night summer ambient soundscape, Bowra dry woodland, Australia, warm (32C), dry air, moderate wind, recorded 2024-12-17, no music, no machinery",31.88,35.49,3.83,ok
1294_1681922_clip001_s000,1681922_clip001_s000,1681922,2025-01-01,night,summer,train,11.935,resources/site_257_bowra-dry-a/mvp2_per_cell_dataset/clips/1294_1681922_clip001_s000/audio.wav,"night summer ambient soundscape, Bowra dry woodland, Australia, warm (28C), dry air, moderate wind, recorded 2025-01-01, no music, no machinery",28.17,22.36,2.79,ok
1295_1681922_clip007_s000,1681922_clip007_s000,1681922,2025-01-01,night,summer,train,11.796,resources/site_257_bowra-dry-a/mvp2_per_cell_dataset/clips/1295_1681922_clip007_s000/audio.wav,"night summer ambient soundscape, Bowra dry woodland, Australia, warm (28C), dry air, moderate wind, recorded 2025-01-01, no music, no machinery",28.17,22.36,2.79,ok
1296_1681922_clip018_s000,1681922_clip018_s000,1681922,2025-01-01,night,summer,train,11.773,resources/site_257_bowra-dry-a/mvp2_per_cell_dataset/clips/1296_1681922_clip018_s000/audio.wav,"night summer ambient soundscape, Bowra dry woodland, Australia, warm (28C), dry air, moderate wind, recorded 2025-01-01, no music, no machinery",28.17,22.36,2.79,ok
1297_1676615_clip002_s000,1676615_clip002_s000,1676615,2025-01-22,night,summer,train,11.076,resources/site_257_bowra-dry-a/mvp2_per_cell_dataset/clips/1297_1676615_clip002_s000/audio.wav,"night summer ambient soundscape, Bowra dry woodland, Australia, hot (32C), dry air, moderate wind, recorded 2025-01-22, no music, no machinery",32.25,23.77,4.41,ok
1298_1676615_clip003_s000,1676615_clip003_s000,1676615,2025-01-22,night,summer,train,13.653,resources/site_257_bowra-dry-a/mvp2_per_cell_dataset/clips/1298_1676615_clip003_s000/audio.wav,"night summer ambient soundscape, Bowra dry woodland, Australia, hot (32C), dry air, moderate wind, recorded 2025-01-22, no music, no machinery",32.25,23.77,4.41,ok
1299_1676615_clip004_s000,1676615_clip004_s000,1676615,2025-01-22,night,summer,train,13.073,resources/site_257_bowra-dry-a/mvp2_per_cell_dataset/clips/1299_1676615_clip004_s000/audio.wav,"night summer ambient soundscape, Bowra dry woodland, Australia, hot (32C), dry air, moderate wind, recorded 2025-01-22, no music, no machinery",32.25,23.77,4.41,ok
1300_1676615_clip005_s000,1676615_clip005_s000,1676615,2025-01-22,night,summer,train,12.33,resources/site_257_bowra-dry-a/mvp2_per_cell_dataset/clips/1300_1676615_clip005_s000/audio.wav,"night summer ambient soundscape, Bowra dry woodland, Australia, hot (32C), dry air, moderate wind, recorded 2025-01-22, no music, no machinery",32.25,23.77,4.41,ok
1301_1676615_clip007_s000,1676615_clip007_s000,1676615,2025-01-22,night,summer,val,33.831,resources/site_257_bowra-dry-a/mvp2_per_cell_dataset/clips/1301_1676615_clip007_s000/audio.wav,"night summer ambient soundscape, Bowra dry woodland, Australia, hot (32C), dry air, moderate wind, recorded 2025-01-22, no music, no machinery",32.25,23.77,4.41,ok
1302_1676615_clip008_s000,1676615_clip008_s000,1676615,2025-01-22,night,summer,train,50.712,resources/site_257_bowra-dry-a/mvp2_per_cell_dataset/clips/1302_1676615_clip008_s000/audio.wav,"night summer ambient soundscape, Bowra dry woodland, Australia, hot (32C), dry air, moderate wind, recorded 2025-01-22, no music, no machinery",32.25,23.77,4.41,ok
1303_1676615_clip008_s001,1676615_clip008_s001,1676615,2025-01-22,night,summer,train,35.968,resources/site_257_bowra-dry-a/mvp2_per_cell_dataset/clips/1303_1676615_clip008_s001/audio.wav,"night summer ambient soundscape, Bowra dry woodland, Australia, hot (32C), dry air, moderate wind, recorded 2025-01-22, no music, no machinery",32.25,23.77,4.41,ok
1304_1676615_clip013_s000,1676615_clip013_s000,1676615,2025-01-22,night,summer,train,10.426,resources/site_257_bowra-dry-a/mvp2_per_cell_dataset/clips/1304_1676615_clip013_s000/audio.wav,"night summer ambient soundscape, Bowra dry woodland, Australia, hot (32C), dry air, moderate wind, recorded 2025-01-22, no music, no machinery",32.25,23.77,4.41,ok
1305_1676615_clip015_s000,1676615_clip015_s000,1676615,2025-01-22,night,summer,train,11.401,resources/site_257_bowra-dry-a/mvp2_per_cell_dataset/clips/1305_1676615_clip015_s000/audio.wav,"night summer ambient soundscape, Bowra dry woodland, Australia, hot (32C), dry air, moderate wind, recorded 2025-01-22, no music, no machinery",32.25,23.77,4.41,ok
1306_1676615_clip019_s000,1676615_clip019_s000,1676615,2025-01-22,night,summer,train,10.31,resources/site_257_bowra-dry-a/mvp2_per_cell_dataset/clips/1306_1676615_clip019_s000/audio.wav,"night summer ambient soundscape, Bowra dry woodland, Australia, hot (32C), dry air, moderate wind, recorded 2025-01-22, no music, no machinery",32.25,23.77,4.41,ok
1307_1676615_clip019_s001,1676615_clip019_s001,1676615,2025-01-22,night,summer,train,12.028,resources/site_257_bowra-dry-a/mvp2_per_cell_dataset/clips/1307_1676615_clip019_s001/audio.wav,"night summer ambient soundscape, Bowra dry woodland, Australia, hot (32C), dry air, moderate wind, recorded 2025-01-22, no music, no machinery",32.25,23.77,4.41,ok
1308_1676615_clip023_s000,1676615_clip023_s000,1676615,2025-01-22,night,summer,train,11.517,resources/site_257_bowra-dry-a/mvp2_per_cell_dataset/clips/1308_1676615_clip023_s000/audio.wav,"night summer ambient soundscape, Bowra dry woodland, Australia, hot (32C), dry air, moderate wind, recorded 2025-01-22, no music, no machinery",32.25,23.77,4.41,ok
1309_1679511_clip005_s000,1679511_clip005_s000,1679511,2025-02-13,night,summer,train,11.633,resources/site_257_bowra-dry-a/mvp2_per_cell_dataset/clips/1309_1679511_clip005_s000/audio.wav,"night summer ambient soundscape, Bowra dry woodland, Australia, hot (33C), dry air, light breeze, recorded 2025-02-13, no music, no machinery",32.68,34.83,1.6,ok
1310_1679511_clip013_s000,1679511_clip013_s000,1679511,2025-02-13,night,summer,train,12.237,resources/site_257_bowra-dry-a/mvp2_per_cell_dataset/clips/1310_1679511_clip013_s000/audio.wav,"night summer ambient soundscape, Bowra dry woodland, Australia, hot (33C), dry air, light breeze, recorded 2025-02-13, no music, no machinery",32.68,34.83,1.6,ok
1311_1679511_clip014_s000,1679511_clip014_s000,1679511,2025-02-13,night,summer,train,13.05,resources/site_257_bowra-dry-a/mvp2_per_cell_dataset/clips/1311_1679511_clip014_s000/audio.wav,"night summer ambient soundscape, Bowra dry woodland, Australia, hot (33C), dry air, light breeze, recorded 2025-02-13, no music, no machinery",32.68,34.83,1.6,ok
1312_1679511_clip015_s000,1679511_clip015_s000,1679511,2025-02-13,night,summer,train,10.263,resources/site_257_bowra-dry-a/mvp2_per_cell_dataset/clips/1312_1679511_clip015_s000/audio.wav,"night summer ambient soundscape, Bowra dry woodland, Australia, hot (33C), dry air, light breeze, recorded 2025-02-13, no music, no machinery",32.68,34.83,1.6,ok
1313_1679511_clip015_s001,1679511_clip015_s001,1679511,2025-02-13,night,summer,train,10.704,resources/site_257_bowra-dry-a/mvp2_per_cell_dataset/clips/1313_1679511_clip015_s001/audio.wav,"night summer ambient soundscape, Bowra dry woodland, Australia, hot (33C), dry air, light breeze, recorded 2025-02-13, no music, no machinery",32.68,34.83,1.6,ok
1314_1679511_clip019_s000,1679511_clip019_s000,1679511,2025-02-13,night,summer,train,10.147,resources/site_257_bowra-dry-a/mvp2_per_cell_dataset/clips/1314_1679511_clip019_s000/audio.wav,"night summer ambient soundscape, Bowra dry woodland, Australia, hot (33C), dry air, light breeze, recorded 2025-02-13, no music, no machinery",32.68,34.83,1.6,ok
1315_1679511_clip020_s000,1679511_clip020_s000,1679511,2025-02-13,night,summer,train,12.934,resources/site_257_bowra-dry-a/mvp2_per_cell_dataset/clips/1315_1679511_clip020_s000/audio.wav,"night summer ambient soundscape, Bowra dry woodland, Australia, hot (33C), dry air, light breeze, recorded 2025-02-13, no music, no machinery",32.68,34.83,1.6,ok
1316_1679511_clip021_s000,1679511_clip021_s000,1679511,2025-02-13,night,summer,train,15.186,resources/site_257_bowra-dry-a/mvp2_per_cell_dataset/clips/1316_1679511_clip021_s000/audio.wav,"night summer ambient soundscape, Bowra dry woodland, Australia, hot (33C), dry air, light breeze, recorded 2025-02-13, no music, no machinery",32.68,34.83,1.6,ok
1317_1679511_clip022_s000,1679511_clip022_s000,1679511,2025-02-13,night,summer,train,10.194,resources/site_257_bowra-dry-a/mvp2_per_cell_dataset/clips/1317_1679511_clip022_s000/audio.wav,"night summer ambient soundscape, Bowra dry woodland, Australia, hot (33C), dry air, light breeze, recorded 2025-02-13, no music, no machinery",32.68,34.83,1.6,ok
1318_1679511_clip022_s001,1679511_clip022_s001,1679511,2025-02-13,night,summer,val,10.588,resources/site_257_bowra-dry-a/mvp2_per_cell_dataset/clips/1318_1679511_clip022_s001/audio.wav,"night summer ambient soundscape, Bowra dry woodland, Australia, hot (33C), dry air, light breeze, recorded 2025-02-13, no music, no machinery",32.68,34.83,1.6,ok
1319_1679511_clip023_s000,1679511_clip023_s000,1679511,2025-02-13,night,summer,train,11.424,resources/site_257_bowra-dry-a/mvp2_per_cell_dataset/clips/1319_1679511_clip023_s000/audio.wav,"night summer ambient soundscape, Bowra dry woodland, Australia, hot (33C), dry air, light breeze, recorded 2025-02-13, no music, no machinery",32.68,34.83,1.6,ok
1320_1679511_clip024_s000,1679511_clip024_s000,1679511,2025-02-13,night,summer,val,14.745,resources/site_257_bowra-dry-a/mvp2_per_cell_dataset/clips/1320_1679511_clip024_s000/audio.wav,"night summer ambient soundscape, Bowra dry woodland, Australia, hot (33C), dry air, light breeze, recorded 2025-02-13, no music, no machinery",32.68,34.83,1.6,ok
1321_1680019_clip005_s000,1680019_clip005_s000,1680019,2025-02-19,night,summer,train,10.194,resources/site_257_bowra-dry-a/mvp2_per_cell_dataset/clips/1321_1680019_clip005_s000/audio.wav,"night summer ambient soundscape, Bowra dry woodland, Australia, mild (25C), dry air, moderate wind, recorded 2025-02-19, no music, no machinery",24.85,24.17,4.72,ok
1322_1680019_clip015_s000,1680019_clip015_s000,1680019,2025-02-19,night,summer,train,12.028,resources/site_257_bowra-dry-a/mvp2_per_cell_dataset/clips/1322_1680019_clip015_s000/audio.wav,"night summer ambient soundscape, Bowra dry woodland, Australia, mild (25C), dry air, moderate wind, recorded 2025-02-19, no music, no machinery",24.85,24.17,4.72,ok
1323_1680019_clip023_s000,1680019_clip023_s000,1680019,2025-02-19,night,summer,val,10.031,resources/site_257_bowra-dry-a/mvp2_per_cell_dataset/clips/1323_1680019_clip023_s000/audio.wav,"night summer ambient soundscape, Bowra dry woodland, Australia, mild (25C), dry air, moderate wind, recorded 2025-02-19, no music, no machinery",24.85,24.17,4.72,ok
1324_5293_clip002_s000,5293_clip002_s000,5293,2019-08-14,afternoon,winter,train,14.489,resources/site_257_bowra-dry-a/mvp2_per_cell_dataset/clips/1324_5293_clip002_s000/audio.wav,"afternoon winter ambient soundscape, Bowra dry woodland, Australia, mild (20C), dry air, still, recorded 2019-08-14, no music, no machinery",20.4,22.19,0.42,ok
1325_5293_clip008_s000,5293_clip008_s000,5293,2019-08-14,afternoon,winter,train,16.649,resources/site_257_bowra-dry-a/mvp2_per_cell_dataset/clips/1325_5293_clip008_s000/audio.wav,"afternoon winter ambient soundscape, Bowra dry woodland, Australia, mild (20C), dry air, still, recorded 2019-08-14, no music, no machinery",20.4,22.19,0.42,ok
1326_5293_clip024_s000,5293_clip024_s000,5293,2019-08-14,afternoon,winter,train,10.077,resources/site_257_bowra-dry-a/mvp2_per_cell_dataset/clips/1326_5293_clip024_s000/audio.wav,"afternoon winter ambient soundscape, Bowra dry woodland, Australia, mild (20C), dry air, still, recorded 2019-08-14, no music, no machinery",20.4,22.19,0.42,ok
1327_445532_clip004_s000,445532_clip004_s000,445532,2020-08-31,afternoon,winter,train,11.122,resources/site_257_bowra-dry-a/mvp2_per_cell_dataset/clips/1327_445532_clip004_s000/audio.wav,"afternoon winter ambient soundscape, Bowra dry woodland, Australia, mild (23C), dry air, moderate wind, recorded 2020-08-31, no music, no machinery",22.63,31.52,4.72,ok
1328_445532_clip008_s000,445532_clip008_s000,445532,2020-08-31,afternoon,winter,train,12.725,resources/site_257_bowra-dry-a/mvp2_per_cell_dataset/clips/1328_445532_clip008_s000/audio.wav,"afternoon winter ambient soundscape, Bowra dry woodland, Australia, mild (23C), dry air, moderate wind, recorded 2020-08-31, no music, no machinery",22.63,31.52,4.72,ok
1329_445532_clip019_s000,445532_clip019_s000,445532,2020-08-31,afternoon,winter,train,12.446,resources/site_257_bowra-dry-a/mvp2_per_cell_dataset/clips/1329_445532_clip019_s000/audio.wav,"afternoon winter ambient soundscape, Bowra dry woodland, Australia, mild (23C), dry air, moderate wind, recorded 2020-08-31, no music, no machinery",22.63,31.52,4.72,ok
1330_445532_clip020_s000,445532_clip020_s000,445532,2020-08-31,afternoon,winter,train,12.237,resources/site_257_bowra-dry-a/mvp2_per_cell_dataset/clips/1330_445532_clip020_s000/audio.wav,"afternoon winter ambient soundscape, Bowra dry woodland, Australia, mild (23C), dry air, moderate wind, recorded 2020-08-31, no music, no machinery",22.63,31.52,4.72,ok
1331_1313831_clip011_s000,1313831_clip011_s000,1313831,2023-06-15,afternoon,winter,train,10.658,resources/site_257_bowra-dry-a/mvp2_per_cell_dataset/clips/1331_1313831_clip011_s000/audio.wav,"afternoon winter ambient soundscape, Bowra dry woodland, Australia, mild (19C), dry air, light breeze, recorded 2023-06-15, no music, no machinery",18.59,33.29,1.56,ok
1332_1313831_clip014_s000,1313831_clip014_s000,1313831,2023-06-15,afternoon,winter,train,12.098,resources/site_257_bowra-dry-a/mvp2_per_cell_dataset/clips/1332_1313831_clip014_s000/audio.wav,"afternoon winter ambient soundscape, Bowra dry woodland, Australia, mild (19C), dry air, light breeze, recorded 2023-06-15, no music, no machinery",18.59,33.29,1.56,ok
1333_1313831_clip014_s001,1313831_clip014_s001,1313831,2023-06-15,afternoon,winter,train,10.612,resources/site_257_bowra-dry-a/mvp2_per_cell_dataset/clips/1333_1313831_clip014_s001/audio.wav,"afternoon winter ambient soundscape, Bowra dry woodland, Australia, mild (19C), dry air, light breeze, recorded 2023-06-15, no music, no machinery",18.59,33.29,1.56,ok
1334_1313831_clip014_s002,1313831_clip014_s002,1313831,2023-06-15,afternoon,winter,val,14.466,resources/site_257_bowra-dry-a/mvp2_per_cell_dataset/clips/1334_1313831_clip014_s002/audio.wav,"afternoon winter ambient soundscape, Bowra dry woodland, Australia, mild (19C), dry air, light breeze, recorded 2023-06-15, no music, no machinery",18.59,33.29,1.56,ok
1335_1313831_clip015_s000,1313831_clip015_s000,1313831,2023-06-15,afternoon,winter,train,11.656,resources/site_257_bowra-dry-a/mvp2_per_cell_dataset/clips/1335_1313831_clip015_s000/audio.wav,"afternoon winter ambient soundscape, Bowra dry woodland, Australia, mild (19C), dry air, light breeze, recorded 2023-06-15, no music, no machinery",18.59,33.29,1.56,ok
1336_1313831_clip016_s000,1313831_clip016_s000,1313831,2023-06-15,afternoon,winter,train,11.494,resources/site_257_bowra-dry-a/mvp2_per_cell_dataset/clips/1336_1313831_clip016_s000/audio.wav,"afternoon winter ambient soundscape, Bowra dry woodland, Australia, mild (19C), dry air, light breeze, recorded 2023-06-15, no music, no machinery",18.59,33.29,1.56,ok
1337_1313831_clip016_s001,1313831_clip016_s001,1313831,2023-06-15,afternoon,winter,train,15.209,resources/site_257_bowra-dry-a/mvp2_per_cell_dataset/clips/1337_1313831_clip016_s001/audio.wav,"afternoon winter ambient soundscape, Bowra dry woodland, Australia, mild (19C), dry air, light breeze, recorded 2023-06-15, no music, no machinery",18.59,33.29,1.56,ok
1338_1313831_clip017_s000,1313831_clip017_s000,1313831,2023-06-15,afternoon,winter,val,11.076,resources/site_257_bowra-dry-a/mvp2_per_cell_dataset/clips/1338_1313831_clip017_s000/audio.wav,"afternoon winter ambient soundscape, Bowra dry woodland, Australia, mild (19C), dry air, light breeze, recorded 2023-06-15, no music, no machinery",18.59,33.29,1.56,ok
1339_1313831_clip019_s000,1313831_clip019_s000,1313831,2023-06-15,afternoon,winter,train,23.081,resources/site_257_bowra-dry-a/mvp2_per_cell_dataset/clips/1339_1313831_clip019_s000/audio.wav,"afternoon winter ambient soundscape, Bowra dry woodland, Australia, mild (19C), dry air, light breeze, recorded 2023-06-15, no music, no machinery",18.59,33.29,1.56,ok
1340_1313831_clip019_s001,1313831_clip019_s001,1313831,2023-06-15,afternoon,winter,train,10.937,resources/site_257_bowra-dry-a/mvp2_per_cell_dataset/clips/1340_1313831_clip019_s001/audio.wav,"afternoon winter ambient soundscape, Bowra dry woodland, Australia, mild (19C), dry air, light breeze, recorded 2023-06-15, no music, no machinery",18.59,33.29,1.56,ok
1341_1313831_clip019_s002,1313831_clip019_s002,1313831,2023-06-15,afternoon,winter,train,16.695,resources/site_257_bowra-dry-a/mvp2_per_cell_dataset/clips/1341_1313831_clip019_s002/audio.wav,"afternoon winter ambient soundscape, Bowra dry woodland, Australia, mild (19C), dry air, light breeze, recorded 2023-06-15, no music, no machinery",18.59,33.29,1.56,ok
1342_1313831_clip020_s000,1313831_clip020_s000,1313831,2023-06-15,afternoon,winter,train,11.471,resources/site_257_bowra-dry-a/mvp2_per_cell_dataset/clips/1342_1313831_clip020_s000/audio.wav,"afternoon winter ambient soundscape, Bowra dry woodland, Australia, mild (19C), dry air, light breeze, recorded 2023-06-15, no music, no machinery",18.59,33.29,1.56,ok
1343_1313831_clip023_s000,1313831_clip023_s000,1313831,2023-06-15,afternoon,winter,train,14.907,resources/site_257_bowra-dry-a/mvp2_per_cell_dataset/clips/1343_1313831_clip023_s000/audio.wav,"afternoon winter ambient soundscape, Bowra dry woodland, Australia, mild (19C), dry air, light breeze, recorded 2023-06-15, no music, no machinery",18.59,33.29,1.56,ok
1344_1536797_clip003_s000,1536797_clip003_s000,1536797,2024-06-12,afternoon,winter,train,10.937,resources/site_257_bowra-dry-a/mvp2_per_cell_dataset/clips/1344_1536797_clip003_s000/audio.wav,"afternoon winter ambient soundscape, Bowra dry woodland, Australia, mild (20C), dry air, moderate wind, recorded 2024-06-12, no music, no machinery",20.12,39.39,5.33,ok
1345_1536797_clip008_s000,1536797_clip008_s000,1536797,2024-06-12,afternoon,winter,train,10.983,resources/site_257_bowra-dry-a/mvp2_per_cell_dataset/clips/1345_1536797_clip008_s000/audio.wav,"afternoon winter ambient soundscape, Bowra dry woodland, Australia, mild (20C), dry air, moderate wind, recorded 2024-06-12, no music, no machinery",20.12,39.39,5.33,ok
1346_1536797_clip008_s001,1536797_clip008_s001,1536797,2024-06-12,afternoon,winter,train,10.379,resources/site_257_bowra-dry-a/mvp2_per_cell_dataset/clips/1346_1536797_clip008_s001/audio.wav,"afternoon winter ambient soundscape, Bowra dry woodland, Australia, mild (20C), dry air, moderate wind, recorded 2024-06-12, no music, no machinery",20.12,39.39,5.33,ok
1347_1536797_clip010_s000,1536797_clip010_s000,1536797,2024-06-12,afternoon,winter,train,10.472,resources/site_257_bowra-dry-a/mvp2_per_cell_dataset/clips/1347_1536797_clip010_s000/audio.wav,"afternoon winter ambient soundscape, Bowra dry woodland, Australia, mild (20C), dry air, moderate wind, recorded 2024-06-12, no music, no machinery",20.12,39.39,5.33,ok
1348_1536797_clip011_s000,1536797_clip011_s000,1536797,2024-06-12,afternoon,winter,train,11.773,resources/site_257_bowra-dry-a/mvp2_per_cell_dataset/clips/1348_1536797_clip011_s000/audio.wav,"afternoon winter ambient soundscape, Bowra dry woodland, Australia, mild (20C), dry air, moderate wind, recorded 2024-06-12, no music, no machinery",20.12,39.39,5.33,ok
1349_1536797_clip013_s000,1536797_clip013_s000,1536797,2024-06-12,afternoon,winter,val,11.726,resources/site_257_bowra-dry-a/mvp2_per_cell_dataset/clips/1349_1536797_clip013_s000/audio.wav,"afternoon winter ambient soundscape, Bowra dry woodland, Australia, mild (20C), dry air, moderate wind, recorded 2024-06-12, no music, no machinery",20.12,39.39,5.33,ok
1350_1536797_clip017_s000,1536797_clip017_s000,1536797,2024-06-12,afternoon,winter,train,10.751,resources/site_257_bowra-dry-a/mvp2_per_cell_dataset/clips/1350_1536797_clip017_s000/audio.wav,"afternoon winter ambient soundscape, Bowra dry woodland, Australia, mild (20C), dry air, moderate wind, recorded 2024-06-12, no music, no machinery",20.12,39.39,5.33,ok
1351_1536797_clip019_s000,1536797_clip019_s000,1536797,2024-06-12,afternoon,winter,train,14.466,resources/site_257_bowra-dry-a/mvp2_per_cell_dataset/clips/1351_1536797_clip019_s000/audio.wav,"afternoon winter ambient soundscape, Bowra dry woodland, Australia, mild (20C), dry air, moderate wind, recorded 2024-06-12, no music, no machinery",20.12,39.39,5.33,ok
1352_1536797_clip022_s000,1536797_clip022_s000,1536797,2024-06-12,afternoon,winter,train,11.053,resources/site_257_bowra-dry-a/mvp2_per_cell_dataset/clips/1352_1536797_clip022_s000/audio.wav,"afternoon winter ambient soundscape, Bowra dry woodland, Australia, mild (20C), dry air, moderate wind, recorded 2024-06-12, no music, no machinery",20.12,39.39,5.33,ok
1353_1534156_clip001_s000,1534156_clip001_s000,1534156,2024-06-29,afternoon,winter,train,13.677,resources/site_257_bowra-dry-a/mvp2_per_cell_dataset/clips/1353_1534156_clip001_s000/audio.wav,"afternoon winter ambient soundscape, Bowra dry woodland, Australia, warm (26C), dry air, moderate wind, recorded 2024-06-29, no music, no machinery",25.71,39.75,4.51,ok
1354_1534156_clip004_s000,1534156_clip004_s000,1534156,2024-06-29,afternoon,winter,train,14.629,resources/site_257_bowra-dry-a/mvp2_per_cell_dataset/clips/1354_1534156_clip004_s000/audio.wav,"afternoon winter ambient soundscape, Bowra dry woodland, Australia, warm (26C), dry air, moderate wind, recorded 2024-06-29, no music, no machinery",25.71,39.75,4.51,ok
1355_1534156_clip005_s000,1534156_clip005_s000,1534156,2024-06-29,afternoon,winter,train,13.514,resources/site_257_bowra-dry-a/mvp2_per_cell_dataset/clips/1355_1534156_clip005_s000/audio.wav,"afternoon winter ambient soundscape, Bowra dry woodland, Australia, warm (26C), dry air, moderate wind, recorded 2024-06-29, no music, no machinery",25.71,39.75,4.51,ok
1356_1534156_clip005_s001,1534156_clip005_s001,1534156,2024-06-29,afternoon,winter,train,11.099,resources/site_257_bowra-dry-a/mvp2_per_cell_dataset/clips/1356_1534156_clip005_s001/audio.wav,"afternoon winter ambient soundscape, Bowra dry woodland, Australia, warm (26C), dry air, moderate wind, recorded 2024-06-29, no music, no machinery",25.71,39.75,4.51,ok
1357_1534156_clip007_s000,1534156_clip007_s000,1534156,2024-06-29,afternoon,winter,val,11.912,resources/site_257_bowra-dry-a/mvp2_per_cell_dataset/clips/1357_1534156_clip007_s000/audio.wav,"afternoon winter ambient soundscape, Bowra dry woodland, Australia, warm (26C), dry air, moderate wind, recorded 2024-06-29, no music, no machinery",25.71,39.75,4.51,ok
1358_1534156_clip009_s000,1534156_clip009_s000,1534156,2024-06-29,afternoon,winter,train,10.263,resources/site_257_bowra-dry-a/mvp2_per_cell_dataset/clips/1358_1534156_clip009_s000/audio.wav,"afternoon winter ambient soundscape, Bowra dry woodland, Australia, warm (26C), dry air, moderate wind, recorded 2024-06-29, no music, no machinery",25.71,39.75,4.51,ok
1359_1534156_clip011_s000,1534156_clip011_s000,1534156,2024-06-29,afternoon,winter,train,10.658,resources/site_257_bowra-dry-a/mvp2_per_cell_dataset/clips/1359_1534156_clip011_s000/audio.wav,"afternoon winter ambient soundscape, Bowra dry woodland, Australia, warm (26C), dry air, moderate wind, recorded 2024-06-29, no music, no machinery",25.71,39.75,4.51,ok
1360_1534156_clip012_s000,1534156_clip012_s000,1534156,2024-06-29,afternoon,winter,train,10.24,resources/site_257_bowra-dry-a/mvp2_per_cell_dataset/clips/1360_1534156_clip012_s000/audio.wav,"afternoon winter ambient soundscape, Bowra dry woodland, Australia, warm (26C), dry air, moderate wind, recorded 2024-06-29, no music, no machinery",25.71,39.75,4.51,ok
1361_1534156_clip013_s000,1534156_clip013_s000,1534156,2024-06-29,afternoon,winter,train,13.839,resources/site_257_bowra-dry-a/mvp2_per_cell_dataset/clips/1361_1534156_clip013_s000/audio.wav,"afternoon winter ambient soundscape, Bowra dry woodland, Australia, warm (26C), dry air, moderate wind, recorded 2024-06-29, no music, no machinery",25.71,39.75,4.51,ok
1362_1534156_clip014_s000,1534156_clip014_s000,1534156,2024-06-29,afternoon,winter,train,14.396,resources/site_257_bowra-dry-a/mvp2_per_cell_dataset/clips/1362_1534156_clip014_s000/audio.wav,"afternoon winter ambient soundscape, Bowra dry woodland, Australia, warm (26C), dry air, moderate wind, recorded 2024-06-29, no music, no machinery",25.71,39.75,4.51,ok
1363_1534156_clip017_s000,1534156_clip017_s000,1534156,2024-06-29,afternoon,winter,train,11.796,resources/site_257_bowra-dry-a/mvp2_per_cell_dataset/clips/1363_1534156_clip017_s000/audio.wav,"afternoon winter ambient soundscape, Bowra dry woodland, Australia, warm (26C), dry air, moderate wind, recorded 2024-06-29, no music, no machinery",25.71,39.75,4.51,ok
1364_1534156_clip017_s001,1534156_clip017_s001,1534156,2024-06-29,afternoon,winter,train,11.587,resources/site_257_bowra-dry-a/mvp2_per_cell_dataset/clips/1364_1534156_clip017_s001/audio.wav,"afternoon winter ambient soundscape, Bowra dry woodland, Australia, warm (26C), dry air, moderate wind, recorded 2024-06-29, no music, no machinery",25.71,39.75,4.51,ok
1365_1534156_clip017_s002,1534156_clip017_s002,1534156,2024-06-29,afternoon,winter,train,11.192,resources/site_257_bowra-dry-a/mvp2_per_cell_dataset/clips/1365_1534156_clip017_s002/audio.wav,"afternoon winter ambient soundscape, Bowra dry woodland, Australia, warm (26C), dry air, moderate wind, recorded 2024-06-29, no music, no machinery",25.71,39.75,4.51,ok
1366_1534156_clip018_s000,1534156_clip018_s000,1534156,2024-06-29,afternoon,winter,train,11.726,resources/site_257_bowra-dry-a/mvp2_per_cell_dataset/clips/1366_1534156_clip018_s000/audio.wav,"afternoon winter ambient soundscape, Bowra dry woodland, Australia, warm (26C), dry air, moderate wind, recorded 2024-06-29, no music, no machinery",25.71,39.75,4.51,ok
1367_1534156_clip021_s000,1534156_clip021_s000,1534156,2024-06-29,afternoon,winter,train,13.073,resources/site_257_bowra-dry-a/mvp2_per_cell_dataset/clips/1367_1534156_clip021_s000/audio.wav,"afternoon winter ambient soundscape, Bowra dry woodland, Australia, warm (26C), dry air, moderate wind, recorded 2024-06-29, no music, no machinery",25.71,39.75,4.51,ok
1368_1534156_clip021_s001,1534156_clip021_s001,1534156,2024-06-29,afternoon,winter,train,10.542,resources/site_257_bowra-dry-a/mvp2_per_cell_dataset/clips/1368_1534156_clip021_s001/audio.wav,"afternoon winter ambient soundscape, Bowra dry woodland, Australia, warm (26C), dry air, moderate wind, recorded 2024-06-29, no music, no machinery",25.71,39.75,4.51,ok
1369_1534156_clip022_s000,1534156_clip022_s000,1534156,2024-06-29,afternoon,winter,train,10.635,resources/site_257_bowra-dry-a/mvp2_per_cell_dataset/clips/1369_1534156_clip022_s000/audio.wav,"afternoon winter ambient soundscape, Bowra dry woodland, Australia, warm (26C), dry air, moderate wind, recorded 2024-06-29, no music, no machinery",25.71,39.75,4.51,ok
1370_1534156_clip022_s001,1534156_clip022_s001,1534156,2024-06-29,afternoon,winter,val,10.17,resources/site_257_bowra-dry-a/mvp2_per_cell_dataset/clips/1370_1534156_clip022_s001/audio.wav,"afternoon winter ambient soundscape, Bowra dry woodland, Australia, warm (26C), dry air, moderate wind, recorded 2024-06-29, no music, no machinery",25.71,39.75,4.51,ok
1371_1534156_clip022_s002,1534156_clip022_s002,1534156,2024-06-29,afternoon,winter,train,11.215,resources/site_257_bowra-dry-a/mvp2_per_cell_dataset/clips/1371_1534156_clip022_s002/audio.wav,"afternoon winter ambient soundscape, Bowra dry woodland, Australia, warm (26C), dry air, moderate wind, recorded 2024-06-29, no music, no machinery",25.71,39.75,4.51,ok
1372_1534156_clip023_s000,1534156_clip023_s000,1534156,2024-06-29,afternoon,winter,val,14.327,resources/site_257_bowra-dry-a/mvp2_per_cell_dataset/clips/1372_1534156_clip023_s000/audio.wav,"afternoon winter ambient soundscape, Bowra dry woodland, Australia, warm (26C), dry air, moderate wind, recorded 2024-06-29, no music, no machinery",25.71,39.75,4.51,ok
1373_1534156_clip024_s000,1534156_clip024_s000,1534156,2024-06-29,afternoon,winter,train,11.378,resources/site_257_bowra-dry-a/mvp2_per_cell_dataset/clips/1373_1534156_clip024_s000/audio.wav,"afternoon winter ambient soundscape, Bowra dry woodland, Australia, warm (26C), dry air, moderate wind, recorded 2024-06-29, no music, no machinery",25.71,39.75,4.51,ok
1374_1539520_clip004_s000,1539520_clip004_s000,1539520,2024-07-09,afternoon,winter,train,10.797,resources/site_257_bowra-dry-a/mvp2_per_cell_dataset/clips/1374_1539520_clip004_s000/audio.wav,"afternoon winter ambient soundscape, Bowra dry woodland, Australia, mild (18C), moderate humidity, moderate wind, recorded 2024-07-09, no music, no machinery",17.68,49.72,3.38,ok
1375_1539520_clip008_s000,1539520_clip008_s000,1539520,2024-07-09,afternoon,winter,train,10.333,resources/site_257_bowra-dry-a/mvp2_per_cell_dataset/clips/1375_1539520_clip008_s000/audio.wav,"afternoon winter ambient soundscape, Bowra dry woodland, Australia, mild (18C), moderate humidity, moderate wind, recorded 2024-07-09, no music, no machinery",17.68,49.72,3.38,ok
1376_1539520_clip010_s000,1539520_clip010_s000,1539520,2024-07-09,afternoon,winter,train,39.962,resources/site_257_bowra-dry-a/mvp2_per_cell_dataset/clips/1376_1539520_clip010_s000/audio.wav,"afternoon winter ambient soundscape, Bowra dry woodland, Australia, mild (18C), moderate humidity, moderate wind, recorded 2024-07-09, no music, no machinery",17.68,49.72,3.38,ok
1377_1539520_clip010_s001,1539520_clip010_s001,1539520,2024-07-09,afternoon,winter,train,12.492,resources/site_257_bowra-dry-a/mvp2_per_cell_dataset/clips/1377_1539520_clip010_s001/audio.wav,"afternoon winter ambient soundscape, Bowra dry woodland, Australia, mild (18C), moderate humidity, moderate wind, recorded 2024-07-09, no music, no machinery",17.68,49.72,3.38,ok
1378_1539520_clip010_s002,1539520_clip010_s002,1539520,2024-07-09,afternoon,winter,train,10.403,resources/site_257_bowra-dry-a/mvp2_per_cell_dataset/clips/1378_1539520_clip010_s002/audio.wav,"afternoon winter ambient soundscape, Bowra dry woodland, Australia, mild (18C), moderate humidity, moderate wind, recorded 2024-07-09, no music, no machinery",17.68,49.72,3.38,ok
1379_1539520_clip010_s003,1539520_clip010_s003,1539520,2024-07-09,afternoon,winter,train,11.981,resources/site_257_bowra-dry-a/mvp2_per_cell_dataset/clips/1379_1539520_clip010_s003/audio.wav,"afternoon winter ambient soundscape, Bowra dry woodland, Australia, mild (18C), moderate humidity, moderate wind, recorded 2024-07-09, no music, no machinery",17.68,49.72,3.38,ok
1380_1535837_clip001_s000,1535837_clip001_s000,1535837,2024-08-17,afternoon,winter,train,11.029,resources/site_257_bowra-dry-a/mvp2_per_cell_dataset/clips/1380_1535837_clip001_s000/audio.wav,"afternoon winter ambient soundscape, Bowra dry woodland, Australia, mild (20C), dry air, moderate wind, recorded 2024-08-17, no music, no machinery",20.02,33.89,5.19,ok
1381_1535837_clip004_s000,1535837_clip004_s000,1535837,2024-08-17,afternoon,winter,train,10.379,resources/site_257_bowra-dry-a/mvp2_per_cell_dataset/clips/1381_1535837_clip004_s000/audio.wav,"afternoon winter ambient soundscape, Bowra dry woodland, Australia, mild (20C), dry air, moderate wind, recorded 2024-08-17, no music, no machinery",20.02,33.89,5.19,ok
1382_1535837_clip006_s000,1535837_clip006_s000,1535837,2024-08-17,afternoon,winter,train,14.211,resources/site_257_bowra-dry-a/mvp2_per_cell_dataset/clips/1382_1535837_clip006_s000/audio.wav,"afternoon winter ambient soundscape, Bowra dry woodland, Australia, mild (20C), dry air, moderate wind, recorded 2024-08-17, no music, no machinery",20.02,33.89,5.19,ok
1383_1675748_clip001_s000,1675748_clip001_s000,1675748,2025-06-08,afternoon,winter,train,10.031,resources/site_257_bowra-dry-a/mvp2_per_cell_dataset/clips/1383_1675748_clip001_s000/audio.wav,"afternoon winter ambient soundscape, Bowra dry woodland, Australia, mild (15C), moderate humidity, moderate wind, recorded 2025-06-08, no music, no machinery",15.06,49.67,5.21,ok
1384_1675748_clip013_s000,1675748_clip013_s000,1675748,2025-06-08,afternoon,winter,train,10.379,resources/site_257_bowra-dry-a/mvp2_per_cell_dataset/clips/1384_1675748_clip013_s000/audio.wav,"afternoon winter ambient soundscape, Bowra dry woodland, Australia, mild (15C), moderate humidity, moderate wind, recorded 2025-06-08, no music, no machinery",15.06,49.67,5.21,ok
1385_1675748_clip015_s000,1675748_clip015_s000,1675748,2025-06-08,afternoon,winter,val,10.008,resources/site_257_bowra-dry-a/mvp2_per_cell_dataset/clips/1385_1675748_clip015_s000/audio.wav,"afternoon winter ambient soundscape, Bowra dry woodland, Australia, mild (15C), moderate humidity, moderate wind, recorded 2025-06-08, no music, no machinery",15.06,49.67,5.21,ok
1386_1675748_clip016_s000,1675748_clip016_s000,1675748,2025-06-08,afternoon,winter,train,13.003,resources/site_257_bowra-dry-a/mvp2_per_cell_dataset/clips/1386_1675748_clip016_s000/audio.wav,"afternoon winter ambient soundscape, Bowra dry woodland, Australia, mild (15C), moderate humidity, moderate wind, recorded 2025-06-08, no music, no machinery",15.06,49.67,5.21,ok
1387_1681129_clip003_s000,1681129_clip003_s000,1681129,2025-06-20,afternoon,winter,train,12.098,resources/site_257_bowra-dry-a/mvp2_per_cell_dataset/clips/1387_1681129_clip003_s000/audio.wav,"afternoon winter ambient soundscape, Bowra dry woodland, Australia, mild (17C), dry air, moderate wind, recorded 2025-06-20, no music, no machinery",17.08,37.29,2.11,ok
1388_1681129_clip022_s000,1681129_clip022_s000,1681129,2025-06-20,afternoon,winter,train,30.302,resources/site_257_bowra-dry-a/mvp2_per_cell_dataset/clips/1388_1681129_clip022_s000/audio.wav,"afternoon winter ambient soundscape, Bowra dry woodland, Australia, mild (17C), dry air, moderate wind, recorded 2025-06-20, no music, no machinery",17.08,37.29,2.11,ok
1389_1681129_clip023_s000,1681129_clip023_s000,1681129,2025-06-20,afternoon,winter,train,11.749,resources/site_257_bowra-dry-a/mvp2_per_cell_dataset/clips/1389_1681129_clip023_s000/audio.wav,"afternoon winter ambient soundscape, Bowra dry woodland, Australia, mild (17C), dry air, moderate wind, recorded 2025-06-20, no music, no machinery",17.08,37.29,2.11,ok
1390_5495_clip011_s000,5495_clip011_s000,5495,2019-08-18,dawn,winter,train,10.612,resources/site_257_bowra-dry-a/mvp2_per_cell_dataset/clips/1390_5495_clip011_s000/audio.wav,"dawn winter ambient soundscape, Bowra dry woodland, Australia, cold (10C), dry air, moderate wind, recorded 2019-08-18, no music, no machinery",9.52,38.0,2.95,ok
1391_5495_clip013_s000,5495_clip013_s000,5495,2019-08-18,dawn,winter,train,13.723,resources/site_257_bowra-dry-a/mvp2_per_cell_dataset/clips/1391_5495_clip013_s000/audio.wav,"dawn winter ambient soundscape, Bowra dry woodland, Australia, cold (10C), dry air, moderate wind, recorded 2019-08-18, no music, no machinery",9.52,38.0,2.95,ok
1392_5495_clip015_s000,5495_clip015_s000,5495,2019-08-18,dawn,winter,train,14.118,resources/site_257_bowra-dry-a/mvp2_per_cell_dataset/clips/1392_5495_clip015_s000/audio.wav,"dawn winter ambient soundscape, Bowra dry woodland, Australia, cold (10C), dry air, moderate wind, recorded 2019-08-18, no music, no machinery",9.52,38.0,2.95,ok
1393_5495_clip018_s000,5495_clip018_s000,5495,2019-08-18,dawn,winter,train,12.516,resources/site_257_bowra-dry-a/mvp2_per_cell_dataset/clips/1393_5495_clip018_s000/audio.wav,"dawn winter ambient soundscape, Bowra dry woodland, Australia, cold (10C), dry air, moderate wind, recorded 2019-08-18, no music, no machinery",9.52,38.0,2.95,ok
1394_5495_clip022_s000,5495_clip022_s000,5495,2019-08-18,dawn,winter,train,10.333,resources/site_257_bowra-dry-a/mvp2_per_cell_dataset/clips/1394_5495_clip022_s000/audio.wav,"dawn winter ambient soundscape, Bowra dry woodland, Australia, cold (10C), dry air, moderate wind, recorded 2019-08-18, no music, no machinery",9.52,38.0,2.95,ok
1395_445525_clip012_s000,445525_clip012_s000,445525,2020-08-31,dawn,winter,train,13.096,resources/site_257_bowra-dry-a/mvp2_per_cell_dataset/clips/1395_445525_clip012_s000/audio.wav,"dawn winter ambient soundscape, Bowra dry woodland, Australia, cold (8C), humid air, moderate wind, recorded 2020-08-31, no music, no machinery",7.74,90.48,3.18,ok
1396_445525_clip012_s001,445525_clip012_s001,445525,2020-08-31,dawn,winter,train,10.379,resources/site_257_bowra-dry-a/mvp2_per_cell_dataset/clips/1396_445525_clip012_s001/audio.wav,"dawn winter ambient soundscape, Bowra dry woodland, Australia, cold (8C), humid air, moderate wind, recorded 2020-08-31, no music, no machinery",7.74,90.48,3.18,ok
1397_1313802_clip001_s000,1313802_clip001_s000,1313802,2023-06-13,dawn,winter,train,12.539,resources/site_257_bowra-dry-a/mvp2_per_cell_dataset/clips/1397_1313802_clip001_s000/audio.wav,"dawn winter ambient soundscape, Bowra dry woodland, Australia, cold (9C), moderate humidity, light breeze, recorded 2023-06-13, no music, no machinery",8.89,65.46,1.35,ok
1398_1313802_clip001_s001,1313802_clip001_s001,1313802,2023-06-13,dawn,winter,train,13.955,resources/site_257_bowra-dry-a/mvp2_per_cell_dataset/clips/1398_1313802_clip001_s001/audio.wav,"dawn winter ambient soundscape, Bowra dry woodland, Australia, cold (9C), moderate humidity, light breeze, recorded 2023-06-13, no music, no machinery",8.89,65.46,1.35,ok
1399_1313802_clip001_s002,1313802_clip001_s002,1313802,2023-06-13,dawn,winter,train,12.353,resources/site_257_bowra-dry-a/mvp2_per_cell_dataset/clips/1399_1313802_clip001_s002/audio.wav,"dawn winter ambient soundscape, Bowra dry woodland, Australia, cold (9C), moderate humidity, light breeze, recorded 2023-06-13, no music, no machinery",8.89,65.46,1.35,ok
1400_1313802_clip002_s000,1313802_clip002_s000,1313802,2023-06-13,dawn,winter,train,12.817,resources/site_257_bowra-dry-a/mvp2_per_cell_dataset/clips/1400_1313802_clip002_s000/audio.wav,"dawn winter ambient soundscape, Bowra dry woodland, Australia, cold (9C), moderate humidity, light breeze, recorded 2023-06-13, no music, no machinery",8.89,65.46,1.35,ok
1401_1313802_clip002_s001,1313802_clip002_s001,1313802,2023-06-13,dawn,winter,train,12.353,resources/site_257_bowra-dry-a/mvp2_per_cell_dataset/clips/1401_1313802_clip002_s001/audio.wav,"dawn winter ambient soundscape, Bowra dry woodland, Australia, cold (9C), moderate humidity, light breeze, recorded 2023-06-13, no music, no machinery",8.89,65.46,1.35,ok
1402_1313802_clip003_s000,1313802_clip003_s000,1313802,2023-06-13,dawn,winter,train,12.33,resources/site_257_bowra-dry-a/mvp2_per_cell_dataset/clips/1402_1313802_clip003_s000/audio.wav,"dawn winter ambient soundscape, Bowra dry woodland, Australia, cold (9C), moderate humidity, light breeze, recorded 2023-06-13, no music, no machinery",8.89,65.46,1.35,ok
1403_1313802_clip003_s001,1313802_clip003_s001,1313802,2023-06-13,dawn,winter,train,10.379,resources/site_257_bowra-dry-a/mvp2_per_cell_dataset/clips/1403_1313802_clip003_s001/audio.wav,"dawn winter ambient soundscape, Bowra dry woodland, Australia, cold (9C), moderate humidity, light breeze, recorded 2023-06-13, no music, no machinery",8.89,65.46,1.35,ok
1404_1313802_clip004_s000,1313802_clip004_s000,1313802,2023-06-13,dawn,winter,val,14.42,resources/site_257_bowra-dry-a/mvp2_per_cell_dataset/clips/1404_1313802_clip004_s000/audio.wav,"dawn winter ambient soundscape, Bowra dry woodland, Australia, cold (9C), moderate humidity, light breeze, recorded 2023-06-13, no music, no machinery",8.89,65.46,1.35,ok
1405_1313802_clip004_s001,1313802_clip004_s001,1313802,2023-06-13,dawn,winter,train,10.286,resources/site_257_bowra-dry-a/mvp2_per_cell_dataset/clips/1405_1313802_clip004_s001/audio.wav,"dawn winter ambient soundscape, Bowra dry woodland, Australia, cold (9C), moderate humidity, light breeze, recorded 2023-06-13, no music, no machinery",8.89,65.46,1.35,ok
1406_1313802_clip005_s000,1313802_clip005_s000,1313802,2023-06-13,dawn,winter,train,11.517,resources/site_257_bowra-dry-a/mvp2_per_cell_dataset/clips/1406_1313802_clip005_s000/audio.wav,"dawn winter ambient soundscape, Bowra dry woodland, Australia, cold (9C), moderate humidity, light breeze, recorded 2023-06-13, no music, no machinery",8.89,65.46,1.35,ok
1407_1313802_clip007_s000,1313802_clip007_s000,1313802,2023-06-13,dawn,winter,train,10.147,resources/site_257_bowra-dry-a/mvp2_per_cell_dataset/clips/1407_1313802_clip007_s000/audio.wav,"dawn winter ambient soundscape, Bowra dry woodland, Australia, cold (9C), moderate humidity, light breeze, recorded 2023-06-13, no music, no machinery",8.89,65.46,1.35,ok
1408_1313802_clip007_s001,1313802_clip007_s001,1313802,2023-06-13,dawn,winter,train,10.17,resources/site_257_bowra-dry-a/mvp2_per_cell_dataset/clips/1408_1313802_clip007_s001/audio.wav,"dawn winter ambient soundscape, Bowra dry woodland, Australia, cold (9C), moderate humidity, light breeze, recorded 2023-06-13, no music, no machinery",8.89,65.46,1.35,ok
1409_1313802_clip009_s000,1313802_clip009_s000,1313802,2023-06-13,dawn,winter,val,11.262,resources/site_257_bowra-dry-a/mvp2_per_cell_dataset/clips/1409_1313802_clip009_s000/audio.wav,"dawn winter ambient soundscape, Bowra dry woodland, Australia, cold (9C), moderate humidity, light breeze, recorded 2023-06-13, no music, no machinery",8.89,65.46,1.35,ok
1410_1313802_clip024_s000,1313802_clip024_s000,1313802,2023-06-13,dawn,winter,train,14.28,resources/site_257_bowra-dry-a/mvp2_per_cell_dataset/clips/1410_1313802_clip024_s000/audio.wav,"dawn winter ambient soundscape, Bowra dry woodland, Australia, cold (9C), moderate humidity, light breeze, recorded 2023-06-13, no music, no machinery",8.89,65.46,1.35,ok
1411_1313828_clip001_s000,1313828_clip001_s000,1313828,2023-06-15,dawn,winter,train,14.512,resources/site_257_bowra-dry-a/mvp2_per_cell_dataset/clips/1411_1313828_clip001_s000/audio.wav,"dawn winter ambient soundscape, Bowra dry woodland, Australia, cold (8C), moderate humidity, still, recorded 2023-06-15, no music, no machinery",8.02,68.65,0.42,ok
1412_1313828_clip001_s001,1313828_clip001_s001,1313828,2023-06-15,dawn,winter,train,32.601,resources/site_257_bowra-dry-a/mvp2_per_cell_dataset/clips/1412_1313828_clip001_s001/audio.wav,"dawn winter ambient soundscape, Bowra dry woodland, Australia, cold (8C), moderate humidity, still, recorded 2023-06-15, no music, no machinery",8.02,68.65,0.42,ok
1413_1313828_clip002_s000,1313828_clip002_s000,1313828,2023-06-15,dawn,winter,train,15.813,resources/site_257_bowra-dry-a/mvp2_per_cell_dataset/clips/1413_1313828_clip002_s000/audio.wav,"dawn winter ambient soundscape, Bowra dry woodland, Australia, cold (8C), moderate humidity, still, recorded 2023-06-15, no music, no machinery",8.02,68.65,0.42,ok
1414_1313828_clip002_s001,1313828_clip002_s001,1313828,2023-06-15,dawn,winter,train,21.316,resources/site_257_bowra-dry-a/mvp2_per_cell_dataset/clips/1414_1313828_clip002_s001/audio.wav,"dawn winter ambient soundscape, Bowra dry woodland, Australia, cold (8C), moderate humidity, still, recorded 2023-06-15, no music, no machinery",8.02,68.65,0.42,ok
1415_1313828_clip004_s000,1313828_clip004_s000,1313828,2023-06-15,dawn,winter,train,10.217,resources/site_257_bowra-dry-a/mvp2_per_cell_dataset/clips/1415_1313828_clip004_s000/audio.wav,"dawn winter ambient soundscape, Bowra dry woodland, Australia, cold (8C), moderate humidity, still, recorded 2023-06-15, no music, no machinery",8.02,68.65,0.42,ok
1416_1313828_clip006_s000,1313828_clip006_s000,1313828,2023-06-15,dawn,winter,train,12.91,resources/site_257_bowra-dry-a/mvp2_per_cell_dataset/clips/1416_1313828_clip006_s000/audio.wav,"dawn winter ambient soundscape, Bowra dry woodland, Australia, cold (8C), moderate humidity, still, recorded 2023-06-15, no music, no machinery",8.02,68.65,0.42,ok
1417_1313828_clip007_s000,1313828_clip007_s000,1313828,2023-06-15,dawn,winter,train,12.608,resources/site_257_bowra-dry-a/mvp2_per_cell_dataset/clips/1417_1313828_clip007_s000/audio.wav,"dawn winter ambient soundscape, Bowra dry woodland, Australia, cold (8C), moderate humidity, still, recorded 2023-06-15, no music, no machinery",8.02,68.65,0.42,ok
1418_1313828_clip007_s001,1313828_clip007_s001,1313828,2023-06-15,dawn,winter,train,17.833,resources/site_257_bowra-dry-a/mvp2_per_cell_dataset/clips/1418_1313828_clip007_s001/audio.wav,"dawn winter ambient soundscape, Bowra dry woodland, Australia, cold (8C), moderate humidity, still, recorded 2023-06-15, no music, no machinery",8.02,68.65,0.42,ok
1419_1313828_clip008_s000,1313828_clip008_s000,1313828,2023-06-15,dawn,winter,train,11.517,resources/site_257_bowra-dry-a/mvp2_per_cell_dataset/clips/1419_1313828_clip008_s000/audio.wav,"dawn winter ambient soundscape, Bowra dry woodland, Australia, cold (8C), moderate humidity, still, recorded 2023-06-15, no music, no machinery",8.02,68.65,0.42,ok
1420_1313828_clip008_s001,1313828_clip008_s001,1313828,2023-06-15,dawn,winter,train,13.096,resources/site_257_bowra-dry-a/mvp2_per_cell_dataset/clips/1420_1313828_clip008_s001/audio.wav,"dawn winter ambient soundscape, Bowra dry woodland, Australia, cold (8C), moderate humidity, still, recorded 2023-06-15, no music, no machinery",8.02,68.65,0.42,ok
1421_1313828_clip011_s000,1313828_clip011_s000,1313828,2023-06-15,dawn,winter,train,15.418,resources/site_257_bowra-dry-a/mvp2_per_cell_dataset/clips/1421_1313828_clip011_s000/audio.wav,"dawn winter ambient soundscape, Bowra dry woodland, Australia, cold (8C), moderate humidity, still, recorded 2023-06-15, no music, no machinery",8.02,68.65,0.42,ok
1422_1313828_clip012_s000,1313828_clip012_s000,1313828,2023-06-15,dawn,winter,val,11.981,resources/site_257_bowra-dry-a/mvp2_per_cell_dataset/clips/1422_1313828_clip012_s000/audio.wav,"dawn winter ambient soundscape, Bowra dry woodland, Australia, cold (8C), moderate humidity, still, recorded 2023-06-15, no music, no machinery",8.02,68.65,0.42,ok
1423_1313828_clip012_s001,1313828_clip012_s001,1313828,2023-06-15,dawn,winter,train,12.469,resources/site_257_bowra-dry-a/mvp2_per_cell_dataset/clips/1423_1313828_clip012_s001/audio.wav,"dawn winter ambient soundscape, Bowra dry woodland, Australia, cold (8C), moderate humidity, still, recorded 2023-06-15, no music, no machinery",8.02,68.65,0.42,ok
1424_1313828_clip013_s000,1313828_clip013_s000,1313828,2023-06-15,dawn,winter,train,12.167,resources/site_257_bowra-dry-a/mvp2_per_cell_dataset/clips/1424_1313828_clip013_s000/audio.wav,"dawn winter ambient soundscape, Bowra dry woodland, Australia, cold (8C), moderate humidity, still, recorded 2023-06-15, no music, no machinery",8.02,68.65,0.42,ok
1425_1313828_clip013_s001,1313828_clip013_s001,1313828,2023-06-15,dawn,winter,train,10.403,resources/site_257_bowra-dry-a/mvp2_per_cell_dataset/clips/1425_1313828_clip013_s001/audio.wav,"dawn winter ambient soundscape, Bowra dry woodland, Australia, cold (8C), moderate humidity, still, recorded 2023-06-15, no music, no machinery",8.02,68.65,0.42,ok
1426_1313828_clip014_s000,1313828_clip014_s000,1313828,2023-06-15,dawn,winter,train,15.232,resources/site_257_bowra-dry-a/mvp2_per_cell_dataset/clips/1426_1313828_clip014_s000/audio.wav,"dawn winter ambient soundscape, Bowra dry woodland, Australia, cold (8C), moderate humidity, still, recorded 2023-06-15, no music, no machinery",8.02,68.65,0.42,ok
1427_1313828_clip015_s000,1313828_clip015_s000,1313828,2023-06-15,dawn,winter,train,14.698,resources/site_257_bowra-dry-a/mvp2_per_cell_dataset/clips/1427_1313828_clip015_s000/audio.wav,"dawn winter ambient soundscape, Bowra dry woodland, Australia, cold (8C), moderate humidity, still, recorded 2023-06-15, no music, no machinery",8.02,68.65,0.42,ok
1428_1313828_clip016_s000,1313828_clip016_s000,1313828,2023-06-15,dawn,winter,train,10.844,resources/site_257_bowra-dry-a/mvp2_per_cell_dataset/clips/1428_1313828_clip016_s000/audio.wav,"dawn winter ambient soundscape, Bowra dry woodland, Australia, cold (8C), moderate humidity, still, recorded 2023-06-15, no music, no machinery",8.02,68.65,0.42,ok
1429_1313828_clip020_s000,1313828_clip020_s000,1313828,2023-06-15,dawn,winter,val,10.31,resources/site_257_bowra-dry-a/mvp2_per_cell_dataset/clips/1429_1313828_clip020_s000/audio.wav,"dawn winter ambient soundscape, Bowra dry woodland, Australia, cold (8C), moderate humidity, still, recorded 2023-06-15, no music, no machinery",8.02,68.65,0.42,ok
1430_1313828_clip021_s000,1313828_clip021_s000,1313828,2023-06-15,dawn,winter,train,10.681,resources/site_257_bowra-dry-a/mvp2_per_cell_dataset/clips/1430_1313828_clip021_s000/audio.wav,"dawn winter ambient soundscape, Bowra dry woodland, Australia, cold (8C), moderate humidity, still, recorded 2023-06-15, no music, no machinery",8.02,68.65,0.42,ok
1431_1313828_clip021_s001,1313828_clip021_s001,1313828,2023-06-15,dawn,winter,train,11.61,resources/site_257_bowra-dry-a/mvp2_per_cell_dataset/clips/1431_1313828_clip021_s001/audio.wav,"dawn winter ambient soundscape, Bowra dry woodland, Australia, cold (8C), moderate humidity, still, recorded 2023-06-15, no music, no machinery",8.02,68.65,0.42,ok
1432_1314116_clip001_s000,1314116_clip001_s000,1314116,2023-07-03,dawn,winter,train,11.308,resources/site_257_bowra-dry-a/mvp2_per_cell_dataset/clips/1432_1314116_clip001_s000/audio.wav,"dawn winter ambient soundscape, Bowra dry woodland, Australia, cold (7C), humid air, moderate wind, recorded 2023-07-03, no music, no machinery",7.28,85.89,2.72,ok
1433_1314116_clip003_s000,1314116_clip003_s000,1314116,2023-07-03,dawn,winter,train,12.19,resources/site_257_bowra-dry-a/mvp2_per_cell_dataset/clips/1433_1314116_clip003_s000/audio.wav,"dawn winter ambient soundscape, Bowra dry woodland, Australia, cold (7C), humid air, moderate wind, recorded 2023-07-03, no music, no machinery",7.28,85.89,2.72,ok
1434_1314116_clip005_s000,1314116_clip005_s000,1314116,2023-07-03,dawn,winter,train,11.749,resources/site_257_bowra-dry-a/mvp2_per_cell_dataset/clips/1434_1314116_clip005_s000/audio.wav,"dawn winter ambient soundscape, Bowra dry woodland, Australia, cold (7C), humid air, moderate wind, recorded 2023-07-03, no music, no machinery",7.28,85.89,2.72,ok
1435_1314116_clip005_s001,1314116_clip005_s001,1314116,2023-07-03,dawn,winter,train,13.421,resources/site_257_bowra-dry-a/mvp2_per_cell_dataset/clips/1435_1314116_clip005_s001/audio.wav,"dawn winter ambient soundscape, Bowra dry woodland, Australia, cold (7C), humid air, moderate wind, recorded 2023-07-03, no music, no machinery",7.28,85.89,2.72,ok
1436_1536798_clip001_s000,1536798_clip001_s000,1536798,2024-06-12,dawn,winter,train,12.678,resources/site_257_bowra-dry-a/mvp2_per_cell_dataset/clips/1436_1536798_clip001_s000/audio.wav,"dawn winter ambient soundscape, Bowra dry woodland, Australia, cold (8C), humid air, moderate wind, recorded 2024-06-12, no music, no machinery",7.92,72.39,2.38,ok
1437_1536798_clip001_s001,1536798_clip001_s001,1536798,2024-06-12,dawn,winter,train,10.356,resources/site_257_bowra-dry-a/mvp2_per_cell_dataset/clips/1437_1536798_clip001_s001/audio.wav,"dawn winter ambient soundscape, Bowra dry woodland, Australia, cold (8C), humid air, moderate wind, recorded 2024-06-12, no music, no machinery",7.92,72.39,2.38,ok
1438_1536798_clip002_s000,1536798_clip002_s000,1536798,2024-06-12,dawn,winter,train,10.194,resources/site_257_bowra-dry-a/mvp2_per_cell_dataset/clips/1438_1536798_clip002_s000/audio.wav,"dawn winter ambient soundscape, Bowra dry woodland, Australia, cold (8C), humid air, moderate wind, recorded 2024-06-12, no music, no machinery",7.92,72.39,2.38,ok
1439_1536798_clip002_s001,1536798_clip002_s001,1536798,2024-06-12,dawn,winter,train,14.791,resources/site_257_bowra-dry-a/mvp2_per_cell_dataset/clips/1439_1536798_clip002_s001/audio.wav,"dawn winter ambient soundscape, Bowra dry woodland, Australia, cold (8C), humid air, moderate wind, recorded 2024-06-12, no music, no machinery",7.92,72.39,2.38,ok
1440_1536798_clip003_s000,1536798_clip003_s000,1536798,2024-06-12,dawn,winter,train,10.194,resources/site_257_bowra-dry-a/mvp2_per_cell_dataset/clips/1440_1536798_clip003_s000/audio.wav,"dawn winter ambient soundscape, Bowra dry woodland, Australia, cold (8C), humid air, moderate wind, recorded 2024-06-12, no music, no machinery",7.92,72.39,2.38,ok
1441_1536798_clip003_s001,1536798_clip003_s001,1536798,2024-06-12,dawn,winter,train,11.447,resources/site_257_bowra-dry-a/mvp2_per_cell_dataset/clips/1441_1536798_clip003_s001/audio.wav,"dawn winter ambient soundscape, Bowra dry woodland, Australia, cold (8C), humid air, moderate wind, recorded 2024-06-12, no music, no machinery",7.92,72.39,2.38,ok
1442_1536798_clip003_s002,1536798_clip003_s002,1536798,2024-06-12,dawn,winter,train,12.307,resources/site_257_bowra-dry-a/mvp2_per_cell_dataset/clips/1442_1536798_clip003_s002/audio.wav,"dawn winter ambient soundscape, Bowra dry woodland, Australia, cold (8C), humid air, moderate wind, recorded 2024-06-12, no music, no machinery",7.92,72.39,2.38,ok
1443_1536798_clip011_s000,1536798_clip011_s000,1536798,2024-06-12,dawn,winter,val,11.029,resources/site_257_bowra-dry-a/mvp2_per_cell_dataset/clips/1443_1536798_clip011_s000/audio.wav,"dawn winter ambient soundscape, Bowra dry woodland, Australia, cold (8C), humid air, moderate wind, recorded 2024-06-12, no music, no machinery",7.92,72.39,2.38,ok
1444_1539111_clip003_s000,1539111_clip003_s000,1539111,2024-06-29,dawn,winter,train,10.449,resources/site_257_bowra-dry-a/mvp2_per_cell_dataset/clips/1444_1539111_clip003_s000/audio.wav,"dawn winter ambient soundscape, Bowra dry woodland, Australia, cold (8C), humid air, moderate wind, recorded 2024-06-29, no music, no machinery",7.87,84.13,2.48,ok
1445_1539111_clip003_s001,1539111_clip003_s001,1539111,2024-06-29,dawn,winter,train,10.96,resources/site_257_bowra-dry-a/mvp2_per_cell_dataset/clips/1445_1539111_clip003_s001/audio.wav,"dawn winter ambient soundscape, Bowra dry woodland, Australia, cold (8C), humid air, moderate wind, recorded 2024-06-29, no music, no machinery",7.87,84.13,2.48,ok
1446_1539111_clip004_s000,1539111_clip004_s000,1539111,2024-06-29,dawn,winter,train,10.937,resources/site_257_bowra-dry-a/mvp2_per_cell_dataset/clips/1446_1539111_clip004_s000/audio.wav,"dawn winter ambient soundscape, Bowra dry woodland, Australia, cold (8C), humid air, moderate wind, recorded 2024-06-29, no music, no machinery",7.87,84.13,2.48,ok
1447_1539111_clip004_s001,1539111_clip004_s001,1539111,2024-06-29,dawn,winter,train,10.542,resources/site_257_bowra-dry-a/mvp2_per_cell_dataset/clips/1447_1539111_clip004_s001/audio.wav,"dawn winter ambient soundscape, Bowra dry woodland, Australia, cold (8C), humid air, moderate wind, recorded 2024-06-29, no music, no machinery",7.87,84.13,2.48,ok
1448_1539111_clip004_s002,1539111_clip004_s002,1539111,2024-06-29,dawn,winter,train,10.24,resources/site_257_bowra-dry-a/mvp2_per_cell_dataset/clips/1448_1539111_clip004_s002/audio.wav,"dawn winter ambient soundscape, Bowra dry woodland, Australia, cold (8C), humid air, moderate wind, recorded 2024-06-29, no music, no machinery",7.87,84.13,2.48,ok
1449_1539111_clip004_s003,1539111_clip004_s003,1539111,2024-06-29,dawn,winter,train,14.93,resources/site_257_bowra-dry-a/mvp2_per_cell_dataset/clips/1449_1539111_clip004_s003/audio.wav,"dawn winter ambient soundscape, Bowra dry woodland, Australia, cold (8C), humid air, moderate wind, recorded 2024-06-29, no music, no machinery",7.87,84.13,2.48,ok
1450_1539111_clip015_s000,1539111_clip015_s000,1539111,2024-06-29,dawn,winter,train,10.89,resources/site_257_bowra-dry-a/mvp2_per_cell_dataset/clips/1450_1539111_clip015_s000/audio.wav,"dawn winter ambient soundscape, Bowra dry woodland, Australia, cold (8C), humid air, moderate wind, recorded 2024-06-29, no music, no machinery",7.87,84.13,2.48,ok
1451_1539171_clip003_s000,1539171_clip003_s000,1539171,2024-07-18,dawn,winter,val,13.444,resources/site_257_bowra-dry-a/mvp2_per_cell_dataset/clips/1451_1539171_clip003_s000/audio.wav,"dawn winter ambient soundscape, Bowra dry woodland, Australia, cold (6C), humid air, light breeze, recorded 2024-07-18, no music, no machinery",6.18,97.58,1.78,ok
1452_1539171_clip003_s001,1539171_clip003_s001,1539171,2024-07-18,dawn,winter,train,10.008,resources/site_257_bowra-dry-a/mvp2_per_cell_dataset/clips/1452_1539171_clip003_s001/audio.wav,"dawn winter ambient soundscape, Bowra dry woodland, Australia, cold (6C), humid air, light breeze, recorded 2024-07-18, no music, no machinery",6.18,97.58,1.78,ok
1453_1539171_clip007_s000,1539171_clip007_s000,1539171,2024-07-18,dawn,winter,train,11.981,resources/site_257_bowra-dry-a/mvp2_per_cell_dataset/clips/1453_1539171_clip007_s000/audio.wav,"dawn winter ambient soundscape, Bowra dry woodland, Australia, cold (6C), humid air, light breeze, recorded 2024-07-18, no music, no machinery",6.18,97.58,1.78,ok
1454_1539171_clip016_s000,1539171_clip016_s000,1539171,2024-07-18,dawn,winter,train,10.403,resources/site_257_bowra-dry-a/mvp2_per_cell_dataset/clips/1454_1539171_clip016_s000/audio.wav,"dawn winter ambient soundscape, Bowra dry woodland, Australia, cold (6C), humid air, light breeze, recorded 2024-07-18, no music, no machinery",6.18,97.58,1.78,ok
1455_1535637_clip002_s000,1535637_clip002_s000,1535637,2024-08-07,dawn,winter,train,13.259,resources/site_257_bowra-dry-a/mvp2_per_cell_dataset/clips/1455_1535637_clip002_s000/audio.wav,"dawn winter ambient soundscape, Bowra dry woodland, Australia, cold (5C), humid air, light breeze, recorded 2024-08-07, no music, no machinery",4.63,98.21,1.6,ok
1456_1672451_clip003_s000,1672451_clip003_s000,1672451,2025-06-08,dawn,winter,train,10.704,resources/site_257_bowra-dry-a/mvp2_per_cell_dataset/clips/1456_1672451_clip003_s000/audio.wav,"dawn winter ambient soundscape, Bowra dry woodland, Australia, cold (8C), moderate humidity, moderate wind, recorded 2025-06-08, no music, no machinery",8.38,64.44,4.27,ok
1457_1672451_clip010_s000,1672451_clip010_s000,1672451,2025-06-08,dawn,winter,train,10.286,resources/site_257_bowra-dry-a/mvp2_per_cell_dataset/clips/1457_1672451_clip010_s000/audio.wav,"dawn winter ambient soundscape, Bowra dry woodland, Australia, cold (8C), moderate humidity, moderate wind, recorded 2025-06-08, no music, no machinery",8.38,64.44,4.27,ok
1458_1672451_clip013_s000,1672451_clip013_s000,1672451,2025-06-08,dawn,winter,train,10.147,resources/site_257_bowra-dry-a/mvp2_per_cell_dataset/clips/1458_1672451_clip013_s000/audio.wav,"dawn winter ambient soundscape, Bowra dry woodland, Australia, cold (8C), moderate humidity, moderate wind, recorded 2025-06-08, no music, no machinery",8.38,64.44,4.27,ok
1459_1672451_clip014_s000,1672451_clip014_s000,1672451,2025-06-08,dawn,winter,val,10.588,resources/site_257_bowra-dry-a/mvp2_per_cell_dataset/clips/1459_1672451_clip014_s000/audio.wav,"dawn winter ambient soundscape, Bowra dry woodland, Australia, cold (8C), moderate humidity, moderate wind, recorded 2025-06-08, no music, no machinery",8.38,64.44,4.27,ok
1460_1672451_clip017_s000,1672451_clip017_s000,1672451,2025-06-08,dawn,winter,train,11.029,resources/site_257_bowra-dry-a/mvp2_per_cell_dataset/clips/1460_1672451_clip017_s000/audio.wav,"dawn winter ambient soundscape, Bowra dry woodland, Australia, cold (8C), moderate humidity, moderate wind, recorded 2025-06-08, no music, no machinery",8.38,64.44,4.27,ok
1461_1672451_clip021_s000,1672451_clip021_s000,1672451,2025-06-08,dawn,winter,train,10.658,resources/site_257_bowra-dry-a/mvp2_per_cell_dataset/clips/1461_1672451_clip021_s000/audio.wav,"dawn winter ambient soundscape, Bowra dry woodland, Australia, cold (8C), moderate humidity, moderate wind, recorded 2025-06-08, no music, no machinery",8.38,64.44,4.27,ok
1462_1672819_clip002_s000,1672819_clip002_s000,1672819,2025-06-20,dawn,winter,val,10.612,resources/site_257_bowra-dry-a/mvp2_per_cell_dataset/clips/1462_1672819_clip002_s000/audio.wav,"dawn winter ambient soundscape, Bowra dry woodland, Australia, cold (2C), humid air, light breeze, recorded 2025-06-20, no music, no machinery",1.84,100.0,1.64,ok
1463_1672819_clip005_s000,1672819_clip005_s000,1672819,2025-06-20,dawn,winter,train,13.769,resources/site_257_bowra-dry-a/mvp2_per_cell_dataset/clips/1463_1672819_clip005_s000/audio.wav,"dawn winter ambient soundscape, Bowra dry woodland, Australia, cold (2C), humid air, light breeze, recorded 2025-06-20, no music, no machinery",1.84,100.0,1.64,ok
1464_1672819_clip008_s000,1672819_clip008_s000,1672819,2025-06-20,dawn,winter,train,11.796,resources/site_257_bowra-dry-a/mvp2_per_cell_dataset/clips/1464_1672819_clip008_s000/audio.wav,"dawn winter ambient soundscape, Bowra dry woodland, Australia, cold (2C), humid air, light breeze, recorded 2025-06-20, no music, no machinery",1.84,100.0,1.64,ok
1465_5299_clip018_s000,5299_clip018_s000,5299,2019-08-14,morning,winter,train,11.308,resources/site_257_bowra-dry-a/mvp2_per_cell_dataset/clips/1465_5299_clip018_s000/audio.wav,"morning winter ambient soundscape, Bowra dry woodland, Australia, cold (7C), moderate humidity, moderate wind, recorded 2019-08-14, no music, no machinery",6.95,62.29,2.58,ok
1466_5299_clip023_s000,5299_clip023_s000,5299,2019-08-14,morning,winter,val,10.937,resources/site_257_bowra-dry-a/mvp2_per_cell_dataset/clips/1466_5299_clip023_s000/audio.wav,"morning winter ambient soundscape, Bowra dry woodland, Australia, cold (7C), moderate humidity, moderate wind, recorded 2019-08-14, no music, no machinery",6.95,62.29,2.58,ok
1467_5489_clip001_s000,5489_clip001_s000,5489,2019-08-18,morning,winter,train,12.376,resources/site_257_bowra-dry-a/mvp2_per_cell_dataset/clips/1467_5489_clip001_s000/audio.wav,"morning winter ambient soundscape, Bowra dry woodland, Australia, cold (14C), dry air, moderate wind, recorded 2019-08-18, no music, no machinery",14.43,28.08,4.24,ok
1468_5489_clip001_s001,5489_clip001_s001,5489,2019-08-18,morning,winter,train,12.376,resources/site_257_bowra-dry-a/mvp2_per_cell_dataset/clips/1468_5489_clip001_s001/audio.wav,"morning winter ambient soundscape, Bowra dry woodland, Australia, cold (14C), dry air, moderate wind, recorded 2019-08-18, no music, no machinery",14.43,28.08,4.24,ok
1469_5489_clip003_s000,5489_clip003_s000,5489,2019-08-18,morning,winter,train,10.263,resources/site_257_bowra-dry-a/mvp2_per_cell_dataset/clips/1469_5489_clip003_s000/audio.wav,"morning winter ambient soundscape, Bowra dry woodland, Australia, cold (14C), dry air, moderate wind, recorded 2019-08-18, no music, no machinery",14.43,28.08,4.24,ok
1470_5489_clip005_s000,5489_clip005_s000,5489,2019-08-18,morning,winter,train,15.232,resources/site_257_bowra-dry-a/mvp2_per_cell_dataset/clips/1470_5489_clip005_s000/audio.wav,"morning winter ambient soundscape, Bowra dry woodland, Australia, cold (14C), dry air, moderate wind, recorded 2019-08-18, no music, no machinery",14.43,28.08,4.24,ok
1471_5489_clip006_s000,5489_clip006_s000,5489,2019-08-18,morning,winter,train,12.423,resources/site_257_bowra-dry-a/mvp2_per_cell_dataset/clips/1471_5489_clip006_s000/audio.wav,"morning winter ambient soundscape, Bowra dry woodland, Australia, cold (14C), dry air, moderate wind, recorded 2019-08-18, no music, no machinery",14.43,28.08,4.24,ok
1472_5489_clip007_s000,5489_clip007_s000,5489,2019-08-18,morning,winter,train,10.635,resources/site_257_bowra-dry-a/mvp2_per_cell_dataset/clips/1472_5489_clip007_s000/audio.wav,"morning winter ambient soundscape, Bowra dry woodland, Australia, cold (14C), dry air, moderate wind, recorded 2019-08-18, no music, no machinery",14.43,28.08,4.24,ok
1473_5489_clip010_s000,5489_clip010_s000,5489,2019-08-18,morning,winter,train,11.865,resources/site_257_bowra-dry-a/mvp2_per_cell_dataset/clips/1473_5489_clip010_s000/audio.wav,"morning winter ambient soundscape, Bowra dry woodland, Australia, cold (14C), dry air, moderate wind, recorded 2019-08-18, no music, no machinery",14.43,28.08,4.24,ok
1474_5489_clip018_s000,5489_clip018_s000,5489,2019-08-18,morning,winter,train,10.194,resources/site_257_bowra-dry-a/mvp2_per_cell_dataset/clips/1474_5489_clip018_s000/audio.wav,"morning winter ambient soundscape, Bowra dry woodland, Australia, cold (14C), dry air, moderate wind, recorded 2019-08-18, no music, no machinery",14.43,28.08,4.24,ok
1475_5489_clip021_s000,5489_clip021_s000,5489,2019-08-18,morning,winter,train,13.444,resources/site_257_bowra-dry-a/mvp2_per_cell_dataset/clips/1475_5489_clip021_s000/audio.wav,"morning winter ambient soundscape, Bowra dry woodland, Australia, cold (14C), dry air, moderate wind, recorded 2019-08-18, no music, no machinery",14.43,28.08,4.24,ok
1476_5489_clip023_s000,5489_clip023_s000,5489,2019-08-18,morning,winter,train,10.937,resources/site_257_bowra-dry-a/mvp2_per_cell_dataset/clips/1476_5489_clip023_s000/audio.wav,"morning winter ambient soundscape, Bowra dry woodland, Australia, cold (14C), dry air, moderate wind, recorded 2019-08-18, no music, no machinery",14.43,28.08,4.24,ok
1477_1314118_clip012_s000,1314118_clip012_s000,1314118,2023-07-03,morning,winter,train,10.24,resources/site_257_bowra-dry-a/mvp2_per_cell_dataset/clips/1477_1314118_clip012_s000/audio.wav,"morning winter ambient soundscape, Bowra dry woodland, Australia, cold (8C), humid air, moderate wind, recorded 2023-07-03, no music, no machinery",8.5,82.01,3.25,ok
1478_1535172_clip009_s000,1535172_clip009_s000,1535172,2024-06-12,morning,winter,train,11.053,resources/site_257_bowra-dry-a/mvp2_per_cell_dataset/clips/1478_1535172_clip009_s000/audio.wav,"morning winter ambient soundscape, Bowra dry woodland, Australia, cold (10C), moderate humidity, moderate wind, recorded 2024-06-12, no music, no machinery",10.18,68.69,3.24,ok
1479_1535172_clip015_s000,1535172_clip015_s000,1535172,2024-06-12,morning,winter,val,12.934,resources/site_257_bowra-dry-a/mvp2_per_cell_dataset/clips/1479_1535172_clip015_s000/audio.wav,"morning winter ambient soundscape, Bowra dry woodland, Australia, cold (10C), moderate humidity, moderate wind, recorded 2024-06-12, no music, no machinery",10.18,68.69,3.24,ok
1480_1539107_clip004_s000,1539107_clip004_s000,1539107,2024-06-29,morning,winter,train,11.912,resources/site_257_bowra-dry-a/mvp2_per_cell_dataset/clips/1480_1539107_clip004_s000/audio.wav,"morning winter ambient soundscape, Bowra dry woodland, Australia, cold (14C), moderate humidity, moderate wind, recorded 2024-06-29, no music, no machinery",13.56,68.04,3.08,ok
1481_1539107_clip008_s000,1539107_clip008_s000,1539107,2024-06-29,morning,winter,train,14.791,resources/site_257_bowra-dry-a/mvp2_per_cell_dataset/clips/1481_1539107_clip008_s000/audio.wav,"morning winter ambient soundscape, Bowra dry woodland, Australia, cold (14C), moderate humidity, moderate wind, recorded 2024-06-29, no music, no machinery",13.56,68.04,3.08,ok
1482_1539107_clip009_s000,1539107_clip009_s000,1539107,2024-06-29,morning,winter,train,14.884,resources/site_257_bowra-dry-a/mvp2_per_cell_dataset/clips/1482_1539107_clip009_s000/audio.wav,"morning winter ambient soundscape, Bowra dry woodland, Australia, cold (14C), moderate humidity, moderate wind, recorded 2024-06-29, no music, no machinery",13.56,68.04,3.08,ok
1483_1534162_clip012_s000,1534162_clip012_s000,1534162,2024-08-17,morning,winter,train,10.844,resources/site_257_bowra-dry-a/mvp2_per_cell_dataset/clips/1483_1534162_clip012_s000/audio.wav,"morning winter ambient soundscape, Bowra dry woodland, Australia, cold (12C), humid air, moderate wind, recorded 2024-08-17, no music, no machinery",12.13,70.45,3.68,ok
1484_1672466_clip001_s000,1672466_clip001_s000,1672466,2025-06-08,morning,winter,train,12.098,resources/site_257_bowra-dry-a/mvp2_per_cell_dataset/clips/1484_1672466_clip001_s000/audio.wav,"morning winter ambient soundscape, Bowra dry woodland, Australia, cold (13C), moderate humidity, moderate wind, recorded 2025-06-08, no music, no machinery",12.73,68.23,4.23,ok
1485_1672466_clip001_s001,1672466_clip001_s001,1672466,2025-06-08,morning,winter,train,10.449,resources/site_257_bowra-dry-a/mvp2_per_cell_dataset/clips/1485_1672466_clip001_s001/audio.wav,"morning winter ambient soundscape, Bowra dry woodland, Australia, cold (13C), moderate humidity, moderate wind, recorded 2025-06-08, no music, no machinery",12.73,68.23,4.23,ok
1486_1672466_clip005_s000,1672466_clip005_s000,1672466,2025-06-08,morning,winter,train,10.635,resources/site_257_bowra-dry-a/mvp2_per_cell_dataset/clips/1486_1672466_clip005_s000/audio.wav,"morning winter ambient soundscape, Bowra dry woodland, Australia, cold (13C), moderate humidity, moderate wind, recorded 2025-06-08, no music, no machinery",12.73,68.23,4.23,ok
1487_5296_clip002_s000,5296_clip002_s000,5296,2019-08-14,night,winter,train,13.096,resources/site_257_bowra-dry-a/mvp2_per_cell_dataset/clips/1487_5296_clip002_s000/audio.wav,"night winter ambient soundscape, Bowra dry woodland, Australia, cold (9C), moderate humidity, light breeze, recorded 2019-08-14, no music, no machinery",8.97,45.08,1.39,ok
1488_5296_clip002_s001,5296_clip002_s001,5296,2019-08-14,night,winter,train,11.262,resources/site_257_bowra-dry-a/mvp2_per_cell_dataset/clips/1488_5296_clip002_s001/audio.wav,"night winter ambient soundscape, Bowra dry woodland, Australia, cold (9C), moderate humidity, light breeze, recorded 2019-08-14, no music, no machinery",8.97,45.08,1.39,ok
1489_5296_clip002_s002,5296_clip002_s002,5296,2019-08-14,night,winter,train,12.91,resources/site_257_bowra-dry-a/mvp2_per_cell_dataset/clips/1489_5296_clip002_s002/audio.wav,"night winter ambient soundscape, Bowra dry woodland, Australia, cold (9C), moderate humidity, light breeze, recorded 2019-08-14, no music, no machinery",8.97,45.08,1.39,ok
1490_5296_clip008_s000,5296_clip008_s000,5296,2019-08-14,night,winter,train,10.751,resources/site_257_bowra-dry-a/mvp2_per_cell_dataset/clips/1490_5296_clip008_s000/audio.wav,"night winter ambient soundscape, Bowra dry woodland, Australia, cold (9C), moderate humidity, light breeze, recorded 2019-08-14, no music, no machinery",8.97,45.08,1.39,ok
1491_5296_clip013_s000,5296_clip013_s000,5296,2019-08-14,night,winter,train,11.819,resources/site_257_bowra-dry-a/mvp2_per_cell_dataset/clips/1491_5296_clip013_s000/audio.wav,"night winter ambient soundscape, Bowra dry woodland, Australia, cold (9C), moderate humidity, light breeze, recorded 2019-08-14, no music, no machinery",8.97,45.08,1.39,ok
1492_5296_clip014_s000,5296_clip014_s000,5296,2019-08-14,night,winter,val,11.285,resources/site_257_bowra-dry-a/mvp2_per_cell_dataset/clips/1492_5296_clip014_s000/audio.wav,"night winter ambient soundscape, Bowra dry woodland, Australia, cold (9C), moderate humidity, light breeze, recorded 2019-08-14, no music, no machinery",8.97,45.08,1.39,ok
1493_5296_clip022_s000,5296_clip022_s000,5296,2019-08-14,night,winter,train,11.749,resources/site_257_bowra-dry-a/mvp2_per_cell_dataset/clips/1493_5296_clip022_s000/audio.wav,"night winter ambient soundscape, Bowra dry woodland, Australia, cold (9C), moderate humidity, light breeze, recorded 2019-08-14, no music, no machinery",8.97,45.08,1.39,ok
1494_5486_clip001_s000,5486_clip001_s000,5486,2019-08-18,night,winter,train,14.187,resources/site_257_bowra-dry-a/mvp2_per_cell_dataset/clips/1494_5486_clip001_s000/audio.wav,"night winter ambient soundscape, Bowra dry woodland, Australia, cold (15C), moderate humidity, moderate wind, recorded 2019-08-18, no music, no machinery",14.75,43.12,4.99,ok
1495_5486_clip008_s000,5486_clip008_s000,5486,2019-08-18,night,winter,val,12.33,resources/site_257_bowra-dry-a/mvp2_per_cell_dataset/clips/1495_5486_clip008_s000/audio.wav,"night winter ambient soundscape, Bowra dry woodland, Australia, cold (15C), moderate humidity, moderate wind, recorded 2019-08-18, no music, no machinery",14.75,43.12,4.99,ok
1496_5486_clip010_s000,5486_clip010_s000,5486,2019-08-18,night,winter,val,14.814,resources/site_257_bowra-dry-a/mvp2_per_cell_dataset/clips/1496_5486_clip010_s000/audio.wav,"night winter ambient soundscape, Bowra dry woodland, Australia, cold (15C), moderate humidity, moderate wind, recorded 2019-08-18, no music, no machinery",14.75,43.12,4.99,ok
1497_5486_clip013_s000,5486_clip013_s000,5486,2019-08-18,night,winter,train,10.797,resources/site_257_bowra-dry-a/mvp2_per_cell_dataset/clips/1497_5486_clip013_s000/audio.wav,"night winter ambient soundscape, Bowra dry woodland, Australia, cold (15C), moderate humidity, moderate wind, recorded 2019-08-18, no music, no machinery",14.75,43.12,4.99,ok
1498_5486_clip014_s000,5486_clip014_s000,5486,2019-08-18,night,winter,train,13.189,resources/site_257_bowra-dry-a/mvp2_per_cell_dataset/clips/1498_5486_clip014_s000/audio.wav,"night winter ambient soundscape, Bowra dry woodland, Australia, cold (15C), moderate humidity, moderate wind, recorded 2019-08-18, no music, no machinery",14.75,43.12,4.99,ok
1499_5486_clip015_s000,5486_clip015_s000,5486,2019-08-18,night,winter,train,13.003,resources/site_257_bowra-dry-a/mvp2_per_cell_dataset/clips/1499_5486_clip015_s000/audio.wav,"night winter ambient soundscape, Bowra dry woodland, Australia, cold (15C), moderate humidity, moderate wind, recorded 2019-08-18, no music, no machinery",14.75,43.12,4.99,ok
1500_5486_clip016_s000,5486_clip016_s000,5486,2019-08-18,night,winter,train,11.331,resources/site_257_bowra-dry-a/mvp2_per_cell_dataset/clips/1500_5486_clip016_s000/audio.wav,"night winter ambient soundscape, Bowra dry woodland, Australia, cold (15C), moderate humidity, moderate wind, recorded 2019-08-18, no music, no machinery",14.75,43.12,4.99,ok
1501_5486_clip016_s001,5486_clip016_s001,5486,2019-08-18,night,winter,train,13.723,resources/site_257_bowra-dry-a/mvp2_per_cell_dataset/clips/1501_5486_clip016_s001/audio.wav,"night winter ambient soundscape, Bowra dry woodland, Australia, cold (15C), moderate humidity, moderate wind, recorded 2019-08-18, no music, no machinery",14.75,43.12,4.99,ok
1502_5486_clip016_s002,5486_clip016_s002,5486,2019-08-18,night,winter,train,10.844,resources/site_257_bowra-dry-a/mvp2_per_cell_dataset/clips/1502_5486_clip016_s002/audio.wav,"night winter ambient soundscape, Bowra dry woodland, Australia, cold (15C), moderate humidity, moderate wind, recorded 2019-08-18, no music, no machinery",14.75,43.12,4.99,ok
1503_5486_clip018_s000,5486_clip018_s000,5486,2019-08-18,night,winter,train,12.167,resources/site_257_bowra-dry-a/mvp2_per_cell_dataset/clips/1503_5486_clip018_s000/audio.wav,"night winter ambient soundscape, Bowra dry woodland, Australia, cold (15C), moderate humidity, moderate wind, recorded 2019-08-18, no music, no machinery",14.75,43.12,4.99,ok
1504_5486_clip019_s000,5486_clip019_s000,5486,2019-08-18,night,winter,train,18.251,resources/site_257_bowra-dry-a/mvp2_per_cell_dataset/clips/1504_5486_clip019_s000/audio.wav,"night winter ambient soundscape, Bowra dry woodland, Australia, cold (15C), moderate humidity, moderate wind, recorded 2019-08-18, no music, no machinery",14.75,43.12,4.99,ok
1505_5486_clip021_s000,5486_clip021_s000,5486,2019-08-18,night,winter,train,10.983,resources/site_257_bowra-dry-a/mvp2_per_cell_dataset/clips/1505_5486_clip021_s000/audio.wav,"night winter ambient soundscape, Bowra dry woodland, Australia, cold (15C), moderate humidity, moderate wind, recorded 2019-08-18, no music, no machinery",14.75,43.12,4.99,ok
1506_5486_clip021_s001,5486_clip021_s001,5486,2019-08-18,night,winter,train,12.074,resources/site_257_bowra-dry-a/mvp2_per_cell_dataset/clips/1506_5486_clip021_s001/audio.wav,"night winter ambient soundscape, Bowra dry woodland, Australia, cold (15C), moderate humidity, moderate wind, recorded 2019-08-18, no music, no machinery",14.75,43.12,4.99,ok
1507_5486_clip023_s000,5486_clip023_s000,5486,2019-08-18,night,winter,train,10.449,resources/site_257_bowra-dry-a/mvp2_per_cell_dataset/clips/1507_5486_clip023_s000/audio.wav,"night winter ambient soundscape, Bowra dry woodland, Australia, cold (15C), moderate humidity, moderate wind, recorded 2019-08-18, no music, no machinery",14.75,43.12,4.99,ok
1508_445534_clip002_s000,445534_clip002_s000,445534,2020-08-31,night,winter,train,10.17,resources/site_257_bowra-dry-a/mvp2_per_cell_dataset/clips/1508_445534_clip002_s000/audio.wav,"night winter ambient soundscape, Bowra dry woodland, Australia, cold (10C), moderate humidity, moderate wind, recorded 2020-08-31, no music, no machinery",9.51,55.03,2.71,ok
1509_445534_clip004_s000,445534_clip004_s000,445534,2020-08-31,night,winter,val,10.472,resources/site_257_bowra-dry-a/mvp2_per_cell_dataset/clips/1509_445534_clip004_s000/audio.wav,"night winter ambient soundscape, Bowra dry woodland, Australia, cold (10C), moderate humidity, moderate wind, recorded 2020-08-31, no music, no machinery",9.51,55.03,2.71,ok
1510_445534_clip006_s000,445534_clip006_s000,445534,2020-08-31,night,winter,train,10.24,resources/site_257_bowra-dry-a/mvp2_per_cell_dataset/clips/1510_445534_clip006_s000/audio.wav,"night winter ambient soundscape, Bowra dry woodland, Australia, cold (10C), moderate humidity, moderate wind, recorded 2020-08-31, no music, no machinery",9.51,55.03,2.71,ok
1511_445534_clip010_s000,445534_clip010_s000,445534,2020-08-31,night,winter,train,10.797,resources/site_257_bowra-dry-a/mvp2_per_cell_dataset/clips/1511_445534_clip010_s000/audio.wav,"night winter ambient soundscape, Bowra dry woodland, Australia, cold (10C), moderate humidity, moderate wind, recorded 2020-08-31, no music, no machinery",9.51,55.03,2.71,ok
1512_445534_clip011_s000,445534_clip011_s000,445534,2020-08-31,night,winter,train,10.82,resources/site_257_bowra-dry-a/mvp2_per_cell_dataset/clips/1512_445534_clip011_s000/audio.wav,"night winter ambient soundscape, Bowra dry woodland, Australia, cold (10C), moderate humidity, moderate wind, recorded 2020-08-31, no music, no machinery",9.51,55.03,2.71,ok
1513_445534_clip011_s001,445534_clip011_s001,445534,2020-08-31,night,winter,train,10.96,resources/site_257_bowra-dry-a/mvp2_per_cell_dataset/clips/1513_445534_clip011_s001/audio.wav,"night winter ambient soundscape, Bowra dry woodland, Australia, cold (10C), moderate humidity, moderate wind, recorded 2020-08-31, no music, no machinery",9.51,55.03,2.71,ok
1514_445534_clip015_s000,445534_clip015_s000,445534,2020-08-31,night,winter,train,11.146,resources/site_257_bowra-dry-a/mvp2_per_cell_dataset/clips/1514_445534_clip015_s000/audio.wav,"night winter ambient soundscape, Bowra dry woodland, Australia, cold (10C), moderate humidity, moderate wind, recorded 2020-08-31, no music, no machinery",9.51,55.03,2.71,ok
1515_445534_clip015_s001,445534_clip015_s001,445534,2020-08-31,night,winter,train,12.725,resources/site_257_bowra-dry-a/mvp2_per_cell_dataset/clips/1515_445534_clip015_s001/audio.wav,"night winter ambient soundscape, Bowra dry woodland, Australia, cold (10C), moderate humidity, moderate wind, recorded 2020-08-31, no music, no machinery",9.51,55.03,2.71,ok
1516_445534_clip020_s000,445534_clip020_s000,445534,2020-08-31,night,winter,train,12.655,resources/site_257_bowra-dry-a/mvp2_per_cell_dataset/clips/1516_445534_clip020_s000/audio.wav,"night winter ambient soundscape, Bowra dry woodland, Australia, cold (10C), moderate humidity, moderate wind, recorded 2020-08-31, no music, no machinery",9.51,55.03,2.71,ok
1517_445534_clip022_s000,445534_clip022_s000,445534,2020-08-31,night,winter,train,12.376,resources/site_257_bowra-dry-a/mvp2_per_cell_dataset/clips/1517_445534_clip022_s000/audio.wav,"night winter ambient soundscape, Bowra dry woodland, Australia, cold (10C), moderate humidity, moderate wind, recorded 2020-08-31, no music, no machinery",9.51,55.03,2.71,ok
1518_445534_clip023_s000,445534_clip023_s000,445534,2020-08-31,night,winter,train,11.308,resources/site_257_bowra-dry-a/mvp2_per_cell_dataset/clips/1518_445534_clip023_s000/audio.wav,"night winter ambient soundscape, Bowra dry woodland, Australia, cold (10C), moderate humidity, moderate wind, recorded 2020-08-31, no music, no machinery",9.51,55.03,2.71,ok
1519_445534_clip024_s000,445534_clip024_s000,445534,2020-08-31,night,winter,train,11.54,resources/site_257_bowra-dry-a/mvp2_per_cell_dataset/clips/1519_445534_clip024_s000/audio.wav,"night winter ambient soundscape, Bowra dry woodland, Australia, cold (10C), moderate humidity, moderate wind, recorded 2020-08-31, no music, no machinery",9.51,55.03,2.71,ok
1520_1313809_clip017_s000,1313809_clip017_s000,1313809,2023-06-13,night,winter,val,11.238,resources/site_257_bowra-dry-a/mvp2_per_cell_dataset/clips/1520_1313809_clip017_s000/audio.wav,"night winter ambient soundscape, Bowra dry woodland, Australia, cold (11C), moderate humidity, moderate wind, recorded 2023-06-13, no music, no machinery",10.56,57.31,2.09,ok
1521_1313809_clip021_s000,1313809_clip021_s000,1313809,2023-06-13,night,winter,train,11.958,resources/site_257_bowra-dry-a/mvp2_per_cell_dataset/clips/1521_1313809_clip021_s000/audio.wav,"night winter ambient soundscape, Bowra dry woodland, Australia, cold (11C), moderate humidity, moderate wind, recorded 2023-06-13, no music, no machinery",10.56,57.31,2.09,ok
1522_1313809_clip022_s000,1313809_clip022_s000,1313809,2023-06-13,night,winter,train,10.658,resources/site_257_bowra-dry-a/mvp2_per_cell_dataset/clips/1522_1313809_clip022_s000/audio.wav,"night winter ambient soundscape, Bowra dry woodland, Australia, cold (11C), moderate humidity, moderate wind, recorded 2023-06-13, no music, no machinery",10.56,57.31,2.09,ok
1523_1313809_clip022_s001,1313809_clip022_s001,1313809,2023-06-13,night,winter,train,13.56,resources/site_257_bowra-dry-a/mvp2_per_cell_dataset/clips/1523_1313809_clip022_s001/audio.wav,"night winter ambient soundscape, Bowra dry woodland, Australia, cold (11C), moderate humidity, moderate wind, recorded 2023-06-13, no music, no machinery",10.56,57.31,2.09,ok
1524_1313809_clip022_s002,1313809_clip022_s002,1313809,2023-06-13,night,winter,train,16.393,resources/site_257_bowra-dry-a/mvp2_per_cell_dataset/clips/1524_1313809_clip022_s002/audio.wav,"night winter ambient soundscape, Bowra dry woodland, Australia, cold (11C), moderate humidity, moderate wind, recorded 2023-06-13, no music, no machinery",10.56,57.31,2.09,ok
1525_1313833_clip003_s000,1313833_clip003_s000,1313833,2023-06-15,night,winter,train,10.031,resources/site_257_bowra-dry-a/mvp2_per_cell_dataset/clips/1525_1313833_clip003_s000/audio.wav,"night winter ambient soundscape, Bowra dry woodland, Australia, cold (9C), moderate humidity, light breeze, recorded 2023-06-15, no music, no machinery",9.25,59.9,1.21,ok
1526_1313833_clip009_s000,1313833_clip009_s000,1313833,2023-06-15,night,winter,train,10.147,resources/site_257_bowra-dry-a/mvp2_per_cell_dataset/clips/1526_1313833_clip009_s000/audio.wav,"night winter ambient soundscape, Bowra dry woodland, Australia, cold (9C), moderate humidity, light breeze, recorded 2023-06-15, no music, no machinery",9.25,59.9,1.21,ok
1527_1313833_clip014_s000,1313833_clip014_s000,1313833,2023-06-15,night,winter,train,11.61,resources/site_257_bowra-dry-a/mvp2_per_cell_dataset/clips/1527_1313833_clip014_s000/audio.wav,"night winter ambient soundscape, Bowra dry woodland, Australia, cold (9C), moderate humidity, light breeze, recorded 2023-06-15, no music, no machinery",9.25,59.9,1.21,ok
1528_1313833_clip017_s000,1313833_clip017_s000,1313833,2023-06-15,night,winter,train,12.492,resources/site_257_bowra-dry-a/mvp2_per_cell_dataset/clips/1528_1313833_clip017_s000/audio.wav,"night winter ambient soundscape, Bowra dry woodland, Australia, cold (9C), moderate humidity, light breeze, recorded 2023-06-15, no music, no machinery",9.25,59.9,1.21,ok
1529_1313833_clip018_s000,1313833_clip018_s000,1313833,2023-06-15,night,winter,train,13.862,resources/site_257_bowra-dry-a/mvp2_per_cell_dataset/clips/1529_1313833_clip018_s000/audio.wav,"night winter ambient soundscape, Bowra dry woodland, Australia, cold (9C), moderate humidity, light breeze, recorded 2023-06-15, no music, no machinery",9.25,59.9,1.21,ok
1530_1313833_clip019_s000,1313833_clip019_s000,1313833,2023-06-15,night,winter,train,11.053,resources/site_257_bowra-dry-a/mvp2_per_cell_dataset/clips/1530_1313833_clip019_s000/audio.wav,"night winter ambient soundscape, Bowra dry woodland, Australia, cold (9C), moderate humidity, light breeze, recorded 2023-06-15, no music, no machinery",9.25,59.9,1.21,ok
1531_1313833_clip022_s000,1313833_clip022_s000,1313833,2023-06-15,night,winter,train,12.585,resources/site_257_bowra-dry-a/mvp2_per_cell_dataset/clips/1531_1313833_clip022_s000/audio.wav,"night winter ambient soundscape, Bowra dry woodland, Australia, cold (9C), moderate humidity, light breeze, recorded 2023-06-15, no music, no machinery",9.25,59.9,1.21,ok
1532_1536811_clip002_s000,1536811_clip002_s000,1536811,2024-06-12,night,winter,train,10.403,resources/site_257_bowra-dry-a/mvp2_per_cell_dataset/clips/1532_1536811_clip002_s000/audio.wav,"night winter ambient soundscape, Bowra dry woodland, Australia, cold (9C), humid air, moderate wind, recorded 2024-06-12, no music, no machinery",9.03,78.89,2.44,ok
1533_1536811_clip002_s001,1536811_clip002_s001,1536811,2024-06-12,night,winter,train,11.285,resources/site_257_bowra-dry-a/mvp2_per_cell_dataset/clips/1533_1536811_clip002_s001/audio.wav,"night winter ambient soundscape, Bowra dry woodland, Australia, cold (9C), humid air, moderate wind, recorded 2024-06-12, no music, no machinery",9.03,78.89,2.44,ok
1534_1536811_clip004_s000,1536811_clip004_s000,1536811,2024-06-12,night,winter,train,12.632,resources/site_257_bowra-dry-a/mvp2_per_cell_dataset/clips/1534_1536811_clip004_s000/audio.wav,"night winter ambient soundscape, Bowra dry woodland, Australia, cold (9C), humid air, moderate wind, recorded 2024-06-12, no music, no machinery",9.03,78.89,2.44,ok
1535_1536811_clip006_s000,1536811_clip006_s000,1536811,2024-06-12,night,winter,train,13.607,resources/site_257_bowra-dry-a/mvp2_per_cell_dataset/clips/1535_1536811_clip006_s000/audio.wav,"night winter ambient soundscape, Bowra dry woodland, Australia, cold (9C), humid air, moderate wind, recorded 2024-06-12, no music, no machinery",9.03,78.89,2.44,ok
1536_1536811_clip013_s000,1536811_clip013_s000,1536811,2024-06-12,night,winter,train,11.169,resources/site_257_bowra-dry-a/mvp2_per_cell_dataset/clips/1536_1536811_clip013_s000/audio.wav,"night winter ambient soundscape, Bowra dry woodland, Australia, cold (9C), humid air, moderate wind, recorded 2024-06-12, no music, no machinery",9.03,78.89,2.44,ok
1537_1534143_clip001_s000,1534143_clip001_s000,1534143,2024-06-29,night,winter,val,10.379,resources/site_257_bowra-dry-a/mvp2_per_cell_dataset/clips/1537_1534143_clip001_s000/audio.wav,"night winter ambient soundscape, Bowra dry woodland, Australia, mild (17C), moderate humidity, moderate wind, recorded 2024-06-29, no music, no machinery",17.37,67.74,3.8,ok
1538_1534143_clip002_s000,1534143_clip002_s000,1534143,2024-06-29,night,winter,train,10.147,resources/site_257_bowra-dry-a/mvp2_per_cell_dataset/clips/1538_1534143_clip002_s000/audio.wav,"night winter ambient soundscape, Bowra dry woodland, Australia, mild (17C), moderate humidity, moderate wind, recorded 2024-06-29, no music, no machinery",17.37,67.74,3.8,ok
1539_1534143_clip002_s001,1534143_clip002_s001,1534143,2024-06-29,night,winter,train,10.17,resources/site_257_bowra-dry-a/mvp2_per_cell_dataset/clips/1539_1534143_clip002_s001/audio.wav,"night winter ambient soundscape, Bowra dry woodland, Australia, mild (17C), moderate humidity, moderate wind, recorded 2024-06-29, no music, no machinery",17.37,67.74,3.8,ok
1540_1534143_clip002_s002,1534143_clip002_s002,1534143,2024-06-29,night,winter,val,13.7,resources/site_257_bowra-dry-a/mvp2_per_cell_dataset/clips/1540_1534143_clip002_s002/audio.wav,"night winter ambient soundscape, Bowra dry woodland, Australia, mild (17C), moderate humidity, moderate wind, recorded 2024-06-29, no music, no machinery",17.37,67.74,3.8,ok
1541_1534143_clip004_s000,1534143_clip004_s000,1534143,2024-06-29,night,winter,train,15.557,resources/site_257_bowra-dry-a/mvp2_per_cell_dataset/clips/1541_1534143_clip004_s000/audio.wav,"night winter ambient soundscape, Bowra dry woodland, Australia, mild (17C), moderate humidity, moderate wind, recorded 2024-06-29, no music, no machinery",17.37,67.74,3.8,ok
1542_1534143_clip008_s000,1534143_clip008_s000,1534143,2024-06-29,night,winter,train,11.61,resources/site_257_bowra-dry-a/mvp2_per_cell_dataset/clips/1542_1534143_clip008_s000/audio.wav,"night winter ambient soundscape, Bowra dry woodland, Australia, mild (17C), moderate humidity, moderate wind, recorded 2024-06-29, no music, no machinery",17.37,67.74,3.8,ok
1543_1534143_clip009_s000,1534143_clip009_s000,1534143,2024-06-29,night,winter,train,12.121,resources/site_257_bowra-dry-a/mvp2_per_cell_dataset/clips/1543_1534143_clip009_s000/audio.wav,"night winter ambient soundscape, Bowra dry woodland, Australia, mild (17C), moderate humidity, moderate wind, recorded 2024-06-29, no music, no machinery",17.37,67.74,3.8,ok
1544_1534143_clip009_s001,1534143_clip009_s001,1534143,2024-06-29,night,winter,train,10.728,resources/site_257_bowra-dry-a/mvp2_per_cell_dataset/clips/1544_1534143_clip009_s001/audio.wav,"night winter ambient soundscape, Bowra dry woodland, Australia, mild (17C), moderate humidity, moderate wind, recorded 2024-06-29, no music, no machinery",17.37,67.74,3.8,ok
1545_1534143_clip011_s000,1534143_clip011_s000,1534143,2024-06-29,night,winter,train,12.608,resources/site_257_bowra-dry-a/mvp2_per_cell_dataset/clips/1545_1534143_clip011_s000/audio.wav,"night winter ambient soundscape, Bowra dry woodland, Australia, mild (17C), moderate humidity, moderate wind, recorded 2024-06-29, no music, no machinery",17.37,67.74,3.8,ok
1546_1534143_clip011_s001,1534143_clip011_s001,1534143,2024-06-29,night,winter,train,12.794,resources/site_257_bowra-dry-a/mvp2_per_cell_dataset/clips/1546_1534143_clip011_s001/audio.wav,"night winter ambient soundscape, Bowra dry woodland, Australia, mild (17C), moderate humidity, moderate wind, recorded 2024-06-29, no music, no machinery",17.37,67.74,3.8,ok
1547_1534143_clip016_s000,1534143_clip016_s000,1534143,2024-06-29,night,winter,train,11.819,resources/site_257_bowra-dry-a/mvp2_per_cell_dataset/clips/1547_1534143_clip016_s000/audio.wav,"night winter ambient soundscape, Bowra dry woodland, Australia, mild (17C), moderate humidity, moderate wind, recorded 2024-06-29, no music, no machinery",17.37,67.74,3.8,ok
1548_1534143_clip016_s001,1534143_clip016_s001,1534143,2024-06-29,night,winter,train,10.774,resources/site_257_bowra-dry-a/mvp2_per_cell_dataset/clips/1548_1534143_clip016_s001/audio.wav,"night winter ambient soundscape, Bowra dry woodland, Australia, mild (17C), moderate humidity, moderate wind, recorded 2024-06-29, no music, no machinery",17.37,67.74,3.8,ok
1549_1534143_clip020_s000,1534143_clip020_s000,1534143,2024-06-29,night,winter,train,12.655,resources/site_257_bowra-dry-a/mvp2_per_cell_dataset/clips/1549_1534143_clip020_s000/audio.wav,"night winter ambient soundscape, Bowra dry woodland, Australia, mild (17C), moderate humidity, moderate wind, recorded 2024-06-29, no music, no machinery",17.37,67.74,3.8,ok
1550_1534143_clip021_s000,1534143_clip021_s000,1534143,2024-06-29,night,winter,train,13.398,resources/site_257_bowra-dry-a/mvp2_per_cell_dataset/clips/1550_1534143_clip021_s000/audio.wav,"night winter ambient soundscape, Bowra dry woodland, Australia, mild (17C), moderate humidity, moderate wind, recorded 2024-06-29, no music, no machinery",17.37,67.74,3.8,ok
1551_1539208_clip004_s000,1539208_clip004_s000,1539208,2024-07-18,night,winter,train,14.652,resources/site_257_bowra-dry-a/mvp2_per_cell_dataset/clips/1551_1539208_clip004_s000/audio.wav,"night winter ambient soundscape, Bowra dry woodland, Australia, cold (8C), humid air, light breeze, recorded 2024-07-18, no music, no machinery",8.32,89.25,1.17,ok
1552_1539208_clip005_s000,1539208_clip005_s000,1539208,2024-07-18,night,winter,train,10.728,resources/site_257_bowra-dry-a/mvp2_per_cell_dataset/clips/1552_1539208_clip005_s000/audio.wav,"night winter ambient soundscape, Bowra dry woodland, Australia, cold (8C), humid air, light breeze, recorded 2024-07-18, no music, no machinery",8.32,89.25,1.17,ok
1553_1539208_clip007_s000,1539208_clip007_s000,1539208,2024-07-18,night,winter,val,11.564,resources/site_257_bowra-dry-a/mvp2_per_cell_dataset/clips/1553_1539208_clip007_s000/audio.wav,"night winter ambient soundscape, Bowra dry woodland, Australia, cold (8C), humid air, light breeze, recorded 2024-07-18, no music, no machinery",8.32,89.25,1.17,ok
1554_1539208_clip010_s000,1539208_clip010_s000,1539208,2024-07-18,night,winter,train,10.751,resources/site_257_bowra-dry-a/mvp2_per_cell_dataset/clips/1554_1539208_clip010_s000/audio.wav,"night winter ambient soundscape, Bowra dry woodland, Australia, cold (8C), humid air, light breeze, recorded 2024-07-18, no music, no machinery",8.32,89.25,1.17,ok
1555_1539208_clip011_s000,1539208_clip011_s000,1539208,2024-07-18,night,winter,train,11.633,resources/site_257_bowra-dry-a/mvp2_per_cell_dataset/clips/1555_1539208_clip011_s000/audio.wav,"night winter ambient soundscape, Bowra dry woodland, Australia, cold (8C), humid air, light breeze, recorded 2024-07-18, no music, no machinery",8.32,89.25,1.17,ok
1556_1535645_clip001_s000,1535645_clip001_s000,1535645,2024-08-07,night,winter,train,10.519,resources/site_257_bowra-dry-a/mvp2_per_cell_dataset/clips/1556_1535645_clip001_s000/audio.wav,"night winter ambient soundscape, Bowra dry woodland, Australia, cold (8C), humid air, light breeze, recorded 2024-08-07, no music, no machinery",7.79,77.78,1.35,ok
1557_1535645_clip002_s000,1535645_clip002_s000,1535645,2024-08-07,night,winter,train,10.565,resources/site_257_bowra-dry-a/mvp2_per_cell_dataset/clips/1557_1535645_clip002_s000/audio.wav,"night winter ambient soundscape, Bowra dry woodland, Australia, cold (8C), humid air, light breeze, recorded 2024-08-07, no music, no machinery",7.79,77.78,1.35,ok
1558_1535645_clip005_s000,1535645_clip005_s000,1535645,2024-08-07,night,winter,train,10.751,resources/site_257_bowra-dry-a/mvp2_per_cell_dataset/clips/1558_1535645_clip005_s000/audio.wav,"night winter ambient soundscape, Bowra dry woodland, Australia, cold (8C), humid air, light breeze, recorded 2024-08-07, no music, no machinery",7.79,77.78,1.35,ok
1559_1535645_clip008_s000,1535645_clip008_s000,1535645,2024-08-07,night,winter,train,13.816,resources/site_257_bowra-dry-a/mvp2_per_cell_dataset/clips/1559_1535645_clip008_s000/audio.wav,"night winter ambient soundscape, Bowra dry woodland, Australia, cold (8C), humid air, light breeze, recorded 2024-08-07, no music, no machinery",7.79,77.78,1.35,ok
1560_1535645_clip012_s000,1535645_clip012_s000,1535645,2024-08-07,night,winter,val,11.053,resources/site_257_bowra-dry-a/mvp2_per_cell_dataset/clips/1560_1535645_clip012_s000/audio.wav,"night winter ambient soundscape, Bowra dry woodland, Australia, cold (8C), humid air, light breeze, recorded 2024-08-07, no music, no machinery",7.79,77.78,1.35,ok
1561_1535645_clip015_s000,1535645_clip015_s000,1535645,2024-08-07,night,winter,train,18.692,resources/site_257_bowra-dry-a/mvp2_per_cell_dataset/clips/1561_1535645_clip015_s000/audio.wav,"night winter ambient soundscape, Bowra dry woodland, Australia, cold (8C), humid air, light breeze, recorded 2024-08-07, no music, no machinery",7.79,77.78,1.35,ok
1562_1535645_clip017_s000,1535645_clip017_s000,1535645,2024-08-07,night,winter,train,10.704,resources/site_257_bowra-dry-a/mvp2_per_cell_dataset/clips/1562_1535645_clip017_s000/audio.wav,"night winter ambient soundscape, Bowra dry woodland, Australia, cold (8C), humid air, light breeze, recorded 2024-08-07, no music, no machinery",7.79,77.78,1.35,ok
1563_1535645_clip022_s000,1535645_clip022_s000,1535645,2024-08-07,night,winter,train,10.379,resources/site_257_bowra-dry-a/mvp2_per_cell_dataset/clips/1563_1535645_clip022_s000/audio.wav,"night winter ambient soundscape, Bowra dry woodland, Australia, cold (8C), humid air, light breeze, recorded 2024-08-07, no music, no machinery",7.79,77.78,1.35,ok
1564_1539719_clip004_s000,1539719_clip004_s000,1539719,2024-08-17,night,winter,train,12.005,resources/site_257_bowra-dry-a/mvp2_per_cell_dataset/clips/1564_1539719_clip004_s000/audio.wav,"night winter ambient soundscape, Bowra dry woodland, Australia, cold (11C), moderate humidity, moderate wind, recorded 2024-08-17, no music, no machinery",10.55,65.26,2.3,ok
1565_1539719_clip007_s000,1539719_clip007_s000,1539719,2024-08-17,night,winter,train,10.426,resources/site_257_bowra-dry-a/mvp2_per_cell_dataset/clips/1565_1539719_clip007_s000/audio.wav,"night winter ambient soundscape, Bowra dry woodland, Australia, cold (11C), moderate humidity, moderate wind, recorded 2024-08-17, no music, no machinery",10.55,65.26,2.3,ok
1566_1539719_clip008_s000,1539719_clip008_s000,1539719,2024-08-17,night,winter,train,11.819,resources/site_257_bowra-dry-a/mvp2_per_cell_dataset/clips/1566_1539719_clip008_s000/audio.wav,"night winter ambient soundscape, Bowra dry woodland, Australia, cold (11C), moderate humidity, moderate wind, recorded 2024-08-17, no music, no machinery",10.55,65.26,2.3,ok
1567_1539719_clip009_s000,1539719_clip009_s000,1539719,2024-08-17,night,winter,train,11.54,resources/site_257_bowra-dry-a/mvp2_per_cell_dataset/clips/1567_1539719_clip009_s000/audio.wav,"night winter ambient soundscape, Bowra dry woodland, Australia, cold (11C), moderate humidity, moderate wind, recorded 2024-08-17, no music, no machinery",10.55,65.26,2.3,ok
1568_1539719_clip014_s000,1539719_clip014_s000,1539719,2024-08-17,night,winter,train,12.028,resources/site_257_bowra-dry-a/mvp2_per_cell_dataset/clips/1568_1539719_clip014_s000/audio.wav,"night winter ambient soundscape, Bowra dry woodland, Australia, cold (11C), moderate humidity, moderate wind, recorded 2024-08-17, no music, no machinery",10.55,65.26,2.3,ok
1569_1680712_clip003_s000,1680712_clip003_s000,1680712,2025-06-08,night,winter,train,11.285,resources/site_257_bowra-dry-a/mvp2_per_cell_dataset/clips/1569_1680712_clip003_s000/audio.wav,"night winter ambient soundscape, Bowra dry woodland, Australia, cold (9C), humid air, moderate wind, recorded 2025-06-08, no music, no machinery",9.47,70.68,3.02,ok
1570_1680712_clip005_s000,1680712_clip005_s000,1680712,2025-06-08,night,winter,train,11.842,resources/site_257_bowra-dry-a/mvp2_per_cell_dataset/clips/1570_1680712_clip005_s000/audio.wav,"night winter ambient soundscape, Bowra dry woodland, Australia, cold (9C), humid air, moderate wind, recorded 2025-06-08, no music, no machinery",9.47,70.68,3.02,ok
1571_1680712_clip007_s000,1680712_clip007_s000,1680712,2025-06-08,night,winter,train,13.073,resources/site_257_bowra-dry-a/mvp2_per_cell_dataset/clips/1571_1680712_clip007_s000/audio.wav,"night winter ambient soundscape, Bowra dry woodland, Australia, cold (9C), humid air, moderate wind, recorded 2025-06-08, no music, no machinery",9.47,70.68,3.02,ok
1572_1680712_clip008_s000,1680712_clip008_s000,1680712,2025-06-08,night,winter,train,11.053,resources/site_257_bowra-dry-a/mvp2_per_cell_dataset/clips/1572_1680712_clip008_s000/audio.wav,"night winter ambient soundscape, Bowra dry woodland, Australia, cold (9C), humid air, moderate wind, recorded 2025-06-08, no music, no machinery",9.47,70.68,3.02,ok
1573_1672840_clip004_s000,1672840_clip004_s000,1672840,2025-06-20,night,winter,train,12.794,resources/site_257_bowra-dry-a/mvp2_per_cell_dataset/clips/1573_1672840_clip004_s000/audio.wav,"night winter ambient soundscape, Bowra dry woodland, Australia, cold (8C), humid air, light breeze, recorded 2025-06-20, no music, no machinery",7.66,75.95,1.81,ok
1574_1672840_clip004_s001,1672840_clip004_s001,1672840,2025-06-20,night,winter,val,10.194,resources/site_257_bowra-dry-a/mvp2_per_cell_dataset/clips/1574_1672840_clip004_s001/audio.wav,"night winter ambient soundscape, Bowra dry woodland, Australia, cold (8C), humid air, light breeze, recorded 2025-06-20, no music, no machinery",7.66,75.95,1.81,ok
1575_1672840_clip005_s000,1672840_clip005_s000,1672840,2025-06-20,night,winter,train,13.398,resources/site_257_bowra-dry-a/mvp2_per_cell_dataset/clips/1575_1672840_clip005_s000/audio.wav,"night winter ambient soundscape, Bowra dry woodland, Australia, cold (8C), humid air, light breeze, recorded 2025-06-20, no music, no machinery",7.66,75.95,1.81,ok
1576_1672840_clip005_s001,1672840_clip005_s001,1672840,2025-06-20,night,winter,train,12.678,resources/site_257_bowra-dry-a/mvp2_per_cell_dataset/clips/1576_1672840_clip005_s001/audio.wav,"night winter ambient soundscape, Bowra dry woodland, Australia, cold (8C), humid air, light breeze, recorded 2025-06-20, no music, no machinery",7.66,75.95,1.81,ok
1577_1672840_clip008_s000,1672840_clip008_s000,1672840,2025-06-20,night,winter,train,12.585,resources/site_257_bowra-dry-a/mvp2_per_cell_dataset/clips/1577_1672840_clip008_s000/audio.wav,"night winter ambient soundscape, Bowra dry woodland, Australia, cold (8C), humid air, light breeze, recorded 2025-06-20, no music, no machinery",7.66,75.95,1.81,ok
1578_1672840_clip008_s001,1672840_clip008_s001,1672840,2025-06-20,night,winter,train,11.424,resources/site_257_bowra-dry-a/mvp2_per_cell_dataset/clips/1578_1672840_clip008_s001/audio.wav,"night winter ambient soundscape, Bowra dry woodland, Australia, cold (8C), humid air, light breeze, recorded 2025-06-20, no music, no machinery",7.66,75.95,1.81,ok
1579_1672840_clip008_s002,1672840_clip008_s002,1672840,2025-06-20,night,winter,train,12.98,resources/site_257_bowra-dry-a/mvp2_per_cell_dataset/clips/1579_1672840_clip008_s002/audio.wav,"night winter ambient soundscape, Bowra dry woodland, Australia, cold (8C), humid air, light breeze, recorded 2025-06-20, no music, no machinery",7.66,75.95,1.81,ok
1580_1672840_clip008_s003,1672840_clip008_s003,1672840,2025-06-20,night,winter,train,13.444,resources/site_257_bowra-dry-a/mvp2_per_cell_dataset/clips/1580_1672840_clip008_s003/audio.wav,"night winter ambient soundscape, Bowra dry woodland, Australia, cold (8C), humid air, light breeze, recorded 2025-06-20, no music, no machinery",7.66,75.95,1.81,ok
1581_1672840_clip009_s000,1672840_clip009_s000,1672840,2025-06-20,night,winter,train,10.704,resources/site_257_bowra-dry-a/mvp2_per_cell_dataset/clips/1581_1672840_clip009_s000/audio.wav,"night winter ambient soundscape, Bowra dry woodland, Australia, cold (8C), humid air, light breeze, recorded 2025-06-20, no music, no machinery",7.66,75.95,1.81,ok
1582_1672840_clip010_s000,1672840_clip010_s000,1672840,2025-06-20,night,winter,train,10.797,resources/site_257_bowra-dry-a/mvp2_per_cell_dataset/clips/1582_1672840_clip010_s000/audio.wav,"night winter ambient soundscape, Bowra dry woodland, Australia, cold (8C), humid air, light breeze, recorded 2025-06-20, no music, no machinery",7.66,75.95,1.81,ok
1583_1672840_clip016_s000,1672840_clip016_s000,1672840,2025-06-20,night,winter,train,11.958,resources/site_257_bowra-dry-a/mvp2_per_cell_dataset/clips/1583_1672840_clip016_s000/audio.wav,"night winter ambient soundscape, Bowra dry woodland, Australia, cold (8C), humid air, light breeze, recorded 2025-06-20, no music, no machinery",7.66,75.95,1.81,ok
