clip_id,segment_id,recording_id,recording_date,diel_bin,season,split,duration_s,audio_path,caption,temperature_c,humidity_pct,wind_speed_ms,status
0001_216301_clip012_s000,216301_clip012_s000,216301,2020-03-21,afternoon,autumn,train,10.008,resources/site_257_bowra-dry-a/mvp1_all_conditioned_dataset/clips/0001_216301_clip012_s000/audio.wav,"afternoon autumn ambient soundscape, Bowra dry woodland, Australia, hot (33C), dry air, moderate wind, no music, no machinery",33.06,20.96,2.68,ok
0002_216301_clip015_s000,216301_clip015_s000,216301,2020-03-21,afternoon,autumn,train,11.192,resources/site_257_bowra-dry-a/mvp1_all_conditioned_dataset/clips/0002_216301_clip015_s000/audio.wav,"afternoon autumn ambient soundscape, Bowra dry woodland, Australia, hot (33C), dry air, moderate wind, no music, no machinery",33.06,20.96,2.68,ok
0003_216601_clip007_s000,216601_clip007_s000,216601,2020-04-15,afternoon,autumn,train,10.635,resources/site_257_bowra-dry-a/mvp1_all_conditioned_dataset/clips/0003_216601_clip007_s000/audio.wav,"afternoon autumn ambient soundscape, Bowra dry woodland, Australia, warm (31C), dry air, moderate wind, no music, no machinery",31.07,28.2,2.99,ok
0004_1313284_clip002_s000,1313284_clip002_s000,1313284,2023-05-10,afternoon,autumn,train,38.893,resources/site_257_bowra-dry-a/mvp1_all_conditioned_dataset/clips/0004_1313284_clip002_s000/audio.wav,"afternoon autumn ambient soundscape, Bowra dry woodland, Australia, mild (21C), dry air, moderate wind, no music, no machinery",20.56,29.33,3.38,ok
0005_1313284_clip011_s000,1313284_clip011_s000,1313284,2023-05-10,afternoon,autumn,train,11.262,resources/site_257_bowra-dry-a/mvp1_all_conditioned_dataset/clips/0005_1313284_clip011_s000/audio.wav,"afternoon autumn ambient soundscape, Bowra dry woodland, Australia, mild (21C), dry air, moderate wind, no music, no machinery",20.56,29.33,3.38,ok
0006_1313284_clip014_s000,1313284_clip014_s000,1313284,2023-05-10,afternoon,autumn,train,23.127,resources/site_257_bowra-dry-a/mvp1_all_conditioned_dataset/clips/0006_1313284_clip014_s000/audio.wav,"afternoon autumn ambient soundscape, Bowra dry woodland, Australia, mild (21C), dry air, moderate wind, no music, no machinery",20.56,29.33,3.38,ok
0007_1313284_clip014_s001,1313284_clip014_s001,1313284,2023-05-10,afternoon,autumn,train,17.299,resources/site_257_bowra-dry-a/mvp1_all_conditioned_dataset/clips/0007_1313284_clip014_s001/audio.wav,"afternoon autumn ambient soundscape, Bowra dry woodland, Australia, mild (21C), dry air, moderate wind, no music, no machinery",20.56,29.33,3.38,ok
0008_1313480_clip001_s000,1313480_clip001_s000,1313480,2023-05-23,afternoon,autumn,val,18.135,resources/site_257_bowra-dry-a/mvp1_all_conditioned_dataset/clips/0008_1313480_clip001_s000/audio.wav,"afternoon autumn ambient soundscape, Bowra dry woodland, Australia, mild (23C), dry air, still, no music, no machinery",22.82,18.65,0.38,ok
0009_1313480_clip001_s001,1313480_clip001_s001,1313480,2023-05-23,afternoon,autumn,train,33.39,resources/site_257_bowra-dry-a/mvp1_all_conditioned_dataset/clips/0009_1313480_clip001_s001/audio.wav,"afternoon autumn ambient soundscape, Bowra dry woodland, Australia, mild (23C), dry air, still, no music, no machinery",22.82,18.65,0.38,ok
0010_1313480_clip002_s000,1313480_clip002_s000,1313480,2023-05-23,afternoon,autumn,train,11.935,resources/site_257_bowra-dry-a/mvp1_all_conditioned_dataset/clips/0010_1313480_clip002_s000/audio.wav,"afternoon autumn ambient soundscape, Bowra dry woodland, Australia, mild (23C), dry air, still, no music, no machinery",22.82,18.65,0.38,ok
0011_1313480_clip004_s000,1313480_clip004_s000,1313480,2023-05-23,afternoon,autumn,train,14.164,resources/site_257_bowra-dry-a/mvp1_all_conditioned_dataset/clips/0011_1313480_clip004_s000/audio.wav,"afternoon autumn ambient soundscape, Bowra dry woodland, Australia, mild (23C), dry air, still, no music, no machinery",22.82,18.65,0.38,ok
0012_1313480_clip005_s000,1313480_clip005_s000,1313480,2023-05-23,afternoon,autumn,train,24.451,resources/site_257_bowra-dry-a/mvp1_all_conditioned_dataset/clips/0012_1313480_clip005_s000/audio.wav,"afternoon autumn ambient soundscape, Bowra dry woodland, Australia, mild (23C), dry air, still, no music, no machinery",22.82,18.65,0.38,ok
0013_1313480_clip005_s001,1313480_clip005_s001,1313480,2023-05-23,afternoon,autumn,train,10.495,resources/site_257_bowra-dry-a/mvp1_all_conditioned_dataset/clips/0013_1313480_clip005_s001/audio.wav,"afternoon autumn ambient soundscape, Bowra dry woodland, Australia, mild (23C), dry air, still, no music, no machinery",22.82,18.65,0.38,ok
0014_1313480_clip006_s000,1313480_clip006_s000,1313480,2023-05-23,afternoon,autumn,train,12.492,resources/site_257_bowra-dry-a/mvp1_all_conditioned_dataset/clips/0014_1313480_clip006_s000/audio.wav,"afternoon autumn ambient soundscape, Bowra dry woodland, Australia, mild (23C), dry air, still, no music, no machinery",22.82,18.65,0.38,ok
0015_1313480_clip006_s001,1313480_clip006_s001,1313480,2023-05-23,afternoon,autumn,train,11.726,resources/site_257_bowra-dry-a/mvp1_all_conditioned_dataset/clips/0015_1313480_clip006_s001/audio.wav,"afternoon autumn ambient soundscape, Bowra dry woodland, Australia, mild (23C), dry air, still, no music, no machinery",22.82,18.65,0.38,ok
0016_1313480_clip006_s002,1313480_clip006_s002,1313480,2023-05-23,afternoon,autumn,train,16.625,resources/site_257_bowra-dry-a/mvp1_all_conditioned_dataset/clips/0016_1313480_clip006_s002/audio.wav,"afternoon autumn ambient soundscape, Bowra dry woodland, Australia, mild (23C), dry air, still, no music, no machinery",22.82,18.65,0.38,ok
0017_1313480_clip008_s000,1313480_clip008_s000,1313480,2023-05-23,afternoon,autumn,train,11.447,resources/site_257_bowra-dry-a/mvp1_all_conditioned_dataset/clips/0017_1313480_clip008_s000/audio.wav,"afternoon autumn ambient soundscape, Bowra dry woodland, Australia, mild (23C), dry air, still, no music, no machinery",22.82,18.65,0.38,ok
0018_1313480_clip009_s000,1313480_clip009_s000,1313480,2023-05-23,afternoon,autumn,train,19.435,resources/site_257_bowra-dry-a/mvp1_all_conditioned_dataset/clips/0018_1313480_clip009_s000/audio.wav,"afternoon autumn ambient soundscape, Bowra dry woodland, Australia, mild (23C), dry air, still, no music, no machinery",22.82,18.65,0.38,ok
0019_1313480_clip009_s001,1313480_clip009_s001,1313480,2023-05-23,afternoon,autumn,val,15.047,resources/site_257_bowra-dry-a/mvp1_all_conditioned_dataset/clips/0019_1313480_clip009_s001/audio.wav,"afternoon autumn ambient soundscape, Bowra dry woodland, Australia, mild (23C), dry air, still, no music, no machinery",22.82,18.65,0.38,ok
0020_1313480_clip009_s002,1313480_clip009_s002,1313480,2023-05-23,afternoon,autumn,val,10.31,resources/site_257_bowra-dry-a/mvp1_all_conditioned_dataset/clips/0020_1313480_clip009_s002/audio.wav,"afternoon autumn ambient soundscape, Bowra dry woodland, Australia, mild (23C), dry air, still, no music, no machinery",22.82,18.65,0.38,ok
0021_1313480_clip013_s000,1313480_clip013_s000,1313480,2023-05-23,afternoon,autumn,train,12.353,resources/site_257_bowra-dry-a/mvp1_all_conditioned_dataset/clips/0021_1313480_clip013_s000/audio.wav,"afternoon autumn ambient soundscape, Bowra dry woodland, Australia, mild (23C), dry air, still, no music, no machinery",22.82,18.65,0.38,ok
0022_1313480_clip013_s001,1313480_clip013_s001,1313480,2023-05-23,afternoon,autumn,train,15.418,resources/site_257_bowra-dry-a/mvp1_all_conditioned_dataset/clips/0022_1313480_clip013_s001/audio.wav,"afternoon autumn ambient soundscape, Bowra dry woodland, Australia, mild (23C), dry air, still, no music, no machinery",22.82,18.65,0.38,ok
0023_1313480_clip013_s002,1313480_clip013_s002,1313480,2023-05-23,afternoon,autumn,train,16.022,resources/site_257_bowra-dry-a/mvp1_all_conditioned_dataset/clips/0023_1313480_clip013_s002/audio.wav,"afternoon autumn ambient soundscape, Bowra dry woodland, Australia, mild (23C), dry air, still, no music, no machinery",22.82,18.65,0.38,ok
0024_1313480_clip015_s000,1313480_clip015_s000,1313480,2023-05-23,afternoon,autumn,train,10.008,resources/site_257_bowra-dry-a/mvp1_all_conditioned_dataset/clips/0024_1313480_clip015_s000/audio.wav,"afternoon autumn ambient soundscape, Bowra dry woodland, Australia, mild (23C), dry air, still, no music, no machinery",22.82,18.65,0.38,ok
0025_1313480_clip015_s001,1313480_clip015_s001,1313480,2023-05-23,afternoon,autumn,train,14.489,resources/site_257_bowra-dry-a/mvp1_all_conditioned_dataset/clips/0025_1313480_clip015_s001/audio.wav,"afternoon autumn ambient soundscape, Bowra dry woodland, Australia, mild (23C), dry air, still, no music, no machinery",22.82,18.65,0.38,ok
0026_1313480_clip015_s002,1313480_clip015_s002,1313480,2023-05-23,afternoon,autumn,train,18.855,resources/site_257_bowra-dry-a/mvp1_all_conditioned_dataset/clips/0026_1313480_clip015_s002/audio.wav,"afternoon autumn ambient soundscape, Bowra dry woodland, Australia, mild (23C), dry air, still, no music, no machinery",22.82,18.65,0.38,ok
0027_1313480_clip015_s003,1313480_clip015_s003,1313480,2023-05-23,afternoon,autumn,train,11.355,resources/site_257_bowra-dry-a/mvp1_all_conditioned_dataset/clips/0027_1313480_clip015_s003/audio.wav,"afternoon autumn ambient soundscape, Bowra dry woodland, Australia, mild (23C), dry air, still, no music, no machinery",22.82,18.65,0.38,ok
0028_1313480_clip015_s004,1313480_clip015_s004,1313480,2023-05-23,afternoon,autumn,train,15.906,resources/site_257_bowra-dry-a/mvp1_all_conditioned_dataset/clips/0028_1313480_clip015_s004/audio.wav,"afternoon autumn ambient soundscape, Bowra dry woodland, Australia, mild (23C), dry air, still, no music, no machinery",22.82,18.65,0.38,ok
0029_1313480_clip017_s000,1313480_clip017_s000,1313480,2023-05-23,afternoon,autumn,train,10.333,resources/site_257_bowra-dry-a/mvp1_all_conditioned_dataset/clips/0029_1313480_clip017_s000/audio.wav,"afternoon autumn ambient soundscape, Bowra dry woodland, Australia, mild (23C), dry air, still, no music, no machinery",22.82,18.65,0.38,ok
0030_1313480_clip017_s001,1313480_clip017_s001,1313480,2023-05-23,afternoon,autumn,train,16.509,resources/site_257_bowra-dry-a/mvp1_all_conditioned_dataset/clips/0030_1313480_clip017_s001/audio.wav,"afternoon autumn ambient soundscape, Bowra dry woodland, Australia, mild (23C), dry air, still, no music, no machinery",22.82,18.65,0.38,ok
0031_1313480_clip018_s000,1313480_clip018_s000,1313480,2023-05-23,afternoon,autumn,train,29.814,resources/site_257_bowra-dry-a/mvp1_all_conditioned_dataset/clips/0031_1313480_clip018_s000/audio.wav,"afternoon autumn ambient soundscape, Bowra dry woodland, Australia, mild (23C), dry air, still, no music, no machinery",22.82,18.65,0.38,ok
0032_1313480_clip018_s001,1313480_clip018_s001,1313480,2023-05-23,afternoon,autumn,val,10.751,resources/site_257_bowra-dry-a/mvp1_all_conditioned_dataset/clips/0032_1313480_clip018_s001/audio.wav,"afternoon autumn ambient soundscape, Bowra dry woodland, Australia, mild (23C), dry air, still, no music, no machinery",22.82,18.65,0.38,ok
0033_1313480_clip018_s002,1313480_clip018_s002,1313480,2023-05-23,afternoon,autumn,train,11.865,resources/site_257_bowra-dry-a/mvp1_all_conditioned_dataset/clips/0033_1313480_clip018_s002/audio.wav,"afternoon autumn ambient soundscape, Bowra dry woodland, Australia, mild (23C), dry air, still, no music, no machinery",22.82,18.65,0.38,ok
0034_1313480_clip018_s003,1313480_clip018_s003,1313480,2023-05-23,afternoon,autumn,train,21.409,resources/site_257_bowra-dry-a/mvp1_all_conditioned_dataset/clips/0034_1313480_clip018_s003/audio.wav,"afternoon autumn ambient soundscape, Bowra dry woodland, Australia, mild (23C), dry air, still, no music, no machinery",22.82,18.65,0.38,ok
0035_1313480_clip019_s000,1313480_clip019_s000,1313480,2023-05-23,afternoon,autumn,train,15.023,resources/site_257_bowra-dry-a/mvp1_all_conditioned_dataset/clips/0035_1313480_clip019_s000/audio.wav,"afternoon autumn ambient soundscape, Bowra dry woodland, Australia, mild (23C), dry air, still, no music, no machinery",22.82,18.65,0.38,ok
0036_1313480_clip019_s001,1313480_clip019_s001,1313480,2023-05-23,afternoon,autumn,train,10.519,resources/site_257_bowra-dry-a/mvp1_all_conditioned_dataset/clips/0036_1313480_clip019_s001/audio.wav,"afternoon autumn ambient soundscape, Bowra dry woodland, Australia, mild (23C), dry air, still, no music, no machinery",22.82,18.65,0.38,ok
0037_1313480_clip020_s000,1313480_clip020_s000,1313480,2023-05-23,afternoon,autumn,train,22.059,resources/site_257_bowra-dry-a/mvp1_all_conditioned_dataset/clips/0037_1313480_clip020_s000/audio.wav,"afternoon autumn ambient soundscape, Bowra dry woodland, Australia, mild (23C), dry air, still, no music, no machinery",22.82,18.65,0.38,ok
0038_1313480_clip020_s001,1313480_clip020_s001,1313480,2023-05-23,afternoon,autumn,train,17.624,resources/site_257_bowra-dry-a/mvp1_all_conditioned_dataset/clips/0038_1313480_clip020_s001/audio.wav,"afternoon autumn ambient soundscape, Bowra dry woodland, Australia, mild (23C), dry air, still, no music, no machinery",22.82,18.65,0.38,ok
0039_1313480_clip023_s000,1313480_clip023_s000,1313480,2023-05-23,afternoon,autumn,train,11.029,resources/site_257_bowra-dry-a/mvp1_all_conditioned_dataset/clips/0039_1313480_clip023_s000/audio.wav,"afternoon autumn ambient soundscape, Bowra dry woodland, Australia, mild (23C), dry air, still, no music, no machinery",22.82,18.65,0.38,ok
0040_1313480_clip024_s000,1313480_clip024_s000,1313480,2023-05-23,afternoon,autumn,train,11.099,resources/site_257_bowra-dry-a/mvp1_all_conditioned_dataset/clips/0040_1313480_clip024_s000/audio.wav,"afternoon autumn ambient soundscape, Bowra dry woodland, Australia, mild (23C), dry air, still, no music, no machinery",22.82,18.65,0.38,ok
0041_1402577_clip002_s000,1402577_clip002_s000,1402577,2024-03-06,afternoon,autumn,train,11.656,resources/site_257_bowra-dry-a/mvp1_all_conditioned_dataset/clips/0041_1402577_clip002_s000/audio.wav,"afternoon autumn ambient soundscape, Bowra dry woodland, Australia, hot (38C), dry air, moderate wind, no music, no machinery",38.44,24.12,3.45,ok
0042_1402577_clip009_s000,1402577_clip009_s000,1402577,2024-03-06,afternoon,autumn,train,15.511,resources/site_257_bowra-dry-a/mvp1_all_conditioned_dataset/clips/0042_1402577_clip009_s000/audio.wav,"afternoon autumn ambient soundscape, Bowra dry woodland, Australia, hot (38C), dry air, moderate wind, no music, no machinery",38.44,24.12,3.45,ok
0043_1402577_clip011_s000,1402577_clip011_s000,1402577,2024-03-06,afternoon,autumn,train,13.119,resources/site_257_bowra-dry-a/mvp1_all_conditioned_dataset/clips/0043_1402577_clip011_s000/audio.wav,"afternoon autumn ambient soundscape, Bowra dry woodland, Australia, hot (38C), dry air, moderate wind, no music, no machinery",38.44,24.12,3.45,ok
0044_1402577_clip021_s000,1402577_clip021_s000,1402577,2024-03-06,afternoon,autumn,train,16.533,resources/site_257_bowra-dry-a/mvp1_all_conditioned_dataset/clips/0044_1402577_clip021_s000/audio.wav,"afternoon autumn ambient soundscape, Bowra dry woodland, Australia, hot (38C), dry air, moderate wind, no music, no machinery",38.44,24.12,3.45,ok
0045_1402577_clip023_s000,1402577_clip023_s000,1402577,2024-03-06,afternoon,autumn,train,14.28,resources/site_257_bowra-dry-a/mvp1_all_conditioned_dataset/clips/0045_1402577_clip023_s000/audio.wav,"afternoon autumn ambient soundscape, Bowra dry woodland, Australia, hot (38C), dry air, moderate wind, no music, no machinery",38.44,24.12,3.45,ok
0046_1535770_clip009_s000,1535770_clip009_s000,1535770,2024-03-26,afternoon,autumn,val,11.703,resources/site_257_bowra-dry-a/mvp1_all_conditioned_dataset/clips/0046_1535770_clip009_s000/audio.wav,"afternoon autumn ambient soundscape, Bowra dry woodland, Australia, hot (33C), dry air, moderate wind, no music, no machinery",32.74,17.86,3.84,ok
0047_1535770_clip011_s000,1535770_clip011_s000,1535770,2024-03-26,afternoon,autumn,train,10.681,resources/site_257_bowra-dry-a/mvp1_all_conditioned_dataset/clips/0047_1535770_clip011_s000/audio.wav,"afternoon autumn ambient soundscape, Bowra dry woodland, Australia, hot (33C), dry air, moderate wind, no music, no machinery",32.74,17.86,3.84,ok
0048_1535770_clip012_s000,1535770_clip012_s000,1535770,2024-03-26,afternoon,autumn,train,10.751,resources/site_257_bowra-dry-a/mvp1_all_conditioned_dataset/clips/0048_1535770_clip012_s000/audio.wav,"afternoon autumn ambient soundscape, Bowra dry woodland, Australia, hot (33C), dry air, moderate wind, no music, no machinery",32.74,17.86,3.84,ok
0049_1535770_clip012_s001,1535770_clip012_s001,1535770,2024-03-26,afternoon,autumn,train,12.91,resources/site_257_bowra-dry-a/mvp1_all_conditioned_dataset/clips/0049_1535770_clip012_s001/audio.wav,"afternoon autumn ambient soundscape, Bowra dry woodland, Australia, hot (33C), dry air, moderate wind, no music, no machinery",32.74,17.86,3.84,ok
0050_1535770_clip023_s000,1535770_clip023_s000,1535770,2024-03-26,afternoon,autumn,train,10.147,resources/site_257_bowra-dry-a/mvp1_all_conditioned_dataset/clips/0050_1535770_clip023_s000/audio.wav,"afternoon autumn ambient soundscape, Bowra dry woodland, Australia, hot (33C), dry air, moderate wind, no music, no machinery",32.74,17.86,3.84,ok
0051_1536463_clip001_s000,1536463_clip001_s000,1536463,2024-04-23,afternoon,autumn,val,14.698,resources/site_257_bowra-dry-a/mvp1_all_conditioned_dataset/clips/0051_1536463_clip001_s000/audio.wav,"afternoon autumn ambient soundscape, Bowra dry woodland, Australia, warm (30C), dry air, moderate wind, no music, no machinery",29.86,27.22,2.91,ok
0052_1536463_clip005_s000,1536463_clip005_s000,1536463,2024-04-23,afternoon,autumn,train,10.565,resources/site_257_bowra-dry-a/mvp1_all_conditioned_dataset/clips/0052_1536463_clip005_s000/audio.wav,"afternoon autumn ambient soundscape, Bowra dry woodland, Australia, warm (30C), dry air, moderate wind, no music, no machinery",29.86,27.22,2.91,ok
0053_1536463_clip007_s000,1536463_clip007_s000,1536463,2024-04-23,afternoon,autumn,train,13.096,resources/site_257_bowra-dry-a/mvp1_all_conditioned_dataset/clips/0053_1536463_clip007_s000/audio.wav,"afternoon autumn ambient soundscape, Bowra dry woodland, Australia, warm (30C), dry air, moderate wind, no music, no machinery",29.86,27.22,2.91,ok
0054_1536463_clip008_s000,1536463_clip008_s000,1536463,2024-04-23,afternoon,autumn,train,11.099,resources/site_257_bowra-dry-a/mvp1_all_conditioned_dataset/clips/0054_1536463_clip008_s000/audio.wav,"afternoon autumn ambient soundscape, Bowra dry woodland, Australia, warm (30C), dry air, moderate wind, no music, no machinery",29.86,27.22,2.91,ok
0055_1536463_clip009_s000,1536463_clip009_s000,1536463,2024-04-23,afternoon,autumn,train,11.447,resources/site_257_bowra-dry-a/mvp1_all_conditioned_dataset/clips/0055_1536463_clip009_s000/audio.wav,"afternoon autumn ambient soundscape, Bowra dry woodland, Australia, warm (30C), dry air, moderate wind, no music, no machinery",29.86,27.22,2.91,ok
0056_1536463_clip009_s001,1536463_clip009_s001,1536463,2024-04-23,afternoon,autumn,train,10.519,resources/site_257_bowra-dry-a/mvp1_all_conditioned_dataset/clips/0056_1536463_clip009_s001/audio.wav,"afternoon autumn ambient soundscape, Bowra dry woodland, Australia, warm (30C), dry air, moderate wind, no music, no machinery",29.86,27.22,2.91,ok
0057_1536463_clip010_s000,1536463_clip010_s000,1536463,2024-04-23,afternoon,autumn,train,11.099,resources/site_257_bowra-dry-a/mvp1_all_conditioned_dataset/clips/0057_1536463_clip010_s000/audio.wav,"afternoon autumn ambient soundscape, Bowra dry woodland, Australia, warm (30C), dry air, moderate wind, no music, no machinery",29.86,27.22,2.91,ok
0058_1536463_clip011_s000,1536463_clip011_s000,1536463,2024-04-23,afternoon,autumn,train,11.308,resources/site_257_bowra-dry-a/mvp1_all_conditioned_dataset/clips/0058_1536463_clip011_s000/audio.wav,"afternoon autumn ambient soundscape, Bowra dry woodland, Australia, warm (30C), dry air, moderate wind, no music, no machinery",29.86,27.22,2.91,ok
0059_1536463_clip011_s001,1536463_clip011_s001,1536463,2024-04-23,afternoon,autumn,train,15.418,resources/site_257_bowra-dry-a/mvp1_all_conditioned_dataset/clips/0059_1536463_clip011_s001/audio.wav,"afternoon autumn ambient soundscape, Bowra dry woodland, Australia, warm (30C), dry air, moderate wind, no music, no machinery",29.86,27.22,2.91,ok
0060_1536463_clip012_s000,1536463_clip012_s000,1536463,2024-04-23,afternoon,autumn,train,16.765,resources/site_257_bowra-dry-a/mvp1_all_conditioned_dataset/clips/0060_1536463_clip012_s000/audio.wav,"afternoon autumn ambient soundscape, Bowra dry woodland, Australia, warm (30C), dry air, moderate wind, no music, no machinery",29.86,27.22,2.91,ok
0061_1536463_clip020_s000,1536463_clip020_s000,1536463,2024-04-23,afternoon,autumn,train,11.378,resources/site_257_bowra-dry-a/mvp1_all_conditioned_dataset/clips/0061_1536463_clip020_s000/audio.wav,"afternoon autumn ambient soundscape, Bowra dry woodland, Australia, warm (30C), dry air, moderate wind, no music, no machinery",29.86,27.22,2.91,ok
0062_1536463_clip020_s001,1536463_clip020_s001,1536463,2024-04-23,afternoon,autumn,train,10.658,resources/site_257_bowra-dry-a/mvp1_all_conditioned_dataset/clips/0062_1536463_clip020_s001/audio.wav,"afternoon autumn ambient soundscape, Bowra dry woodland, Australia, warm (30C), dry air, moderate wind, no music, no machinery",29.86,27.22,2.91,ok
0063_1536463_clip021_s000,1536463_clip021_s000,1536463,2024-04-23,afternoon,autumn,train,19.505,resources/site_257_bowra-dry-a/mvp1_all_conditioned_dataset/clips/0063_1536463_clip021_s000/audio.wav,"afternoon autumn ambient soundscape, Bowra dry woodland, Australia, warm (30C), dry air, moderate wind, no music, no machinery",29.86,27.22,2.91,ok
0064_1536463_clip021_s001,1536463_clip021_s001,1536463,2024-04-23,afternoon,autumn,train,10.751,resources/site_257_bowra-dry-a/mvp1_all_conditioned_dataset/clips/0064_1536463_clip021_s001/audio.wav,"afternoon autumn ambient soundscape, Bowra dry woodland, Australia, warm (30C), dry air, moderate wind, no music, no machinery",29.86,27.22,2.91,ok
0065_1535281_clip005_s000,1535281_clip005_s000,1535281,2024-05-13,afternoon,autumn,train,11.749,resources/site_257_bowra-dry-a/mvp1_all_conditioned_dataset/clips/0065_1535281_clip005_s000/audio.wav,"afternoon autumn ambient soundscape, Bowra dry woodland, Australia, mild (24C), moderate humidity, moderate wind, no music, no machinery",23.63,41.14,3.43,ok
0066_1535281_clip005_s001,1535281_clip005_s001,1535281,2024-05-13,afternoon,autumn,train,21.084,resources/site_257_bowra-dry-a/mvp1_all_conditioned_dataset/clips/0066_1535281_clip005_s001/audio.wav,"afternoon autumn ambient soundscape, Bowra dry woodland, Australia, mild (24C), moderate humidity, moderate wind, no music, no machinery",23.63,41.14,3.43,ok
0067_1535281_clip005_s002,1535281_clip005_s002,1535281,2024-05-13,afternoon,autumn,train,12.678,resources/site_257_bowra-dry-a/mvp1_all_conditioned_dataset/clips/0067_1535281_clip005_s002/audio.wav,"afternoon autumn ambient soundscape, Bowra dry woodland, Australia, mild (24C), moderate humidity, moderate wind, no music, no machinery",23.63,41.14,3.43,ok
0068_1535281_clip005_s003,1535281_clip005_s003,1535281,2024-05-13,afternoon,autumn,val,11.308,resources/site_257_bowra-dry-a/mvp1_all_conditioned_dataset/clips/0068_1535281_clip005_s003/audio.wav,"afternoon autumn ambient soundscape, Bowra dry woodland, Australia, mild (24C), moderate humidity, moderate wind, no music, no machinery",23.63,41.14,3.43,ok
0069_1535281_clip005_s004,1535281_clip005_s004,1535281,2024-05-13,afternoon,autumn,train,17.717,resources/site_257_bowra-dry-a/mvp1_all_conditioned_dataset/clips/0069_1535281_clip005_s004/audio.wav,"afternoon autumn ambient soundscape, Bowra dry woodland, Australia, mild (24C), moderate humidity, moderate wind, no music, no machinery",23.63,41.14,3.43,ok
0070_1535281_clip006_s000,1535281_clip006_s000,1535281,2024-05-13,afternoon,autumn,train,17.949,resources/site_257_bowra-dry-a/mvp1_all_conditioned_dataset/clips/0070_1535281_clip006_s000/audio.wav,"afternoon autumn ambient soundscape, Bowra dry woodland, Australia, mild (24C), moderate humidity, moderate wind, no music, no machinery",23.63,41.14,3.43,ok
0071_1535281_clip006_s001,1535281_clip006_s001,1535281,2024-05-13,afternoon,autumn,train,24.636,resources/site_257_bowra-dry-a/mvp1_all_conditioned_dataset/clips/0071_1535281_clip006_s001/audio.wav,"afternoon autumn ambient soundscape, Bowra dry woodland, Australia, mild (24C), moderate humidity, moderate wind, no music, no machinery",23.63,41.14,3.43,ok
0072_1535281_clip006_s002,1535281_clip006_s002,1535281,2024-05-13,afternoon,autumn,train,13.909,resources/site_257_bowra-dry-a/mvp1_all_conditioned_dataset/clips/0072_1535281_clip006_s002/audio.wav,"afternoon autumn ambient soundscape, Bowra dry woodland, Australia, mild (24C), moderate humidity, moderate wind, no music, no machinery",23.63,41.14,3.43,ok
0073_1535281_clip006_s003,1535281_clip006_s003,1535281,2024-05-13,afternoon,autumn,train,10.751,resources/site_257_bowra-dry-a/mvp1_all_conditioned_dataset/clips/0073_1535281_clip006_s003/audio.wav,"afternoon autumn ambient soundscape, Bowra dry woodland, Australia, mild (24C), moderate humidity, moderate wind, no music, no machinery",23.63,41.14,3.43,ok
0074_1535281_clip014_s000,1535281_clip014_s000,1535281,2024-05-13,afternoon,autumn,train,10.031,resources/site_257_bowra-dry-a/mvp1_all_conditioned_dataset/clips/0074_1535281_clip014_s000/audio.wav,"afternoon autumn ambient soundscape, Bowra dry woodland, Australia, mild (24C), moderate humidity, moderate wind, no music, no machinery",23.63,41.14,3.43,ok
0075_1535281_clip018_s000,1535281_clip018_s000,1535281,2024-05-13,afternoon,autumn,train,10.031,resources/site_257_bowra-dry-a/mvp1_all_conditioned_dataset/clips/0075_1535281_clip018_s000/audio.wav,"afternoon autumn ambient soundscape, Bowra dry woodland, Australia, mild (24C), moderate humidity, moderate wind, no music, no machinery",23.63,41.14,3.43,ok
0076_1535281_clip022_s000,1535281_clip022_s000,1535281,2024-05-13,afternoon,autumn,train,11.146,resources/site_257_bowra-dry-a/mvp1_all_conditioned_dataset/clips/0076_1535281_clip022_s000/audio.wav,"afternoon autumn ambient soundscape, Bowra dry woodland, Australia, mild (24C), moderate humidity, moderate wind, no music, no machinery",23.63,41.14,3.43,ok
0077_1535281_clip023_s000,1535281_clip023_s000,1535281,2024-05-13,afternoon,autumn,train,18.576,resources/site_257_bowra-dry-a/mvp1_all_conditioned_dataset/clips/0077_1535281_clip023_s000/audio.wav,"afternoon autumn ambient soundscape, Bowra dry woodland, Australia, mild (24C), moderate humidity, moderate wind, no music, no machinery",23.63,41.14,3.43,ok
0078_1535281_clip023_s001,1535281_clip023_s001,1535281,2024-05-13,afternoon,autumn,train,11.029,resources/site_257_bowra-dry-a/mvp1_all_conditioned_dataset/clips/0078_1535281_clip023_s001/audio.wav,"afternoon autumn ambient soundscape, Bowra dry woodland, Australia, mild (24C), moderate humidity, moderate wind, no music, no machinery",23.63,41.14,3.43,ok
0079_1535281_clip023_s002,1535281_clip023_s002,1535281,2024-05-13,afternoon,autumn,train,11.842,resources/site_257_bowra-dry-a/mvp1_all_conditioned_dataset/clips/0079_1535281_clip023_s002/audio.wav,"afternoon autumn ambient soundscape, Bowra dry woodland, Australia, mild (24C), moderate humidity, moderate wind, no music, no machinery",23.63,41.14,3.43,ok
0080_1535281_clip023_s003,1535281_clip023_s003,1535281,2024-05-13,afternoon,autumn,val,31.556,resources/site_257_bowra-dry-a/mvp1_all_conditioned_dataset/clips/0080_1535281_clip023_s003/audio.wav,"afternoon autumn ambient soundscape, Bowra dry woodland, Australia, mild (24C), moderate humidity, moderate wind, no music, no machinery",23.63,41.14,3.43,ok
0081_1535281_clip023_s004,1535281_clip023_s004,1535281,2024-05-13,afternoon,autumn,train,11.749,resources/site_257_bowra-dry-a/mvp1_all_conditioned_dataset/clips/0081_1535281_clip023_s004/audio.wav,"afternoon autumn ambient soundscape, Bowra dry woodland, Australia, mild (24C), moderate humidity, moderate wind, no music, no machinery",23.63,41.14,3.43,ok
0082_1536559_clip001_s000,1536559_clip001_s000,1536559,2024-05-16,afternoon,autumn,train,10.519,resources/site_257_bowra-dry-a/mvp1_all_conditioned_dataset/clips/0082_1536559_clip001_s000/audio.wav,"afternoon autumn ambient soundscape, Bowra dry woodland, Australia, warm (25C), dry air, moderate wind, no music, no machinery",25.27,36.37,3.02,ok
0083_1536559_clip001_s001,1536559_clip001_s001,1536559,2024-05-16,afternoon,autumn,train,10.217,resources/site_257_bowra-dry-a/mvp1_all_conditioned_dataset/clips/0083_1536559_clip001_s001/audio.wav,"afternoon autumn ambient soundscape, Bowra dry woodland, Australia, warm (25C), dry air, moderate wind, no music, no machinery",25.27,36.37,3.02,ok
0084_1536559_clip001_s002,1536559_clip001_s002,1536559,2024-05-16,afternoon,autumn,train,11.053,resources/site_257_bowra-dry-a/mvp1_all_conditioned_dataset/clips/0084_1536559_clip001_s002/audio.wav,"afternoon autumn ambient soundscape, Bowra dry woodland, Australia, warm (25C), dry air, moderate wind, no music, no machinery",25.27,36.37,3.02,ok
0085_1536559_clip002_s000,1536559_clip002_s000,1536559,2024-05-16,afternoon,autumn,train,10.519,resources/site_257_bowra-dry-a/mvp1_all_conditioned_dataset/clips/0085_1536559_clip002_s000/audio.wav,"afternoon autumn ambient soundscape, Bowra dry woodland, Australia, warm (25C), dry air, moderate wind, no music, no machinery",25.27,36.37,3.02,ok
0086_1536559_clip002_s001,1536559_clip002_s001,1536559,2024-05-16,afternoon,autumn,val,11.703,resources/site_257_bowra-dry-a/mvp1_all_conditioned_dataset/clips/0086_1536559_clip002_s001/audio.wav,"afternoon autumn ambient soundscape, Bowra dry woodland, Australia, warm (25C), dry air, moderate wind, no music, no machinery",25.27,36.37,3.02,ok
0087_1536559_clip006_s000,1536559_clip006_s000,1536559,2024-05-16,afternoon,autumn,train,10.751,resources/site_257_bowra-dry-a/mvp1_all_conditioned_dataset/clips/0087_1536559_clip006_s000/audio.wav,"afternoon autumn ambient soundscape, Bowra dry woodland, Australia, warm (25C), dry air, moderate wind, no music, no machinery",25.27,36.37,3.02,ok
0088_1536559_clip007_s000,1536559_clip007_s000,1536559,2024-05-16,afternoon,autumn,train,12.33,resources/site_257_bowra-dry-a/mvp1_all_conditioned_dataset/clips/0088_1536559_clip007_s000/audio.wav,"afternoon autumn ambient soundscape, Bowra dry woodland, Australia, warm (25C), dry air, moderate wind, no music, no machinery",25.27,36.37,3.02,ok
0089_1536559_clip014_s000,1536559_clip014_s000,1536559,2024-05-16,afternoon,autumn,train,12.237,resources/site_257_bowra-dry-a/mvp1_all_conditioned_dataset/clips/0089_1536559_clip014_s000/audio.wav,"afternoon autumn ambient soundscape, Bowra dry woodland, Australia, warm (25C), dry air, moderate wind, no music, no machinery",25.27,36.37,3.02,ok
0090_1536559_clip015_s000,1536559_clip015_s000,1536559,2024-05-16,afternoon,autumn,train,11.192,resources/site_257_bowra-dry-a/mvp1_all_conditioned_dataset/clips/0090_1536559_clip015_s000/audio.wav,"afternoon autumn ambient soundscape, Bowra dry woodland, Australia, warm (25C), dry air, moderate wind, no music, no machinery",25.27,36.37,3.02,ok
0091_1536559_clip015_s001,1536559_clip015_s001,1536559,2024-05-16,afternoon,autumn,train,12.725,resources/site_257_bowra-dry-a/mvp1_all_conditioned_dataset/clips/0091_1536559_clip015_s001/audio.wav,"afternoon autumn ambient soundscape, Bowra dry woodland, Australia, warm (25C), dry air, moderate wind, no music, no machinery",25.27,36.37,3.02,ok
0092_1536559_clip015_s002,1536559_clip015_s002,1536559,2024-05-16,afternoon,autumn,train,10.588,resources/site_257_bowra-dry-a/mvp1_all_conditioned_dataset/clips/0092_1536559_clip015_s002/audio.wav,"afternoon autumn ambient soundscape, Bowra dry woodland, Australia, warm (25C), dry air, moderate wind, no music, no machinery",25.27,36.37,3.02,ok
0093_1536559_clip018_s000,1536559_clip018_s000,1536559,2024-05-16,afternoon,autumn,train,14.536,resources/site_257_bowra-dry-a/mvp1_all_conditioned_dataset/clips/0093_1536559_clip018_s000/audio.wav,"afternoon autumn ambient soundscape, Bowra dry woodland, Australia, warm (25C), dry air, moderate wind, no music, no machinery",25.27,36.37,3.02,ok
0094_1536559_clip019_s000,1536559_clip019_s000,1536559,2024-05-16,afternoon,autumn,train,14.42,resources/site_257_bowra-dry-a/mvp1_all_conditioned_dataset/clips/0094_1536559_clip019_s000/audio.wav,"afternoon autumn ambient soundscape, Bowra dry woodland, Australia, warm (25C), dry air, moderate wind, no music, no machinery",25.27,36.37,3.02,ok
0095_1679611_clip011_s000,1679611_clip011_s000,1679611,2025-03-02,afternoon,autumn,train,12.794,resources/site_257_bowra-dry-a/mvp1_all_conditioned_dataset/clips/0095_1679611_clip011_s000/audio.wav,"afternoon autumn ambient soundscape, Bowra dry woodland, Australia, very hot (42C), dry air, moderate wind, no music, no machinery",42.29,12.66,4.09,ok
0096_1670408_clip001_s000,1670408_clip001_s000,1670408,2025-03-22,afternoon,autumn,train,20.689,resources/site_257_bowra-dry-a/mvp1_all_conditioned_dataset/clips/0096_1670408_clip001_s000/audio.wav,"afternoon autumn ambient soundscape, Bowra dry woodland, Australia, hot (33C), dry air, moderate wind, no music, no machinery",33.33,33.6,3.16,ok
0097_1670408_clip009_s000,1670408_clip009_s000,1670408,2025-03-22,afternoon,autumn,train,10.612,resources/site_257_bowra-dry-a/mvp1_all_conditioned_dataset/clips/0097_1670408_clip009_s000/audio.wav,"afternoon autumn ambient soundscape, Bowra dry woodland, Australia, hot (33C), dry air, moderate wind, no music, no machinery",33.33,33.6,3.16,ok
0098_1670408_clip009_s001,1670408_clip009_s001,1670408,2025-03-22,afternoon,autumn,train,13.003,resources/site_257_bowra-dry-a/mvp1_all_conditioned_dataset/clips/0098_1670408_clip009_s001/audio.wav,"afternoon autumn ambient soundscape, Bowra dry woodland, Australia, hot (33C), dry air, moderate wind, no music, no machinery",33.33,33.6,3.16,ok
0099_1670408_clip009_s002,1670408_clip009_s002,1670408,2025-03-22,afternoon,autumn,train,26.564,resources/site_257_bowra-dry-a/mvp1_all_conditioned_dataset/clips/0099_1670408_clip009_s002/audio.wav,"afternoon autumn ambient soundscape, Bowra dry woodland, Australia, hot (33C), dry air, moderate wind, no music, no machinery",33.33,33.6,3.16,ok
0100_1670408_clip013_s000,1670408_clip013_s000,1670408,2025-03-22,afternoon,autumn,val,14.35,resources/site_257_bowra-dry-a/mvp1_all_conditioned_dataset/clips/0100_1670408_clip013_s000/audio.wav,"afternoon autumn ambient soundscape, Bowra dry woodland, Australia, hot (33C), dry air, moderate wind, no music, no machinery",33.33,33.6,3.16,ok
0101_216086_clip002_s000,216086_clip002_s000,216086,2020-03-02,dawn,autumn,train,11.146,resources/site_257_bowra-dry-a/mvp1_all_conditioned_dataset/clips/0101_216086_clip002_s000/audio.wav,"dawn autumn ambient soundscape, Bowra dry woodland, Australia, mild (24C), dry air, light breeze, no music, no machinery",23.71,30.12,1.04,ok
0102_216086_clip003_s000,216086_clip003_s000,216086,2020-03-02,dawn,autumn,train,11.68,resources/site_257_bowra-dry-a/mvp1_all_conditioned_dataset/clips/0102_216086_clip003_s000/audio.wav,"dawn autumn ambient soundscape, Bowra dry woodland, Australia, mild (24C), dry air, light breeze, no music, no machinery",23.71,30.12,1.04,ok
0103_216086_clip007_s000,216086_clip007_s000,216086,2020-03-02,dawn,autumn,train,12.283,resources/site_257_bowra-dry-a/mvp1_all_conditioned_dataset/clips/0103_216086_clip007_s000/audio.wav,"dawn autumn ambient soundscape, Bowra dry woodland, Australia, mild (24C), dry air, light breeze, no music, no machinery",23.71,30.12,1.04,ok
0104_216086_clip011_s000,216086_clip011_s000,216086,2020-03-02,dawn,autumn,train,11.68,resources/site_257_bowra-dry-a/mvp1_all_conditioned_dataset/clips/0104_216086_clip011_s000/audio.wav,"dawn autumn ambient soundscape, Bowra dry woodland, Australia, mild (24C), dry air, light breeze, no music, no machinery",23.71,30.12,1.04,ok
0105_216086_clip011_s001,216086_clip011_s001,216086,2020-03-02,dawn,autumn,train,12.423,resources/site_257_bowra-dry-a/mvp1_all_conditioned_dataset/clips/0105_216086_clip011_s001/audio.wav,"dawn autumn ambient soundscape, Bowra dry woodland, Australia, mild (24C), dry air, light breeze, no music, no machinery",23.71,30.12,1.04,ok
0106_216086_clip013_s000,216086_clip013_s000,216086,2020-03-02,dawn,autumn,train,10.495,resources/site_257_bowra-dry-a/mvp1_all_conditioned_dataset/clips/0106_216086_clip013_s000/audio.wav,"dawn autumn ambient soundscape, Bowra dry woodland, Australia, mild (24C), dry air, light breeze, no music, no machinery",23.71,30.12,1.04,ok
0107_216086_clip014_s000,216086_clip014_s000,216086,2020-03-02,dawn,autumn,train,13.63,resources/site_257_bowra-dry-a/mvp1_all_conditioned_dataset/clips/0107_216086_clip014_s000/audio.wav,"dawn autumn ambient soundscape, Bowra dry woodland, Australia, mild (24C), dry air, light breeze, no music, no machinery",23.71,30.12,1.04,ok
0108_216086_clip014_s001,216086_clip014_s001,216086,2020-03-02,dawn,autumn,train,15.116,resources/site_257_bowra-dry-a/mvp1_all_conditioned_dataset/clips/0108_216086_clip014_s001/audio.wav,"dawn autumn ambient soundscape, Bowra dry woodland, Australia, mild (24C), dry air, light breeze, no music, no machinery",23.71,30.12,1.04,ok
0109_216086_clip014_s002,216086_clip014_s002,216086,2020-03-02,dawn,autumn,train,11.262,resources/site_257_bowra-dry-a/mvp1_all_conditioned_dataset/clips/0109_216086_clip014_s002/audio.wav,"dawn autumn ambient soundscape, Bowra dry woodland, Australia, mild (24C), dry air, light breeze, no music, no machinery",23.71,30.12,1.04,ok
0110_216086_clip015_s000,216086_clip015_s000,216086,2020-03-02,dawn,autumn,train,10.588,resources/site_257_bowra-dry-a/mvp1_all_conditioned_dataset/clips/0110_216086_clip015_s000/audio.wav,"dawn autumn ambient soundscape, Bowra dry woodland, Australia, mild (24C), dry air, light breeze, no music, no machinery",23.71,30.12,1.04,ok
0111_216086_clip016_s000,216086_clip016_s000,216086,2020-03-02,dawn,autumn,train,15.372,resources/site_257_bowra-dry-a/mvp1_all_conditioned_dataset/clips/0111_216086_clip016_s000/audio.wav,"dawn autumn ambient soundscape, Bowra dry woodland, Australia, mild (24C), dry air, light breeze, no music, no machinery",23.71,30.12,1.04,ok
0112_216086_clip018_s000,216086_clip018_s000,216086,2020-03-02,dawn,autumn,train,10.17,resources/site_257_bowra-dry-a/mvp1_all_conditioned_dataset/clips/0112_216086_clip018_s000/audio.wav,"dawn autumn ambient soundscape, Bowra dry woodland, Australia, mild (24C), dry air, light breeze, no music, no machinery",23.71,30.12,1.04,ok
0113_216086_clip020_s000,216086_clip020_s000,216086,2020-03-02,dawn,autumn,train,10.728,resources/site_257_bowra-dry-a/mvp1_all_conditioned_dataset/clips/0113_216086_clip020_s000/audio.wav,"dawn autumn ambient soundscape, Bowra dry woodland, Australia, mild (24C), dry air, light breeze, no music, no machinery",23.71,30.12,1.04,ok
0114_216086_clip023_s000,216086_clip023_s000,216086,2020-03-02,dawn,autumn,val,12.98,resources/site_257_bowra-dry-a/mvp1_all_conditioned_dataset/clips/0114_216086_clip023_s000/audio.wav,"dawn autumn ambient soundscape, Bowra dry woodland, Australia, mild (24C), dry air, light breeze, no music, no machinery",23.71,30.12,1.04,ok
0115_216086_clip024_s000,216086_clip024_s000,216086,2020-03-02,dawn,autumn,train,10.751,resources/site_257_bowra-dry-a/mvp1_all_conditioned_dataset/clips/0115_216086_clip024_s000/audio.wav,"dawn autumn ambient soundscape, Bowra dry woodland, Australia, mild (24C), dry air, light breeze, no music, no machinery",23.71,30.12,1.04,ok
0116_216466_clip011_s000,216466_clip011_s000,216466,2020-04-04,dawn,autumn,train,11.053,resources/site_257_bowra-dry-a/mvp1_all_conditioned_dataset/clips/0116_216466_clip011_s000/audio.wav,"dawn autumn ambient soundscape, Bowra dry woodland, Australia, cold (14C), humid air, moderate wind, no music, no machinery",14.24,84.86,4.18,ok
0117_216466_clip014_s000,216466_clip014_s000,216466,2020-04-04,dawn,autumn,train,12.167,resources/site_257_bowra-dry-a/mvp1_all_conditioned_dataset/clips/0117_216466_clip014_s000/audio.wav,"dawn autumn ambient soundscape, Bowra dry woodland, Australia, cold (14C), humid air, moderate wind, no music, no machinery",14.24,84.86,4.18,ok
0118_216466_clip018_s000,216466_clip018_s000,216466,2020-04-04,dawn,autumn,train,10.379,resources/site_257_bowra-dry-a/mvp1_all_conditioned_dataset/clips/0118_216466_clip018_s000/audio.wav,"dawn autumn ambient soundscape, Bowra dry woodland, Australia, cold (14C), humid air, moderate wind, no music, no machinery",14.24,84.86,4.18,ok
0119_216466_clip020_s000,216466_clip020_s000,216466,2020-04-04,dawn,autumn,train,10.635,resources/site_257_bowra-dry-a/mvp1_all_conditioned_dataset/clips/0119_216466_clip020_s000/audio.wav,"dawn autumn ambient soundscape, Bowra dry woodland, Australia, cold (14C), humid air, moderate wind, no music, no machinery",14.24,84.86,4.18,ok
0120_216466_clip022_s000,216466_clip022_s000,216466,2020-04-04,dawn,autumn,train,10.124,resources/site_257_bowra-dry-a/mvp1_all_conditioned_dataset/clips/0120_216466_clip022_s000/audio.wav,"dawn autumn ambient soundscape, Bowra dry woodland, Australia, cold (14C), humid air, moderate wind, no music, no machinery",14.24,84.86,4.18,ok
0121_216595_clip010_s000,216595_clip010_s000,216595,2020-04-15,dawn,autumn,train,10.844,resources/site_257_bowra-dry-a/mvp1_all_conditioned_dataset/clips/0121_216595_clip010_s000/audio.wav,"dawn autumn ambient soundscape, Bowra dry woodland, Australia, cold (12C), humid air, moderate wind, no music, no machinery",12.26,91.58,2.28,ok
0122_1313384_clip001_s000,1313384_clip001_s000,1313384,2023-04-09,dawn,autumn,train,11.285,resources/site_257_bowra-dry-a/mvp1_all_conditioned_dataset/clips/0122_1313384_clip001_s000/audio.wav,"dawn autumn ambient soundscape, Bowra dry woodland, Australia, cold (13C), moderate humidity, moderate wind, no music, no machinery",12.96,64.45,2.89,ok
0123_1313384_clip003_s000,1313384_clip003_s000,1313384,2023-04-09,dawn,autumn,val,10.449,resources/site_257_bowra-dry-a/mvp1_all_conditioned_dataset/clips/0123_1313384_clip003_s000/audio.wav,"dawn autumn ambient soundscape, Bowra dry woodland, Australia, cold (13C), moderate humidity, moderate wind, no music, no machinery",12.96,64.45,2.89,ok
0124_1313384_clip003_s001,1313384_clip003_s001,1313384,2023-04-09,dawn,autumn,val,15.232,resources/site_257_bowra-dry-a/mvp1_all_conditioned_dataset/clips/0124_1313384_clip003_s001/audio.wav,"dawn autumn ambient soundscape, Bowra dry woodland, Australia, cold (13C), moderate humidity, moderate wind, no music, no machinery",12.96,64.45,2.89,ok
0125_1313384_clip005_s000,1313384_clip005_s000,1313384,2023-04-09,dawn,autumn,train,10.379,resources/site_257_bowra-dry-a/mvp1_all_conditioned_dataset/clips/0125_1313384_clip005_s000/audio.wav,"dawn autumn ambient soundscape, Bowra dry woodland, Australia, cold (13C), moderate humidity, moderate wind, no music, no machinery",12.96,64.45,2.89,ok
0126_1313384_clip005_s001,1313384_clip005_s001,1313384,2023-04-09,dawn,autumn,train,10.565,resources/site_257_bowra-dry-a/mvp1_all_conditioned_dataset/clips/0126_1313384_clip005_s001/audio.wav,"dawn autumn ambient soundscape, Bowra dry woodland, Australia, cold (13C), moderate humidity, moderate wind, no music, no machinery",12.96,64.45,2.89,ok
0127_1313384_clip006_s000,1313384_clip006_s000,1313384,2023-04-09,dawn,autumn,train,11.215,resources/site_257_bowra-dry-a/mvp1_all_conditioned_dataset/clips/0127_1313384_clip006_s000/audio.wav,"dawn autumn ambient soundscape, Bowra dry woodland, Australia, cold (13C), moderate humidity, moderate wind, no music, no machinery",12.96,64.45,2.89,ok
0128_1313384_clip006_s001,1313384_clip006_s001,1313384,2023-04-09,dawn,autumn,train,10.031,resources/site_257_bowra-dry-a/mvp1_all_conditioned_dataset/clips/0128_1313384_clip006_s001/audio.wav,"dawn autumn ambient soundscape, Bowra dry woodland, Australia, cold (13C), moderate humidity, moderate wind, no music, no machinery",12.96,64.45,2.89,ok
0129_1313384_clip006_s002,1313384_clip006_s002,1313384,2023-04-09,dawn,autumn,val,14.396,resources/site_257_bowra-dry-a/mvp1_all_conditioned_dataset/clips/0129_1313384_clip006_s002/audio.wav,"dawn autumn ambient soundscape, Bowra dry woodland, Australia, cold (13C), moderate humidity, moderate wind, no music, no machinery",12.96,64.45,2.89,ok
0130_1313285_clip004_s000,1313285_clip004_s000,1313285,2023-05-10,dawn,autumn,train,12.957,resources/site_257_bowra-dry-a/mvp1_all_conditioned_dataset/clips/0130_1313285_clip004_s000/audio.wav,"dawn autumn ambient soundscape, Bowra dry woodland, Australia, cold (6C), humid air, light breeze, no music, no machinery",5.52,90.76,1.85,ok
0131_1313285_clip004_s001,1313285_clip004_s001,1313285,2023-05-10,dawn,autumn,train,15.139,resources/site_257_bowra-dry-a/mvp1_all_conditioned_dataset/clips/0131_1313285_clip004_s001/audio.wav,"dawn autumn ambient soundscape, Bowra dry woodland, Australia, cold (6C), humid air, light breeze, no music, no machinery",5.52,90.76,1.85,ok
0132_1313285_clip004_s002,1313285_clip004_s002,1313285,2023-05-10,dawn,autumn,train,11.401,resources/site_257_bowra-dry-a/mvp1_all_conditioned_dataset/clips/0132_1313285_clip004_s002/audio.wav,"dawn autumn ambient soundscape, Bowra dry woodland, Australia, cold (6C), humid air, light breeze, no music, no machinery",5.52,90.76,1.85,ok
0133_1313285_clip006_s000,1313285_clip006_s000,1313285,2023-05-10,dawn,autumn,train,12.794,resources/site_257_bowra-dry-a/mvp1_all_conditioned_dataset/clips/0133_1313285_clip006_s000/audio.wav,"dawn autumn ambient soundscape, Bowra dry woodland, Australia, cold (6C), humid air, light breeze, no music, no machinery",5.52,90.76,1.85,ok
0134_1313484_clip001_s000,1313484_clip001_s000,1313484,2023-05-23,dawn,autumn,train,12.748,resources/site_257_bowra-dry-a/mvp1_all_conditioned_dataset/clips/0134_1313484_clip001_s000/audio.wav,"dawn autumn ambient soundscape, Bowra dry woodland, Australia, cold (5C), moderate humidity, light breeze, no music, no machinery",5.31,62.6,1.3,ok
0135_1313484_clip003_s000,1313484_clip003_s000,1313484,2023-05-23,dawn,autumn,train,12.539,resources/site_257_bowra-dry-a/mvp1_all_conditioned_dataset/clips/0135_1313484_clip003_s000/audio.wav,"dawn autumn ambient soundscape, Bowra dry woodland, Australia, cold (5C), moderate humidity, light breeze, no music, no machinery",5.31,62.6,1.3,ok
0136_1313484_clip003_s001,1313484_clip003_s001,1313484,2023-05-23,dawn,autumn,train,13.769,resources/site_257_bowra-dry-a/mvp1_all_conditioned_dataset/clips/0136_1313484_clip003_s001/audio.wav,"dawn autumn ambient soundscape, Bowra dry woodland, Australia, cold (5C), moderate humidity, light breeze, no music, no machinery",5.31,62.6,1.3,ok
0137_1313484_clip003_s002,1313484_clip003_s002,1313484,2023-05-23,dawn,autumn,train,20.48,resources/site_257_bowra-dry-a/mvp1_all_conditioned_dataset/clips/0137_1313484_clip003_s002/audio.wav,"dawn autumn ambient soundscape, Bowra dry woodland, Australia, cold (5C), moderate humidity, light breeze, no music, no machinery",5.31,62.6,1.3,ok
0138_1313484_clip004_s000,1313484_clip004_s000,1313484,2023-05-23,dawn,autumn,train,17.926,resources/site_257_bowra-dry-a/mvp1_all_conditioned_dataset/clips/0138_1313484_clip004_s000/audio.wav,"dawn autumn ambient soundscape, Bowra dry woodland, Australia, cold (5C), moderate humidity, light breeze, no music, no machinery",5.31,62.6,1.3,ok
0139_1313484_clip004_s001,1313484_clip004_s001,1313484,2023-05-23,dawn,autumn,train,12.098,resources/site_257_bowra-dry-a/mvp1_all_conditioned_dataset/clips/0139_1313484_clip004_s001/audio.wav,"dawn autumn ambient soundscape, Bowra dry woodland, Australia, cold (5C), moderate humidity, light breeze, no music, no machinery",5.31,62.6,1.3,ok
0140_1313484_clip005_s000,1313484_clip005_s000,1313484,2023-05-23,dawn,autumn,train,11.401,resources/site_257_bowra-dry-a/mvp1_all_conditioned_dataset/clips/0140_1313484_clip005_s000/audio.wav,"dawn autumn ambient soundscape, Bowra dry woodland, Australia, cold (5C), moderate humidity, light breeze, no music, no machinery",5.31,62.6,1.3,ok
0141_1313484_clip006_s000,1313484_clip006_s000,1313484,2023-05-23,dawn,autumn,train,12.19,resources/site_257_bowra-dry-a/mvp1_all_conditioned_dataset/clips/0141_1313484_clip006_s000/audio.wav,"dawn autumn ambient soundscape, Bowra dry woodland, Australia, cold (5C), moderate humidity, light breeze, no music, no machinery",5.31,62.6,1.3,ok
0142_1313484_clip006_s001,1313484_clip006_s001,1313484,2023-05-23,dawn,autumn,train,12.771,resources/site_257_bowra-dry-a/mvp1_all_conditioned_dataset/clips/0142_1313484_clip006_s001/audio.wav,"dawn autumn ambient soundscape, Bowra dry woodland, Australia, cold (5C), moderate humidity, light breeze, no music, no machinery",5.31,62.6,1.3,ok
0143_1313484_clip006_s002,1313484_clip006_s002,1313484,2023-05-23,dawn,autumn,train,10.472,resources/site_257_bowra-dry-a/mvp1_all_conditioned_dataset/clips/0143_1313484_clip006_s002/audio.wav,"dawn autumn ambient soundscape, Bowra dry woodland, Australia, cold (5C), moderate humidity, light breeze, no music, no machinery",5.31,62.6,1.3,ok
0144_1313484_clip007_s000,1313484_clip007_s000,1313484,2023-05-23,dawn,autumn,train,10.751,resources/site_257_bowra-dry-a/mvp1_all_conditioned_dataset/clips/0144_1313484_clip007_s000/audio.wav,"dawn autumn ambient soundscape, Bowra dry woodland, Australia, cold (5C), moderate humidity, light breeze, no music, no machinery",5.31,62.6,1.3,ok
0145_1402571_clip018_s000,1402571_clip018_s000,1402571,2024-03-06,dawn,autumn,train,11.122,resources/site_257_bowra-dry-a/mvp1_all_conditioned_dataset/clips/0145_1402571_clip018_s000/audio.wav,"dawn autumn ambient soundscape, Bowra dry woodland, Australia, warm (27C), moderate humidity, moderate wind, no music, no machinery",26.62,51.56,3.29,ok
0146_1535548_clip005_s000,1535548_clip005_s000,1535548,2024-04-10,dawn,autumn,train,11.773,resources/site_257_bowra-dry-a/mvp1_all_conditioned_dataset/clips/0146_1535548_clip005_s000/audio.wav,"dawn autumn ambient soundscape, Bowra dry woodland, Australia, cold (9C), moderate humidity, moderate wind, no music, no machinery",9.07,69.99,2.74,ok
0147_1534205_clip020_s000,1534205_clip020_s000,1534205,2024-04-23,dawn,autumn,val,11.215,resources/site_257_bowra-dry-a/mvp1_all_conditioned_dataset/clips/0147_1534205_clip020_s000/audio.wav,"dawn autumn ambient soundscape, Bowra dry woodland, Australia, cold (13C), moderate humidity, light breeze, no music, no machinery",13.28,66.58,1.93,ok
0148_1534205_clip020_s001,1534205_clip020_s001,1534205,2024-04-23,dawn,autumn,train,11.146,resources/site_257_bowra-dry-a/mvp1_all_conditioned_dataset/clips/0148_1534205_clip020_s001/audio.wav,"dawn autumn ambient soundscape, Bowra dry woodland, Australia, cold (13C), moderate humidity, light breeze, no music, no machinery",13.28,66.58,1.93,ok
0149_1534205_clip023_s000,1534205_clip023_s000,1534205,2024-04-23,dawn,autumn,train,11.029,resources/site_257_bowra-dry-a/mvp1_all_conditioned_dataset/clips/0149_1534205_clip023_s000/audio.wav,"dawn autumn ambient soundscape, Bowra dry woodland, Australia, cold (13C), moderate humidity, light breeze, no music, no machinery",13.28,66.58,1.93,ok
0150_1535269_clip009_s000,1535269_clip009_s000,1535269,2024-05-16,dawn,autumn,train,11.68,resources/site_257_bowra-dry-a/mvp1_all_conditioned_dataset/clips/0150_1535269_clip009_s000/audio.wav,"dawn autumn ambient soundscape, Bowra dry woodland, Australia, cold (11C), humid air, moderate wind, no music, no machinery",11.24,81.31,2.17,ok
0151_1535269_clip010_s000,1535269_clip010_s000,1535269,2024-05-16,dawn,autumn,train,12.028,resources/site_257_bowra-dry-a/mvp1_all_conditioned_dataset/clips/0151_1535269_clip010_s000/audio.wav,"dawn autumn ambient soundscape, Bowra dry woodland, Australia, cold (11C), humid air, moderate wind, no music, no machinery",11.24,81.31,2.17,ok
0152_1535269_clip010_s001,1535269_clip010_s001,1535269,2024-05-16,dawn,autumn,train,16.37,resources/site_257_bowra-dry-a/mvp1_all_conditioned_dataset/clips/0152_1535269_clip010_s001/audio.wav,"dawn autumn ambient soundscape, Bowra dry woodland, Australia, cold (11C), humid air, moderate wind, no music, no machinery",11.24,81.31,2.17,ok
0153_1535269_clip013_s000,1535269_clip013_s000,1535269,2024-05-16,dawn,autumn,train,10.751,resources/site_257_bowra-dry-a/mvp1_all_conditioned_dataset/clips/0153_1535269_clip013_s000/audio.wav,"dawn autumn ambient soundscape, Bowra dry woodland, Australia, cold (11C), humid air, moderate wind, no music, no machinery",11.24,81.31,2.17,ok
0154_1535269_clip021_s000,1535269_clip021_s000,1535269,2024-05-16,dawn,autumn,train,10.054,resources/site_257_bowra-dry-a/mvp1_all_conditioned_dataset/clips/0154_1535269_clip021_s000/audio.wav,"dawn autumn ambient soundscape, Bowra dry woodland, Australia, cold (11C), humid air, moderate wind, no music, no machinery",11.24,81.31,2.17,ok
0155_1535269_clip021_s001,1535269_clip021_s001,1535269,2024-05-16,dawn,autumn,train,11.308,resources/site_257_bowra-dry-a/mvp1_all_conditioned_dataset/clips/0155_1535269_clip021_s001/audio.wav,"dawn autumn ambient soundscape, Bowra dry woodland, Australia, cold (11C), humid air, moderate wind, no music, no machinery",11.24,81.31,2.17,ok
0156_1535269_clip023_s000,1535269_clip023_s000,1535269,2024-05-16,dawn,autumn,train,14.234,resources/site_257_bowra-dry-a/mvp1_all_conditioned_dataset/clips/0156_1535269_clip023_s000/audio.wav,"dawn autumn ambient soundscape, Bowra dry woodland, Australia, cold (11C), humid air, moderate wind, no music, no machinery",11.24,81.31,2.17,ok
0157_1670355_clip002_s000,1670355_clip002_s000,1670355,2025-03-02,dawn,autumn,train,10.472,resources/site_257_bowra-dry-a/mvp1_all_conditioned_dataset/clips/0157_1670355_clip002_s000/audio.wav,"dawn autumn ambient soundscape, Bowra dry woodland, Australia, warm (28C), moderate humidity, moderate wind, no music, no machinery",28.14,40.79,2.72,ok
0158_1680496_clip002_s000,1680496_clip002_s000,1680496,2025-05-07,dawn,autumn,train,16.974,resources/site_257_bowra-dry-a/mvp1_all_conditioned_dataset/clips/0158_1680496_clip002_s000/audio.wav,"dawn autumn ambient soundscape, Bowra dry woodland, Australia, cold (15C), humid air, light breeze, no music, no machinery",14.85,84.19,1.36,ok
0159_1680496_clip002_s001,1680496_clip002_s001,1680496,2025-05-07,dawn,autumn,val,10.403,resources/site_257_bowra-dry-a/mvp1_all_conditioned_dataset/clips/0159_1680496_clip002_s001/audio.wav,"dawn autumn ambient soundscape, Bowra dry woodland, Australia, cold (15C), humid air, light breeze, no music, no machinery",14.85,84.19,1.36,ok
0160_216088_clip002_s000,216088_clip002_s000,216088,2020-03-02,morning,autumn,train,10.263,resources/site_257_bowra-dry-a/mvp1_all_conditioned_dataset/clips/0160_216088_clip002_s000/audio.wav,"morning autumn ambient soundscape, Bowra dry woodland, Australia, warm (31C), dry air, moderate wind, no music, no machinery",30.69,23.77,2.63,ok
0161_216088_clip002_s001,216088_clip002_s001,216088,2020-03-02,morning,autumn,train,10.379,resources/site_257_bowra-dry-a/mvp1_all_conditioned_dataset/clips/0161_216088_clip002_s001/audio.wav,"morning autumn ambient soundscape, Bowra dry woodland, Australia, warm (31C), dry air, moderate wind, no music, no machinery",30.69,23.77,2.63,ok
0162_216088_clip003_s000,216088_clip003_s000,216088,2020-03-02,morning,autumn,train,12.446,resources/site_257_bowra-dry-a/mvp1_all_conditioned_dataset/clips/0162_216088_clip003_s000/audio.wav,"morning autumn ambient soundscape, Bowra dry woodland, Australia, warm (31C), dry air, moderate wind, no music, no machinery",30.69,23.77,2.63,ok
0163_216088_clip005_s000,216088_clip005_s000,216088,2020-03-02,morning,autumn,train,10.217,resources/site_257_bowra-dry-a/mvp1_all_conditioned_dataset/clips/0163_216088_clip005_s000/audio.wav,"morning autumn ambient soundscape, Bowra dry woodland, Australia, warm (31C), dry air, moderate wind, no music, no machinery",30.69,23.77,2.63,ok
0164_216088_clip007_s000,216088_clip007_s000,216088,2020-03-02,morning,autumn,train,10.681,resources/site_257_bowra-dry-a/mvp1_all_conditioned_dataset/clips/0164_216088_clip007_s000/audio.wav,"morning autumn ambient soundscape, Bowra dry woodland, Australia, warm (31C), dry air, moderate wind, no music, no machinery",30.69,23.77,2.63,ok
0165_216088_clip013_s000,216088_clip013_s000,216088,2020-03-02,morning,autumn,val,11.029,resources/site_257_bowra-dry-a/mvp1_all_conditioned_dataset/clips/0165_216088_clip013_s000/audio.wav,"morning autumn ambient soundscape, Bowra dry woodland, Australia, warm (31C), dry air, moderate wind, no music, no machinery",30.69,23.77,2.63,ok
0166_216088_clip014_s000,216088_clip014_s000,216088,2020-03-02,morning,autumn,train,10.96,resources/site_257_bowra-dry-a/mvp1_all_conditioned_dataset/clips/0166_216088_clip014_s000/audio.wav,"morning autumn ambient soundscape, Bowra dry woodland, Australia, warm (31C), dry air, moderate wind, no music, no machinery",30.69,23.77,2.63,ok
0167_216088_clip015_s000,216088_clip015_s000,216088,2020-03-02,morning,autumn,train,10.96,resources/site_257_bowra-dry-a/mvp1_all_conditioned_dataset/clips/0167_216088_clip015_s000/audio.wav,"morning autumn ambient soundscape, Bowra dry woodland, Australia, warm (31C), dry air, moderate wind, no music, no machinery",30.69,23.77,2.63,ok
0168_216088_clip015_s001,216088_clip015_s001,216088,2020-03-02,morning,autumn,train,17.624,resources/site_257_bowra-dry-a/mvp1_all_conditioned_dataset/clips/0168_216088_clip015_s001/audio.wav,"morning autumn ambient soundscape, Bowra dry woodland, Australia, warm (31C), dry air, moderate wind, no music, no machinery",30.69,23.77,2.63,ok
0169_216088_clip016_s000,216088_clip016_s000,216088,2020-03-02,morning,autumn,train,10.031,resources/site_257_bowra-dry-a/mvp1_all_conditioned_dataset/clips/0169_216088_clip016_s000/audio.wav,"morning autumn ambient soundscape, Bowra dry woodland, Australia, warm (31C), dry air, moderate wind, no music, no machinery",30.69,23.77,2.63,ok
0170_216088_clip017_s000,216088_clip017_s000,216088,2020-03-02,morning,autumn,train,10.356,resources/site_257_bowra-dry-a/mvp1_all_conditioned_dataset/clips/0170_216088_clip017_s000/audio.wav,"morning autumn ambient soundscape, Bowra dry woodland, Australia, warm (31C), dry air, moderate wind, no music, no machinery",30.69,23.77,2.63,ok
0171_216088_clip017_s001,216088_clip017_s001,216088,2020-03-02,morning,autumn,train,12.539,resources/site_257_bowra-dry-a/mvp1_all_conditioned_dataset/clips/0171_216088_clip017_s001/audio.wav,"morning autumn ambient soundscape, Bowra dry woodland, Australia, warm (31C), dry air, moderate wind, no music, no machinery",30.69,23.77,2.63,ok
0172_216088_clip019_s000,216088_clip019_s000,216088,2020-03-02,morning,autumn,train,14.118,resources/site_257_bowra-dry-a/mvp1_all_conditioned_dataset/clips/0172_216088_clip019_s000/audio.wav,"morning autumn ambient soundscape, Bowra dry woodland, Australia, warm (31C), dry air, moderate wind, no music, no machinery",30.69,23.77,2.63,ok
0173_216088_clip023_s000,216088_clip023_s000,216088,2020-03-02,morning,autumn,val,10.983,resources/site_257_bowra-dry-a/mvp1_all_conditioned_dataset/clips/0173_216088_clip023_s000/audio.wav,"morning autumn ambient soundscape, Bowra dry woodland, Australia, warm (31C), dry air, moderate wind, no music, no machinery",30.69,23.77,2.63,ok
0174_216088_clip024_s000,216088_clip024_s000,216088,2020-03-02,morning,autumn,train,12.887,resources/site_257_bowra-dry-a/mvp1_all_conditioned_dataset/clips/0174_216088_clip024_s000/audio.wav,"morning autumn ambient soundscape, Bowra dry woodland, Australia, warm (31C), dry air, moderate wind, no music, no machinery",30.69,23.77,2.63,ok
0175_216594_clip005_s000,216594_clip005_s000,216594,2020-04-15,morning,autumn,val,11.192,resources/site_257_bowra-dry-a/mvp1_all_conditioned_dataset/clips/0175_216594_clip005_s000/audio.wav,"morning autumn ambient soundscape, Bowra dry woodland, Australia, mild (17C), humid air, moderate wind, no music, no machinery",16.62,74.32,2.94,ok
0176_216594_clip015_s000,216594_clip015_s000,216594,2020-04-15,morning,autumn,val,10.031,resources/site_257_bowra-dry-a/mvp1_all_conditioned_dataset/clips/0176_216594_clip015_s000/audio.wav,"morning autumn ambient soundscape, Bowra dry woodland, Australia, mild (17C), humid air, moderate wind, no music, no machinery",16.62,74.32,2.94,ok
0177_216594_clip020_s000,216594_clip020_s000,216594,2020-04-15,morning,autumn,train,14.35,resources/site_257_bowra-dry-a/mvp1_all_conditioned_dataset/clips/0177_216594_clip020_s000/audio.wav,"morning autumn ambient soundscape, Bowra dry woodland, Australia, mild (17C), humid air, moderate wind, no music, no machinery",16.62,74.32,2.94,ok
0178_216594_clip021_s000,216594_clip021_s000,216594,2020-04-15,morning,autumn,train,15.093,resources/site_257_bowra-dry-a/mvp1_all_conditioned_dataset/clips/0178_216594_clip021_s000/audio.wav,"morning autumn ambient soundscape, Bowra dry woodland, Australia, mild (17C), humid air, moderate wind, no music, no machinery",16.62,74.32,2.94,ok
0179_216594_clip021_s001,216594_clip021_s001,216594,2020-04-15,morning,autumn,train,17.09,resources/site_257_bowra-dry-a/mvp1_all_conditioned_dataset/clips/0179_216594_clip021_s001/audio.wav,"morning autumn ambient soundscape, Bowra dry woodland, Australia, mild (17C), humid air, moderate wind, no music, no machinery",16.62,74.32,2.94,ok
0180_1535731_clip018_s000,1535731_clip018_s000,1535731,2024-03-26,morning,autumn,train,10.797,resources/site_257_bowra-dry-a/mvp1_all_conditioned_dataset/clips/0180_1535731_clip018_s000/audio.wav,"morning autumn ambient soundscape, Bowra dry woodland, Australia, mild (22C), dry air, moderate wind, no music, no machinery",21.7,32.64,3.36,ok
0181_1534209_clip002_s000,1534209_clip002_s000,1534209,2024-04-23,morning,autumn,train,13.444,resources/site_257_bowra-dry-a/mvp1_all_conditioned_dataset/clips/0181_1534209_clip002_s000/audio.wav,"morning autumn ambient soundscape, Bowra dry woodland, Australia, mild (18C), moderate humidity, moderate wind, no music, no machinery",17.89,60.59,3.6,ok
0182_1534209_clip008_s000,1534209_clip008_s000,1534209,2024-04-23,morning,autumn,train,10.704,resources/site_257_bowra-dry-a/mvp1_all_conditioned_dataset/clips/0182_1534209_clip008_s000/audio.wav,"morning autumn ambient soundscape, Bowra dry woodland, Australia, mild (18C), moderate humidity, moderate wind, no music, no machinery",17.89,60.59,3.6,ok
0183_1534209_clip011_s000,1534209_clip011_s000,1534209,2024-04-23,morning,autumn,train,14.327,resources/site_257_bowra-dry-a/mvp1_all_conditioned_dataset/clips/0183_1534209_clip011_s000/audio.wav,"morning autumn ambient soundscape, Bowra dry woodland, Australia, mild (18C), moderate humidity, moderate wind, no music, no machinery",17.89,60.59,3.6,ok
0184_1534209_clip014_s000,1534209_clip014_s000,1534209,2024-04-23,morning,autumn,train,11.378,resources/site_257_bowra-dry-a/mvp1_all_conditioned_dataset/clips/0184_1534209_clip014_s000/audio.wav,"morning autumn ambient soundscape, Bowra dry woodland, Australia, mild (18C), moderate humidity, moderate wind, no music, no machinery",17.89,60.59,3.6,ok
0185_1534209_clip017_s000,1534209_clip017_s000,1534209,2024-04-23,morning,autumn,train,11.076,resources/site_257_bowra-dry-a/mvp1_all_conditioned_dataset/clips/0185_1534209_clip017_s000/audio.wav,"morning autumn ambient soundscape, Bowra dry woodland, Australia, mild (18C), moderate humidity, moderate wind, no music, no machinery",17.89,60.59,3.6,ok
0186_1534209_clip021_s000,1534209_clip021_s000,1534209,2024-04-23,morning,autumn,train,12.771,resources/site_257_bowra-dry-a/mvp1_all_conditioned_dataset/clips/0186_1534209_clip021_s000/audio.wav,"morning autumn ambient soundscape, Bowra dry woodland, Australia, mild (18C), moderate humidity, moderate wind, no music, no machinery",17.89,60.59,3.6,ok
0187_1534209_clip022_s000,1534209_clip022_s000,1534209,2024-04-23,morning,autumn,train,11.54,resources/site_257_bowra-dry-a/mvp1_all_conditioned_dataset/clips/0187_1534209_clip022_s000/audio.wav,"morning autumn ambient soundscape, Bowra dry woodland, Australia, mild (18C), moderate humidity, moderate wind, no music, no machinery",17.89,60.59,3.6,ok
0188_1534209_clip022_s001,1534209_clip022_s001,1534209,2024-04-23,morning,autumn,train,12.817,resources/site_257_bowra-dry-a/mvp1_all_conditioned_dataset/clips/0188_1534209_clip022_s001/audio.wav,"morning autumn ambient soundscape, Bowra dry woodland, Australia, mild (18C), moderate humidity, moderate wind, no music, no machinery",17.89,60.59,3.6,ok
0189_1536554_clip008_s000,1536554_clip008_s000,1536554,2024-05-16,morning,autumn,train,13.514,resources/site_257_bowra-dry-a/mvp1_all_conditioned_dataset/clips/0189_1536554_clip008_s000/audio.wav,"morning autumn ambient soundscape, Bowra dry woodland, Australia, cold (13C), humid air, moderate wind, no music, no machinery",13.03,77.99,3.42,ok
0190_1672053_clip005_s000,1672053_clip005_s000,1672053,2025-04-14,morning,autumn,train,11.006,resources/site_257_bowra-dry-a/mvp1_all_conditioned_dataset/clips/0190_1672053_clip005_s000/audio.wav,"morning autumn ambient soundscape, Bowra dry woodland, Australia, mild (21C), moderate humidity, moderate wind, no music, no machinery",21.43,68.33,2.99,ok
0191_1672053_clip009_s000,1672053_clip009_s000,1672053,2025-04-14,morning,autumn,train,13.421,resources/site_257_bowra-dry-a/mvp1_all_conditioned_dataset/clips/0191_1672053_clip009_s000/audio.wav,"morning autumn ambient soundscape, Bowra dry woodland, Australia, mild (21C), moderate humidity, moderate wind, no music, no machinery",21.43,68.33,2.99,ok
0192_1672053_clip018_s000,1672053_clip018_s000,1672053,2025-04-14,morning,autumn,train,10.937,resources/site_257_bowra-dry-a/mvp1_all_conditioned_dataset/clips/0192_1672053_clip018_s000/audio.wav,"morning autumn ambient soundscape, Bowra dry woodland, Australia, mild (21C), moderate humidity, moderate wind, no music, no machinery",21.43,68.33,2.99,ok
0193_1675916_clip012_s000,1675916_clip012_s000,1675916,2025-05-07,morning,autumn,train,10.588,resources/site_257_bowra-dry-a/mvp1_all_conditioned_dataset/clips/0193_1675916_clip012_s000/audio.wav,"morning autumn ambient soundscape, Bowra dry woodland, Australia, mild (18C), moderate humidity, moderate wind, no music, no machinery",17.89,67.16,2.53,ok
0194_1675916_clip012_s001,1675916_clip012_s001,1675916,2025-05-07,morning,autumn,train,14.187,resources/site_257_bowra-dry-a/mvp1_all_conditioned_dataset/clips/0194_1675916_clip012_s001/audio.wav,"morning autumn ambient soundscape, Bowra dry woodland, Australia, mild (18C), moderate humidity, moderate wind, no music, no machinery",17.89,67.16,2.53,ok
0195_1675916_clip017_s000,1675916_clip017_s000,1675916,2025-05-07,morning,autumn,train,10.844,resources/site_257_bowra-dry-a/mvp1_all_conditioned_dataset/clips/0195_1675916_clip017_s000/audio.wav,"morning autumn ambient soundscape, Bowra dry woodland, Australia, mild (18C), moderate humidity, moderate wind, no music, no machinery",17.89,67.16,2.53,ok
0196_1675916_clip019_s000,1675916_clip019_s000,1675916,2025-05-07,morning,autumn,train,14.536,resources/site_257_bowra-dry-a/mvp1_all_conditioned_dataset/clips/0196_1675916_clip019_s000/audio.wav,"morning autumn ambient soundscape, Bowra dry woodland, Australia, mild (18C), moderate humidity, moderate wind, no music, no machinery",17.89,67.16,2.53,ok
0197_1675916_clip024_s000,1675916_clip024_s000,1675916,2025-05-07,morning,autumn,train,13.328,resources/site_257_bowra-dry-a/mvp1_all_conditioned_dataset/clips/0197_1675916_clip024_s000/audio.wav,"morning autumn ambient soundscape, Bowra dry woodland, Australia, mild (18C), moderate humidity, moderate wind, no music, no machinery",17.89,67.16,2.53,ok
0198_216473_clip006_s000,216473_clip006_s000,216473,2020-04-04,night,autumn,train,10.263,resources/site_257_bowra-dry-a/mvp1_all_conditioned_dataset/clips/0198_216473_clip006_s000/audio.wav,"night autumn ambient soundscape, Bowra dry woodland, Australia, cold (14C), humid air, light breeze, no music, no machinery",13.89,72.83,1.39,ok
0199_216473_clip006_s001,216473_clip006_s001,216473,2020-04-04,night,autumn,train,11.749,resources/site_257_bowra-dry-a/mvp1_all_conditioned_dataset/clips/0199_216473_clip006_s001/audio.wav,"night autumn ambient soundscape, Bowra dry woodland, Australia, cold (14C), humid air, light breeze, no music, no machinery",13.89,72.83,1.39,ok
0200_216473_clip007_s000,216473_clip007_s000,216473,2020-04-04,night,autumn,val,11.726,resources/site_257_bowra-dry-a/mvp1_all_conditioned_dataset/clips/0200_216473_clip007_s000/audio.wav,"night autumn ambient soundscape, Bowra dry woodland, Australia, cold (14C), humid air, light breeze, no music, no machinery",13.89,72.83,1.39,ok
0201_216473_clip007_s001,216473_clip007_s001,216473,2020-04-04,night,autumn,train,12.562,resources/site_257_bowra-dry-a/mvp1_all_conditioned_dataset/clips/0201_216473_clip007_s001/audio.wav,"night autumn ambient soundscape, Bowra dry woodland, Australia, cold (14C), humid air, light breeze, no music, no machinery",13.89,72.83,1.39,ok
0202_216473_clip009_s000,216473_clip009_s000,216473,2020-04-04,night,autumn,train,11.564,resources/site_257_bowra-dry-a/mvp1_all_conditioned_dataset/clips/0202_216473_clip009_s000/audio.wav,"night autumn ambient soundscape, Bowra dry woodland, Australia, cold (14C), humid air, light breeze, no music, no machinery",13.89,72.83,1.39,ok
0203_216473_clip011_s000,216473_clip011_s000,216473,2020-04-04,night,autumn,train,19.064,resources/site_257_bowra-dry-a/mvp1_all_conditioned_dataset/clips/0203_216473_clip011_s000/audio.wav,"night autumn ambient soundscape, Bowra dry woodland, Australia, cold (14C), humid air, light breeze, no music, no machinery",13.89,72.83,1.39,ok
0204_216473_clip011_s001,216473_clip011_s001,216473,2020-04-04,night,autumn,train,10.681,resources/site_257_bowra-dry-a/mvp1_all_conditioned_dataset/clips/0204_216473_clip011_s001/audio.wav,"night autumn ambient soundscape, Bowra dry woodland, Australia, cold (14C), humid air, light breeze, no music, no machinery",13.89,72.83,1.39,ok
0205_216473_clip012_s000,216473_clip012_s000,216473,2020-04-04,night,autumn,train,12.423,resources/site_257_bowra-dry-a/mvp1_all_conditioned_dataset/clips/0205_216473_clip012_s000/audio.wav,"night autumn ambient soundscape, Bowra dry woodland, Australia, cold (14C), humid air, light breeze, no music, no machinery",13.89,72.83,1.39,ok
0206_216473_clip012_s001,216473_clip012_s001,216473,2020-04-04,night,autumn,train,12.701,resources/site_257_bowra-dry-a/mvp1_all_conditioned_dataset/clips/0206_216473_clip012_s001/audio.wav,"night autumn ambient soundscape, Bowra dry woodland, Australia, cold (14C), humid air, light breeze, no music, no machinery",13.89,72.83,1.39,ok
0207_216473_clip012_s002,216473_clip012_s002,216473,2020-04-04,night,autumn,train,10.519,resources/site_257_bowra-dry-a/mvp1_all_conditioned_dataset/clips/0207_216473_clip012_s002/audio.wav,"night autumn ambient soundscape, Bowra dry woodland, Australia, cold (14C), humid air, light breeze, no music, no machinery",13.89,72.83,1.39,ok
0208_216473_clip012_s003,216473_clip012_s003,216473,2020-04-04,night,autumn,train,18.553,resources/site_257_bowra-dry-a/mvp1_all_conditioned_dataset/clips/0208_216473_clip012_s003/audio.wav,"night autumn ambient soundscape, Bowra dry woodland, Australia, cold (14C), humid air, light breeze, no music, no machinery",13.89,72.83,1.39,ok
0209_216473_clip013_s000,216473_clip013_s000,216473,2020-04-04,night,autumn,train,12.353,resources/site_257_bowra-dry-a/mvp1_all_conditioned_dataset/clips/0209_216473_clip013_s000/audio.wav,"night autumn ambient soundscape, Bowra dry woodland, Australia, cold (14C), humid air, light breeze, no music, no machinery",13.89,72.83,1.39,ok
0210_216473_clip013_s001,216473_clip013_s001,216473,2020-04-04,night,autumn,train,11.076,resources/site_257_bowra-dry-a/mvp1_all_conditioned_dataset/clips/0210_216473_clip013_s001/audio.wav,"night autumn ambient soundscape, Bowra dry woodland, Australia, cold (14C), humid air, light breeze, no music, no machinery",13.89,72.83,1.39,ok
0211_216473_clip015_s000,216473_clip015_s000,216473,2020-04-04,night,autumn,train,14.141,resources/site_257_bowra-dry-a/mvp1_all_conditioned_dataset/clips/0211_216473_clip015_s000/audio.wav,"night autumn ambient soundscape, Bowra dry woodland, Australia, cold (14C), humid air, light breeze, no music, no machinery",13.89,72.83,1.39,ok
0212_216473_clip015_s001,216473_clip015_s001,216473,2020-04-04,night,autumn,train,12.632,resources/site_257_bowra-dry-a/mvp1_all_conditioned_dataset/clips/0212_216473_clip015_s001/audio.wav,"night autumn ambient soundscape, Bowra dry woodland, Australia, cold (14C), humid air, light breeze, no music, no machinery",13.89,72.83,1.39,ok
0213_216473_clip015_s002,216473_clip015_s002,216473,2020-04-04,night,autumn,train,11.029,resources/site_257_bowra-dry-a/mvp1_all_conditioned_dataset/clips/0213_216473_clip015_s002/audio.wav,"night autumn ambient soundscape, Bowra dry woodland, Australia, cold (14C), humid air, light breeze, no music, no machinery",13.89,72.83,1.39,ok
0214_216473_clip015_s003,216473_clip015_s003,216473,2020-04-04,night,autumn,train,15.418,resources/site_257_bowra-dry-a/mvp1_all_conditioned_dataset/clips/0214_216473_clip015_s003/audio.wav,"night autumn ambient soundscape, Bowra dry woodland, Australia, cold (14C), humid air, light breeze, no music, no machinery",13.89,72.83,1.39,ok
0215_216473_clip015_s004,216473_clip015_s004,216473,2020-04-04,night,autumn,train,11.053,resources/site_257_bowra-dry-a/mvp1_all_conditioned_dataset/clips/0215_216473_clip015_s004/audio.wav,"night autumn ambient soundscape, Bowra dry woodland, Australia, cold (14C), humid air, light breeze, no music, no machinery",13.89,72.83,1.39,ok
0216_216473_clip015_s005,216473_clip015_s005,216473,2020-04-04,night,autumn,val,12.585,resources/site_257_bowra-dry-a/mvp1_all_conditioned_dataset/clips/0216_216473_clip015_s005/audio.wav,"night autumn ambient soundscape, Bowra dry woodland, Australia, cold (14C), humid air, light breeze, no music, no machinery",13.89,72.83,1.39,ok
0217_216473_clip016_s000,216473_clip016_s000,216473,2020-04-04,night,autumn,train,10.077,resources/site_257_bowra-dry-a/mvp1_all_conditioned_dataset/clips/0217_216473_clip016_s000/audio.wav,"night autumn ambient soundscape, Bowra dry woodland, Australia, cold (14C), humid air, light breeze, no music, no machinery",13.89,72.83,1.39,ok
0218_216473_clip016_s001,216473_clip016_s001,216473,2020-04-04,night,autumn,train,10.635,resources/site_257_bowra-dry-a/mvp1_all_conditioned_dataset/clips/0218_216473_clip016_s001/audio.wav,"night autumn ambient soundscape, Bowra dry woodland, Australia, cold (14C), humid air, light breeze, no music, no machinery",13.89,72.83,1.39,ok
0219_216473_clip016_s002,216473_clip016_s002,216473,2020-04-04,night,autumn,train,16.834,resources/site_257_bowra-dry-a/mvp1_all_conditioned_dataset/clips/0219_216473_clip016_s002/audio.wav,"night autumn ambient soundscape, Bowra dry woodland, Australia, cold (14C), humid air, light breeze, no music, no machinery",13.89,72.83,1.39,ok
0220_216473_clip017_s000,216473_clip017_s000,216473,2020-04-04,night,autumn,train,14.327,resources/site_257_bowra-dry-a/mvp1_all_conditioned_dataset/clips/0220_216473_clip017_s000/audio.wav,"night autumn ambient soundscape, Bowra dry woodland, Australia, cold (14C), humid air, light breeze, no music, no machinery",13.89,72.83,1.39,ok
0221_216473_clip017_s001,216473_clip017_s001,216473,2020-04-04,night,autumn,train,10.844,resources/site_257_bowra-dry-a/mvp1_all_conditioned_dataset/clips/0221_216473_clip017_s001/audio.wav,"night autumn ambient soundscape, Bowra dry woodland, Australia, cold (14C), humid air, light breeze, no music, no machinery",13.89,72.83,1.39,ok
0222_216473_clip018_s000,216473_clip018_s000,216473,2020-04-04,night,autumn,train,11.564,resources/site_257_bowra-dry-a/mvp1_all_conditioned_dataset/clips/0222_216473_clip018_s000/audio.wav,"night autumn ambient soundscape, Bowra dry woodland, Australia, cold (14C), humid air, light breeze, no music, no machinery",13.89,72.83,1.39,ok
0223_216473_clip018_s001,216473_clip018_s001,216473,2020-04-04,night,autumn,train,14.559,resources/site_257_bowra-dry-a/mvp1_all_conditioned_dataset/clips/0223_216473_clip018_s001/audio.wav,"night autumn ambient soundscape, Bowra dry woodland, Australia, cold (14C), humid air, light breeze, no music, no machinery",13.89,72.83,1.39,ok
0224_216473_clip019_s000,216473_clip019_s000,216473,2020-04-04,night,autumn,train,11.981,resources/site_257_bowra-dry-a/mvp1_all_conditioned_dataset/clips/0224_216473_clip019_s000/audio.wav,"night autumn ambient soundscape, Bowra dry woodland, Australia, cold (14C), humid air, light breeze, no music, no machinery",13.89,72.83,1.39,ok
0225_216473_clip021_s000,216473_clip021_s000,216473,2020-04-04,night,autumn,train,10.403,resources/site_257_bowra-dry-a/mvp1_all_conditioned_dataset/clips/0225_216473_clip021_s000/audio.wav,"night autumn ambient soundscape, Bowra dry woodland, Australia, cold (14C), humid air, light breeze, no music, no machinery",13.89,72.83,1.39,ok
0226_216473_clip021_s001,216473_clip021_s001,216473,2020-04-04,night,autumn,train,11.819,resources/site_257_bowra-dry-a/mvp1_all_conditioned_dataset/clips/0226_216473_clip021_s001/audio.wav,"night autumn ambient soundscape, Bowra dry woodland, Australia, cold (14C), humid air, light breeze, no music, no machinery",13.89,72.83,1.39,ok
0227_216473_clip021_s002,216473_clip021_s002,216473,2020-04-04,night,autumn,train,11.889,resources/site_257_bowra-dry-a/mvp1_all_conditioned_dataset/clips/0227_216473_clip021_s002/audio.wav,"night autumn ambient soundscape, Bowra dry woodland, Australia, cold (14C), humid air, light breeze, no music, no machinery",13.89,72.83,1.39,ok
0228_216473_clip022_s000,216473_clip022_s000,216473,2020-04-04,night,autumn,val,11.54,resources/site_257_bowra-dry-a/mvp1_all_conditioned_dataset/clips/0228_216473_clip022_s000/audio.wav,"night autumn ambient soundscape, Bowra dry woodland, Australia, cold (14C), humid air, light breeze, no music, no machinery",13.89,72.83,1.39,ok
0229_216473_clip023_s000,216473_clip023_s000,216473,2020-04-04,night,autumn,train,14.466,resources/site_257_bowra-dry-a/mvp1_all_conditioned_dataset/clips/0229_216473_clip023_s000/audio.wav,"night autumn ambient soundscape, Bowra dry woodland, Australia, cold (14C), humid air, light breeze, no music, no machinery",13.89,72.83,1.39,ok
0230_216473_clip023_s001,216473_clip023_s001,216473,2020-04-04,night,autumn,train,10.913,resources/site_257_bowra-dry-a/mvp1_all_conditioned_dataset/clips/0230_216473_clip023_s001/audio.wav,"night autumn ambient soundscape, Bowra dry woodland, Australia, cold (14C), humid air, light breeze, no music, no machinery",13.89,72.83,1.39,ok
0231_216473_clip024_s000,216473_clip024_s000,216473,2020-04-04,night,autumn,train,10.635,resources/site_257_bowra-dry-a/mvp1_all_conditioned_dataset/clips/0231_216473_clip024_s000/audio.wav,"night autumn ambient soundscape, Bowra dry woodland, Australia, cold (14C), humid air, light breeze, no music, no machinery",13.89,72.83,1.39,ok
0232_1313390_clip001_s000,1313390_clip001_s000,1313390,2023-04-09,night,autumn,val,13.653,resources/site_257_bowra-dry-a/mvp1_all_conditioned_dataset/clips/0232_1313390_clip001_s000/audio.wav,"night autumn ambient soundscape, Bowra dry woodland, Australia, cold (14C), moderate humidity, light breeze, no music, no machinery",13.96,46.37,1.71,ok
0233_1313390_clip001_s001,1313390_clip001_s001,1313390,2023-04-09,night,autumn,train,10.728,resources/site_257_bowra-dry-a/mvp1_all_conditioned_dataset/clips/0233_1313390_clip001_s001/audio.wav,"night autumn ambient soundscape, Bowra dry woodland, Australia, cold (14C), moderate humidity, light breeze, no music, no machinery",13.96,46.37,1.71,ok
0234_1313390_clip001_s002,1313390_clip001_s002,1313390,2023-04-09,night,autumn,train,11.285,resources/site_257_bowra-dry-a/mvp1_all_conditioned_dataset/clips/0234_1313390_clip001_s002/audio.wav,"night autumn ambient soundscape, Bowra dry woodland, Australia, cold (14C), moderate humidity, light breeze, no music, no machinery",13.96,46.37,1.71,ok
0235_1313390_clip002_s000,1313390_clip002_s000,1313390,2023-04-09,night,autumn,train,12.167,resources/site_257_bowra-dry-a/mvp1_all_conditioned_dataset/clips/0235_1313390_clip002_s000/audio.wav,"night autumn ambient soundscape, Bowra dry woodland, Australia, cold (14C), moderate humidity, light breeze, no music, no machinery",13.96,46.37,1.71,ok
0236_1313390_clip003_s000,1313390_clip003_s000,1313390,2023-04-09,night,autumn,train,10.658,resources/site_257_bowra-dry-a/mvp1_all_conditioned_dataset/clips/0236_1313390_clip003_s000/audio.wav,"night autumn ambient soundscape, Bowra dry woodland, Australia, cold (14C), moderate humidity, light breeze, no music, no machinery",13.96,46.37,1.71,ok
0237_1313390_clip005_s000,1313390_clip005_s000,1313390,2023-04-09,night,autumn,train,11.006,resources/site_257_bowra-dry-a/mvp1_all_conditioned_dataset/clips/0237_1313390_clip005_s000/audio.wav,"night autumn ambient soundscape, Bowra dry woodland, Australia, cold (14C), moderate humidity, light breeze, no music, no machinery",13.96,46.37,1.71,ok
0238_1313390_clip006_s000,1313390_clip006_s000,1313390,2023-04-09,night,autumn,train,13.328,resources/site_257_bowra-dry-a/mvp1_all_conditioned_dataset/clips/0238_1313390_clip006_s000/audio.wav,"night autumn ambient soundscape, Bowra dry woodland, Australia, cold (14C), moderate humidity, light breeze, no music, no machinery",13.96,46.37,1.71,ok
0239_1313390_clip006_s001,1313390_clip006_s001,1313390,2023-04-09,night,autumn,train,11.215,resources/site_257_bowra-dry-a/mvp1_all_conditioned_dataset/clips/0239_1313390_clip006_s001/audio.wav,"night autumn ambient soundscape, Bowra dry woodland, Australia, cold (14C), moderate humidity, light breeze, no music, no machinery",13.96,46.37,1.71,ok
0240_1313390_clip007_s000,1313390_clip007_s000,1313390,2023-04-09,night,autumn,train,16.068,resources/site_257_bowra-dry-a/mvp1_all_conditioned_dataset/clips/0240_1313390_clip007_s000/audio.wav,"night autumn ambient soundscape, Bowra dry woodland, Australia, cold (14C), moderate humidity, light breeze, no music, no machinery",13.96,46.37,1.71,ok
0241_1313390_clip008_s000,1313390_clip008_s000,1313390,2023-04-09,night,autumn,train,10.635,resources/site_257_bowra-dry-a/mvp1_all_conditioned_dataset/clips/0241_1313390_clip008_s000/audio.wav,"night autumn ambient soundscape, Bowra dry woodland, Australia, cold (14C), moderate humidity, light breeze, no music, no machinery",13.96,46.37,1.71,ok
0242_1313390_clip008_s001,1313390_clip008_s001,1313390,2023-04-09,night,autumn,train,13.305,resources/site_257_bowra-dry-a/mvp1_all_conditioned_dataset/clips/0242_1313390_clip008_s001/audio.wav,"night autumn ambient soundscape, Bowra dry woodland, Australia, cold (14C), moderate humidity, light breeze, no music, no machinery",13.96,46.37,1.71,ok
0243_1313390_clip008_s002,1313390_clip008_s002,1313390,2023-04-09,night,autumn,train,11.169,resources/site_257_bowra-dry-a/mvp1_all_conditioned_dataset/clips/0243_1313390_clip008_s002/audio.wav,"night autumn ambient soundscape, Bowra dry woodland, Australia, cold (14C), moderate humidity, light breeze, no music, no machinery",13.96,46.37,1.71,ok
0244_1313390_clip008_s003,1313390_clip008_s003,1313390,2023-04-09,night,autumn,train,12.469,resources/site_257_bowra-dry-a/mvp1_all_conditioned_dataset/clips/0244_1313390_clip008_s003/audio.wav,"night autumn ambient soundscape, Bowra dry woodland, Australia, cold (14C), moderate humidity, light breeze, no music, no machinery",13.96,46.37,1.71,ok
0245_1313390_clip008_s004,1313390_clip008_s004,1313390,2023-04-09,night,autumn,val,10.704,resources/site_257_bowra-dry-a/mvp1_all_conditioned_dataset/clips/0245_1313390_clip008_s004/audio.wav,"night autumn ambient soundscape, Bowra dry woodland, Australia, cold (14C), moderate humidity, light breeze, no music, no machinery",13.96,46.37,1.71,ok
0246_1313390_clip009_s000,1313390_clip009_s000,1313390,2023-04-09,night,autumn,train,10.194,resources/site_257_bowra-dry-a/mvp1_all_conditioned_dataset/clips/0246_1313390_clip009_s000/audio.wav,"night autumn ambient soundscape, Bowra dry woodland, Australia, cold (14C), moderate humidity, light breeze, no music, no machinery",13.96,46.37,1.71,ok
0247_1313390_clip009_s001,1313390_clip009_s001,1313390,2023-04-09,night,autumn,train,11.006,resources/site_257_bowra-dry-a/mvp1_all_conditioned_dataset/clips/0247_1313390_clip009_s001/audio.wav,"night autumn ambient soundscape, Bowra dry woodland, Australia, cold (14C), moderate humidity, light breeze, no music, no machinery",13.96,46.37,1.71,ok
0248_1313390_clip009_s002,1313390_clip009_s002,1313390,2023-04-09,night,autumn,train,11.215,resources/site_257_bowra-dry-a/mvp1_all_conditioned_dataset/clips/0248_1313390_clip009_s002/audio.wav,"night autumn ambient soundscape, Bowra dry woodland, Australia, cold (14C), moderate humidity, light breeze, no music, no machinery",13.96,46.37,1.71,ok
0249_1313390_clip010_s000,1313390_clip010_s000,1313390,2023-04-09,night,autumn,val,10.356,resources/site_257_bowra-dry-a/mvp1_all_conditioned_dataset/clips/0249_1313390_clip010_s000/audio.wav,"night autumn ambient soundscape, Bowra dry woodland, Australia, cold (14C), moderate humidity, light breeze, no music, no machinery",13.96,46.37,1.71,ok
0250_1313390_clip010_s001,1313390_clip010_s001,1313390,2023-04-09,night,autumn,train,14.907,resources/site_257_bowra-dry-a/mvp1_all_conditioned_dataset/clips/0250_1313390_clip010_s001/audio.wav,"night autumn ambient soundscape, Bowra dry woodland, Australia, cold (14C), moderate humidity, light breeze, no music, no machinery",13.96,46.37,1.71,ok
0251_1313390_clip011_s000,1313390_clip011_s000,1313390,2023-04-09,night,autumn,train,10.983,resources/site_257_bowra-dry-a/mvp1_all_conditioned_dataset/clips/0251_1313390_clip011_s000/audio.wav,"night autumn ambient soundscape, Bowra dry woodland, Australia, cold (14C), moderate humidity, light breeze, no music, no machinery",13.96,46.37,1.71,ok
0252_1313390_clip011_s001,1313390_clip011_s001,1313390,2023-04-09,night,autumn,train,11.749,resources/site_257_bowra-dry-a/mvp1_all_conditioned_dataset/clips/0252_1313390_clip011_s001/audio.wav,"night autumn ambient soundscape, Bowra dry woodland, Australia, cold (14C), moderate humidity, light breeze, no music, no machinery",13.96,46.37,1.71,ok
0253_1313390_clip011_s002,1313390_clip011_s002,1313390,2023-04-09,night,autumn,train,11.494,resources/site_257_bowra-dry-a/mvp1_all_conditioned_dataset/clips/0253_1313390_clip011_s002/audio.wav,"night autumn ambient soundscape, Bowra dry woodland, Australia, cold (14C), moderate humidity, light breeze, no music, no machinery",13.96,46.37,1.71,ok
0254_1313390_clip011_s003,1313390_clip011_s003,1313390,2023-04-09,night,autumn,train,17.763,resources/site_257_bowra-dry-a/mvp1_all_conditioned_dataset/clips/0254_1313390_clip011_s003/audio.wav,"night autumn ambient soundscape, Bowra dry woodland, Australia, cold (14C), moderate humidity, light breeze, no music, no machinery",13.96,46.37,1.71,ok
0255_1313390_clip011_s004,1313390_clip011_s004,1313390,2023-04-09,night,autumn,train,10.124,resources/site_257_bowra-dry-a/mvp1_all_conditioned_dataset/clips/0255_1313390_clip011_s004/audio.wav,"night autumn ambient soundscape, Bowra dry woodland, Australia, cold (14C), moderate humidity, light breeze, no music, no machinery",13.96,46.37,1.71,ok
0256_1313390_clip012_s000,1313390_clip012_s000,1313390,2023-04-09,night,autumn,train,11.215,resources/site_257_bowra-dry-a/mvp1_all_conditioned_dataset/clips/0256_1313390_clip012_s000/audio.wav,"night autumn ambient soundscape, Bowra dry woodland, Australia, cold (14C), moderate humidity, light breeze, no music, no machinery",13.96,46.37,1.71,ok
0257_1313286_clip001_s000,1313286_clip001_s000,1313286,2023-05-10,night,autumn,train,10.263,resources/site_257_bowra-dry-a/mvp1_all_conditioned_dataset/clips/0257_1313286_clip001_s000/audio.wav,"night autumn ambient soundscape, Bowra dry woodland, Australia, cold (11C), moderate humidity, light breeze, no music, no machinery",10.9,53.11,1.4,ok
0258_1313286_clip002_s000,1313286_clip002_s000,1313286,2023-05-10,night,autumn,train,10.147,resources/site_257_bowra-dry-a/mvp1_all_conditioned_dataset/clips/0258_1313286_clip002_s000/audio.wav,"night autumn ambient soundscape, Bowra dry woodland, Australia, cold (11C), moderate humidity, light breeze, no music, no machinery",10.9,53.11,1.4,ok
0259_1313286_clip002_s001,1313286_clip002_s001,1313286,2023-05-10,night,autumn,train,11.308,resources/site_257_bowra-dry-a/mvp1_all_conditioned_dataset/clips/0259_1313286_clip002_s001/audio.wav,"night autumn ambient soundscape, Bowra dry woodland, Australia, cold (11C), moderate humidity, light breeze, no music, no machinery",10.9,53.11,1.4,ok
0260_1313286_clip003_s000,1313286_clip003_s000,1313286,2023-05-10,night,autumn,train,10.82,resources/site_257_bowra-dry-a/mvp1_all_conditioned_dataset/clips/0260_1313286_clip003_s000/audio.wav,"night autumn ambient soundscape, Bowra dry woodland, Australia, cold (11C), moderate humidity, light breeze, no music, no machinery",10.9,53.11,1.4,ok
0261_1313286_clip003_s001,1313286_clip003_s001,1313286,2023-05-10,night,autumn,train,10.844,resources/site_257_bowra-dry-a/mvp1_all_conditioned_dataset/clips/0261_1313286_clip003_s001/audio.wav,"night autumn ambient soundscape, Bowra dry woodland, Australia, cold (11C), moderate humidity, light breeze, no music, no machinery",10.9,53.11,1.4,ok
0262_1313286_clip003_s002,1313286_clip003_s002,1313286,2023-05-10,night,autumn,train,14.443,resources/site_257_bowra-dry-a/mvp1_all_conditioned_dataset/clips/0262_1313286_clip003_s002/audio.wav,"night autumn ambient soundscape, Bowra dry woodland, Australia, cold (11C), moderate humidity, light breeze, no music, no machinery",10.9,53.11,1.4,ok
0263_1313286_clip003_s003,1313286_clip003_s003,1313286,2023-05-10,night,autumn,train,12.957,resources/site_257_bowra-dry-a/mvp1_all_conditioned_dataset/clips/0263_1313286_clip003_s003/audio.wav,"night autumn ambient soundscape, Bowra dry woodland, Australia, cold (11C), moderate humidity, light breeze, no music, no machinery",10.9,53.11,1.4,ok
0264_1313286_clip004_s000,1313286_clip004_s000,1313286,2023-05-10,night,autumn,train,10.519,resources/site_257_bowra-dry-a/mvp1_all_conditioned_dataset/clips/0264_1313286_clip004_s000/audio.wav,"night autumn ambient soundscape, Bowra dry woodland, Australia, cold (11C), moderate humidity, light breeze, no music, no machinery",10.9,53.11,1.4,ok
0265_1313286_clip004_s001,1313286_clip004_s001,1313286,2023-05-10,night,autumn,val,16.533,resources/site_257_bowra-dry-a/mvp1_all_conditioned_dataset/clips/0265_1313286_clip004_s001/audio.wav,"night autumn ambient soundscape, Bowra dry woodland, Australia, cold (11C), moderate humidity, light breeze, no music, no machinery",10.9,53.11,1.4,ok
0266_1313286_clip005_s000,1313286_clip005_s000,1313286,2023-05-10,night,autumn,train,10.472,resources/site_257_bowra-dry-a/mvp1_all_conditioned_dataset/clips/0266_1313286_clip005_s000/audio.wav,"night autumn ambient soundscape, Bowra dry woodland, Australia, cold (11C), moderate humidity, light breeze, no music, no machinery",10.9,53.11,1.4,ok
0267_1313286_clip007_s000,1313286_clip007_s000,1313286,2023-05-10,night,autumn,val,11.61,resources/site_257_bowra-dry-a/mvp1_all_conditioned_dataset/clips/0267_1313286_clip007_s000/audio.wav,"night autumn ambient soundscape, Bowra dry woodland, Australia, cold (11C), moderate humidity, light breeze, no music, no machinery",10.9,53.11,1.4,ok
0268_1313286_clip008_s000,1313286_clip008_s000,1313286,2023-05-10,night,autumn,train,12.585,resources/site_257_bowra-dry-a/mvp1_all_conditioned_dataset/clips/0268_1313286_clip008_s000/audio.wav,"night autumn ambient soundscape, Bowra dry woodland, Australia, cold (11C), moderate humidity, light breeze, no music, no machinery",10.9,53.11,1.4,ok
0269_1313286_clip009_s000,1313286_clip009_s000,1313286,2023-05-10,night,autumn,train,13.514,resources/site_257_bowra-dry-a/mvp1_all_conditioned_dataset/clips/0269_1313286_clip009_s000/audio.wav,"night autumn ambient soundscape, Bowra dry woodland, Australia, cold (11C), moderate humidity, light breeze, no music, no machinery",10.9,53.11,1.4,ok
0270_1313286_clip009_s001,1313286_clip009_s001,1313286,2023-05-10,night,autumn,train,13.909,resources/site_257_bowra-dry-a/mvp1_all_conditioned_dataset/clips/0270_1313286_clip009_s001/audio.wav,"night autumn ambient soundscape, Bowra dry woodland, Australia, cold (11C), moderate humidity, light breeze, no music, no machinery",10.9,53.11,1.4,ok
0271_1313286_clip009_s002,1313286_clip009_s002,1313286,2023-05-10,night,autumn,train,10.704,resources/site_257_bowra-dry-a/mvp1_all_conditioned_dataset/clips/0271_1313286_clip009_s002/audio.wav,"night autumn ambient soundscape, Bowra dry woodland, Australia, cold (11C), moderate humidity, light breeze, no music, no machinery",10.9,53.11,1.4,ok
0272_1313286_clip009_s003,1313286_clip009_s003,1313286,2023-05-10,night,autumn,train,12.864,resources/site_257_bowra-dry-a/mvp1_all_conditioned_dataset/clips/0272_1313286_clip009_s003/audio.wav,"night autumn ambient soundscape, Bowra dry woodland, Australia, cold (11C), moderate humidity, light breeze, no music, no machinery",10.9,53.11,1.4,ok
0273_1313286_clip011_s000,1313286_clip011_s000,1313286,2023-05-10,night,autumn,train,10.263,resources/site_257_bowra-dry-a/mvp1_all_conditioned_dataset/clips/0273_1313286_clip011_s000/audio.wav,"night autumn ambient soundscape, Bowra dry woodland, Australia, cold (11C), moderate humidity, light breeze, no music, no machinery",10.9,53.11,1.4,ok
0274_1313286_clip011_s001,1313286_clip011_s001,1313286,2023-05-10,night,autumn,train,10.008,resources/site_257_bowra-dry-a/mvp1_all_conditioned_dataset/clips/0274_1313286_clip011_s001/audio.wav,"night autumn ambient soundscape, Bowra dry woodland, Australia, cold (11C), moderate humidity, light breeze, no music, no machinery",10.9,53.11,1.4,ok
0275_1313286_clip011_s002,1313286_clip011_s002,1313286,2023-05-10,night,autumn,train,11.122,resources/site_257_bowra-dry-a/mvp1_all_conditioned_dataset/clips/0275_1313286_clip011_s002/audio.wav,"night autumn ambient soundscape, Bowra dry woodland, Australia, cold (11C), moderate humidity, light breeze, no music, no machinery",10.9,53.11,1.4,ok
0276_1313286_clip011_s003,1313286_clip011_s003,1313286,2023-05-10,night,autumn,train,18.251,resources/site_257_bowra-dry-a/mvp1_all_conditioned_dataset/clips/0276_1313286_clip011_s003/audio.wav,"night autumn ambient soundscape, Bowra dry woodland, Australia, cold (11C), moderate humidity, light breeze, no music, no machinery",10.9,53.11,1.4,ok
0277_1313286_clip012_s000,1313286_clip012_s000,1313286,2023-05-10,night,autumn,train,10.031,resources/site_257_bowra-dry-a/mvp1_all_conditioned_dataset/clips/0277_1313286_clip012_s000/audio.wav,"night autumn ambient soundscape, Bowra dry woodland, Australia, cold (11C), moderate humidity, light breeze, no music, no machinery",10.9,53.11,1.4,ok
0278_1313286_clip013_s000,1313286_clip013_s000,1313286,2023-05-10,night,autumn,train,10.937,resources/site_257_bowra-dry-a/mvp1_all_conditioned_dataset/clips/0278_1313286_clip013_s000/audio.wav,"night autumn ambient soundscape, Bowra dry woodland, Australia, cold (11C), moderate humidity, light breeze, no music, no machinery",10.9,53.11,1.4,ok
0279_1313286_clip014_s000,1313286_clip014_s000,1313286,2023-05-10,night,autumn,train,14.861,resources/site_257_bowra-dry-a/mvp1_all_conditioned_dataset/clips/0279_1313286_clip014_s000/audio.wav,"night autumn ambient soundscape, Bowra dry woodland, Australia, cold (11C), moderate humidity, light breeze, no music, no machinery",10.9,53.11,1.4,ok
0280_1313286_clip015_s000,1313286_clip015_s000,1313286,2023-05-10,night,autumn,train,11.61,resources/site_257_bowra-dry-a/mvp1_all_conditioned_dataset/clips/0280_1313286_clip015_s000/audio.wav,"night autumn ambient soundscape, Bowra dry woodland, Australia, cold (11C), moderate humidity, light breeze, no music, no machinery",10.9,53.11,1.4,ok
0281_1313286_clip016_s000,1313286_clip016_s000,1313286,2023-05-10,night,autumn,train,17.276,resources/site_257_bowra-dry-a/mvp1_all_conditioned_dataset/clips/0281_1313286_clip016_s000/audio.wav,"night autumn ambient soundscape, Bowra dry woodland, Australia, cold (11C), moderate humidity, light breeze, no music, no machinery",10.9,53.11,1.4,ok
0282_1313286_clip016_s001,1313286_clip016_s001,1313286,2023-05-10,night,autumn,train,17.647,resources/site_257_bowra-dry-a/mvp1_all_conditioned_dataset/clips/0282_1313286_clip016_s001/audio.wav,"night autumn ambient soundscape, Bowra dry woodland, Australia, cold (11C), moderate humidity, light breeze, no music, no machinery",10.9,53.11,1.4,ok
0283_1313286_clip017_s000,1313286_clip017_s000,1313286,2023-05-10,night,autumn,train,12.957,resources/site_257_bowra-dry-a/mvp1_all_conditioned_dataset/clips/0283_1313286_clip017_s000/audio.wav,"night autumn ambient soundscape, Bowra dry woodland, Australia, cold (11C), moderate humidity, light breeze, no music, no machinery",10.9,53.11,1.4,ok
0284_1313286_clip017_s001,1313286_clip017_s001,1313286,2023-05-10,night,autumn,train,11.146,resources/site_257_bowra-dry-a/mvp1_all_conditioned_dataset/clips/0284_1313286_clip017_s001/audio.wav,"night autumn ambient soundscape, Bowra dry woodland, Australia, cold (11C), moderate humidity, light breeze, no music, no machinery",10.9,53.11,1.4,ok
0285_1535532_clip001_s000,1535532_clip001_s000,1535532,2024-04-10,night,autumn,train,10.379,resources/site_257_bowra-dry-a/mvp1_all_conditioned_dataset/clips/0285_1535532_clip001_s000/audio.wav,"night autumn ambient soundscape, Bowra dry woodland, Australia, cold (13C), moderate humidity, moderate wind, no music, no machinery",13.33,52.46,2.7,ok
0286_1535532_clip002_s000,1535532_clip002_s000,1535532,2024-04-10,night,autumn,train,13.56,resources/site_257_bowra-dry-a/mvp1_all_conditioned_dataset/clips/0286_1535532_clip002_s000/audio.wav,"night autumn ambient soundscape, Bowra dry woodland, Australia, cold (13C), moderate humidity, moderate wind, no music, no machinery",13.33,52.46,2.7,ok
0287_1535532_clip002_s001,1535532_clip002_s001,1535532,2024-04-10,night,autumn,train,22.221,resources/site_257_bowra-dry-a/mvp1_all_conditioned_dataset/clips/0287_1535532_clip002_s001/audio.wav,"night autumn ambient soundscape, Bowra dry woodland, Australia, cold (13C), moderate humidity, moderate wind, no music, no machinery",13.33,52.46,2.7,ok
0288_1535532_clip002_s002,1535532_clip002_s002,1535532,2024-04-10,night,autumn,train,14.582,resources/site_257_bowra-dry-a/mvp1_all_conditioned_dataset/clips/0288_1535532_clip002_s002/audio.wav,"night autumn ambient soundscape, Bowra dry woodland, Australia, cold (13C), moderate humidity, moderate wind, no music, no machinery",13.33,52.46,2.7,ok
0289_1535532_clip002_s003,1535532_clip002_s003,1535532,2024-04-10,night,autumn,train,13.839,resources/site_257_bowra-dry-a/mvp1_all_conditioned_dataset/clips/0289_1535532_clip002_s003/audio.wav,"night autumn ambient soundscape, Bowra dry woodland, Australia, cold (13C), moderate humidity, moderate wind, no music, no machinery",13.33,52.46,2.7,ok
0290_1535532_clip003_s000,1535532_clip003_s000,1535532,2024-04-10,night,autumn,train,11.378,resources/site_257_bowra-dry-a/mvp1_all_conditioned_dataset/clips/0290_1535532_clip003_s000/audio.wav,"night autumn ambient soundscape, Bowra dry woodland, Australia, cold (13C), moderate humidity, moderate wind, no music, no machinery",13.33,52.46,2.7,ok
0291_1535532_clip003_s001,1535532_clip003_s001,1535532,2024-04-10,night,autumn,train,11.146,resources/site_257_bowra-dry-a/mvp1_all_conditioned_dataset/clips/0291_1535532_clip003_s001/audio.wav,"night autumn ambient soundscape, Bowra dry woodland, Australia, cold (13C), moderate humidity, moderate wind, no music, no machinery",13.33,52.46,2.7,ok
0292_1535532_clip003_s002,1535532_clip003_s002,1535532,2024-04-10,night,autumn,train,11.517,resources/site_257_bowra-dry-a/mvp1_all_conditioned_dataset/clips/0292_1535532_clip003_s002/audio.wav,"night autumn ambient soundscape, Bowra dry woodland, Australia, cold (13C), moderate humidity, moderate wind, no music, no machinery",13.33,52.46,2.7,ok
0293_1535532_clip003_s003,1535532_clip003_s003,1535532,2024-04-10,night,autumn,val,11.494,resources/site_257_bowra-dry-a/mvp1_all_conditioned_dataset/clips/0293_1535532_clip003_s003/audio.wav,"night autumn ambient soundscape, Bowra dry woodland, Australia, cold (13C), moderate humidity, moderate wind, no music, no machinery",13.33,52.46,2.7,ok
0294_1535532_clip003_s004,1535532_clip003_s004,1535532,2024-04-10,night,autumn,train,12.701,resources/site_257_bowra-dry-a/mvp1_all_conditioned_dataset/clips/0294_1535532_clip003_s004/audio.wav,"night autumn ambient soundscape, Bowra dry woodland, Australia, cold (13C), moderate humidity, moderate wind, no music, no machinery",13.33,52.46,2.7,ok
0295_1535532_clip004_s000,1535532_clip004_s000,1535532,2024-04-10,night,autumn,train,13.003,resources/site_257_bowra-dry-a/mvp1_all_conditioned_dataset/clips/0295_1535532_clip004_s000/audio.wav,"night autumn ambient soundscape, Bowra dry woodland, Australia, cold (13C), moderate humidity, moderate wind, no music, no machinery",13.33,52.46,2.7,ok
0296_1535532_clip004_s001,1535532_clip004_s001,1535532,2024-04-10,night,autumn,train,12.121,resources/site_257_bowra-dry-a/mvp1_all_conditioned_dataset/clips/0296_1535532_clip004_s001/audio.wav,"night autumn ambient soundscape, Bowra dry woodland, Australia, cold (13C), moderate humidity, moderate wind, no music, no machinery",13.33,52.46,2.7,ok
0297_1535532_clip005_s000,1535532_clip005_s000,1535532,2024-04-10,night,autumn,val,10.217,resources/site_257_bowra-dry-a/mvp1_all_conditioned_dataset/clips/0297_1535532_clip005_s000/audio.wav,"night autumn ambient soundscape, Bowra dry woodland, Australia, cold (13C), moderate humidity, moderate wind, no music, no machinery",13.33,52.46,2.7,ok
0298_5384_clip002_s000,5384_clip002_s000,5384,2019-09-01,afternoon,spring,train,12.539,resources/site_257_bowra-dry-a/mvp1_all_conditioned_dataset/clips/0298_5384_clip002_s000/audio.wav,"afternoon spring ambient soundscape, Bowra dry woodland, Australia, warm (26C), dry air, light breeze, no music, no machinery",26.1,16.55,1.85,ok
0299_5384_clip010_s000,5384_clip010_s000,5384,2019-09-01,afternoon,spring,train,11.076,resources/site_257_bowra-dry-a/mvp1_all_conditioned_dataset/clips/0299_5384_clip010_s000/audio.wav,"afternoon spring ambient soundscape, Bowra dry woodland, Australia, warm (26C), dry air, light breeze, no music, no machinery",26.1,16.55,1.85,ok
0300_5384_clip017_s000,5384_clip017_s000,5384,2019-09-01,afternoon,spring,train,11.331,resources/site_257_bowra-dry-a/mvp1_all_conditioned_dataset/clips/0300_5384_clip017_s000/audio.wav,"afternoon spring ambient soundscape, Bowra dry woodland, Australia, warm (26C), dry air, light breeze, no music, no machinery",26.1,16.55,1.85,ok
0301_4889_clip014_s000,4889_clip014_s000,4889,2019-10-04,afternoon,spring,train,13.56,resources/site_257_bowra-dry-a/mvp1_all_conditioned_dataset/clips/0301_4889_clip014_s000/audio.wav,"afternoon spring ambient soundscape, Bowra dry woodland, Australia, hot (36C), dry air, moderate wind, no music, no machinery",36.36,11.15,2.95,ok
0302_4889_clip019_s000,4889_clip019_s000,4889,2019-10-04,afternoon,spring,train,11.053,resources/site_257_bowra-dry-a/mvp1_all_conditioned_dataset/clips/0302_4889_clip019_s000/audio.wav,"afternoon spring ambient soundscape, Bowra dry woodland, Australia, hot (36C), dry air, moderate wind, no music, no machinery",36.36,11.15,2.95,ok
0303_214508_clip006_s000,214508_clip006_s000,214508,2019-10-22,afternoon,spring,train,10.635,resources/site_257_bowra-dry-a/mvp1_all_conditioned_dataset/clips/0303_214508_clip006_s000/audio.wav,"afternoon spring ambient soundscape, Bowra dry woodland, Australia, hot (34C), dry air, light breeze, no music, no machinery",33.92,13.04,1.92,ok
0304_214508_clip008_s000,214508_clip008_s000,214508,2019-10-22,afternoon,spring,train,10.194,resources/site_257_bowra-dry-a/mvp1_all_conditioned_dataset/clips/0304_214508_clip008_s000/audio.wav,"afternoon spring ambient soundscape, Bowra dry woodland, Australia, hot (34C), dry air, light breeze, no music, no machinery",33.92,13.04,1.92,ok
0305_214508_clip011_s000,214508_clip011_s000,214508,2019-10-22,afternoon,spring,train,10.356,resources/site_257_bowra-dry-a/mvp1_all_conditioned_dataset/clips/0305_214508_clip011_s000/audio.wav,"afternoon spring ambient soundscape, Bowra dry woodland, Australia, hot (34C), dry air, light breeze, no music, no machinery",33.92,13.04,1.92,ok
0306_214508_clip014_s000,214508_clip014_s000,214508,2019-10-22,afternoon,spring,train,10.008,resources/site_257_bowra-dry-a/mvp1_all_conditioned_dataset/clips/0306_214508_clip014_s000/audio.wav,"afternoon spring ambient soundscape, Bowra dry woodland, Australia, hot (34C), dry air, light breeze, no music, no machinery",33.92,13.04,1.92,ok
0307_214508_clip016_s000,214508_clip016_s000,214508,2019-10-22,afternoon,spring,val,12.098,resources/site_257_bowra-dry-a/mvp1_all_conditioned_dataset/clips/0307_214508_clip016_s000/audio.wav,"afternoon spring ambient soundscape, Bowra dry woodland, Australia, hot (34C), dry air, light breeze, no music, no machinery",33.92,13.04,1.92,ok
0308_214837_clip001_s000,214837_clip001_s000,214837,2019-11-18,afternoon,spring,train,11.169,resources/site_257_bowra-dry-a/mvp1_all_conditioned_dataset/clips/0308_214837_clip001_s000/audio.wav,"afternoon spring ambient soundscape, Bowra dry woodland, Australia, hot (33C), dry air, moderate wind, no music, no machinery",32.8,11.19,2.47,ok
0309_214837_clip008_s000,214837_clip008_s000,214837,2019-11-18,afternoon,spring,train,10.728,resources/site_257_bowra-dry-a/mvp1_all_conditioned_dataset/clips/0309_214837_clip008_s000/audio.wav,"afternoon spring ambient soundscape, Bowra dry woodland, Australia, hot (33C), dry air, moderate wind, no music, no machinery",32.8,11.19,2.47,ok
0310_214837_clip014_s000,214837_clip014_s000,214837,2019-11-18,afternoon,spring,train,10.751,resources/site_257_bowra-dry-a/mvp1_all_conditioned_dataset/clips/0310_214837_clip014_s000/audio.wav,"afternoon spring ambient soundscape, Bowra dry woodland, Australia, hot (33C), dry air, moderate wind, no music, no machinery",32.8,11.19,2.47,ok
0311_1400024_clip001_s000,1400024_clip001_s000,1400024,2023-09-28,afternoon,spring,train,10.751,resources/site_257_bowra-dry-a/mvp1_all_conditioned_dataset/clips/0311_1400024_clip001_s000/audio.wav,"afternoon spring ambient soundscape, Bowra dry woodland, Australia, warm (31C), dry air, moderate wind, no music, no machinery",30.79,10.53,4.19,ok
0312_1400024_clip002_s000,1400024_clip002_s000,1400024,2023-09-28,afternoon,spring,train,13.166,resources/site_257_bowra-dry-a/mvp1_all_conditioned_dataset/clips/0312_1400024_clip002_s000/audio.wav,"afternoon spring ambient soundscape, Bowra dry woodland, Australia, warm (31C), dry air, moderate wind, no music, no machinery",30.79,10.53,4.19,ok
0313_1400024_clip005_s000,1400024_clip005_s000,1400024,2023-09-28,afternoon,spring,train,12.91,resources/site_257_bowra-dry-a/mvp1_all_conditioned_dataset/clips/0313_1400024_clip005_s000/audio.wav,"afternoon spring ambient soundscape, Bowra dry woodland, Australia, warm (31C), dry air, moderate wind, no music, no machinery",30.79,10.53,4.19,ok
0314_1400024_clip008_s000,1400024_clip008_s000,1400024,2023-09-28,afternoon,spring,train,11.146,resources/site_257_bowra-dry-a/mvp1_all_conditioned_dataset/clips/0314_1400024_clip008_s000/audio.wav,"afternoon spring ambient soundscape, Bowra dry woodland, Australia, warm (31C), dry air, moderate wind, no music, no machinery",30.79,10.53,4.19,ok
0315_1400024_clip024_s000,1400024_clip024_s000,1400024,2023-09-28,afternoon,spring,train,11.912,resources/site_257_bowra-dry-a/mvp1_all_conditioned_dataset/clips/0315_1400024_clip024_s000/audio.wav,"afternoon spring ambient soundscape, Bowra dry woodland, Australia, warm (31C), dry air, moderate wind, no music, no machinery",30.79,10.53,4.19,ok
0316_1401311_clip004_s000,1401311_clip004_s000,1401311,2023-10-06,afternoon,spring,train,10.077,resources/site_257_bowra-dry-a/mvp1_all_conditioned_dataset/clips/0316_1401311_clip004_s000/audio.wav,"afternoon spring ambient soundscape, Bowra dry woodland, Australia, warm (26C), dry air, moderate wind, no music, no machinery",26.21,24.93,4.31,ok
0317_1401567_clip001_s000,1401567_clip001_s000,1401567,2023-10-23,afternoon,spring,train,10.704,resources/site_257_bowra-dry-a/mvp1_all_conditioned_dataset/clips/0317_1401567_clip001_s000/audio.wav,"afternoon spring ambient soundscape, Bowra dry woodland, Australia, warm (31C), dry air, light breeze, no music, no machinery",30.57,12.69,1.95,ok
0318_1401567_clip003_s000,1401567_clip003_s000,1401567,2023-10-23,afternoon,spring,train,10.403,resources/site_257_bowra-dry-a/mvp1_all_conditioned_dataset/clips/0318_1401567_clip003_s000/audio.wav,"afternoon spring ambient soundscape, Bowra dry woodland, Australia, warm (31C), dry air, light breeze, no music, no machinery",30.57,12.69,1.95,ok
0319_1401567_clip009_s000,1401567_clip009_s000,1401567,2023-10-23,afternoon,spring,train,10.147,resources/site_257_bowra-dry-a/mvp1_all_conditioned_dataset/clips/0319_1401567_clip009_s000/audio.wav,"afternoon spring ambient soundscape, Bowra dry woodland, Australia, warm (31C), dry air, light breeze, no music, no machinery",30.57,12.69,1.95,ok
0320_1401567_clip010_s000,1401567_clip010_s000,1401567,2023-10-23,afternoon,spring,train,11.958,resources/site_257_bowra-dry-a/mvp1_all_conditioned_dataset/clips/0320_1401567_clip010_s000/audio.wav,"afternoon spring ambient soundscape, Bowra dry woodland, Australia, warm (31C), dry air, light breeze, no music, no machinery",30.57,12.69,1.95,ok
0321_1401567_clip010_s001,1401567_clip010_s001,1401567,2023-10-23,afternoon,spring,train,10.403,resources/site_257_bowra-dry-a/mvp1_all_conditioned_dataset/clips/0321_1401567_clip010_s001/audio.wav,"afternoon spring ambient soundscape, Bowra dry woodland, Australia, warm (31C), dry air, light breeze, no music, no machinery",30.57,12.69,1.95,ok
0322_1401567_clip010_s002,1401567_clip010_s002,1401567,2023-10-23,afternoon,spring,train,11.61,resources/site_257_bowra-dry-a/mvp1_all_conditioned_dataset/clips/0322_1401567_clip010_s002/audio.wav,"afternoon spring ambient soundscape, Bowra dry woodland, Australia, warm (31C), dry air, light breeze, no music, no machinery",30.57,12.69,1.95,ok
0323_1401567_clip010_s003,1401567_clip010_s003,1401567,2023-10-23,afternoon,spring,val,10.147,resources/site_257_bowra-dry-a/mvp1_all_conditioned_dataset/clips/0323_1401567_clip010_s003/audio.wav,"afternoon spring ambient soundscape, Bowra dry woodland, Australia, warm (31C), dry air, light breeze, no music, no machinery",30.57,12.69,1.95,ok
0324_1401567_clip011_s000,1401567_clip011_s000,1401567,2023-10-23,afternoon,spring,train,15.0,resources/site_257_bowra-dry-a/mvp1_all_conditioned_dataset/clips/0324_1401567_clip011_s000/audio.wav,"afternoon spring ambient soundscape, Bowra dry woodland, Australia, warm (31C), dry air, light breeze, no music, no machinery",30.57,12.69,1.95,ok
0325_1401567_clip011_s001,1401567_clip011_s001,1401567,2023-10-23,afternoon,spring,train,11.703,resources/site_257_bowra-dry-a/mvp1_all_conditioned_dataset/clips/0325_1401567_clip011_s001/audio.wav,"afternoon spring ambient soundscape, Bowra dry woodland, Australia, warm (31C), dry air, light breeze, no music, no machinery",30.57,12.69,1.95,ok
0326_1401567_clip011_s002,1401567_clip011_s002,1401567,2023-10-23,afternoon,spring,train,12.074,resources/site_257_bowra-dry-a/mvp1_all_conditioned_dataset/clips/0326_1401567_clip011_s002/audio.wav,"afternoon spring ambient soundscape, Bowra dry woodland, Australia, warm (31C), dry air, light breeze, no music, no machinery",30.57,12.69,1.95,ok
0327_1401567_clip011_s003,1401567_clip011_s003,1401567,2023-10-23,afternoon,spring,train,10.449,resources/site_257_bowra-dry-a/mvp1_all_conditioned_dataset/clips/0327_1401567_clip011_s003/audio.wav,"afternoon spring ambient soundscape, Bowra dry woodland, Australia, warm (31C), dry air, light breeze, no music, no machinery",30.57,12.69,1.95,ok
0328_1401567_clip016_s000,1401567_clip016_s000,1401567,2023-10-23,afternoon,spring,val,11.935,resources/site_257_bowra-dry-a/mvp1_all_conditioned_dataset/clips/0328_1401567_clip016_s000/audio.wav,"afternoon spring ambient soundscape, Bowra dry woodland, Australia, warm (31C), dry air, light breeze, no music, no machinery",30.57,12.69,1.95,ok
0329_1401567_clip017_s000,1401567_clip017_s000,1401567,2023-10-23,afternoon,spring,val,15.673,resources/site_257_bowra-dry-a/mvp1_all_conditioned_dataset/clips/0329_1401567_clip017_s000/audio.wav,"afternoon spring ambient soundscape, Bowra dry woodland, Australia, warm (31C), dry air, light breeze, no music, no machinery",30.57,12.69,1.95,ok
0330_1401567_clip017_s001,1401567_clip017_s001,1401567,2023-10-23,afternoon,spring,val,18.135,resources/site_257_bowra-dry-a/mvp1_all_conditioned_dataset/clips/0330_1401567_clip017_s001/audio.wav,"afternoon spring ambient soundscape, Bowra dry woodland, Australia, warm (31C), dry air, light breeze, no music, no machinery",30.57,12.69,1.95,ok
0331_1401104_clip013_s000,1401104_clip013_s000,1401104,2023-11-03,afternoon,spring,train,11.912,resources/site_257_bowra-dry-a/mvp1_all_conditioned_dataset/clips/0331_1401104_clip013_s000/audio.wav,"afternoon spring ambient soundscape, Bowra dry woodland, Australia, hot (33C), dry air, moderate wind, no music, no machinery",33.28,11.6,3.07,ok
0332_1401104_clip014_s000,1401104_clip014_s000,1401104,2023-11-03,afternoon,spring,train,10.89,resources/site_257_bowra-dry-a/mvp1_all_conditioned_dataset/clips/0332_1401104_clip014_s000/audio.wav,"afternoon spring ambient soundscape, Bowra dry woodland, Australia, hot (33C), dry air, moderate wind, no music, no machinery",33.28,11.6,3.07,ok
0333_1401104_clip015_s000,1401104_clip015_s000,1401104,2023-11-03,afternoon,spring,train,11.54,resources/site_257_bowra-dry-a/mvp1_all_conditioned_dataset/clips/0333_1401104_clip015_s000/audio.wav,"afternoon spring ambient soundscape, Bowra dry woodland, Australia, hot (33C), dry air, moderate wind, no music, no machinery",33.28,11.6,3.07,ok
0334_1401607_clip001_s000,1401607_clip001_s000,1401607,2023-11-21,afternoon,spring,train,10.17,resources/site_257_bowra-dry-a/mvp1_all_conditioned_dataset/clips/0334_1401607_clip001_s000/audio.wav,"afternoon spring ambient soundscape, Bowra dry woodland, Australia, hot (37C), dry air, moderate wind, no music, no machinery",37.03,19.79,2.19,ok
0335_1401607_clip002_s000,1401607_clip002_s000,1401607,2023-11-21,afternoon,spring,train,13.282,resources/site_257_bowra-dry-a/mvp1_all_conditioned_dataset/clips/0335_1401607_clip002_s000/audio.wav,"afternoon spring ambient soundscape, Bowra dry woodland, Australia, hot (37C), dry air, moderate wind, no music, no machinery",37.03,19.79,2.19,ok
0336_1401607_clip010_s000,1401607_clip010_s000,1401607,2023-11-21,afternoon,spring,train,14.42,resources/site_257_bowra-dry-a/mvp1_all_conditioned_dataset/clips/0336_1401607_clip010_s000/audio.wav,"afternoon spring ambient soundscape, Bowra dry woodland, Australia, hot (37C), dry air, moderate wind, no music, no machinery",37.03,19.79,2.19,ok
0337_1401607_clip017_s000,1401607_clip017_s000,1401607,2023-11-21,afternoon,spring,val,11.355,resources/site_257_bowra-dry-a/mvp1_all_conditioned_dataset/clips/0337_1401607_clip017_s000/audio.wav,"afternoon spring ambient soundscape, Bowra dry woodland, Australia, hot (37C), dry air, moderate wind, no music, no machinery",37.03,19.79,2.19,ok
0338_1682413_clip005_s000,1682413_clip005_s000,1682413,2024-10-14,afternoon,spring,train,11.564,resources/site_257_bowra-dry-a/mvp1_all_conditioned_dataset/clips/0338_1682413_clip005_s000/audio.wav,"afternoon spring ambient soundscape, Bowra dry woodland, Australia, warm (32C), dry air, moderate wind, no music, no machinery",31.89,25.91,3.59,ok
0339_1682413_clip006_s000,1682413_clip006_s000,1682413,2024-10-14,afternoon,spring,train,12.283,resources/site_257_bowra-dry-a/mvp1_all_conditioned_dataset/clips/0339_1682413_clip006_s000/audio.wav,"afternoon spring ambient soundscape, Bowra dry woodland, Australia, warm (32C), dry air, moderate wind, no music, no machinery",31.89,25.91,3.59,ok
0340_1682413_clip006_s001,1682413_clip006_s001,1682413,2024-10-14,afternoon,spring,train,12.887,resources/site_257_bowra-dry-a/mvp1_all_conditioned_dataset/clips/0340_1682413_clip006_s001/audio.wav,"afternoon spring ambient soundscape, Bowra dry woodland, Australia, warm (32C), dry air, moderate wind, no music, no machinery",31.89,25.91,3.59,ok
0341_1682413_clip006_s002,1682413_clip006_s002,1682413,2024-10-14,afternoon,spring,train,12.655,resources/site_257_bowra-dry-a/mvp1_all_conditioned_dataset/clips/0341_1682413_clip006_s002/audio.wav,"afternoon spring ambient soundscape, Bowra dry woodland, Australia, warm (32C), dry air, moderate wind, no music, no machinery",31.89,25.91,3.59,ok
0342_1682413_clip007_s000,1682413_clip007_s000,1682413,2024-10-14,afternoon,spring,train,21.804,resources/site_257_bowra-dry-a/mvp1_all_conditioned_dataset/clips/0342_1682413_clip007_s000/audio.wav,"afternoon spring ambient soundscape, Bowra dry woodland, Australia, warm (32C), dry air, moderate wind, no music, no machinery",31.89,25.91,3.59,ok
0343_1682413_clip007_s001,1682413_clip007_s001,1682413,2024-10-14,afternoon,spring,train,14.187,resources/site_257_bowra-dry-a/mvp1_all_conditioned_dataset/clips/0343_1682413_clip007_s001/audio.wav,"afternoon spring ambient soundscape, Bowra dry woodland, Australia, warm (32C), dry air, moderate wind, no music, no machinery",31.89,25.91,3.59,ok
0344_1682413_clip008_s000,1682413_clip008_s000,1682413,2024-10-14,afternoon,spring,train,13.7,resources/site_257_bowra-dry-a/mvp1_all_conditioned_dataset/clips/0344_1682413_clip008_s000/audio.wav,"afternoon spring ambient soundscape, Bowra dry woodland, Australia, warm (32C), dry air, moderate wind, no music, no machinery",31.89,25.91,3.59,ok
0345_1682413_clip012_s000,1682413_clip012_s000,1682413,2024-10-14,afternoon,spring,train,10.681,resources/site_257_bowra-dry-a/mvp1_all_conditioned_dataset/clips/0345_1682413_clip012_s000/audio.wav,"afternoon spring ambient soundscape, Bowra dry woodland, Australia, warm (32C), dry air, moderate wind, no music, no machinery",31.89,25.91,3.59,ok
0346_1682413_clip012_s001,1682413_clip012_s001,1682413,2024-10-14,afternoon,spring,train,15.836,resources/site_257_bowra-dry-a/mvp1_all_conditioned_dataset/clips/0346_1682413_clip012_s001/audio.wav,"afternoon spring ambient soundscape, Bowra dry woodland, Australia, warm (32C), dry air, moderate wind, no music, no machinery",31.89,25.91,3.59,ok
0347_1682413_clip012_s002,1682413_clip012_s002,1682413,2024-10-14,afternoon,spring,train,11.285,resources/site_257_bowra-dry-a/mvp1_all_conditioned_dataset/clips/0347_1682413_clip012_s002/audio.wav,"afternoon spring ambient soundscape, Bowra dry woodland, Australia, warm (32C), dry air, moderate wind, no music, no machinery",31.89,25.91,3.59,ok
0348_1682413_clip013_s000,1682413_clip013_s000,1682413,2024-10-14,afternoon,spring,train,18.437,resources/site_257_bowra-dry-a/mvp1_all_conditioned_dataset/clips/0348_1682413_clip013_s000/audio.wav,"afternoon spring ambient soundscape, Bowra dry woodland, Australia, warm (32C), dry air, moderate wind, no music, no machinery",31.89,25.91,3.59,ok
0349_1682413_clip014_s000,1682413_clip014_s000,1682413,2024-10-14,afternoon,spring,train,10.101,resources/site_257_bowra-dry-a/mvp1_all_conditioned_dataset/clips/0349_1682413_clip014_s000/audio.wav,"afternoon spring ambient soundscape, Bowra dry woodland, Australia, warm (32C), dry air, moderate wind, no music, no machinery",31.89,25.91,3.59,ok
0350_1682413_clip015_s000,1682413_clip015_s000,1682413,2024-10-14,afternoon,spring,train,10.82,resources/site_257_bowra-dry-a/mvp1_all_conditioned_dataset/clips/0350_1682413_clip015_s000/audio.wav,"afternoon spring ambient soundscape, Bowra dry woodland, Australia, warm (32C), dry air, moderate wind, no music, no machinery",31.89,25.91,3.59,ok
0351_1682413_clip015_s001,1682413_clip015_s001,1682413,2024-10-14,afternoon,spring,train,16.858,resources/site_257_bowra-dry-a/mvp1_all_conditioned_dataset/clips/0351_1682413_clip015_s001/audio.wav,"afternoon spring ambient soundscape, Bowra dry woodland, Australia, warm (32C), dry air, moderate wind, no music, no machinery",31.89,25.91,3.59,ok
0352_1682413_clip018_s000,1682413_clip018_s000,1682413,2024-10-14,afternoon,spring,train,11.169,resources/site_257_bowra-dry-a/mvp1_all_conditioned_dataset/clips/0352_1682413_clip018_s000/audio.wav,"afternoon spring ambient soundscape, Bowra dry woodland, Australia, warm (32C), dry air, moderate wind, no music, no machinery",31.89,25.91,3.59,ok
0353_1682413_clip019_s000,1682413_clip019_s000,1682413,2024-10-14,afternoon,spring,train,10.751,resources/site_257_bowra-dry-a/mvp1_all_conditioned_dataset/clips/0353_1682413_clip019_s000/audio.wav,"afternoon spring ambient soundscape, Bowra dry woodland, Australia, warm (32C), dry air, moderate wind, no music, no machinery",31.89,25.91,3.59,ok
0354_1682413_clip022_s000,1682413_clip022_s000,1682413,2024-10-14,afternoon,spring,train,10.031,resources/site_257_bowra-dry-a/mvp1_all_conditioned_dataset/clips/0354_1682413_clip022_s000/audio.wav,"afternoon spring ambient soundscape, Bowra dry woodland, Australia, warm (32C), dry air, moderate wind, no music, no machinery",31.89,25.91,3.59,ok
0355_1682413_clip022_s001,1682413_clip022_s001,1682413,2024-10-14,afternoon,spring,train,14.605,resources/site_257_bowra-dry-a/mvp1_all_conditioned_dataset/clips/0355_1682413_clip022_s001/audio.wav,"afternoon spring ambient soundscape, Bowra dry woodland, Australia, warm (32C), dry air, moderate wind, no music, no machinery",31.89,25.91,3.59,ok
0356_1682413_clip022_s002,1682413_clip022_s002,1682413,2024-10-14,afternoon,spring,train,10.403,resources/site_257_bowra-dry-a/mvp1_all_conditioned_dataset/clips/0356_1682413_clip022_s002/audio.wav,"afternoon spring ambient soundscape, Bowra dry woodland, Australia, warm (32C), dry air, moderate wind, no music, no machinery",31.89,25.91,3.59,ok
0357_1682413_clip022_s003,1682413_clip022_s003,1682413,2024-10-14,afternoon,spring,train,15.813,resources/site_257_bowra-dry-a/mvp1_all_conditioned_dataset/clips/0357_1682413_clip022_s003/audio.wav,"afternoon spring ambient soundscape, Bowra dry woodland, Australia, warm (32C), dry air, moderate wind, no music, no machinery",31.89,25.91,3.59,ok
0358_1682413_clip022_s004,1682413_clip022_s004,1682413,2024-10-14,afternoon,spring,val,10.681,resources/site_257_bowra-dry-a/mvp1_all_conditioned_dataset/clips/0358_1682413_clip022_s004/audio.wav,"afternoon spring ambient soundscape, Bowra dry woodland, Australia, warm (32C), dry air, moderate wind, no music, no machinery",31.89,25.91,3.59,ok
0359_1682413_clip022_s005,1682413_clip022_s005,1682413,2024-10-14,afternoon,spring,train,20.55,resources/site_257_bowra-dry-a/mvp1_all_conditioned_dataset/clips/0359_1682413_clip022_s005/audio.wav,"afternoon spring ambient soundscape, Bowra dry woodland, Australia, warm (32C), dry air, moderate wind, no music, no machinery",31.89,25.91,3.59,ok
0360_1682413_clip022_s006,1682413_clip022_s006,1682413,2024-10-14,afternoon,spring,train,11.958,resources/site_257_bowra-dry-a/mvp1_all_conditioned_dataset/clips/0360_1682413_clip022_s006/audio.wav,"afternoon spring ambient soundscape, Bowra dry woodland, Australia, warm (32C), dry air, moderate wind, no music, no machinery",31.89,25.91,3.59,ok
0361_1682413_clip022_s007,1682413_clip022_s007,1682413,2024-10-14,afternoon,spring,train,15.139,resources/site_257_bowra-dry-a/mvp1_all_conditioned_dataset/clips/0361_1682413_clip022_s007/audio.wav,"afternoon spring ambient soundscape, Bowra dry woodland, Australia, warm (32C), dry air, moderate wind, no music, no machinery",31.89,25.91,3.59,ok
0362_1682413_clip023_s000,1682413_clip023_s000,1682413,2024-10-14,afternoon,spring,train,10.681,resources/site_257_bowra-dry-a/mvp1_all_conditioned_dataset/clips/0362_1682413_clip023_s000/audio.wav,"afternoon spring ambient soundscape, Bowra dry woodland, Australia, warm (32C), dry air, moderate wind, no music, no machinery",31.89,25.91,3.59,ok
0363_1682413_clip023_s001,1682413_clip023_s001,1682413,2024-10-14,afternoon,spring,train,24.288,resources/site_257_bowra-dry-a/mvp1_all_conditioned_dataset/clips/0363_1682413_clip023_s001/audio.wav,"afternoon spring ambient soundscape, Bowra dry woodland, Australia, warm (32C), dry air, moderate wind, no music, no machinery",31.89,25.91,3.59,ok
0364_1682413_clip024_s000,1682413_clip024_s000,1682413,2024-10-14,afternoon,spring,train,13.909,resources/site_257_bowra-dry-a/mvp1_all_conditioned_dataset/clips/0364_1682413_clip024_s000/audio.wav,"afternoon spring ambient soundscape, Bowra dry woodland, Australia, warm (32C), dry air, moderate wind, no music, no machinery",31.89,25.91,3.59,ok
0365_1681319_clip002_s000,1681319_clip002_s000,1681319,2024-10-26,afternoon,spring,train,12.957,resources/site_257_bowra-dry-a/mvp1_all_conditioned_dataset/clips/0365_1681319_clip002_s000/audio.wav,"afternoon spring ambient soundscape, Bowra dry woodland, Australia, warm (30C), dry air, still, no music, no machinery",30.12,14.86,0.49,ok
0366_1681319_clip002_s001,1681319_clip002_s001,1681319,2024-10-26,afternoon,spring,train,11.401,resources/site_257_bowra-dry-a/mvp1_all_conditioned_dataset/clips/0366_1681319_clip002_s001/audio.wav,"afternoon spring ambient soundscape, Bowra dry woodland, Australia, warm (30C), dry air, still, no music, no machinery",30.12,14.86,0.49,ok
0367_1678704_clip006_s000,1678704_clip006_s000,1678704,2024-11-10,afternoon,spring,train,15.581,resources/site_257_bowra-dry-a/mvp1_all_conditioned_dataset/clips/0367_1678704_clip006_s000/audio.wav,"afternoon spring ambient soundscape, Bowra dry woodland, Australia, hot (33C), dry air, light breeze, no music, no machinery",32.61,14.46,1.02,ok
0368_1678704_clip007_s000,1678704_clip007_s000,1678704,2024-11-10,afternoon,spring,train,14.164,resources/site_257_bowra-dry-a/mvp1_all_conditioned_dataset/clips/0368_1678704_clip007_s000/audio.wav,"afternoon spring ambient soundscape, Bowra dry woodland, Australia, hot (33C), dry air, light breeze, no music, no machinery",32.61,14.46,1.02,ok
0369_1678704_clip008_s000,1678704_clip008_s000,1678704,2024-11-10,afternoon,spring,train,13.444,resources/site_257_bowra-dry-a/mvp1_all_conditioned_dataset/clips/0369_1678704_clip008_s000/audio.wav,"afternoon spring ambient soundscape, Bowra dry woodland, Australia, hot (33C), dry air, light breeze, no music, no machinery",32.61,14.46,1.02,ok
0370_1678704_clip008_s001,1678704_clip008_s001,1678704,2024-11-10,afternoon,spring,train,11.796,resources/site_257_bowra-dry-a/mvp1_all_conditioned_dataset/clips/0370_1678704_clip008_s001/audio.wav,"afternoon spring ambient soundscape, Bowra dry woodland, Australia, hot (33C), dry air, light breeze, no music, no machinery",32.61,14.46,1.02,ok
0371_1678704_clip008_s002,1678704_clip008_s002,1678704,2024-11-10,afternoon,spring,train,10.356,resources/site_257_bowra-dry-a/mvp1_all_conditioned_dataset/clips/0371_1678704_clip008_s002/audio.wav,"afternoon spring ambient soundscape, Bowra dry woodland, Australia, hot (33C), dry air, light breeze, no music, no machinery",32.61,14.46,1.02,ok
0372_1678704_clip008_s003,1678704_clip008_s003,1678704,2024-11-10,afternoon,spring,train,14.675,resources/site_257_bowra-dry-a/mvp1_all_conditioned_dataset/clips/0372_1678704_clip008_s003/audio.wav,"afternoon spring ambient soundscape, Bowra dry woodland, Australia, hot (33C), dry air, light breeze, no music, no machinery",32.61,14.46,1.02,ok
0373_1678704_clip009_s000,1678704_clip009_s000,1678704,2024-11-10,afternoon,spring,train,10.077,resources/site_257_bowra-dry-a/mvp1_all_conditioned_dataset/clips/0373_1678704_clip009_s000/audio.wav,"afternoon spring ambient soundscape, Bowra dry woodland, Australia, hot (33C), dry air, light breeze, no music, no machinery",32.61,14.46,1.02,ok
0374_1678704_clip009_s001,1678704_clip009_s001,1678704,2024-11-10,afternoon,spring,train,34.04,resources/site_257_bowra-dry-a/mvp1_all_conditioned_dataset/clips/0374_1678704_clip009_s001/audio.wav,"afternoon spring ambient soundscape, Bowra dry woodland, Australia, hot (33C), dry air, light breeze, no music, no machinery",32.61,14.46,1.02,ok
0375_1678704_clip010_s000,1678704_clip010_s000,1678704,2024-11-10,afternoon,spring,train,33.344,resources/site_257_bowra-dry-a/mvp1_all_conditioned_dataset/clips/0375_1678704_clip010_s000/audio.wav,"afternoon spring ambient soundscape, Bowra dry woodland, Australia, hot (33C), dry air, light breeze, no music, no machinery",32.61,14.46,1.02,ok
0376_1678704_clip010_s001,1678704_clip010_s001,1678704,2024-11-10,afternoon,spring,train,14.791,resources/site_257_bowra-dry-a/mvp1_all_conditioned_dataset/clips/0376_1678704_clip010_s001/audio.wav,"afternoon spring ambient soundscape, Bowra dry woodland, Australia, hot (33C), dry air, light breeze, no music, no machinery",32.61,14.46,1.02,ok
0377_1678704_clip014_s000,1678704_clip014_s000,1678704,2024-11-10,afternoon,spring,val,14.489,resources/site_257_bowra-dry-a/mvp1_all_conditioned_dataset/clips/0377_1678704_clip014_s000/audio.wav,"afternoon spring ambient soundscape, Bowra dry woodland, Australia, hot (33C), dry air, light breeze, no music, no machinery",32.61,14.46,1.02,ok
0378_1678704_clip019_s000,1678704_clip019_s000,1678704,2024-11-10,afternoon,spring,train,31.811,resources/site_257_bowra-dry-a/mvp1_all_conditioned_dataset/clips/0378_1678704_clip019_s000/audio.wav,"afternoon spring ambient soundscape, Bowra dry woodland, Australia, hot (33C), dry air, light breeze, no music, no machinery",32.61,14.46,1.02,ok
0379_4881_clip001_s000,4881_clip001_s000,4881,2019-10-04,dawn,spring,train,10.913,resources/site_257_bowra-dry-a/mvp1_all_conditioned_dataset/clips/0379_4881_clip001_s000/audio.wav,"dawn spring ambient soundscape, Bowra dry woodland, Australia, mild (18C), dry air, moderate wind, no music, no machinery",17.74,33.1,2.1,ok
0380_4881_clip003_s000,4881_clip003_s000,4881,2019-10-04,dawn,spring,train,10.263,resources/site_257_bowra-dry-a/mvp1_all_conditioned_dataset/clips/0380_4881_clip003_s000/audio.wav,"dawn spring ambient soundscape, Bowra dry woodland, Australia, mild (18C), dry air, moderate wind, no music, no machinery",17.74,33.1,2.1,ok
0381_4881_clip004_s000,4881_clip004_s000,4881,2019-10-04,dawn,spring,train,17.601,resources/site_257_bowra-dry-a/mvp1_all_conditioned_dataset/clips/0381_4881_clip004_s000/audio.wav,"dawn spring ambient soundscape, Bowra dry woodland, Australia, mild (18C), dry air, moderate wind, no music, no machinery",17.74,33.1,2.1,ok
0382_4881_clip005_s000,4881_clip005_s000,4881,2019-10-04,dawn,spring,train,13.491,resources/site_257_bowra-dry-a/mvp1_all_conditioned_dataset/clips/0382_4881_clip005_s000/audio.wav,"dawn spring ambient soundscape, Bowra dry woodland, Australia, mild (18C), dry air, moderate wind, no music, no machinery",17.74,33.1,2.1,ok
0383_4881_clip008_s000,4881_clip008_s000,4881,2019-10-04,dawn,spring,train,14.536,resources/site_257_bowra-dry-a/mvp1_all_conditioned_dataset/clips/0383_4881_clip008_s000/audio.wav,"dawn spring ambient soundscape, Bowra dry woodland, Australia, mild (18C), dry air, moderate wind, no music, no machinery",17.74,33.1,2.1,ok
0384_4881_clip008_s001,4881_clip008_s001,4881,2019-10-04,dawn,spring,train,10.797,resources/site_257_bowra-dry-a/mvp1_all_conditioned_dataset/clips/0384_4881_clip008_s001/audio.wav,"dawn spring ambient soundscape, Bowra dry woodland, Australia, mild (18C), dry air, moderate wind, no music, no machinery",17.74,33.1,2.1,ok
0385_4881_clip008_s002,4881_clip008_s002,4881,2019-10-04,dawn,spring,train,11.819,resources/site_257_bowra-dry-a/mvp1_all_conditioned_dataset/clips/0385_4881_clip008_s002/audio.wav,"dawn spring ambient soundscape, Bowra dry woodland, Australia, mild (18C), dry air, moderate wind, no music, no machinery",17.74,33.1,2.1,ok
0386_4881_clip009_s000,4881_clip009_s000,4881,2019-10-04,dawn,spring,train,12.748,resources/site_257_bowra-dry-a/mvp1_all_conditioned_dataset/clips/0386_4881_clip009_s000/audio.wav,"dawn spring ambient soundscape, Bowra dry woodland, Australia, mild (18C), dry air, moderate wind, no music, no machinery",17.74,33.1,2.1,ok
0387_4881_clip011_s000,4881_clip011_s000,4881,2019-10-04,dawn,spring,val,11.517,resources/site_257_bowra-dry-a/mvp1_all_conditioned_dataset/clips/0387_4881_clip011_s000/audio.wav,"dawn spring ambient soundscape, Bowra dry woodland, Australia, mild (18C), dry air, moderate wind, no music, no machinery",17.74,33.1,2.1,ok
0388_4881_clip014_s000,4881_clip014_s000,4881,2019-10-04,dawn,spring,train,11.564,resources/site_257_bowra-dry-a/mvp1_all_conditioned_dataset/clips/0388_4881_clip014_s000/audio.wav,"dawn spring ambient soundscape, Bowra dry woodland, Australia, mild (18C), dry air, moderate wind, no music, no machinery",17.74,33.1,2.1,ok
0389_4881_clip014_s001,4881_clip014_s001,4881,2019-10-04,dawn,spring,train,13.862,resources/site_257_bowra-dry-a/mvp1_all_conditioned_dataset/clips/0389_4881_clip014_s001/audio.wav,"dawn spring ambient soundscape, Bowra dry woodland, Australia, mild (18C), dry air, moderate wind, no music, no machinery",17.74,33.1,2.1,ok
0390_4881_clip014_s002,4881_clip014_s002,4881,2019-10-04,dawn,spring,val,10.495,resources/site_257_bowra-dry-a/mvp1_all_conditioned_dataset/clips/0390_4881_clip014_s002/audio.wav,"dawn spring ambient soundscape, Bowra dry woodland, Australia, mild (18C), dry air, moderate wind, no music, no machinery",17.74,33.1,2.1,ok
0391_4881_clip016_s000,4881_clip016_s000,4881,2019-10-04,dawn,spring,val,13.05,resources/site_257_bowra-dry-a/mvp1_all_conditioned_dataset/clips/0391_4881_clip016_s000/audio.wav,"dawn spring ambient soundscape, Bowra dry woodland, Australia, mild (18C), dry air, moderate wind, no music, no machinery",17.74,33.1,2.1,ok
0392_4881_clip019_s000,4881_clip019_s000,4881,2019-10-04,dawn,spring,train,10.449,resources/site_257_bowra-dry-a/mvp1_all_conditioned_dataset/clips/0392_4881_clip019_s000/audio.wav,"dawn spring ambient soundscape, Bowra dry woodland, Australia, mild (18C), dry air, moderate wind, no music, no machinery",17.74,33.1,2.1,ok
0393_4881_clip019_s001,4881_clip019_s001,4881,2019-10-04,dawn,spring,train,11.169,resources/site_257_bowra-dry-a/mvp1_all_conditioned_dataset/clips/0393_4881_clip019_s001/audio.wav,"dawn spring ambient soundscape, Bowra dry woodland, Australia, mild (18C), dry air, moderate wind, no music, no machinery",17.74,33.1,2.1,ok
0394_4881_clip019_s002,4881_clip019_s002,4881,2019-10-04,dawn,spring,train,10.472,resources/site_257_bowra-dry-a/mvp1_all_conditioned_dataset/clips/0394_4881_clip019_s002/audio.wav,"dawn spring ambient soundscape, Bowra dry woodland, Australia, mild (18C), dry air, moderate wind, no music, no machinery",17.74,33.1,2.1,ok
0395_4881_clip020_s000,4881_clip020_s000,4881,2019-10-04,dawn,spring,train,10.24,resources/site_257_bowra-dry-a/mvp1_all_conditioned_dataset/clips/0395_4881_clip020_s000/audio.wav,"dawn spring ambient soundscape, Bowra dry woodland, Australia, mild (18C), dry air, moderate wind, no music, no machinery",17.74,33.1,2.1,ok
0396_4881_clip022_s000,4881_clip022_s000,4881,2019-10-04,dawn,spring,train,10.147,resources/site_257_bowra-dry-a/mvp1_all_conditioned_dataset/clips/0396_4881_clip022_s000/audio.wav,"dawn spring ambient soundscape, Bowra dry woodland, Australia, mild (18C), dry air, moderate wind, no music, no machinery",17.74,33.1,2.1,ok
0397_4881_clip023_s000,4881_clip023_s000,4881,2019-10-04,dawn,spring,train,10.704,resources/site_257_bowra-dry-a/mvp1_all_conditioned_dataset/clips/0397_4881_clip023_s000/audio.wav,"dawn spring ambient soundscape, Bowra dry woodland, Australia, mild (18C), dry air, moderate wind, no music, no machinery",17.74,33.1,2.1,ok
0398_214503_clip012_s000,214503_clip012_s000,214503,2019-10-22,dawn,spring,train,11.215,resources/site_257_bowra-dry-a/mvp1_all_conditioned_dataset/clips/0398_214503_clip012_s000/audio.wav,"dawn spring ambient soundscape, Bowra dry woodland, Australia, mild (17C), dry air, moderate wind, no music, no machinery",16.58,37.02,2.26,ok
0399_214503_clip012_s001,214503_clip012_s001,214503,2019-10-22,dawn,spring,train,13.305,resources/site_257_bowra-dry-a/mvp1_all_conditioned_dataset/clips/0399_214503_clip012_s001/audio.wav,"dawn spring ambient soundscape, Bowra dry woodland, Australia, mild (17C), dry air, moderate wind, no music, no machinery",16.58,37.02,2.26,ok
0400_214503_clip013_s000,214503_clip013_s000,214503,2019-10-22,dawn,spring,val,11.656,resources/site_257_bowra-dry-a/mvp1_all_conditioned_dataset/clips/0400_214503_clip013_s000/audio.wav,"dawn spring ambient soundscape, Bowra dry woodland, Australia, mild (17C), dry air, moderate wind, no music, no machinery",16.58,37.02,2.26,ok
0401_214503_clip015_s000,214503_clip015_s000,214503,2019-10-22,dawn,spring,train,15.627,resources/site_257_bowra-dry-a/mvp1_all_conditioned_dataset/clips/0401_214503_clip015_s000/audio.wav,"dawn spring ambient soundscape, Bowra dry woodland, Australia, mild (17C), dry air, moderate wind, no music, no machinery",16.58,37.02,2.26,ok
0402_214503_clip020_s000,214503_clip020_s000,214503,2019-10-22,dawn,spring,train,12.585,resources/site_257_bowra-dry-a/mvp1_all_conditioned_dataset/clips/0402_214503_clip020_s000/audio.wav,"dawn spring ambient soundscape, Bowra dry woodland, Australia, mild (17C), dry air, moderate wind, no music, no machinery",16.58,37.02,2.26,ok
0403_214503_clip021_s000,214503_clip021_s000,214503,2019-10-22,dawn,spring,train,16.184,resources/site_257_bowra-dry-a/mvp1_all_conditioned_dataset/clips/0403_214503_clip021_s000/audio.wav,"dawn spring ambient soundscape, Bowra dry woodland, Australia, mild (17C), dry air, moderate wind, no music, no machinery",16.58,37.02,2.26,ok
0404_214503_clip023_s000,214503_clip023_s000,214503,2019-10-22,dawn,spring,train,10.728,resources/site_257_bowra-dry-a/mvp1_all_conditioned_dataset/clips/0404_214503_clip023_s000/audio.wav,"dawn spring ambient soundscape, Bowra dry woodland, Australia, mild (17C), dry air, moderate wind, no music, no machinery",16.58,37.02,2.26,ok
0405_445574_clip008_s000,445574_clip008_s000,445574,2020-09-04,dawn,spring,train,10.588,resources/site_257_bowra-dry-a/mvp1_all_conditioned_dataset/clips/0405_445574_clip008_s000/audio.wav,"dawn spring ambient soundscape, Bowra dry woodland, Australia, cold (14C), moderate humidity, light breeze, no music, no machinery",13.75,69.65,0.75,ok
0406_445574_clip013_s000,445574_clip013_s000,445574,2020-09-04,dawn,spring,train,10.263,resources/site_257_bowra-dry-a/mvp1_all_conditioned_dataset/clips/0406_445574_clip013_s000/audio.wav,"dawn spring ambient soundscape, Bowra dry woodland, Australia, cold (14C), moderate humidity, light breeze, no music, no machinery",13.75,69.65,0.75,ok
0407_445574_clip013_s001,445574_clip013_s001,445574,2020-09-04,dawn,spring,train,11.633,resources/site_257_bowra-dry-a/mvp1_all_conditioned_dataset/clips/0407_445574_clip013_s001/audio.wav,"dawn spring ambient soundscape, Bowra dry woodland, Australia, cold (14C), moderate humidity, light breeze, no music, no machinery",13.75,69.65,0.75,ok
0408_445574_clip016_s000,445574_clip016_s000,445574,2020-09-04,dawn,spring,train,11.029,resources/site_257_bowra-dry-a/mvp1_all_conditioned_dataset/clips/0408_445574_clip016_s000/audio.wav,"dawn spring ambient soundscape, Bowra dry woodland, Australia, cold (14C), moderate humidity, light breeze, no music, no machinery",13.75,69.65,0.75,ok
0409_445574_clip019_s000,445574_clip019_s000,445574,2020-09-04,dawn,spring,train,11.285,resources/site_257_bowra-dry-a/mvp1_all_conditioned_dataset/clips/0409_445574_clip019_s000/audio.wav,"dawn spring ambient soundscape, Bowra dry woodland, Australia, cold (14C), moderate humidity, light breeze, no music, no machinery",13.75,69.65,0.75,ok
0410_445574_clip019_s001,445574_clip019_s001,445574,2020-09-04,dawn,spring,train,13.351,resources/site_257_bowra-dry-a/mvp1_all_conditioned_dataset/clips/0410_445574_clip019_s001/audio.wav,"dawn spring ambient soundscape, Bowra dry woodland, Australia, cold (14C), moderate humidity, light breeze, no music, no machinery",13.75,69.65,0.75,ok
0411_445574_clip019_s002,445574_clip019_s002,445574,2020-09-04,dawn,spring,train,13.491,resources/site_257_bowra-dry-a/mvp1_all_conditioned_dataset/clips/0411_445574_clip019_s002/audio.wav,"dawn spring ambient soundscape, Bowra dry woodland, Australia, cold (14C), moderate humidity, light breeze, no music, no machinery",13.75,69.65,0.75,ok
0412_445574_clip022_s000,445574_clip022_s000,445574,2020-09-04,dawn,spring,train,13.003,resources/site_257_bowra-dry-a/mvp1_all_conditioned_dataset/clips/0412_445574_clip022_s000/audio.wav,"dawn spring ambient soundscape, Bowra dry woodland, Australia, cold (14C), moderate humidity, light breeze, no music, no machinery",13.75,69.65,0.75,ok
0413_445574_clip023_s000,445574_clip023_s000,445574,2020-09-04,dawn,spring,train,11.006,resources/site_257_bowra-dry-a/mvp1_all_conditioned_dataset/clips/0413_445574_clip023_s000/audio.wav,"dawn spring ambient soundscape, Bowra dry woodland, Australia, cold (14C), moderate humidity, light breeze, no music, no machinery",13.75,69.65,0.75,ok
0414_1399601_clip001_s000,1399601_clip001_s000,1399601,2023-09-12,dawn,spring,train,10.728,resources/site_257_bowra-dry-a/mvp1_all_conditioned_dataset/clips/0414_1399601_clip001_s000/audio.wav,"dawn spring ambient soundscape, Bowra dry woodland, Australia, cold (8C), moderate humidity, light breeze, no music, no machinery",7.77,53.68,1.76,ok
0415_1399601_clip008_s000,1399601_clip008_s000,1399601,2023-09-12,dawn,spring,train,14.861,resources/site_257_bowra-dry-a/mvp1_all_conditioned_dataset/clips/0415_1399601_clip008_s000/audio.wav,"dawn spring ambient soundscape, Bowra dry woodland, Australia, cold (8C), moderate humidity, light breeze, no music, no machinery",7.77,53.68,1.76,ok
0416_1400010_clip010_s000,1400010_clip010_s000,1400010,2023-09-28,dawn,spring,train,15.256,resources/site_257_bowra-dry-a/mvp1_all_conditioned_dataset/clips/0416_1400010_clip010_s000/audio.wav,"dawn spring ambient soundscape, Bowra dry woodland, Australia, cold (13C), moderate humidity, moderate wind, no music, no machinery",12.82,54.3,2.62,ok
0417_1400010_clip023_s000,1400010_clip023_s000,1400010,2023-09-28,dawn,spring,train,12.934,resources/site_257_bowra-dry-a/mvp1_all_conditioned_dataset/clips/0417_1400010_clip023_s000/audio.wav,"dawn spring ambient soundscape, Bowra dry woodland, Australia, cold (13C), moderate humidity, moderate wind, no music, no machinery",12.82,54.3,2.62,ok
0418_1401563_clip001_s000,1401563_clip001_s000,1401563,2023-10-23,dawn,spring,train,10.008,resources/site_257_bowra-dry-a/mvp1_all_conditioned_dataset/clips/0418_1401563_clip001_s000/audio.wav,"dawn spring ambient soundscape, Bowra dry woodland, Australia, cold (14C), moderate humidity, moderate wind, no music, no machinery",14.29,44.32,2.25,ok
0419_1401563_clip015_s000,1401563_clip015_s000,1401563,2023-10-23,dawn,spring,train,10.077,resources/site_257_bowra-dry-a/mvp1_all_conditioned_dataset/clips/0419_1401563_clip015_s000/audio.wav,"dawn spring ambient soundscape, Bowra dry woodland, Australia, cold (14C), moderate humidity, moderate wind, no music, no machinery",14.29,44.32,2.25,ok
0420_1401105_clip003_s000,1401105_clip003_s000,1401105,2023-11-03,dawn,spring,train,10.356,resources/site_257_bowra-dry-a/mvp1_all_conditioned_dataset/clips/0420_1401105_clip003_s000/audio.wav,"dawn spring ambient soundscape, Bowra dry woodland, Australia, mild (18C), dry air, light breeze, no music, no machinery",18.24,29.41,1.11,ok
0421_1401105_clip005_s000,1401105_clip005_s000,1401105,2023-11-03,dawn,spring,train,10.17,resources/site_257_bowra-dry-a/mvp1_all_conditioned_dataset/clips/0421_1401105_clip005_s000/audio.wav,"dawn spring ambient soundscape, Bowra dry woodland, Australia, mild (18C), dry air, light breeze, no music, no machinery",18.24,29.41,1.11,ok
0422_1401105_clip006_s000,1401105_clip006_s000,1401105,2023-11-03,dawn,spring,train,10.356,resources/site_257_bowra-dry-a/mvp1_all_conditioned_dataset/clips/0422_1401105_clip006_s000/audio.wav,"dawn spring ambient soundscape, Bowra dry woodland, Australia, mild (18C), dry air, light breeze, no music, no machinery",18.24,29.41,1.11,ok
0423_1401105_clip006_s001,1401105_clip006_s001,1401105,2023-11-03,dawn,spring,train,10.379,resources/site_257_bowra-dry-a/mvp1_all_conditioned_dataset/clips/0423_1401105_clip006_s001/audio.wav,"dawn spring ambient soundscape, Bowra dry woodland, Australia, mild (18C), dry air, light breeze, no music, no machinery",18.24,29.41,1.11,ok
0424_1401105_clip006_s002,1401105_clip006_s002,1401105,2023-11-03,dawn,spring,train,11.401,resources/site_257_bowra-dry-a/mvp1_all_conditioned_dataset/clips/0424_1401105_clip006_s002/audio.wav,"dawn spring ambient soundscape, Bowra dry woodland, Australia, mild (18C), dry air, light breeze, no music, no machinery",18.24,29.41,1.11,ok
0425_1401105_clip006_s003,1401105_clip006_s003,1401105,2023-11-03,dawn,spring,train,10.635,resources/site_257_bowra-dry-a/mvp1_all_conditioned_dataset/clips/0425_1401105_clip006_s003/audio.wav,"dawn spring ambient soundscape, Bowra dry woodland, Australia, mild (18C), dry air, light breeze, no music, no machinery",18.24,29.41,1.11,ok
0426_1401105_clip007_s000,1401105_clip007_s000,1401105,2023-11-03,dawn,spring,train,14.048,resources/site_257_bowra-dry-a/mvp1_all_conditioned_dataset/clips/0426_1401105_clip007_s000/audio.wav,"dawn spring ambient soundscape, Bowra dry woodland, Australia, mild (18C), dry air, light breeze, no music, no machinery",18.24,29.41,1.11,ok
0427_1401105_clip007_s001,1401105_clip007_s001,1401105,2023-11-03,dawn,spring,train,13.096,resources/site_257_bowra-dry-a/mvp1_all_conditioned_dataset/clips/0427_1401105_clip007_s001/audio.wav,"dawn spring ambient soundscape, Bowra dry woodland, Australia, mild (18C), dry air, light breeze, no music, no machinery",18.24,29.41,1.11,ok
0428_1401105_clip007_s002,1401105_clip007_s002,1401105,2023-11-03,dawn,spring,train,12.237,resources/site_257_bowra-dry-a/mvp1_all_conditioned_dataset/clips/0428_1401105_clip007_s002/audio.wav,"dawn spring ambient soundscape, Bowra dry woodland, Australia, mild (18C), dry air, light breeze, no music, no machinery",18.24,29.41,1.11,ok
0429_1401105_clip012_s000,1401105_clip012_s000,1401105,2023-11-03,dawn,spring,train,16.579,resources/site_257_bowra-dry-a/mvp1_all_conditioned_dataset/clips/0429_1401105_clip012_s000/audio.wav,"dawn spring ambient soundscape, Bowra dry woodland, Australia, mild (18C), dry air, light breeze, no music, no machinery",18.24,29.41,1.11,ok
0430_1401105_clip014_s000,1401105_clip014_s000,1401105,2023-11-03,dawn,spring,train,10.937,resources/site_257_bowra-dry-a/mvp1_all_conditioned_dataset/clips/0430_1401105_clip014_s000/audio.wav,"dawn spring ambient soundscape, Bowra dry woodland, Australia, mild (18C), dry air, light breeze, no music, no machinery",18.24,29.41,1.11,ok
0431_1401105_clip015_s000,1401105_clip015_s000,1401105,2023-11-03,dawn,spring,train,12.051,resources/site_257_bowra-dry-a/mvp1_all_conditioned_dataset/clips/0431_1401105_clip015_s000/audio.wav,"dawn spring ambient soundscape, Bowra dry woodland, Australia, mild (18C), dry air, light breeze, no music, no machinery",18.24,29.41,1.11,ok
0432_1401105_clip015_s001,1401105_clip015_s001,1401105,2023-11-03,dawn,spring,train,11.656,resources/site_257_bowra-dry-a/mvp1_all_conditioned_dataset/clips/0432_1401105_clip015_s001/audio.wav,"dawn spring ambient soundscape, Bowra dry woodland, Australia, mild (18C), dry air, light breeze, no music, no machinery",18.24,29.41,1.11,ok
0433_1401105_clip023_s000,1401105_clip023_s000,1401105,2023-11-03,dawn,spring,train,13.932,resources/site_257_bowra-dry-a/mvp1_all_conditioned_dataset/clips/0433_1401105_clip023_s000/audio.wav,"dawn spring ambient soundscape, Bowra dry woodland, Australia, mild (18C), dry air, light breeze, no music, no machinery",18.24,29.41,1.11,ok
0434_1401105_clip023_s001,1401105_clip023_s001,1401105,2023-11-03,dawn,spring,train,10.751,resources/site_257_bowra-dry-a/mvp1_all_conditioned_dataset/clips/0434_1401105_clip023_s001/audio.wav,"dawn spring ambient soundscape, Bowra dry woodland, Australia, mild (18C), dry air, light breeze, no music, no machinery",18.24,29.41,1.11,ok
0435_1401599_clip013_s000,1401599_clip013_s000,1401599,2023-11-21,dawn,spring,train,11.238,resources/site_257_bowra-dry-a/mvp1_all_conditioned_dataset/clips/0435_1401599_clip013_s000/audio.wav,"dawn spring ambient soundscape, Bowra dry woodland, Australia, mild (21C), humid air, moderate wind, no music, no machinery",20.61,72.43,3.47,ok
0436_1535362_clip006_s000,1535362_clip006_s000,1535362,2024-09-24,dawn,spring,train,12.608,resources/site_257_bowra-dry-a/mvp1_all_conditioned_dataset/clips/0436_1535362_clip006_s000/audio.wav,"dawn spring ambient soundscape, Bowra dry woodland, Australia, mild (16C), dry air, moderate wind, no music, no machinery",16.23,30.8,3.1,ok
0437_1535362_clip009_s000,1535362_clip009_s000,1535362,2024-09-24,dawn,spring,train,11.842,resources/site_257_bowra-dry-a/mvp1_all_conditioned_dataset/clips/0437_1535362_clip009_s000/audio.wav,"dawn spring ambient soundscape, Bowra dry woodland, Australia, mild (16C), dry air, moderate wind, no music, no machinery",16.23,30.8,3.1,ok
0438_1535362_clip011_s000,1535362_clip011_s000,1535362,2024-09-24,dawn,spring,train,13.142,resources/site_257_bowra-dry-a/mvp1_all_conditioned_dataset/clips/0438_1535362_clip011_s000/audio.wav,"dawn spring ambient soundscape, Bowra dry woodland, Australia, mild (16C), dry air, moderate wind, no music, no machinery",16.23,30.8,3.1,ok
0439_1535362_clip012_s000,1535362_clip012_s000,1535362,2024-09-24,dawn,spring,train,13.769,resources/site_257_bowra-dry-a/mvp1_all_conditioned_dataset/clips/0439_1535362_clip012_s000/audio.wav,"dawn spring ambient soundscape, Bowra dry woodland, Australia, mild (16C), dry air, moderate wind, no music, no machinery",16.23,30.8,3.1,ok
0440_1535362_clip012_s001,1535362_clip012_s001,1535362,2024-09-24,dawn,spring,val,10.379,resources/site_257_bowra-dry-a/mvp1_all_conditioned_dataset/clips/0440_1535362_clip012_s001/audio.wav,"dawn spring ambient soundscape, Bowra dry woodland, Australia, mild (16C), dry air, moderate wind, no music, no machinery",16.23,30.8,3.1,ok
0441_1535362_clip012_s002,1535362_clip012_s002,1535362,2024-09-24,dawn,spring,train,10.495,resources/site_257_bowra-dry-a/mvp1_all_conditioned_dataset/clips/0441_1535362_clip012_s002/audio.wav,"dawn spring ambient soundscape, Bowra dry woodland, Australia, mild (16C), dry air, moderate wind, no music, no machinery",16.23,30.8,3.1,ok
0442_1535362_clip014_s000,1535362_clip014_s000,1535362,2024-09-24,dawn,spring,train,14.466,resources/site_257_bowra-dry-a/mvp1_all_conditioned_dataset/clips/0442_1535362_clip014_s000/audio.wav,"dawn spring ambient soundscape, Bowra dry woodland, Australia, mild (16C), dry air, moderate wind, no music, no machinery",16.23,30.8,3.1,ok
0443_1535362_clip016_s000,1535362_clip016_s000,1535362,2024-09-24,dawn,spring,train,11.842,resources/site_257_bowra-dry-a/mvp1_all_conditioned_dataset/clips/0443_1535362_clip016_s000/audio.wav,"dawn spring ambient soundscape, Bowra dry woodland, Australia, mild (16C), dry air, moderate wind, no music, no machinery",16.23,30.8,3.1,ok
0444_1535362_clip020_s000,1535362_clip020_s000,1535362,2024-09-24,dawn,spring,train,14.35,resources/site_257_bowra-dry-a/mvp1_all_conditioned_dataset/clips/0444_1535362_clip020_s000/audio.wav,"dawn spring ambient soundscape, Bowra dry woodland, Australia, mild (16C), dry air, moderate wind, no music, no machinery",16.23,30.8,3.1,ok
0445_1535362_clip020_s001,1535362_clip020_s001,1535362,2024-09-24,dawn,spring,train,12.748,resources/site_257_bowra-dry-a/mvp1_all_conditioned_dataset/clips/0445_1535362_clip020_s001/audio.wav,"dawn spring ambient soundscape, Bowra dry woodland, Australia, mild (16C), dry air, moderate wind, no music, no machinery",16.23,30.8,3.1,ok
0446_1535362_clip021_s000,1535362_clip021_s000,1535362,2024-09-24,dawn,spring,val,11.935,resources/site_257_bowra-dry-a/mvp1_all_conditioned_dataset/clips/0446_1535362_clip021_s000/audio.wav,"dawn spring ambient soundscape, Bowra dry woodland, Australia, mild (16C), dry air, moderate wind, no music, no machinery",16.23,30.8,3.1,ok
0447_1678484_clip004_s000,1678484_clip004_s000,1678484,2024-10-14,dawn,spring,train,10.31,resources/site_257_bowra-dry-a/mvp1_all_conditioned_dataset/clips/0447_1678484_clip004_s000/audio.wav,"dawn spring ambient soundscape, Bowra dry woodland, Australia, mild (21C), moderate humidity, moderate wind, no music, no machinery",20.56,69.75,2.8,ok
0448_1678484_clip005_s000,1678484_clip005_s000,1678484,2024-10-14,dawn,spring,train,11.842,resources/site_257_bowra-dry-a/mvp1_all_conditioned_dataset/clips/0448_1678484_clip005_s000/audio.wav,"dawn spring ambient soundscape, Bowra dry woodland, Australia, mild (21C), moderate humidity, moderate wind, no music, no machinery",20.56,69.75,2.8,ok
0449_1678484_clip005_s001,1678484_clip005_s001,1678484,2024-10-14,dawn,spring,train,17.694,resources/site_257_bowra-dry-a/mvp1_all_conditioned_dataset/clips/0449_1678484_clip005_s001/audio.wav,"dawn spring ambient soundscape, Bowra dry woodland, Australia, mild (21C), moderate humidity, moderate wind, no music, no machinery",20.56,69.75,2.8,ok
0450_1678484_clip008_s000,1678484_clip008_s000,1678484,2024-10-14,dawn,spring,train,12.887,resources/site_257_bowra-dry-a/mvp1_all_conditioned_dataset/clips/0450_1678484_clip008_s000/audio.wav,"dawn spring ambient soundscape, Bowra dry woodland, Australia, mild (21C), moderate humidity, moderate wind, no music, no machinery",20.56,69.75,2.8,ok
0451_1678484_clip016_s000,1678484_clip016_s000,1678484,2024-10-14,dawn,spring,train,12.19,resources/site_257_bowra-dry-a/mvp1_all_conditioned_dataset/clips/0451_1678484_clip016_s000/audio.wav,"dawn spring ambient soundscape, Bowra dry woodland, Australia, mild (21C), moderate humidity, moderate wind, no music, no machinery",20.56,69.75,2.8,ok
0452_1678484_clip017_s000,1678484_clip017_s000,1678484,2024-10-14,dawn,spring,val,13.468,resources/site_257_bowra-dry-a/mvp1_all_conditioned_dataset/clips/0452_1678484_clip017_s000/audio.wav,"dawn spring ambient soundscape, Bowra dry woodland, Australia, mild (21C), moderate humidity, moderate wind, no music, no machinery",20.56,69.75,2.8,ok
0453_1678484_clip018_s000,1678484_clip018_s000,1678484,2024-10-14,dawn,spring,train,10.797,resources/site_257_bowra-dry-a/mvp1_all_conditioned_dataset/clips/0453_1678484_clip018_s000/audio.wav,"dawn spring ambient soundscape, Bowra dry woodland, Australia, mild (21C), moderate humidity, moderate wind, no music, no machinery",20.56,69.75,2.8,ok
0454_1678484_clip020_s000,1678484_clip020_s000,1678484,2024-10-14,dawn,spring,train,18.506,resources/site_257_bowra-dry-a/mvp1_all_conditioned_dataset/clips/0454_1678484_clip020_s000/audio.wav,"dawn spring ambient soundscape, Bowra dry woodland, Australia, mild (21C), moderate humidity, moderate wind, no music, no machinery",20.56,69.75,2.8,ok
0455_1677090_clip003_s000,1677090_clip003_s000,1677090,2024-10-26,dawn,spring,val,10.96,resources/site_257_bowra-dry-a/mvp1_all_conditioned_dataset/clips/0455_1677090_clip003_s000/audio.wav,"dawn spring ambient soundscape, Bowra dry woodland, Australia, cold (14C), moderate humidity, moderate wind, no music, no machinery",13.81,49.1,2.98,ok
0456_1677090_clip014_s000,1677090_clip014_s000,1677090,2024-10-26,dawn,spring,train,12.817,resources/site_257_bowra-dry-a/mvp1_all_conditioned_dataset/clips/0456_1677090_clip014_s000/audio.wav,"dawn spring ambient soundscape, Bowra dry woodland, Australia, cold (14C), moderate humidity, moderate wind, no music, no machinery",13.81,49.1,2.98,ok
0457_1682477_clip017_s000,1682477_clip017_s000,1682477,2024-11-10,dawn,spring,train,10.24,resources/site_257_bowra-dry-a/mvp1_all_conditioned_dataset/clips/0457_1682477_clip017_s000/audio.wav,"dawn spring ambient soundscape, Bowra dry woodland, Australia, mild (22C), dry air, moderate wind, no music, no machinery",21.71,24.92,3.57,ok
0458_1682477_clip023_s000,1682477_clip023_s000,1682477,2024-11-10,dawn,spring,train,11.773,resources/site_257_bowra-dry-a/mvp1_all_conditioned_dataset/clips/0458_1682477_clip023_s000/audio.wav,"dawn spring ambient soundscape, Bowra dry woodland, Australia, mild (22C), dry air, moderate wind, no music, no machinery",21.71,24.92,3.57,ok
0459_1682477_clip024_s000,1682477_clip024_s000,1682477,2024-11-10,dawn,spring,train,11.517,resources/site_257_bowra-dry-a/mvp1_all_conditioned_dataset/clips/0459_1682477_clip024_s000/audio.wav,"dawn spring ambient soundscape, Bowra dry woodland, Australia, mild (22C), dry air, moderate wind, no music, no machinery",21.71,24.92,3.57,ok
0460_1668454_clip005_s000,1668454_clip005_s000,1668454,2024-11-21,dawn,spring,train,11.238,resources/site_257_bowra-dry-a/mvp1_all_conditioned_dataset/clips/0460_1668454_clip005_s000/audio.wav,"dawn spring ambient soundscape, Bowra dry woodland, Australia, mild (20C), humid air, moderate wind, no music, no machinery",20.22,73.59,4.43,ok
0461_1668454_clip013_s000,1668454_clip013_s000,1668454,2024-11-21,dawn,spring,val,10.147,resources/site_257_bowra-dry-a/mvp1_all_conditioned_dataset/clips/0461_1668454_clip013_s000/audio.wav,"dawn spring ambient soundscape, Bowra dry woodland, Australia, mild (20C), humid air, moderate wind, no music, no machinery",20.22,73.59,4.43,ok
0462_1668454_clip019_s000,1668454_clip019_s000,1668454,2024-11-21,dawn,spring,train,12.957,resources/site_257_bowra-dry-a/mvp1_all_conditioned_dataset/clips/0462_1668454_clip019_s000/audio.wav,"dawn spring ambient soundscape, Bowra dry woodland, Australia, mild (20C), humid air, moderate wind, no music, no machinery",20.22,73.59,4.43,ok
0463_1668454_clip021_s000,1668454_clip021_s000,1668454,2024-11-21,dawn,spring,train,11.308,resources/site_257_bowra-dry-a/mvp1_all_conditioned_dataset/clips/0463_1668454_clip021_s000/audio.wav,"dawn spring ambient soundscape, Bowra dry woodland, Australia, mild (20C), humid air, moderate wind, no music, no machinery",20.22,73.59,4.43,ok
0464_1668454_clip022_s000,1668454_clip022_s000,1668454,2024-11-21,dawn,spring,train,10.379,resources/site_257_bowra-dry-a/mvp1_all_conditioned_dataset/clips/0464_1668454_clip022_s000/audio.wav,"dawn spring ambient soundscape, Bowra dry woodland, Australia, mild (20C), humid air, moderate wind, no music, no machinery",20.22,73.59,4.43,ok
0465_5425_clip005_s000,5425_clip005_s000,5425,2019-09-23,morning,spring,train,11.656,resources/site_257_bowra-dry-a/mvp1_all_conditioned_dataset/clips/0465_5425_clip005_s000/audio.wav,"morning spring ambient soundscape, Bowra dry woodland, Australia, mild (16C), dry air, moderate wind, no music, no machinery",16.39,29.25,4.1,ok
0466_5425_clip005_s001,5425_clip005_s001,5425,2019-09-23,morning,spring,train,10.008,resources/site_257_bowra-dry-a/mvp1_all_conditioned_dataset/clips/0466_5425_clip005_s001/audio.wav,"morning spring ambient soundscape, Bowra dry woodland, Australia, mild (16C), dry air, moderate wind, no music, no machinery",16.39,29.25,4.1,ok
0467_5425_clip018_s000,5425_clip018_s000,5425,2019-09-23,morning,spring,train,12.353,resources/site_257_bowra-dry-a/mvp1_all_conditioned_dataset/clips/0467_5425_clip018_s000/audio.wav,"morning spring ambient soundscape, Bowra dry woodland, Australia, mild (16C), dry air, moderate wind, no music, no machinery",16.39,29.25,4.1,ok
0468_5425_clip023_s000,5425_clip023_s000,5425,2019-09-23,morning,spring,train,11.099,resources/site_257_bowra-dry-a/mvp1_all_conditioned_dataset/clips/0468_5425_clip023_s000/audio.wav,"morning spring ambient soundscape, Bowra dry woodland, Australia, mild (16C), dry air, moderate wind, no music, no machinery",16.39,29.25,4.1,ok
0469_4887_clip001_s000,4887_clip001_s000,4887,2019-10-04,morning,spring,train,11.146,resources/site_257_bowra-dry-a/mvp1_all_conditioned_dataset/clips/0469_4887_clip001_s000/audio.wav,"morning spring ambient soundscape, Bowra dry woodland, Australia, warm (25C), dry air, moderate wind, no music, no machinery",25.09,22.02,2.53,ok
0470_4887_clip002_s000,4887_clip002_s000,4887,2019-10-04,morning,spring,train,11.029,resources/site_257_bowra-dry-a/mvp1_all_conditioned_dataset/clips/0470_4887_clip002_s000/audio.wav,"morning spring ambient soundscape, Bowra dry woodland, Australia, warm (25C), dry air, moderate wind, no music, no machinery",25.09,22.02,2.53,ok
0471_4887_clip002_s001,4887_clip002_s001,4887,2019-10-04,morning,spring,train,13.653,resources/site_257_bowra-dry-a/mvp1_all_conditioned_dataset/clips/0471_4887_clip002_s001/audio.wav,"morning spring ambient soundscape, Bowra dry woodland, Australia, warm (25C), dry air, moderate wind, no music, no machinery",25.09,22.02,2.53,ok
0472_4887_clip003_s000,4887_clip003_s000,4887,2019-10-04,morning,spring,train,10.124,resources/site_257_bowra-dry-a/mvp1_all_conditioned_dataset/clips/0472_4887_clip003_s000/audio.wav,"morning spring ambient soundscape, Bowra dry woodland, Australia, warm (25C), dry air, moderate wind, no music, no machinery",25.09,22.02,2.53,ok
0473_4887_clip004_s000,4887_clip004_s000,4887,2019-10-04,morning,spring,train,10.124,resources/site_257_bowra-dry-a/mvp1_all_conditioned_dataset/clips/0473_4887_clip004_s000/audio.wav,"morning spring ambient soundscape, Bowra dry woodland, Australia, warm (25C), dry air, moderate wind, no music, no machinery",25.09,22.02,2.53,ok
0474_4887_clip006_s000,4887_clip006_s000,4887,2019-10-04,morning,spring,train,11.54,resources/site_257_bowra-dry-a/mvp1_all_conditioned_dataset/clips/0474_4887_clip006_s000/audio.wav,"morning spring ambient soundscape, Bowra dry woodland, Australia, warm (25C), dry air, moderate wind, no music, no machinery",25.09,22.02,2.53,ok
0475_4887_clip008_s000,4887_clip008_s000,4887,2019-10-04,morning,spring,train,13.723,resources/site_257_bowra-dry-a/mvp1_all_conditioned_dataset/clips/0475_4887_clip008_s000/audio.wav,"morning spring ambient soundscape, Bowra dry woodland, Australia, warm (25C), dry air, moderate wind, no music, no machinery",25.09,22.02,2.53,ok
0476_4887_clip008_s001,4887_clip008_s001,4887,2019-10-04,morning,spring,train,10.194,resources/site_257_bowra-dry-a/mvp1_all_conditioned_dataset/clips/0476_4887_clip008_s001/audio.wav,"morning spring ambient soundscape, Bowra dry woodland, Australia, warm (25C), dry air, moderate wind, no music, no machinery",25.09,22.02,2.53,ok
0477_4887_clip009_s000,4887_clip009_s000,4887,2019-10-04,morning,spring,train,10.844,resources/site_257_bowra-dry-a/mvp1_all_conditioned_dataset/clips/0477_4887_clip009_s000/audio.wav,"morning spring ambient soundscape, Bowra dry woodland, Australia, warm (25C), dry air, moderate wind, no music, no machinery",25.09,22.02,2.53,ok
0478_4887_clip009_s001,4887_clip009_s001,4887,2019-10-04,morning,spring,train,10.101,resources/site_257_bowra-dry-a/mvp1_all_conditioned_dataset/clips/0478_4887_clip009_s001/audio.wav,"morning spring ambient soundscape, Bowra dry woodland, Australia, warm (25C), dry air, moderate wind, no music, no machinery",25.09,22.02,2.53,ok
0479_4887_clip011_s000,4887_clip011_s000,4887,2019-10-04,morning,spring,train,11.865,resources/site_257_bowra-dry-a/mvp1_all_conditioned_dataset/clips/0479_4887_clip011_s000/audio.wav,"morning spring ambient soundscape, Bowra dry woodland, Australia, warm (25C), dry air, moderate wind, no music, no machinery",25.09,22.02,2.53,ok
0480_4887_clip012_s000,4887_clip012_s000,4887,2019-10-04,morning,spring,train,10.565,resources/site_257_bowra-dry-a/mvp1_all_conditioned_dataset/clips/0480_4887_clip012_s000/audio.wav,"morning spring ambient soundscape, Bowra dry woodland, Australia, warm (25C), dry air, moderate wind, no music, no machinery",25.09,22.02,2.53,ok
0481_4887_clip013_s000,4887_clip013_s000,4887,2019-10-04,morning,spring,train,10.031,resources/site_257_bowra-dry-a/mvp1_all_conditioned_dataset/clips/0481_4887_clip013_s000/audio.wav,"morning spring ambient soundscape, Bowra dry woodland, Australia, warm (25C), dry air, moderate wind, no music, no machinery",25.09,22.02,2.53,ok
0482_4887_clip013_s001,4887_clip013_s001,4887,2019-10-04,morning,spring,train,10.124,resources/site_257_bowra-dry-a/mvp1_all_conditioned_dataset/clips/0482_4887_clip013_s001/audio.wav,"morning spring ambient soundscape, Bowra dry woodland, Australia, warm (25C), dry air, moderate wind, no music, no machinery",25.09,22.02,2.53,ok
0483_4887_clip019_s000,4887_clip019_s000,4887,2019-10-04,morning,spring,train,10.495,resources/site_257_bowra-dry-a/mvp1_all_conditioned_dataset/clips/0483_4887_clip019_s000/audio.wav,"morning spring ambient soundscape, Bowra dry woodland, Australia, warm (25C), dry air, moderate wind, no music, no machinery",25.09,22.02,2.53,ok
0484_4887_clip019_s001,4887_clip019_s001,4887,2019-10-04,morning,spring,train,12.678,resources/site_257_bowra-dry-a/mvp1_all_conditioned_dataset/clips/0484_4887_clip019_s001/audio.wav,"morning spring ambient soundscape, Bowra dry woodland, Australia, warm (25C), dry air, moderate wind, no music, no machinery",25.09,22.02,2.53,ok
0485_4887_clip019_s002,4887_clip019_s002,4887,2019-10-04,morning,spring,train,10.681,resources/site_257_bowra-dry-a/mvp1_all_conditioned_dataset/clips/0485_4887_clip019_s002/audio.wav,"morning spring ambient soundscape, Bowra dry woodland, Australia, warm (25C), dry air, moderate wind, no music, no machinery",25.09,22.02,2.53,ok
0486_4887_clip021_s000,4887_clip021_s000,4887,2019-10-04,morning,spring,train,13.026,resources/site_257_bowra-dry-a/mvp1_all_conditioned_dataset/clips/0486_4887_clip021_s000/audio.wav,"morning spring ambient soundscape, Bowra dry woodland, Australia, warm (25C), dry air, moderate wind, no music, no machinery",25.09,22.02,2.53,ok
0487_4887_clip023_s000,4887_clip023_s000,4887,2019-10-04,morning,spring,train,10.24,resources/site_257_bowra-dry-a/mvp1_all_conditioned_dataset/clips/0487_4887_clip023_s000/audio.wav,"morning spring ambient soundscape, Bowra dry woodland, Australia, warm (25C), dry air, moderate wind, no music, no machinery",25.09,22.02,2.53,ok
0488_214510_clip010_s000,214510_clip010_s000,214510,2019-10-22,morning,spring,train,10.24,resources/site_257_bowra-dry-a/mvp1_all_conditioned_dataset/clips/0488_214510_clip010_s000/audio.wav,"morning spring ambient soundscape, Bowra dry woodland, Australia, mild (24C), dry air, moderate wind, no music, no machinery",24.42,24.73,3.37,ok
0489_214510_clip013_s000,214510_clip013_s000,214510,2019-10-22,morning,spring,train,10.751,resources/site_257_bowra-dry-a/mvp1_all_conditioned_dataset/clips/0489_214510_clip013_s000/audio.wav,"morning spring ambient soundscape, Bowra dry woodland, Australia, mild (24C), dry air, moderate wind, no music, no machinery",24.42,24.73,3.37,ok
0490_214510_clip016_s000,214510_clip016_s000,214510,2019-10-22,morning,spring,train,11.726,resources/site_257_bowra-dry-a/mvp1_all_conditioned_dataset/clips/0490_214510_clip016_s000/audio.wav,"morning spring ambient soundscape, Bowra dry woodland, Australia, mild (24C), dry air, moderate wind, no music, no machinery",24.42,24.73,3.37,ok
0491_214510_clip018_s000,214510_clip018_s000,214510,2019-10-22,morning,spring,val,10.031,resources/site_257_bowra-dry-a/mvp1_all_conditioned_dataset/clips/0491_214510_clip018_s000/audio.wav,"morning spring ambient soundscape, Bowra dry woodland, Australia, mild (24C), dry air, moderate wind, no music, no machinery",24.42,24.73,3.37,ok
0492_214510_clip018_s001,214510_clip018_s001,214510,2019-10-22,morning,spring,train,10.17,resources/site_257_bowra-dry-a/mvp1_all_conditioned_dataset/clips/0492_214510_clip018_s001/audio.wav,"morning spring ambient soundscape, Bowra dry woodland, Australia, mild (24C), dry air, moderate wind, no music, no machinery",24.42,24.73,3.37,ok
0493_214510_clip019_s000,214510_clip019_s000,214510,2019-10-22,morning,spring,train,13.05,resources/site_257_bowra-dry-a/mvp1_all_conditioned_dataset/clips/0493_214510_clip019_s000/audio.wav,"morning spring ambient soundscape, Bowra dry woodland, Australia, mild (24C), dry air, moderate wind, no music, no machinery",24.42,24.73,3.37,ok
0494_214510_clip019_s001,214510_clip019_s001,214510,2019-10-22,morning,spring,train,11.215,resources/site_257_bowra-dry-a/mvp1_all_conditioned_dataset/clips/0494_214510_clip019_s001/audio.wav,"morning spring ambient soundscape, Bowra dry woodland, Australia, mild (24C), dry air, moderate wind, no music, no machinery",24.42,24.73,3.37,ok
0495_214510_clip020_s000,214510_clip020_s000,214510,2019-10-22,morning,spring,train,14.675,resources/site_257_bowra-dry-a/mvp1_all_conditioned_dataset/clips/0495_214510_clip020_s000/audio.wav,"morning spring ambient soundscape, Bowra dry woodland, Australia, mild (24C), dry air, moderate wind, no music, no machinery",24.42,24.73,3.37,ok
0496_214510_clip021_s000,214510_clip021_s000,214510,2019-10-22,morning,spring,train,10.658,resources/site_257_bowra-dry-a/mvp1_all_conditioned_dataset/clips/0496_214510_clip021_s000/audio.wav,"morning spring ambient soundscape, Bowra dry woodland, Australia, mild (24C), dry air, moderate wind, no music, no machinery",24.42,24.73,3.37,ok
0497_214510_clip022_s000,214510_clip022_s000,214510,2019-10-22,morning,spring,train,16.022,resources/site_257_bowra-dry-a/mvp1_all_conditioned_dataset/clips/0497_214510_clip022_s000/audio.wav,"morning spring ambient soundscape, Bowra dry woodland, Australia, mild (24C), dry air, moderate wind, no music, no machinery",24.42,24.73,3.37,ok
0498_214510_clip024_s000,214510_clip024_s000,214510,2019-10-22,morning,spring,train,12.376,resources/site_257_bowra-dry-a/mvp1_all_conditioned_dataset/clips/0498_214510_clip024_s000/audio.wav,"morning spring ambient soundscape, Bowra dry woodland, Australia, mild (24C), dry air, moderate wind, no music, no machinery",24.42,24.73,3.37,ok
0499_214836_clip017_s000,214836_clip017_s000,214836,2019-11-18,morning,spring,val,10.588,resources/site_257_bowra-dry-a/mvp1_all_conditioned_dataset/clips/0499_214836_clip017_s000/audio.wav,"morning spring ambient soundscape, Bowra dry woodland, Australia, mild (24C), dry air, moderate wind, no music, no machinery",23.85,18.16,2.65,ok
0500_445580_clip011_s000,445580_clip011_s000,445580,2020-09-04,morning,spring,train,14.095,resources/site_257_bowra-dry-a/mvp1_all_conditioned_dataset/clips/0500_445580_clip011_s000/audio.wav,"morning spring ambient soundscape, Bowra dry woodland, Australia, mild (19C), moderate humidity, light breeze, no music, no machinery",18.86,48.85,1.74,ok
0501_445580_clip012_s000,445580_clip012_s000,445580,2020-09-04,morning,spring,train,10.008,resources/site_257_bowra-dry-a/mvp1_all_conditioned_dataset/clips/0501_445580_clip012_s000/audio.wav,"morning spring ambient soundscape, Bowra dry woodland, Australia, mild (19C), moderate humidity, light breeze, no music, no machinery",18.86,48.85,1.74,ok
0502_445580_clip013_s000,445580_clip013_s000,445580,2020-09-04,morning,spring,train,12.748,resources/site_257_bowra-dry-a/mvp1_all_conditioned_dataset/clips/0502_445580_clip013_s000/audio.wav,"morning spring ambient soundscape, Bowra dry woodland, Australia, mild (19C), moderate humidity, light breeze, no music, no machinery",18.86,48.85,1.74,ok
0503_445580_clip014_s000,445580_clip014_s000,445580,2020-09-04,morning,spring,train,10.867,resources/site_257_bowra-dry-a/mvp1_all_conditioned_dataset/clips/0503_445580_clip014_s000/audio.wav,"morning spring ambient soundscape, Bowra dry woodland, Australia, mild (19C), moderate humidity, light breeze, no music, no machinery",18.86,48.85,1.74,ok
0504_445580_clip016_s000,445580_clip016_s000,445580,2020-09-04,morning,spring,val,13.468,resources/site_257_bowra-dry-a/mvp1_all_conditioned_dataset/clips/0504_445580_clip016_s000/audio.wav,"morning spring ambient soundscape, Bowra dry woodland, Australia, mild (19C), moderate humidity, light breeze, no music, no machinery",18.86,48.85,1.74,ok
0505_445580_clip019_s000,445580_clip019_s000,445580,2020-09-04,morning,spring,train,11.494,resources/site_257_bowra-dry-a/mvp1_all_conditioned_dataset/clips/0505_445580_clip019_s000/audio.wav,"morning spring ambient soundscape, Bowra dry woodland, Australia, mild (19C), moderate humidity, light breeze, no music, no machinery",18.86,48.85,1.74,ok
0506_1399606_clip014_s000,1399606_clip014_s000,1399606,2023-09-12,morning,spring,train,10.286,resources/site_257_bowra-dry-a/mvp1_all_conditioned_dataset/clips/0506_1399606_clip014_s000/audio.wav,"morning spring ambient soundscape, Bowra dry woodland, Australia, cold (14C), dry air, moderate wind, no music, no machinery",14.04,35.22,2.38,ok
0507_1399606_clip014_s001,1399606_clip014_s001,1399606,2023-09-12,morning,spring,train,13.142,resources/site_257_bowra-dry-a/mvp1_all_conditioned_dataset/clips/0507_1399606_clip014_s001/audio.wav,"morning spring ambient soundscape, Bowra dry woodland, Australia, cold (14C), dry air, moderate wind, no music, no machinery",14.04,35.22,2.38,ok
0508_1399606_clip022_s000,1399606_clip022_s000,1399606,2023-09-12,morning,spring,val,11.053,resources/site_257_bowra-dry-a/mvp1_all_conditioned_dataset/clips/0508_1399606_clip022_s000/audio.wav,"morning spring ambient soundscape, Bowra dry woodland, Australia, cold (14C), dry air, moderate wind, no music, no machinery",14.04,35.22,2.38,ok
0509_1400016_clip014_s000,1400016_clip014_s000,1400016,2023-09-28,morning,spring,train,10.658,resources/site_257_bowra-dry-a/mvp1_all_conditioned_dataset/clips/0509_1400016_clip014_s000/audio.wav,"morning spring ambient soundscape, Bowra dry woodland, Australia, mild (20C), dry air, moderate wind, no music, no machinery",19.7,30.41,3.91,ok
0510_1401564_clip017_s000,1401564_clip017_s000,1401564,2023-10-23,morning,spring,train,10.844,resources/site_257_bowra-dry-a/mvp1_all_conditioned_dataset/clips/0510_1401564_clip017_s000/audio.wav,"morning spring ambient soundscape, Bowra dry woodland, Australia, mild (21C), dry air, moderate wind, no music, no machinery",21.26,31.83,2.7,ok
0511_1401564_clip018_s000,1401564_clip018_s000,1401564,2023-10-23,morning,spring,train,11.262,resources/site_257_bowra-dry-a/mvp1_all_conditioned_dataset/clips/0511_1401564_clip018_s000/audio.wav,"morning spring ambient soundscape, Bowra dry woodland, Australia, mild (21C), dry air, moderate wind, no music, no machinery",21.26,31.83,2.7,ok
0512_1401100_clip001_s000,1401100_clip001_s000,1401100,2023-11-03,morning,spring,val,10.356,resources/site_257_bowra-dry-a/mvp1_all_conditioned_dataset/clips/0512_1401100_clip001_s000/audio.wav,"morning spring ambient soundscape, Bowra dry woodland, Australia, warm (29C), dry air, moderate wind, no music, no machinery",29.04,15.2,2.63,ok
0513_1401603_clip003_s000,1401603_clip003_s000,1401603,2023-11-21,morning,spring,train,10.844,resources/site_257_bowra-dry-a/mvp1_all_conditioned_dataset/clips/0513_1401603_clip003_s000/audio.wav,"morning spring ambient soundscape, Bowra dry woodland, Australia, warm (27C), moderate humidity, moderate wind, no music, no machinery",27.17,45.73,2.14,ok
0514_1401603_clip017_s000,1401603_clip017_s000,1401603,2023-11-21,morning,spring,train,10.217,resources/site_257_bowra-dry-a/mvp1_all_conditioned_dataset/clips/0514_1401603_clip017_s000/audio.wav,"morning spring ambient soundscape, Bowra dry woodland, Australia, warm (27C), moderate humidity, moderate wind, no music, no machinery",27.17,45.73,2.14,ok
0515_1401603_clip018_s000,1401603_clip018_s000,1401603,2023-11-21,morning,spring,train,10.286,resources/site_257_bowra-dry-a/mvp1_all_conditioned_dataset/clips/0515_1401603_clip018_s000/audio.wav,"morning spring ambient soundscape, Bowra dry woodland, Australia, warm (27C), moderate humidity, moderate wind, no music, no machinery",27.17,45.73,2.14,ok
0516_1536675_clip001_s000,1536675_clip001_s000,1536675,2024-09-24,morning,spring,train,11.215,resources/site_257_bowra-dry-a/mvp1_all_conditioned_dataset/clips/0516_1536675_clip001_s000/audio.wav,"morning spring ambient soundscape, Bowra dry woodland, Australia, mild (19C), dry air, moderate wind, no music, no machinery",19.09,25.52,3.93,ok
0517_1536675_clip002_s000,1536675_clip002_s000,1536675,2024-09-24,morning,spring,train,10.194,resources/site_257_bowra-dry-a/mvp1_all_conditioned_dataset/clips/0517_1536675_clip002_s000/audio.wav,"morning spring ambient soundscape, Bowra dry woodland, Australia, mild (19C), dry air, moderate wind, no music, no machinery",19.09,25.52,3.93,ok
0518_1536675_clip002_s001,1536675_clip002_s001,1536675,2024-09-24,morning,spring,train,10.077,resources/site_257_bowra-dry-a/mvp1_all_conditioned_dataset/clips/0518_1536675_clip002_s001/audio.wav,"morning spring ambient soundscape, Bowra dry woodland, Australia, mild (19C), dry air, moderate wind, no music, no machinery",19.09,25.52,3.93,ok
0519_1536675_clip003_s000,1536675_clip003_s000,1536675,2024-09-24,morning,spring,train,10.797,resources/site_257_bowra-dry-a/mvp1_all_conditioned_dataset/clips/0519_1536675_clip003_s000/audio.wav,"morning spring ambient soundscape, Bowra dry woodland, Australia, mild (19C), dry air, moderate wind, no music, no machinery",19.09,25.52,3.93,ok
0520_1536675_clip004_s000,1536675_clip004_s000,1536675,2024-09-24,morning,spring,val,10.31,resources/site_257_bowra-dry-a/mvp1_all_conditioned_dataset/clips/0520_1536675_clip004_s000/audio.wav,"morning spring ambient soundscape, Bowra dry woodland, Australia, mild (19C), dry air, moderate wind, no music, no machinery",19.09,25.52,3.93,ok
0521_1536675_clip006_s000,1536675_clip006_s000,1536675,2024-09-24,morning,spring,train,11.54,resources/site_257_bowra-dry-a/mvp1_all_conditioned_dataset/clips/0521_1536675_clip006_s000/audio.wav,"morning spring ambient soundscape, Bowra dry woodland, Australia, mild (19C), dry air, moderate wind, no music, no machinery",19.09,25.52,3.93,ok
0522_1536675_clip007_s000,1536675_clip007_s000,1536675,2024-09-24,morning,spring,train,10.797,resources/site_257_bowra-dry-a/mvp1_all_conditioned_dataset/clips/0522_1536675_clip007_s000/audio.wav,"morning spring ambient soundscape, Bowra dry woodland, Australia, mild (19C), dry air, moderate wind, no music, no machinery",19.09,25.52,3.93,ok
0523_1536675_clip007_s001,1536675_clip007_s001,1536675,2024-09-24,morning,spring,train,11.192,resources/site_257_bowra-dry-a/mvp1_all_conditioned_dataset/clips/0523_1536675_clip007_s001/audio.wav,"morning spring ambient soundscape, Bowra dry woodland, Australia, mild (19C), dry air, moderate wind, no music, no machinery",19.09,25.52,3.93,ok
0524_1536675_clip009_s000,1536675_clip009_s000,1536675,2024-09-24,morning,spring,train,10.263,resources/site_257_bowra-dry-a/mvp1_all_conditioned_dataset/clips/0524_1536675_clip009_s000/audio.wav,"morning spring ambient soundscape, Bowra dry woodland, Australia, mild (19C), dry air, moderate wind, no music, no machinery",19.09,25.52,3.93,ok
0525_1536675_clip009_s001,1536675_clip009_s001,1536675,2024-09-24,morning,spring,train,13.56,resources/site_257_bowra-dry-a/mvp1_all_conditioned_dataset/clips/0525_1536675_clip009_s001/audio.wav,"morning spring ambient soundscape, Bowra dry woodland, Australia, mild (19C), dry air, moderate wind, no music, no machinery",19.09,25.52,3.93,ok
0526_1536675_clip011_s000,1536675_clip011_s000,1536675,2024-09-24,morning,spring,train,12.864,resources/site_257_bowra-dry-a/mvp1_all_conditioned_dataset/clips/0526_1536675_clip011_s000/audio.wav,"morning spring ambient soundscape, Bowra dry woodland, Australia, mild (19C), dry air, moderate wind, no music, no machinery",19.09,25.52,3.93,ok
0527_1536675_clip011_s001,1536675_clip011_s001,1536675,2024-09-24,morning,spring,train,12.632,resources/site_257_bowra-dry-a/mvp1_all_conditioned_dataset/clips/0527_1536675_clip011_s001/audio.wav,"morning spring ambient soundscape, Bowra dry woodland, Australia, mild (19C), dry air, moderate wind, no music, no machinery",19.09,25.52,3.93,ok
0528_1536675_clip013_s000,1536675_clip013_s000,1536675,2024-09-24,morning,spring,train,11.773,resources/site_257_bowra-dry-a/mvp1_all_conditioned_dataset/clips/0528_1536675_clip013_s000/audio.wav,"morning spring ambient soundscape, Bowra dry woodland, Australia, mild (19C), dry air, moderate wind, no music, no machinery",19.09,25.52,3.93,ok
0529_1536675_clip013_s001,1536675_clip013_s001,1536675,2024-09-24,morning,spring,train,13.7,resources/site_257_bowra-dry-a/mvp1_all_conditioned_dataset/clips/0529_1536675_clip013_s001/audio.wav,"morning spring ambient soundscape, Bowra dry woodland, Australia, mild (19C), dry air, moderate wind, no music, no machinery",19.09,25.52,3.93,ok
0530_1536675_clip014_s000,1536675_clip014_s000,1536675,2024-09-24,morning,spring,val,15.511,resources/site_257_bowra-dry-a/mvp1_all_conditioned_dataset/clips/0530_1536675_clip014_s000/audio.wav,"morning spring ambient soundscape, Bowra dry woodland, Australia, mild (19C), dry air, moderate wind, no music, no machinery",19.09,25.52,3.93,ok
0531_1536675_clip017_s000,1536675_clip017_s000,1536675,2024-09-24,morning,spring,train,12.794,resources/site_257_bowra-dry-a/mvp1_all_conditioned_dataset/clips/0531_1536675_clip017_s000/audio.wav,"morning spring ambient soundscape, Bowra dry woodland, Australia, mild (19C), dry air, moderate wind, no music, no machinery",19.09,25.52,3.93,ok
0532_1536675_clip018_s000,1536675_clip018_s000,1536675,2024-09-24,morning,spring,train,10.24,resources/site_257_bowra-dry-a/mvp1_all_conditioned_dataset/clips/0532_1536675_clip018_s000/audio.wav,"morning spring ambient soundscape, Bowra dry woodland, Australia, mild (19C), dry air, moderate wind, no music, no machinery",19.09,25.52,3.93,ok
0533_1536675_clip020_s000,1536675_clip020_s000,1536675,2024-09-24,morning,spring,train,16.533,resources/site_257_bowra-dry-a/mvp1_all_conditioned_dataset/clips/0533_1536675_clip020_s000/audio.wav,"morning spring ambient soundscape, Bowra dry woodland, Australia, mild (19C), dry air, moderate wind, no music, no machinery",19.09,25.52,3.93,ok
0534_1536675_clip021_s000,1536675_clip021_s000,1536675,2024-09-24,morning,spring,train,12.33,resources/site_257_bowra-dry-a/mvp1_all_conditioned_dataset/clips/0534_1536675_clip021_s000/audio.wav,"morning spring ambient soundscape, Bowra dry woodland, Australia, mild (19C), dry air, moderate wind, no music, no machinery",19.09,25.52,3.93,ok
0535_1536675_clip022_s000,1536675_clip022_s000,1536675,2024-09-24,morning,spring,train,14.512,resources/site_257_bowra-dry-a/mvp1_all_conditioned_dataset/clips/0535_1536675_clip022_s000/audio.wav,"morning spring ambient soundscape, Bowra dry woodland, Australia, mild (19C), dry air, moderate wind, no music, no machinery",19.09,25.52,3.93,ok
0536_1536675_clip022_s001,1536675_clip022_s001,1536675,2024-09-24,morning,spring,val,12.516,resources/site_257_bowra-dry-a/mvp1_all_conditioned_dataset/clips/0536_1536675_clip022_s001/audio.wav,"morning spring ambient soundscape, Bowra dry woodland, Australia, mild (19C), dry air, moderate wind, no music, no machinery",19.09,25.52,3.93,ok
0537_1536675_clip022_s002,1536675_clip022_s002,1536675,2024-09-24,morning,spring,train,11.633,resources/site_257_bowra-dry-a/mvp1_all_conditioned_dataset/clips/0537_1536675_clip022_s002/audio.wav,"morning spring ambient soundscape, Bowra dry woodland, Australia, mild (19C), dry air, moderate wind, no music, no machinery",19.09,25.52,3.93,ok
0538_1536675_clip023_s000,1536675_clip023_s000,1536675,2024-09-24,morning,spring,train,11.773,resources/site_257_bowra-dry-a/mvp1_all_conditioned_dataset/clips/0538_1536675_clip023_s000/audio.wav,"morning spring ambient soundscape, Bowra dry woodland, Australia, mild (19C), dry air, moderate wind, no music, no machinery",19.09,25.52,3.93,ok
0539_1677131_clip001_s000,1677131_clip001_s000,1677131,2024-10-14,morning,spring,train,13.607,resources/site_257_bowra-dry-a/mvp1_all_conditioned_dataset/clips/0539_1677131_clip001_s000/audio.wav,"morning spring ambient soundscape, Bowra dry woodland, Australia, warm (25C), moderate humidity, moderate wind, no music, no machinery",25.47,50.27,3.96,ok
0540_1677131_clip010_s000,1677131_clip010_s000,1677131,2024-10-14,morning,spring,train,14.838,resources/site_257_bowra-dry-a/mvp1_all_conditioned_dataset/clips/0540_1677131_clip010_s000/audio.wav,"morning spring ambient soundscape, Bowra dry woodland, Australia, warm (25C), moderate humidity, moderate wind, no music, no machinery",25.47,50.27,3.96,ok
0541_1677131_clip012_s000,1677131_clip012_s000,1677131,2024-10-14,morning,spring,train,10.333,resources/site_257_bowra-dry-a/mvp1_all_conditioned_dataset/clips/0541_1677131_clip012_s000/audio.wav,"morning spring ambient soundscape, Bowra dry woodland, Australia, warm (25C), moderate humidity, moderate wind, no music, no machinery",25.47,50.27,3.96,ok
0542_1677131_clip012_s001,1677131_clip012_s001,1677131,2024-10-14,morning,spring,train,10.96,resources/site_257_bowra-dry-a/mvp1_all_conditioned_dataset/clips/0542_1677131_clip012_s001/audio.wav,"morning spring ambient soundscape, Bowra dry woodland, Australia, warm (25C), moderate humidity, moderate wind, no music, no machinery",25.47,50.27,3.96,ok
0543_1677131_clip013_s000,1677131_clip013_s000,1677131,2024-10-14,morning,spring,train,10.681,resources/site_257_bowra-dry-a/mvp1_all_conditioned_dataset/clips/0543_1677131_clip013_s000/audio.wav,"morning spring ambient soundscape, Bowra dry woodland, Australia, warm (25C), moderate humidity, moderate wind, no music, no machinery",25.47,50.27,3.96,ok
0544_1677131_clip015_s000,1677131_clip015_s000,1677131,2024-10-14,morning,spring,train,12.91,resources/site_257_bowra-dry-a/mvp1_all_conditioned_dataset/clips/0544_1677131_clip015_s000/audio.wav,"morning spring ambient soundscape, Bowra dry woodland, Australia, warm (25C), moderate humidity, moderate wind, no music, no machinery",25.47,50.27,3.96,ok
0545_1677131_clip016_s000,1677131_clip016_s000,1677131,2024-10-14,morning,spring,train,11.703,resources/site_257_bowra-dry-a/mvp1_all_conditioned_dataset/clips/0545_1677131_clip016_s000/audio.wav,"morning spring ambient soundscape, Bowra dry woodland, Australia, warm (25C), moderate humidity, moderate wind, no music, no machinery",25.47,50.27,3.96,ok
0546_1677131_clip016_s001,1677131_clip016_s001,1677131,2024-10-14,morning,spring,val,12.864,resources/site_257_bowra-dry-a/mvp1_all_conditioned_dataset/clips/0546_1677131_clip016_s001/audio.wav,"morning spring ambient soundscape, Bowra dry woodland, Australia, warm (25C), moderate humidity, moderate wind, no music, no machinery",25.47,50.27,3.96,ok
0547_1677131_clip017_s000,1677131_clip017_s000,1677131,2024-10-14,morning,spring,train,10.031,resources/site_257_bowra-dry-a/mvp1_all_conditioned_dataset/clips/0547_1677131_clip017_s000/audio.wav,"morning spring ambient soundscape, Bowra dry woodland, Australia, warm (25C), moderate humidity, moderate wind, no music, no machinery",25.47,50.27,3.96,ok
0548_1677131_clip018_s000,1677131_clip018_s000,1677131,2024-10-14,morning,spring,train,11.912,resources/site_257_bowra-dry-a/mvp1_all_conditioned_dataset/clips/0548_1677131_clip018_s000/audio.wav,"morning spring ambient soundscape, Bowra dry woodland, Australia, warm (25C), moderate humidity, moderate wind, no music, no machinery",25.47,50.27,3.96,ok
0549_1677131_clip018_s001,1677131_clip018_s001,1677131,2024-10-14,morning,spring,train,11.703,resources/site_257_bowra-dry-a/mvp1_all_conditioned_dataset/clips/0549_1677131_clip018_s001/audio.wav,"morning spring ambient soundscape, Bowra dry woodland, Australia, warm (25C), moderate humidity, moderate wind, no music, no machinery",25.47,50.27,3.96,ok
0550_1677131_clip020_s000,1677131_clip020_s000,1677131,2024-10-14,morning,spring,train,10.217,resources/site_257_bowra-dry-a/mvp1_all_conditioned_dataset/clips/0550_1677131_clip020_s000/audio.wav,"morning spring ambient soundscape, Bowra dry woodland, Australia, warm (25C), moderate humidity, moderate wind, no music, no machinery",25.47,50.27,3.96,ok
0551_1677131_clip024_s000,1677131_clip024_s000,1677131,2024-10-14,morning,spring,train,10.217,resources/site_257_bowra-dry-a/mvp1_all_conditioned_dataset/clips/0551_1677131_clip024_s000/audio.wav,"morning spring ambient soundscape, Bowra dry woodland, Australia, warm (25C), moderate humidity, moderate wind, no music, no machinery",25.47,50.27,3.96,ok
0552_1678750_clip014_s000,1678750_clip014_s000,1678750,2024-10-26,morning,spring,train,13.305,resources/site_257_bowra-dry-a/mvp1_all_conditioned_dataset/clips/0552_1678750_clip014_s000/audio.wav,"morning spring ambient soundscape, Bowra dry woodland, Australia, mild (21C), dry air, moderate wind, no music, no machinery",20.8,28.42,3.68,ok
0553_1678750_clip016_s000,1678750_clip016_s000,1678750,2024-10-26,morning,spring,train,14.28,resources/site_257_bowra-dry-a/mvp1_all_conditioned_dataset/clips/0553_1678750_clip016_s000/audio.wav,"morning spring ambient soundscape, Bowra dry woodland, Australia, mild (21C), dry air, moderate wind, no music, no machinery",20.8,28.42,3.68,ok
0554_1678750_clip017_s000,1678750_clip017_s000,1678750,2024-10-26,morning,spring,train,11.865,resources/site_257_bowra-dry-a/mvp1_all_conditioned_dataset/clips/0554_1678750_clip017_s000/audio.wav,"morning spring ambient soundscape, Bowra dry woodland, Australia, mild (21C), dry air, moderate wind, no music, no machinery",20.8,28.42,3.68,ok
0555_1678750_clip018_s000,1678750_clip018_s000,1678750,2024-10-26,morning,spring,train,11.169,resources/site_257_bowra-dry-a/mvp1_all_conditioned_dataset/clips/0555_1678750_clip018_s000/audio.wav,"morning spring ambient soundscape, Bowra dry woodland, Australia, mild (21C), dry air, moderate wind, no music, no machinery",20.8,28.42,3.68,ok
0556_1678750_clip021_s000,1678750_clip021_s000,1678750,2024-10-26,morning,spring,train,10.17,resources/site_257_bowra-dry-a/mvp1_all_conditioned_dataset/clips/0556_1678750_clip021_s000/audio.wav,"morning spring ambient soundscape, Bowra dry woodland, Australia, mild (21C), dry air, moderate wind, no music, no machinery",20.8,28.42,3.68,ok
0557_1668395_clip020_s000,1668395_clip020_s000,1668395,2024-11-10,morning,spring,train,13.328,resources/site_257_bowra-dry-a/mvp1_all_conditioned_dataset/clips/0557_1668395_clip020_s000/audio.wav,"morning spring ambient soundscape, Bowra dry woodland, Australia, warm (25C), dry air, moderate wind, no music, no machinery",25.36,18.13,4.3,ok
0558_5392_clip001_s000,5392_clip001_s000,5392,2019-09-01,night,spring,train,13.096,resources/site_257_bowra-dry-a/mvp1_all_conditioned_dataset/clips/0558_5392_clip001_s000/audio.wav,"night spring ambient soundscape, Bowra dry woodland, Australia, mild (15C), dry air, light breeze, no music, no machinery",15.03,32.72,1.37,ok
0559_5392_clip001_s001,5392_clip001_s001,5392,2019-09-01,night,spring,train,10.24,resources/site_257_bowra-dry-a/mvp1_all_conditioned_dataset/clips/0559_5392_clip001_s001/audio.wav,"night spring ambient soundscape, Bowra dry woodland, Australia, mild (15C), dry air, light breeze, no music, no machinery",15.03,32.72,1.37,ok
0560_5392_clip002_s000,5392_clip002_s000,5392,2019-09-01,night,spring,train,11.564,resources/site_257_bowra-dry-a/mvp1_all_conditioned_dataset/clips/0560_5392_clip002_s000/audio.wav,"night spring ambient soundscape, Bowra dry woodland, Australia, mild (15C), dry air, light breeze, no music, no machinery",15.03,32.72,1.37,ok
0561_5392_clip002_s001,5392_clip002_s001,5392,2019-09-01,night,spring,train,14.466,resources/site_257_bowra-dry-a/mvp1_all_conditioned_dataset/clips/0561_5392_clip002_s001/audio.wav,"night spring ambient soundscape, Bowra dry woodland, Australia, mild (15C), dry air, light breeze, no music, no machinery",15.03,32.72,1.37,ok
0562_5392_clip002_s002,5392_clip002_s002,5392,2019-09-01,night,spring,train,16.138,resources/site_257_bowra-dry-a/mvp1_all_conditioned_dataset/clips/0562_5392_clip002_s002/audio.wav,"night spring ambient soundscape, Bowra dry woodland, Australia, mild (15C), dry air, light breeze, no music, no machinery",15.03,32.72,1.37,ok
0563_5392_clip002_s003,5392_clip002_s003,5392,2019-09-01,night,spring,train,10.24,resources/site_257_bowra-dry-a/mvp1_all_conditioned_dataset/clips/0563_5392_clip002_s003/audio.wav,"night spring ambient soundscape, Bowra dry woodland, Australia, mild (15C), dry air, light breeze, no music, no machinery",15.03,32.72,1.37,ok
0564_5392_clip003_s000,5392_clip003_s000,5392,2019-09-01,night,spring,train,16.277,resources/site_257_bowra-dry-a/mvp1_all_conditioned_dataset/clips/0564_5392_clip003_s000/audio.wav,"night spring ambient soundscape, Bowra dry woodland, Australia, mild (15C), dry air, light breeze, no music, no machinery",15.03,32.72,1.37,ok
0565_5392_clip003_s001,5392_clip003_s001,5392,2019-09-01,night,spring,train,14.095,resources/site_257_bowra-dry-a/mvp1_all_conditioned_dataset/clips/0565_5392_clip003_s001/audio.wav,"night spring ambient soundscape, Bowra dry woodland, Australia, mild (15C), dry air, light breeze, no music, no machinery",15.03,32.72,1.37,ok
0566_5392_clip003_s002,5392_clip003_s002,5392,2019-09-01,night,spring,train,13.282,resources/site_257_bowra-dry-a/mvp1_all_conditioned_dataset/clips/0566_5392_clip003_s002/audio.wav,"night spring ambient soundscape, Bowra dry woodland, Australia, mild (15C), dry air, light breeze, no music, no machinery",15.03,32.72,1.37,ok
0567_5392_clip003_s003,5392_clip003_s003,5392,2019-09-01,night,spring,train,13.189,resources/site_257_bowra-dry-a/mvp1_all_conditioned_dataset/clips/0567_5392_clip003_s003/audio.wav,"night spring ambient soundscape, Bowra dry woodland, Australia, mild (15C), dry air, light breeze, no music, no machinery",15.03,32.72,1.37,ok
0568_5392_clip003_s004,5392_clip003_s004,5392,2019-09-01,night,spring,train,13.142,resources/site_257_bowra-dry-a/mvp1_all_conditioned_dataset/clips/0568_5392_clip003_s004/audio.wav,"night spring ambient soundscape, Bowra dry woodland, Australia, mild (15C), dry air, light breeze, no music, no machinery",15.03,32.72,1.37,ok
0569_5392_clip004_s000,5392_clip004_s000,5392,2019-09-01,night,spring,train,10.89,resources/site_257_bowra-dry-a/mvp1_all_conditioned_dataset/clips/0569_5392_clip004_s000/audio.wav,"night spring ambient soundscape, Bowra dry woodland, Australia, mild (15C), dry air, light breeze, no music, no machinery",15.03,32.72,1.37,ok
0570_5392_clip005_s000,5392_clip005_s000,5392,2019-09-01,night,spring,train,11.053,resources/site_257_bowra-dry-a/mvp1_all_conditioned_dataset/clips/0570_5392_clip005_s000/audio.wav,"night spring ambient soundscape, Bowra dry woodland, Australia, mild (15C), dry air, light breeze, no music, no machinery",15.03,32.72,1.37,ok
0571_5392_clip005_s001,5392_clip005_s001,5392,2019-09-01,night,spring,val,12.26,resources/site_257_bowra-dry-a/mvp1_all_conditioned_dataset/clips/0571_5392_clip005_s001/audio.wav,"night spring ambient soundscape, Bowra dry woodland, Australia, mild (15C), dry air, light breeze, no music, no machinery",15.03,32.72,1.37,ok
0572_5392_clip005_s002,5392_clip005_s002,5392,2019-09-01,night,spring,train,10.286,resources/site_257_bowra-dry-a/mvp1_all_conditioned_dataset/clips/0572_5392_clip005_s002/audio.wav,"night spring ambient soundscape, Bowra dry woodland, Australia, mild (15C), dry air, light breeze, no music, no machinery",15.03,32.72,1.37,ok
0573_5392_clip006_s000,5392_clip006_s000,5392,2019-09-01,night,spring,train,10.31,resources/site_257_bowra-dry-a/mvp1_all_conditioned_dataset/clips/0573_5392_clip006_s000/audio.wav,"night spring ambient soundscape, Bowra dry woodland, Australia, mild (15C), dry air, light breeze, no music, no machinery",15.03,32.72,1.37,ok
0574_5392_clip007_s000,5392_clip007_s000,5392,2019-09-01,night,spring,train,10.612,resources/site_257_bowra-dry-a/mvp1_all_conditioned_dataset/clips/0574_5392_clip007_s000/audio.wav,"night spring ambient soundscape, Bowra dry woodland, Australia, mild (15C), dry air, light breeze, no music, no machinery",15.03,32.72,1.37,ok
0575_5392_clip007_s001,5392_clip007_s001,5392,2019-09-01,night,spring,train,10.658,resources/site_257_bowra-dry-a/mvp1_all_conditioned_dataset/clips/0575_5392_clip007_s001/audio.wav,"night spring ambient soundscape, Bowra dry woodland, Australia, mild (15C), dry air, light breeze, no music, no machinery",15.03,32.72,1.37,ok
0576_5392_clip007_s002,5392_clip007_s002,5392,2019-09-01,night,spring,train,13.351,resources/site_257_bowra-dry-a/mvp1_all_conditioned_dataset/clips/0576_5392_clip007_s002/audio.wav,"night spring ambient soundscape, Bowra dry woodland, Australia, mild (15C), dry air, light breeze, no music, no machinery",15.03,32.72,1.37,ok
0577_5392_clip007_s003,5392_clip007_s003,5392,2019-09-01,night,spring,train,10.472,resources/site_257_bowra-dry-a/mvp1_all_conditioned_dataset/clips/0577_5392_clip007_s003/audio.wav,"night spring ambient soundscape, Bowra dry woodland, Australia, mild (15C), dry air, light breeze, no music, no machinery",15.03,32.72,1.37,ok
0578_5392_clip008_s000,5392_clip008_s000,5392,2019-09-01,night,spring,train,14.814,resources/site_257_bowra-dry-a/mvp1_all_conditioned_dataset/clips/0578_5392_clip008_s000/audio.wav,"night spring ambient soundscape, Bowra dry woodland, Australia, mild (15C), dry air, light breeze, no music, no machinery",15.03,32.72,1.37,ok
0579_5392_clip008_s001,5392_clip008_s001,5392,2019-09-01,night,spring,val,10.565,resources/site_257_bowra-dry-a/mvp1_all_conditioned_dataset/clips/0579_5392_clip008_s001/audio.wav,"night spring ambient soundscape, Bowra dry woodland, Australia, mild (15C), dry air, light breeze, no music, no machinery",15.03,32.72,1.37,ok
0580_5392_clip009_s000,5392_clip009_s000,5392,2019-09-01,night,spring,train,12.353,resources/site_257_bowra-dry-a/mvp1_all_conditioned_dataset/clips/0580_5392_clip009_s000/audio.wav,"night spring ambient soundscape, Bowra dry woodland, Australia, mild (15C), dry air, light breeze, no music, no machinery",15.03,32.72,1.37,ok
0581_5392_clip009_s001,5392_clip009_s001,5392,2019-09-01,night,spring,train,17.949,resources/site_257_bowra-dry-a/mvp1_all_conditioned_dataset/clips/0581_5392_clip009_s001/audio.wav,"night spring ambient soundscape, Bowra dry woodland, Australia, mild (15C), dry air, light breeze, no music, no machinery",15.03,32.72,1.37,ok
0582_5392_clip009_s002,5392_clip009_s002,5392,2019-09-01,night,spring,train,11.889,resources/site_257_bowra-dry-a/mvp1_all_conditioned_dataset/clips/0582_5392_clip009_s002/audio.wav,"night spring ambient soundscape, Bowra dry woodland, Australia, mild (15C), dry air, light breeze, no music, no machinery",15.03,32.72,1.37,ok
0583_5392_clip009_s003,5392_clip009_s003,5392,2019-09-01,night,spring,train,10.17,resources/site_257_bowra-dry-a/mvp1_all_conditioned_dataset/clips/0583_5392_clip009_s003/audio.wav,"night spring ambient soundscape, Bowra dry woodland, Australia, mild (15C), dry air, light breeze, no music, no machinery",15.03,32.72,1.37,ok
0584_5392_clip010_s000,5392_clip010_s000,5392,2019-09-01,night,spring,train,14.025,resources/site_257_bowra-dry-a/mvp1_all_conditioned_dataset/clips/0584_5392_clip010_s000/audio.wav,"night spring ambient soundscape, Bowra dry woodland, Australia, mild (15C), dry air, light breeze, no music, no machinery",15.03,32.72,1.37,ok
0585_5392_clip010_s001,5392_clip010_s001,5392,2019-09-01,night,spring,train,10.101,resources/site_257_bowra-dry-a/mvp1_all_conditioned_dataset/clips/0585_5392_clip010_s001/audio.wav,"night spring ambient soundscape, Bowra dry woodland, Australia, mild (15C), dry air, light breeze, no music, no machinery",15.03,32.72,1.37,ok
0586_5392_clip010_s002,5392_clip010_s002,5392,2019-09-01,night,spring,train,11.262,resources/site_257_bowra-dry-a/mvp1_all_conditioned_dataset/clips/0586_5392_clip010_s002/audio.wav,"night spring ambient soundscape, Bowra dry woodland, Australia, mild (15C), dry air, light breeze, no music, no machinery",15.03,32.72,1.37,ok
0587_5392_clip011_s000,5392_clip011_s000,5392,2019-09-01,night,spring,train,13.212,resources/site_257_bowra-dry-a/mvp1_all_conditioned_dataset/clips/0587_5392_clip011_s000/audio.wav,"night spring ambient soundscape, Bowra dry woodland, Australia, mild (15C), dry air, light breeze, no music, no machinery",15.03,32.72,1.37,ok
0588_5392_clip012_s000,5392_clip012_s000,5392,2019-09-01,night,spring,train,10.217,resources/site_257_bowra-dry-a/mvp1_all_conditioned_dataset/clips/0588_5392_clip012_s000/audio.wav,"night spring ambient soundscape, Bowra dry woodland, Australia, mild (15C), dry air, light breeze, no music, no machinery",15.03,32.72,1.37,ok
0589_5392_clip012_s001,5392_clip012_s001,5392,2019-09-01,night,spring,train,12.26,resources/site_257_bowra-dry-a/mvp1_all_conditioned_dataset/clips/0589_5392_clip012_s001/audio.wav,"night spring ambient soundscape, Bowra dry woodland, Australia, mild (15C), dry air, light breeze, no music, no machinery",15.03,32.72,1.37,ok
0590_5392_clip014_s000,5392_clip014_s000,5392,2019-09-01,night,spring,train,11.122,resources/site_257_bowra-dry-a/mvp1_all_conditioned_dataset/clips/0590_5392_clip014_s000/audio.wav,"night spring ambient soundscape, Bowra dry woodland, Australia, mild (15C), dry air, light breeze, no music, no machinery",15.03,32.72,1.37,ok
0591_5392_clip015_s000,5392_clip015_s000,5392,2019-09-01,night,spring,train,10.426,resources/site_257_bowra-dry-a/mvp1_all_conditioned_dataset/clips/0591_5392_clip015_s000/audio.wav,"night spring ambient soundscape, Bowra dry woodland, Australia, mild (15C), dry air, light breeze, no music, no machinery",15.03,32.72,1.37,ok
0592_5392_clip015_s001,5392_clip015_s001,5392,2019-09-01,night,spring,train,12.074,resources/site_257_bowra-dry-a/mvp1_all_conditioned_dataset/clips/0592_5392_clip015_s001/audio.wav,"night spring ambient soundscape, Bowra dry woodland, Australia, mild (15C), dry air, light breeze, no music, no machinery",15.03,32.72,1.37,ok
0593_5392_clip016_s000,5392_clip016_s000,5392,2019-09-01,night,spring,train,11.935,resources/site_257_bowra-dry-a/mvp1_all_conditioned_dataset/clips/0593_5392_clip016_s000/audio.wav,"night spring ambient soundscape, Bowra dry woodland, Australia, mild (15C), dry air, light breeze, no music, no machinery",15.03,32.72,1.37,ok
0594_5392_clip016_s001,5392_clip016_s001,5392,2019-09-01,night,spring,train,13.607,resources/site_257_bowra-dry-a/mvp1_all_conditioned_dataset/clips/0594_5392_clip016_s001/audio.wav,"night spring ambient soundscape, Bowra dry woodland, Australia, mild (15C), dry air, light breeze, no music, no machinery",15.03,32.72,1.37,ok
0595_5392_clip016_s002,5392_clip016_s002,5392,2019-09-01,night,spring,train,10.426,resources/site_257_bowra-dry-a/mvp1_all_conditioned_dataset/clips/0595_5392_clip016_s002/audio.wav,"night spring ambient soundscape, Bowra dry woodland, Australia, mild (15C), dry air, light breeze, no music, no machinery",15.03,32.72,1.37,ok
0596_5392_clip016_s003,5392_clip016_s003,5392,2019-09-01,night,spring,train,13.909,resources/site_257_bowra-dry-a/mvp1_all_conditioned_dataset/clips/0596_5392_clip016_s003/audio.wav,"night spring ambient soundscape, Bowra dry woodland, Australia, mild (15C), dry air, light breeze, no music, no machinery",15.03,32.72,1.37,ok
0597_5392_clip017_s000,5392_clip017_s000,5392,2019-09-01,night,spring,train,12.934,resources/site_257_bowra-dry-a/mvp1_all_conditioned_dataset/clips/0597_5392_clip017_s000/audio.wav,"night spring ambient soundscape, Bowra dry woodland, Australia, mild (15C), dry air, light breeze, no music, no machinery",15.03,32.72,1.37,ok
0598_5392_clip018_s000,5392_clip018_s000,5392,2019-09-01,night,spring,train,14.257,resources/site_257_bowra-dry-a/mvp1_all_conditioned_dataset/clips/0598_5392_clip018_s000/audio.wav,"night spring ambient soundscape, Bowra dry woodland, Australia, mild (15C), dry air, light breeze, no music, no machinery",15.03,32.72,1.37,ok
0599_5392_clip019_s000,5392_clip019_s000,5392,2019-09-01,night,spring,train,11.447,resources/site_257_bowra-dry-a/mvp1_all_conditioned_dataset/clips/0599_5392_clip019_s000/audio.wav,"night spring ambient soundscape, Bowra dry woodland, Australia, mild (15C), dry air, light breeze, no music, no machinery",15.03,32.72,1.37,ok
0600_5392_clip020_s000,5392_clip020_s000,5392,2019-09-01,night,spring,train,11.61,resources/site_257_bowra-dry-a/mvp1_all_conditioned_dataset/clips/0600_5392_clip020_s000/audio.wav,"night spring ambient soundscape, Bowra dry woodland, Australia, mild (15C), dry air, light breeze, no music, no machinery",15.03,32.72,1.37,ok
0601_5392_clip022_s000,5392_clip022_s000,5392,2019-09-01,night,spring,train,13.839,resources/site_257_bowra-dry-a/mvp1_all_conditioned_dataset/clips/0601_5392_clip022_s000/audio.wav,"night spring ambient soundscape, Bowra dry woodland, Australia, mild (15C), dry air, light breeze, no music, no machinery",15.03,32.72,1.37,ok
0602_5392_clip024_s000,5392_clip024_s000,5392,2019-09-01,night,spring,train,10.913,resources/site_257_bowra-dry-a/mvp1_all_conditioned_dataset/clips/0602_5392_clip024_s000/audio.wav,"night spring ambient soundscape, Bowra dry woodland, Australia, mild (15C), dry air, light breeze, no music, no machinery",15.03,32.72,1.37,ok
0603_5421_clip006_s000,5421_clip006_s000,5421,2019-09-23,night,spring,train,11.029,resources/site_257_bowra-dry-a/mvp1_all_conditioned_dataset/clips/0603_5421_clip006_s000/audio.wav,"night spring ambient soundscape, Bowra dry woodland, Australia, cold (13C), dry air, moderate wind, no music, no machinery",13.07,26.51,2.8,ok
0604_4883_clip001_s000,4883_clip001_s000,4883,2019-10-04,night,spring,train,13.119,resources/site_257_bowra-dry-a/mvp1_all_conditioned_dataset/clips/0604_4883_clip001_s000/audio.wav,"night spring ambient soundscape, Bowra dry woodland, Australia, mild (24C), dry air, light breeze, no music, no machinery",23.74,22.54,1.48,ok
0605_4883_clip001_s001,4883_clip001_s001,4883,2019-10-04,night,spring,train,12.005,resources/site_257_bowra-dry-a/mvp1_all_conditioned_dataset/clips/0605_4883_clip001_s001/audio.wav,"night spring ambient soundscape, Bowra dry woodland, Australia, mild (24C), dry air, light breeze, no music, no machinery",23.74,22.54,1.48,ok
0606_4883_clip001_s002,4883_clip001_s002,4883,2019-10-04,night,spring,train,11.564,resources/site_257_bowra-dry-a/mvp1_all_conditioned_dataset/clips/0606_4883_clip001_s002/audio.wav,"night spring ambient soundscape, Bowra dry woodland, Australia, mild (24C), dry air, light breeze, no music, no machinery",23.74,22.54,1.48,ok
0607_4883_clip001_s003,4883_clip001_s003,4883,2019-10-04,night,spring,train,10.263,resources/site_257_bowra-dry-a/mvp1_all_conditioned_dataset/clips/0607_4883_clip001_s003/audio.wav,"night spring ambient soundscape, Bowra dry woodland, Australia, mild (24C), dry air, light breeze, no music, no machinery",23.74,22.54,1.48,ok
0608_4883_clip003_s000,4883_clip003_s000,4883,2019-10-04,night,spring,train,13.351,resources/site_257_bowra-dry-a/mvp1_all_conditioned_dataset/clips/0608_4883_clip003_s000/audio.wav,"night spring ambient soundscape, Bowra dry woodland, Australia, mild (24C), dry air, light breeze, no music, no machinery",23.74,22.54,1.48,ok
0609_4883_clip005_s000,4883_clip005_s000,4883,2019-10-04,night,spring,train,10.937,resources/site_257_bowra-dry-a/mvp1_all_conditioned_dataset/clips/0609_4883_clip005_s000/audio.wav,"night spring ambient soundscape, Bowra dry woodland, Australia, mild (24C), dry air, light breeze, no music, no machinery",23.74,22.54,1.48,ok
0610_4883_clip008_s000,4883_clip008_s000,4883,2019-10-04,night,spring,val,13.142,resources/site_257_bowra-dry-a/mvp1_all_conditioned_dataset/clips/0610_4883_clip008_s000/audio.wav,"night spring ambient soundscape, Bowra dry woodland, Australia, mild (24C), dry air, light breeze, no music, no machinery",23.74,22.54,1.48,ok
0611_4883_clip009_s000,4883_clip009_s000,4883,2019-10-04,night,spring,train,11.215,resources/site_257_bowra-dry-a/mvp1_all_conditioned_dataset/clips/0611_4883_clip009_s000/audio.wav,"night spring ambient soundscape, Bowra dry woodland, Australia, mild (24C), dry air, light breeze, no music, no machinery",23.74,22.54,1.48,ok
0612_4883_clip011_s000,4883_clip011_s000,4883,2019-10-04,night,spring,train,10.658,resources/site_257_bowra-dry-a/mvp1_all_conditioned_dataset/clips/0612_4883_clip011_s000/audio.wav,"night spring ambient soundscape, Bowra dry woodland, Australia, mild (24C), dry air, light breeze, no music, no machinery",23.74,22.54,1.48,ok
0613_4883_clip012_s000,4883_clip012_s000,4883,2019-10-04,night,spring,train,11.355,resources/site_257_bowra-dry-a/mvp1_all_conditioned_dataset/clips/0613_4883_clip012_s000/audio.wav,"night spring ambient soundscape, Bowra dry woodland, Australia, mild (24C), dry air, light breeze, no music, no machinery",23.74,22.54,1.48,ok
0614_4883_clip013_s000,4883_clip013_s000,4883,2019-10-04,night,spring,train,10.635,resources/site_257_bowra-dry-a/mvp1_all_conditioned_dataset/clips/0614_4883_clip013_s000/audio.wav,"night spring ambient soundscape, Bowra dry woodland, Australia, mild (24C), dry air, light breeze, no music, no machinery",23.74,22.54,1.48,ok
0615_4883_clip013_s001,4883_clip013_s001,4883,2019-10-04,night,spring,train,12.028,resources/site_257_bowra-dry-a/mvp1_all_conditioned_dataset/clips/0615_4883_clip013_s001/audio.wav,"night spring ambient soundscape, Bowra dry woodland, Australia, mild (24C), dry air, light breeze, no music, no machinery",23.74,22.54,1.48,ok
0616_4883_clip014_s000,4883_clip014_s000,4883,2019-10-04,night,spring,train,11.819,resources/site_257_bowra-dry-a/mvp1_all_conditioned_dataset/clips/0616_4883_clip014_s000/audio.wav,"night spring ambient soundscape, Bowra dry woodland, Australia, mild (24C), dry air, light breeze, no music, no machinery",23.74,22.54,1.48,ok
0617_4883_clip014_s001,4883_clip014_s001,4883,2019-10-04,night,spring,train,10.379,resources/site_257_bowra-dry-a/mvp1_all_conditioned_dataset/clips/0617_4883_clip014_s001/audio.wav,"night spring ambient soundscape, Bowra dry woodland, Australia, mild (24C), dry air, light breeze, no music, no machinery",23.74,22.54,1.48,ok
0618_4883_clip015_s000,4883_clip015_s000,4883,2019-10-04,night,spring,train,10.472,resources/site_257_bowra-dry-a/mvp1_all_conditioned_dataset/clips/0618_4883_clip015_s000/audio.wav,"night spring ambient soundscape, Bowra dry woodland, Australia, mild (24C), dry air, light breeze, no music, no machinery",23.74,22.54,1.48,ok
0619_4883_clip015_s001,4883_clip015_s001,4883,2019-10-04,night,spring,train,16.974,resources/site_257_bowra-dry-a/mvp1_all_conditioned_dataset/clips/0619_4883_clip015_s001/audio.wav,"night spring ambient soundscape, Bowra dry woodland, Australia, mild (24C), dry air, light breeze, no music, no machinery",23.74,22.54,1.48,ok
0620_4883_clip016_s000,4883_clip016_s000,4883,2019-10-04,night,spring,val,10.217,resources/site_257_bowra-dry-a/mvp1_all_conditioned_dataset/clips/0620_4883_clip016_s000/audio.wav,"night spring ambient soundscape, Bowra dry woodland, Australia, mild (24C), dry air, light breeze, no music, no machinery",23.74,22.54,1.48,ok
0621_4883_clip016_s001,4883_clip016_s001,4883,2019-10-04,night,spring,train,10.403,resources/site_257_bowra-dry-a/mvp1_all_conditioned_dataset/clips/0621_4883_clip016_s001/audio.wav,"night spring ambient soundscape, Bowra dry woodland, Australia, mild (24C), dry air, light breeze, no music, no machinery",23.74,22.54,1.48,ok
0622_4883_clip017_s000,4883_clip017_s000,4883,2019-10-04,night,spring,train,13.491,resources/site_257_bowra-dry-a/mvp1_all_conditioned_dataset/clips/0622_4883_clip017_s000/audio.wav,"night spring ambient soundscape, Bowra dry woodland, Australia, mild (24C), dry air, light breeze, no music, no machinery",23.74,22.54,1.48,ok
0623_4883_clip017_s001,4883_clip017_s001,4883,2019-10-04,night,spring,val,12.098,resources/site_257_bowra-dry-a/mvp1_all_conditioned_dataset/clips/0623_4883_clip017_s001/audio.wav,"night spring ambient soundscape, Bowra dry woodland, Australia, mild (24C), dry air, light breeze, no music, no machinery",23.74,22.54,1.48,ok
0624_4883_clip017_s002,4883_clip017_s002,4883,2019-10-04,night,spring,train,10.379,resources/site_257_bowra-dry-a/mvp1_all_conditioned_dataset/clips/0624_4883_clip017_s002/audio.wav,"night spring ambient soundscape, Bowra dry woodland, Australia, mild (24C), dry air, light breeze, no music, no machinery",23.74,22.54,1.48,ok
0625_4883_clip018_s000,4883_clip018_s000,4883,2019-10-04,night,spring,train,10.751,resources/site_257_bowra-dry-a/mvp1_all_conditioned_dataset/clips/0625_4883_clip018_s000/audio.wav,"night spring ambient soundscape, Bowra dry woodland, Australia, mild (24C), dry air, light breeze, no music, no machinery",23.74,22.54,1.48,ok
0626_4883_clip020_s000,4883_clip020_s000,4883,2019-10-04,night,spring,train,10.286,resources/site_257_bowra-dry-a/mvp1_all_conditioned_dataset/clips/0626_4883_clip020_s000/audio.wav,"night spring ambient soundscape, Bowra dry woodland, Australia, mild (24C), dry air, light breeze, no music, no machinery",23.74,22.54,1.48,ok
0627_4883_clip020_s001,4883_clip020_s001,4883,2019-10-04,night,spring,train,15.209,resources/site_257_bowra-dry-a/mvp1_all_conditioned_dataset/clips/0627_4883_clip020_s001/audio.wav,"night spring ambient soundscape, Bowra dry woodland, Australia, mild (24C), dry air, light breeze, no music, no machinery",23.74,22.54,1.48,ok
0628_4883_clip020_s002,4883_clip020_s002,4883,2019-10-04,night,spring,train,10.356,resources/site_257_bowra-dry-a/mvp1_all_conditioned_dataset/clips/0628_4883_clip020_s002/audio.wav,"night spring ambient soundscape, Bowra dry woodland, Australia, mild (24C), dry air, light breeze, no music, no machinery",23.74,22.54,1.48,ok
0629_4883_clip021_s000,4883_clip021_s000,4883,2019-10-04,night,spring,train,12.19,resources/site_257_bowra-dry-a/mvp1_all_conditioned_dataset/clips/0629_4883_clip021_s000/audio.wav,"night spring ambient soundscape, Bowra dry woodland, Australia, mild (24C), dry air, light breeze, no music, no machinery",23.74,22.54,1.48,ok
0630_4883_clip021_s001,4883_clip021_s001,4883,2019-10-04,night,spring,train,14.257,resources/site_257_bowra-dry-a/mvp1_all_conditioned_dataset/clips/0630_4883_clip021_s001/audio.wav,"night spring ambient soundscape, Bowra dry woodland, Australia, mild (24C), dry air, light breeze, no music, no machinery",23.74,22.54,1.48,ok
0631_4883_clip021_s002,4883_clip021_s002,4883,2019-10-04,night,spring,train,15.534,resources/site_257_bowra-dry-a/mvp1_all_conditioned_dataset/clips/0631_4883_clip021_s002/audio.wav,"night spring ambient soundscape, Bowra dry woodland, Australia, mild (24C), dry air, light breeze, no music, no machinery",23.74,22.54,1.48,ok
0632_4883_clip022_s000,4883_clip022_s000,4883,2019-10-04,night,spring,val,12.121,resources/site_257_bowra-dry-a/mvp1_all_conditioned_dataset/clips/0632_4883_clip022_s000/audio.wav,"night spring ambient soundscape, Bowra dry woodland, Australia, mild (24C), dry air, light breeze, no music, no machinery",23.74,22.54,1.48,ok
0633_4883_clip023_s000,4883_clip023_s000,4883,2019-10-04,night,spring,train,10.797,resources/site_257_bowra-dry-a/mvp1_all_conditioned_dataset/clips/0633_4883_clip023_s000/audio.wav,"night spring ambient soundscape, Bowra dry woodland, Australia, mild (24C), dry air, light breeze, no music, no machinery",23.74,22.54,1.48,ok
0634_4883_clip023_s001,4883_clip023_s001,4883,2019-10-04,night,spring,train,11.935,resources/site_257_bowra-dry-a/mvp1_all_conditioned_dataset/clips/0634_4883_clip023_s001/audio.wav,"night spring ambient soundscape, Bowra dry woodland, Australia, mild (24C), dry air, light breeze, no music, no machinery",23.74,22.54,1.48,ok
0635_4883_clip023_s002,4883_clip023_s002,4883,2019-10-04,night,spring,train,14.002,resources/site_257_bowra-dry-a/mvp1_all_conditioned_dataset/clips/0635_4883_clip023_s002/audio.wav,"night spring ambient soundscape, Bowra dry woodland, Australia, mild (24C), dry air, light breeze, no music, no machinery",23.74,22.54,1.48,ok
0636_4883_clip023_s003,4883_clip023_s003,4883,2019-10-04,night,spring,train,10.194,resources/site_257_bowra-dry-a/mvp1_all_conditioned_dataset/clips/0636_4883_clip023_s003/audio.wav,"night spring ambient soundscape, Bowra dry woodland, Australia, mild (24C), dry air, light breeze, no music, no machinery",23.74,22.54,1.48,ok
0637_4883_clip023_s004,4883_clip023_s004,4883,2019-10-04,night,spring,train,11.564,resources/site_257_bowra-dry-a/mvp1_all_conditioned_dataset/clips/0637_4883_clip023_s004/audio.wav,"night spring ambient soundscape, Bowra dry woodland, Australia, mild (24C), dry air, light breeze, no music, no machinery",23.74,22.54,1.48,ok
0638_4883_clip024_s000,4883_clip024_s000,4883,2019-10-04,night,spring,train,14.211,resources/site_257_bowra-dry-a/mvp1_all_conditioned_dataset/clips/0638_4883_clip024_s000/audio.wav,"night spring ambient soundscape, Bowra dry woodland, Australia, mild (24C), dry air, light breeze, no music, no machinery",23.74,22.54,1.48,ok
0639_214518_clip001_s000,214518_clip001_s000,214518,2019-10-22,night,spring,train,10.101,resources/site_257_bowra-dry-a/mvp1_all_conditioned_dataset/clips/0639_214518_clip001_s000/audio.wav,"night spring ambient soundscape, Bowra dry woodland, Australia, mild (24C), dry air, light breeze, no music, no machinery",23.72,24.78,1.83,ok
0640_214518_clip003_s000,214518_clip003_s000,214518,2019-10-22,night,spring,train,11.146,resources/site_257_bowra-dry-a/mvp1_all_conditioned_dataset/clips/0640_214518_clip003_s000/audio.wav,"night spring ambient soundscape, Bowra dry woodland, Australia, mild (24C), dry air, light breeze, no music, no machinery",23.72,24.78,1.83,ok
0641_214518_clip003_s001,214518_clip003_s001,214518,2019-10-22,night,spring,train,10.147,resources/site_257_bowra-dry-a/mvp1_all_conditioned_dataset/clips/0641_214518_clip003_s001/audio.wav,"night spring ambient soundscape, Bowra dry woodland, Australia, mild (24C), dry air, light breeze, no music, no machinery",23.72,24.78,1.83,ok
0642_214518_clip005_s000,214518_clip005_s000,214518,2019-10-22,night,spring,train,10.426,resources/site_257_bowra-dry-a/mvp1_all_conditioned_dataset/clips/0642_214518_clip005_s000/audio.wav,"night spring ambient soundscape, Bowra dry woodland, Australia, mild (24C), dry air, light breeze, no music, no machinery",23.72,24.78,1.83,ok
0643_214518_clip007_s000,214518_clip007_s000,214518,2019-10-22,night,spring,train,15.302,resources/site_257_bowra-dry-a/mvp1_all_conditioned_dataset/clips/0643_214518_clip007_s000/audio.wav,"night spring ambient soundscape, Bowra dry woodland, Australia, mild (24C), dry air, light breeze, no music, no machinery",23.72,24.78,1.83,ok
0644_214518_clip010_s000,214518_clip010_s000,214518,2019-10-22,night,spring,train,11.703,resources/site_257_bowra-dry-a/mvp1_all_conditioned_dataset/clips/0644_214518_clip010_s000/audio.wav,"night spring ambient soundscape, Bowra dry woodland, Australia, mild (24C), dry air, light breeze, no music, no machinery",23.72,24.78,1.83,ok
0645_214518_clip012_s000,214518_clip012_s000,214518,2019-10-22,night,spring,train,12.376,resources/site_257_bowra-dry-a/mvp1_all_conditioned_dataset/clips/0645_214518_clip012_s000/audio.wav,"night spring ambient soundscape, Bowra dry woodland, Australia, mild (24C), dry air, light breeze, no music, no machinery",23.72,24.78,1.83,ok
0646_214518_clip019_s000,214518_clip019_s000,214518,2019-10-22,night,spring,val,13.584,resources/site_257_bowra-dry-a/mvp1_all_conditioned_dataset/clips/0646_214518_clip019_s000/audio.wav,"night spring ambient soundscape, Bowra dry woodland, Australia, mild (24C), dry air, light breeze, no music, no machinery",23.72,24.78,1.83,ok
0647_214518_clip020_s000,214518_clip020_s000,214518,2019-10-22,night,spring,train,10.728,resources/site_257_bowra-dry-a/mvp1_all_conditioned_dataset/clips/0647_214518_clip020_s000/audio.wav,"night spring ambient soundscape, Bowra dry woodland, Australia, mild (24C), dry air, light breeze, no music, no machinery",23.72,24.78,1.83,ok
0648_214518_clip021_s000,214518_clip021_s000,214518,2019-10-22,night,spring,val,11.796,resources/site_257_bowra-dry-a/mvp1_all_conditioned_dataset/clips/0648_214518_clip021_s000/audio.wav,"night spring ambient soundscape, Bowra dry woodland, Australia, mild (24C), dry air, light breeze, no music, no machinery",23.72,24.78,1.83,ok
0649_214665_clip001_s000,214665_clip001_s000,214665,2019-11-03,night,spring,train,10.542,resources/site_257_bowra-dry-a/mvp1_all_conditioned_dataset/clips/0649_214665_clip001_s000/audio.wav,"night spring ambient soundscape, Bowra dry woodland, Australia, mild (18C), humid air, light breeze, no music, no machinery",17.71,91.18,0.82,ok
0650_214665_clip004_s000,214665_clip004_s000,214665,2019-11-03,night,spring,train,11.169,resources/site_257_bowra-dry-a/mvp1_all_conditioned_dataset/clips/0650_214665_clip004_s000/audio.wav,"night spring ambient soundscape, Bowra dry woodland, Australia, mild (18C), humid air, light breeze, no music, no machinery",17.71,91.18,0.82,ok
0651_214665_clip011_s000,214665_clip011_s000,214665,2019-11-03,night,spring,train,10.124,resources/site_257_bowra-dry-a/mvp1_all_conditioned_dataset/clips/0651_214665_clip011_s000/audio.wav,"night spring ambient soundscape, Bowra dry woodland, Australia, mild (18C), humid air, light breeze, no music, no machinery",17.71,91.18,0.82,ok
0652_214665_clip011_s001,214665_clip011_s001,214665,2019-11-03,night,spring,val,13.793,resources/site_257_bowra-dry-a/mvp1_all_conditioned_dataset/clips/0652_214665_clip011_s001/audio.wav,"night spring ambient soundscape, Bowra dry woodland, Australia, mild (18C), humid air, light breeze, no music, no machinery",17.71,91.18,0.82,ok
0653_214665_clip014_s000,214665_clip014_s000,214665,2019-11-03,night,spring,train,11.099,resources/site_257_bowra-dry-a/mvp1_all_conditioned_dataset/clips/0653_214665_clip014_s000/audio.wav,"night spring ambient soundscape, Bowra dry woodland, Australia, mild (18C), humid air, light breeze, no music, no machinery",17.71,91.18,0.82,ok
0654_214665_clip014_s001,214665_clip014_s001,214665,2019-11-03,night,spring,train,12.167,resources/site_257_bowra-dry-a/mvp1_all_conditioned_dataset/clips/0654_214665_clip014_s001/audio.wav,"night spring ambient soundscape, Bowra dry woodland, Australia, mild (18C), humid air, light breeze, no music, no machinery",17.71,91.18,0.82,ok
0655_214665_clip015_s000,214665_clip015_s000,214665,2019-11-03,night,spring,val,10.704,resources/site_257_bowra-dry-a/mvp1_all_conditioned_dataset/clips/0655_214665_clip015_s000/audio.wav,"night spring ambient soundscape, Bowra dry woodland, Australia, mild (18C), humid air, light breeze, no music, no machinery",17.71,91.18,0.82,ok
0656_214665_clip015_s001,214665_clip015_s001,214665,2019-11-03,night,spring,train,10.797,resources/site_257_bowra-dry-a/mvp1_all_conditioned_dataset/clips/0656_214665_clip015_s001/audio.wav,"night spring ambient soundscape, Bowra dry woodland, Australia, mild (18C), humid air, light breeze, no music, no machinery",17.71,91.18,0.82,ok
0657_214665_clip016_s000,214665_clip016_s000,214665,2019-11-03,night,spring,train,12.655,resources/site_257_bowra-dry-a/mvp1_all_conditioned_dataset/clips/0657_214665_clip016_s000/audio.wav,"night spring ambient soundscape, Bowra dry woodland, Australia, mild (18C), humid air, light breeze, no music, no machinery",17.71,91.18,0.82,ok
0658_215109_clip017_s000,215109_clip017_s000,215109,2019-12-11,afternoon,summer,train,11.796,resources/site_257_bowra-dry-a/mvp1_all_conditioned_dataset/clips/0658_215109_clip017_s000/audio.wav,"afternoon summer ambient soundscape, Bowra dry woodland, Australia, very hot (42C), dry air, moderate wind, no music, no machinery",42.37,8.19,4.12,ok
0659_215729_clip001_s000,215729_clip001_s000,215729,2020-02-01,afternoon,summer,train,12.632,resources/site_257_bowra-dry-a/mvp1_all_conditioned_dataset/clips/0659_215729_clip001_s000/audio.wav,"afternoon summer ambient soundscape, Bowra dry woodland, Australia, very hot (44C), dry air, moderate wind, no music, no machinery",44.34,18.33,2.96,ok
0660_215729_clip001_s001,215729_clip001_s001,215729,2020-02-01,afternoon,summer,val,13.793,resources/site_257_bowra-dry-a/mvp1_all_conditioned_dataset/clips/0660_215729_clip001_s001/audio.wav,"afternoon summer ambient soundscape, Bowra dry woodland, Australia, very hot (44C), dry air, moderate wind, no music, no machinery",44.34,18.33,2.96,ok
0661_215729_clip003_s000,215729_clip003_s000,215729,2020-02-01,afternoon,summer,train,18.622,resources/site_257_bowra-dry-a/mvp1_all_conditioned_dataset/clips/0661_215729_clip003_s000/audio.wav,"afternoon summer ambient soundscape, Bowra dry woodland, Australia, very hot (44C), dry air, moderate wind, no music, no machinery",44.34,18.33,2.96,ok
0662_215729_clip004_s000,215729_clip004_s000,215729,2020-02-01,afternoon,summer,train,10.751,resources/site_257_bowra-dry-a/mvp1_all_conditioned_dataset/clips/0662_215729_clip004_s000/audio.wav,"afternoon summer ambient soundscape, Bowra dry woodland, Australia, very hot (44C), dry air, moderate wind, no music, no machinery",44.34,18.33,2.96,ok
0663_215729_clip012_s000,215729_clip012_s000,215729,2020-02-01,afternoon,summer,val,11.54,resources/site_257_bowra-dry-a/mvp1_all_conditioned_dataset/clips/0663_215729_clip012_s000/audio.wav,"afternoon summer ambient soundscape, Bowra dry woodland, Australia, very hot (44C), dry air, moderate wind, no music, no machinery",44.34,18.33,2.96,ok
0664_215729_clip012_s001,215729_clip012_s001,215729,2020-02-01,afternoon,summer,train,11.447,resources/site_257_bowra-dry-a/mvp1_all_conditioned_dataset/clips/0664_215729_clip012_s001/audio.wav,"afternoon summer ambient soundscape, Bowra dry woodland, Australia, very hot (44C), dry air, moderate wind, no music, no machinery",44.34,18.33,2.96,ok
0665_215729_clip015_s000,215729_clip015_s000,215729,2020-02-01,afternoon,summer,train,10.704,resources/site_257_bowra-dry-a/mvp1_all_conditioned_dataset/clips/0665_215729_clip015_s000/audio.wav,"afternoon summer ambient soundscape, Bowra dry woodland, Australia, very hot (44C), dry air, moderate wind, no music, no machinery",44.34,18.33,2.96,ok
0666_215729_clip017_s000,215729_clip017_s000,215729,2020-02-01,afternoon,summer,train,14.141,resources/site_257_bowra-dry-a/mvp1_all_conditioned_dataset/clips/0666_215729_clip017_s000/audio.wav,"afternoon summer ambient soundscape, Bowra dry woodland, Australia, very hot (44C), dry air, moderate wind, no music, no machinery",44.34,18.33,2.96,ok
0667_215729_clip021_s000,215729_clip021_s000,215729,2020-02-01,afternoon,summer,train,10.054,resources/site_257_bowra-dry-a/mvp1_all_conditioned_dataset/clips/0667_215729_clip021_s000/audio.wav,"afternoon summer ambient soundscape, Bowra dry woodland, Australia, very hot (44C), dry air, moderate wind, no music, no machinery",44.34,18.33,2.96,ok
0668_215905_clip008_s000,215905_clip008_s000,215905,2020-02-15,afternoon,summer,train,12.794,resources/site_257_bowra-dry-a/mvp1_all_conditioned_dataset/clips/0668_215905_clip008_s000/audio.wav,"afternoon summer ambient soundscape, Bowra dry woodland, Australia, very hot (40C), dry air, moderate wind, no music, no machinery",40.14,21.41,4.16,ok
0669_215905_clip015_s000,215905_clip015_s000,215905,2020-02-15,afternoon,summer,train,10.983,resources/site_257_bowra-dry-a/mvp1_all_conditioned_dataset/clips/0669_215905_clip015_s000/audio.wav,"afternoon summer ambient soundscape, Bowra dry woodland, Australia, very hot (40C), dry air, moderate wind, no music, no machinery",40.14,21.41,4.16,ok
0670_215905_clip016_s000,215905_clip016_s000,215905,2020-02-15,afternoon,summer,train,11.633,resources/site_257_bowra-dry-a/mvp1_all_conditioned_dataset/clips/0670_215905_clip016_s000/audio.wav,"afternoon summer ambient soundscape, Bowra dry woodland, Australia, very hot (40C), dry air, moderate wind, no music, no machinery",40.14,21.41,4.16,ok
0671_215905_clip016_s001,215905_clip016_s001,215905,2020-02-15,afternoon,summer,train,11.54,resources/site_257_bowra-dry-a/mvp1_all_conditioned_dataset/clips/0671_215905_clip016_s001/audio.wav,"afternoon summer ambient soundscape, Bowra dry woodland, Australia, very hot (40C), dry air, moderate wind, no music, no machinery",40.14,21.41,4.16,ok
0672_215905_clip016_s002,215905_clip016_s002,215905,2020-02-15,afternoon,summer,val,10.008,resources/site_257_bowra-dry-a/mvp1_all_conditioned_dataset/clips/0672_215905_clip016_s002/audio.wav,"afternoon summer ambient soundscape, Bowra dry woodland, Australia, very hot (40C), dry air, moderate wind, no music, no machinery",40.14,21.41,4.16,ok
0673_215905_clip024_s000,215905_clip024_s000,215905,2020-02-15,afternoon,summer,train,12.539,resources/site_257_bowra-dry-a/mvp1_all_conditioned_dataset/clips/0673_215905_clip024_s000/audio.wav,"afternoon summer ambient soundscape, Bowra dry woodland, Australia, very hot (40C), dry air, moderate wind, no music, no machinery",40.14,21.41,4.16,ok
0674_1679348_clip024_s000,1679348_clip024_s000,1679348,2024-12-12,afternoon,summer,train,13.769,resources/site_257_bowra-dry-a/mvp1_all_conditioned_dataset/clips/0674_1679348_clip024_s000/audio.wav,"afternoon summer ambient soundscape, Bowra dry woodland, Australia, hot (37C), dry air, light breeze, no music, no machinery",36.56,14.02,1.43,ok
0675_1679219_clip003_s000,1679219_clip003_s000,1679219,2025-01-01,afternoon,summer,train,13.537,resources/site_257_bowra-dry-a/mvp1_all_conditioned_dataset/clips/0675_1679219_clip003_s000/audio.wav,"afternoon summer ambient soundscape, Bowra dry woodland, Australia, very hot (40C), dry air, moderate wind, no music, no machinery",40.08,10.81,4.46,ok
0676_1679219_clip004_s000,1679219_clip004_s000,1679219,2025-01-01,afternoon,summer,train,11.842,resources/site_257_bowra-dry-a/mvp1_all_conditioned_dataset/clips/0676_1679219_clip004_s000/audio.wav,"afternoon summer ambient soundscape, Bowra dry woodland, Australia, very hot (40C), dry air, moderate wind, no music, no machinery",40.08,10.81,4.46,ok
0677_1679219_clip007_s000,1679219_clip007_s000,1679219,2025-01-01,afternoon,summer,train,10.17,resources/site_257_bowra-dry-a/mvp1_all_conditioned_dataset/clips/0677_1679219_clip007_s000/audio.wav,"afternoon summer ambient soundscape, Bowra dry woodland, Australia, very hot (40C), dry air, moderate wind, no music, no machinery",40.08,10.81,4.46,ok
0678_1679219_clip008_s000,1679219_clip008_s000,1679219,2025-01-01,afternoon,summer,train,12.307,resources/site_257_bowra-dry-a/mvp1_all_conditioned_dataset/clips/0678_1679219_clip008_s000/audio.wav,"afternoon summer ambient soundscape, Bowra dry woodland, Australia, very hot (40C), dry air, moderate wind, no music, no machinery",40.08,10.81,4.46,ok
0679_1679219_clip010_s000,1679219_clip010_s000,1679219,2025-01-01,afternoon,summer,train,12.144,resources/site_257_bowra-dry-a/mvp1_all_conditioned_dataset/clips/0679_1679219_clip010_s000/audio.wav,"afternoon summer ambient soundscape, Bowra dry woodland, Australia, very hot (40C), dry air, moderate wind, no music, no machinery",40.08,10.81,4.46,ok
0680_1679219_clip020_s000,1679219_clip020_s000,1679219,2025-01-01,afternoon,summer,train,10.588,resources/site_257_bowra-dry-a/mvp1_all_conditioned_dataset/clips/0680_1679219_clip020_s000/audio.wav,"afternoon summer ambient soundscape, Bowra dry woodland, Australia, very hot (40C), dry air, moderate wind, no music, no machinery",40.08,10.81,4.46,ok
0681_1679219_clip021_s000,1679219_clip021_s000,1679219,2025-01-01,afternoon,summer,train,11.169,resources/site_257_bowra-dry-a/mvp1_all_conditioned_dataset/clips/0681_1679219_clip021_s000/audio.wav,"afternoon summer ambient soundscape, Bowra dry woodland, Australia, very hot (40C), dry air, moderate wind, no music, no machinery",40.08,10.81,4.46,ok
0682_1670984_clip004_s000,1670984_clip004_s000,1670984,2025-02-13,afternoon,summer,train,10.983,resources/site_257_bowra-dry-a/mvp1_all_conditioned_dataset/clips/0682_1670984_clip004_s000/audio.wav,"afternoon summer ambient soundscape, Bowra dry woodland, Australia, very hot (42C), dry air, moderate wind, no music, no machinery",42.43,19.88,2.26,ok
0683_1670984_clip004_s001,1670984_clip004_s001,1670984,2025-02-13,afternoon,summer,train,12.005,resources/site_257_bowra-dry-a/mvp1_all_conditioned_dataset/clips/0683_1670984_clip004_s001/audio.wav,"afternoon summer ambient soundscape, Bowra dry woodland, Australia, very hot (42C), dry air, moderate wind, no music, no machinery",42.43,19.88,2.26,ok
0684_1670984_clip005_s000,1670984_clip005_s000,1670984,2025-02-13,afternoon,summer,train,10.077,resources/site_257_bowra-dry-a/mvp1_all_conditioned_dataset/clips/0684_1670984_clip005_s000/audio.wav,"afternoon summer ambient soundscape, Bowra dry woodland, Australia, very hot (42C), dry air, moderate wind, no music, no machinery",42.43,19.88,2.26,ok
0685_1676444_clip004_s000,1676444_clip004_s000,1676444,2025-02-19,afternoon,summer,train,10.356,resources/site_257_bowra-dry-a/mvp1_all_conditioned_dataset/clips/0685_1676444_clip004_s000/audio.wav,"afternoon summer ambient soundscape, Bowra dry woodland, Australia, hot (36C), dry air, moderate wind, no music, no machinery",36.19,8.14,3.3,ok
0686_1676444_clip013_s000,1676444_clip013_s000,1676444,2025-02-19,afternoon,summer,train,10.913,resources/site_257_bowra-dry-a/mvp1_all_conditioned_dataset/clips/0686_1676444_clip013_s000/audio.wav,"afternoon summer ambient soundscape, Bowra dry woodland, Australia, hot (36C), dry air, moderate wind, no music, no machinery",36.19,8.14,3.3,ok
0687_215111_clip003_s000,215111_clip003_s000,215111,2019-12-11,dawn,summer,train,12.121,resources/site_257_bowra-dry-a/mvp1_all_conditioned_dataset/clips/0687_215111_clip003_s000/audio.wav,"dawn summer ambient soundscape, Bowra dry woodland, Australia, warm (27C), dry air, moderate wind, no music, no machinery",26.93,24.45,4.48,ok
0688_215192_clip002_s000,215192_clip002_s000,215192,2019-12-17,dawn,summer,train,11.215,resources/site_257_bowra-dry-a/mvp1_all_conditioned_dataset/clips/0688_215192_clip002_s000/audio.wav,"dawn summer ambient soundscape, Bowra dry woodland, Australia, mild (25C), dry air, moderate wind, no music, no machinery",24.57,29.41,4.28,ok
0689_215467_clip001_s000,215467_clip001_s000,215467,2020-01-10,dawn,summer,train,12.283,resources/site_257_bowra-dry-a/mvp1_all_conditioned_dataset/clips/0689_215467_clip001_s000/audio.wav,"dawn summer ambient soundscape, Bowra dry woodland, Australia, hot (33C), dry air, moderate wind, no music, no machinery",33.36,21.87,4.05,ok
0690_215467_clip001_s001,215467_clip001_s001,215467,2020-01-10,dawn,summer,train,12.794,resources/site_257_bowra-dry-a/mvp1_all_conditioned_dataset/clips/0690_215467_clip001_s001/audio.wav,"dawn summer ambient soundscape, Bowra dry woodland, Australia, hot (33C), dry air, moderate wind, no music, no machinery",33.36,21.87,4.05,ok
0691_215467_clip002_s000,215467_clip002_s000,215467,2020-01-10,dawn,summer,train,10.913,resources/site_257_bowra-dry-a/mvp1_all_conditioned_dataset/clips/0691_215467_clip002_s000/audio.wav,"dawn summer ambient soundscape, Bowra dry woodland, Australia, hot (33C), dry air, moderate wind, no music, no machinery",33.36,21.87,4.05,ok
0692_215467_clip007_s000,215467_clip007_s000,215467,2020-01-10,dawn,summer,train,11.169,resources/site_257_bowra-dry-a/mvp1_all_conditioned_dataset/clips/0692_215467_clip007_s000/audio.wav,"dawn summer ambient soundscape, Bowra dry woodland, Australia, hot (33C), dry air, moderate wind, no music, no machinery",33.36,21.87,4.05,ok
0693_215467_clip008_s000,215467_clip008_s000,215467,2020-01-10,dawn,summer,train,11.703,resources/site_257_bowra-dry-a/mvp1_all_conditioned_dataset/clips/0693_215467_clip008_s000/audio.wav,"dawn summer ambient soundscape, Bowra dry woodland, Australia, hot (33C), dry air, moderate wind, no music, no machinery",33.36,21.87,4.05,ok
0694_215467_clip010_s000,215467_clip010_s000,215467,2020-01-10,dawn,summer,train,12.19,resources/site_257_bowra-dry-a/mvp1_all_conditioned_dataset/clips/0694_215467_clip010_s000/audio.wav,"dawn summer ambient soundscape, Bowra dry woodland, Australia, hot (33C), dry air, moderate wind, no music, no machinery",33.36,21.87,4.05,ok
0695_215467_clip011_s000,215467_clip011_s000,215467,2020-01-10,dawn,summer,train,13.491,resources/site_257_bowra-dry-a/mvp1_all_conditioned_dataset/clips/0695_215467_clip011_s000/audio.wav,"dawn summer ambient soundscape, Bowra dry woodland, Australia, hot (33C), dry air, moderate wind, no music, no machinery",33.36,21.87,4.05,ok
0696_215467_clip011_s001,215467_clip011_s001,215467,2020-01-10,dawn,summer,train,10.612,resources/site_257_bowra-dry-a/mvp1_all_conditioned_dataset/clips/0696_215467_clip011_s001/audio.wav,"dawn summer ambient soundscape, Bowra dry woodland, Australia, hot (33C), dry air, moderate wind, no music, no machinery",33.36,21.87,4.05,ok
0697_215467_clip012_s000,215467_clip012_s000,215467,2020-01-10,dawn,summer,train,11.958,resources/site_257_bowra-dry-a/mvp1_all_conditioned_dataset/clips/0697_215467_clip012_s000/audio.wav,"dawn summer ambient soundscape, Bowra dry woodland, Australia, hot (33C), dry air, moderate wind, no music, no machinery",33.36,21.87,4.05,ok
0698_215467_clip012_s001,215467_clip012_s001,215467,2020-01-10,dawn,summer,train,10.263,resources/site_257_bowra-dry-a/mvp1_all_conditioned_dataset/clips/0698_215467_clip012_s001/audio.wav,"dawn summer ambient soundscape, Bowra dry woodland, Australia, hot (33C), dry air, moderate wind, no music, no machinery",33.36,21.87,4.05,ok
0699_215467_clip013_s000,215467_clip013_s000,215467,2020-01-10,dawn,summer,train,10.913,resources/site_257_bowra-dry-a/mvp1_all_conditioned_dataset/clips/0699_215467_clip013_s000/audio.wav,"dawn summer ambient soundscape, Bowra dry woodland, Australia, hot (33C), dry air, moderate wind, no music, no machinery",33.36,21.87,4.05,ok
0700_215467_clip014_s000,215467_clip014_s000,215467,2020-01-10,dawn,summer,val,11.68,resources/site_257_bowra-dry-a/mvp1_all_conditioned_dataset/clips/0700_215467_clip014_s000/audio.wav,"dawn summer ambient soundscape, Bowra dry woodland, Australia, hot (33C), dry air, moderate wind, no music, no machinery",33.36,21.87,4.05,ok
0701_215467_clip015_s000,215467_clip015_s000,215467,2020-01-10,dawn,summer,train,10.31,resources/site_257_bowra-dry-a/mvp1_all_conditioned_dataset/clips/0701_215467_clip015_s000/audio.wav,"dawn summer ambient soundscape, Bowra dry woodland, Australia, hot (33C), dry air, moderate wind, no music, no machinery",33.36,21.87,4.05,ok
0702_215467_clip016_s000,215467_clip016_s000,215467,2020-01-10,dawn,summer,train,12.794,resources/site_257_bowra-dry-a/mvp1_all_conditioned_dataset/clips/0702_215467_clip016_s000/audio.wav,"dawn summer ambient soundscape, Bowra dry woodland, Australia, hot (33C), dry air, moderate wind, no music, no machinery",33.36,21.87,4.05,ok
0703_215467_clip017_s000,215467_clip017_s000,215467,2020-01-10,dawn,summer,train,11.61,resources/site_257_bowra-dry-a/mvp1_all_conditioned_dataset/clips/0703_215467_clip017_s000/audio.wav,"dawn summer ambient soundscape, Bowra dry woodland, Australia, hot (33C), dry air, moderate wind, no music, no machinery",33.36,21.87,4.05,ok
0704_215467_clip018_s000,215467_clip018_s000,215467,2020-01-10,dawn,summer,val,15.627,resources/site_257_bowra-dry-a/mvp1_all_conditioned_dataset/clips/0704_215467_clip018_s000/audio.wav,"dawn summer ambient soundscape, Bowra dry woodland, Australia, hot (33C), dry air, moderate wind, no music, no machinery",33.36,21.87,4.05,ok
0705_215467_clip020_s000,215467_clip020_s000,215467,2020-01-10,dawn,summer,train,11.935,resources/site_257_bowra-dry-a/mvp1_all_conditioned_dataset/clips/0705_215467_clip020_s000/audio.wav,"dawn summer ambient soundscape, Bowra dry woodland, Australia, hot (33C), dry air, moderate wind, no music, no machinery",33.36,21.87,4.05,ok
0706_215467_clip020_s001,215467_clip020_s001,215467,2020-01-10,dawn,summer,train,11.656,resources/site_257_bowra-dry-a/mvp1_all_conditioned_dataset/clips/0706_215467_clip020_s001/audio.wav,"dawn summer ambient soundscape, Bowra dry woodland, Australia, hot (33C), dry air, moderate wind, no music, no machinery",33.36,21.87,4.05,ok
0707_215467_clip021_s000,215467_clip021_s000,215467,2020-01-10,dawn,summer,train,11.935,resources/site_257_bowra-dry-a/mvp1_all_conditioned_dataset/clips/0707_215467_clip021_s000/audio.wav,"dawn summer ambient soundscape, Bowra dry woodland, Australia, hot (33C), dry air, moderate wind, no music, no machinery",33.36,21.87,4.05,ok
0708_215467_clip021_s001,215467_clip021_s001,215467,2020-01-10,dawn,summer,train,12.237,resources/site_257_bowra-dry-a/mvp1_all_conditioned_dataset/clips/0708_215467_clip021_s001/audio.wav,"dawn summer ambient soundscape, Bowra dry woodland, Australia, hot (33C), dry air, moderate wind, no music, no machinery",33.36,21.87,4.05,ok
0709_215467_clip021_s002,215467_clip021_s002,215467,2020-01-10,dawn,summer,train,10.286,resources/site_257_bowra-dry-a/mvp1_all_conditioned_dataset/clips/0709_215467_clip021_s002/audio.wav,"dawn summer ambient soundscape, Bowra dry woodland, Australia, hot (33C), dry air, moderate wind, no music, no machinery",33.36,21.87,4.05,ok
0710_215467_clip021_s003,215467_clip021_s003,215467,2020-01-10,dawn,summer,train,15.418,resources/site_257_bowra-dry-a/mvp1_all_conditioned_dataset/clips/0710_215467_clip021_s003/audio.wav,"dawn summer ambient soundscape, Bowra dry woodland, Australia, hot (33C), dry air, moderate wind, no music, no machinery",33.36,21.87,4.05,ok
0711_215467_clip021_s004,215467_clip021_s004,215467,2020-01-10,dawn,summer,val,11.146,resources/site_257_bowra-dry-a/mvp1_all_conditioned_dataset/clips/0711_215467_clip021_s004/audio.wav,"dawn summer ambient soundscape, Bowra dry woodland, Australia, hot (33C), dry air, moderate wind, no music, no machinery",33.36,21.87,4.05,ok
0712_215467_clip022_s000,215467_clip022_s000,215467,2020-01-10,dawn,summer,train,18.762,resources/site_257_bowra-dry-a/mvp1_all_conditioned_dataset/clips/0712_215467_clip022_s000/audio.wav,"dawn summer ambient soundscape, Bowra dry woodland, Australia, hot (33C), dry air, moderate wind, no music, no machinery",33.36,21.87,4.05,ok
0713_215467_clip024_s000,215467_clip024_s000,215467,2020-01-10,dawn,summer,val,10.751,resources/site_257_bowra-dry-a/mvp1_all_conditioned_dataset/clips/0713_215467_clip024_s000/audio.wav,"dawn summer ambient soundscape, Bowra dry woodland, Australia, hot (33C), dry air, moderate wind, no music, no machinery",33.36,21.87,4.05,ok
0714_215467_clip024_s001,215467_clip024_s001,215467,2020-01-10,dawn,summer,train,11.424,resources/site_257_bowra-dry-a/mvp1_all_conditioned_dataset/clips/0714_215467_clip024_s001/audio.wav,"dawn summer ambient soundscape, Bowra dry woodland, Australia, hot (33C), dry air, moderate wind, no music, no machinery",33.36,21.87,4.05,ok
0715_215730_clip003_s000,215730_clip003_s000,215730,2020-02-01,dawn,summer,train,11.796,resources/site_257_bowra-dry-a/mvp1_all_conditioned_dataset/clips/0715_215730_clip003_s000/audio.wav,"dawn summer ambient soundscape, Bowra dry woodland, Australia, hot (33C), dry air, moderate wind, no music, no machinery",32.69,33.23,4.09,ok
0716_215730_clip011_s000,215730_clip011_s000,215730,2020-02-01,dawn,summer,train,10.286,resources/site_257_bowra-dry-a/mvp1_all_conditioned_dataset/clips/0716_215730_clip011_s000/audio.wav,"dawn summer ambient soundscape, Bowra dry woodland, Australia, hot (33C), dry air, moderate wind, no music, no machinery",32.69,33.23,4.09,ok
0717_215730_clip020_s000,215730_clip020_s000,215730,2020-02-01,dawn,summer,train,12.585,resources/site_257_bowra-dry-a/mvp1_all_conditioned_dataset/clips/0717_215730_clip020_s000/audio.wav,"dawn summer ambient soundscape, Bowra dry woodland, Australia, hot (33C), dry air, moderate wind, no music, no machinery",32.69,33.23,4.09,ok
0718_215730_clip021_s000,215730_clip021_s000,215730,2020-02-01,dawn,summer,train,11.099,resources/site_257_bowra-dry-a/mvp1_all_conditioned_dataset/clips/0718_215730_clip021_s000/audio.wav,"dawn summer ambient soundscape, Bowra dry woodland, Australia, hot (33C), dry air, moderate wind, no music, no machinery",32.69,33.23,4.09,ok
0719_215903_clip005_s000,215903_clip005_s000,215903,2020-02-15,dawn,summer,train,12.539,resources/site_257_bowra-dry-a/mvp1_all_conditioned_dataset/clips/0719_215903_clip005_s000/audio.wav,"dawn summer ambient soundscape, Bowra dry woodland, Australia, warm (25C), moderate humidity, light breeze, no music, no machinery",25.19,64.28,1.85,ok
0720_1400482_clip001_s000,1400482_clip001_s000,1400482,2023-12-13,dawn,summer,train,13.468,resources/site_257_bowra-dry-a/mvp1_all_conditioned_dataset/clips/0720_1400482_clip001_s000/audio.wav,"dawn summer ambient soundscape, Bowra dry woodland, Australia, warm (25C), moderate humidity, moderate wind, no music, no machinery",25.4,54.05,3.21,ok
0721_1400482_clip001_s001,1400482_clip001_s001,1400482,2023-12-13,dawn,summer,train,12.098,resources/site_257_bowra-dry-a/mvp1_all_conditioned_dataset/clips/0721_1400482_clip001_s001/audio.wav,"dawn summer ambient soundscape, Bowra dry woodland, Australia, warm (25C), moderate humidity, moderate wind, no music, no machinery",25.4,54.05,3.21,ok
0722_1400482_clip001_s002,1400482_clip001_s002,1400482,2023-12-13,dawn,summer,train,17.09,resources/site_257_bowra-dry-a/mvp1_all_conditioned_dataset/clips/0722_1400482_clip001_s002/audio.wav,"dawn summer ambient soundscape, Bowra dry woodland, Australia, warm (25C), moderate humidity, moderate wind, no music, no machinery",25.4,54.05,3.21,ok
0723_1400482_clip002_s000,1400482_clip002_s000,1400482,2023-12-13,dawn,summer,train,13.398,resources/site_257_bowra-dry-a/mvp1_all_conditioned_dataset/clips/0723_1400482_clip002_s000/audio.wav,"dawn summer ambient soundscape, Bowra dry woodland, Australia, warm (25C), moderate humidity, moderate wind, no music, no machinery",25.4,54.05,3.21,ok
0724_1400482_clip002_s001,1400482_clip002_s001,1400482,2023-12-13,dawn,summer,train,13.073,resources/site_257_bowra-dry-a/mvp1_all_conditioned_dataset/clips/0724_1400482_clip002_s001/audio.wav,"dawn summer ambient soundscape, Bowra dry woodland, Australia, warm (25C), moderate humidity, moderate wind, no music, no machinery",25.4,54.05,3.21,ok
0725_1402116_clip001_s000,1402116_clip001_s000,1402116,2024-02-07,dawn,summer,val,12.98,resources/site_257_bowra-dry-a/mvp1_all_conditioned_dataset/clips/0725_1402116_clip001_s000/audio.wav,"dawn summer ambient soundscape, Bowra dry woodland, Australia, mild (19C), moderate humidity, moderate wind, no music, no machinery",18.79,46.69,4.28,ok
0726_1402116_clip002_s000,1402116_clip002_s000,1402116,2024-02-07,dawn,summer,train,12.26,resources/site_257_bowra-dry-a/mvp1_all_conditioned_dataset/clips/0726_1402116_clip002_s000/audio.wav,"dawn summer ambient soundscape, Bowra dry woodland, Australia, mild (19C), moderate humidity, moderate wind, no music, no machinery",18.79,46.69,4.28,ok
0727_1402116_clip015_s000,1402116_clip015_s000,1402116,2024-02-07,dawn,summer,train,11.564,resources/site_257_bowra-dry-a/mvp1_all_conditioned_dataset/clips/0727_1402116_clip015_s000/audio.wav,"dawn summer ambient soundscape, Bowra dry woodland, Australia, mild (19C), moderate humidity, moderate wind, no music, no machinery",18.79,46.69,4.28,ok
0728_1402116_clip016_s000,1402116_clip016_s000,1402116,2024-02-07,dawn,summer,train,10.426,resources/site_257_bowra-dry-a/mvp1_all_conditioned_dataset/clips/0728_1402116_clip016_s000/audio.wav,"dawn summer ambient soundscape, Bowra dry woodland, Australia, mild (19C), moderate humidity, moderate wind, no music, no machinery",18.79,46.69,4.28,ok
0729_1402116_clip016_s001,1402116_clip016_s001,1402116,2024-02-07,dawn,summer,train,14.768,resources/site_257_bowra-dry-a/mvp1_all_conditioned_dataset/clips/0729_1402116_clip016_s001/audio.wav,"dawn summer ambient soundscape, Bowra dry woodland, Australia, mild (19C), moderate humidity, moderate wind, no music, no machinery",18.79,46.69,4.28,ok
0730_1677668_clip002_s000,1677668_clip002_s000,1677668,2025-01-01,dawn,summer,train,12.934,resources/site_257_bowra-dry-a/mvp1_all_conditioned_dataset/clips/0730_1677668_clip002_s000/audio.wav,"dawn summer ambient soundscape, Bowra dry woodland, Australia, warm (27C), dry air, moderate wind, no music, no machinery",27.08,27.41,4.4,ok
0731_1677668_clip003_s000,1677668_clip003_s000,1677668,2025-01-01,dawn,summer,train,12.655,resources/site_257_bowra-dry-a/mvp1_all_conditioned_dataset/clips/0731_1677668_clip003_s000/audio.wav,"dawn summer ambient soundscape, Bowra dry woodland, Australia, warm (27C), dry air, moderate wind, no music, no machinery",27.08,27.41,4.4,ok
0732_1677668_clip003_s001,1677668_clip003_s001,1677668,2025-01-01,dawn,summer,train,12.817,resources/site_257_bowra-dry-a/mvp1_all_conditioned_dataset/clips/0732_1677668_clip003_s001/audio.wav,"dawn summer ambient soundscape, Bowra dry woodland, Australia, warm (27C), dry air, moderate wind, no music, no machinery",27.08,27.41,4.4,ok
0733_1677668_clip004_s000,1677668_clip004_s000,1677668,2025-01-01,dawn,summer,val,10.031,resources/site_257_bowra-dry-a/mvp1_all_conditioned_dataset/clips/0733_1677668_clip004_s000/audio.wav,"dawn summer ambient soundscape, Bowra dry woodland, Australia, warm (27C), dry air, moderate wind, no music, no machinery",27.08,27.41,4.4,ok
0734_1677668_clip004_s001,1677668_clip004_s001,1677668,2025-01-01,dawn,summer,train,12.887,resources/site_257_bowra-dry-a/mvp1_all_conditioned_dataset/clips/0734_1677668_clip004_s001/audio.wav,"dawn summer ambient soundscape, Bowra dry woodland, Australia, warm (27C), dry air, moderate wind, no music, no machinery",27.08,27.41,4.4,ok
0735_1677668_clip004_s002,1677668_clip004_s002,1677668,2025-01-01,dawn,summer,train,12.005,resources/site_257_bowra-dry-a/mvp1_all_conditioned_dataset/clips/0735_1677668_clip004_s002/audio.wav,"dawn summer ambient soundscape, Bowra dry woodland, Australia, warm (27C), dry air, moderate wind, no music, no machinery",27.08,27.41,4.4,ok
0736_1677668_clip006_s000,1677668_clip006_s000,1677668,2025-01-01,dawn,summer,train,11.401,resources/site_257_bowra-dry-a/mvp1_all_conditioned_dataset/clips/0736_1677668_clip006_s000/audio.wav,"dawn summer ambient soundscape, Bowra dry woodland, Australia, warm (27C), dry air, moderate wind, no music, no machinery",27.08,27.41,4.4,ok
0737_1677668_clip007_s000,1677668_clip007_s000,1677668,2025-01-01,dawn,summer,train,12.028,resources/site_257_bowra-dry-a/mvp1_all_conditioned_dataset/clips/0737_1677668_clip007_s000/audio.wav,"dawn summer ambient soundscape, Bowra dry woodland, Australia, warm (27C), dry air, moderate wind, no music, no machinery",27.08,27.41,4.4,ok
0738_1677668_clip009_s000,1677668_clip009_s000,1677668,2025-01-01,dawn,summer,train,15.697,resources/site_257_bowra-dry-a/mvp1_all_conditioned_dataset/clips/0738_1677668_clip009_s000/audio.wav,"dawn summer ambient soundscape, Bowra dry woodland, Australia, warm (27C), dry air, moderate wind, no music, no machinery",27.08,27.41,4.4,ok
0739_1677668_clip012_s000,1677668_clip012_s000,1677668,2025-01-01,dawn,summer,train,13.978,resources/site_257_bowra-dry-a/mvp1_all_conditioned_dataset/clips/0739_1677668_clip012_s000/audio.wav,"dawn summer ambient soundscape, Bowra dry woodland, Australia, warm (27C), dry air, moderate wind, no music, no machinery",27.08,27.41,4.4,ok
0740_1677668_clip013_s000,1677668_clip013_s000,1677668,2025-01-01,dawn,summer,train,10.983,resources/site_257_bowra-dry-a/mvp1_all_conditioned_dataset/clips/0740_1677668_clip013_s000/audio.wav,"dawn summer ambient soundscape, Bowra dry woodland, Australia, warm (27C), dry air, moderate wind, no music, no machinery",27.08,27.41,4.4,ok
0741_1677668_clip017_s000,1677668_clip017_s000,1677668,2025-01-01,dawn,summer,train,13.816,resources/site_257_bowra-dry-a/mvp1_all_conditioned_dataset/clips/0741_1677668_clip017_s000/audio.wav,"dawn summer ambient soundscape, Bowra dry woodland, Australia, warm (27C), dry air, moderate wind, no music, no machinery",27.08,27.41,4.4,ok
0742_1677668_clip017_s001,1677668_clip017_s001,1677668,2025-01-01,dawn,summer,train,12.074,resources/site_257_bowra-dry-a/mvp1_all_conditioned_dataset/clips/0742_1677668_clip017_s001/audio.wav,"dawn summer ambient soundscape, Bowra dry woodland, Australia, warm (27C), dry air, moderate wind, no music, no machinery",27.08,27.41,4.4,ok
0743_1677668_clip019_s000,1677668_clip019_s000,1677668,2025-01-01,dawn,summer,train,12.399,resources/site_257_bowra-dry-a/mvp1_all_conditioned_dataset/clips/0743_1677668_clip019_s000/audio.wav,"dawn summer ambient soundscape, Bowra dry woodland, Australia, warm (27C), dry air, moderate wind, no music, no machinery",27.08,27.41,4.4,ok
0744_1676441_clip002_s000,1676441_clip002_s000,1676441,2025-02-19,dawn,summer,train,11.053,resources/site_257_bowra-dry-a/mvp1_all_conditioned_dataset/clips/0744_1676441_clip002_s000/audio.wav,"dawn summer ambient soundscape, Bowra dry woodland, Australia, mild (19C), dry air, moderate wind, no music, no machinery",18.68,32.94,2.98,ok
0745_1676441_clip004_s000,1676441_clip004_s000,1676441,2025-02-19,dawn,summer,train,10.379,resources/site_257_bowra-dry-a/mvp1_all_conditioned_dataset/clips/0745_1676441_clip004_s000/audio.wav,"dawn summer ambient soundscape, Bowra dry woodland, Australia, mild (19C), dry air, moderate wind, no music, no machinery",18.68,32.94,2.98,ok
0746_1676441_clip004_s001,1676441_clip004_s001,1676441,2025-02-19,dawn,summer,train,10.913,resources/site_257_bowra-dry-a/mvp1_all_conditioned_dataset/clips/0746_1676441_clip004_s001/audio.wav,"dawn summer ambient soundscape, Bowra dry woodland, Australia, mild (19C), dry air, moderate wind, no music, no machinery",18.68,32.94,2.98,ok
0747_1676441_clip006_s000,1676441_clip006_s000,1676441,2025-02-19,dawn,summer,train,11.61,resources/site_257_bowra-dry-a/mvp1_all_conditioned_dataset/clips/0747_1676441_clip006_s000/audio.wav,"dawn summer ambient soundscape, Bowra dry woodland, Australia, mild (19C), dry air, moderate wind, no music, no machinery",18.68,32.94,2.98,ok
0748_1676441_clip007_s000,1676441_clip007_s000,1676441,2025-02-19,dawn,summer,train,11.517,resources/site_257_bowra-dry-a/mvp1_all_conditioned_dataset/clips/0748_1676441_clip007_s000/audio.wav,"dawn summer ambient soundscape, Bowra dry woodland, Australia, mild (19C), dry air, moderate wind, no music, no machinery",18.68,32.94,2.98,ok
0749_1676441_clip018_s000,1676441_clip018_s000,1676441,2025-02-19,dawn,summer,train,10.751,resources/site_257_bowra-dry-a/mvp1_all_conditioned_dataset/clips/0749_1676441_clip018_s000/audio.wav,"dawn summer ambient soundscape, Bowra dry woodland, Australia, mild (19C), dry air, moderate wind, no music, no machinery",18.68,32.94,2.98,ok
0750_215684_clip017_s000,215684_clip017_s000,215684,2020-01-28,morning,summer,train,12.957,resources/site_257_bowra-dry-a/mvp1_all_conditioned_dataset/clips/0750_215684_clip017_s000/audio.wav,"morning summer ambient soundscape, Bowra dry woodland, Australia, hot (34C), dry air, light breeze, no music, no machinery",33.9,37.87,1.86,ok
0751_215898_clip020_s000,215898_clip020_s000,215898,2020-02-15,morning,summer,train,10.913,resources/site_257_bowra-dry-a/mvp1_all_conditioned_dataset/clips/0751_215898_clip020_s000/audio.wav,"morning summer ambient soundscape, Bowra dry woodland, Australia, hot (33C), dry air, light breeze, no music, no machinery",32.99,37.2,1.14,ok
0752_215898_clip021_s000,215898_clip021_s000,215898,2020-02-15,morning,summer,train,10.054,resources/site_257_bowra-dry-a/mvp1_all_conditioned_dataset/clips/0752_215898_clip021_s000/audio.wav,"morning summer ambient soundscape, Bowra dry woodland, Australia, hot (33C), dry air, light breeze, no music, no machinery",32.99,37.2,1.14,ok
0753_1678929_clip021_s000,1678929_clip021_s000,1678929,2024-12-12,morning,summer,train,12.864,resources/site_257_bowra-dry-a/mvp1_all_conditioned_dataset/clips/0753_1678929_clip021_s000/audio.wav,"morning summer ambient soundscape, Bowra dry woodland, Australia, warm (29C), dry air, moderate wind, no music, no machinery",28.81,21.68,3.53,ok
0754_1676791_clip004_s000,1676791_clip004_s000,1676791,2024-12-17,morning,summer,train,23.847,resources/site_257_bowra-dry-a/mvp1_all_conditioned_dataset/clips/0754_1676791_clip004_s000/audio.wav,"morning summer ambient soundscape, Bowra dry woodland, Australia, hot (33C), moderate humidity, moderate wind, no music, no machinery",32.87,43.25,4.17,ok
0755_1679216_clip002_s000,1679216_clip002_s000,1679216,2025-01-01,morning,summer,train,11.285,resources/site_257_bowra-dry-a/mvp1_all_conditioned_dataset/clips/0755_1679216_clip002_s000/audio.wav,"morning summer ambient soundscape, Bowra dry woodland, Australia, hot (33C), dry air, moderate wind, no music, no machinery",32.86,22.71,4.33,ok
0756_1679216_clip003_s000,1679216_clip003_s000,1679216,2025-01-01,morning,summer,train,11.796,resources/site_257_bowra-dry-a/mvp1_all_conditioned_dataset/clips/0756_1679216_clip003_s000/audio.wav,"morning summer ambient soundscape, Bowra dry woodland, Australia, hot (33C), dry air, moderate wind, no music, no machinery",32.86,22.71,4.33,ok
0757_1679216_clip007_s000,1679216_clip007_s000,1679216,2025-01-01,morning,summer,train,11.053,resources/site_257_bowra-dry-a/mvp1_all_conditioned_dataset/clips/0757_1679216_clip007_s000/audio.wav,"morning summer ambient soundscape, Bowra dry woodland, Australia, hot (33C), dry air, moderate wind, no music, no machinery",32.86,22.71,4.33,ok
0758_1679216_clip010_s000,1679216_clip010_s000,1679216,2025-01-01,morning,summer,val,11.285,resources/site_257_bowra-dry-a/mvp1_all_conditioned_dataset/clips/0758_1679216_clip010_s000/audio.wav,"morning summer ambient soundscape, Bowra dry woodland, Australia, hot (33C), dry air, moderate wind, no music, no machinery",32.86,22.71,4.33,ok
0759_1679216_clip011_s000,1679216_clip011_s000,1679216,2025-01-01,morning,summer,train,11.285,resources/site_257_bowra-dry-a/mvp1_all_conditioned_dataset/clips/0759_1679216_clip011_s000/audio.wav,"morning summer ambient soundscape, Bowra dry woodland, Australia, hot (33C), dry air, moderate wind, no music, no machinery",32.86,22.71,4.33,ok
0760_1679216_clip012_s000,1679216_clip012_s000,1679216,2025-01-01,morning,summer,train,11.076,resources/site_257_bowra-dry-a/mvp1_all_conditioned_dataset/clips/0760_1679216_clip012_s000/audio.wav,"morning summer ambient soundscape, Bowra dry woodland, Australia, hot (33C), dry air, moderate wind, no music, no machinery",32.86,22.71,4.33,ok
0761_1679216_clip012_s001,1679216_clip012_s001,1679216,2025-01-01,morning,summer,train,12.399,resources/site_257_bowra-dry-a/mvp1_all_conditioned_dataset/clips/0761_1679216_clip012_s001/audio.wav,"morning summer ambient soundscape, Bowra dry woodland, Australia, hot (33C), dry air, moderate wind, no music, no machinery",32.86,22.71,4.33,ok
0762_1679216_clip012_s002,1679216_clip012_s002,1679216,2025-01-01,morning,summer,train,11.006,resources/site_257_bowra-dry-a/mvp1_all_conditioned_dataset/clips/0762_1679216_clip012_s002/audio.wav,"morning summer ambient soundscape, Bowra dry woodland, Australia, hot (33C), dry air, moderate wind, no music, no machinery",32.86,22.71,4.33,ok
0763_1679216_clip014_s000,1679216_clip014_s000,1679216,2025-01-01,morning,summer,val,12.794,resources/site_257_bowra-dry-a/mvp1_all_conditioned_dataset/clips/0763_1679216_clip014_s000/audio.wav,"morning summer ambient soundscape, Bowra dry woodland, Australia, hot (33C), dry air, moderate wind, no music, no machinery",32.86,22.71,4.33,ok
0764_1679216_clip014_s001,1679216_clip014_s001,1679216,2025-01-01,morning,summer,train,10.588,resources/site_257_bowra-dry-a/mvp1_all_conditioned_dataset/clips/0764_1679216_clip014_s001/audio.wav,"morning summer ambient soundscape, Bowra dry woodland, Australia, hot (33C), dry air, moderate wind, no music, no machinery",32.86,22.71,4.33,ok
0765_1679216_clip014_s002,1679216_clip014_s002,1679216,2025-01-01,morning,summer,train,11.099,resources/site_257_bowra-dry-a/mvp1_all_conditioned_dataset/clips/0765_1679216_clip014_s002/audio.wav,"morning summer ambient soundscape, Bowra dry woodland, Australia, hot (33C), dry air, moderate wind, no music, no machinery",32.86,22.71,4.33,ok
0766_1679216_clip015_s000,1679216_clip015_s000,1679216,2025-01-01,morning,summer,train,12.655,resources/site_257_bowra-dry-a/mvp1_all_conditioned_dataset/clips/0766_1679216_clip015_s000/audio.wav,"morning summer ambient soundscape, Bowra dry woodland, Australia, hot (33C), dry air, moderate wind, no music, no machinery",32.86,22.71,4.33,ok
0767_1679216_clip015_s001,1679216_clip015_s001,1679216,2025-01-01,morning,summer,train,13.189,resources/site_257_bowra-dry-a/mvp1_all_conditioned_dataset/clips/0767_1679216_clip015_s001/audio.wav,"morning summer ambient soundscape, Bowra dry woodland, Australia, hot (33C), dry air, moderate wind, no music, no machinery",32.86,22.71,4.33,ok
0768_1679216_clip015_s002,1679216_clip015_s002,1679216,2025-01-01,morning,summer,train,17.299,resources/site_257_bowra-dry-a/mvp1_all_conditioned_dataset/clips/0768_1679216_clip015_s002/audio.wav,"morning summer ambient soundscape, Bowra dry woodland, Australia, hot (33C), dry air, moderate wind, no music, no machinery",32.86,22.71,4.33,ok
0769_1679216_clip015_s003,1679216_clip015_s003,1679216,2025-01-01,morning,summer,train,19.412,resources/site_257_bowra-dry-a/mvp1_all_conditioned_dataset/clips/0769_1679216_clip015_s003/audio.wav,"morning summer ambient soundscape, Bowra dry woodland, Australia, hot (33C), dry air, moderate wind, no music, no machinery",32.86,22.71,4.33,ok
0770_1679216_clip024_s000,1679216_clip024_s000,1679216,2025-01-01,morning,summer,train,10.774,resources/site_257_bowra-dry-a/mvp1_all_conditioned_dataset/clips/0770_1679216_clip024_s000/audio.wav,"morning summer ambient soundscape, Bowra dry woodland, Australia, hot (33C), dry air, moderate wind, no music, no machinery",32.86,22.71,4.33,ok
0771_1676521_clip003_s000,1676521_clip003_s000,1676521,2025-02-13,morning,summer,train,11.564,resources/site_257_bowra-dry-a/mvp1_all_conditioned_dataset/clips/0771_1676521_clip003_s000/audio.wav,"morning summer ambient soundscape, Bowra dry woodland, Australia, hot (35C), dry air, moderate wind, no music, no machinery",35.28,36.43,2.97,ok
0772_1669477_clip004_s000,1669477_clip004_s000,1669477,2025-02-19,morning,summer,train,11.517,resources/site_257_bowra-dry-a/mvp1_all_conditioned_dataset/clips/0772_1669477_clip004_s000/audio.wav,"morning summer ambient soundscape, Bowra dry woodland, Australia, warm (27C), dry air, moderate wind, no music, no machinery",26.84,17.93,3.27,ok
0773_1669477_clip006_s000,1669477_clip006_s000,1669477,2025-02-19,morning,summer,train,10.774,resources/site_257_bowra-dry-a/mvp1_all_conditioned_dataset/clips/0773_1669477_clip006_s000/audio.wav,"morning summer ambient soundscape, Bowra dry woodland, Australia, warm (27C), dry air, moderate wind, no music, no machinery",26.84,17.93,3.27,ok
0774_215122_clip005_s000,215122_clip005_s000,215122,2019-12-11,night,summer,train,11.633,resources/site_257_bowra-dry-a/mvp1_all_conditioned_dataset/clips/0774_215122_clip005_s000/audio.wav,"night summer ambient soundscape, Bowra dry woodland, Australia, warm (28C), dry air, moderate wind, no music, no machinery",28.04,14.14,4.34,ok
0775_215122_clip007_s000,215122_clip007_s000,215122,2019-12-11,night,summer,train,10.913,resources/site_257_bowra-dry-a/mvp1_all_conditioned_dataset/clips/0775_215122_clip007_s000/audio.wav,"night summer ambient soundscape, Bowra dry woodland, Australia, warm (28C), dry air, moderate wind, no music, no machinery",28.04,14.14,4.34,ok
0776_215122_clip021_s000,215122_clip021_s000,215122,2019-12-11,night,summer,train,11.61,resources/site_257_bowra-dry-a/mvp1_all_conditioned_dataset/clips/0776_215122_clip021_s000/audio.wav,"night summer ambient soundscape, Bowra dry woodland, Australia, warm (28C), dry air, moderate wind, no music, no machinery",28.04,14.14,4.34,ok
0777_215122_clip023_s000,215122_clip023_s000,215122,2019-12-11,night,summer,train,11.215,resources/site_257_bowra-dry-a/mvp1_all_conditioned_dataset/clips/0777_215122_clip023_s000/audio.wav,"night summer ambient soundscape, Bowra dry woodland, Australia, warm (28C), dry air, moderate wind, no music, no machinery",28.04,14.14,4.34,ok
0778_215190_clip001_s000,215190_clip001_s000,215190,2019-12-17,night,summer,train,14.536,resources/site_257_bowra-dry-a/mvp1_all_conditioned_dataset/clips/0778_215190_clip001_s000/audio.wav,"night summer ambient soundscape, Bowra dry woodland, Australia, warm (30C), dry air, moderate wind, no music, no machinery",30.33,20.1,3.23,ok
0779_215190_clip001_s001,215190_clip001_s001,215190,2019-12-17,night,summer,train,16.022,resources/site_257_bowra-dry-a/mvp1_all_conditioned_dataset/clips/0779_215190_clip001_s001/audio.wav,"night summer ambient soundscape, Bowra dry woodland, Australia, warm (30C), dry air, moderate wind, no music, no machinery",30.33,20.1,3.23,ok
0780_215190_clip001_s002,215190_clip001_s002,215190,2019-12-17,night,summer,val,14.745,resources/site_257_bowra-dry-a/mvp1_all_conditioned_dataset/clips/0780_215190_clip001_s002/audio.wav,"night summer ambient soundscape, Bowra dry woodland, Australia, warm (30C), dry air, moderate wind, no music, no machinery",30.33,20.1,3.23,ok
0781_215190_clip002_s000,215190_clip002_s000,215190,2019-12-17,night,summer,train,10.495,resources/site_257_bowra-dry-a/mvp1_all_conditioned_dataset/clips/0781_215190_clip002_s000/audio.wav,"night summer ambient soundscape, Bowra dry woodland, Australia, warm (30C), dry air, moderate wind, no music, no machinery",30.33,20.1,3.23,ok
0782_215190_clip003_s000,215190_clip003_s000,215190,2019-12-17,night,summer,train,11.68,resources/site_257_bowra-dry-a/mvp1_all_conditioned_dataset/clips/0782_215190_clip003_s000/audio.wav,"night summer ambient soundscape, Bowra dry woodland, Australia, warm (30C), dry air, moderate wind, no music, no machinery",30.33,20.1,3.23,ok
0783_215190_clip003_s001,215190_clip003_s001,215190,2019-12-17,night,summer,train,10.217,resources/site_257_bowra-dry-a/mvp1_all_conditioned_dataset/clips/0783_215190_clip003_s001/audio.wav,"night summer ambient soundscape, Bowra dry woodland, Australia, warm (30C), dry air, moderate wind, no music, no machinery",30.33,20.1,3.23,ok
0784_215190_clip004_s000,215190_clip004_s000,215190,2019-12-17,night,summer,train,12.701,resources/site_257_bowra-dry-a/mvp1_all_conditioned_dataset/clips/0784_215190_clip004_s000/audio.wav,"night summer ambient soundscape, Bowra dry woodland, Australia, warm (30C), dry air, moderate wind, no music, no machinery",30.33,20.1,3.23,ok
0785_215190_clip004_s001,215190_clip004_s001,215190,2019-12-17,night,summer,train,10.983,resources/site_257_bowra-dry-a/mvp1_all_conditioned_dataset/clips/0785_215190_clip004_s001/audio.wav,"night summer ambient soundscape, Bowra dry woodland, Australia, warm (30C), dry air, moderate wind, no music, no machinery",30.33,20.1,3.23,ok
0786_215190_clip006_s000,215190_clip006_s000,215190,2019-12-17,night,summer,train,13.607,resources/site_257_bowra-dry-a/mvp1_all_conditioned_dataset/clips/0786_215190_clip006_s000/audio.wav,"night summer ambient soundscape, Bowra dry woodland, Australia, warm (30C), dry air, moderate wind, no music, no machinery",30.33,20.1,3.23,ok
0787_215190_clip006_s001,215190_clip006_s001,215190,2019-12-17,night,summer,train,11.889,resources/site_257_bowra-dry-a/mvp1_all_conditioned_dataset/clips/0787_215190_clip006_s001/audio.wav,"night summer ambient soundscape, Bowra dry woodland, Australia, warm (30C), dry air, moderate wind, no music, no machinery",30.33,20.1,3.23,ok
0788_215190_clip007_s000,215190_clip007_s000,215190,2019-12-17,night,summer,train,10.263,resources/site_257_bowra-dry-a/mvp1_all_conditioned_dataset/clips/0788_215190_clip007_s000/audio.wav,"night summer ambient soundscape, Bowra dry woodland, Australia, warm (30C), dry air, moderate wind, no music, no machinery",30.33,20.1,3.23,ok
0789_215190_clip007_s001,215190_clip007_s001,215190,2019-12-17,night,summer,train,18.065,resources/site_257_bowra-dry-a/mvp1_all_conditioned_dataset/clips/0789_215190_clip007_s001/audio.wav,"night summer ambient soundscape, Bowra dry woodland, Australia, warm (30C), dry air, moderate wind, no music, no machinery",30.33,20.1,3.23,ok
0790_215190_clip007_s002,215190_clip007_s002,215190,2019-12-17,night,summer,train,12.283,resources/site_257_bowra-dry-a/mvp1_all_conditioned_dataset/clips/0790_215190_clip007_s002/audio.wav,"night summer ambient soundscape, Bowra dry woodland, Australia, warm (30C), dry air, moderate wind, no music, no machinery",30.33,20.1,3.23,ok
0791_215190_clip008_s000,215190_clip008_s000,215190,2019-12-17,night,summer,train,10.797,resources/site_257_bowra-dry-a/mvp1_all_conditioned_dataset/clips/0791_215190_clip008_s000/audio.wav,"night summer ambient soundscape, Bowra dry woodland, Australia, warm (30C), dry air, moderate wind, no music, no machinery",30.33,20.1,3.23,ok
0792_215190_clip013_s000,215190_clip013_s000,215190,2019-12-17,night,summer,val,15.209,resources/site_257_bowra-dry-a/mvp1_all_conditioned_dataset/clips/0792_215190_clip013_s000/audio.wav,"night summer ambient soundscape, Bowra dry woodland, Australia, warm (30C), dry air, moderate wind, no music, no machinery",30.33,20.1,3.23,ok
0793_215190_clip017_s000,215190_clip017_s000,215190,2019-12-17,night,summer,train,10.519,resources/site_257_bowra-dry-a/mvp1_all_conditioned_dataset/clips/0793_215190_clip017_s000/audio.wav,"night summer ambient soundscape, Bowra dry woodland, Australia, warm (30C), dry air, moderate wind, no music, no machinery",30.33,20.1,3.23,ok
0794_215190_clip018_s000,215190_clip018_s000,215190,2019-12-17,night,summer,train,11.703,resources/site_257_bowra-dry-a/mvp1_all_conditioned_dataset/clips/0794_215190_clip018_s000/audio.wav,"night summer ambient soundscape, Bowra dry woodland, Australia, warm (30C), dry air, moderate wind, no music, no machinery",30.33,20.1,3.23,ok
0795_215190_clip020_s000,215190_clip020_s000,215190,2019-12-17,night,summer,val,16.625,resources/site_257_bowra-dry-a/mvp1_all_conditioned_dataset/clips/0795_215190_clip020_s000/audio.wav,"night summer ambient soundscape, Bowra dry woodland, Australia, warm (30C), dry air, moderate wind, no music, no machinery",30.33,20.1,3.23,ok
0796_215190_clip021_s000,215190_clip021_s000,215190,2019-12-17,night,summer,train,12.237,resources/site_257_bowra-dry-a/mvp1_all_conditioned_dataset/clips/0796_215190_clip021_s000/audio.wav,"night summer ambient soundscape, Bowra dry woodland, Australia, warm (30C), dry air, moderate wind, no music, no machinery",30.33,20.1,3.23,ok
0797_215190_clip021_s001,215190_clip021_s001,215190,2019-12-17,night,summer,train,10.054,resources/site_257_bowra-dry-a/mvp1_all_conditioned_dataset/clips/0797_215190_clip021_s001/audio.wav,"night summer ambient soundscape, Bowra dry woodland, Australia, warm (30C), dry air, moderate wind, no music, no machinery",30.33,20.1,3.23,ok
0798_215190_clip022_s000,215190_clip022_s000,215190,2019-12-17,night,summer,train,10.124,resources/site_257_bowra-dry-a/mvp1_all_conditioned_dataset/clips/0798_215190_clip022_s000/audio.wav,"night summer ambient soundscape, Bowra dry woodland, Australia, warm (30C), dry air, moderate wind, no music, no machinery",30.33,20.1,3.23,ok
0799_1402286_clip005_s000,1402286_clip005_s000,1402286,2023-12-25,night,summer,train,10.17,resources/site_257_bowra-dry-a/mvp1_all_conditioned_dataset/clips/0799_1402286_clip005_s000/audio.wav,"night summer ambient soundscape, Bowra dry woodland, Australia, mild (22C), dry air, moderate wind, no music, no machinery",21.76,26.76,3.16,ok
0800_1402286_clip005_s001,1402286_clip005_s001,1402286,2023-12-25,night,summer,train,10.101,resources/site_257_bowra-dry-a/mvp1_all_conditioned_dataset/clips/0800_1402286_clip005_s001/audio.wav,"night summer ambient soundscape, Bowra dry woodland, Australia, mild (22C), dry air, moderate wind, no music, no machinery",21.76,26.76,3.16,ok
0801_1402286_clip010_s000,1402286_clip010_s000,1402286,2023-12-25,night,summer,train,10.495,resources/site_257_bowra-dry-a/mvp1_all_conditioned_dataset/clips/0801_1402286_clip010_s000/audio.wav,"night summer ambient soundscape, Bowra dry woodland, Australia, mild (22C), dry air, moderate wind, no music, no machinery",21.76,26.76,3.16,ok
0802_1402286_clip012_s000,1402286_clip012_s000,1402286,2023-12-25,night,summer,train,11.215,resources/site_257_bowra-dry-a/mvp1_all_conditioned_dataset/clips/0802_1402286_clip012_s000/audio.wav,"night summer ambient soundscape, Bowra dry woodland, Australia, mild (22C), dry air, moderate wind, no music, no machinery",21.76,26.76,3.16,ok
0803_1402286_clip013_s000,1402286_clip013_s000,1402286,2023-12-25,night,summer,val,12.423,resources/site_257_bowra-dry-a/mvp1_all_conditioned_dataset/clips/0803_1402286_clip013_s000/audio.wav,"night summer ambient soundscape, Bowra dry woodland, Australia, mild (22C), dry air, moderate wind, no music, no machinery",21.76,26.76,3.16,ok
0804_1402286_clip022_s000,1402286_clip022_s000,1402286,2023-12-25,night,summer,train,11.842,resources/site_257_bowra-dry-a/mvp1_all_conditioned_dataset/clips/0804_1402286_clip022_s000/audio.wav,"night summer ambient soundscape, Bowra dry woodland, Australia, mild (22C), dry air, moderate wind, no music, no machinery",21.76,26.76,3.16,ok
0805_1402286_clip023_s000,1402286_clip023_s000,1402286,2023-12-25,night,summer,val,12.167,resources/site_257_bowra-dry-a/mvp1_all_conditioned_dataset/clips/0805_1402286_clip023_s000/audio.wav,"night summer ambient soundscape, Bowra dry woodland, Australia, mild (22C), dry air, moderate wind, no music, no machinery",21.76,26.76,3.16,ok
0806_1402659_clip006_s000,1402659_clip006_s000,1402659,2024-01-02,night,summer,train,11.68,resources/site_257_bowra-dry-a/mvp1_all_conditioned_dataset/clips/0806_1402659_clip006_s000/audio.wav,"night summer ambient soundscape, Bowra dry woodland, Australia, warm (30C), dry air, moderate wind, no music, no machinery",29.87,33.74,4.3,ok
0807_1402659_clip012_s000,1402659_clip012_s000,1402659,2024-01-02,night,summer,train,11.981,resources/site_257_bowra-dry-a/mvp1_all_conditioned_dataset/clips/0807_1402659_clip012_s000/audio.wav,"night summer ambient soundscape, Bowra dry woodland, Australia, warm (30C), dry air, moderate wind, no music, no machinery",29.87,33.74,4.3,ok
0808_1402659_clip020_s000,1402659_clip020_s000,1402659,2024-01-02,night,summer,train,10.658,resources/site_257_bowra-dry-a/mvp1_all_conditioned_dataset/clips/0808_1402659_clip020_s000/audio.wav,"night summer ambient soundscape, Bowra dry woodland, Australia, warm (30C), dry air, moderate wind, no music, no machinery",29.87,33.74,4.3,ok
0809_1402659_clip020_s001,1402659_clip020_s001,1402659,2024-01-02,night,summer,val,11.587,resources/site_257_bowra-dry-a/mvp1_all_conditioned_dataset/clips/0809_1402659_clip020_s001/audio.wav,"night summer ambient soundscape, Bowra dry woodland, Australia, warm (30C), dry air, moderate wind, no music, no machinery",29.87,33.74,4.3,ok
0810_1402659_clip021_s000,1402659_clip021_s000,1402659,2024-01-02,night,summer,train,14.814,resources/site_257_bowra-dry-a/mvp1_all_conditioned_dataset/clips/0810_1402659_clip021_s000/audio.wav,"night summer ambient soundscape, Bowra dry woodland, Australia, warm (30C), dry air, moderate wind, no music, no machinery",29.87,33.74,4.3,ok
0811_1402659_clip021_s001,1402659_clip021_s001,1402659,2024-01-02,night,summer,train,11.773,resources/site_257_bowra-dry-a/mvp1_all_conditioned_dataset/clips/0811_1402659_clip021_s001/audio.wav,"night summer ambient soundscape, Bowra dry woodland, Australia, warm (30C), dry air, moderate wind, no music, no machinery",29.87,33.74,4.3,ok
0812_1402659_clip021_s002,1402659_clip021_s002,1402659,2024-01-02,night,summer,train,12.376,resources/site_257_bowra-dry-a/mvp1_all_conditioned_dataset/clips/0812_1402659_clip021_s002/audio.wav,"night summer ambient soundscape, Bowra dry woodland, Australia, warm (30C), dry air, moderate wind, no music, no machinery",29.87,33.74,4.3,ok
0813_1402123_clip016_s000,1402123_clip016_s000,1402123,2024-02-07,night,summer,train,15.395,resources/site_257_bowra-dry-a/mvp1_all_conditioned_dataset/clips/0813_1402123_clip016_s000/audio.wav,"night summer ambient soundscape, Bowra dry woodland, Australia, mild (23C), moderate humidity, moderate wind, no music, no machinery",22.68,67.57,4.09,ok
0814_1402123_clip024_s000,1402123_clip024_s000,1402123,2024-02-07,night,summer,val,10.008,resources/site_257_bowra-dry-a/mvp1_all_conditioned_dataset/clips/0814_1402123_clip024_s000/audio.wav,"night summer ambient soundscape, Bowra dry woodland, Australia, mild (23C), moderate humidity, moderate wind, no music, no machinery",22.68,67.57,4.09,ok
0815_1401711_clip014_s000,1401711_clip014_s000,1401711,2024-02-16,night,summer,train,13.909,resources/site_257_bowra-dry-a/mvp1_all_conditioned_dataset/clips/0815_1401711_clip014_s000/audio.wav,"night summer ambient soundscape, Bowra dry woodland, Australia, warm (28C), moderate humidity, moderate wind, no music, no machinery",27.62,55.79,2.08,ok
0816_1677542_clip001_s000,1677542_clip001_s000,1677542,2024-12-17,night,summer,train,13.328,resources/site_257_bowra-dry-a/mvp1_all_conditioned_dataset/clips/0816_1677542_clip001_s000/audio.wav,"night summer ambient soundscape, Bowra dry woodland, Australia, warm (32C), dry air, moderate wind, no music, no machinery",31.88,35.49,3.83,ok
0817_1677542_clip001_s001,1677542_clip001_s001,1677542,2024-12-17,night,summer,train,18.437,resources/site_257_bowra-dry-a/mvp1_all_conditioned_dataset/clips/0817_1677542_clip001_s001/audio.wav,"night summer ambient soundscape, Bowra dry woodland, Australia, warm (32C), dry air, moderate wind, no music, no machinery",31.88,35.49,3.83,ok
0818_1677542_clip001_s002,1677542_clip001_s002,1677542,2024-12-17,night,summer,train,13.653,resources/site_257_bowra-dry-a/mvp1_all_conditioned_dataset/clips/0818_1677542_clip001_s002/audio.wav,"night summer ambient soundscape, Bowra dry woodland, Australia, warm (32C), dry air, moderate wind, no music, no machinery",31.88,35.49,3.83,ok
0819_1677542_clip001_s003,1677542_clip001_s003,1677542,2024-12-17,night,summer,train,30.906,resources/site_257_bowra-dry-a/mvp1_all_conditioned_dataset/clips/0819_1677542_clip001_s003/audio.wav,"night summer ambient soundscape, Bowra dry woodland, Australia, warm (32C), dry air, moderate wind, no music, no machinery",31.88,35.49,3.83,ok
0820_1677542_clip002_s000,1677542_clip002_s000,1677542,2024-12-17,night,summer,train,27.121,resources/site_257_bowra-dry-a/mvp1_all_conditioned_dataset/clips/0820_1677542_clip002_s000/audio.wav,"night summer ambient soundscape, Bowra dry woodland, Australia, warm (32C), dry air, moderate wind, no music, no machinery",31.88,35.49,3.83,ok
0821_1677542_clip002_s001,1677542_clip002_s001,1677542,2024-12-17,night,summer,train,11.61,resources/site_257_bowra-dry-a/mvp1_all_conditioned_dataset/clips/0821_1677542_clip002_s001/audio.wav,"night summer ambient soundscape, Bowra dry woodland, Australia, warm (32C), dry air, moderate wind, no music, no machinery",31.88,35.49,3.83,ok
0822_1677542_clip002_s002,1677542_clip002_s002,1677542,2024-12-17,night,summer,train,10.728,resources/site_257_bowra-dry-a/mvp1_all_conditioned_dataset/clips/0822_1677542_clip002_s002/audio.wav,"night summer ambient soundscape, Bowra dry woodland, Australia, warm (32C), dry air, moderate wind, no music, no machinery",31.88,35.49,3.83,ok
0823_1677542_clip002_s003,1677542_clip002_s003,1677542,2024-12-17,night,summer,train,17.392,resources/site_257_bowra-dry-a/mvp1_all_conditioned_dataset/clips/0823_1677542_clip002_s003/audio.wav,"night summer ambient soundscape, Bowra dry woodland, Australia, warm (32C), dry air, moderate wind, no music, no machinery",31.88,35.49,3.83,ok
0824_1677542_clip002_s004,1677542_clip002_s004,1677542,2024-12-17,night,summer,train,17.461,resources/site_257_bowra-dry-a/mvp1_all_conditioned_dataset/clips/0824_1677542_clip002_s004/audio.wav,"night summer ambient soundscape, Bowra dry woodland, Australia, warm (32C), dry air, moderate wind, no music, no machinery",31.88,35.49,3.83,ok
0825_1677542_clip002_s005,1677542_clip002_s005,1677542,2024-12-17,night,summer,train,20.434,resources/site_257_bowra-dry-a/mvp1_all_conditioned_dataset/clips/0825_1677542_clip002_s005/audio.wav,"night summer ambient soundscape, Bowra dry woodland, Australia, warm (32C), dry air, moderate wind, no music, no machinery",31.88,35.49,3.83,ok
0826_1677542_clip002_s006,1677542_clip002_s006,1677542,2024-12-17,night,summer,train,23.824,resources/site_257_bowra-dry-a/mvp1_all_conditioned_dataset/clips/0826_1677542_clip002_s006/audio.wav,"night summer ambient soundscape, Bowra dry woodland, Australia, warm (32C), dry air, moderate wind, no music, no machinery",31.88,35.49,3.83,ok
0827_1677542_clip003_s000,1677542_clip003_s000,1677542,2024-12-17,night,summer,train,35.666,resources/site_257_bowra-dry-a/mvp1_all_conditioned_dataset/clips/0827_1677542_clip003_s000/audio.wav,"night summer ambient soundscape, Bowra dry woodland, Australia, warm (32C), dry air, moderate wind, no music, no machinery",31.88,35.49,3.83,ok
0828_1677542_clip003_s001,1677542_clip003_s001,1677542,2024-12-17,night,summer,train,12.841,resources/site_257_bowra-dry-a/mvp1_all_conditioned_dataset/clips/0828_1677542_clip003_s001/audio.wav,"night summer ambient soundscape, Bowra dry woodland, Australia, warm (32C), dry air, moderate wind, no music, no machinery",31.88,35.49,3.83,ok
0829_1677542_clip003_s002,1677542_clip003_s002,1677542,2024-12-17,night,summer,train,16.765,resources/site_257_bowra-dry-a/mvp1_all_conditioned_dataset/clips/0829_1677542_clip003_s002/audio.wav,"night summer ambient soundscape, Bowra dry woodland, Australia, warm (32C), dry air, moderate wind, no music, no machinery",31.88,35.49,3.83,ok
0830_1677542_clip005_s000,1677542_clip005_s000,1677542,2024-12-17,night,summer,train,30.0,resources/site_257_bowra-dry-a/mvp1_all_conditioned_dataset/clips/0830_1677542_clip005_s000/audio.wav,"night summer ambient soundscape, Bowra dry woodland, Australia, warm (32C), dry air, moderate wind, no music, no machinery",31.88,35.49,3.83,ok
0831_1677542_clip005_s001,1677542_clip005_s001,1677542,2024-12-17,night,summer,train,30.0,resources/site_257_bowra-dry-a/mvp1_all_conditioned_dataset/clips/0831_1677542_clip005_s001/audio.wav,"night summer ambient soundscape, Bowra dry woodland, Australia, warm (32C), dry air, moderate wind, no music, no machinery",31.88,35.49,3.83,ok
0832_1677542_clip005_s002,1677542_clip005_s002,1677542,2024-12-17,night,summer,train,30.0,resources/site_257_bowra-dry-a/mvp1_all_conditioned_dataset/clips/0832_1677542_clip005_s002/audio.wav,"night summer ambient soundscape, Bowra dry woodland, Australia, warm (32C), dry air, moderate wind, no music, no machinery",31.88,35.49,3.83,ok
0833_1677542_clip005_s003,1677542_clip005_s003,1677542,2024-12-17,night,summer,train,30.0,resources/site_257_bowra-dry-a/mvp1_all_conditioned_dataset/clips/0833_1677542_clip005_s003/audio.wav,"night summer ambient soundscape, Bowra dry woodland, Australia, warm (32C), dry air, moderate wind, no music, no machinery",31.88,35.49,3.83,ok
0834_1677542_clip005_s004,1677542_clip005_s004,1677542,2024-12-17,night,summer,train,30.0,resources/site_257_bowra-dry-a/mvp1_all_conditioned_dataset/clips/0834_1677542_clip005_s004/audio.wav,"night summer ambient soundscape, Bowra dry woodland, Australia, warm (32C), dry air, moderate wind, no music, no machinery",31.88,35.49,3.83,ok
0835_1677542_clip005_s005,1677542_clip005_s005,1677542,2024-12-17,night,summer,train,30.0,resources/site_257_bowra-dry-a/mvp1_all_conditioned_dataset/clips/0835_1677542_clip005_s005/audio.wav,"night summer ambient soundscape, Bowra dry woodland, Australia, warm (32C), dry air, moderate wind, no music, no machinery",31.88,35.49,3.83,ok
0836_1677542_clip005_s006,1677542_clip005_s006,1677542,2024-12-17,night,summer,val,30.0,resources/site_257_bowra-dry-a/mvp1_all_conditioned_dataset/clips/0836_1677542_clip005_s006/audio.wav,"night summer ambient soundscape, Bowra dry woodland, Australia, warm (32C), dry air, moderate wind, no music, no machinery",31.88,35.49,3.83,ok
0837_1677542_clip005_s007,1677542_clip005_s007,1677542,2024-12-17,night,summer,train,30.0,resources/site_257_bowra-dry-a/mvp1_all_conditioned_dataset/clips/0837_1677542_clip005_s007/audio.wav,"night summer ambient soundscape, Bowra dry woodland, Australia, warm (32C), dry air, moderate wind, no music, no machinery",31.88,35.49,3.83,ok
0838_1677542_clip005_s008,1677542_clip005_s008,1677542,2024-12-17,night,summer,train,30.0,resources/site_257_bowra-dry-a/mvp1_all_conditioned_dataset/clips/0838_1677542_clip005_s008/audio.wav,"night summer ambient soundscape, Bowra dry woodland, Australia, warm (32C), dry air, moderate wind, no music, no machinery",31.88,35.49,3.83,ok
0839_1677542_clip005_s009,1677542_clip005_s009,1677542,2024-12-17,night,summer,train,30.023,resources/site_257_bowra-dry-a/mvp1_all_conditioned_dataset/clips/0839_1677542_clip005_s009/audio.wav,"night summer ambient soundscape, Bowra dry woodland, Australia, warm (32C), dry air, moderate wind, no music, no machinery",31.88,35.49,3.83,ok
0840_1677542_clip006_s000,1677542_clip006_s000,1677542,2024-12-17,night,summer,train,11.842,resources/site_257_bowra-dry-a/mvp1_all_conditioned_dataset/clips/0840_1677542_clip006_s000/audio.wav,"night summer ambient soundscape, Bowra dry woodland, Australia, warm (32C), dry air, moderate wind, no music, no machinery",31.88,35.49,3.83,ok
0841_1677542_clip006_s001,1677542_clip006_s001,1677542,2024-12-17,night,summer,train,14.629,resources/site_257_bowra-dry-a/mvp1_all_conditioned_dataset/clips/0841_1677542_clip006_s001/audio.wav,"night summer ambient soundscape, Bowra dry woodland, Australia, warm (32C), dry air, moderate wind, no music, no machinery",31.88,35.49,3.83,ok
0842_1677542_clip006_s002,1677542_clip006_s002,1677542,2024-12-17,night,summer,train,19.992,resources/site_257_bowra-dry-a/mvp1_all_conditioned_dataset/clips/0842_1677542_clip006_s002/audio.wav,"night summer ambient soundscape, Bowra dry woodland, Australia, warm (32C), dry air, moderate wind, no music, no machinery",31.88,35.49,3.83,ok
0843_1677542_clip007_s000,1677542_clip007_s000,1677542,2024-12-17,night,summer,train,30.0,resources/site_257_bowra-dry-a/mvp1_all_conditioned_dataset/clips/0843_1677542_clip007_s000/audio.wav,"night summer ambient soundscape, Bowra dry woodland, Australia, warm (32C), dry air, moderate wind, no music, no machinery",31.88,35.49,3.83,ok
0844_1677542_clip007_s001,1677542_clip007_s001,1677542,2024-12-17,night,summer,train,30.0,resources/site_257_bowra-dry-a/mvp1_all_conditioned_dataset/clips/0844_1677542_clip007_s001/audio.wav,"night summer ambient soundscape, Bowra dry woodland, Australia, warm (32C), dry air, moderate wind, no music, no machinery",31.88,35.49,3.83,ok
0845_1677542_clip007_s002,1677542_clip007_s002,1677542,2024-12-17,night,summer,train,30.0,resources/site_257_bowra-dry-a/mvp1_all_conditioned_dataset/clips/0845_1677542_clip007_s002/audio.wav,"night summer ambient soundscape, Bowra dry woodland, Australia, warm (32C), dry air, moderate wind, no music, no machinery",31.88,35.49,3.83,ok
0846_1677542_clip007_s003,1677542_clip007_s003,1677542,2024-12-17,night,summer,train,30.0,resources/site_257_bowra-dry-a/mvp1_all_conditioned_dataset/clips/0846_1677542_clip007_s003/audio.wav,"night summer ambient soundscape, Bowra dry woodland, Australia, warm (32C), dry air, moderate wind, no music, no machinery",31.88,35.49,3.83,ok
0847_1677542_clip007_s004,1677542_clip007_s004,1677542,2024-12-17,night,summer,train,30.0,resources/site_257_bowra-dry-a/mvp1_all_conditioned_dataset/clips/0847_1677542_clip007_s004/audio.wav,"night summer ambient soundscape, Bowra dry woodland, Australia, warm (32C), dry air, moderate wind, no music, no machinery",31.88,35.49,3.83,ok
0848_1677542_clip007_s005,1677542_clip007_s005,1677542,2024-12-17,night,summer,train,30.0,resources/site_257_bowra-dry-a/mvp1_all_conditioned_dataset/clips/0848_1677542_clip007_s005/audio.wav,"night summer ambient soundscape, Bowra dry woodland, Australia, warm (32C), dry air, moderate wind, no music, no machinery",31.88,35.49,3.83,ok
0849_1677542_clip007_s006,1677542_clip007_s006,1677542,2024-12-17,night,summer,train,35.48,resources/site_257_bowra-dry-a/mvp1_all_conditioned_dataset/clips/0849_1677542_clip007_s006/audio.wav,"night summer ambient soundscape, Bowra dry woodland, Australia, warm (32C), dry air, moderate wind, no music, no machinery",31.88,35.49,3.83,ok
0850_1677542_clip007_s007,1677542_clip007_s007,1677542,2024-12-17,night,summer,train,15.116,resources/site_257_bowra-dry-a/mvp1_all_conditioned_dataset/clips/0850_1677542_clip007_s007/audio.wav,"night summer ambient soundscape, Bowra dry woodland, Australia, warm (32C), dry air, moderate wind, no music, no machinery",31.88,35.49,3.83,ok
0851_1677542_clip007_s008,1677542_clip007_s008,1677542,2024-12-17,night,summer,train,27.121,resources/site_257_bowra-dry-a/mvp1_all_conditioned_dataset/clips/0851_1677542_clip007_s008/audio.wav,"night summer ambient soundscape, Bowra dry woodland, Australia, warm (32C), dry air, moderate wind, no music, no machinery",31.88,35.49,3.83,ok
0852_1677542_clip010_s000,1677542_clip010_s000,1677542,2024-12-17,night,summer,train,28.003,resources/site_257_bowra-dry-a/mvp1_all_conditioned_dataset/clips/0852_1677542_clip010_s000/audio.wav,"night summer ambient soundscape, Bowra dry woodland, Australia, warm (32C), dry air, moderate wind, no music, no machinery",31.88,35.49,3.83,ok
0853_1677542_clip010_s001,1677542_clip010_s001,1677542,2024-12-17,night,summer,train,10.426,resources/site_257_bowra-dry-a/mvp1_all_conditioned_dataset/clips/0853_1677542_clip010_s001/audio.wav,"night summer ambient soundscape, Bowra dry woodland, Australia, warm (32C), dry air, moderate wind, no music, no machinery",31.88,35.49,3.83,ok
0854_1677542_clip011_s000,1677542_clip011_s000,1677542,2024-12-17,night,summer,train,10.82,resources/site_257_bowra-dry-a/mvp1_all_conditioned_dataset/clips/0854_1677542_clip011_s000/audio.wav,"night summer ambient soundscape, Bowra dry woodland, Australia, warm (32C), dry air, moderate wind, no music, no machinery",31.88,35.49,3.83,ok
0855_1677542_clip011_s001,1677542_clip011_s001,1677542,2024-12-17,night,summer,train,30.0,resources/site_257_bowra-dry-a/mvp1_all_conditioned_dataset/clips/0855_1677542_clip011_s001/audio.wav,"night summer ambient soundscape, Bowra dry woodland, Australia, warm (32C), dry air, moderate wind, no music, no machinery",31.88,35.49,3.83,ok
0856_1677542_clip011_s002,1677542_clip011_s002,1677542,2024-12-17,night,summer,train,30.0,resources/site_257_bowra-dry-a/mvp1_all_conditioned_dataset/clips/0856_1677542_clip011_s002/audio.wav,"night summer ambient soundscape, Bowra dry woodland, Australia, warm (32C), dry air, moderate wind, no music, no machinery",31.88,35.49,3.83,ok
0857_1677542_clip011_s003,1677542_clip011_s003,1677542,2024-12-17,night,summer,train,54.938,resources/site_257_bowra-dry-a/mvp1_all_conditioned_dataset/clips/0857_1677542_clip011_s003/audio.wav,"night summer ambient soundscape, Bowra dry woodland, Australia, warm (32C), dry air, moderate wind, no music, no machinery",31.88,35.49,3.83,ok
0858_1677542_clip011_s004,1677542_clip011_s004,1677542,2024-12-17,night,summer,train,12.864,resources/site_257_bowra-dry-a/mvp1_all_conditioned_dataset/clips/0858_1677542_clip011_s004/audio.wav,"night summer ambient soundscape, Bowra dry woodland, Australia, warm (32C), dry air, moderate wind, no music, no machinery",31.88,35.49,3.83,ok
0859_1677542_clip011_s005,1677542_clip011_s005,1677542,2024-12-17,night,summer,val,10.333,resources/site_257_bowra-dry-a/mvp1_all_conditioned_dataset/clips/0859_1677542_clip011_s005/audio.wav,"night summer ambient soundscape, Bowra dry woodland, Australia, warm (32C), dry air, moderate wind, no music, no machinery",31.88,35.49,3.83,ok
0860_1677542_clip011_s006,1677542_clip011_s006,1677542,2024-12-17,night,summer,train,18.669,resources/site_257_bowra-dry-a/mvp1_all_conditioned_dataset/clips/0860_1677542_clip011_s006/audio.wav,"night summer ambient soundscape, Bowra dry woodland, Australia, warm (32C), dry air, moderate wind, no music, no machinery",31.88,35.49,3.83,ok
0861_1677542_clip012_s000,1677542_clip012_s000,1677542,2024-12-17,night,summer,train,28.584,resources/site_257_bowra-dry-a/mvp1_all_conditioned_dataset/clips/0861_1677542_clip012_s000/audio.wav,"night summer ambient soundscape, Bowra dry woodland, Australia, warm (32C), dry air, moderate wind, no music, no machinery",31.88,35.49,3.83,ok
0862_1677542_clip012_s001,1677542_clip012_s001,1677542,2024-12-17,night,summer,train,26.749,resources/site_257_bowra-dry-a/mvp1_all_conditioned_dataset/clips/0862_1677542_clip012_s001/audio.wav,"night summer ambient soundscape, Bowra dry woodland, Australia, warm (32C), dry air, moderate wind, no music, no machinery",31.88,35.49,3.83,ok
0863_1677542_clip013_s000,1677542_clip013_s000,1677542,2024-12-17,night,summer,train,19.923,resources/site_257_bowra-dry-a/mvp1_all_conditioned_dataset/clips/0863_1677542_clip013_s000/audio.wav,"night summer ambient soundscape, Bowra dry woodland, Australia, warm (32C), dry air, moderate wind, no music, no machinery",31.88,35.49,3.83,ok
0864_1677542_clip014_s000,1677542_clip014_s000,1677542,2024-12-17,night,summer,train,37.756,resources/site_257_bowra-dry-a/mvp1_all_conditioned_dataset/clips/0864_1677542_clip014_s000/audio.wav,"night summer ambient soundscape, Bowra dry woodland, Australia, warm (32C), dry air, moderate wind, no music, no machinery",31.88,35.49,3.83,ok
0865_1677542_clip014_s001,1677542_clip014_s001,1677542,2024-12-17,night,summer,train,47.624,resources/site_257_bowra-dry-a/mvp1_all_conditioned_dataset/clips/0865_1677542_clip014_s001/audio.wav,"night summer ambient soundscape, Bowra dry woodland, Australia, warm (32C), dry air, moderate wind, no music, no machinery",31.88,35.49,3.83,ok
0866_1677542_clip014_s002,1677542_clip014_s002,1677542,2024-12-17,night,summer,train,30.0,resources/site_257_bowra-dry-a/mvp1_all_conditioned_dataset/clips/0866_1677542_clip014_s002/audio.wav,"night summer ambient soundscape, Bowra dry woodland, Australia, warm (32C), dry air, moderate wind, no music, no machinery",31.88,35.49,3.83,ok
0867_1677542_clip014_s003,1677542_clip014_s003,1677542,2024-12-17,night,summer,train,30.0,resources/site_257_bowra-dry-a/mvp1_all_conditioned_dataset/clips/0867_1677542_clip014_s003/audio.wav,"night summer ambient soundscape, Bowra dry woodland, Australia, warm (32C), dry air, moderate wind, no music, no machinery",31.88,35.49,3.83,ok
0868_1677542_clip014_s004,1677542_clip014_s004,1677542,2024-12-17,night,summer,train,59.188,resources/site_257_bowra-dry-a/mvp1_all_conditioned_dataset/clips/0868_1677542_clip014_s004/audio.wav,"night summer ambient soundscape, Bowra dry woodland, Australia, warm (32C), dry air, moderate wind, no music, no machinery",31.88,35.49,3.83,ok
0869_1677542_clip015_s000,1677542_clip015_s000,1677542,2024-12-17,night,summer,val,10.101,resources/site_257_bowra-dry-a/mvp1_all_conditioned_dataset/clips/0869_1677542_clip015_s000/audio.wav,"night summer ambient soundscape, Bowra dry woodland, Australia, warm (32C), dry air, moderate wind, no music, no machinery",31.88,35.49,3.83,ok
0870_1677542_clip015_s001,1677542_clip015_s001,1677542,2024-12-17,night,summer,train,15.023,resources/site_257_bowra-dry-a/mvp1_all_conditioned_dataset/clips/0870_1677542_clip015_s001/audio.wav,"night summer ambient soundscape, Bowra dry woodland, Australia, warm (32C), dry air, moderate wind, no music, no machinery",31.88,35.49,3.83,ok
0871_1677542_clip015_s002,1677542_clip015_s002,1677542,2024-12-17,night,summer,train,12.33,resources/site_257_bowra-dry-a/mvp1_all_conditioned_dataset/clips/0871_1677542_clip015_s002/audio.wav,"night summer ambient soundscape, Bowra dry woodland, Australia, warm (32C), dry air, moderate wind, no music, no machinery",31.88,35.49,3.83,ok
0872_1677542_clip015_s003,1677542_clip015_s003,1677542,2024-12-17,night,summer,train,11.262,resources/site_257_bowra-dry-a/mvp1_all_conditioned_dataset/clips/0872_1677542_clip015_s003/audio.wav,"night summer ambient soundscape, Bowra dry woodland, Australia, warm (32C), dry air, moderate wind, no music, no machinery",31.88,35.49,3.83,ok
0873_1677542_clip016_s000,1677542_clip016_s000,1677542,2024-12-17,night,summer,train,18.553,resources/site_257_bowra-dry-a/mvp1_all_conditioned_dataset/clips/0873_1677542_clip016_s000/audio.wav,"night summer ambient soundscape, Bowra dry woodland, Australia, warm (32C), dry air, moderate wind, no music, no machinery",31.88,35.49,3.83,ok
0874_5293_clip002_s000,5293_clip002_s000,5293,2019-08-14,afternoon,winter,train,14.489,resources/site_257_bowra-dry-a/mvp1_all_conditioned_dataset/clips/0874_5293_clip002_s000/audio.wav,"afternoon winter ambient soundscape, Bowra dry woodland, Australia, mild (20C), dry air, still, no music, no machinery",20.4,22.19,0.42,ok
0875_5293_clip008_s000,5293_clip008_s000,5293,2019-08-14,afternoon,winter,val,16.649,resources/site_257_bowra-dry-a/mvp1_all_conditioned_dataset/clips/0875_5293_clip008_s000/audio.wav,"afternoon winter ambient soundscape, Bowra dry woodland, Australia, mild (20C), dry air, still, no music, no machinery",20.4,22.19,0.42,ok
0876_5293_clip024_s000,5293_clip024_s000,5293,2019-08-14,afternoon,winter,train,10.077,resources/site_257_bowra-dry-a/mvp1_all_conditioned_dataset/clips/0876_5293_clip024_s000/audio.wav,"afternoon winter ambient soundscape, Bowra dry woodland, Australia, mild (20C), dry air, still, no music, no machinery",20.4,22.19,0.42,ok
0877_1313831_clip011_s000,1313831_clip011_s000,1313831,2023-06-15,afternoon,winter,train,10.658,resources/site_257_bowra-dry-a/mvp1_all_conditioned_dataset/clips/0877_1313831_clip011_s000/audio.wav,"afternoon winter ambient soundscape, Bowra dry woodland, Australia, mild (19C), dry air, light breeze, no music, no machinery",18.59,33.29,1.56,ok
0878_1313831_clip014_s000,1313831_clip014_s000,1313831,2023-06-15,afternoon,winter,train,12.098,resources/site_257_bowra-dry-a/mvp1_all_conditioned_dataset/clips/0878_1313831_clip014_s000/audio.wav,"afternoon winter ambient soundscape, Bowra dry woodland, Australia, mild (19C), dry air, light breeze, no music, no machinery",18.59,33.29,1.56,ok
0879_1313831_clip014_s001,1313831_clip014_s001,1313831,2023-06-15,afternoon,winter,train,10.612,resources/site_257_bowra-dry-a/mvp1_all_conditioned_dataset/clips/0879_1313831_clip014_s001/audio.wav,"afternoon winter ambient soundscape, Bowra dry woodland, Australia, mild (19C), dry air, light breeze, no music, no machinery",18.59,33.29,1.56,ok
0880_1313831_clip014_s002,1313831_clip014_s002,1313831,2023-06-15,afternoon,winter,train,14.466,resources/site_257_bowra-dry-a/mvp1_all_conditioned_dataset/clips/0880_1313831_clip014_s002/audio.wav,"afternoon winter ambient soundscape, Bowra dry woodland, Australia, mild (19C), dry air, light breeze, no music, no machinery",18.59,33.29,1.56,ok
0881_1313831_clip015_s000,1313831_clip015_s000,1313831,2023-06-15,afternoon,winter,train,11.656,resources/site_257_bowra-dry-a/mvp1_all_conditioned_dataset/clips/0881_1313831_clip015_s000/audio.wav,"afternoon winter ambient soundscape, Bowra dry woodland, Australia, mild (19C), dry air, light breeze, no music, no machinery",18.59,33.29,1.56,ok
0882_1313831_clip016_s000,1313831_clip016_s000,1313831,2023-06-15,afternoon,winter,train,11.494,resources/site_257_bowra-dry-a/mvp1_all_conditioned_dataset/clips/0882_1313831_clip016_s000/audio.wav,"afternoon winter ambient soundscape, Bowra dry woodland, Australia, mild (19C), dry air, light breeze, no music, no machinery",18.59,33.29,1.56,ok
0883_1313831_clip016_s001,1313831_clip016_s001,1313831,2023-06-15,afternoon,winter,train,15.209,resources/site_257_bowra-dry-a/mvp1_all_conditioned_dataset/clips/0883_1313831_clip016_s001/audio.wav,"afternoon winter ambient soundscape, Bowra dry woodland, Australia, mild (19C), dry air, light breeze, no music, no machinery",18.59,33.29,1.56,ok
0884_1313831_clip017_s000,1313831_clip017_s000,1313831,2023-06-15,afternoon,winter,train,11.076,resources/site_257_bowra-dry-a/mvp1_all_conditioned_dataset/clips/0884_1313831_clip017_s000/audio.wav,"afternoon winter ambient soundscape, Bowra dry woodland, Australia, mild (19C), dry air, light breeze, no music, no machinery",18.59,33.29,1.56,ok
0885_1313831_clip019_s000,1313831_clip019_s000,1313831,2023-06-15,afternoon,winter,train,23.081,resources/site_257_bowra-dry-a/mvp1_all_conditioned_dataset/clips/0885_1313831_clip019_s000/audio.wav,"afternoon winter ambient soundscape, Bowra dry woodland, Australia, mild (19C), dry air, light breeze, no music, no machinery",18.59,33.29,1.56,ok
0886_1313831_clip019_s001,1313831_clip019_s001,1313831,2023-06-15,afternoon,winter,train,10.937,resources/site_257_bowra-dry-a/mvp1_all_conditioned_dataset/clips/0886_1313831_clip019_s001/audio.wav,"afternoon winter ambient soundscape, Bowra dry woodland, Australia, mild (19C), dry air, light breeze, no music, no machinery",18.59,33.29,1.56,ok
0887_1313831_clip019_s002,1313831_clip019_s002,1313831,2023-06-15,afternoon,winter,train,16.695,resources/site_257_bowra-dry-a/mvp1_all_conditioned_dataset/clips/0887_1313831_clip019_s002/audio.wav,"afternoon winter ambient soundscape, Bowra dry woodland, Australia, mild (19C), dry air, light breeze, no music, no machinery",18.59,33.29,1.56,ok
0888_1313831_clip020_s000,1313831_clip020_s000,1313831,2023-06-15,afternoon,winter,val,11.471,resources/site_257_bowra-dry-a/mvp1_all_conditioned_dataset/clips/0888_1313831_clip020_s000/audio.wav,"afternoon winter ambient soundscape, Bowra dry woodland, Australia, mild (19C), dry air, light breeze, no music, no machinery",18.59,33.29,1.56,ok
0889_1313831_clip023_s000,1313831_clip023_s000,1313831,2023-06-15,afternoon,winter,train,14.907,resources/site_257_bowra-dry-a/mvp1_all_conditioned_dataset/clips/0889_1313831_clip023_s000/audio.wav,"afternoon winter ambient soundscape, Bowra dry woodland, Australia, mild (19C), dry air, light breeze, no music, no machinery",18.59,33.29,1.56,ok
0890_1539520_clip004_s000,1539520_clip004_s000,1539520,2024-07-09,afternoon,winter,train,10.797,resources/site_257_bowra-dry-a/mvp1_all_conditioned_dataset/clips/0890_1539520_clip004_s000/audio.wav,"afternoon winter ambient soundscape, Bowra dry woodland, Australia, mild (18C), moderate humidity, moderate wind, no music, no machinery",17.68,49.72,3.38,ok
0891_1539520_clip008_s000,1539520_clip008_s000,1539520,2024-07-09,afternoon,winter,train,10.333,resources/site_257_bowra-dry-a/mvp1_all_conditioned_dataset/clips/0891_1539520_clip008_s000/audio.wav,"afternoon winter ambient soundscape, Bowra dry woodland, Australia, mild (18C), moderate humidity, moderate wind, no music, no machinery",17.68,49.72,3.38,ok
0892_1539520_clip010_s000,1539520_clip010_s000,1539520,2024-07-09,afternoon,winter,train,39.962,resources/site_257_bowra-dry-a/mvp1_all_conditioned_dataset/clips/0892_1539520_clip010_s000/audio.wav,"afternoon winter ambient soundscape, Bowra dry woodland, Australia, mild (18C), moderate humidity, moderate wind, no music, no machinery",17.68,49.72,3.38,ok
0893_1539520_clip010_s001,1539520_clip010_s001,1539520,2024-07-09,afternoon,winter,train,12.492,resources/site_257_bowra-dry-a/mvp1_all_conditioned_dataset/clips/0893_1539520_clip010_s001/audio.wav,"afternoon winter ambient soundscape, Bowra dry woodland, Australia, mild (18C), moderate humidity, moderate wind, no music, no machinery",17.68,49.72,3.38,ok
0894_1539520_clip010_s002,1539520_clip010_s002,1539520,2024-07-09,afternoon,winter,train,10.403,resources/site_257_bowra-dry-a/mvp1_all_conditioned_dataset/clips/0894_1539520_clip010_s002/audio.wav,"afternoon winter ambient soundscape, Bowra dry woodland, Australia, mild (18C), moderate humidity, moderate wind, no music, no machinery",17.68,49.72,3.38,ok
0895_1539520_clip010_s003,1539520_clip010_s003,1539520,2024-07-09,afternoon,winter,train,11.981,resources/site_257_bowra-dry-a/mvp1_all_conditioned_dataset/clips/0895_1539520_clip010_s003/audio.wav,"afternoon winter ambient soundscape, Bowra dry woodland, Australia, mild (18C), moderate humidity, moderate wind, no music, no machinery",17.68,49.72,3.38,ok
0896_1681129_clip003_s000,1681129_clip003_s000,1681129,2025-06-20,afternoon,winter,train,12.098,resources/site_257_bowra-dry-a/mvp1_all_conditioned_dataset/clips/0896_1681129_clip003_s000/audio.wav,"afternoon winter ambient soundscape, Bowra dry woodland, Australia, mild (17C), dry air, moderate wind, no music, no machinery",17.08,37.29,2.11,ok
0897_1681129_clip022_s000,1681129_clip022_s000,1681129,2025-06-20,afternoon,winter,train,30.302,resources/site_257_bowra-dry-a/mvp1_all_conditioned_dataset/clips/0897_1681129_clip022_s000/audio.wav,"afternoon winter ambient soundscape, Bowra dry woodland, Australia, mild (17C), dry air, moderate wind, no music, no machinery",17.08,37.29,2.11,ok
0898_1681129_clip023_s000,1681129_clip023_s000,1681129,2025-06-20,afternoon,winter,train,11.749,resources/site_257_bowra-dry-a/mvp1_all_conditioned_dataset/clips/0898_1681129_clip023_s000/audio.wav,"afternoon winter ambient soundscape, Bowra dry woodland, Australia, mild (17C), dry air, moderate wind, no music, no machinery",17.08,37.29,2.11,ok
0899_5495_clip011_s000,5495_clip011_s000,5495,2019-08-18,dawn,winter,train,10.612,resources/site_257_bowra-dry-a/mvp1_all_conditioned_dataset/clips/0899_5495_clip011_s000/audio.wav,"dawn winter ambient soundscape, Bowra dry woodland, Australia, cold (10C), dry air, moderate wind, no music, no machinery",9.52,38.0,2.95,ok
0900_5495_clip013_s000,5495_clip013_s000,5495,2019-08-18,dawn,winter,train,13.723,resources/site_257_bowra-dry-a/mvp1_all_conditioned_dataset/clips/0900_5495_clip013_s000/audio.wav,"dawn winter ambient soundscape, Bowra dry woodland, Australia, cold (10C), dry air, moderate wind, no music, no machinery",9.52,38.0,2.95,ok
0901_5495_clip015_s000,5495_clip015_s000,5495,2019-08-18,dawn,winter,train,14.118,resources/site_257_bowra-dry-a/mvp1_all_conditioned_dataset/clips/0901_5495_clip015_s000/audio.wav,"dawn winter ambient soundscape, Bowra dry woodland, Australia, cold (10C), dry air, moderate wind, no music, no machinery",9.52,38.0,2.95,ok
0902_5495_clip018_s000,5495_clip018_s000,5495,2019-08-18,dawn,winter,train,12.516,resources/site_257_bowra-dry-a/mvp1_all_conditioned_dataset/clips/0902_5495_clip018_s000/audio.wav,"dawn winter ambient soundscape, Bowra dry woodland, Australia, cold (10C), dry air, moderate wind, no music, no machinery",9.52,38.0,2.95,ok
0903_5495_clip022_s000,5495_clip022_s000,5495,2019-08-18,dawn,winter,train,10.333,resources/site_257_bowra-dry-a/mvp1_all_conditioned_dataset/clips/0903_5495_clip022_s000/audio.wav,"dawn winter ambient soundscape, Bowra dry woodland, Australia, cold (10C), dry air, moderate wind, no music, no machinery",9.52,38.0,2.95,ok
0904_445525_clip012_s000,445525_clip012_s000,445525,2020-08-31,dawn,winter,train,13.096,resources/site_257_bowra-dry-a/mvp1_all_conditioned_dataset/clips/0904_445525_clip012_s000/audio.wav,"dawn winter ambient soundscape, Bowra dry woodland, Australia, cold (8C), humid air, moderate wind, no music, no machinery",7.74,90.48,3.18,ok
0905_445525_clip012_s001,445525_clip012_s001,445525,2020-08-31,dawn,winter,train,10.379,resources/site_257_bowra-dry-a/mvp1_all_conditioned_dataset/clips/0905_445525_clip012_s001/audio.wav,"dawn winter ambient soundscape, Bowra dry woodland, Australia, cold (8C), humid air, moderate wind, no music, no machinery",7.74,90.48,3.18,ok
0906_1313802_clip001_s000,1313802_clip001_s000,1313802,2023-06-13,dawn,winter,train,12.539,resources/site_257_bowra-dry-a/mvp1_all_conditioned_dataset/clips/0906_1313802_clip001_s000/audio.wav,"dawn winter ambient soundscape, Bowra dry woodland, Australia, cold (9C), moderate humidity, light breeze, no music, no machinery",8.89,65.46,1.35,ok
0907_1313802_clip001_s001,1313802_clip001_s001,1313802,2023-06-13,dawn,winter,train,13.955,resources/site_257_bowra-dry-a/mvp1_all_conditioned_dataset/clips/0907_1313802_clip001_s001/audio.wav,"dawn winter ambient soundscape, Bowra dry woodland, Australia, cold (9C), moderate humidity, light breeze, no music, no machinery",8.89,65.46,1.35,ok
0908_1313802_clip001_s002,1313802_clip001_s002,1313802,2023-06-13,dawn,winter,train,12.353,resources/site_257_bowra-dry-a/mvp1_all_conditioned_dataset/clips/0908_1313802_clip001_s002/audio.wav,"dawn winter ambient soundscape, Bowra dry woodland, Australia, cold (9C), moderate humidity, light breeze, no music, no machinery",8.89,65.46,1.35,ok
0909_1313802_clip002_s000,1313802_clip002_s000,1313802,2023-06-13,dawn,winter,train,12.817,resources/site_257_bowra-dry-a/mvp1_all_conditioned_dataset/clips/0909_1313802_clip002_s000/audio.wav,"dawn winter ambient soundscape, Bowra dry woodland, Australia, cold (9C), moderate humidity, light breeze, no music, no machinery",8.89,65.46,1.35,ok
0910_1313802_clip002_s001,1313802_clip002_s001,1313802,2023-06-13,dawn,winter,train,12.353,resources/site_257_bowra-dry-a/mvp1_all_conditioned_dataset/clips/0910_1313802_clip002_s001/audio.wav,"dawn winter ambient soundscape, Bowra dry woodland, Australia, cold (9C), moderate humidity, light breeze, no music, no machinery",8.89,65.46,1.35,ok
0911_1313802_clip003_s000,1313802_clip003_s000,1313802,2023-06-13,dawn,winter,train,12.33,resources/site_257_bowra-dry-a/mvp1_all_conditioned_dataset/clips/0911_1313802_clip003_s000/audio.wav,"dawn winter ambient soundscape, Bowra dry woodland, Australia, cold (9C), moderate humidity, light breeze, no music, no machinery",8.89,65.46,1.35,ok
0912_1313802_clip003_s001,1313802_clip003_s001,1313802,2023-06-13,dawn,winter,train,10.379,resources/site_257_bowra-dry-a/mvp1_all_conditioned_dataset/clips/0912_1313802_clip003_s001/audio.wav,"dawn winter ambient soundscape, Bowra dry woodland, Australia, cold (9C), moderate humidity, light breeze, no music, no machinery",8.89,65.46,1.35,ok
0913_1313802_clip004_s000,1313802_clip004_s000,1313802,2023-06-13,dawn,winter,val,14.42,resources/site_257_bowra-dry-a/mvp1_all_conditioned_dataset/clips/0913_1313802_clip004_s000/audio.wav,"dawn winter ambient soundscape, Bowra dry woodland, Australia, cold (9C), moderate humidity, light breeze, no music, no machinery",8.89,65.46,1.35,ok
0914_1313802_clip004_s001,1313802_clip004_s001,1313802,2023-06-13,dawn,winter,train,10.286,resources/site_257_bowra-dry-a/mvp1_all_conditioned_dataset/clips/0914_1313802_clip004_s001/audio.wav,"dawn winter ambient soundscape, Bowra dry woodland, Australia, cold (9C), moderate humidity, light breeze, no music, no machinery",8.89,65.46,1.35,ok
0915_1313802_clip005_s000,1313802_clip005_s000,1313802,2023-06-13,dawn,winter,train,11.517,resources/site_257_bowra-dry-a/mvp1_all_conditioned_dataset/clips/0915_1313802_clip005_s000/audio.wav,"dawn winter ambient soundscape, Bowra dry woodland, Australia, cold (9C), moderate humidity, light breeze, no music, no machinery",8.89,65.46,1.35,ok
0916_1313802_clip007_s000,1313802_clip007_s000,1313802,2023-06-13,dawn,winter,train,10.147,resources/site_257_bowra-dry-a/mvp1_all_conditioned_dataset/clips/0916_1313802_clip007_s000/audio.wav,"dawn winter ambient soundscape, Bowra dry woodland, Australia, cold (9C), moderate humidity, light breeze, no music, no machinery",8.89,65.46,1.35,ok
0917_1313802_clip007_s001,1313802_clip007_s001,1313802,2023-06-13,dawn,winter,train,10.17,resources/site_257_bowra-dry-a/mvp1_all_conditioned_dataset/clips/0917_1313802_clip007_s001/audio.wav,"dawn winter ambient soundscape, Bowra dry woodland, Australia, cold (9C), moderate humidity, light breeze, no music, no machinery",8.89,65.46,1.35,ok
0918_1313802_clip009_s000,1313802_clip009_s000,1313802,2023-06-13,dawn,winter,val,11.262,resources/site_257_bowra-dry-a/mvp1_all_conditioned_dataset/clips/0918_1313802_clip009_s000/audio.wav,"dawn winter ambient soundscape, Bowra dry woodland, Australia, cold (9C), moderate humidity, light breeze, no music, no machinery",8.89,65.46,1.35,ok
0919_1313802_clip024_s000,1313802_clip024_s000,1313802,2023-06-13,dawn,winter,train,14.28,resources/site_257_bowra-dry-a/mvp1_all_conditioned_dataset/clips/0919_1313802_clip024_s000/audio.wav,"dawn winter ambient soundscape, Bowra dry woodland, Australia, cold (9C), moderate humidity, light breeze, no music, no machinery",8.89,65.46,1.35,ok
0920_1313828_clip001_s000,1313828_clip001_s000,1313828,2023-06-15,dawn,winter,train,14.512,resources/site_257_bowra-dry-a/mvp1_all_conditioned_dataset/clips/0920_1313828_clip001_s000/audio.wav,"dawn winter ambient soundscape, Bowra dry woodland, Australia, cold (8C), moderate humidity, still, no music, no machinery",8.02,68.65,0.42,ok
0921_1313828_clip001_s001,1313828_clip001_s001,1313828,2023-06-15,dawn,winter,train,32.601,resources/site_257_bowra-dry-a/mvp1_all_conditioned_dataset/clips/0921_1313828_clip001_s001/audio.wav,"dawn winter ambient soundscape, Bowra dry woodland, Australia, cold (8C), moderate humidity, still, no music, no machinery",8.02,68.65,0.42,ok
0922_1313828_clip002_s000,1313828_clip002_s000,1313828,2023-06-15,dawn,winter,train,15.813,resources/site_257_bowra-dry-a/mvp1_all_conditioned_dataset/clips/0922_1313828_clip002_s000/audio.wav,"dawn winter ambient soundscape, Bowra dry woodland, Australia, cold (8C), moderate humidity, still, no music, no machinery",8.02,68.65,0.42,ok
0923_1313828_clip002_s001,1313828_clip002_s001,1313828,2023-06-15,dawn,winter,train,21.316,resources/site_257_bowra-dry-a/mvp1_all_conditioned_dataset/clips/0923_1313828_clip002_s001/audio.wav,"dawn winter ambient soundscape, Bowra dry woodland, Australia, cold (8C), moderate humidity, still, no music, no machinery",8.02,68.65,0.42,ok
0924_1313828_clip004_s000,1313828_clip004_s000,1313828,2023-06-15,dawn,winter,train,10.217,resources/site_257_bowra-dry-a/mvp1_all_conditioned_dataset/clips/0924_1313828_clip004_s000/audio.wav,"dawn winter ambient soundscape, Bowra dry woodland, Australia, cold (8C), moderate humidity, still, no music, no machinery",8.02,68.65,0.42,ok
0925_1313828_clip006_s000,1313828_clip006_s000,1313828,2023-06-15,dawn,winter,train,12.91,resources/site_257_bowra-dry-a/mvp1_all_conditioned_dataset/clips/0925_1313828_clip006_s000/audio.wav,"dawn winter ambient soundscape, Bowra dry woodland, Australia, cold (8C), moderate humidity, still, no music, no machinery",8.02,68.65,0.42,ok
0926_1313828_clip007_s000,1313828_clip007_s000,1313828,2023-06-15,dawn,winter,train,12.608,resources/site_257_bowra-dry-a/mvp1_all_conditioned_dataset/clips/0926_1313828_clip007_s000/audio.wav,"dawn winter ambient soundscape, Bowra dry woodland, Australia, cold (8C), moderate humidity, still, no music, no machinery",8.02,68.65,0.42,ok
0927_1313828_clip007_s001,1313828_clip007_s001,1313828,2023-06-15,dawn,winter,train,17.833,resources/site_257_bowra-dry-a/mvp1_all_conditioned_dataset/clips/0927_1313828_clip007_s001/audio.wav,"dawn winter ambient soundscape, Bowra dry woodland, Australia, cold (8C), moderate humidity, still, no music, no machinery",8.02,68.65,0.42,ok
0928_1313828_clip008_s000,1313828_clip008_s000,1313828,2023-06-15,dawn,winter,train,11.517,resources/site_257_bowra-dry-a/mvp1_all_conditioned_dataset/clips/0928_1313828_clip008_s000/audio.wav,"dawn winter ambient soundscape, Bowra dry woodland, Australia, cold (8C), moderate humidity, still, no music, no machinery",8.02,68.65,0.42,ok
0929_1313828_clip008_s001,1313828_clip008_s001,1313828,2023-06-15,dawn,winter,train,13.096,resources/site_257_bowra-dry-a/mvp1_all_conditioned_dataset/clips/0929_1313828_clip008_s001/audio.wav,"dawn winter ambient soundscape, Bowra dry woodland, Australia, cold (8C), moderate humidity, still, no music, no machinery",8.02,68.65,0.42,ok
0930_1313828_clip011_s000,1313828_clip011_s000,1313828,2023-06-15,dawn,winter,train,15.418,resources/site_257_bowra-dry-a/mvp1_all_conditioned_dataset/clips/0930_1313828_clip011_s000/audio.wav,"dawn winter ambient soundscape, Bowra dry woodland, Australia, cold (8C), moderate humidity, still, no music, no machinery",8.02,68.65,0.42,ok
0931_1313828_clip012_s000,1313828_clip012_s000,1313828,2023-06-15,dawn,winter,val,11.981,resources/site_257_bowra-dry-a/mvp1_all_conditioned_dataset/clips/0931_1313828_clip012_s000/audio.wav,"dawn winter ambient soundscape, Bowra dry woodland, Australia, cold (8C), moderate humidity, still, no music, no machinery",8.02,68.65,0.42,ok
0932_1313828_clip012_s001,1313828_clip012_s001,1313828,2023-06-15,dawn,winter,train,12.469,resources/site_257_bowra-dry-a/mvp1_all_conditioned_dataset/clips/0932_1313828_clip012_s001/audio.wav,"dawn winter ambient soundscape, Bowra dry woodland, Australia, cold (8C), moderate humidity, still, no music, no machinery",8.02,68.65,0.42,ok
0933_1313828_clip013_s000,1313828_clip013_s000,1313828,2023-06-15,dawn,winter,train,12.167,resources/site_257_bowra-dry-a/mvp1_all_conditioned_dataset/clips/0933_1313828_clip013_s000/audio.wav,"dawn winter ambient soundscape, Bowra dry woodland, Australia, cold (8C), moderate humidity, still, no music, no machinery",8.02,68.65,0.42,ok
0934_1313828_clip013_s001,1313828_clip013_s001,1313828,2023-06-15,dawn,winter,train,10.403,resources/site_257_bowra-dry-a/mvp1_all_conditioned_dataset/clips/0934_1313828_clip013_s001/audio.wav,"dawn winter ambient soundscape, Bowra dry woodland, Australia, cold (8C), moderate humidity, still, no music, no machinery",8.02,68.65,0.42,ok
0935_1313828_clip014_s000,1313828_clip014_s000,1313828,2023-06-15,dawn,winter,train,15.232,resources/site_257_bowra-dry-a/mvp1_all_conditioned_dataset/clips/0935_1313828_clip014_s000/audio.wav,"dawn winter ambient soundscape, Bowra dry woodland, Australia, cold (8C), moderate humidity, still, no music, no machinery",8.02,68.65,0.42,ok
0936_1313828_clip015_s000,1313828_clip015_s000,1313828,2023-06-15,dawn,winter,train,14.698,resources/site_257_bowra-dry-a/mvp1_all_conditioned_dataset/clips/0936_1313828_clip015_s000/audio.wav,"dawn winter ambient soundscape, Bowra dry woodland, Australia, cold (8C), moderate humidity, still, no music, no machinery",8.02,68.65,0.42,ok
0937_1313828_clip016_s000,1313828_clip016_s000,1313828,2023-06-15,dawn,winter,train,10.844,resources/site_257_bowra-dry-a/mvp1_all_conditioned_dataset/clips/0937_1313828_clip016_s000/audio.wav,"dawn winter ambient soundscape, Bowra dry woodland, Australia, cold (8C), moderate humidity, still, no music, no machinery",8.02,68.65,0.42,ok
0938_1313828_clip020_s000,1313828_clip020_s000,1313828,2023-06-15,dawn,winter,val,10.31,resources/site_257_bowra-dry-a/mvp1_all_conditioned_dataset/clips/0938_1313828_clip020_s000/audio.wav,"dawn winter ambient soundscape, Bowra dry woodland, Australia, cold (8C), moderate humidity, still, no music, no machinery",8.02,68.65,0.42,ok
0939_1313828_clip021_s000,1313828_clip021_s000,1313828,2023-06-15,dawn,winter,train,10.681,resources/site_257_bowra-dry-a/mvp1_all_conditioned_dataset/clips/0939_1313828_clip021_s000/audio.wav,"dawn winter ambient soundscape, Bowra dry woodland, Australia, cold (8C), moderate humidity, still, no music, no machinery",8.02,68.65,0.42,ok
0940_1313828_clip021_s001,1313828_clip021_s001,1313828,2023-06-15,dawn,winter,train,11.61,resources/site_257_bowra-dry-a/mvp1_all_conditioned_dataset/clips/0940_1313828_clip021_s001/audio.wav,"dawn winter ambient soundscape, Bowra dry woodland, Australia, cold (8C), moderate humidity, still, no music, no machinery",8.02,68.65,0.42,ok
0941_1314116_clip001_s000,1314116_clip001_s000,1314116,2023-07-03,dawn,winter,train,11.308,resources/site_257_bowra-dry-a/mvp1_all_conditioned_dataset/clips/0941_1314116_clip001_s000/audio.wav,"dawn winter ambient soundscape, Bowra dry woodland, Australia, cold (7C), humid air, moderate wind, no music, no machinery",7.28,85.89,2.72,ok
0942_1314116_clip003_s000,1314116_clip003_s000,1314116,2023-07-03,dawn,winter,train,12.19,resources/site_257_bowra-dry-a/mvp1_all_conditioned_dataset/clips/0942_1314116_clip003_s000/audio.wav,"dawn winter ambient soundscape, Bowra dry woodland, Australia, cold (7C), humid air, moderate wind, no music, no machinery",7.28,85.89,2.72,ok
0943_1314116_clip005_s000,1314116_clip005_s000,1314116,2023-07-03,dawn,winter,train,11.749,resources/site_257_bowra-dry-a/mvp1_all_conditioned_dataset/clips/0943_1314116_clip005_s000/audio.wav,"dawn winter ambient soundscape, Bowra dry woodland, Australia, cold (7C), humid air, moderate wind, no music, no machinery",7.28,85.89,2.72,ok
0944_1314116_clip005_s001,1314116_clip005_s001,1314116,2023-07-03,dawn,winter,train,13.421,resources/site_257_bowra-dry-a/mvp1_all_conditioned_dataset/clips/0944_1314116_clip005_s001/audio.wav,"dawn winter ambient soundscape, Bowra dry woodland, Australia, cold (7C), humid air, moderate wind, no music, no machinery",7.28,85.89,2.72,ok
0945_1536798_clip001_s000,1536798_clip001_s000,1536798,2024-06-12,dawn,winter,train,12.678,resources/site_257_bowra-dry-a/mvp1_all_conditioned_dataset/clips/0945_1536798_clip001_s000/audio.wav,"dawn winter ambient soundscape, Bowra dry woodland, Australia, cold (8C), humid air, moderate wind, no music, no machinery",7.92,72.39,2.38,ok
0946_1536798_clip001_s001,1536798_clip001_s001,1536798,2024-06-12,dawn,winter,train,10.356,resources/site_257_bowra-dry-a/mvp1_all_conditioned_dataset/clips/0946_1536798_clip001_s001/audio.wav,"dawn winter ambient soundscape, Bowra dry woodland, Australia, cold (8C), humid air, moderate wind, no music, no machinery",7.92,72.39,2.38,ok
0947_1536798_clip002_s000,1536798_clip002_s000,1536798,2024-06-12,dawn,winter,train,10.194,resources/site_257_bowra-dry-a/mvp1_all_conditioned_dataset/clips/0947_1536798_clip002_s000/audio.wav,"dawn winter ambient soundscape, Bowra dry woodland, Australia, cold (8C), humid air, moderate wind, no music, no machinery",7.92,72.39,2.38,ok
0948_1536798_clip002_s001,1536798_clip002_s001,1536798,2024-06-12,dawn,winter,train,14.791,resources/site_257_bowra-dry-a/mvp1_all_conditioned_dataset/clips/0948_1536798_clip002_s001/audio.wav,"dawn winter ambient soundscape, Bowra dry woodland, Australia, cold (8C), humid air, moderate wind, no music, no machinery",7.92,72.39,2.38,ok
0949_1536798_clip003_s000,1536798_clip003_s000,1536798,2024-06-12,dawn,winter,train,10.194,resources/site_257_bowra-dry-a/mvp1_all_conditioned_dataset/clips/0949_1536798_clip003_s000/audio.wav,"dawn winter ambient soundscape, Bowra dry woodland, Australia, cold (8C), humid air, moderate wind, no music, no machinery",7.92,72.39,2.38,ok
0950_1536798_clip003_s001,1536798_clip003_s001,1536798,2024-06-12,dawn,winter,train,11.447,resources/site_257_bowra-dry-a/mvp1_all_conditioned_dataset/clips/0950_1536798_clip003_s001/audio.wav,"dawn winter ambient soundscape, Bowra dry woodland, Australia, cold (8C), humid air, moderate wind, no music, no machinery",7.92,72.39,2.38,ok
0951_1536798_clip003_s002,1536798_clip003_s002,1536798,2024-06-12,dawn,winter,train,12.307,resources/site_257_bowra-dry-a/mvp1_all_conditioned_dataset/clips/0951_1536798_clip003_s002/audio.wav,"dawn winter ambient soundscape, Bowra dry woodland, Australia, cold (8C), humid air, moderate wind, no music, no machinery",7.92,72.39,2.38,ok
0952_1536798_clip011_s000,1536798_clip011_s000,1536798,2024-06-12,dawn,winter,val,11.029,resources/site_257_bowra-dry-a/mvp1_all_conditioned_dataset/clips/0952_1536798_clip011_s000/audio.wav,"dawn winter ambient soundscape, Bowra dry woodland, Australia, cold (8C), humid air, moderate wind, no music, no machinery",7.92,72.39,2.38,ok
0953_1539111_clip003_s000,1539111_clip003_s000,1539111,2024-06-29,dawn,winter,train,10.449,resources/site_257_bowra-dry-a/mvp1_all_conditioned_dataset/clips/0953_1539111_clip003_s000/audio.wav,"dawn winter ambient soundscape, Bowra dry woodland, Australia, cold (8C), humid air, moderate wind, no music, no machinery",7.87,84.13,2.48,ok
0954_1539111_clip003_s001,1539111_clip003_s001,1539111,2024-06-29,dawn,winter,train,10.96,resources/site_257_bowra-dry-a/mvp1_all_conditioned_dataset/clips/0954_1539111_clip003_s001/audio.wav,"dawn winter ambient soundscape, Bowra dry woodland, Australia, cold (8C), humid air, moderate wind, no music, no machinery",7.87,84.13,2.48,ok
0955_1539111_clip004_s000,1539111_clip004_s000,1539111,2024-06-29,dawn,winter,train,10.937,resources/site_257_bowra-dry-a/mvp1_all_conditioned_dataset/clips/0955_1539111_clip004_s000/audio.wav,"dawn winter ambient soundscape, Bowra dry woodland, Australia, cold (8C), humid air, moderate wind, no music, no machinery",7.87,84.13,2.48,ok
0956_1539111_clip004_s001,1539111_clip004_s001,1539111,2024-06-29,dawn,winter,train,10.542,resources/site_257_bowra-dry-a/mvp1_all_conditioned_dataset/clips/0956_1539111_clip004_s001/audio.wav,"dawn winter ambient soundscape, Bowra dry woodland, Australia, cold (8C), humid air, moderate wind, no music, no machinery",7.87,84.13,2.48,ok
0957_1539111_clip004_s002,1539111_clip004_s002,1539111,2024-06-29,dawn,winter,train,10.24,resources/site_257_bowra-dry-a/mvp1_all_conditioned_dataset/clips/0957_1539111_clip004_s002/audio.wav,"dawn winter ambient soundscape, Bowra dry woodland, Australia, cold (8C), humid air, moderate wind, no music, no machinery",7.87,84.13,2.48,ok
0958_1539111_clip004_s003,1539111_clip004_s003,1539111,2024-06-29,dawn,winter,train,14.93,resources/site_257_bowra-dry-a/mvp1_all_conditioned_dataset/clips/0958_1539111_clip004_s003/audio.wav,"dawn winter ambient soundscape, Bowra dry woodland, Australia, cold (8C), humid air, moderate wind, no music, no machinery",7.87,84.13,2.48,ok
0959_1539111_clip015_s000,1539111_clip015_s000,1539111,2024-06-29,dawn,winter,train,10.89,resources/site_257_bowra-dry-a/mvp1_all_conditioned_dataset/clips/0959_1539111_clip015_s000/audio.wav,"dawn winter ambient soundscape, Bowra dry woodland, Australia, cold (8C), humid air, moderate wind, no music, no machinery",7.87,84.13,2.48,ok
0960_1539171_clip003_s000,1539171_clip003_s000,1539171,2024-07-18,dawn,winter,val,13.444,resources/site_257_bowra-dry-a/mvp1_all_conditioned_dataset/clips/0960_1539171_clip003_s000/audio.wav,"dawn winter ambient soundscape, Bowra dry woodland, Australia, cold (6C), humid air, light breeze, no music, no machinery",6.18,97.58,1.78,ok
0961_1539171_clip003_s001,1539171_clip003_s001,1539171,2024-07-18,dawn,winter,train,10.008,resources/site_257_bowra-dry-a/mvp1_all_conditioned_dataset/clips/0961_1539171_clip003_s001/audio.wav,"dawn winter ambient soundscape, Bowra dry woodland, Australia, cold (6C), humid air, light breeze, no music, no machinery",6.18,97.58,1.78,ok
0962_1539171_clip007_s000,1539171_clip007_s000,1539171,2024-07-18,dawn,winter,train,11.981,resources/site_257_bowra-dry-a/mvp1_all_conditioned_dataset/clips/0962_1539171_clip007_s000/audio.wav,"dawn winter ambient soundscape, Bowra dry woodland, Australia, cold (6C), humid air, light breeze, no music, no machinery",6.18,97.58,1.78,ok
0963_1539171_clip016_s000,1539171_clip016_s000,1539171,2024-07-18,dawn,winter,train,10.403,resources/site_257_bowra-dry-a/mvp1_all_conditioned_dataset/clips/0963_1539171_clip016_s000/audio.wav,"dawn winter ambient soundscape, Bowra dry woodland, Australia, cold (6C), humid air, light breeze, no music, no machinery",6.18,97.58,1.78,ok
0964_1535637_clip002_s000,1535637_clip002_s000,1535637,2024-08-07,dawn,winter,train,13.259,resources/site_257_bowra-dry-a/mvp1_all_conditioned_dataset/clips/0964_1535637_clip002_s000/audio.wav,"dawn winter ambient soundscape, Bowra dry woodland, Australia, cold (5C), humid air, light breeze, no music, no machinery",4.63,98.21,1.6,ok
0965_1672451_clip003_s000,1672451_clip003_s000,1672451,2025-06-08,dawn,winter,train,10.704,resources/site_257_bowra-dry-a/mvp1_all_conditioned_dataset/clips/0965_1672451_clip003_s000/audio.wav,"dawn winter ambient soundscape, Bowra dry woodland, Australia, cold (8C), moderate humidity, moderate wind, no music, no machinery",8.38,64.44,4.27,ok
0966_1672451_clip010_s000,1672451_clip010_s000,1672451,2025-06-08,dawn,winter,train,10.286,resources/site_257_bowra-dry-a/mvp1_all_conditioned_dataset/clips/0966_1672451_clip010_s000/audio.wav,"dawn winter ambient soundscape, Bowra dry woodland, Australia, cold (8C), moderate humidity, moderate wind, no music, no machinery",8.38,64.44,4.27,ok
0967_1672451_clip013_s000,1672451_clip013_s000,1672451,2025-06-08,dawn,winter,train,10.147,resources/site_257_bowra-dry-a/mvp1_all_conditioned_dataset/clips/0967_1672451_clip013_s000/audio.wav,"dawn winter ambient soundscape, Bowra dry woodland, Australia, cold (8C), moderate humidity, moderate wind, no music, no machinery",8.38,64.44,4.27,ok
0968_1672451_clip014_s000,1672451_clip014_s000,1672451,2025-06-08,dawn,winter,val,10.588,resources/site_257_bowra-dry-a/mvp1_all_conditioned_dataset/clips/0968_1672451_clip014_s000/audio.wav,"dawn winter ambient soundscape, Bowra dry woodland, Australia, cold (8C), moderate humidity, moderate wind, no music, no machinery",8.38,64.44,4.27,ok
0969_1672451_clip017_s000,1672451_clip017_s000,1672451,2025-06-08,dawn,winter,train,11.029,resources/site_257_bowra-dry-a/mvp1_all_conditioned_dataset/clips/0969_1672451_clip017_s000/audio.wav,"dawn winter ambient soundscape, Bowra dry woodland, Australia, cold (8C), moderate humidity, moderate wind, no music, no machinery",8.38,64.44,4.27,ok
0970_1672451_clip021_s000,1672451_clip021_s000,1672451,2025-06-08,dawn,winter,train,10.658,resources/site_257_bowra-dry-a/mvp1_all_conditioned_dataset/clips/0970_1672451_clip021_s000/audio.wav,"dawn winter ambient soundscape, Bowra dry woodland, Australia, cold (8C), moderate humidity, moderate wind, no music, no machinery",8.38,64.44,4.27,ok
0971_1672819_clip002_s000,1672819_clip002_s000,1672819,2025-06-20,dawn,winter,val,10.612,resources/site_257_bowra-dry-a/mvp1_all_conditioned_dataset/clips/0971_1672819_clip002_s000/audio.wav,"dawn winter ambient soundscape, Bowra dry woodland, Australia, cold (2C), humid air, light breeze, no music, no machinery",1.84,100.0,1.64,ok
0972_1672819_clip005_s000,1672819_clip005_s000,1672819,2025-06-20,dawn,winter,train,13.769,resources/site_257_bowra-dry-a/mvp1_all_conditioned_dataset/clips/0972_1672819_clip005_s000/audio.wav,"dawn winter ambient soundscape, Bowra dry woodland, Australia, cold (2C), humid air, light breeze, no music, no machinery",1.84,100.0,1.64,ok
0973_1672819_clip008_s000,1672819_clip008_s000,1672819,2025-06-20,dawn,winter,train,11.796,resources/site_257_bowra-dry-a/mvp1_all_conditioned_dataset/clips/0973_1672819_clip008_s000/audio.wav,"dawn winter ambient soundscape, Bowra dry woodland, Australia, cold (2C), humid air, light breeze, no music, no machinery",1.84,100.0,1.64,ok
0974_5299_clip018_s000,5299_clip018_s000,5299,2019-08-14,morning,winter,train,11.308,resources/site_257_bowra-dry-a/mvp1_all_conditioned_dataset/clips/0974_5299_clip018_s000/audio.wav,"morning winter ambient soundscape, Bowra dry woodland, Australia, cold (7C), moderate humidity, moderate wind, no music, no machinery",6.95,62.29,2.58,ok
0975_5299_clip023_s000,5299_clip023_s000,5299,2019-08-14,morning,winter,val,10.937,resources/site_257_bowra-dry-a/mvp1_all_conditioned_dataset/clips/0975_5299_clip023_s000/audio.wav,"morning winter ambient soundscape, Bowra dry woodland, Australia, cold (7C), moderate humidity, moderate wind, no music, no machinery",6.95,62.29,2.58,ok
0976_5489_clip001_s000,5489_clip001_s000,5489,2019-08-18,morning,winter,train,12.376,resources/site_257_bowra-dry-a/mvp1_all_conditioned_dataset/clips/0976_5489_clip001_s000/audio.wav,"morning winter ambient soundscape, Bowra dry woodland, Australia, cold (14C), dry air, moderate wind, no music, no machinery",14.43,28.08,4.24,ok
0977_5489_clip001_s001,5489_clip001_s001,5489,2019-08-18,morning,winter,train,12.376,resources/site_257_bowra-dry-a/mvp1_all_conditioned_dataset/clips/0977_5489_clip001_s001/audio.wav,"morning winter ambient soundscape, Bowra dry woodland, Australia, cold (14C), dry air, moderate wind, no music, no machinery",14.43,28.08,4.24,ok
0978_5489_clip003_s000,5489_clip003_s000,5489,2019-08-18,morning,winter,train,10.263,resources/site_257_bowra-dry-a/mvp1_all_conditioned_dataset/clips/0978_5489_clip003_s000/audio.wav,"morning winter ambient soundscape, Bowra dry woodland, Australia, cold (14C), dry air, moderate wind, no music, no machinery",14.43,28.08,4.24,ok
0979_5489_clip005_s000,5489_clip005_s000,5489,2019-08-18,morning,winter,train,15.232,resources/site_257_bowra-dry-a/mvp1_all_conditioned_dataset/clips/0979_5489_clip005_s000/audio.wav,"morning winter ambient soundscape, Bowra dry woodland, Australia, cold (14C), dry air, moderate wind, no music, no machinery",14.43,28.08,4.24,ok
0980_5489_clip006_s000,5489_clip006_s000,5489,2019-08-18,morning,winter,train,12.423,resources/site_257_bowra-dry-a/mvp1_all_conditioned_dataset/clips/0980_5489_clip006_s000/audio.wav,"morning winter ambient soundscape, Bowra dry woodland, Australia, cold (14C), dry air, moderate wind, no music, no machinery",14.43,28.08,4.24,ok
0981_5489_clip007_s000,5489_clip007_s000,5489,2019-08-18,morning,winter,train,10.635,resources/site_257_bowra-dry-a/mvp1_all_conditioned_dataset/clips/0981_5489_clip007_s000/audio.wav,"morning winter ambient soundscape, Bowra dry woodland, Australia, cold (14C), dry air, moderate wind, no music, no machinery",14.43,28.08,4.24,ok
0982_5489_clip010_s000,5489_clip010_s000,5489,2019-08-18,morning,winter,train,11.865,resources/site_257_bowra-dry-a/mvp1_all_conditioned_dataset/clips/0982_5489_clip010_s000/audio.wav,"morning winter ambient soundscape, Bowra dry woodland, Australia, cold (14C), dry air, moderate wind, no music, no machinery",14.43,28.08,4.24,ok
0983_5489_clip018_s000,5489_clip018_s000,5489,2019-08-18,morning,winter,train,10.194,resources/site_257_bowra-dry-a/mvp1_all_conditioned_dataset/clips/0983_5489_clip018_s000/audio.wav,"morning winter ambient soundscape, Bowra dry woodland, Australia, cold (14C), dry air, moderate wind, no music, no machinery",14.43,28.08,4.24,ok
0984_5489_clip021_s000,5489_clip021_s000,5489,2019-08-18,morning,winter,train,13.444,resources/site_257_bowra-dry-a/mvp1_all_conditioned_dataset/clips/0984_5489_clip021_s000/audio.wav,"morning winter ambient soundscape, Bowra dry woodland, Australia, cold (14C), dry air, moderate wind, no music, no machinery",14.43,28.08,4.24,ok
0985_5489_clip023_s000,5489_clip023_s000,5489,2019-08-18,morning,winter,train,10.937,resources/site_257_bowra-dry-a/mvp1_all_conditioned_dataset/clips/0985_5489_clip023_s000/audio.wav,"morning winter ambient soundscape, Bowra dry woodland, Australia, cold (14C), dry air, moderate wind, no music, no machinery",14.43,28.08,4.24,ok
0986_1314118_clip012_s000,1314118_clip012_s000,1314118,2023-07-03,morning,winter,train,10.24,resources/site_257_bowra-dry-a/mvp1_all_conditioned_dataset/clips/0986_1314118_clip012_s000/audio.wav,"morning winter ambient soundscape, Bowra dry woodland, Australia, cold (8C), humid air, moderate wind, no music, no machinery",8.5,82.01,3.25,ok
0987_1535172_clip009_s000,1535172_clip009_s000,1535172,2024-06-12,morning,winter,train,11.053,resources/site_257_bowra-dry-a/mvp1_all_conditioned_dataset/clips/0987_1535172_clip009_s000/audio.wav,"morning winter ambient soundscape, Bowra dry woodland, Australia, cold (10C), moderate humidity, moderate wind, no music, no machinery",10.18,68.69,3.24,ok
0988_1535172_clip015_s000,1535172_clip015_s000,1535172,2024-06-12,morning,winter,val,12.934,resources/site_257_bowra-dry-a/mvp1_all_conditioned_dataset/clips/0988_1535172_clip015_s000/audio.wav,"morning winter ambient soundscape, Bowra dry woodland, Australia, cold (10C), moderate humidity, moderate wind, no music, no machinery",10.18,68.69,3.24,ok
0989_1539107_clip004_s000,1539107_clip004_s000,1539107,2024-06-29,morning,winter,train,11.912,resources/site_257_bowra-dry-a/mvp1_all_conditioned_dataset/clips/0989_1539107_clip004_s000/audio.wav,"morning winter ambient soundscape, Bowra dry woodland, Australia, cold (14C), moderate humidity, moderate wind, no music, no machinery",13.56,68.04,3.08,ok
0990_1539107_clip008_s000,1539107_clip008_s000,1539107,2024-06-29,morning,winter,train,14.791,resources/site_257_bowra-dry-a/mvp1_all_conditioned_dataset/clips/0990_1539107_clip008_s000/audio.wav,"morning winter ambient soundscape, Bowra dry woodland, Australia, cold (14C), moderate humidity, moderate wind, no music, no machinery",13.56,68.04,3.08,ok
0991_1539107_clip009_s000,1539107_clip009_s000,1539107,2024-06-29,morning,winter,train,14.884,resources/site_257_bowra-dry-a/mvp1_all_conditioned_dataset/clips/0991_1539107_clip009_s000/audio.wav,"morning winter ambient soundscape, Bowra dry woodland, Australia, cold (14C), moderate humidity, moderate wind, no music, no machinery",13.56,68.04,3.08,ok
0992_1534162_clip012_s000,1534162_clip012_s000,1534162,2024-08-17,morning,winter,train,10.844,resources/site_257_bowra-dry-a/mvp1_all_conditioned_dataset/clips/0992_1534162_clip012_s000/audio.wav,"morning winter ambient soundscape, Bowra dry woodland, Australia, cold (12C), humid air, moderate wind, no music, no machinery",12.13,70.45,3.68,ok
0993_1672466_clip001_s000,1672466_clip001_s000,1672466,2025-06-08,morning,winter,train,12.098,resources/site_257_bowra-dry-a/mvp1_all_conditioned_dataset/clips/0993_1672466_clip001_s000/audio.wav,"morning winter ambient soundscape, Bowra dry woodland, Australia, cold (13C), moderate humidity, moderate wind, no music, no machinery",12.73,68.23,4.23,ok
0994_1672466_clip001_s001,1672466_clip001_s001,1672466,2025-06-08,morning,winter,train,10.449,resources/site_257_bowra-dry-a/mvp1_all_conditioned_dataset/clips/0994_1672466_clip001_s001/audio.wav,"morning winter ambient soundscape, Bowra dry woodland, Australia, cold (13C), moderate humidity, moderate wind, no music, no machinery",12.73,68.23,4.23,ok
0995_1672466_clip005_s000,1672466_clip005_s000,1672466,2025-06-08,morning,winter,train,10.635,resources/site_257_bowra-dry-a/mvp1_all_conditioned_dataset/clips/0995_1672466_clip005_s000/audio.wav,"morning winter ambient soundscape, Bowra dry woodland, Australia, cold (13C), moderate humidity, moderate wind, no music, no machinery",12.73,68.23,4.23,ok
0996_5296_clip002_s000,5296_clip002_s000,5296,2019-08-14,night,winter,train,13.096,resources/site_257_bowra-dry-a/mvp1_all_conditioned_dataset/clips/0996_5296_clip002_s000/audio.wav,"night winter ambient soundscape, Bowra dry woodland, Australia, cold (9C), moderate humidity, light breeze, no music, no machinery",8.97,45.08,1.39,ok
0997_5296_clip002_s001,5296_clip002_s001,5296,2019-08-14,night,winter,train,11.262,resources/site_257_bowra-dry-a/mvp1_all_conditioned_dataset/clips/0997_5296_clip002_s001/audio.wav,"night winter ambient soundscape, Bowra dry woodland, Australia, cold (9C), moderate humidity, light breeze, no music, no machinery",8.97,45.08,1.39,ok
0998_5296_clip002_s002,5296_clip002_s002,5296,2019-08-14,night,winter,train,12.91,resources/site_257_bowra-dry-a/mvp1_all_conditioned_dataset/clips/0998_5296_clip002_s002/audio.wav,"night winter ambient soundscape, Bowra dry woodland, Australia, cold (9C), moderate humidity, light breeze, no music, no machinery",8.97,45.08,1.39,ok
0999_5296_clip008_s000,5296_clip008_s000,5296,2019-08-14,night,winter,train,10.751,resources/site_257_bowra-dry-a/mvp1_all_conditioned_dataset/clips/0999_5296_clip008_s000/audio.wav,"night winter ambient soundscape, Bowra dry woodland, Australia, cold (9C), moderate humidity, light breeze, no music, no machinery",8.97,45.08,1.39,ok
1000_5296_clip013_s000,5296_clip013_s000,5296,2019-08-14,night,winter,train,11.819,resources/site_257_bowra-dry-a/mvp1_all_conditioned_dataset/clips/1000_5296_clip013_s000/audio.wav,"night winter ambient soundscape, Bowra dry woodland, Australia, cold (9C), moderate humidity, light breeze, no music, no machinery",8.97,45.08,1.39,ok
1001_5296_clip014_s000,5296_clip014_s000,5296,2019-08-14,night,winter,train,11.285,resources/site_257_bowra-dry-a/mvp1_all_conditioned_dataset/clips/1001_5296_clip014_s000/audio.wav,"night winter ambient soundscape, Bowra dry woodland, Australia, cold (9C), moderate humidity, light breeze, no music, no machinery",8.97,45.08,1.39,ok
1002_5296_clip022_s000,5296_clip022_s000,5296,2019-08-14,night,winter,train,11.749,resources/site_257_bowra-dry-a/mvp1_all_conditioned_dataset/clips/1002_5296_clip022_s000/audio.wav,"night winter ambient soundscape, Bowra dry woodland, Australia, cold (9C), moderate humidity, light breeze, no music, no machinery",8.97,45.08,1.39,ok
1003_445534_clip002_s000,445534_clip002_s000,445534,2020-08-31,night,winter,train,10.17,resources/site_257_bowra-dry-a/mvp1_all_conditioned_dataset/clips/1003_445534_clip002_s000/audio.wav,"night winter ambient soundscape, Bowra dry woodland, Australia, cold (10C), moderate humidity, moderate wind, no music, no machinery",9.51,55.03,2.71,ok
1004_445534_clip004_s000,445534_clip004_s000,445534,2020-08-31,night,winter,train,10.472,resources/site_257_bowra-dry-a/mvp1_all_conditioned_dataset/clips/1004_445534_clip004_s000/audio.wav,"night winter ambient soundscape, Bowra dry woodland, Australia, cold (10C), moderate humidity, moderate wind, no music, no machinery",9.51,55.03,2.71,ok
1005_445534_clip006_s000,445534_clip006_s000,445534,2020-08-31,night,winter,train,10.24,resources/site_257_bowra-dry-a/mvp1_all_conditioned_dataset/clips/1005_445534_clip006_s000/audio.wav,"night winter ambient soundscape, Bowra dry woodland, Australia, cold (10C), moderate humidity, moderate wind, no music, no machinery",9.51,55.03,2.71,ok
1006_445534_clip010_s000,445534_clip010_s000,445534,2020-08-31,night,winter,train,10.797,resources/site_257_bowra-dry-a/mvp1_all_conditioned_dataset/clips/1006_445534_clip010_s000/audio.wav,"night winter ambient soundscape, Bowra dry woodland, Australia, cold (10C), moderate humidity, moderate wind, no music, no machinery",9.51,55.03,2.71,ok
1007_445534_clip011_s000,445534_clip011_s000,445534,2020-08-31,night,winter,train,10.82,resources/site_257_bowra-dry-a/mvp1_all_conditioned_dataset/clips/1007_445534_clip011_s000/audio.wav,"night winter ambient soundscape, Bowra dry woodland, Australia, cold (10C), moderate humidity, moderate wind, no music, no machinery",9.51,55.03,2.71,ok
1008_445534_clip011_s001,445534_clip011_s001,445534,2020-08-31,night,winter,train,10.96,resources/site_257_bowra-dry-a/mvp1_all_conditioned_dataset/clips/1008_445534_clip011_s001/audio.wav,"night winter ambient soundscape, Bowra dry woodland, Australia, cold (10C), moderate humidity, moderate wind, no music, no machinery",9.51,55.03,2.71,ok
1009_445534_clip015_s000,445534_clip015_s000,445534,2020-08-31,night,winter,train,11.146,resources/site_257_bowra-dry-a/mvp1_all_conditioned_dataset/clips/1009_445534_clip015_s000/audio.wav,"night winter ambient soundscape, Bowra dry woodland, Australia, cold (10C), moderate humidity, moderate wind, no music, no machinery",9.51,55.03,2.71,ok
1010_445534_clip015_s001,445534_clip015_s001,445534,2020-08-31,night,winter,train,12.725,resources/site_257_bowra-dry-a/mvp1_all_conditioned_dataset/clips/1010_445534_clip015_s001/audio.wav,"night winter ambient soundscape, Bowra dry woodland, Australia, cold (10C), moderate humidity, moderate wind, no music, no machinery",9.51,55.03,2.71,ok
1011_445534_clip020_s000,445534_clip020_s000,445534,2020-08-31,night,winter,train,12.655,resources/site_257_bowra-dry-a/mvp1_all_conditioned_dataset/clips/1011_445534_clip020_s000/audio.wav,"night winter ambient soundscape, Bowra dry woodland, Australia, cold (10C), moderate humidity, moderate wind, no music, no machinery",9.51,55.03,2.71,ok
1012_445534_clip022_s000,445534_clip022_s000,445534,2020-08-31,night,winter,train,12.376,resources/site_257_bowra-dry-a/mvp1_all_conditioned_dataset/clips/1012_445534_clip022_s000/audio.wav,"night winter ambient soundscape, Bowra dry woodland, Australia, cold (10C), moderate humidity, moderate wind, no music, no machinery",9.51,55.03,2.71,ok
1013_445534_clip023_s000,445534_clip023_s000,445534,2020-08-31,night,winter,train,11.308,resources/site_257_bowra-dry-a/mvp1_all_conditioned_dataset/clips/1013_445534_clip023_s000/audio.wav,"night winter ambient soundscape, Bowra dry woodland, Australia, cold (10C), moderate humidity, moderate wind, no music, no machinery",9.51,55.03,2.71,ok
1014_445534_clip024_s000,445534_clip024_s000,445534,2020-08-31,night,winter,train,11.54,resources/site_257_bowra-dry-a/mvp1_all_conditioned_dataset/clips/1014_445534_clip024_s000/audio.wav,"night winter ambient soundscape, Bowra dry woodland, Australia, cold (10C), moderate humidity, moderate wind, no music, no machinery",9.51,55.03,2.71,ok
1015_1313809_clip017_s000,1313809_clip017_s000,1313809,2023-06-13,night,winter,train,11.238,resources/site_257_bowra-dry-a/mvp1_all_conditioned_dataset/clips/1015_1313809_clip017_s000/audio.wav,"night winter ambient soundscape, Bowra dry woodland, Australia, cold (11C), moderate humidity, moderate wind, no music, no machinery",10.56,57.31,2.09,ok
1016_1313809_clip021_s000,1313809_clip021_s000,1313809,2023-06-13,night,winter,train,11.958,resources/site_257_bowra-dry-a/mvp1_all_conditioned_dataset/clips/1016_1313809_clip021_s000/audio.wav,"night winter ambient soundscape, Bowra dry woodland, Australia, cold (11C), moderate humidity, moderate wind, no music, no machinery",10.56,57.31,2.09,ok
1017_1313809_clip022_s000,1313809_clip022_s000,1313809,2023-06-13,night,winter,train,10.658,resources/site_257_bowra-dry-a/mvp1_all_conditioned_dataset/clips/1017_1313809_clip022_s000/audio.wav,"night winter ambient soundscape, Bowra dry woodland, Australia, cold (11C), moderate humidity, moderate wind, no music, no machinery",10.56,57.31,2.09,ok
1018_1313809_clip022_s001,1313809_clip022_s001,1313809,2023-06-13,night,winter,train,13.56,resources/site_257_bowra-dry-a/mvp1_all_conditioned_dataset/clips/1018_1313809_clip022_s001/audio.wav,"night winter ambient soundscape, Bowra dry woodland, Australia, cold (11C), moderate humidity, moderate wind, no music, no machinery",10.56,57.31,2.09,ok
1019_1313809_clip022_s002,1313809_clip022_s002,1313809,2023-06-13,night,winter,train,16.393,resources/site_257_bowra-dry-a/mvp1_all_conditioned_dataset/clips/1019_1313809_clip022_s002/audio.wav,"night winter ambient soundscape, Bowra dry woodland, Australia, cold (11C), moderate humidity, moderate wind, no music, no machinery",10.56,57.31,2.09,ok
1020_1313833_clip003_s000,1313833_clip003_s000,1313833,2023-06-15,night,winter,train,10.031,resources/site_257_bowra-dry-a/mvp1_all_conditioned_dataset/clips/1020_1313833_clip003_s000/audio.wav,"night winter ambient soundscape, Bowra dry woodland, Australia, cold (9C), moderate humidity, light breeze, no music, no machinery",9.25,59.9,1.21,ok
1021_1313833_clip009_s000,1313833_clip009_s000,1313833,2023-06-15,night,winter,train,10.147,resources/site_257_bowra-dry-a/mvp1_all_conditioned_dataset/clips/1021_1313833_clip009_s000/audio.wav,"night winter ambient soundscape, Bowra dry woodland, Australia, cold (9C), moderate humidity, light breeze, no music, no machinery",9.25,59.9,1.21,ok
1022_1313833_clip014_s000,1313833_clip014_s000,1313833,2023-06-15,night,winter,train,11.61,resources/site_257_bowra-dry-a/mvp1_all_conditioned_dataset/clips/1022_1313833_clip014_s000/audio.wav,"night winter ambient soundscape, Bowra dry woodland, Australia, cold (9C), moderate humidity, light breeze, no music, no machinery",9.25,59.9,1.21,ok
1023_1313833_clip017_s000,1313833_clip017_s000,1313833,2023-06-15,night,winter,train,12.492,resources/site_257_bowra-dry-a/mvp1_all_conditioned_dataset/clips/1023_1313833_clip017_s000/audio.wav,"night winter ambient soundscape, Bowra dry woodland, Australia, cold (9C), moderate humidity, light breeze, no music, no machinery",9.25,59.9,1.21,ok
1024_1313833_clip018_s000,1313833_clip018_s000,1313833,2023-06-15,night,winter,train,13.862,resources/site_257_bowra-dry-a/mvp1_all_conditioned_dataset/clips/1024_1313833_clip018_s000/audio.wav,"night winter ambient soundscape, Bowra dry woodland, Australia, cold (9C), moderate humidity, light breeze, no music, no machinery",9.25,59.9,1.21,ok
1025_1313833_clip019_s000,1313833_clip019_s000,1313833,2023-06-15,night,winter,val,11.053,resources/site_257_bowra-dry-a/mvp1_all_conditioned_dataset/clips/1025_1313833_clip019_s000/audio.wav,"night winter ambient soundscape, Bowra dry woodland, Australia, cold (9C), moderate humidity, light breeze, no music, no machinery",9.25,59.9,1.21,ok
1026_1313833_clip022_s000,1313833_clip022_s000,1313833,2023-06-15,night,winter,train,12.585,resources/site_257_bowra-dry-a/mvp1_all_conditioned_dataset/clips/1026_1313833_clip022_s000/audio.wav,"night winter ambient soundscape, Bowra dry woodland, Australia, cold (9C), moderate humidity, light breeze, no music, no machinery",9.25,59.9,1.21,ok
1027_1536811_clip002_s000,1536811_clip002_s000,1536811,2024-06-12,night,winter,train,10.403,resources/site_257_bowra-dry-a/mvp1_all_conditioned_dataset/clips/1027_1536811_clip002_s000/audio.wav,"night winter ambient soundscape, Bowra dry woodland, Australia, cold (9C), humid air, moderate wind, no music, no machinery",9.03,78.89,2.44,ok
1028_1536811_clip002_s001,1536811_clip002_s001,1536811,2024-06-12,night,winter,train,11.285,resources/site_257_bowra-dry-a/mvp1_all_conditioned_dataset/clips/1028_1536811_clip002_s001/audio.wav,"night winter ambient soundscape, Bowra dry woodland, Australia, cold (9C), humid air, moderate wind, no music, no machinery",9.03,78.89,2.44,ok
1029_1536811_clip004_s000,1536811_clip004_s000,1536811,2024-06-12,night,winter,val,12.632,resources/site_257_bowra-dry-a/mvp1_all_conditioned_dataset/clips/1029_1536811_clip004_s000/audio.wav,"night winter ambient soundscape, Bowra dry woodland, Australia, cold (9C), humid air, moderate wind, no music, no machinery",9.03,78.89,2.44,ok
1030_1536811_clip006_s000,1536811_clip006_s000,1536811,2024-06-12,night,winter,train,13.607,resources/site_257_bowra-dry-a/mvp1_all_conditioned_dataset/clips/1030_1536811_clip006_s000/audio.wav,"night winter ambient soundscape, Bowra dry woodland, Australia, cold (9C), humid air, moderate wind, no music, no machinery",9.03,78.89,2.44,ok
1031_1536811_clip013_s000,1536811_clip013_s000,1536811,2024-06-12,night,winter,train,11.169,resources/site_257_bowra-dry-a/mvp1_all_conditioned_dataset/clips/1031_1536811_clip013_s000/audio.wav,"night winter ambient soundscape, Bowra dry woodland, Australia, cold (9C), humid air, moderate wind, no music, no machinery",9.03,78.89,2.44,ok
1032_1534143_clip001_s000,1534143_clip001_s000,1534143,2024-06-29,night,winter,train,10.379,resources/site_257_bowra-dry-a/mvp1_all_conditioned_dataset/clips/1032_1534143_clip001_s000/audio.wav,"night winter ambient soundscape, Bowra dry woodland, Australia, mild (17C), moderate humidity, moderate wind, no music, no machinery",17.37,67.74,3.8,ok
1033_1534143_clip002_s000,1534143_clip002_s000,1534143,2024-06-29,night,winter,train,10.147,resources/site_257_bowra-dry-a/mvp1_all_conditioned_dataset/clips/1033_1534143_clip002_s000/audio.wav,"night winter ambient soundscape, Bowra dry woodland, Australia, mild (17C), moderate humidity, moderate wind, no music, no machinery",17.37,67.74,3.8,ok
1034_1534143_clip002_s001,1534143_clip002_s001,1534143,2024-06-29,night,winter,val,10.17,resources/site_257_bowra-dry-a/mvp1_all_conditioned_dataset/clips/1034_1534143_clip002_s001/audio.wav,"night winter ambient soundscape, Bowra dry woodland, Australia, mild (17C), moderate humidity, moderate wind, no music, no machinery",17.37,67.74,3.8,ok
1035_1534143_clip002_s002,1534143_clip002_s002,1534143,2024-06-29,night,winter,train,13.7,resources/site_257_bowra-dry-a/mvp1_all_conditioned_dataset/clips/1035_1534143_clip002_s002/audio.wav,"night winter ambient soundscape, Bowra dry woodland, Australia, mild (17C), moderate humidity, moderate wind, no music, no machinery",17.37,67.74,3.8,ok
1036_1534143_clip004_s000,1534143_clip004_s000,1534143,2024-06-29,night,winter,train,15.557,resources/site_257_bowra-dry-a/mvp1_all_conditioned_dataset/clips/1036_1534143_clip004_s000/audio.wav,"night winter ambient soundscape, Bowra dry woodland, Australia, mild (17C), moderate humidity, moderate wind, no music, no machinery",17.37,67.74,3.8,ok
1037_1534143_clip008_s000,1534143_clip008_s000,1534143,2024-06-29,night,winter,train,11.61,resources/site_257_bowra-dry-a/mvp1_all_conditioned_dataset/clips/1037_1534143_clip008_s000/audio.wav,"night winter ambient soundscape, Bowra dry woodland, Australia, mild (17C), moderate humidity, moderate wind, no music, no machinery",17.37,67.74,3.8,ok
1038_1534143_clip009_s000,1534143_clip009_s000,1534143,2024-06-29,night,winter,train,12.121,resources/site_257_bowra-dry-a/mvp1_all_conditioned_dataset/clips/1038_1534143_clip009_s000/audio.wav,"night winter ambient soundscape, Bowra dry woodland, Australia, mild (17C), moderate humidity, moderate wind, no music, no machinery",17.37,67.74,3.8,ok
1039_1534143_clip009_s001,1534143_clip009_s001,1534143,2024-06-29,night,winter,train,10.728,resources/site_257_bowra-dry-a/mvp1_all_conditioned_dataset/clips/1039_1534143_clip009_s001/audio.wav,"night winter ambient soundscape, Bowra dry woodland, Australia, mild (17C), moderate humidity, moderate wind, no music, no machinery",17.37,67.74,3.8,ok
1040_1534143_clip011_s000,1534143_clip011_s000,1534143,2024-06-29,night,winter,train,12.608,resources/site_257_bowra-dry-a/mvp1_all_conditioned_dataset/clips/1040_1534143_clip011_s000/audio.wav,"night winter ambient soundscape, Bowra dry woodland, Australia, mild (17C), moderate humidity, moderate wind, no music, no machinery",17.37,67.74,3.8,ok
1041_1534143_clip011_s001,1534143_clip011_s001,1534143,2024-06-29,night,winter,train,12.794,resources/site_257_bowra-dry-a/mvp1_all_conditioned_dataset/clips/1041_1534143_clip011_s001/audio.wav,"night winter ambient soundscape, Bowra dry woodland, Australia, mild (17C), moderate humidity, moderate wind, no music, no machinery",17.37,67.74,3.8,ok
1042_1534143_clip016_s000,1534143_clip016_s000,1534143,2024-06-29,night,winter,train,11.819,resources/site_257_bowra-dry-a/mvp1_all_conditioned_dataset/clips/1042_1534143_clip016_s000/audio.wav,"night winter ambient soundscape, Bowra dry woodland, Australia, mild (17C), moderate humidity, moderate wind, no music, no machinery",17.37,67.74,3.8,ok
1043_1534143_clip016_s001,1534143_clip016_s001,1534143,2024-06-29,night,winter,train,10.774,resources/site_257_bowra-dry-a/mvp1_all_conditioned_dataset/clips/1043_1534143_clip016_s001/audio.wav,"night winter ambient soundscape, Bowra dry woodland, Australia, mild (17C), moderate humidity, moderate wind, no music, no machinery",17.37,67.74,3.8,ok
1044_1534143_clip020_s000,1534143_clip020_s000,1534143,2024-06-29,night,winter,train,12.655,resources/site_257_bowra-dry-a/mvp1_all_conditioned_dataset/clips/1044_1534143_clip020_s000/audio.wav,"night winter ambient soundscape, Bowra dry woodland, Australia, mild (17C), moderate humidity, moderate wind, no music, no machinery",17.37,67.74,3.8,ok
1045_1534143_clip021_s000,1534143_clip021_s000,1534143,2024-06-29,night,winter,train,13.398,resources/site_257_bowra-dry-a/mvp1_all_conditioned_dataset/clips/1045_1534143_clip021_s000/audio.wav,"night winter ambient soundscape, Bowra dry woodland, Australia, mild (17C), moderate humidity, moderate wind, no music, no machinery",17.37,67.74,3.8,ok
1046_1539208_clip004_s000,1539208_clip004_s000,1539208,2024-07-18,night,winter,train,14.652,resources/site_257_bowra-dry-a/mvp1_all_conditioned_dataset/clips/1046_1539208_clip004_s000/audio.wav,"night winter ambient soundscape, Bowra dry woodland, Australia, cold (8C), humid air, light breeze, no music, no machinery",8.32,89.25,1.17,ok
1047_1539208_clip005_s000,1539208_clip005_s000,1539208,2024-07-18,night,winter,train,10.728,resources/site_257_bowra-dry-a/mvp1_all_conditioned_dataset/clips/1047_1539208_clip005_s000/audio.wav,"night winter ambient soundscape, Bowra dry woodland, Australia, cold (8C), humid air, light breeze, no music, no machinery",8.32,89.25,1.17,ok
1048_1539208_clip007_s000,1539208_clip007_s000,1539208,2024-07-18,night,winter,train,11.564,resources/site_257_bowra-dry-a/mvp1_all_conditioned_dataset/clips/1048_1539208_clip007_s000/audio.wav,"night winter ambient soundscape, Bowra dry woodland, Australia, cold (8C), humid air, light breeze, no music, no machinery",8.32,89.25,1.17,ok
1049_1539208_clip010_s000,1539208_clip010_s000,1539208,2024-07-18,night,winter,train,10.751,resources/site_257_bowra-dry-a/mvp1_all_conditioned_dataset/clips/1049_1539208_clip010_s000/audio.wav,"night winter ambient soundscape, Bowra dry woodland, Australia, cold (8C), humid air, light breeze, no music, no machinery",8.32,89.25,1.17,ok
1050_1539208_clip011_s000,1539208_clip011_s000,1539208,2024-07-18,night,winter,train,11.633,resources/site_257_bowra-dry-a/mvp1_all_conditioned_dataset/clips/1050_1539208_clip011_s000/audio.wav,"night winter ambient soundscape, Bowra dry woodland, Australia, cold (8C), humid air, light breeze, no music, no machinery",8.32,89.25,1.17,ok
1051_1535645_clip001_s000,1535645_clip001_s000,1535645,2024-08-07,night,winter,train,10.519,resources/site_257_bowra-dry-a/mvp1_all_conditioned_dataset/clips/1051_1535645_clip001_s000/audio.wav,"night winter ambient soundscape, Bowra dry woodland, Australia, cold (8C), humid air, light breeze, no music, no machinery",7.79,77.78,1.35,ok
1052_1535645_clip002_s000,1535645_clip002_s000,1535645,2024-08-07,night,winter,train,10.565,resources/site_257_bowra-dry-a/mvp1_all_conditioned_dataset/clips/1052_1535645_clip002_s000/audio.wav,"night winter ambient soundscape, Bowra dry woodland, Australia, cold (8C), humid air, light breeze, no music, no machinery",7.79,77.78,1.35,ok
1053_1535645_clip005_s000,1535645_clip005_s000,1535645,2024-08-07,night,winter,train,10.751,resources/site_257_bowra-dry-a/mvp1_all_conditioned_dataset/clips/1053_1535645_clip005_s000/audio.wav,"night winter ambient soundscape, Bowra dry woodland, Australia, cold (8C), humid air, light breeze, no music, no machinery",7.79,77.78,1.35,ok
1054_1535645_clip008_s000,1535645_clip008_s000,1535645,2024-08-07,night,winter,train,13.816,resources/site_257_bowra-dry-a/mvp1_all_conditioned_dataset/clips/1054_1535645_clip008_s000/audio.wav,"night winter ambient soundscape, Bowra dry woodland, Australia, cold (8C), humid air, light breeze, no music, no machinery",7.79,77.78,1.35,ok
1055_1535645_clip012_s000,1535645_clip012_s000,1535645,2024-08-07,night,winter,train,11.053,resources/site_257_bowra-dry-a/mvp1_all_conditioned_dataset/clips/1055_1535645_clip012_s000/audio.wav,"night winter ambient soundscape, Bowra dry woodland, Australia, cold (8C), humid air, light breeze, no music, no machinery",7.79,77.78,1.35,ok
1056_1535645_clip015_s000,1535645_clip015_s000,1535645,2024-08-07,night,winter,val,18.692,resources/site_257_bowra-dry-a/mvp1_all_conditioned_dataset/clips/1056_1535645_clip015_s000/audio.wav,"night winter ambient soundscape, Bowra dry woodland, Australia, cold (8C), humid air, light breeze, no music, no machinery",7.79,77.78,1.35,ok
1057_1535645_clip017_s000,1535645_clip017_s000,1535645,2024-08-07,night,winter,train,10.704,resources/site_257_bowra-dry-a/mvp1_all_conditioned_dataset/clips/1057_1535645_clip017_s000/audio.wav,"night winter ambient soundscape, Bowra dry woodland, Australia, cold (8C), humid air, light breeze, no music, no machinery",7.79,77.78,1.35,ok
1058_1535645_clip022_s000,1535645_clip022_s000,1535645,2024-08-07,night,winter,val,10.379,resources/site_257_bowra-dry-a/mvp1_all_conditioned_dataset/clips/1058_1535645_clip022_s000/audio.wav,"night winter ambient soundscape, Bowra dry woodland, Australia, cold (8C), humid air, light breeze, no music, no machinery",7.79,77.78,1.35,ok
1059_1539719_clip004_s000,1539719_clip004_s000,1539719,2024-08-17,night,winter,train,12.005,resources/site_257_bowra-dry-a/mvp1_all_conditioned_dataset/clips/1059_1539719_clip004_s000/audio.wav,"night winter ambient soundscape, Bowra dry woodland, Australia, cold (11C), moderate humidity, moderate wind, no music, no machinery",10.55,65.26,2.3,ok
1060_1539719_clip007_s000,1539719_clip007_s000,1539719,2024-08-17,night,winter,train,10.426,resources/site_257_bowra-dry-a/mvp1_all_conditioned_dataset/clips/1060_1539719_clip007_s000/audio.wav,"night winter ambient soundscape, Bowra dry woodland, Australia, cold (11C), moderate humidity, moderate wind, no music, no machinery",10.55,65.26,2.3,ok
1061_1539719_clip008_s000,1539719_clip008_s000,1539719,2024-08-17,night,winter,train,11.819,resources/site_257_bowra-dry-a/mvp1_all_conditioned_dataset/clips/1061_1539719_clip008_s000/audio.wav,"night winter ambient soundscape, Bowra dry woodland, Australia, cold (11C), moderate humidity, moderate wind, no music, no machinery",10.55,65.26,2.3,ok
1062_1539719_clip009_s000,1539719_clip009_s000,1539719,2024-08-17,night,winter,train,11.54,resources/site_257_bowra-dry-a/mvp1_all_conditioned_dataset/clips/1062_1539719_clip009_s000/audio.wav,"night winter ambient soundscape, Bowra dry woodland, Australia, cold (11C), moderate humidity, moderate wind, no music, no machinery",10.55,65.26,2.3,ok
1063_1539719_clip014_s000,1539719_clip014_s000,1539719,2024-08-17,night,winter,train,12.028,resources/site_257_bowra-dry-a/mvp1_all_conditioned_dataset/clips/1063_1539719_clip014_s000/audio.wav,"night winter ambient soundscape, Bowra dry woodland, Australia, cold (11C), moderate humidity, moderate wind, no music, no machinery",10.55,65.26,2.3,ok
1064_1680712_clip003_s000,1680712_clip003_s000,1680712,2025-06-08,night,winter,train,11.285,resources/site_257_bowra-dry-a/mvp1_all_conditioned_dataset/clips/1064_1680712_clip003_s000/audio.wav,"night winter ambient soundscape, Bowra dry woodland, Australia, cold (9C), humid air, moderate wind, no music, no machinery",9.47,70.68,3.02,ok
1065_1680712_clip005_s000,1680712_clip005_s000,1680712,2025-06-08,night,winter,train,11.842,resources/site_257_bowra-dry-a/mvp1_all_conditioned_dataset/clips/1065_1680712_clip005_s000/audio.wav,"night winter ambient soundscape, Bowra dry woodland, Australia, cold (9C), humid air, moderate wind, no music, no machinery",9.47,70.68,3.02,ok
1066_1680712_clip007_s000,1680712_clip007_s000,1680712,2025-06-08,night,winter,train,13.073,resources/site_257_bowra-dry-a/mvp1_all_conditioned_dataset/clips/1066_1680712_clip007_s000/audio.wav,"night winter ambient soundscape, Bowra dry woodland, Australia, cold (9C), humid air, moderate wind, no music, no machinery",9.47,70.68,3.02,ok
1067_1680712_clip008_s000,1680712_clip008_s000,1680712,2025-06-08,night,winter,train,11.053,resources/site_257_bowra-dry-a/mvp1_all_conditioned_dataset/clips/1067_1680712_clip008_s000/audio.wav,"night winter ambient soundscape, Bowra dry woodland, Australia, cold (9C), humid air, moderate wind, no music, no machinery",9.47,70.68,3.02,ok
1068_1672840_clip004_s000,1672840_clip004_s000,1672840,2025-06-20,night,winter,val,12.794,resources/site_257_bowra-dry-a/mvp1_all_conditioned_dataset/clips/1068_1672840_clip004_s000/audio.wav,"night winter ambient soundscape, Bowra dry woodland, Australia, cold (8C), humid air, light breeze, no music, no machinery",7.66,75.95,1.81,ok
1069_1672840_clip004_s001,1672840_clip004_s001,1672840,2025-06-20,night,winter,val,10.194,resources/site_257_bowra-dry-a/mvp1_all_conditioned_dataset/clips/1069_1672840_clip004_s001/audio.wav,"night winter ambient soundscape, Bowra dry woodland, Australia, cold (8C), humid air, light breeze, no music, no machinery",7.66,75.95,1.81,ok
1070_1672840_clip005_s000,1672840_clip005_s000,1672840,2025-06-20,night,winter,train,13.398,resources/site_257_bowra-dry-a/mvp1_all_conditioned_dataset/clips/1070_1672840_clip005_s000/audio.wav,"night winter ambient soundscape, Bowra dry woodland, Australia, cold (8C), humid air, light breeze, no music, no machinery",7.66,75.95,1.81,ok
1071_1672840_clip005_s001,1672840_clip005_s001,1672840,2025-06-20,night,winter,train,12.678,resources/site_257_bowra-dry-a/mvp1_all_conditioned_dataset/clips/1071_1672840_clip005_s001/audio.wav,"night winter ambient soundscape, Bowra dry woodland, Australia, cold (8C), humid air, light breeze, no music, no machinery",7.66,75.95,1.81,ok
1072_1672840_clip008_s000,1672840_clip008_s000,1672840,2025-06-20,night,winter,train,12.585,resources/site_257_bowra-dry-a/mvp1_all_conditioned_dataset/clips/1072_1672840_clip008_s000/audio.wav,"night winter ambient soundscape, Bowra dry woodland, Australia, cold (8C), humid air, light breeze, no music, no machinery",7.66,75.95,1.81,ok
1073_1672840_clip008_s001,1672840_clip008_s001,1672840,2025-06-20,night,winter,train,11.424,resources/site_257_bowra-dry-a/mvp1_all_conditioned_dataset/clips/1073_1672840_clip008_s001/audio.wav,"night winter ambient soundscape, Bowra dry woodland, Australia, cold (8C), humid air, light breeze, no music, no machinery",7.66,75.95,1.81,ok
1074_1672840_clip008_s002,1672840_clip008_s002,1672840,2025-06-20,night,winter,train,12.98,resources/site_257_bowra-dry-a/mvp1_all_conditioned_dataset/clips/1074_1672840_clip008_s002/audio.wav,"night winter ambient soundscape, Bowra dry woodland, Australia, cold (8C), humid air, light breeze, no music, no machinery",7.66,75.95,1.81,ok
1075_1672840_clip008_s003,1672840_clip008_s003,1672840,2025-06-20,night,winter,train,13.444,resources/site_257_bowra-dry-a/mvp1_all_conditioned_dataset/clips/1075_1672840_clip008_s003/audio.wav,"night winter ambient soundscape, Bowra dry woodland, Australia, cold (8C), humid air, light breeze, no music, no machinery",7.66,75.95,1.81,ok
1076_1672840_clip009_s000,1672840_clip009_s000,1672840,2025-06-20,night,winter,train,10.704,resources/site_257_bowra-dry-a/mvp1_all_conditioned_dataset/clips/1076_1672840_clip009_s000/audio.wav,"night winter ambient soundscape, Bowra dry woodland, Australia, cold (8C), humid air, light breeze, no music, no machinery",7.66,75.95,1.81,ok
1077_1672840_clip010_s000,1672840_clip010_s000,1672840,2025-06-20,night,winter,val,10.797,resources/site_257_bowra-dry-a/mvp1_all_conditioned_dataset/clips/1077_1672840_clip010_s000/audio.wav,"night winter ambient soundscape, Bowra dry woodland, Australia, cold (8C), humid air, light breeze, no music, no machinery",7.66,75.95,1.81,ok
1078_1672840_clip016_s000,1672840_clip016_s000,1672840,2025-06-20,night,winter,train,11.958,resources/site_257_bowra-dry-a/mvp1_all_conditioned_dataset/clips/1078_1672840_clip016_s000/audio.wav,"night winter ambient soundscape, Bowra dry woodland, Australia, cold (8C), humid air, light breeze, no music, no machinery",7.66,75.95,1.81,ok
